[Licensing::Module] Trying to connect to existing licensing client channel...
Built from '6000.5/staging' branch; Version is '6000.5.7f1 (017862109af0) revision 96354'; Using compiler version '194234433'; Build Type 'Release'
OS: 'Windows 11  (10.0.26200) Professional' Language: 'en' Physical Memory: 32368 MB
[Licensing::IpcConnector] Successfully connected to: "LicenseClient-engmh" at "2026-08-15T15:58:42.3889608Z"
BatchMode: 1, IsHumanControllingUs: 0, StartBugReporterOnCrash: 0, Is64bit: 1
System  architecture: x64
Process architecture: x64
Date: 2026-08-15T15:58:42Z

COMMAND LINE ARGUMENTS:
D:\Program Files\Editor\6000.5.7f1\Editor\Unity.exe
-batchmode
-projectPath
D:\game\game-client
-buildWindows64Player
D:\temp\quizbattle-build-test\QuizBattle.exe
-quit
-logFile
D:\game\unity-windows-build.log
Successfully changed project path to: D:\game\game-client
D:/game/game-client
[UnityMemory] Configuration Parameters - Can be set up in boot.config
    "memorysetup-temp-allocator-size-gi-baking-worker=262144"
    "memorysetup-temp-allocator-size-gi-baking-worker=262144"
    "memorysetup-temp-allocator-size-gi-baking-worker=262144"
    "memorysetup-temp-allocator-size-gi-baking-worker=262144"
    "memorysetup-temp-allocator-size-gi-baking-worker=262144"
    "memorysetup-temp-allocator-size-nav-mesh-worker=65536"
    "memorysetup-temp-allocator-size-audio-worker=65536"
    "memorysetup-temp-allocator-size-cloud-worker=32768"
    "memorysetup-temp-allocator-size-gfx=262144"
    "memorysetup-temp-allocator-size-preload-manager=33554432"
    "memorysetup-allocator-temp-initial-block-size-main=262144"
    "memorysetup-allocator-temp-initial-block-size-worker=262144"
    "memorysetup-temp-allocator-size-job-worker=262144"
    "memorysetup-temp-allocator-size-background-worker=32768"
    "memorysetup-bucket-allocator-granularity=16"
    "memorysetup-bucket-allocator-bucket-count=8"
    "memorysetup-bucket-allocator-block-size=33554432"
    "memorysetup-bucket-allocator-block-count=8"
    "memorysetup-main-allocator-block-size=16777216"
    "memorysetup-thread-allocator-block-size=16777216"
    "memorysetup-main-allocator-mimalloc-enabled=0"
    "memorysetup-gfx-main-allocator-block-size=16777216"
    "memorysetup-gfx-thread-allocator-block-size=16777216"
    "memorysetup-cache-allocator-block-size=4194304"
    "memorysetup-typetree-allocator-block-size=2097152"
    "memorysetup-profiler-bucket-allocator-granularity=16"
    "memorysetup-profiler-bucket-allocator-bucket-count=8"
    "memorysetup-profiler-bucket-allocator-block-size=33554432"
    "memorysetup-profiler-bucket-allocator-block-count=8"
    "memorysetup-profiler-allocator-block-size=16777216"
    "memorysetup-profiler-editor-allocator-block-size=1048576"
    "memorysetup-temp-allocator-size-main=16777216"
    "memorysetup-job-temp-allocator-block-size=2097152"
    "memorysetup-job-temp-allocator-block-size-background=1048576"
    "memorysetup-job-temp-allocator-reduction-small-platforms=262144"
Logging is directed to a specific file, skipping project log.Player connection [26416]  Target information:

Player connection [26416]  * "[IP] 10.0.0.111 [Port] 55504 [Flags] 2 [Guid] 1147136169 [EditorId] 1147136169 [Version] 1048832 [Id] WindowsEditor(7,DESKTOP-VJHN5MG) [Debug] 1 [PackageName] WindowsEditor [ProjectName] Editor" 

Player connection [26416] Host joined multi-casting on [225.0.0.222:54997]...
Player connection [26416] Host joined alternative multi-casting on [225.0.0.222:34997]...
Input System module state changed to: Initialized.
[Physics::Module] Initialized fallback backend.
[Physics::Module] Id: 0xdecafbad
[Package Manager] Connected to IPC stream "Upm-19840" after 0.5 seconds.
[Licensing::Module] Licensing is not yet initialized.
[Licensing::Client] Error: HandshakeResponse reported an error:
	ResponseCode: 505
	ResponseStatus: Unsupported protocol version '1.18.1'.
[Licensing::Module] Error: Failed to handshake to channel: "LicenseClient-engmh"
[Licensing::IpcConnector] LicenseClient-engmh channel disconnected successfully.
[Licensing::IpcConnector] Channel LicenseClient-engmh-6000.5.7 doesn't exist
[Licensing::Module] Successfully launched the LicensingClient (PId: 23132)
[Licensing::IpcConnector] Successfully connected to: "LicenseClient-engmh-6000.5.7" at "2026-08-15T15:58:45.185362Z"
[Licensing::Client] Code 10 while verifying Licensing Client signature (process Id: 23132, path: "D:/Program Files/Editor/6000.5.7f1/Editor/Data/Resources/Licensing/Client/Unity.Licensing.Client.exe")
[Licensing::Module] LicensingClient has failed validation; ignoring
[Licensing::Client] Handshaking with LicensingClient:
  Version:                 1.18.1+9fbee8e
  Session Id:              1ed5dd3b0a354fdca8e9cf3146770c40
  Correlation Id:          9ca143cdf1a2fe824aa0ebe365c1575c
  External correlation Id: 4715958108296065564
  Machine Id:              BvCvD9V+nLWzZG/D2RgCqRIYhiE=
[Licensing::Module] Successfully connected to LicensingClient on channel: "LicenseClient-engmh-6000.5.7" (connect: 0.57s, validation: 0.08s, handshake: 0.02s)
[Licensing::IpcConnector] Successfully connected to: "LicenseClient-engmh-6000.5.7-notifications" at "2026-08-15T15:58:45.2872487Z"
[Licensing::Module] Connected to LicensingClient (PId: 23132, launch time: 0.01, total connection time: 0.67s)
[Licensing::Module] Error: Access token is unavailable; failed to update
[Licensing::Client] Successfully resolved entitlement details
[Licensing::Module] License group:
  Id: 3574445819494-UnityPersXXXX
  Product: Unity Personal
  Type: Assigned
  Expiration: Unlimited
[Licensing::Client] Successfully updated license, isAsync: True, time: 0.02
[Licensing::Client] Successfully resolved entitlement details
[Licensing::Module] Licensing Background thread has ended after 2.98s
[Licensing::Module] Licensing is initialized (took 2.18s).
[Licensing::Client] Successfully resolved entitlement details
Library Redirect Path: Library/
[Physics::Module] Selected backend.
[Physics::Module] Name: PhysX
[Physics::Module] Id: 0xf2b8ea05
[Physics::Module] SDK Version: 4.1.2
[Physics::Module] Integration Version: 1.0.0
[Physics::Module] Threading Mode: Multi-Threaded
Active build profile path: `Assets/Settings/Build Profiles/Windows.asset`
Got setting from build profile YAML, name `m_BuildTarget`, value `19`
Got setting from build profile YAML, name `m_Subtarget`, value `2`
Initialize engine version: 6000.5.7f1 (017862109af0)
[Subsystems] Discovering subsystems at path D:/Program Files/Editor/6000.5.7f1/Editor/Data/Resources/UnitySubsystems
[Subsystems] Discovering subsystems at path D:/game/game-client/Assets
GfxDevice: creating device client; kGfxThreadingModeNonThreaded
d3d12: failed to query info queue interface (0x80004002).
Direct3D:
    Version:         Direct3D 12 [level 12.1]
    Renderer:        Intel(R) UHD Graphics (ID=0x9bca)
    Vendor:          Intel
    VRAM:            16184 MB
    App VRAM Budget: 15416 MB
    Driver:          31.0.101.2135
    Unified Memory Architecture
    Cache Coherent UMA
Initialize mono
Mono path[0] = 'D:/Program Files/Editor/6000.5.7f1/Editor/Data/Managed'
Mono path[1] = 'D:/Program Files/Editor/6000.5.7f1/Editor/Data/BCLExtensions/runtime/netstandard2.1'
Mono path[2] = 'D:/Program Files/Editor/6000.5.7f1/Editor/Data/MonoBleedingEdge/lib/mono/unityjit-win32'
Mono config path = 'D:/Program Files/Editor/6000.5.7f1/Editor/Data/MonoBleedingEdge/etc'
Using monoOptions --debugger-agent=transport=dt_socket,embedding=1,server=y,suspend=n,address=127.0.0.1:56840
CodeReloadManager initialized
ImportWorker Server TCP listen port: 0
AcceleratorClientConnectionCallback - disconnected - :0
Begin MonoManager ReloadAssembly
Registering precompiled unity dll's ...
Register platform support module: D:/Program Files/Editor/6000.5.7f1/Editor/Data/PlaybackEngines/WebGLSupport/UnityEditor.WebGL.Extensions.dll
Register platform support module: D:/Program Files/Editor/6000.5.7f1/Editor/Data/PlaybackEngines/WindowsStandaloneSupport/UnityEditor.WindowsStandalone.Extensions.dll
[Licensing::Client] Successfully resolved entitlement details
Register platform support module: D:/Program Files/Editor/6000.5.7f1/Editor/Data/PlaybackEngines/MetroSupport/UnityEditor.UWP.Extensions.dll
[Licensing::Client] Successfully resolved entitlement details
Register platform support module: D:/Program Files/Editor/6000.5.7f1/Editor/Data/PlaybackEngines/AndroidPlayer/UnityEditor.Android.Extensions.dll
Registered in 0.011860 seconds.
Native extension for Android target not found
Native extension for UWP target not found
Native extension for WindowsStandalone target not found
Native extension for WebGL target not found
Package Manager log level set to [2]
ScheduleIndexationOnStartup MainProcess:False IndexOnStartup:True
Mono: successfully reloaded assembly
- Finished resetting the current domain, in  0.782 seconds
Domain Reload Profiling: 1779ms
	BeginReloadAssembly (256ms)
		CreateAndSetChildDomain (5ms)
	RebuildCommonClasses (8ms)
	RebuildNativeTypeToScriptingClass (33ms)
	initialDomainReloadingComplete (107ms)
	LoadAllAssembliesAndSetupDomain (589ms)
		LoadAssemblies (251ms)
		AnalyzeDomain (411ms)
			TypeCache.Refresh (408ms)
				TypeCache.ScanAssembly (382ms)
	FinalizeReload (787ms)
		SetupLoadedEditorAssemblies (0ms)
			InitializePlatformSupportModulesInManaged (102ms)
			BeforeProcessingInitializeOnLoad (174ms)
			ProcessInitializeOnLoadAttributes (152ms)
			ProcessInitializeOnLoadMethodAttributes (190ms)
[Licensing::Client] Successfully resolved entitlement details
Application.AssetDatabase Initial Refresh Start
[Package Manager] Restoring resolved packages state from cache
[Licensing::Client] Successfully resolved entitlement details
[Package Manager] Registered 54 packages:
  Packages from [https://packages.unity.com]:
    com.unity.nuget.newtonsoft-json@3.2.1 (location: D:\game\game-client\Library\PackageCache\com.unity.nuget.newtonsoft-json@74deb55db2a0)
    com.unity.postprocessing@3.5.4 (location: D:\game\game-client\Library\PackageCache\com.unity.postprocessing@141166b789e3)
    com.unity.searcher@4.9.4 (location: D:\game\game-client\Library\PackageCache\com.unity.searcher@d45a78918735)
    com.unity.burst@1.8.30 (location: D:\game\game-client\Library\PackageCache\com.unity.burst@2f3d916873ea)
    com.unity.nuget.mono-cecil@1.11.6 (location: D:\game\game-client\Library\PackageCache\com.unity.nuget.mono-cecil@ecb9724e46ff)
    com.unity.test-framework.performance@3.5.0 (location: D:\game\game-client\Library\PackageCache\com.unity.test-framework.performance@8b56083ec0f0)
  Built-in packages:
    com.unity.multiplayer.center@1.0.1 (location: D:\game\game-client\Library\PackageCache\com.unity.multiplayer.center@b860850997d0)
    com.unity.render-pipelines.universal@17.5.0 (location: D:\game\game-client\Library\PackageCache\com.unity.render-pipelines.universal@73b4c4ff130e)
    com.unity.test-framework@1.7.0 (location: D:\game\game-client\Library\PackageCache\com.unity.test-framework@1405238725ab)
    com.unity.textmeshpro@5.0.0 (location: D:\game\game-client\Library\PackageCache\com.unity.textmeshpro@53f43edfd2e0)
    com.unity.modules.accessibility@1.0.0 (location: D:\game\game-client\Library\PackageCache\com.unity.modules.accessibility)
    com.unity.modules.adaptiveperformance@1.0.0 (location: D:\game\game-client\Library\PackageCache\com.unity.modules.adaptiveperformance)
    com.unity.modules.ai@1.0.0 (location: D:\game\game-client\Library\PackageCache\com.unity.modules.ai)
    com.unity.modules.androidjni@1.0.0 (location: D:\game\game-client\Library\PackageCache\com.unity.modules.androidjni)
    com.unity.modules.animation@1.0.0 (location: D:\game\game-client\Library\PackageCache\com.unity.modules.animation)
    com.unity.modules.assetbundle@1.0.0 (location: D:\game\game-client\Library\PackageCache\com.unity.modules.assetbundle)
    com.unity.modules.audio@1.0.0 (location: D:\game\game-client\Library\PackageCache\com.unity.modules.audio)
    com.unity.modules.cloth@1.0.0 (location: D:\game\game-client\Library\PackageCache\com.unity.modules.cloth)
    com.unity.modules.director@1.0.0 (location: D:\game\game-client\Library\PackageCache\com.unity.modules.director)
    com.unity.modules.imageconversion@1.0.0 (location: D:\game\game-client\Library\PackageCache\com.unity.modules.imageconversion)
    com.unity.modules.imgui@1.0.0 (location: D:\game\game-client\Library\PackageCache\com.unity.modules.imgui)
    com.unity.modules.jsonserialize@1.0.0 (location: D:\game\game-client\Library\PackageCache\com.unity.modules.jsonserialize)
    com.unity.modules.particlesystem@1.0.0 (location: D:\game\game-client\Library\PackageCache\com.unity.modules.particlesystem)
    com.unity.modules.physics@1.0.0 (location: D:\game\game-client\Library\PackageCache\com.unity.modules.physics)
    com.unity.modules.physics2d@1.0.0 (location: D:\game\game-client\Library\PackageCache\com.unity.modules.physics2d)
    com.unity.modules.physicscore2d@1.0.0 (location: D:\game\game-client\Library\PackageCache\com.unity.modules.physicscore2d)
    com.unity.modules.screencapture@1.0.0 (location: D:\game\game-client\Library\PackageCache\com.unity.modules.screencapture)
    com.unity.modules.terrain@1.0.0 (location: D:\game\game-client\Library\PackageCache\com.unity.modules.terrain)
    com.unity.modules.terrainphysics@1.0.0 (location: D:\game\game-client\Library\PackageCache\com.unity.modules.terrainphysics)
    com.unity.modules.tilemap@1.0.0 (location: D:\game\game-client\Library\PackageCache\com.unity.modules.tilemap)
    com.unity.modules.ui@1.0.0 (location: D:\game\game-client\Library\PackageCache\com.unity.modules.ui)
    com.unity.modules.uielements@1.0.0 (location: D:\game\game-client\Library\PackageCache\com.unity.modules.uielements)
    com.unity.modules.umbra@1.0.0 (location: D:\game\game-client\Library\PackageCache\com.unity.modules.umbra)
    com.unity.modules.unityanalytics@1.0.0 (location: D:\game\game-client\Library\PackageCache\com.unity.modules.unityanalytics)
    com.unity.modules.unitywebrequest@1.0.0 (location: D:\game\game-client\Library\PackageCache\com.unity.modules.unitywebrequest)
    com.unity.modules.unitywebrequestassetbundle@1.0.0 (location: D:\game\game-client\Library\PackageCache\com.unity.modules.unitywebrequestassetbundle)
    com.unity.modules.unitywebrequestaudio@1.0.0 (location: D:\game\game-client\Library\PackageCache\com.unity.modules.unitywebrequestaudio)
    com.unity.modules.unitywebrequesttexture@1.0.0 (location: D:\game\game-client\Library\PackageCache\com.unity.modules.unitywebrequesttexture)
    com.unity.modules.unitywebrequestwww@1.0.0 (location: D:\game\game-client\Library\PackageCache\com.unity.modules.unitywebrequestwww)
    com.unity.modules.vectorgraphics@1.0.0 (location: D:\game\game-client\Library\PackageCache\com.unity.modules.vectorgraphics)
    com.unity.modules.vehicles@1.0.0 (location: D:\game\game-client\Library\PackageCache\com.unity.modules.vehicles)
    com.unity.modules.video@1.0.0 (location: D:\game\game-client\Library\PackageCache\com.unity.modules.video)
    com.unity.modules.wind@1.0.0 (location: D:\game\game-client\Library\PackageCache\com.unity.modules.wind)
    com.unity.modules.xr@1.0.0 (location: D:\game\game-client\Library\PackageCache\com.unity.modules.xr)
    com.unity.modules.subsystems@1.0.0 (location: D:\game\game-client\Library\PackageCache\com.unity.modules.subsystems)
    com.unity.modules.hierarchycore@1.0.0 (location: D:\game\game-client\Library\PackageCache\com.unity.modules.hierarchycore)
    com.unity.ugui@2.5.0 (location: D:\game\game-client\Library\PackageCache\com.unity.ugui@67707a67a4ab)
    com.unity.ext.nunit@2.1.0 (location: D:\game\game-client\Library\PackageCache\com.unity.ext.nunit@44f7d31723bd)
    com.unity.render-pipelines.core@17.5.0 (location: D:\game\game-client\Library\PackageCache\com.unity.render-pipelines.core@645717f21c5f)
    com.unity.shadergraph@17.5.0 (location: D:\game\game-client\Library\PackageCache\com.unity.shadergraph@8d7376ec43ee)
    com.unity.render-pipelines.universal-config@17.5.0 (location: D:\game\game-client\Library\PackageCache\com.unity.render-pipelines.universal-config@fdda01c80fe3)
    com.unity.collections@6.5.0 (location: D:\game\game-client\Library\PackageCache\com.unity.collections@ec2c217e4cb2)
    com.unity.mathematics@1.4.0 (location: D:\game\game-client\Library\PackageCache\com.unity.mathematics@981956d94fb6)
  Git packages:
    com.endel.nativewebsocket@https://github.com/endel/NativeWebSocket.git#upm (location: D:\game\game-client\Library\PackageCache\com.endel.nativewebsocket@ea014c9ae534)
[Package Manager] com.unity.textmeshpro is deprecated: This package is no longer supported. TextMeshPro functionalities are now included in the com.unity.ugui package. To continue using them, consider adding it to your project dependencies.
[Subsystems] No new subsystems found in resolved package list.
[Package Manager] Done registering packages in 0.04 seconds
Starting: D:\Program Files\Editor\6000.5.7f1\Editor\Data\Tools\BuildPipeline\bee_backend.exe --ipc --defer-dag-verification --dagfile="Library/Bee/1900b0aE.dag" --continue-on-failure --profile="Library/Bee/backend1.traceevents" ScriptAssemblies
WorkingDir: D:/game/game-client
DisplayProgressbar: Compiling Scripts
Starting: D:\Program Files\Editor\6000.5.7f1\Editor\Data\netcorerun\netcorerun.exe "D:\Program Files\Editor\6000.5.7f1\Editor\Data\Tools\BuildPipeline\ScriptCompilationBuildProgram.exe" "Library/Bee/1900b0aE.dag.json" "Library/Bee/1900b0aE-inputdata.json" "Library\Bee\buildprogram0.traceevents"
WorkingDir: D:/game/game-client
ExitCode: 4 Duration: 0s400ms
[427/720    0s] CopyFiles Library/ScriptAssemblies/UnityEngine.TestRunner.dll
[428/720    0s] CopyFiles Library/ScriptAssemblies/UnityEngine.TestRunner.pdb
[433/720    0s] CopyFiles Library/ScriptAssemblies/UnityEditor.TestRunner.pdb
[435/720    0s] CopyFiles Library/ScriptAssemblies/UnityEditor.TestRunner.dll
[571/720    0s] CopyFiles Library/ScriptAssemblies/Unity.Burst.CodeGen.dll
[572/720    0s] CopyFiles Library/ScriptAssemblies/Unity.Burst.CodeGen.pdb
[573/720    0s] CopyFiles Library/ScriptAssemblies/Unity.Collections.CodeGen.pdb
[574/720    0s] CopyFiles Library/ScriptAssemblies/Unity.Collections.CodeGen.dll
Rebuilding DAG because FileSignature timestamp changed: Library/Bee/1900b0aE-inputdata.json
[575/720    0s] ILPP-Configuration Library/ilpp-configuration.nevergeneratedoutput
*** Tundra requires additional run (0.33 seconds), 9 items updated, 574 evaluated
ExitCode: 0 Duration: 1s346ms
Starting: D:\Program Files\Editor\6000.5.7f1\Editor\Data\Tools\BuildPipeline\bee_backend.exe --ipc --defer-dag-verification --dagfile="Library/Bee/1900b0aE.dag" --continue-on-failure --dagfilejson="Library\Bee\1900b0aE.dag.json" --profile="Library/Bee/backend2.traceevents" ScriptAssemblies
WorkingDir: D:/game/game-client
ExitCode: 0 Duration: 6s552ms
Finished compiling graph: 723 nodes, 12818 flattened edges (10816 ToBuild, 104 ToUse), maximum node priority 752
[421/720    0s] WriteText Library/Bee/artifacts/1900b0aE.dag/QuizBattle.Tests.EditMode.rsp
[573/720    0s] ILPP-Configuration Library/ilpp-configuration.nevergeneratedoutput
[619/720    0s] CopyFiles Library/ScriptAssemblies/Unity.RenderPipelines.Universal.Config.Runtime.dll
[620/720    0s] CopyFiles Library/ScriptAssemblies/Unity.UnifiedRayTracing.Runtime.dll
[621/720    0s] CopyFiles Library/ScriptAssemblies/ithappy.Creative_Characters_FREE.dll
[622/720    0s] CopyFiles Library/ScriptAssemblies/Unity.RenderPipelines.Universal.2D.Runtime.dll
[623/720    0s] CopyFiles Library/ScriptAssemblies/endel.nativewebsocket.dll
[624/720    0s] CopyFiles Library/ScriptAssemblies/Unity.RenderPipelines.Core.Runtime.Shared.dll
[625/720    0s] CopyFiles Library/ScriptAssemblies/Unity.TextMeshPro.dll
[626/720    0s] CopyFiles Library/ScriptAssemblies/Unity.RenderPipelines.Core.ShaderLibrary.dll
[627/720    0s] CopyFiles Library/ScriptAssemblies/Unity.RenderPipelines.GPUDriven.Runtime.dll
[628/720    0s] CopyFiles Library/ScriptAssemblies/Unity.RenderPipelines.Core.Runtime.dll
[629/720    0s] CopyFiles Library/ScriptAssemblies/Unity.Collections.dll
[630/720    0s] CopyFiles Library/ScriptAssemblies/Unity.RenderPipeline.Universal.ShaderLibrary.dll
[631/720    0s] CopyFiles Library/ScriptAssemblies/Unity.RenderPipelines.ShaderGraph.ShaderGraphLibrary.dll
[632/720    0s] CopyFiles Library/ScriptAssemblies/Unity.InternalAPIEngineBridge.004.dll
[633/720    0s] CopyFiles Library/ScriptAssemblies/Unity.RenderPipelines.Universal.Runtime.dll
[634/720    0s] CopyFiles Library/ScriptAssemblies/Unity.RenderPipelines.Universal.Shaders.dll
[635/720    0s] CopyFiles Library/ScriptAssemblies/Unity.Postprocessing.Runtime.dll
[636/720    0s] CopyFiles Library/ScriptAssemblies/UnityEngine.UI.dll
[637/720    0s] CopyFiles Library/ScriptAssemblies/Unity.Multiplayer.Center.Common.dll
[638/720    0s] CopyFiles Library/ScriptAssemblies/Unity.SurfaceCache.Runtime.dll
[639/720    0s] CopyFiles Library/ScriptAssemblies/Unity.Mathematics.dll
[640/720    0s] CopyFiles Library/ScriptAssemblies/Unity.InternalAPIEngineBridge.RenderPipelines.Core.Runtime.Shared.dll
[641/720    0s] CopyFiles Library/ScriptAssemblies/Unity.PathTracing.Runtime.dll
[642/720    0s] CopyFiles Library/ScriptAssemblies/Unity.ShaderGraph.Utilities.pdb
[643/720    0s] CopyFiles Library/ScriptAssemblies/Unity.PerformanceTesting.dll
[644/720    0s] CopyFiles Library/ScriptAssemblies/Unity.Burst.dll
[645/720    0s] CopyFiles Library/ScriptAssemblies/ithappy.Creative_Characters_FREE.Editor.pdb
[646/720    0s] CopyFiles Library/ScriptAssemblies/ithappy.Creative_Characters_FREE.Editor.dll
[647/720    0s] CopyFiles Library/ScriptAssemblies/Unity.ShaderGraph.Utilities.dll
[648/720    0s] CopyFiles Library/ScriptAssemblies/Unity.InternalAPIEditorBridge.ShaderGraph.Editor.pdb
[649/720    0s] CopyFiles Library/ScriptAssemblies/Unity.InternalAPIEditorBridge.ShaderGraph.Editor.dll
[650/720    0s] CopyFiles Library/ScriptAssemblies/Unity.Multiplayer.Center.Editor.dll
[651/720    0s] CopyFiles Library/ScriptAssemblies/Unity.Multiplayer.Center.Editor.pdb
[652/720    0s] CopyFiles Library/ScriptAssemblies/Unity.RenderPipelines.Core.Editor.Shared.pdb
[653/720    0s] CopyFiles Library/ScriptAssemblies/Unity.InternalAPIEngineBridge.RenderPipelines.Core.Editor.dll
[654/720    0s] CopyFiles Library/ScriptAssemblies/Unity.RenderPipelines.Universal.2D.Editor.Overrides.dll
[655/720    0s] CopyFiles Library/ScriptAssemblies/Unity.RenderPipelines.Universal.2D.Editor.Overrides.pdb
[656/720    0s] CopyFiles Library/ScriptAssemblies/Unity.InternalAPIEngineBridge.RenderPipelines.Core.Editor.pdb
[657/720    0s] CopyFiles Library/ScriptAssemblies/Unity.RenderPipelines.Core.Editor.Shared.dll
[658/720    0s] CopyFiles Library/ScriptAssemblies/Unity.ShaderGraph.Editor.dll
[659/720    0s] CopyFiles Library/ScriptAssemblies/Unity.Postprocessing.Editor.dll
[660/720    0s] CopyFiles Library/ScriptAssemblies/Unity.ShaderGraph.Editor.pdb
[661/720    0s] CopyFiles Library/ScriptAssemblies/Unity.Burst.Editor.pdb
[662/720    0s] CopyFiles Library/ScriptAssemblies/Unity.Postprocessing.Editor.pdb
[663/720    0s] CopyFiles Library/ScriptAssemblies/Unity.RenderPipelines.Core.Editor.pdb
[664/720    0s] CopyFiles Library/ScriptAssemblies/Unity.Rendering.LightTransport.Editor.pdb
[665/720    0s] CopyFiles Library/ScriptAssemblies/Unity.Rendering.LightTransport.Editor.dll
[666/720    0s] CopyFiles Library/ScriptAssemblies/Unity.Burst.Editor.dll
[667/720    0s] CopyFiles Library/ScriptAssemblies/UnityEditor.UI.Analytics.dll
[668/720    0s] CopyFiles Library/ScriptAssemblies/Unity.TextMeshPro.Editor.dll
[669/720    0s] CopyFiles Library/ScriptAssemblies/UnityEditor.UI.Analytics.pdb
[670/720    0s] CopyFiles Library/ScriptAssemblies/Unity.Collections.Editor.pdb
[671/720    0s] CopyFiles Library/ScriptAssemblies/Unity.RenderPipelines.Core.Editor.dll
[672/720    0s] CopyFiles Library/ScriptAssemblies/Unity.RenderPipelines.Universal.Config.Runtime.pdb
[673/720    0s] CopyFiles Library/ScriptAssemblies/Unity.Collections.Editor.dll
[674/720    0s] CopyFiles Library/ScriptAssemblies/Unity.TextMeshPro.Editor.pdb
[675/720    0s] CopyFiles Library/ScriptAssemblies/Unity.PathTracing.Editor.pdb
[676/720    0s] CopyFiles Library/ScriptAssemblies/Unity.PathTracing.Editor.dll
[677/720    0s] CopyFiles Library/ScriptAssemblies/Unity.Searcher.Editor.pdb
[678/720    0s] CopyFiles Library/ScriptAssemblies/Unity.PerformanceTesting.Editor.dll
[679/720    0s] CopyFiles Library/ScriptAssemblies/Unity.PathTracing.Runtime.pdb
[680/720    0s] CopyFiles Library/ScriptAssemblies/Unity.Searcher.Editor.dll
[681/720    0s] CopyFiles Library/ScriptAssemblies/UnityEditor.UI.dll
[682/720    0s] CopyFiles Library/ScriptAssemblies/Unity.Multiplayer.Center.Common.pdb
[683/720    0s] CopyFiles Library/ScriptAssemblies/UnityEditor.UI.pdb
[684/720    0s] CopyFiles Library/ScriptAssemblies/Unity.Postprocessing.Runtime.pdb
[685/720    0s] CopyFiles Library/ScriptAssemblies/Unity.RenderPipelines.Universal.Editor.pdb
[686/720    0s] CopyFiles Library/ScriptAssemblies/Unity.RenderPipelines.GPUDriven.Runtime.pdb
[687/720    0s] CopyFiles Library/ScriptAssemblies/Unity.RenderPipelines.Core.Runtime.Shared.pdb
[688/720    0s] CopyFiles Library/ScriptAssemblies/Unity.RenderPipelines.Universal.Editor.dll
[689/720    0s] CopyFiles Library/ScriptAssemblies/Unity.PerformanceTesting.Editor.pdb
[690/720    0s] CopyFiles Library/ScriptAssemblies/Unity.RenderPipelines.ShaderGraph.ShaderGraphLibrary.pdb
[691/720    0s] CopyFiles Library/ScriptAssemblies/Unity.RenderPipelines.Universal.Shaders.pdb
[692/720    0s] CopyFiles Library/ScriptAssemblies/Unity.Mathematics.pdb
[693/720    0s] CopyFiles Library/ScriptAssemblies/Unity.Burst.pdb
[694/720    0s] CopyFiles Library/ScriptAssemblies/Unity.RenderPipelines.Universal.Runtime.pdb
[695/720    0s] CopyFiles Library/ScriptAssemblies/Unity.RenderPipeline.Universal.ShaderLibrary.pdb
[696/720    0s] CopyFiles Library/ScriptAssemblies/Unity.InternalAPIEngineBridge.RenderPipelines.Core.Runtime.Shared.pdb
[697/720    0s] CopyFiles Library/ScriptAssemblies/Unity.InternalAPIEngineBridge.004.pdb
[698/720    0s] CopyFiles Library/ScriptAssemblies/endel.nativewebsocket.pdb
[699/720    0s] CopyFiles Library/ScriptAssemblies/UnityEngine.UI.pdb
[700/720    0s] CopyFiles Library/ScriptAssemblies/Unity.Collections.pdb
[701/720    0s] CopyFiles Library/ScriptAssemblies/Unity.RenderPipelines.Universal.2D.Runtime.pdb
[702/720    0s] CopyFiles Library/ScriptAssemblies/Unity.RenderPipelines.Core.Runtime.pdb
[703/720    0s] CopyFiles Library/ScriptAssemblies/ithappy.Creative_Characters_FREE.pdb
[704/720    0s] CopyFiles Library/ScriptAssemblies/Unity.TextMeshPro.pdb
[705/720    0s] CopyFiles Library/ScriptAssemblies/Unity.PerformanceTesting.pdb
[706/720    0s] CopyFiles Library/ScriptAssemblies/Unity.SurfaceCache.Runtime.pdb
[707/720    0s] CopyFiles Library/ScriptAssemblies/Unity.RenderPipelines.Core.ShaderLibrary.pdb
[708/720    0s] CopyFiles Library/ScriptAssemblies/Unity.UnifiedRayTracing.Runtime.pdb
[709/720    0s] ILPostProcess Library/Bee/artifacts/1900b0aE.dag/post-processed/QuizBattle.Runtime.dll (+pdb)
Processing assembly Library/Bee/artifacts/1900b0aE.dag/QuizBattle.Runtime.dll, with 142 defines and 294 references

processors: Unity.Jobs.CodeGen.JobsILPostProcessor, zzzUnity.Burst.CodeGen.BurstILPostProcessor

running Unity.Jobs.CodeGen.JobsILPostProcessor

running zzzUnity.Burst.CodeGen.BurstILPostProcessor
[710/720    0s] CopyFiles Library/ScriptAssemblies/QuizBattle.Runtime.pdb
[711/720    0s] CopyFiles Library/ScriptAssemblies/QuizBattle.Runtime.dll
[712/720    3s] Csc Library/Bee/artifacts/1900b0aE.dag/QuizBattle.Tests.EditMode.dll (+2 others)
[713/720    0s] ILPostProcess Library/Bee/artifacts/1900b0aE.dag/post-processed/QuizBattle.Tests.EditMode.dll (+pdb)
Processing assembly Library/Bee/artifacts/1900b0aE.dag/QuizBattle.Tests.EditMode.dll, with 140 defines and 296 references

processors: Unity.Jobs.CodeGen.JobsILPostProcessor, zzzUnity.Burst.CodeGen.BurstILPostProcessor

running Unity.Jobs.CodeGen.JobsILPostProcessor

running zzzUnity.Burst.CodeGen.BurstILPostProcessor
[714/720    0s] CopyFiles Library/ScriptAssemblies/QuizBattle.Tests.EditMode.pdb
[715/720    0s] CopyFiles Library/ScriptAssemblies/QuizBattle.Tests.EditMode.dll
[716/720    0s] Csc Library/Bee/artifacts/1900b0aE.dag/Assembly-CSharp-Editor.dll (+2 others)
Assets\Editor\ArenaDemoRunner.cs(111,72): warning CS0618: 'FindObjectsSortMode' is obsolete: 'FindObjectsSortMode has been deprecated. Use the FindObjectsByType overloads that do not take a FindObjectsSortMode parameter.'

Assets\Editor\ArenaDemoRunner.cs(111,31): warning CS0618: 'Object.FindObjectsByType<T>(FindObjectsSortMode)' is obsolete: 'FindObjectsByType with FindObjectsSortMode parameter has been deprecated. Use FindObjectsByType<T>() or FindObjectsByType<T>(FindObjectsInactive) instead. InstanceID will be replaced in the future with EntityId and previous sort order cannot be maintained.'

Assets\Editor\NetworkedMatchDemoRunner.cs(203,84): warning CS0618: 'FindObjectsSortMode' is obsolete: 'FindObjectsSortMode has been deprecated. Use the FindObjectsByType overloads that do not take a FindObjectsSortMode parameter.'

Assets\Editor\NetworkedMatchDemoRunner.cs(203,31): warning CS0618: 'Object.FindObjectsByType<T>(FindObjectsSortMode)' is obsolete: 'FindObjectsByType with FindObjectsSortMode parameter has been deprecated. Use FindObjectsByType<T>() or FindObjectsByType<T>(FindObjectsInactive) instead. InstanceID will be replaced in the future with EntityId and previous sort order cannot be maintained.'
[717/720    0s] ILPostProcess Library/Bee/artifacts/1900b0aE.dag/post-processed/Assembly-CSharp-Editor.dll (+pdb)
Processing assembly Library/Bee/artifacts/1900b0aE.dag/Assembly-CSharp-Editor.dll, with 140 defines and 341 references

processors: Unity.Jobs.CodeGen.JobsILPostProcessor, zzzUnity.Burst.CodeGen.BurstILPostProcessor

running Unity.Jobs.CodeGen.JobsILPostProcessor

running zzzUnity.Burst.CodeGen.BurstILPostProcessor
[718/720    0s] CopyFiles Library/ScriptAssemblies/Assembly-CSharp-Editor.pdb
[719/720    0s] CopyFiles Library/ScriptAssemblies/Assembly-CSharp-Editor.dll
*** Tundra build success (6.51 seconds), 103 items updated, 720 evaluated
Assets\Editor\ArenaDemoRunner.cs(111,72): warning CS0618: 'FindObjectsSortMode' is obsolete: 'FindObjectsSortMode has been deprecated. Use the FindObjectsByType overloads that do not take a FindObjectsSortMode parameter.'
Assets\Editor\ArenaDemoRunner.cs(111,31): warning CS0618: 'Object.FindObjectsByType<T>(FindObjectsSortMode)' is obsolete: 'FindObjectsByType with FindObjectsSortMode parameter has been deprecated. Use FindObjectsByType<T>() or FindObjectsByType<T>(FindObjectsInactive) instead. InstanceID will be replaced in the future with EntityId and previous sort order cannot be maintained.'
Assets\Editor\NetworkedMatchDemoRunner.cs(203,84): warning CS0618: 'FindObjectsSortMode' is obsolete: 'FindObjectsSortMode has been deprecated. Use the FindObjectsByType overloads that do not take a FindObjectsSortMode parameter.'
Assets\Editor\NetworkedMatchDemoRunner.cs(203,31): warning CS0618: 'Object.FindObjectsByType<T>(FindObjectsSortMode)' is obsolete: 'FindObjectsByType with FindObjectsSortMode parameter has been deprecated. Use FindObjectsByType<T>() or FindObjectsByType<T>(FindObjectsInactive) instead. InstanceID will be replaced in the future with EntityId and previous sort order cannot be maintained.'
Total cache size 152885249
Total cache size after purge 152885249, took 00:00:00.1906967
AssetDatabase: script compilation time: 23.642712s
Begin MonoManager ReloadAssembly
Native extension for Android target not found
Native extension for UWP target not found
Native extension for WindowsStandalone target not found
Native extension for WebGL target not found
ScheduleIndexationOnStartup MainProcess:True IndexOnStartup:True
Mono: successfully reloaded assembly
- Finished resetting the current domain, in  4.706 seconds
Domain Reload Profiling: 6893ms
	BeginReloadAssembly (367ms)
		DisableScriptedObjects (54ms)
		CreateAndSetChildDomain (86ms)
	RebuildCommonClasses (13ms)
	RebuildNativeTypeToScriptingClass (24ms)
	initialDomainReloadingComplete (74ms)
	LoadAllAssembliesAndSetupDomain (1708ms)
		LoadAssemblies (1390ms)
		AnalyzeDomain (279ms)
			TypeCache.Refresh (160ms)
				TypeCache.ScanAssembly (135ms)
			BuildScriptInfoCaches (102ms)
			ResolveRequiredComponents (13ms)
	FinalizeReload (4708ms)
		SetupLoadedEditorAssemblies (0ms)
			InitializePlatformSupportModulesInManaged (23ms)
			BeforeProcessingInitializeOnLoad (179ms)
			ProcessInitializeOnLoadAttributes (3339ms)
			ProcessInitializeOnLoadMethodAttributes (706ms)
			AfterProcessingInitializeOnLoad (6ms)
		AwakeInstancesAfterBackupRestoration (56ms)
Importing 'GUID: 1142bbad8b9e8c44c83a9775ff120d37 - Path: Packages/com.unity.render-pipelines.core/Tests/Editor/UnifiedRayTracing/TraceRays.urtshader' with importer (ScriptedImporter : Unity.Rendering.LightTransport.Editor:UnityEditor.Rendering.UnifiedRayTracing:UnifiedRTShaderImporter)
Launched and connected shader compiler UnityShaderCompiler.exe after 0.02 seconds

Compiling Ray Tracing Shader "TraceRays.urtshader", keywords = <no keywords>
    finished in 0.01 seconds. Local cache hits 1, remote cache hits 0, compiled 0 platform variants
Imported 'GUID: 1142bbad8b9e8c44c83a9775ff120d37' -> (Import Result ID: '6d262c1857fe6e3a3c65e156ea6f694c') in 0.112 seconds [static and dynamic dependencies]. Details - ImportResultOutputID=c58909d2322aecc6d3fd27d248db8548 DependenciesID=419b543a158cfbf5923a6dc2d6e6e4c3 StaticDependenciesID=b590610e5fcd8a708a4f2de850e8beb3 
Importing 'GUID: d19f4f8a13b6edb48b986a47ec96402e - Path: Packages/com.unity.render-pipelines.core/Runtime/PathTracing/Shaders/LightmapShadowMaskIntegration.urtshader' with importer (ScriptedImporter : Unity.Rendering.LightTransport.Editor:UnityEditor.Rendering.UnifiedRayTracing:UnifiedRTShaderImporter)

Compiling Ray Tracing Shader "LightmapShadowMaskIntegration.urtshader", keywords = <no keywords>
    finished in 0.00 seconds. Local cache hits 1, remote cache hits 0, compiled 0 platform variants
Imported 'GUID: d19f4f8a13b6edb48b986a47ec96402e' -> (Import Result ID: 'e18fd17c363e2f13e2bde028dd17c5dd') in 0.062 seconds [static and dynamic dependencies]. Details - ImportResultOutputID=91839dffe84122f474848dca634c7389 DependenciesID=54a0ed4107aacc51d54ca8f52eb0073e StaticDependenciesID=49e323bdcc1546638b13bdfb4cfc68f8 
Importing 'GUID: 737a1597422c12547a8714d76a9406ec - Path: Packages/com.unity.render-pipelines.core/Runtime/PathTracing/Shaders/LightmapGBufferDebug.urtshader' with importer (ScriptedImporter : Unity.Rendering.LightTransport.Editor:UnityEditor.Rendering.UnifiedRayTracing:UnifiedRTShaderImporter)

Compiling Ray Tracing Shader "LightmapGBufferDebug.urtshader", keywords = <no keywords>
    finished in 0.00 seconds. Local cache hits 1, remote cache hits 0, compiled 0 platform variants
Imported 'GUID: 737a1597422c12547a8714d76a9406ec' -> (Import Result ID: '9bd784625d9fa611da9bf1188457afd3') in 0.035 seconds [static and dynamic dependencies]. Details - ImportResultOutputID=b43c1b97a43ed0b7a8857db2f4b7f6bf DependenciesID=935328b6789b5b08d314166792968ac2 StaticDependenciesID=3f20227e84078b6c645405c46cb8ba27 
Importing 'GUID: f32463968f29423cad25aee15a14b9f1 - Path: Packages/com.unity.render-pipelines.core/Runtime/Lighting/SurfaceCache/PunctualLightSampling.urtshader' with importer (ScriptedImporter : Unity.Rendering.LightTransport.Editor:UnityEditor.Rendering.UnifiedRayTracing:UnifiedRTShaderImporter)

Compiling Ray Tracing Shader "PunctualLightSampling.urtshader", keywords = <no keywords>
    finished in 0.00 seconds. Local cache hits 1, remote cache hits 0, compiled 0 platform variants
Imported 'GUID: f32463968f29423cad25aee15a14b9f1' -> (Import Result ID: '41796599617c1511084fa05932deb201') in 0.037 seconds [static and dynamic dependencies]. Details - ImportResultOutputID=643828bc328644da2c4d91bd3fad835c DependenciesID=24d700263fdc71ac1112b1173c8715dc StaticDependenciesID=4f869afac6e91401aa4f6406345ebaa4 
Importing 'GUID: 1451d029813b192429211be28181beab - Path: Packages/com.unity.render-pipelines.core/Runtime/PathTracing/Shaders/LightmapNormalIntegration.urtshader' with importer (ScriptedImporter : Unity.Rendering.LightTransport.Editor:UnityEditor.Rendering.UnifiedRayTracing:UnifiedRTShaderImporter)

Compiling Ray Tracing Shader "LightmapNormalIntegration.urtshader", keywords = <no keywords>
    finished in 0.00 seconds. Local cache hits 1, remote cache hits 0, compiled 0 platform variants
Imported 'GUID: 1451d029813b192429211be28181beab' -> (Import Result ID: '998c2c48eb02bb9158bd14e74d97fbc7') in 0.034 seconds [static and dynamic dependencies]. Details - ImportResultOutputID=5ec2949dbec75e057090cfee5077c931 DependenciesID=80b45b009494047b0505a8e81c92d4b9 StaticDependenciesID=626f7de18fff1a2955b8662085b4dbf4 
Importing 'GUID: 94a070d33e408384bafc1dea4a565df9 - Path: Packages/com.unity.render-pipelines.core/Editor/Lighting/ProbeVolume/RenderingLayerMask/TraceRenderingLayerMask.urtshader' with importer (ScriptedImporter : Unity.Rendering.LightTransport.Editor:UnityEditor.Rendering.UnifiedRayTracing:UnifiedRTShaderImporter)

Compiling Ray Tracing Shader "TraceRenderingLayerMask.urtshader", keywords = <no keywords>
    finished in 0.00 seconds. Local cache hits 1, remote cache hits 0, compiled 0 platform variants
Imported 'GUID: 94a070d33e408384bafc1dea4a565df9' -> (Import Result ID: '1c2d59af5887c283642048da80f95779') in 0.036 seconds [static and dynamic dependencies]. Details - ImportResultOutputID=6eddd7a0e0244cc86ce371c0eceefbe9 DependenciesID=57e214d73501c1cb577c0f3172e07339 StaticDependenciesID=1fb66491edd8b32229e5d2cbc061e2c6 
Importing 'GUID: 94a39d12848d8d64ca962a72b74e7c50 - Path: Packages/com.unity.render-pipelines.core/Runtime/Lighting/SurfaceCache/Estimation.urtshader' with importer (ScriptedImporter : Unity.Rendering.LightTransport.Editor:UnityEditor.Rendering.UnifiedRayTracing:UnifiedRTShaderImporter)

Compiling Ray Tracing Shader "Estimation.urtshader", keywords = <no keywords>
    finished in 0.00 seconds. Local cache hits 1, remote cache hits 0, compiled 0 platform variants
Imported 'GUID: 94a39d12848d8d64ca962a72b74e7c50' -> (Import Result ID: '06f5e57a2b0e80568966135057d77ef3') in 0.032 seconds [static and dynamic dependencies]. Details - ImportResultOutputID=b8a59235e70973d1d42af4f76d2fbbcf DependenciesID=fb9f47fe1dcfad229859b716150364be StaticDependenciesID=8d6e14e20b029a55e979a2936b1a7ca7 
Importing 'GUID: 6513c3b892e933c4f8d00c19d5c47532 - Path: Packages/com.unity.render-pipelines.core/Tests/Editor/UnifiedRayTracing/TraceTransparentRays.urtshader' with importer (ScriptedImporter : Unity.Rendering.LightTransport.Editor:UnityEditor.Rendering.UnifiedRayTracing:UnifiedRTShaderImporter)

Compiling Ray Tracing Shader "TraceTransparentRays.urtshader", keywords = <no keywords>
    finished in 0.00 seconds. Local cache hits 1, remote cache hits 0, compiled 0 platform variants
Imported 'GUID: 6513c3b892e933c4f8d00c19d5c47532' -> (Import Result ID: 'f695f6c7dcc397cf1025ba082785ea6c') in 0.015 seconds [static and dynamic dependencies]. Details - ImportResultOutputID=5063fcd4913fb6e33e983eac1749e2b7 DependenciesID=d7e8e6627bbc5527f8cbaea9d5b73ba9 StaticDependenciesID=1d53447eb896b42061753339acb6425c 
Importing 'GUID: 7624adbeb148b5c48ab5ab660cc2602a - Path: Packages/com.unity.render-pipelines.core/Runtime/PathTracing/Shaders/LightmapIndirectIntegration.urtshader' with importer (ScriptedImporter : Unity.Rendering.LightTransport.Editor:UnityEditor.Rendering.UnifiedRayTracing:UnifiedRTShaderImporter)

Compiling Ray Tracing Shader "LightmapIndirectIntegration.urtshader", keywords = <no keywords>
    finished in 0.00 seconds. Local cache hits 1, remote cache hits 0, compiled 0 platform variants
Imported 'GUID: 7624adbeb148b5c48ab5ab660cc2602a' -> (Import Result ID: '97631b0c53de51310e91754ecfeb0fe9') in 0.037 seconds [static and dynamic dependencies]. Details - ImportResultOutputID=c6c3285be54a0d8443a40bf62a2d0d1b DependenciesID=0d26f244ff5388d0d993fc9a566dcef8 StaticDependenciesID=dfa7396d5ca1cf2ef064ee30a15c28cb 
Importing 'GUID: e9f4de6d1e07fb94f9a60d35b618f724 - Path: Packages/com.unity.render-pipelines.core/Runtime/PathTracing/Shaders/LightmapGBufferIntegration.urtshader' with importer (ScriptedImporter : Unity.Rendering.LightTransport.Editor:UnityEditor.Rendering.UnifiedRayTracing:UnifiedRTShaderImporter)

Compiling Ray Tracing Shader "LightmapGBufferIntegration.urtshader", keywords = <no keywords>
    finished in 0.00 seconds. Local cache hits 1, remote cache hits 0, compiled 0 platform variants
Imported 'GUID: e9f4de6d1e07fb94f9a60d35b618f724' -> (Import Result ID: 'f1bd25d46e86240eda9a2b29ab69cc92') in 0.024 seconds [static and dynamic dependencies]. Details - ImportResultOutputID=48b210df0b08077cefae766cae973c0d DependenciesID=1a48ae1566eb53f78cf67718c74723f1 StaticDependenciesID=c1c19c6613f9208e5bdf4763e0c6f025 
Importing 'GUID: 5a2a534753fbdb44e96c3c78b5a6999d - Path: Packages/com.unity.render-pipelines.core/Editor/Lighting/ProbeVolume/DynamicGI/DynamicGISkyOcclusion.urtshader' with importer (ScriptedImporter : Unity.Rendering.LightTransport.Editor:UnityEditor.Rendering.UnifiedRayTracing:UnifiedRTShaderImporter)

Compiling Ray Tracing Shader "DynamicGISkyOcclusion.urtshader", keywords = <no keywords>
    finished in 0.00 seconds. Local cache hits 1, remote cache hits 0, compiled 0 platform variants
Imported 'GUID: 5a2a534753fbdb44e96c3c78b5a6999d' -> (Import Result ID: '9e5e8d1d208faf5743200ca1b406fd0d') in 0.062 seconds [static and dynamic dependencies]. Details - ImportResultOutputID=1fb8875f1c0571e2c0780816229285ca DependenciesID=880bf898a43bb46bd18d781550c14274 StaticDependenciesID=9a3cb12acb0dec6d8b8b546f6957ac54 
Importing 'GUID: 5bbebdef5916845478fcef13fa10d89f - Path: Packages/com.unity.render-pipelines.core/Runtime/PathTracing/Shaders/LightmapDirectIntegration.urtshader' with importer (ScriptedImporter : Unity.Rendering.LightTransport.Editor:UnityEditor.Rendering.UnifiedRayTracing:UnifiedRTShaderImporter)

Compiling Ray Tracing Shader "LightmapDirectIntegration.urtshader", keywords = <no keywords>
    finished in 0.00 seconds. Local cache hits 1, remote cache hits 0, compiled 0 platform variants
Imported 'GUID: 5bbebdef5916845478fcef13fa10d89f' -> (Import Result ID: '85a296105a1638239906a3517fbd9839') in 0.046 seconds [static and dynamic dependencies]. Details - ImportResultOutputID=6b6d51fdf9e7e54ea3e63b7c6339465e DependenciesID=73d1587cc7242ca3400cfaf4122ab3f1 StaticDependenciesID=ab8dfb6112dd9c39408de08a801f1c40 
Importing 'GUID: fbc59f55df2416344b008dc23753cae2 - Path: Packages/com.unity.render-pipelines.core/Tests/Editor/UnifiedRayTracing/TraceRaysAndFetchAttributes.urtshader' with importer (ScriptedImporter : Unity.Rendering.LightTransport.Editor:UnityEditor.Rendering.UnifiedRayTracing:UnifiedRTShaderImporter)

Compiling Ray Tracing Shader "TraceRaysAndFetchAttributes.urtshader", keywords = <no keywords>
    finished in 0.00 seconds. Local cache hits 1, remote cache hits 0, compiled 0 platform variants
Imported 'GUID: fbc59f55df2416344b008dc23753cae2' -> (Import Result ID: 'bbe41741af4b53e8df2094cf260fa588') in 0.016 seconds [static and dynamic dependencies]. Details - ImportResultOutputID=2ff13821d4009d8ce6893c976adfd007 DependenciesID=5e87bbcfe35213f76cbc6eb15b3d6822 StaticDependenciesID=bb4038394feca1bf80603c9ecafaf941 
Importing 'GUID: 1c410815c01ce1d4d82c645c0cd45747 - Path: Packages/com.unity.render-pipelines.core/Runtime/PathTracing/Shaders/LightmapAOIntegration.urtshader' with importer (ScriptedImporter : Unity.Rendering.LightTransport.Editor:UnityEditor.Rendering.UnifiedRayTracing:UnifiedRTShaderImporter)

Compiling Ray Tracing Shader "LightmapAOIntegration.urtshader", keywords = <no keywords>
    finished in 0.00 seconds. Local cache hits 1, remote cache hits 0, compiled 0 platform variants
Imported 'GUID: 1c410815c01ce1d4d82c645c0cd45747' -> (Import Result ID: '770ed705919334b412638d29f18cb018') in 0.032 seconds [static and dynamic dependencies]. Details - ImportResultOutputID=0b5ea4792acbd0c37bfd389e8c199852 DependenciesID=66dac1ea4a3f35a8348b4862ca7f6fb7 StaticDependenciesID=2a6f0b41367922b80676f60713a1f940 
Importing 'GUID: 2c32233d92a2d0745930664c087c5c9a - Path: Packages/com.unity.render-pipelines.core/Runtime/PathTracing/Shaders/ProbeIntegrationValidity.urtshader' with importer (ScriptedImporter : Unity.Rendering.LightTransport.Editor:UnityEditor.Rendering.UnifiedRayTracing:UnifiedRTShaderImporter)

Compiling Ray Tracing Shader "ProbeIntegrationValidity.urtshader", keywords = <no keywords>
    finished in 0.00 seconds. Local cache hits 1, remote cache hits 0, compiled 0 platform variants
Imported 'GUID: 2c32233d92a2d0745930664c087c5c9a' -> (Import Result ID: '4002d7f43d973a2586c4bbc613fa7bd6') in 0.041 seconds [static and dynamic dependencies]. Details - ImportResultOutputID=7ebe089d0ffcd4be9252d34d1968a5e4 DependenciesID=e05e09d8d29f17ffe39130540fa50938 StaticDependenciesID=716f4e45d1a45953f3ce73d3fbf3ee8f 
Importing 'GUID: ace95ac84e213794891b4bd7c9b3c158 - Path: Packages/com.unity.render-pipelines.core/Runtime/PathTracing/Shaders/LightmapValidityIntegration.urtshader' with importer (ScriptedImporter : Unity.Rendering.LightTransport.Editor:UnityEditor.Rendering.UnifiedRayTracing:UnifiedRTShaderImporter)

Compiling Ray Tracing Shader "LightmapValidityIntegration.urtshader", keywords = <no keywords>
    finished in 0.00 seconds. Local cache hits 1, remote cache hits 0, compiled 0 platform variants
Imported 'GUID: ace95ac84e213794891b4bd7c9b3c158' -> (Import Result ID: '964288fdbe616421047193169ba3dd06') in 0.032 seconds [static and dynamic dependencies]. Details - ImportResultOutputID=9a99d1064b652867682ed6c59e0776bf DependenciesID=00442f6bbbaacc8dc36ce38949655df2 StaticDependenciesID=aa8b51d51372d9acaf9acfb058c3fae3 
Importing 'GUID: 5ecdabd800f05984696f22ba95284516 - Path: Packages/com.unity.render-pipelines.core/Runtime/PathTracing/Shaders/ProbeIntegrationIndirect.urtshader' with importer (ScriptedImporter : Unity.Rendering.LightTransport.Editor:UnityEditor.Rendering.UnifiedRayTracing:UnifiedRTShaderImporter)

Compiling Ray Tracing Shader "ProbeIntegrationIndirect.urtshader", keywords = <no keywords>
    finished in 0.00 seconds. Local cache hits 1, remote cache hits 0, compiled 0 platform variants
Imported 'GUID: 5ecdabd800f05984696f22ba95284516' -> (Import Result ID: '74b6426dbda48374ddc6130ae1a021b9') in 0.022 seconds [static and dynamic dependencies]. Details - ImportResultOutputID=10fea30c0b44ef6b3386df86257a0f19 DependenciesID=42235290526ad17110fe651e964a4e36 StaticDependenciesID=2385462edeeea1f1fc9193c7edbfff8e 
Importing 'GUID: 6e0b547bab30a804c8123974120d583f - Path: Packages/com.unity.render-pipelines.core/Tests/Runtime/PathTracing/PathIteratorTest.urtshader' with importer (ScriptedImporter : Unity.Rendering.LightTransport.Editor:UnityEditor.Rendering.UnifiedRayTracing:UnifiedRTShaderImporter)

Compiling Ray Tracing Shader "PathIteratorTest.urtshader", keywords = <no keywords>
    finished in 0.00 seconds. Local cache hits 1, remote cache hits 0, compiled 0 platform variants
Imported 'GUID: 6e0b547bab30a804c8123974120d583f' -> (Import Result ID: '9387f48dca5c3486f6d4e6c37aa0d58b') in 0.020 seconds [static and dynamic dependencies]. Details - ImportResultOutputID=ffead2321e6d3a44731664783b82b74b DependenciesID=16c904f8ea1b18ac2c5d70b93b4e24bf StaticDependenciesID=d71187151fc008df7658be7f7d10f903 
Importing 'GUID: de3013e16d99f2746ab1735ec06a660b - Path: Packages/com.unity.render-pipelines.core/Runtime/PathTracing/Shaders/ProbeIntegrationOcclusion.urtshader' with importer (ScriptedImporter : Unity.Rendering.LightTransport.Editor:UnityEditor.Rendering.UnifiedRayTracing:UnifiedRTShaderImporter)

Compiling Ray Tracing Shader "ProbeIntegrationOcclusion.urtshader", keywords = <no keywords>
    finished in 0.00 seconds. Local cache hits 1, remote cache hits 0, compiled 0 platform variants
Imported 'GUID: de3013e16d99f2746ab1735ec06a660b' -> (Import Result ID: '40320f8492f4f0239cd14140da3a5e6c') in 0.019 seconds [static and dynamic dependencies]. Details - ImportResultOutputID=5069af5c5ba5b24094fe56a0b9b30d4c DependenciesID=55f203783dd077cf9e621f226f107f00 StaticDependenciesID=208d47b8903d77848e11a18b72e01619 
Importing 'GUID: 1f9bfe60b4ad75943a5281839c1a4e5c - Path: Packages/com.unity.render-pipelines.core/Runtime/PathTracing/Shaders/ProbeIntegrationDirect.urtshader' with importer (ScriptedImporter : Unity.Rendering.LightTransport.Editor:UnityEditor.Rendering.UnifiedRayTracing:UnifiedRTShaderImporter)

Compiling Ray Tracing Shader "ProbeIntegrationDirect.urtshader", keywords = <no keywords>
    finished in 0.00 seconds. Local cache hits 1, remote cache hits 0, compiled 0 platform variants
Imported 'GUID: 1f9bfe60b4ad75943a5281839c1a4e5c' -> (Import Result ID: '1ea7b77cb42c1251854b8773a38e16a4') in 0.019 seconds [static and dynamic dependencies]. Details - ImportResultOutputID=4fbd4217c4c2720aab831197e9b3e14a DependenciesID=d73c0ea33abec00d2bece292e1ca67c9 StaticDependenciesID=11eb62a12594dcb52ff4b378a213954b 
Importing 'GUID: ff2cbab5da58bf04d82c5f34037ed123 - Path: Packages/com.unity.render-pipelines.core/Editor/Lighting/ProbeVolume/VirtualOffset/TraceVirtualOffset.urtshader' with importer (ScriptedImporter : Unity.Rendering.LightTransport.Editor:UnityEditor.Rendering.UnifiedRayTracing:UnifiedRTShaderImporter)

Compiling Ray Tracing Shader "TraceVirtualOffset.urtshader", keywords = <no keywords>
    finished in 0.00 seconds. Local cache hits 1, remote cache hits 0, compiled 0 platform variants
Imported 'GUID: ff2cbab5da58bf04d82c5f34037ed123' -> (Import Result ID: 'ade47a7b8649a330e04ff8f07a2249a8') in 0.014 seconds [static and dynamic dependencies]. Details - ImportResultOutputID=6689179ce6f027668135ceed2a1c40d3 DependenciesID=1b395bed2c8c653e391f3baae7c12bfc StaticDependenciesID=01d1bb4a8db62c88e4fe35fdba25fa75 
Starting new worker id: 0 with log in D:/game/game-client/Logs/AssetImportWorkerHW0.log

Asset Pipeline Refresh (id=0dc8b312742563741b9a40b1643d6a51): Total: 32.745 seconds - Initiated by InitialRefreshV2(ForceSynchronousImport)
	(Values over 0.05ms)
	Summary:
		Imports: total=21 (actual=21, local cache=0, cache server=0)
		Asset DB Process Time: managed=13 ms, native=6041 ms
		Asset DB Callback time: managed=404 ms, native=322 ms
		Scripting: domain reloads=1, domain reload time=2259 ms, compile time=23645 ms, other=58 ms
		Project Asset Count: scripts=950, non-scripts=1810
		Asset File Changes: new=0, changed=0, moved=0, deleted=0
		Scan Filter Count: 0
	InvokePackagesCallback: 47.497ms
	ApplyChangesToAssetFolders: 1.133ms
	Scan: 132.714ms
	Collect global state as custom dependencies: 32.314ms
	CategorizeScriptCompilationAssets: 35.449ms
	ProcessAssetsWithTransientArtifactChanges: 57.388ms
	CategorizeAssets: 61.804ms
	CompileScripts: 23644.706ms
	ImportOutOfDateAssets: 5572.925ms (4728.728ms without children)
		ImportManagerImport: 768.983ms (4.339ms without children)
			UpdateCategorizedAssets: 2.559ms
		UnloadImportedAssets: 1.261ms
		ReloadImportedAssets: 2.304ms
		EnsureUptoDateAssetsAreRegisteredWithGuidPM: 0.754ms
		ImportSchedulerStart: 73.143ms
	PostProcessAllAssets: 679.826ms
		RaytracingShaderImportPostprocess 130.989ms
		ComputeShaderImportPostprocess 127.253ms
		VCAutoAddAssetPostprocess 14.859ms
		XRBuildSystem.XRAssetImported 0.129ms
		AssemblyValidation.PostprocessAllAssets 0.101ms
		PostProcessCallbackCreateDeferredMaterials 0.074ms
		ShaderAssetModifiedCallback 0.070ms
		MonoPostProcessAllAssets: 404.366ms
			AssetPostprocessor.OnPostprocessAllAssets 227.676ms
			StyleCatalogPostProcessor.OnPostprocessAllAssets 34.052ms
			UniversalRenderPipelineGlobalSettingsPostprocessor.OnPostprocessAllAssets 26.990ms
			BuilderAssetPostprocessor.OnPostprocessAllAssets 18.541ms
			SpeedTree9Postprocessor.OnPostprocessAllAssets 5.385ms
			WindowAssetPostprocessingWatcher.OnPostprocessAllAssets 4.942ms
			ShaderGraphAssetPostProcessor.OnPostprocessAllAssets 4.410ms
			RetainedModeAssetPostprocessor.OnPostprocessAllAssets 3.567ms
			AssetChangedListener.OnPostprocessAllAssets 3.368ms
			EditModeScopePostprocessor.OnPostprocessAllAssets 2.317ms
			RenderPipelineGlobalSettingsPostprocessor.OnPostprocessAllAssets 2.283ms
			SyncVS.PostprocessSyncProject 2.132ms
			MaterialPostprocessor.OnPostprocessAllAssets 1.411ms
			CubeLutAssetImporter.OnPostprocessAllAssets 1.292ms
			ArtifactBrowserPostProcessor.OnPostprocessAllAssets 0.940ms
			SampleDependencyImporterPostProcessor.OnPostprocessAllAssets 0.874ms
			TMPro_TexturePostProcessor.OnPostprocessAllAssets 0.777ms
			TextAssetPostProcessor.OnPostprocessAllAssets 0.729ms
			AudioMixerPostprocessor.OnPostprocessAllAssets 0.713ms
			PostProcessor.OnPostprocessAllAssets 0.676ms
			ShaderReflectionAssetPostProcessor.OnPostprocessAllAssets 0.635ms
			ReferencedClipsPostProcessor.OnPostprocessAllAssets 0.561ms
			AssetDatabaseCallbacks.OnPostprocessAllAssets 0.450ms
			AssetEvents.OnPostprocessAllAssets 0.429ms
			ConfigAssetsTracker.OnPostprocessAllAssets 0.402ms
			ScenarioDriftAssetsTracker.OnPostprocessAllAssets 0.348ms
			TerrainToolbarOverlayPostProcessor.OnPostprocessAllAssets 0.331ms
			SpeedTreePostProcessor.OnPostprocessAllAssets 0.303ms
			AudioContainerPostProcessor.OnPostprocessAllAssets 0.189ms
	PostAssetChangesProfiler: 2.604ms
	UnloadStreamsBegin: 7.628ms
	PersistCurrentRevisions: 0.407ms
	GenerateScriptTypeHashes: 2.116ms
	GenerateScriptTypeSerializationHashes: 3.674ms
	Untracked: 2460.577ms

Application.AssetDatabase Initial Refresh End
Scanning for USB devices : 8.607ms
Initializing Unity extensions:
[MODES] ModeService[none].Initialize
[MODES] ModeService[none].LoadModes
[MODES] Loading mode Default (0) for mode-current-id-game-client
Unloading 56 Unused Serialized files (Serialized files now loaded: 0)
Unloading 3468 unused Assets / (8.2 MB). Loaded Objects now: 4402.
Memory consumption went from 358.2 MB to 350.1 MB.
Total: 37.898500 ms (FindLiveObjects: 0.770900 ms CreateObjectMapping: 2.376100 ms MarkObjects: 9.813500 ms  DeleteObjects: 24.927800 ms)

building x86_64 windows player!
Importing 'GUID: cf2342422fda8d04eaa4f9b0f45e364e - Path: Assets/Settings/QuizBattle_URP.asset' with importer (NativeFormatImporter)
Imported 'GUID: cf2342422fda8d04eaa4f9b0f45e364e' -> (Import Result ID: 'fd584a0ebb756d0e6b4c5aed8396a28b') in 0.004 seconds [static dependencies only]. Details - ImportResultOutputID=bd7714e165152afead7b5d18422af6cf DependenciesID=3918f9fffe4d19d916e62da0bd3558fd StaticDependenciesID=4ca6397c2d058c4a771e6f0071d07488 
Asset Pipeline Refresh (id=51fa732d21ad46e499f2eb2a2291d03c): Total: 0.165 seconds - Initiated by StopAssetImportingV2(NoUpdateAssetOptions)
1 URP assets included in build
- QuizBattle_URP - Assets/Settings/QuizBattle_URP.asset
	 - QuizBattle_Renderer - Assets/Settings/QuizBattle_Renderer.asset - UnityEngine.Rendering.Universal.UniversalRendererData
UnityEngine.Debug:ExtractStackTraceNoAlloc (byte*,int,string)
UnityEngine.StackTraceUtility:ExtractStackTrace ()
UnityEngine.DebugLogHandler:Internal_Log (UnityEngine.LogType,UnityEngine.LogOption,string,UnityEngine.Object)
UnityEngine.DebugLogHandler:LogFormat (UnityEngine.LogType,UnityEngine.Object,string,object[])
UnityEngine.Logger:Log (UnityEngine.LogType,object)
UnityEngine.Debug:Log (object)
UnityEditor.Rendering.Universal.URPPreprocessBuild:LogIncludedAssets (System.Collections.Generic.List`1<UnityEngine.Rendering.Universal.UniversalRenderPipelineAsset>) (at ./Library/PackageCache/com.unity.render-pipelines.universal@73b4c4ff130e/Editor/BuildProcessors/URPPreprocessBuild.cs:73)
UnityEditor.Rendering.Universal.URPPreprocessBuild:OnPreprocessBuild (UnityEditor.Build.Reporting.BuildReport) (at ./Library/PackageCache/com.unity.render-pipelines.universal@73b4c4ff130e/Editor/BuildProcessors/URPPreprocessBuild.cs:32)
UnityEditor.Build.BuildPipelineInterfaces/<>c__DisplayClass17_0:<OnBuildPreProcess>b__1 (UnityEditor.Build.IPreprocessBuildWithReport)
UnityEditor.Build.BuildPipelineInterfaces:InvokeCallbackInterfacesPair<UnityEditor.Build.IPreprocessBuild, UnityEditor.Build.IPreprocessBuildWithReport> (System.Collections.Generic.List`1<UnityEditor.Build.IPreprocessBuild>,System.Action`1<UnityEditor.Build.IPreprocessBuild>,System.Collections.Generic.List`1<UnityEditor.Build.IPreprocessBuildWithReport>,System.Action`1<UnityEditor.Build.IPreprocessBuildWithReport>,bool)
UnityEditor.Build.BuildPipelineInterfaces:OnBuildPreProcess (UnityEditor.Build.Reporting.BuildReport)

(Filename: ./Library/PackageCache/com.unity.render-pipelines.universal@73b4c4ff130e/Editor/BuildProcessors/URPPreprocessBuild.cs Line: 73)

Importing 'GUID: cf2342422fda8d04eaa4f9b0f45e364e - Path: Assets/Settings/QuizBattle_URP.asset' with importer (NativeFormatImporter)
Imported 'GUID: cf2342422fda8d04eaa4f9b0f45e364e' -> (Import Result ID: 'fd584a0ebb756d0e6b4c5aed8396a28b') in 0.004 seconds [static dependencies only]. Details - ImportResultOutputID=bd7714e165152afead7b5d18422af6cf DependenciesID=3918f9fffe4d19d916e62da0bd3558fd StaticDependenciesID=4ca6397c2d058c4a771e6f0071d07488 
Asset Pipeline Refresh (id=9e0bdfb8e77152c469f38e9b6dfe770d): Total: 0.107 seconds - Initiated by StopAssetImportingV2(NoUpdateAssetOptions)
[TestRunBuilder] Creating new file 'Assets/Resources/PerformanceTestRunInfo.json' (2801 bytes)
UnityEngine.Debug:ExtractStackTraceNoAlloc (byte*,int,string)
UnityEngine.StackTraceUtility:ExtractStackTrace ()
UnityEngine.DebugLogHandler:Internal_Log (UnityEngine.LogType,UnityEngine.LogOption,string,UnityEngine.Object)
UnityEngine.DebugLogHandler:LogFormat (UnityEngine.LogType,UnityEngine.Object,string,object[])
UnityEngine.Logger:Log (UnityEngine.LogType,object)
UnityEngine.Debug:Log (object)
Unity.PerformanceTesting.Editor.TestRunBuilder:SaveToStorage (object,string) (at ./Library/PackageCache/com.unity.test-framework.performance@8b56083ec0f0/Editor/TestRunBuilder.cs:242)
Unity.PerformanceTesting.Editor.TestRunBuilder:OnPreprocessBuild (UnityEditor.Build.Reporting.BuildReport) (at ./Library/PackageCache/com.unity.test-framework.performance@8b56083ec0f0/Editor/TestRunBuilder.cs:35)
UnityEditor.Build.BuildPipelineInterfaces/<>c__DisplayClass17_0:<OnBuildPreProcess>b__1 (UnityEditor.Build.IPreprocessBuildWithReport)
UnityEditor.Build.BuildPipelineInterfaces:InvokeCallbackInterfacesPair<UnityEditor.Build.IPreprocessBuild, UnityEditor.Build.IPreprocessBuildWithReport> (System.Collections.Generic.List`1<UnityEditor.Build.IPreprocessBuild>,System.Action`1<UnityEditor.Build.IPreprocessBuild>,System.Collections.Generic.List`1<UnityEditor.Build.IPreprocessBuildWithReport>,System.Action`1<UnityEditor.Build.IPreprocessBuildWithReport>,bool)
UnityEditor.Build.BuildPipelineInterfaces:OnBuildPreProcess (UnityEditor.Build.Reporting.BuildReport)

(Filename: ./Library/PackageCache/com.unity.test-framework.performance@8b56083ec0f0/Editor/TestRunBuilder.cs Line: 242)

[TestRunBuilder] Creating new file 'Assets/Resources/PerformanceTestRunSettings.json' (23 bytes)
UnityEngine.Debug:ExtractStackTraceNoAlloc (byte*,int,string)
UnityEngine.StackTraceUtility:ExtractStackTrace ()
UnityEngine.DebugLogHandler:Internal_Log (UnityEngine.LogType,UnityEngine.LogOption,string,UnityEngine.Object)
UnityEngine.DebugLogHandler:LogFormat (UnityEngine.LogType,UnityEngine.Object,string,object[])
UnityEngine.Logger:Log (UnityEngine.LogType,object)
UnityEngine.Debug:Log (object)
Unity.PerformanceTesting.Editor.TestRunBuilder:SaveToStorage (object,string) (at ./Library/PackageCache/com.unity.test-framework.performance@8b56083ec0f0/Editor/TestRunBuilder.cs:242)
Unity.PerformanceTesting.Editor.TestRunBuilder:OnPreprocessBuild (UnityEditor.Build.Reporting.BuildReport) (at ./Library/PackageCache/com.unity.test-framework.performance@8b56083ec0f0/Editor/TestRunBuilder.cs:38)
UnityEditor.Build.BuildPipelineInterfaces/<>c__DisplayClass17_0:<OnBuildPreProcess>b__1 (UnityEditor.Build.IPreprocessBuildWithReport)
UnityEditor.Build.BuildPipelineInterfaces:InvokeCallbackInterfacesPair<UnityEditor.Build.IPreprocessBuild, UnityEditor.Build.IPreprocessBuildWithReport> (System.Collections.Generic.List`1<UnityEditor.Build.IPreprocessBuild>,System.Action`1<UnityEditor.Build.IPreprocessBuild>,System.Collections.Generic.List`1<UnityEditor.Build.IPreprocessBuildWithReport>,System.Action`1<UnityEditor.Build.IPreprocessBuildWithReport>,bool)
UnityEditor.Build.BuildPipelineInterfaces:OnBuildPreProcess (UnityEditor.Build.Reporting.BuildReport)

(Filename: ./Library/PackageCache/com.unity.test-framework.performance@8b56083ec0f0/Editor/TestRunBuilder.cs Line: 242)

Importing 'GUID: 00000000000000004000000000000000 - Path: ProjectSettings/ProjectSettings.asset' with importer (LibraryAssetImporter)
Imported 'GUID: 00000000000000004000000000000000' -> (Import Result ID: '59234615786ce3f96d8288c160f7e932') in 0.005 seconds [static dependencies only]. Details - ImportResultOutputID=276a810dac73e1f29404d5e5f692e214 DependenciesID=caab1d70624cbb2eec3409ee6d6b7313 StaticDependenciesID=5a3f8ca56151045c55c7b0db0a7ea5a0 
Importing 'GUID: 00000000000000006100000000000000 - Path: ProjectSettings/GraphicsSettings.asset' with importer (LibraryAssetImporter)
Imported 'GUID: 00000000000000006100000000000000' -> (Import Result ID: '917dab962521ffd745c5319654cd247d') in 0.002 seconds [static dependencies only]. Details - ImportResultOutputID=f9600466f06a676b7a4f639f6629ea48 DependenciesID=1b66da579ce9cfd02b12e2f794434bd1 StaticDependenciesID=abefacc7d477d32a1addf770cdf6f39c 
Importing 'GUID: c05740c4af7833e41afeedbba91446e4 - Path: Assets/UniversalRenderPipelineGlobalSettings.asset' with importer (NativeFormatImporter)
Imported 'GUID: c05740c4af7833e41afeedbba91446e4' -> (Import Result ID: 'bd18a8358771e2c109b3c626b361dc97') in 0.004 seconds [static dependencies only]. Details - ImportResultOutputID=2bd3fa82ca71d1e86d7a87a3d88ca2fe DependenciesID=cff2fe16b23661deaba4a45b39ed4637 StaticDependenciesID=8ace4b5fb269e7d2cf206c0c4f4515a1 
Asset Pipeline Refresh (id=3c99a2433c4e4a84c941116890df93b7): Total: 0.156 seconds - Initiated by StopAssetImportingV2(NoUpdateAssetOptions)
Worker ready: AssetImportWorkerHW0 0
Starting: D:\Program Files\Editor\6000.5.7f1\Editor\Data\Tools\BuildPipeline\bee_backend.exe --ipc --defer-dag-verification --dagfile="Library/Bee/1900b0aESkipCompile.dag" --continue-on-failure --profile="Library/Bee/backend1.traceevents" ScriptAssembliesAndTypeDB
WorkingDir: D:/game/game-client
Starting: D:\Program Files\Editor\6000.5.7f1\Editor\Data\netcorerun\netcorerun.exe "D:\Program Files\Editor\6000.5.7f1\Editor\Data\Tools\BuildPipeline\ScriptCompilationBuildProgram.exe" "Library/Bee/1900b0aESkipCompile.dag.json" "Library/Bee/1900b0aESkipCompile-inputdata.json" "Library\Bee\buildprogram0.traceevents"
WorkingDir: D:/game/game-client
ExitCode: 4 Duration: 2s432ms
Rebuilding DAG because FileSignature timestamp changed: Library/Bee/1900b0aESkipCompile-inputdata.json
[2/3        2s] BuildPlayerDataGenerator Library/BuildPlayerData/Editor/TypeDb-All.json
*** Tundra requires additional run (2.35 seconds), 1 items updated, 1 evaluated
ExitCode: 0 Duration: 0s403ms
Starting: D:\Program Files\Editor\6000.5.7f1\Editor\Data\Tools\BuildPipeline\bee_backend.exe --ipc --defer-dag-verification --dagfile="Library/Bee/1900b0aESkipCompile.dag" --continue-on-failure --dagfilejson="Library\Bee\1900b0aESkipCompile.dag.json" --profile="Library/Bee/backend2.traceevents" ScriptAssembliesAndTypeDB
WorkingDir: D:/game/game-client
ExitCode: 0 Duration: 0s110ms
Finished compiling graph: 4 nodes, 5 flattened edges (5 ToBuild, 0 ToUse), maximum node priority 3
*** Tundra build success (0.06 seconds), 0 items updated, 3 evaluated
Importing 'GUID: 16f1ab0002f558241b3a1b137588dede - Path: Assets/Resources/PerformanceTestRunInfo.json' with importer (TextScriptImporter)
Imported 'GUID: 16f1ab0002f558241b3a1b137588dede' -> (Import Result ID: '868107faf508fe34d82eed21ae054d91') in 0.015 seconds [static dependencies only]. Details - ImportResultOutputID=9d8a065328c60878404856726e6ea28e DependenciesID=c32987c6c1269fbb0836c9a393e2c206 StaticDependenciesID=215976f946d37b3b0fe17e087f5fa543 
Importing 'GUID: c9115782ffb538d418cab8672a7b8bdb - Path: Assets/Resources/PerformanceTestRunSettings.json' with importer (TextScriptImporter)
Imported 'GUID: c9115782ffb538d418cab8672a7b8bdb' -> (Import Result ID: '31ab85191cdaecb95b450e6a217ce46e') in 0.018 seconds [static dependencies only]. Details - ImportResultOutputID=fc6fa2951eb2106f2200a0830e025785 DependenciesID=b2f1a87ccff47937dcca7e1266fe00a1 StaticDependenciesID=4b58fe5df40e56d76ebd440146f0790c 
Total cache size 152885249
Total cache size after purge 152885249, took 00:00:00.2356101
Asset Pipeline Refresh (id=ab2b3d77df92b32408c13835de1f9c6b): Total: 0.172 seconds - Initiated by RefreshV2(NoUpdateAssetOptions)
[ScriptCompilation] Requested script compilation because: Recompiling scripts for player build.
BuildPlayer: start building target 19
Starting: D:\Program Files\Editor\6000.5.7f1\Editor\Data\Tools\BuildPipeline\bee_backend.exe --ipc --defer-dag-verification --dagfile="Library/Bee/1900b0aP.dag" --continue-on-failure --profile="Library/Bee/backend1.traceevents" ScriptAssembliesAndTypeDB
WorkingDir: D:/game/game-client
Starting: D:\Program Files\Editor\6000.5.7f1\Editor\Data\netcorerun\netcorerun.exe "D:\Program Files\Editor\6000.5.7f1\Editor\Data\Tools\BuildPipeline\ScriptCompilationBuildProgram.exe" "Library/Bee/1900b0aP.dag.json" "Library/Bee/1900b0aP-inputdata.json" "Library\Bee\buildprogram0.traceevents"
WorkingDir: D:/game/game-client
ExitCode: 4 Duration: 1s64ms
[409/576    0s] WriteResponseFile Library/Bee/artifacts/rsp/4747638433968585886.rsp
Rebuilding DAG because FileSignature timestamp changed: Library/Bee/1900b0aP-inputdata.json
[497/576    0s] ILPP-Configuration Library/ilpp-configuration.nevergeneratedoutput
[498/576    0s] Csc Library/Bee/artifacts/1900b0aP.dag/QuizBattle.Runtime.dll (+2 others)
Assets\Scripts\UI\UiFactory.cs(33,17): warning CS0618: 'Object.FindFirstObjectByType<T>()' is obsolete: 'FindFirstObjectByType has been deprecated because it relies on instance ID ordering. Use FindAnyObjectByType instead, which does not depend on ordering.'

Assets\Scripts\UI\UiFactory.cs(61,13): warning CS0618: 'TMP_Text.enableWordWrapping' is obsolete: 'The enabledWordWrapping property is now obsolete. Please use the textWrappingMode property instead.'

Assets\Scripts\Arena\CharacterToken.cs(98,13): warning CS0618: 'TMP_Text.enableWordWrapping' is obsolete: 'The enabledWordWrapping property is now obsolete. Please use the textWrappingMode property instead.'

Assets\Scripts\Arena\ArenaEnvironment.cs(81,76): warning CS0618: 'FindObjectsSortMode' is obsolete: 'FindObjectsSortMode has been deprecated. Use the FindObjectsByType overloads that do not take a FindObjectsSortMode parameter.'

Assets\Scripts\Arena\ArenaEnvironment.cs(81,35): warning CS0618: 'Object.FindObjectsByType<T>(FindObjectsSortMode)' is obsolete: 'FindObjectsByType with FindObjectsSortMode parameter has been deprecated. Use FindObjectsByType<T>() or FindObjectsByType<T>(FindObjectsInactive) instead. InstanceID will be replaced in the future with EntityId and previous sort order cannot be maintained.'

Assets\Scripts\Arena\ArenaEnvironment.cs(109,67): warning CS0618: 'FindObjectsSortMode' is obsolete: 'FindObjectsSortMode has been deprecated. Use the FindObjectsByType overloads that do not take a FindObjectsSortMode parameter.'

Assets\Scripts\Arena\ArenaEnvironment.cs(109,35): warning CS0618: 'Object.FindObjectsByType<T>(FindObjectsSortMode)' is obsolete: 'FindObjectsByType with FindObjectsSortMode parameter has been deprecated. Use FindObjectsByType<T>() or FindObjectsByType<T>(FindObjectsInactive) instead. InstanceID will be replaced in the future with EntityId and previous sort order cannot be maintained.'

Assets\Scripts\Arena\ArenaEnvironment.cs(157,28): warning CS0618: 'Object.FindFirstObjectByType<T>()' is obsolete: 'FindFirstObjectByType has been deprecated because it relies on instance ID ordering. Use FindAnyObjectByType instead, which does not depend on ordering.'
*** Tundra requires additional run (1.02 seconds), 3 items updated, 496 evaluated
ExitCode: 0 Duration: 1s9ms
Starting: D:\Program Files\Editor\6000.5.7f1\Editor\Data\Tools\BuildPipeline\bee_backend.exe --ipc --defer-dag-verification --dagfile="Library/Bee/1900b0aP.dag" --continue-on-failure --dagfilejson="Library\Bee\1900b0aP.dag.json" --profile="Library/Bee/backend2.traceevents" ScriptAssembliesAndTypeDB
WorkingDir: D:/game/game-client
ExitCode: 0 Duration: 4s465ms
Finished compiling graph: 577 nodes, 6139 flattened edges (5203 ToBuild, 68 ToUse), maximum node priority 279
[498/576    0s] ILPP-Configuration Library/ilpp-configuration.nevergeneratedoutput
[523/576    0s] CopyFiles Library/Bee/PlayerScriptAssemblies/Unity.SurfaceCache.Runtime.dll
[524/576    0s] CopyFiles Library/Bee/PlayerScriptAssemblies/Unity.Postprocessing.Runtime.dll
[525/576    0s] CopyFiles Library/Bee/PlayerScriptAssemblies/Unity.RenderPipelines.GPUDriven.Runtime.dll
[526/576    0s] CopyFiles Library/Bee/PlayerScriptAssemblies/Unity.RenderPipelines.Universal.2D.Runtime.dll
[527/576    0s] CopyFiles Library/Bee/PlayerScriptAssemblies/Unity.Burst.dll
[528/576    0s] CopyFiles Library/Bee/PlayerScriptAssemblies/Unity.TextMeshPro.dll
[529/576    0s] CopyFiles Library/Bee/PlayerScriptAssemblies/Unity.InternalAPIEngineBridge.RenderPipelines.Core.Runtime.Shared.dll
[530/576    0s] CopyFiles Library/Bee/PlayerScriptAssemblies/Unity.Collections.dll
[531/576    0s] CopyFiles Library/Bee/PlayerScriptAssemblies/endel.nativewebsocket.dll
[532/576    0s] CopyFiles Library/Bee/PlayerScriptAssemblies/Unity.InternalAPIEngineBridge.004.dll
[533/576    0s] CopyFiles Library/Bee/PlayerScriptAssemblies/ithappy.Creative_Characters_FREE.dll
[534/576    0s] CopyFiles Library/Bee/PlayerScriptAssemblies/Unity.RenderPipeline.Universal.ShaderLibrary.dll
[535/576    0s] CopyFiles Library/Bee/PlayerScriptAssemblies/Unity.RenderPipelines.Universal.Shaders.dll
[536/576    0s] CopyFiles Library/Bee/PlayerScriptAssemblies/Unity.RenderPipelines.ShaderGraph.ShaderGraphLibrary.dll
[537/576    0s] CopyFiles Library/Bee/PlayerScriptAssemblies/Unity.RenderPipelines.Universal.Config.Runtime.dll
[538/576    0s] CopyFiles Library/Bee/PlayerScriptAssemblies/Unity.RenderPipelines.Core.Runtime.Shared.dll
[539/576    0s] CopyFiles Library/Bee/PlayerScriptAssemblies/Unity.RenderPipelines.Core.ShaderLibrary.dll
[540/576    0s] CopyFiles Library/Bee/PlayerScriptAssemblies/Unity.Mathematics.dll
[541/576    0s] CopyFiles Library/Bee/PlayerScriptAssemblies/Unity.PathTracing.Runtime.dll
[542/576    0s] CopyFiles Library/Bee/PlayerScriptAssemblies/Unity.RenderPipelines.Universal.Runtime.dll
[543/576    0s] CopyFiles Library/Bee/PlayerScriptAssemblies/Unity.Multiplayer.Center.Common.dll
[544/576    0s] CopyFiles Library/Bee/PlayerScriptAssemblies/UnityEngine.UI.dll
[545/576    0s] CopyFiles Library/Bee/PlayerScriptAssemblies/Unity.RenderPipelines.Universal.Shaders.pdb
[546/576    0s] CopyFiles Library/Bee/PlayerScriptAssemblies/Unity.UnifiedRayTracing.Runtime.dll
[547/576    0s] CopyFiles Library/Bee/PlayerScriptAssemblies/Unity.InternalAPIEngineBridge.004.pdb
[548/576    0s] CopyFiles Library/Bee/PlayerScriptAssemblies/Unity.RenderPipelines.Core.Runtime.Shared.pdb
[549/576    0s] CopyFiles Library/Bee/PlayerScriptAssemblies/Unity.Collections.pdb
[550/576    0s] CopyFiles Library/Bee/PlayerScriptAssemblies/Unity.InternalAPIEngineBridge.RenderPipelines.Core.Runtime.Shared.pdb
[551/576    0s] CopyFiles Library/Bee/PlayerScriptAssemblies/Unity.Burst.pdb
[552/576    0s] CopyFiles Library/Bee/PlayerScriptAssemblies/Unity.RenderPipelines.Universal.Runtime.pdb
[553/576    0s] CopyFiles Library/Bee/PlayerScriptAssemblies/Unity.RenderPipelines.Universal.2D.Runtime.pdb
[554/576    0s] CopyFiles Library/Bee/PlayerScriptAssemblies/Unity.RenderPipelines.GPUDriven.Runtime.pdb
[555/576    0s] CopyFiles Library/Bee/PlayerScriptAssemblies/Unity.SurfaceCache.Runtime.pdb
[556/576    0s] CopyFiles Library/Bee/PlayerScriptAssemblies/Unity.Postprocessing.Runtime.pdb
[557/576    0s] CopyFiles Library/Bee/PlayerScriptAssemblies/Unity.RenderPipelines.Core.ShaderLibrary.pdb
[558/576    0s] CopyFiles Library/Bee/PlayerScriptAssemblies/Unity.Mathematics.pdb
[559/576    0s] CopyFiles Library/Bee/PlayerScriptAssemblies/Unity.UnifiedRayTracing.Runtime.pdb
[560/576    0s] CopyFiles Library/Bee/PlayerScriptAssemblies/Unity.PathTracing.Runtime.pdb
[561/576    0s] CopyFiles Library/Bee/PlayerScriptAssemblies/Unity.Multiplayer.Center.Common.pdb
[562/576    0s] CopyFiles Library/Bee/PlayerScriptAssemblies/UnityEngine.UI.pdb
[563/576    0s] CopyFiles Library/Bee/PlayerScriptAssemblies/Unity.RenderPipelines.Core.Runtime.pdb
[564/576    0s] CopyFiles Library/Bee/PlayerScriptAssemblies/Unity.RenderPipeline.Universal.ShaderLibrary.pdb
[565/576    0s] CopyFiles Library/Bee/PlayerScriptAssemblies/endel.nativewebsocket.pdb
[566/576    0s] CopyFiles Library/Bee/PlayerScriptAssemblies/ithappy.Creative_Characters_FREE.pdb
[567/576    0s] CopyFiles Library/Bee/PlayerScriptAssemblies/Unity.RenderPipelines.Universal.Config.Runtime.pdb
[568/576    0s] CopyFiles Library/Bee/PlayerScriptAssemblies/Unity.RenderPipelines.ShaderGraph.ShaderGraphLibrary.pdb
[569/576    0s] CopyFiles Library/Bee/PlayerScriptAssemblies/Unity.TextMeshPro.pdb
[570/576    0s] CopyFiles Library/Bee/PlayerScriptAssemblies/Unity.RenderPipelines.Core.Runtime.dll
[571/576    0s] ILPostProcess Library/Bee/artifacts/1900b0aP.dag/post-processed/QuizBattle.Runtime.dll (+pdb)
Processing assembly Library/Bee/artifacts/1900b0aP.dag/QuizBattle.Runtime.dll, with 131 defines and 222 references

processors: Unity.Jobs.CodeGen.JobsILPostProcessor, zzzUnity.Burst.CodeGen.BurstILPostProcessor

running Unity.Jobs.CodeGen.JobsILPostProcessor

running zzzUnity.Burst.CodeGen.BurstILPostProcessor
[572/576    0s] CopyFiles Library/Bee/PlayerScriptAssemblies/QuizBattle.Runtime.pdb
[573/576    0s] CopyFiles Library/Bee/PlayerScriptAssemblies/QuizBattle.Runtime.dll
[575/576    1s] BuildPlayerDataGenerator Library/BuildPlayerData/Player/RuntimeInitializeOnLoads.json (+1 other)
*** Tundra build success (4.42 seconds), 53 items updated, 576 evaluated
Assets\Scripts\UI\UiFactory.cs(33,17): warning CS0618: 'Object.FindFirstObjectByType<T>()' is obsolete: 'FindFirstObjectByType has been deprecated because it relies on instance ID ordering. Use FindAnyObjectByType instead, which does not depend on ordering.'
Assets\Scripts\UI\UiFactory.cs(61,13): warning CS0618: 'TMP_Text.enableWordWrapping' is obsolete: 'The enabledWordWrapping property is now obsolete. Please use the textWrappingMode property instead.'
Assets\Scripts\Arena\CharacterToken.cs(98,13): warning CS0618: 'TMP_Text.enableWordWrapping' is obsolete: 'The enabledWordWrapping property is now obsolete. Please use the textWrappingMode property instead.'
Assets\Scripts\Arena\ArenaEnvironment.cs(81,76): warning CS0618: 'FindObjectsSortMode' is obsolete: 'FindObjectsSortMode has been deprecated. Use the FindObjectsByType overloads that do not take a FindObjectsSortMode parameter.'
Assets\Scripts\Arena\ArenaEnvironment.cs(81,35): warning CS0618: 'Object.FindObjectsByType<T>(FindObjectsSortMode)' is obsolete: 'FindObjectsByType with FindObjectsSortMode parameter has been deprecated. Use FindObjectsByType<T>() or FindObjectsByType<T>(FindObjectsInactive) instead. InstanceID will be replaced in the future with EntityId and previous sort order cannot be maintained.'
Assets\Scripts\Arena\ArenaEnvironment.cs(109,67): warning CS0618: 'FindObjectsSortMode' is obsolete: 'FindObjectsSortMode has been deprecated. Use the FindObjectsByType overloads that do not take a FindObjectsSortMode parameter.'
Assets\Scripts\Arena\ArenaEnvironment.cs(109,35): warning CS0618: 'Object.FindObjectsByType<T>(FindObjectsSortMode)' is obsolete: 'FindObjectsByType with FindObjectsSortMode parameter has been deprecated. Use FindObjectsByType<T>() or FindObjectsByType<T>(FindObjectsInactive) instead. InstanceID will be replaced in the future with EntityId and previous sort order cannot be maintained.'
Assets\Scripts\Arena\ArenaEnvironment.cs(157,28): warning CS0618: 'Object.FindFirstObjectByType<T>()' is obsolete: 'FindFirstObjectByType has been deprecated because it relies on instance ID ordering. Use FindAnyObjectByType instead, which does not depend on ordering.'
Total cache size 152885249
Total cache size after purge 152885249, took 00:00:00.1704305
Rebuilding Data files because Assets/Resources/PerformanceTestRunInfo.json is dirty (hash)


Mono dependencies included in the build
Dependency assembly - System.Net.Requests.dll
Dependency assembly - Mono.Btls.Interface.dll
Dependency assembly - System.Reflection.Emit.ILGeneration.dll
Dependency assembly - System.Text.Encoding.CodePages.dll
Dependency assembly - Microsoft.Extensions.Logging.Abstractions.dll
Dependency assembly - System.ServiceModel.Duplex.dll
Dependency assembly - System.Runtime.Caching.dll
Dependency assembly - Unity.InternalAPIEngineBridge.004.dll
Dependency assembly - System.Runtime.Serialization.Formatters.Soap.dll
Dependency assembly - System.Diagnostics.TraceEvent.dll
Dependency assembly - System.Net.Utilities.dll
Dependency assembly - Mono.Tasklets.dll
Dependency assembly - Unity.RenderPipelines.Core.ShaderLibrary.dll
Dependency assembly - Unity.RenderPipeline.Universal.ShaderLibrary.dll
Dependency assembly - ICSharpCode.SharpZipLib.dll
Dependency assembly - System.Xaml.dll
Dependency assembly - System.Xml.ReaderWriter.dll
Dependency assembly - System.Console.dll
Dependency assembly - Microsoft.CSharp.dll
Dependency assembly - System.Web.Http.dll
Dependency assembly - System.Web.WebPages.Razor.dll
Dependency assembly - System.Net.Http.Rtc.dll
Dependency assembly - System.Web.dll
Dependency assembly - System.Resources.ResourceManager.dll
Dependency assembly - I18N.Other.dll
Dependency assembly - IBM.Data.DB2.dll
Dependency assembly - System.Diagnostics.Tracing.dll
Dependency assembly - System.ServiceModel.Http.dll
Dependency assembly - Microsoft.Build.Tasks.v4.0.dll
Dependency assembly - Novell.Directory.Ldap.dll
Dependency assembly - System.Reflection.DispatchProxy.dll
Dependency assembly - System.ComponentModel.TypeConverter.dll
Dependency assembly - System.Transactions.dll
Dependency assembly - Unity.RenderPipelines.GPUDriven.Runtime.dll
Dependency assembly - System.Security.Cryptography.Csp.dll
Dependency assembly - System.Runtime.CompilerServices.Unsafe.dll
Dependency assembly - CustomMarshalers.dll
Dependency assembly - Mono.Profiler.Log.dll
Dependency assembly - System.Data.Linq.dll
Dependency assembly - System.IO.MemoryMappedFiles.dll
Dependency assembly - System.Reactive.Core.dll
Dependency assembly - System.Runtime.Serialization.Json.dll
Dependency assembly - System.Threading.Tasks.Parallel.dll
Dependency assembly - System.Drawing.Primitives.dll
Dependency assembly - System.Windows.Forms.DataVisualization.dll
Dependency assembly - Mono.Security.Win32.dll
Dependency assembly - System.Globalization.Extensions.dll
Dependency assembly - Microsoft.Bcl.AsyncInterfaces.dll
Dependency assembly - System.Reflection.Metadata.dll
Dependency assembly - Microsoft.Extensions.DependencyInjection.Abstractions.dll
Dependency assembly - System.Diagnostics.Contracts.dll
Dependency assembly - System.Security.Cryptography.Encryption.dll
Dependency assembly - QuizBattle.Runtime.dll
Dependency assembly - System.Linq.Queryable.dll
Dependency assembly - System.Security.Principal.Windows.dll
Dependency assembly - I18N.Rare.dll
Dependency assembly - Mono.WebBrowser.dll
Dependency assembly - System.Collections.Specialized.dll
Dependency assembly - System.Reactive.Interfaces.dll
Dependency assembly - System.ComponentModel.Primitives.dll
Dependency assembly - System.Runtime.Loader.dll
Dependency assembly - System.Net.dll
Dependency assembly - System.Threading.Tasks.Extensions.dll
Dependency assembly - System.Text.RegularExpressions.dll
Dependency assembly - System.Workflow.Activities.dll
Dependency assembly - System.Xml.XPath.dll
Dependency assembly - System.ServiceModel.Internals.dll
Dependency assembly - System.Security.Principal.dll
Dependency assembly - System.Web.Routing.dll
Dependency assembly - System.Web.Extensions.dll
Dependency assembly - System.Threading.dll
Dependency assembly - System.ValueTuple.dll
Dependency assembly - System.Linq.Parallel.dll
Dependency assembly - Accessibility.dll
Dependency assembly - System.DirectoryServices.dll
Dependency assembly - PEAPI.dll
Dependency assembly - System.Reactive.Observable.Aliases.dll
Dependency assembly - System.Xml.XmlDocument.dll
Dependency assembly - System.Reflection.Emit.dll
Dependency assembly - Mono.Http.dll
Dependency assembly - System.Web.Http.SelfHost.dll
Dependency assembly - System.Net.Mail.dll
Dependency assembly - I18N.CJK.dll
Dependency assembly - Mono.Cairo.dll
Dependency assembly - System.Security.Cryptography.Cng.dll
Dependency assembly - System.IO.Compression.FileSystem.dll
Dependency assembly - System.Diagnostics.TextWriterTraceListener.dll
Dependency assembly - System.dll
Dependency assembly - System.Linq.Expressions.dll
Dependency assembly - System.Xml.Linq.dll
Dependency assembly - System.Xml.XmlSerializer.dll
Dependency assembly - System.IO.Hashing.dll
Dependency assembly - Microsoft.Web.Infrastructure.dll
Dependency assembly - System.Drawing.Design.dll
Dependency assembly - System.IO.Compression.ZipFile.dll
Dependency assembly - System.Web.WebPages.dll
Dependency assembly - System.Buffers.dll
Dependency assembly - Microsoft.Build.Engine.dll
Dependency assembly - Mono.Data.Tds.dll
Dependency assembly - System.Runtime.CompilerServices.VisualC.dll
Dependency assembly - Unity.UnifiedRayTracing.Runtime.dll
Dependency assembly - Mono.Messaging.dll
Dependency assembly - System.Configuration.Install.dll
Dependency assembly - System.Collections.Immutable.dll
Dependency assembly - System.Security.Cryptography.ProtectedData.dll
Dependency assembly - Mono.Posix.dll
Dependency assembly - System.Security.Cryptography.OpenSsl.dll
Dependency assembly - System.Runtime.Serialization.Formatters.dll
Dependency assembly - System.Security.Cryptography.RandomNumberGenerator.dll
Dependency assembly - Unity.RenderPipelines.Core.Runtime.Shared.dll
Dependency assembly - Unity.InternalAPIEngineBridge.RenderPipelines.Core.Runtime.Shared.dll
Dependency assembly - System.Json.dll
Dependency assembly - Unity.Postprocessing.Runtime.dll
Dependency assembly - Unity.RenderPipelines.Universal.Runtime.dll
Dependency assembly - Unity.RenderPipelines.Universal.Shaders.dll
Dependency assembly - System.Xml.Xsl.Primitives.dll
Dependency assembly - System.Collections.NonGeneric.dll
Dependency assembly - Unity.RenderPipelines.ShaderGraph.ShaderGraphLibrary.dll
Dependency assembly - Microsoft.Build.dll
Dependency assembly - System.ServiceModel.Primitives.dll
Dependency assembly - System.Diagnostics.FileVersionInfo.dll
Dependency assembly - SMDiagnostics.dll
Dependency assembly - mscorlib.dll
Dependency assembly - Unity.Burst.Unsafe.dll
Dependency assembly - System.Text.Encodings.Web.dll
Dependency assembly - System.Dynamic.dll
Dependency assembly - System.ServiceModel.Activation.dll
Dependency assembly - System.Web.Mvc.dll
Dependency assembly - System.Reflection.Primitives.dll
Dependency assembly - System.ServiceModel.dll
Dependency assembly - System.Data.SqlClient.dll
Dependency assembly - System.Web.Abstractions.dll
Dependency assembly - System.Runtime.InteropServices.dll
Dependency assembly - System.Security.Cryptography.Encoding.dll
Dependency assembly - System.ComponentModel.Annotations.dll
Dependency assembly - System.Windows.dll
Dependency assembly - System.Net.Http.Formatting.dll
Dependency assembly - System.Xml.XPath.XmlDocument.dll
Dependency assembly - System.Collections.dll
Dependency assembly - System.Data.OracleClient.dll
Dependency assembly - System.Xml.Serialization.dll
Dependency assembly - System.Reactive.Providers.dll
Dependency assembly - System.ServiceModel.Security.dll
Dependency assembly - I18N.MidEast.dll
Dependency assembly - System.Web.ApplicationServices.dll
Dependency assembly - System.Net.WebHeaderCollection.dll
Dependency assembly - System.Collections.Concurrent.dll
Dependency assembly - System.Reactive.Windows.Forms.dll
Dependency assembly - System.IO.FileSystem.Primitives.dll
Dependency assembly - System.Resources.Writer.dll
Dependency assembly - Mono.Security.dll
Dependency assembly - System.Net.Ping.dll
Dependency assembly - Unity.PathTracing.Runtime.dll
Dependency assembly - System.IdentityModel.dll
Dependency assembly - RabbitMQ.Client.dll
Dependency assembly - System.Net.Security.dll
Dependency assembly - Mono.CompilerServices.SymbolWriter.dll
Dependency assembly - Mono.Options.dll
Dependency assembly - System.Data.Services.dll
Dependency assembly - System.Text.Json.dll
Dependency assembly - System.Net.AuthenticationManager.dll
Dependency assembly - System.Globalization.Calendars.dll
Dependency assembly - System.IO.Compression.dll
Dependency assembly - System.Runtime.DurableInstancing.dll
Dependency assembly - Microsoft.Win32.Registry.AccessControl.dll
Dependency assembly - Mono.XBuild.Tasks.dll
Dependency assembly - monodoc.dll
Dependency assembly - System.Globalization.dll
Dependency assembly - System.Data.DataSetExtensions.dll
Dependency assembly - System.DirectoryServices.Protocols.dll
Dependency assembly - System.Resources.Reader.dll
Dependency assembly - System.Reflection.dll
Dependency assembly - System.Workflow.Runtime.dll
Dependency assembly - System.Numerics.Vectors.dll
Dependency assembly - System.Runtime.Serialization.Xml.dll
Dependency assembly - System.Runtime.Handles.dll
Dependency assembly - Mono.C5.dll
Dependency assembly - System.Security.Cryptography.Pkcs.dll
Dependency assembly - System.ServiceProcess.ServiceController.dll
Dependency assembly - Mono.Management.dll
Dependency assembly - System.Reactive.Runtime.Remoting.dll
Dependency assembly - Unity.Multiplayer.Center.Common.dll
Dependency assembly - System.ServiceProcess.dll
Dependency assembly - System.Security.AccessControl.dll
Dependency assembly - System.Reactive.Debugger.dll
Dependency assembly - Unity.SurfaceCache.Runtime.dll
Dependency assembly - Microsoft.Build.Framework.dll
Dependency assembly - System.Net.WebSockets.dll
Dependency assembly - UnityEngine.UI.dll
Dependency assembly - System.Workflow.ComponentModel.dll
Dependency assembly - System.Security.Cryptography.RSA.dll
Dependency assembly - System.Diagnostics.DiagnosticSource.dll
Dependency assembly - System.Threading.Timer.dll
Dependency assembly - System.Configuration.dll
Dependency assembly - System.Web.Extensions.Design.dll
Dependency assembly - System.Web.RegularExpressions.dll
Dependency assembly - System.Reflection.TypeExtensions.dll
Dependency assembly - System.Reflection.Emit.Lightweight.dll
Dependency assembly - netstandard.dll
Dependency assembly - System.Text.Encoding.dll
Dependency assembly - System.Security.Cryptography.Encryption.Aes.dll
Dependency assembly - Unity.Collections.dll
Dependency assembly - I18N.West.dll
Dependency assembly - System.Threading.Tasks.Dataflow.dll
Dependency assembly - System.Security.Claims.dll
Dependency assembly - I18N.dll
Dependency assembly - System.Net.ServicePoint.dll
Dependency assembly - System.Runtime.dll
Dependency assembly - Unity.RenderPipelines.Universal.Config.Runtime.dll
Dependency assembly - WebMatrix.Data.dll
Dependency assembly - System.ComponentModel.EventBasedAsync.dll
Dependency assembly - System.Net.WebSockets.Client.dll
Dependency assembly - System.Linq.dll
Dependency assembly - System.Data.Common.dll
Dependency assembly - System.Reactive.Experimental.dll
Dependency assembly - System.Threading.ThreadPool.dll
Dependency assembly - ithappy.Creative_Characters_FREE.dll
Dependency assembly - System.Xml.XPath.XDocument.dll
Dependency assembly - System.IdentityModel.Selectors.dll
Dependency assembly - System.Security.SecureString.dll
Dependency assembly - System.ServiceModel.Discovery.dll
Dependency assembly - Unity.TextMeshPro.dll
Dependency assembly - System.IO.FileSystem.AccessControl.dll
Dependency assembly - System.Web.Mobile.dll
Dependency assembly - System.Data.dll
Dependency assembly - System.Net.NameResolution.dll
Dependency assembly - System.Drawing.dll
Dependency assembly - System.Security.Cryptography.DeriveBytes.dll
Dependency assembly - System.Data.Entity.dll
Dependency assembly - endel.nativewebsocket.dll
Dependency assembly - System.ServiceModel.NetTcp.dll
Dependency assembly - System.Xml.dll
Dependency assembly - System.Security.Cryptography.Encryption.ECDiffieHellman.dll
Dependency assembly - System.Runtime.Serialization.Primitives.dll
Dependency assembly - System.Reactive.Windows.Threading.dll
Dependency assembly - System.Diagnostics.Process.dll
Dependency assembly - System.ComponentModel.Composition.dll
Dependency assembly - System.Security.Cryptography.Hashing.dll
Dependency assembly - Microsoft.Win32.Primitives.dll
Dependency assembly - System.Core.dll
Dependency assembly - cscompmgd.dll
Dependency assembly - System.AppContext.dll
Dependency assembly - System.IO.FileSystem.dll
Dependency assembly - System.Xml.XDocument.dll
Dependency assembly - System.ObjectModel.dll
Dependency assembly - System.Resources.ReaderWriter.dll
Dependency assembly - System.Threading.Overlapped.dll
Dependency assembly - System.Threading.Thread.dll
Dependency assembly - System.Net.HttpListener.dll
Dependency assembly - System.Data.Services.Client.dll
Dependency assembly - Unity.Burst.dll
Dependency assembly - Microsoft.Win32.Registry.dll
Dependency assembly - System.Reactive.PlatformServices.dll
Dependency assembly - Unity.RenderPipelines.Universal.2D.Runtime.dll
Dependency assembly - System.Net.NetworkInformation.dll
Dependency assembly - System.Security.Cryptography.Hashing.Algorithms.dll
Dependency assembly - System.Security.Cryptography.Encryption.ECDsa.dll
Dependency assembly - System.Reflection.Context.dll
Dependency assembly - System.Web.Services.dll
Dependency assembly - System.Runtime.Numerics.dll
Dependency assembly - System.Net.Primitives.dll
Dependency assembly - System.Net.Sockets.dll
Dependency assembly - System.Management.dll
Dependency assembly - Commons.Xml.Relaxng.dll
Dependency assembly - System.Threading.AccessControl.dll
Dependency assembly - System.Runtime.Remoting.dll
Dependency assembly - Microsoft.VisualC.dll
Dependency assembly - System.Numerics.dll
Dependency assembly - WindowsBase.dll
Dependency assembly - System.IO.FileSystem.Watcher.dll
Dependency assembly - System.Reflection.Extensions.dll
Dependency assembly - System.ComponentModel.dll
Dependency assembly - System.ComponentModel.DataAnnotations.dll
Dependency assembly - System.Runtime.Serialization.dll
Dependency assembly - System.Threading.Tasks.dll
Dependency assembly - Mono.Messaging.RabbitMQ.dll
Dependency assembly - System.Reactive.Linq.dll
Dependency assembly - System.Diagnostics.StackTrace.dll
Dependency assembly - System.Runtime.InteropServices.WindowsRuntime.dll
Dependency assembly - System.Runtime.Extensions.dll
Dependency assembly - System.Web.Razor.dll
Dependency assembly - System.Net.Cache.dll
Dependency assembly - System.Dynamic.Runtime.dll
Dependency assembly - System.IO.UnmanagedMemoryStream.dll
Dependency assembly - System.Design.dll
Dependency assembly - System.Text.Encoding.Extensions.dll
Dependency assembly - Unity.RenderPipelines.Core.Runtime.dll
Dependency assembly - Unity.Mathematics.dll
Dependency assembly - System.Deployment.dll
Dependency assembly - Mono.Parallel.dll
Dependency assembly - System.EnterpriseServices.dll
Dependency assembly - SystemWebTestShim.dll
Dependency assembly - System.Windows.Forms.dll
Dependency assembly - System.IO.FileSystem.DriveInfo.dll
Dependency assembly - System.IO.Pipes.dll
Dependency assembly - Unity.Collections.LowLevel.ILSupport.dll
Dependency assembly - System.Diagnostics.TraceSource.dll
Dependency assembly - System.Net.Http.dll
Dependency assembly - System.ServiceModel.Web.dll
Dependency assembly - Mono.Simd.dll
Dependency assembly - System.ServiceModel.Routing.dll
Dependency assembly - System.Diagnostics.Tools.dll
Dependency assembly - Newtonsoft.Json.dll
Dependency assembly - System.Net.Http.WebRequest.dll
Dependency assembly - System.Runtime.InteropServices.RuntimeInformation.dll
Dependency assembly - System.IO.IsolatedStorage.dll
Dependency assembly - System.Security.dll
Dependency assembly - System.IO.dll
Dependency assembly - Mono.CSharp.dll
Dependency assembly - System.Messaging.dll
Dependency assembly - System.Json.Microsoft.dll
Dependency assembly - Mono.Data.Sqlite.dll
Dependency assembly - System.Web.Http.WebHost.dll
Dependency assembly - Microsoft.Build.Utilities.v4.0.dll
Dependency assembly - System.Diagnostics.Debug.dll
Dependency assembly - System.Web.WebPages.Deployment.dll
Dependency assembly - System.Memory.dll
Dependency assembly - System.Security.Cryptography.Primitives.dll
Dependency assembly - System.Security.Cryptography.X509Certificates.dll
Dependency assembly - System.Security.Cryptography.Algorithms.dll
Dependency assembly - System.Web.DynamicData.dll

Opening scene 'Assets/Scenes/Boot.unity'
Unloading 2 Unused Serialized files (Serialized files now loaded: 0)
Loaded scene 'Assets/Scenes/Boot.unity'
	Deserialize:            1.557 ms
	Integration:            250.776 ms
	Integration of assets:  0.002 ms
	Thread Wait Time:       0.054 ms
	Total Operation Time:   252.388 ms
Unloading 37 unused Assets / (0.8 MB). Loaded Objects now: 4431.
Memory consumption went from 373.0 MB to 372.3 MB.
Total: 13.096700 ms (FindLiveObjects: 0.378900 ms CreateObjectMapping: 0.594800 ms MarkObjects: 11.476400 ms  DeleteObjects: 0.645400 ms)

Opening scene 'Assets/Scenes/NameEntry.unity'
Unloading 45 Unused Serialized files (Serialized files now loaded: 0)
Loaded scene 'Assets/Scenes/NameEntry.unity'
	Deserialize:            0.808 ms
	Integration:            223.066 ms
	Integration of assets:  0.001 ms
	Thread Wait Time:       0.056 ms
	Total Operation Time:   223.931 ms
Unloading 1197 unused Assets / (5.8 MB). Loaded Objects now: 4434.
Memory consumption went from 379.4 MB to 373.6 MB.
Total: 11.961100 ms (FindLiveObjects: 0.369900 ms CreateObjectMapping: 0.738000 ms MarkObjects: 9.231300 ms  DeleteObjects: 1.620700 ms)

Opening scene 'Assets/Scenes/Connect.unity'
Unloading 1 Unused Serialized files (Serialized files now loaded: 0)
Loaded scene 'Assets/Scenes/Connect.unity'
	Deserialize:            1.038 ms
	Integration:            253.122 ms
	Integration of assets:  0.002 ms
	Thread Wait Time:       0.064 ms
	Total Operation Time:   254.226 ms
Unloading 1 unused Assets / (1.0 KB). Loaded Objects now: 4435.
Memory consumption went from 371.8 MB to 371.8 MB.
Total: 12.104900 ms (FindLiveObjects: 0.309100 ms CreateObjectMapping: 0.515900 ms MarkObjects: 11.191800 ms  DeleteObjects: 0.086900 ms)

Opening scene 'Assets/Scenes/CharacterSelect.unity'
Unloading 1 Unused Serialized files (Serialized files now loaded: 0)
Loaded scene 'Assets/Scenes/CharacterSelect.unity'
	Deserialize:            0.924 ms
	Integration:            233.662 ms
	Integration of assets:  0.001 ms
	Thread Wait Time:       0.053 ms
	Total Operation Time:   234.641 ms
Unloading 1 unused Assets / (1.0 KB). Loaded Objects now: 4436.
Memory consumption went from 371.8 MB to 371.8 MB.
Total: 10.258400 ms (FindLiveObjects: 0.521600 ms CreateObjectMapping: 0.597500 ms MarkObjects: 9.080300 ms  DeleteObjects: 0.057900 ms)

Opening scene 'Assets/Scenes/Lobby.unity'
Unloading 1 Unused Serialized files (Serialized files now loaded: 0)
Loaded scene 'Assets/Scenes/Lobby.unity'
	Deserialize:            0.790 ms
	Integration:            228.556 ms
	Integration of assets:  0.002 ms
	Thread Wait Time:       0.050 ms
	Total Operation Time:   229.398 ms
Unloading 1 unused Assets / (1.0 KB). Loaded Objects now: 4437.
Memory consumption went from 371.9 MB to 371.9 MB.
Total: 10.377300 ms (FindLiveObjects: 0.335500 ms CreateObjectMapping: 0.804600 ms MarkObjects: 9.196700 ms  DeleteObjects: 0.039500 ms)

Opening scene 'Assets/Scenes/Arena.unity'
Unloading 1 Unused Serialized files (Serialized files now loaded: 0)
Loaded scene 'Assets/Scenes/Arena.unity'
	Deserialize:            0.951 ms
	Integration:            224.611 ms
	Integration of assets:  0.001 ms
	Thread Wait Time:       0.057 ms
	Total Operation Time:   225.620 ms
Unloading 1 unused Assets / (1.0 KB). Loaded Objects now: 4438.
Memory consumption went from 371.9 MB to 371.9 MB.
Total: 10.426900 ms (FindLiveObjects: 0.287000 ms CreateObjectMapping: 0.504500 ms MarkObjects: 9.576700 ms  DeleteObjects: 0.057900 ms)

Opening scene 'Assets/Scenes/TeacherMode.unity'
Unloading 1 Unused Serialized files (Serialized files now loaded: 0)
Loaded scene 'Assets/Scenes/TeacherMode.unity'
	Deserialize:            1.135 ms
	Integration:            231.645 ms
	Integration of assets:  0.002 ms
	Thread Wait Time:       0.020 ms
	Total Operation Time:   232.802 ms
Unloading 1 unused Assets / (1.0 KB). Loaded Objects now: 4439.
Memory consumption went from 371.9 MB to 371.9 MB.
Total: 10.921300 ms (FindLiveObjects: 0.339300 ms CreateObjectMapping: 0.483700 ms MarkObjects: 10.038600 ms  DeleteObjects: 0.058600 ms)

Opening scene 'Assets/Scenes/PostMatch.unity'
Unloading 1 Unused Serialized files (Serialized files now loaded: 0)
Loaded scene 'Assets/Scenes/PostMatch.unity'
	Deserialize:            0.926 ms
	Integration:            229.908 ms
	Integration of assets:  0.019 ms
	Thread Wait Time:       0.070 ms
	Total Operation Time:   230.923 ms
Unloading 1 unused Assets / (1.0 KB). Loaded Objects now: 4440.
Memory consumption went from 371.9 MB to 371.9 MB.
Total: 10.617300 ms (FindLiveObjects: 0.285000 ms CreateObjectMapping: 0.486100 ms MarkObjects: 9.783500 ms  DeleteObjects: 0.061900 ms)

Unloading 1 Unused Serialized files (Serialized files now loaded: 0)
Unloading 0 unused Assets / (0 B). Loaded Objects now: 4437.
Memory consumption went from 371.9 MB to 371.9 MB.
Total: 10.966900 ms (FindLiveObjects: 0.229300 ms CreateObjectMapping: 0.507400 ms MarkObjects: 10.216300 ms  DeleteObjects: 0.012700 ms)

Unloading 0 Unused Serialized files (Serialized files now loaded: 0)
Unloading 0 unused Assets / (Unknown). Loaded Objects now: 4437.
Memory consumption went from 371.9 MB to 371.9 MB.
Total: 11.955900 ms (FindLiveObjects: 0.406400 ms CreateObjectMapping: 0.626300 ms MarkObjects: 10.909100 ms  DeleteObjects: 0.012300 ms)

Unloading 1 Unused Serialized files (Serialized files now loaded: 0)
Unloading 172 unused Assets / (150.8 MB). Loaded Objects now: 4437.
Memory consumption went from 0.51 GB to 373.3 MB.
Total: 53.168400 ms (FindLiveObjects: 0.223300 ms CreateObjectMapping: 0.498700 ms MarkObjects: 13.695300 ms  DeleteObjects: 38.749500 ms)

Compiling shader "Hidden/Universal Render Pipeline/Sampling"
  Pass "BoxDownsample" (vp)
    Target graphics API: d3d11
    Full variant space:         1
    After settings filtering:   1
    After built-in stripping:   1
    After scriptable stripping: 1
    Processed in 0.07 seconds
  Pass "BoxDownsample" (fp)
    Target graphics API: d3d11
    Full variant space:         1
    After settings filtering:   1
    After built-in stripping:   1
    After scriptable stripping: 1
    Processed in 0.00 seconds
  Pass BoxDownsample (vp, d3d11) finished in 0.00 seconds. Local cache hits 1 (0.00s CPU time), remote cache hits 0 (0.00s CPU time), compiled 0 variants (0.00s CPU time), skipped 0 variants.
    Prepared data for serialisation in 0.00s
  Pass BoxDownsample (fp, d3d11) finished in 0.00 seconds. Local cache hits 1 (0.00s CPU time), remote cache hits 0 (0.00s CPU time), compiled 0 variants (0.00s CPU time), skipped 0 variants.
    Prepared data for serialisation in 0.00s
Serialized binary data for shader Hidden/Universal Render Pipeline/Sampling in 0.00s
    d3d11 (total internal programs: 2, unique: 2)
Compiling shader "Hidden/CoreSRP/CoreCopy"
  Pass "Copy" (vp)
    Target graphics API: d3d11
    Full variant space:         1
    After settings filtering:   1
    After built-in stripping:   1
    After scriptable stripping: 1
    Processed in 0.00 seconds
  Pass "Copy" (fp)
    Target graphics API: d3d11
    Full variant space:         2
    After settings filtering:   2
    After built-in stripping:   2
    After scriptable stripping: 2
    Processed in 0.00 seconds
  Pass "CopyMS" (vp)
    Target graphics API: d3d11
    Full variant space:         1
    After settings filtering:   1
    After built-in stripping:   1
    After scriptable stripping: 1
    Processed in 0.00 seconds
  Pass "CopyMS" (fp)
    Target graphics API: d3d11
    Full variant space:         2
    After settings filtering:   2
    After built-in stripping:   2
    After scriptable stripping: 2
    Processed in 0.00 seconds
  Pass "Copy" (vp)
    Target graphics API: d3d11
    Full variant space:         1
    After settings filtering:   1
    After built-in stripping:   1
    After scriptable stripping: 1
    Processed in 0.00 seconds
  Pass "Copy" (fp)
    Target graphics API: d3d11
    Full variant space:         2
    After settings filtering:   2
    After built-in stripping:   2
    After scriptable stripping: 2
    Processed in 0.00 seconds
  Pass Copy (vp, d3d11) finished in 0.01 seconds. Local cache hits 1 (0.00s CPU time), remote cache hits 0 (0.00s CPU time), compiled 0 variants (0.00s CPU time), skipped 0 variants.
    Prepared data for serialisation in 0.00s
  Pass Copy (fp, d3d11) finished in 0.00 seconds. Local cache hits 2 (0.00s CPU time), remote cache hits 0 (0.00s CPU time), compiled 0 variants (0.00s CPU time), skipped 0 variants.
    Prepared data for serialisation in 0.00s
  Pass CopyMS (vp, d3d11) finished in 0.00 seconds. Local cache hits 1 (0.00s CPU time), remote cache hits 0 (0.00s CPU time), compiled 0 variants (0.00s CPU time), skipped 0 variants.
    Prepared data for serialisation in 0.00s
  Pass CopyMS (fp, d3d11) finished in 0.00 seconds. Local cache hits 2 (0.00s CPU time), remote cache hits 0 (0.00s CPU time), compiled 0 variants (0.00s CPU time), skipped 0 variants.
    Prepared data for serialisation in 0.00s
  Pass Copy (vp, d3d11) finished in 0.00 seconds. Local cache hits 1 (0.00s CPU time), remote cache hits 0 (0.00s CPU time), compiled 0 variants (0.00s CPU time), skipped 0 variants.
    Prepared data for serialisation in 0.00s
  Pass Copy (fp, d3d11) finished in 0.00 seconds. Local cache hits 2 (0.00s CPU time), remote cache hits 0 (0.00s CPU time), compiled 0 variants (0.00s CPU time), skipped 0 variants.
    Prepared data for serialisation in 0.00s
Serialized binary data for shader Hidden/CoreSRP/CoreCopy in 0.00s
    d3d11 (total internal programs: 9, unique: 6)
Compiling shader "QuizBattle/Toon"
  Pass "Outline" (vp)
    Target graphics API: d3d11
    Full variant space:         2
    After settings filtering:   2
    After built-in stripping:   1
    After scriptable stripping: 1
    Processed in 0.00 seconds
  Pass "Outline" (fp)
    Target graphics API: d3d11
    Full variant space:         2
    After settings filtering:   2
    After built-in stripping:   1
    After scriptable stripping: 1
    Processed in 0.00 seconds
  Pass "Forward" (vp)
    Target graphics API: d3d11
    Full variant space:         8
    After settings filtering:   4
    After built-in stripping:   2
    After scriptable stripping: 2
    Processed in 0.00 seconds
  Pass "Forward" (fp)
    Target graphics API: d3d11
    Full variant space:         32
    After settings filtering:   8
    After built-in stripping:   4
    After scriptable stripping: 4
    Processed in 0.00 seconds
  Pass "ShadowCaster" (vp)
    Target graphics API: d3d11
    Full variant space:         2
    After settings filtering:   2
    After built-in stripping:   1
    After scriptable stripping: 1
    Processed in 0.00 seconds
  Pass "ShadowCaster" (fp)
    Target graphics API: d3d11
    Full variant space:         2
    After settings filtering:   2
    After built-in stripping:   1
    After scriptable stripping: 1
    Processed in 0.00 seconds
  Pass "DepthOnly" (vp)
    Target graphics API: d3d11
    Full variant space:         2
    After settings filtering:   2
    After built-in stripping:   1
    After scriptable stripping: 1
    Processed in 0.00 seconds
  Pass "DepthOnly" (fp)
    Target graphics API: d3d11
    Full variant space:         2
    After settings filtering:   2
    After built-in stripping:   1
    After scriptable stripping: 1
    Processed in 0.00 seconds
  Pass Outline (vp, d3d11) finished in 0.02 seconds. Local cache hits 1 (0.00s CPU time), remote cache hits 0 (0.00s CPU time), compiled 0 variants (0.00s CPU time), skipped 0 variants.
    Prepared data for serialisation in 0.00s
  Pass Outline (fp, d3d11) finished in 0.02 seconds. Local cache hits 1 (0.00s CPU time), remote cache hits 0 (0.00s CPU time), compiled 0 variants (0.00s CPU time), skipped 0 variants.
    Prepared data for serialisation in 0.00s
  Pass Forward (vp, d3d11) finished in 0.01 seconds. Local cache hits 2 (0.00s CPU time), remote cache hits 0 (0.00s CPU time), compiled 0 variants (0.00s CPU time), skipped 0 variants.
    Prepared data for serialisation in 0.00s
  Pass Forward (fp, d3d11) finished in 0.01 seconds. Local cache hits 4 (0.00s CPU time), remote cache hits 0 (0.00s CPU time), compiled 0 variants (0.00s CPU time), skipped 0 variants.
    Prepared data for serialisation in 0.00s
  Pass ShadowCaster (vp, d3d11) finished in 0.01 seconds. Local cache hits 1 (0.00s CPU time), remote cache hits 0 (0.00s CPU time), compiled 0 variants (0.00s CPU time), skipped 0 variants.
    Prepared data for serialisation in 0.00s
  Pass ShadowCaster (fp, d3d11) finished in 0.01 seconds. Local cache hits 1 (0.00s CPU time), remote cache hits 0 (0.00s CPU time), compiled 0 variants (0.00s CPU time), skipped 0 variants.
    Prepared data for serialisation in 0.00s
  Pass DepthOnly (vp, d3d11) finished in 0.00 seconds. Local cache hits 1 (0.00s CPU time), remote cache hits 0 (0.00s CPU time), compiled 0 variants (0.00s CPU time), skipped 0 variants.
    Prepared data for serialisation in 0.00s
  Pass DepthOnly (fp, d3d11) finished in 0.00 seconds. Local cache hits 1 (0.00s CPU time), remote cache hits 0 (0.00s CPU time), compiled 0 variants (0.00s CPU time), skipped 0 variants.
    Prepared data for serialisation in 0.00s
Serialized binary data for shader QuizBattle/Toon in 0.00s
    d3d11 (total internal programs: 12, unique: 12)
Compiling shader "Hidden/Universal Render Pipeline/ClusterDeferred"
  Pass "Deferred Clustered Lights (Lit)" (vp)
    Target graphics API: d3d11
    Full variant space:         2
    After settings filtering:   1
    After built-in stripping:   1
    After scriptable stripping: 0
    Processed in 0.00 seconds
  Pass "Deferred Clustered Lights (Lit)" (fp)
    Target graphics API: d3d11
    Full variant space:         10.240
    After settings filtering:   32
    After built-in stripping:   8
    After scriptable stripping: 0
    Processed in 0.00 seconds
  Pass "Deferred Clustered Lights (SimpleLit)" (vp)
    Target graphics API: d3d11
    Full variant space:         2
    After settings filtering:   1
    After built-in stripping:   1
    After scriptable stripping: 0
    Processed in 0.00 seconds
  Pass "Deferred Clustered Lights (SimpleLit)" (fp)
    Target graphics API: d3d11
    Full variant space:         10.240
    After settings filtering:   32
    After built-in stripping:   8
    After scriptable stripping: 0
    Processed in 0.00 seconds
  Pass "Fog" (vp)
    Target graphics API: d3d11
    Full variant space:         4
    After settings filtering:   4
    After built-in stripping:   1
    After scriptable stripping: 0
    Processed in 0.00 seconds
  Pass "Fog" (fp)
    Target graphics API: d3d11
    Full variant space:         8
    After settings filtering:   4
    After built-in stripping:   1
    After scriptable stripping: 0
    Processed in 0.00 seconds
Serialized binary data for shader Hidden/Universal Render Pipeline/ClusterDeferred in 0.00s
    d3d11 (total internal programs: 0, unique: 0)
Compiling shader "Hidden/TerrainEngine/Details/UniversalPipeline/BillboardWavingDoublePass"
  Pass "ForwardLit" (vp)
    Target graphics API: d3d11
    Full variant space:         3.072
    After settings filtering:   256
    After built-in stripping:   2
    After scriptable stripping: 2
    Processed in 0.00 seconds
  Pass "ForwardLit" (fp)
    Target graphics API: d3d11
    Full variant space:         491.520
    After settings filtering:   512
    After built-in stripping:   4
    After scriptable stripping: 4
    Processed in 0.00 seconds
  Pass "GBuffer" (vp)
    Target graphics API: d3d11
    Full variant space:         32
    After settings filtering:   16
    After built-in stripping:   2
    After scriptable stripping: 0
    Processed in 0.00 seconds
  Pass "GBuffer" (fp)
    Target graphics API: d3d11
    Full variant space:         1.280
    After settings filtering:   32
    After built-in stripping:   4
    After scriptable stripping: 0
    Processed in 0.00 seconds
  Pass "DepthOnly" (vp)
    Target graphics API: d3d11
    Full variant space:         2
    After settings filtering:   2
    After built-in stripping:   1
    After scriptable stripping: 1
    Processed in 0.00 seconds
  Pass "DepthOnly" (fp)
    Target graphics API: d3d11
    Full variant space:         2
    After settings filtering:   2
    After built-in stripping:   1
    After scriptable stripping: 1
    Processed in 0.00 seconds
  Pass "DepthNormals" (vp)
    Target graphics API: d3d11
    Full variant space:         2
    After settings filtering:   2
    After built-in stripping:   1
    After scriptable stripping: 1
    Processed in 0.00 seconds
  Pass "DepthNormals" (fp)
    Target graphics API: d3d11
    Full variant space:         2
    After settings filtering:   2
    After built-in stripping:   1
    After scriptable stripping: 1
    Processed in 0.00 seconds
  Pass ForwardLit (vp, d3d11) finished in 0.02 seconds. Local cache hits 2 (0.00s CPU time), remote cache hits 0 (0.00s CPU time), compiled 0 variants (0.00s CPU time), skipped 0 variants.
    Prepared data for serialisation in 0.00s
  Pass ForwardLit (fp, d3d11) finished in 0.01 seconds. Local cache hits 4 (0.00s CPU time), remote cache hits 0 (0.00s CPU time), compiled 0 variants (0.00s CPU time), skipped 0 variants.
    Prepared data for serialisation in 0.00s
  Pass DepthOnly (vp, d3d11) finished in 0.01 seconds. Local cache hits 1 (0.00s CPU time), remote cache hits 0 (0.00s CPU time), compiled 0 variants (0.00s CPU time), skipped 0 variants.
    Prepared data for serialisation in 0.00s
  Pass DepthOnly (fp, d3d11) finished in 0.00 seconds. Local cache hits 1 (0.00s CPU time), remote cache hits 0 (0.00s CPU time), compiled 0 variants (0.00s CPU time), skipped 0 variants.
    Prepared data for serialisation in 0.00s
  Pass DepthNormals (vp, d3d11) finished in 0.00 seconds. Local cache hits 1 (0.00s CPU time), remote cache hits 0 (0.00s CPU time), compiled 0 variants (0.00s CPU time), skipped 0 variants.
    Prepared data for serialisation in 0.00s
  Pass DepthNormals (fp, d3d11) finished in 0.00 seconds. Local cache hits 1 (0.00s CPU time), remote cache hits 0 (0.00s CPU time), compiled 0 variants (0.00s CPU time), skipped 0 variants.
    Prepared data for serialisation in 0.00s
Serialized binary data for shader Hidden/TerrainEngine/Details/UniversalPipeline/BillboardWavingDoublePass in 0.00s
    d3d11 (total internal programs: 10, unique: 10)
Compiling shader "Hidden/Core/FallbackError"
  Pass "" (vp)
    Target graphics API: d3d11
    Full variant space:         3
    After settings filtering:   3
    After built-in stripping:   1
    After scriptable stripping: 1
    Processed in 0.00 seconds
  Pass "" (fp)
    Target graphics API: d3d11
    Full variant space:         3
    After settings filtering:   3
    After built-in stripping:   1
    After scriptable stripping: 1
    Processed in 0.00 seconds
  Pass  (vp, d3d11) finished in 0.00 seconds. Local cache hits 1 (0.00s CPU time), remote cache hits 0 (0.00s CPU time), compiled 0 variants (0.00s CPU time), skipped 0 variants.
    Prepared data for serialisation in 0.00s
  Pass  (fp, d3d11) finished in 0.00 seconds. Local cache hits 1 (0.00s CPU time), remote cache hits 0 (0.00s CPU time), compiled 0 variants (0.00s CPU time), skipped 0 variants.
    Prepared data for serialisation in 0.00s
Serialized binary data for shader Hidden/Core/FallbackError in 0.00s
    d3d11 (total internal programs: 2, unique: 2)
Compiling shader "Hidden/Universal Render Pipeline/XR/XROcclusionMesh"
  Pass "" (vp)
    Target graphics API: d3d11
    Full variant space:         2
    After settings filtering:   1
    After built-in stripping:   1
    After scriptable stripping: 0
    Processed in 0.00 seconds
  Pass "" (fp)
    Target graphics API: d3d11
    Full variant space:         2
    After settings filtering:   1
    After built-in stripping:   1
    After scriptable stripping: 0
    Processed in 0.00 seconds
Serialized binary data for shader Hidden/Universal Render Pipeline/XR/XROcclusionMesh in 0.00s
    d3d11 (total internal programs: 0, unique: 0)
Compiling shader "Hidden/Universal/HDRDebugView"
  Pass "" (vp)
    Target graphics API: d3d11
    Full variant space:         1
    After settings filtering:   1
    After built-in stripping:   1
    After scriptable stripping: 1
    Processed in 0.00 seconds
  Pass "" (fp)
    Target graphics API: d3d11
    Full variant space:         4
    After settings filtering:   1
    After built-in stripping:   1
    After scriptable stripping: 1
    Processed in 0.00 seconds
  Pass "" (vp)
    Target graphics API: d3d11
    Full variant space:         1
    After settings filtering:   1
    After built-in stripping:   1
    After scriptable stripping: 1
    Processed in 0.00 seconds
  Pass "" (fp)
    Target graphics API: d3d11
    Full variant space:         4
    After settings filtering:   1
    After built-in stripping:   1
    After scriptable stripping: 1
    Processed in 0.00 seconds
  Pass  (vp, d3d11) finished in 0.01 seconds. Local cache hits 1 (0.00s CPU time), remote cache hits 0 (0.00s CPU time), compiled 0 variants (0.00s CPU time), skipped 0 variants.
    Prepared data for serialisation in 0.00s
  Pass  (fp, d3d11) finished in 0.00 seconds. Local cache hits 1 (0.00s CPU time), remote cache hits 0 (0.00s CPU time), compiled 0 variants (0.00s CPU time), skipped 0 variants.
    Prepared data for serialisation in 0.00s
  Pass  (vp, d3d11) finished in 0.00 seconds. Local cache hits 1 (0.00s CPU time), remote cache hits 0 (0.00s CPU time), compiled 0 variants (0.00s CPU time), skipped 0 variants.
    Prepared data for serialisation in 0.00s
  Pass  (fp, d3d11) finished in 0.00 seconds. Local cache hits 1 (0.00s CPU time), remote cache hits 0 (0.00s CPU time), compiled 0 variants (0.00s CPU time), skipped 0 variants.
    Prepared data for serialisation in 0.00s
Serialized binary data for shader Hidden/Universal/HDRDebugView in 0.00s
    d3d11 (total internal programs: 4, unique: 3)
Compiling shader "QuizBattle/GlowAdditive"
  Pass "ForwardAdditive" (vp)
    Target graphics API: d3d11
    Full variant space:         2
    After settings filtering:   2
    After built-in stripping:   1
    After scriptable stripping: 1
    Processed in 0.00 seconds
  Pass "ForwardAdditive" (fp)
    Target graphics API: d3d11
    Full variant space:         2
    After settings filtering:   2
    After built-in stripping:   1
    After scriptable stripping: 1
    Processed in 0.00 seconds
  Pass ForwardAdditive (vp, d3d11) finished in 0.00 seconds. Local cache hits 1 (0.00s CPU time), remote cache hits 0 (0.00s CPU time), compiled 0 variants (0.00s CPU time), skipped 0 variants.
    Prepared data for serialisation in 0.00s
  Pass ForwardAdditive (fp, d3d11) finished in 0.00 seconds. Local cache hits 1 (0.00s CPU time), remote cache hits 0 (0.00s CPU time), compiled 0 variants (0.00s CPU time), skipped 0 variants.
    Prepared data for serialisation in 0.00s
Serialized binary data for shader QuizBattle/GlowAdditive in 0.00s
    d3d11 (total internal programs: 2, unique: 2)
Compiling shader "Hidden/Core/VrsVisualization"
  Pass "VrsVisualization" (vp)
    Target graphics API: d3d11
    Full variant space:         1
    After settings filtering:   1
    After built-in stripping:   1
    After scriptable stripping: 1
    Processed in 0.00 seconds
  Pass "VrsVisualization" (fp)
    Target graphics API: d3d11
    Full variant space:         1
    After settings filtering:   1
    After built-in stripping:   1
    After scriptable stripping: 1
    Processed in 0.00 seconds
  Pass VrsVisualization (vp, d3d11) finished in 0.00 seconds. Local cache hits 1 (0.00s CPU time), remote cache hits 0 (0.00s CPU time), compiled 0 variants (0.00s CPU time), skipped 0 variants.
    Prepared data for serialisation in 0.00s
  Pass VrsVisualization (fp, d3d11) finished in 0.00 seconds. Local cache hits 1 (0.00s CPU time), remote cache hits 0 (0.00s CPU time), compiled 0 variants (0.00s CPU time), skipped 0 variants.
    Prepared data for serialisation in 0.00s
Serialized binary data for shader Hidden/Core/VrsVisualization in 0.00s
    d3d11 (total internal programs: 2, unique: 2)
Compiling shader "Universal Render Pipeline/Unlit"
  Pass "Unlit" (vp)
    Target graphics API: d3d11
    Full variant space:         64
    After settings filtering:   32
    After built-in stripping:   2
    After scriptable stripping: 2
    Processed in 0.00 seconds
  Pass "Unlit" (fp)
    Target graphics API: d3d11
    Full variant space:         1.024
    After settings filtering:   32
    After built-in stripping:   2
    After scriptable stripping: 2
    Processed in 0.00 seconds
  Pass "GBuffer" (vp)
    Target graphics API: d3d11
    Full variant space:         8
    After settings filtering:   8
    After built-in stripping:   2
    After scriptable stripping: 0
    Processed in 0.00 seconds
  Pass "GBuffer" (fp)
    Target graphics API: d3d11
    Full variant space:         1.024
    After settings filtering:   16
    After built-in stripping:   2
    After scriptable stripping: 0
    Processed in 0.00 seconds
  Pass "DepthOnly" (vp)
    Target graphics API: d3d11
    Full variant space:         8
    After settings filtering:   8
    After built-in stripping:   2
    After scriptable stripping: 2
    Processed in 0.00 seconds
  Pass "DepthOnly" (fp)
    Target graphics API: d3d11
    Full variant space:         8
    After settings filtering:   8
    After built-in stripping:   2
    After scriptable stripping: 2
    Processed in 0.00 seconds
  Pass "DepthNormalsOnly" (vp)
    Target graphics API: d3d11
    Full variant space:         8
    After settings filtering:   8
    After built-in stripping:   2
    After scriptable stripping: 2
    Processed in 0.00 seconds
  Pass "DepthNormalsOnly" (fp)
    Target graphics API: d3d11
    Full variant space:         32
    After settings filtering:   8
    After built-in stripping:   2
    After scriptable stripping: 2
    Processed in 0.00 seconds
  Pass "MotionVectors" (vp)
    Target graphics API: d3d11
    Full variant space:         8
    After settings filtering:   8
    After built-in stripping:   2
    After scriptable stripping: 2
    Processed in 0.00 seconds
  Pass "MotionVectors" (fp)
    Target graphics API: d3d11
    Full variant space:         8
    After settings filtering:   8
    After built-in stripping:   2
    After scriptable stripping: 2
    Processed in 0.00 seconds
  Pass "XRMotionVectors" (vp)
    Target graphics API: d3d11
    Full variant space:         16
    After settings filtering:   16
    After built-in stripping:   4
    After scriptable stripping: 0
    Processed in 0.00 seconds
  Pass "XRMotionVectors" (fp)
    Target graphics API: d3d11
    Full variant space:         16
    After settings filtering:   16
    After built-in stripping:   4
    After scriptable stripping: 0
    Processed in 0.00 seconds
  Pass Unlit (vp, d3d11) finished in 0.03 seconds. Local cache hits 2 (0.00s CPU time), remote cache hits 0 (0.00s CPU time), compiled 0 variants (0.00s CPU time), skipped 0 variants.
    Prepared data for serialisation in 0.00s
  Pass Unlit (fp, d3d11) finished in 0.02 seconds. Local cache hits 2 (0.00s CPU time), remote cache hits 0 (0.00s CPU time), compiled 0 variants (0.00s CPU time), skipped 0 variants.
    Prepared data for serialisation in 0.00s
  Pass DepthOnly (vp, d3d11) finished in 0.02 seconds. Local cache hits 2 (0.00s CPU time), remote cache hits 0 (0.00s CPU time), compiled 0 variants (0.00s CPU time), skipped 0 variants.
    Prepared data for serialisation in 0.00s
  Pass DepthOnly (fp, d3d11) finished in 0.01 seconds. Local cache hits 2 (0.00s CPU time), remote cache hits 0 (0.00s CPU time), compiled 0 variants (0.00s CPU time), skipped 0 variants.
    Prepared data for serialisation in 0.00s
  Pass DepthNormalsOnly (vp, d3d11) finished in 0.01 seconds. Local cache hits 2 (0.00s CPU time), remote cache hits 0 (0.00s CPU time), compiled 0 variants (0.00s CPU time), skipped 0 variants.
    Prepared data for serialisation in 0.00s
  Pass DepthNormalsOnly (fp, d3d11) finished in 0.01 seconds. Local cache hits 2 (0.00s CPU time), remote cache hits 0 (0.00s CPU time), compiled 0 variants (0.00s CPU time), skipped 0 variants.
    Prepared data for serialisation in 0.00s
  Pass MotionVectors (vp, d3d11) finished in 0.01 seconds. Local cache hits 2 (0.00s CPU time), remote cache hits 0 (0.00s CPU time), compiled 0 variants (0.00s CPU time), skipped 0 variants.
    Prepared data for serialisation in 0.00s
  Pass MotionVectors (fp, d3d11) finished in 0.00 seconds. Local cache hits 2 (0.00s CPU time), remote cache hits 0 (0.00s CPU time), compiled 0 variants (0.00s CPU time), skipped 0 variants.
    Prepared data for serialisation in 0.00s
Serialized binary data for shader Universal Render Pipeline/Unlit in 0.00s
    d3d11 (total internal programs: 16, unique: 16)
Compiling shader "Hidden/Universal Render Pipeline/StencilDitherMaskSeed"
  Pass "StencilDitherMaskSeed" (vp)
    Target graphics API: d3d11
    Full variant space:         1
    After settings filtering:   1
    After built-in stripping:   1
    After scriptable stripping: 1
    Processed in 0.00 seconds
  Pass "StencilDitherMaskSeed" (fp)
    Target graphics API: d3d11
    Full variant space:         1
    After settings filtering:   1
    After built-in stripping:   1
    After scriptable stripping: 1
    Processed in 0.00 seconds
  Pass StencilDitherMaskSeed (vp, d3d11) finished in 0.00 seconds. Local cache hits 1 (0.00s CPU time), remote cache hits 0 (0.00s CPU time), compiled 0 variants (0.00s CPU time), skipped 0 variants.
    Prepared data for serialisation in 0.00s
  Pass StencilDitherMaskSeed (fp, d3d11) finished in 0.00 seconds. Local cache hits 1 (0.00s CPU time), remote cache hits 0 (0.00s CPU time), compiled 0 variants (0.00s CPU time), skipped 0 variants.
    Prepared data for serialisation in 0.00s
Serialized binary data for shader Hidden/Universal Render Pipeline/StencilDitherMaskSeed in 0.00s
    d3d11 (total internal programs: 2, unique: 2)
Compiling shader "Hidden/Universal/CoreBlit"
  Pass "Nearest" (vp)
    Target graphics API: d3d11
    Full variant space:         1
    After settings filtering:   1
    After built-in stripping:   1
    After scriptable stripping: 1
    Processed in 0.00 seconds
  Pass "Nearest" (fp)
    Target graphics API: d3d11
    Full variant space:         1
    After settings filtering:   1
    After built-in stripping:   1
    After scriptable stripping: 1
    Processed in 0.00 seconds
  Pass "Bilinear" (vp)
    Target graphics API: d3d11
    Full variant space:         1
    After settings filtering:   1
    After built-in stripping:   1
    After scriptable stripping: 1
    Processed in 0.00 seconds
  Pass "Bilinear" (fp)
    Target graphics API: d3d11
    Full variant space:         1
    After settings filtering:   1
    After built-in stripping:   1
    After scriptable stripping: 1
    Processed in 0.00 seconds
  Pass "NearestQuad" (vp)
    Target graphics API: d3d11
    Full variant space:         1
    After settings filtering:   1
    After built-in stripping:   1
    After scriptable stripping: 1
    Processed in 0.00 seconds
  Pass "NearestQuad" (fp)
    Target graphics API: d3d11
    Full variant space:         1
    After settings filtering:   1
    After built-in stripping:   1
    After scriptable stripping: 1
    Processed in 0.00 seconds
  Pass "BilinearQuad" (vp)
    Target graphics API: d3d11
    Full variant space:         1
    After settings filtering:   1
    After built-in stripping:   1
    After scriptable stripping: 1
    Processed in 0.00 seconds
  Pass "BilinearQuad" (fp)
    Target graphics API: d3d11
    Full variant space:         1
    After settings filtering:   1
    After built-in stripping:   1
    After scriptable stripping: 1
    Processed in 0.00 seconds
  Pass "NearestQuadPadding" (vp)
    Target graphics API: d3d11
    Full variant space:         1
    After settings filtering:   1
    After built-in stripping:   1
    After scriptable stripping: 1
    Processed in 0.00 seconds
  Pass "NearestQuadPadding" (fp)
    Target graphics API: d3d11
    Full variant space:         1
    After settings filtering:   1
    After built-in stripping:   1
    After scriptable stripping: 1
    Processed in 0.00 seconds
  Pass "BilinearQuadPadding" (vp)
    Target graphics API: d3d11
    Full variant space:         1
    After settings filtering:   1
    After built-in stripping:   1
    After scriptable stripping: 1
    Processed in 0.00 seconds
  Pass "BilinearQuadPadding" (fp)
    Target graphics API: d3d11
    Full variant space:         1
    After settings filtering:   1
    After built-in stripping:   1
    After scriptable stripping: 1
    Processed in 0.00 seconds
  Pass "NearestQuadPaddingRepeat" (vp)
    Target graphics API: d3d11
    Full variant space:         1
    After settings filtering:   1
    After built-in stripping:   1
    After scriptable stripping: 1
    Processed in 0.00 seconds
  Pass "NearestQuadPaddingRepeat" (fp)
    Target graphics API: d3d11
    Full variant space:         1
    After settings filtering:   1
    After built-in stripping:   1
    After scriptable stripping: 1
    Processed in 0.00 seconds
  Pass "BilinearQuadPaddingRepeat" (vp)
    Target graphics API: d3d11
    Full variant space:         1
    After settings filtering:   1
    After built-in stripping:   1
    After scriptable stripping: 1
    Processed in 0.00 seconds
  Pass "BilinearQuadPaddingRepeat" (fp)
    Target graphics API: d3d11
    Full variant space:         1
    After settings filtering:   1
    After built-in stripping:   1
    After scriptable stripping: 1
    Processed in 0.00 seconds
  Pass "BilinearQuadPaddingOctahedral" (vp)
    Target graphics API: d3d11
    Full variant space:         1
    After settings filtering:   1
    After built-in stripping:   1
    After scriptable stripping: 1
    Processed in 0.00 seconds
  Pass "BilinearQuadPaddingOctahedral" (fp)
    Target graphics API: d3d11
    Full variant space:         1
    After settings filtering:   1
    After built-in stripping:   1
    After scriptable stripping: 1
    Processed in 0.00 seconds
  Pass "NearestQuadPaddingAlphaBlend" (vp)
    Target graphics API: d3d11
    Full variant space:         1
    After settings filtering:   1
    After built-in stripping:   1
    After scriptable stripping: 1
    Processed in 0.00 seconds
  Pass "NearestQuadPaddingAlphaBlend" (fp)
    Target graphics API: d3d11
    Full variant space:         1
    After settings filtering:   1
    After built-in stripping:   1
    After scriptable stripping: 1
    Processed in 0.00 seconds
  Pass "BilinearQuadPaddingAlphaBlend" (vp)
    Target graphics API: d3d11
    Full variant space:         1
    After settings filtering:   1
    After built-in stripping:   1
    After scriptable stripping: 1
    Processed in 0.00 seconds
  Pass "BilinearQuadPaddingAlphaBlend" (fp)
    Target graphics API: d3d11
    Full variant space:         1
    After settings filtering:   1
    After built-in stripping:   1
    After scriptable stripping: 1
    Processed in 0.00 seconds
  Pass "NearestQuadPaddingAlphaBlendRepeat" (vp)
    Target graphics API: d3d11
    Full variant space:         1
    After settings filtering:   1
    After built-in stripping:   1
    After scriptable stripping: 1
    Processed in 0.00 seconds
  Pass "NearestQuadPaddingAlphaBlendRepeat" (fp)
    Target graphics API: d3d11
    Full variant space:         1
    After settings filtering:   1
    After built-in stripping:   1
    After scriptable stripping: 1
    Processed in 0.00 seconds
  Pass "BilinearQuadPaddingAlphaBlendRepeat" (vp)
    Target graphics API: d3d11
    Full variant space:         1
    After settings filtering:   1
    After built-in stripping:   1
    After scriptable stripping: 1
    Processed in 0.00 seconds
  Pass "BilinearQuadPaddingAlphaBlendRepeat" (fp)
    Target graphics API: d3d11
    Full variant space:         1
    After settings filtering:   1
    After built-in stripping:   1
    After scriptable stripping: 1
    Processed in 0.00 seconds
  Pass "BilinearQuadPaddingAlphaBlendOctahedral" (vp)
    Target graphics API: d3d11
    Full variant space:         1
    After settings filtering:   1
    After built-in stripping:   1
    After scriptable stripping: 1
    Processed in 0.00 seconds
  Pass "BilinearQuadPaddingAlphaBlendOctahedral" (fp)
    Target graphics API: d3d11
    Full variant space:         1
    After settings filtering:   1
    After built-in stripping:   1
    After scriptable stripping: 1
    Processed in 0.00 seconds
  Pass "CubeToOctahedral" (vp)
    Target graphics API: d3d11
    Full variant space:         1
    After settings filtering:   1
    After built-in stripping:   1
    After scriptable stripping: 1
    Processed in 0.00 seconds
  Pass "CubeToOctahedral" (fp)
    Target graphics API: d3d11
    Full variant space:         1
    After settings filtering:   1
    After built-in stripping:   1
    After scriptable stripping: 1
    Processed in 0.00 seconds
  Pass "CubeToOctahedralLuminance" (vp)
    Target graphics API: d3d11
    Full variant space:         1
    After settings filtering:   1
    After built-in stripping:   1
    After scriptable stripping: 1
    Processed in 0.00 seconds
  Pass "CubeToOctahedralLuminance" (fp)
    Target graphics API: d3d11
    Full variant space:         1
    After settings filtering:   1
    After built-in stripping:   1
    After scriptable stripping: 1
    Processed in 0.00 seconds
  Pass "CubeToOctahedralAlpha" (vp)
    Target graphics API: d3d11
    Full variant space:         1
    After settings filtering:   1
    After built-in stripping:   1
    After scriptable stripping: 1
    Processed in 0.00 seconds
  Pass "CubeToOctahedralAlpha" (fp)
    Target graphics API: d3d11
    Full variant space:         1
    After settings filtering:   1
    After built-in stripping:   1
    After scriptable stripping: 1
    Processed in 0.00 seconds
  Pass "CubeToOctahedralRed" (vp)
    Target graphics API: d3d11
    Full variant space:         1
    After settings filtering:   1
    After built-in stripping:   1
    After scriptable stripping: 1
    Processed in 0.00 seconds
  Pass "CubeToOctahedralRed" (fp)
    Target graphics API: d3d11
    Full variant space:         1
    After settings filtering:   1
    After built-in stripping:   1
    After scriptable stripping: 1
    Processed in 0.00 seconds
  Pass "BilinearQuadLuminance" (vp)
    Target graphics API: d3d11
    Full variant space:         1
    After settings filtering:   1
    After built-in stripping:   1
    After scriptable stripping: 1
    Processed in 0.00 seconds
  Pass "BilinearQuadLuminance" (fp)
    Target graphics API: d3d11
    Full variant space:         1
    After settings filtering:   1
    After built-in stripping:   1
    After scriptable stripping: 1
    Processed in 0.00 seconds
  Pass "BilinearQuadAlpha" (vp)
    Target graphics API: d3d11
    Full variant space:         1
    After settings filtering:   1
    After built-in stripping:   1
    After scriptable stripping: 1
    Processed in 0.00 seconds
  Pass "BilinearQuadAlpha" (fp)
    Target graphics API: d3d11
    Full variant space:         1
    After settings filtering:   1
    After built-in stripping:   1
    After scriptable stripping: 1
    Processed in 0.00 seconds
  Pass "BilinearQuadRed" (vp)
    Target graphics API: d3d11
    Full variant space:         1
    After settings filtering:   1
    After built-in stripping:   1
    After scriptable stripping: 1
    Processed in 0.00 seconds
  Pass "BilinearQuadRed" (fp)
    Target graphics API: d3d11
    Full variant space:         1
    After settings filtering:   1
    After built-in stripping:   1
    After scriptable stripping: 1
    Processed in 0.00 seconds
  Pass "NearestCubeToOctahedralPadding" (vp)
    Target graphics API: d3d11
    Full variant space:         2
    After settings filtering:   2
    After built-in stripping:   2
    After scriptable stripping: 2
    Processed in 0.00 seconds
  Pass "NearestCubeToOctahedralPadding" (fp)
    Target graphics API: d3d11
    Full variant space:         2
    After settings filtering:   2
    After built-in stripping:   2
    After scriptable stripping: 2
    Processed in 0.00 seconds
  Pass "BilinearCubeToOctahedralPadding" (vp)
    Target graphics API: d3d11
    Full variant space:         2
    After settings filtering:   2
    After built-in stripping:   2
    After scriptable stripping: 2
    Processed in 0.00 seconds
  Pass "BilinearCubeToOctahedralPadding" (fp)
    Target graphics API: d3d11
    Full variant space:         2
    After settings filtering:   2
    After built-in stripping:   2
    After scriptable stripping: 2
    Processed in 0.00 seconds
  Pass "BilinearDebugDraw" (vp)
    Target graphics API: d3d11
    Full variant space:         1
    After settings filtering:   1
    After built-in stripping:   1
    After scriptable stripping: 1
    Processed in 0.00 seconds
  Pass "BilinearDebugDraw" (fp)
    Target graphics API: d3d11
    Full variant space:         4
    After settings filtering:   2
    After built-in stripping:   2
    After scriptable stripping: 2
    Processed in 0.00 seconds
  Pass "NearestDebugDraw" (vp)
    Target graphics API: d3d11
    Full variant space:         1
    After settings filtering:   1
    After built-in stripping:   1
    After scriptable stripping: 1
    Processed in 0.00 seconds
  Pass "NearestDebugDraw" (fp)
    Target graphics API: d3d11
    Full variant space:         4
    After settings filtering:   2
    After built-in stripping:   2
    After scriptable stripping: 2
    Processed in 0.00 seconds
  Pass Nearest (vp, d3d11) finished in 0.10 seconds. Local cache hits 1 (0.00s CPU time), remote cache hits 0 (0.00s CPU time), compiled 0 variants (0.00s CPU time), skipped 0 variants.
    Prepared data for serialisation in 0.00s
  Pass Nearest (fp, d3d11) finished in 0.09 seconds. Local cache hits 1 (0.00s CPU time), remote cache hits 0 (0.00s CPU time), compiled 0 variants (0.00s CPU time), skipped 0 variants.
    Prepared data for serialisation in 0.00s
  Pass Bilinear (vp, d3d11) finished in 0.09 seconds. Local cache hits 1 (0.00s CPU time), remote cache hits 0 (0.00s CPU time), compiled 0 variants (0.00s CPU time), skipped 0 variants.
    Prepared data for serialisation in 0.00s
  Pass Bilinear (fp, d3d11) finished in 0.09 seconds. Local cache hits 1 (0.00s CPU time), remote cache hits 0 (0.00s CPU time), compiled 0 variants (0.00s CPU time), skipped 0 variants.
    Prepared data for serialisation in 0.00s
  Pass NearestQuad (vp, d3d11) finished in 0.09 seconds. Local cache hits 1 (0.00s CPU time), remote cache hits 0 (0.00s CPU time), compiled 0 variants (0.00s CPU time), skipped 0 variants.
    Prepared data for serialisation in 0.00s
  Pass NearestQuad (fp, d3d11) finished in 0.09 seconds. Local cache hits 1 (0.00s CPU time), remote cache hits 0 (0.00s CPU time), compiled 0 variants (0.00s CPU time), skipped 0 variants.
    Prepared data for serialisation in 0.00s
  Pass BilinearQuad (vp, d3d11) finished in 0.08 seconds. Local cache hits 1 (0.00s CPU time), remote cache hits 0 (0.00s CPU time), compiled 0 variants (0.00s CPU time), skipped 0 variants.
    Prepared data for serialisation in 0.00s
  Pass BilinearQuad (fp, d3d11) finished in 0.08 seconds. Local cache hits 1 (0.00s CPU time), remote cache hits 0 (0.00s CPU time), compiled 0 variants (0.00s CPU time), skipped 0 variants.
    Prepared data for serialisation in 0.00s
  Pass NearestQuadPadding (vp, d3d11) finished in 0.08 seconds. Local cache hits 1 (0.00s CPU time), remote cache hits 0 (0.00s CPU time), compiled 0 variants (0.00s CPU time), skipped 0 variants.
    Prepared data for serialisation in 0.00s
  Pass NearestQuadPadding (fp, d3d11) finished in 0.08 seconds. Local cache hits 1 (0.00s CPU time), remote cache hits 0 (0.00s CPU time), compiled 0 variants (0.00s CPU time), skipped 0 variants.
    Prepared data for serialisation in 0.00s
  Pass BilinearQuadPadding (vp, d3d11) finished in 0.08 seconds. Local cache hits 1 (0.00s CPU time), remote cache hits 0 (0.00s CPU time), compiled 0 variants (0.00s CPU time), skipped 0 variants.
    Prepared data for serialisation in 0.00s
  Pass BilinearQuadPadding (fp, d3d11) finished in 0.07 seconds. Local cache hits 1 (0.00s CPU time), remote cache hits 0 (0.00s CPU time), compiled 0 variants (0.00s CPU time), skipped 0 variants.
    Prepared data for serialisation in 0.00s
  Pass NearestQuadPaddingRepeat (vp, d3d11) finished in 0.07 seconds. Local cache hits 1 (0.00s CPU time), remote cache hits 0 (0.00s CPU time), compiled 0 variants (0.00s CPU time), skipped 0 variants.
    Prepared data for serialisation in 0.00s
  Pass NearestQuadPaddingRepeat (fp, d3d11) finished in 0.07 seconds. Local cache hits 1 (0.00s CPU time), remote cache hits 0 (0.00s CPU time), compiled 0 variants (0.00s CPU time), skipped 0 variants.
    Prepared data for serialisation in 0.00s
  Pass BilinearQuadPaddingRepeat (vp, d3d11) finished in 0.07 seconds. Local cache hits 1 (0.00s CPU time), remote cache hits 0 (0.00s CPU time), compiled 0 variants (0.00s CPU time), skipped 0 variants.
    Prepared data for serialisation in 0.00s
  Pass BilinearQuadPaddingRepeat (fp, d3d11) finished in 0.06 seconds. Local cache hits 1 (0.00s CPU time), remote cache hits 0 (0.00s CPU time), compiled 0 variants (0.00s CPU time), skipped 0 variants.
    Prepared data for serialisation in 0.00s
  Pass BilinearQuadPaddingOctahedral (vp, d3d11) finished in 0.06 seconds. Local cache hits 1 (0.00s CPU time), remote cache hits 0 (0.00s CPU time), compiled 0 variants (0.00s CPU time), skipped 0 variants.
    Prepared data for serialisation in 0.00s
  Pass BilinearQuadPaddingOctahedral (fp, d3d11) finished in 0.06 seconds. Local cache hits 1 (0.00s CPU time), remote cache hits 0 (0.00s CPU time), compiled 0 variants (0.00s CPU time), skipped 0 variants.
    Prepared data for serialisation in 0.00s
  Pass NearestQuadPaddingAlphaBlend (vp, d3d11) finished in 0.06 seconds. Local cache hits 1 (0.00s CPU time), remote cache hits 0 (0.00s CPU time), compiled 0 variants (0.00s CPU time), skipped 0 variants.
    Prepared data for serialisation in 0.00s
  Pass NearestQuadPaddingAlphaBlend (fp, d3d11) finished in 0.06 seconds. Local cache hits 1 (0.00s CPU time), remote cache hits 0 (0.00s CPU time), compiled 0 variants (0.00s CPU time), skipped 0 variants.
    Prepared data for serialisation in 0.00s
  Pass BilinearQuadPaddingAlphaBlend (vp, d3d11) finished in 0.05 seconds. Local cache hits 1 (0.00s CPU time), remote cache hits 0 (0.00s CPU time), compiled 0 variants (0.00s CPU time), skipped 0 variants.
    Prepared data for serialisation in 0.00s
  Pass BilinearQuadPaddingAlphaBlend (fp, d3d11) finished in 0.05 seconds. Local cache hits 1 (0.00s CPU time), remote cache hits 0 (0.00s CPU time), compiled 0 variants (0.00s CPU time), skipped 0 variants.
    Prepared data for serialisation in 0.00s
  Pass NearestQuadPaddingAlphaBlendRepeat (vp, d3d11) finished in 0.05 seconds. Local cache hits 1 (0.00s CPU time), remote cache hits 0 (0.00s CPU time), compiled 0 variants (0.00s CPU time), skipped 0 variants.
    Prepared data for serialisation in 0.00s
  Pass NearestQuadPaddingAlphaBlendRepeat (fp, d3d11) finished in 0.05 seconds. Local cache hits 1 (0.00s CPU time), remote cache hits 0 (0.00s CPU time), compiled 0 variants (0.00s CPU time), skipped 0 variants.
    Prepared data for serialisation in 0.00s
  Pass BilinearQuadPaddingAlphaBlendRepeat (vp, d3d11) finished in 0.05 seconds. Local cache hits 1 (0.00s CPU time), remote cache hits 0 (0.00s CPU time), compiled 0 variants (0.00s CPU time), skipped 0 variants.
    Prepared data for serialisation in 0.00s
  Pass BilinearQuadPaddingAlphaBlendRepeat (fp, d3d11) finished in 0.05 seconds. Local cache hits 1 (0.00s CPU time), remote cache hits 0 (0.00s CPU time), compiled 0 variants (0.00s CPU time), skipped 0 variants.
    Prepared data for serialisation in 0.00s
  Pass BilinearQuadPaddingAlphaBlendOctahedral (vp, d3d11) finished in 0.04 seconds. Local cache hits 1 (0.00s CPU time), remote cache hits 0 (0.00s CPU time), compiled 0 variants (0.00s CPU time), skipped 0 variants.
    Prepared data for serialisation in 0.00s
  Pass BilinearQuadPaddingAlphaBlendOctahedral (fp, d3d11) finished in 0.04 seconds. Local cache hits 1 (0.00s CPU time), remote cache hits 0 (0.00s CPU time), compiled 0 variants (0.00s CPU time), skipped 0 variants.
    Prepared data for serialisation in 0.00s
  Pass CubeToOctahedral (vp, d3d11) finished in 0.04 seconds. Local cache hits 1 (0.00s CPU time), remote cache hits 0 (0.00s CPU time), compiled 0 variants (0.00s CPU time), skipped 0 variants.
    Prepared data for serialisation in 0.00s
  Pass CubeToOctahedral (fp, d3d11) finished in 0.04 seconds. Local cache hits 1 (0.00s CPU time), remote cache hits 0 (0.00s CPU time), compiled 0 variants (0.00s CPU time), skipped 0 variants.
    Prepared data for serialisation in 0.00s
  Pass CubeToOctahedralLuminance (vp, d3d11) finished in 0.04 seconds. Local cache hits 1 (0.00s CPU time), remote cache hits 0 (0.00s CPU time), compiled 0 variants (0.00s CPU time), skipped 0 variants.
    Prepared data for serialisation in 0.00s
  Pass CubeToOctahedralLuminance (fp, d3d11) finished in 0.03 seconds. Local cache hits 1 (0.00s CPU time), remote cache hits 0 (0.00s CPU time), compiled 0 variants (0.00s CPU time), skipped 0 variants.
    Prepared data for serialisation in 0.00s
  Pass CubeToOctahedralAlpha (vp, d3d11) finished in 0.03 seconds. Local cache hits 1 (0.00s CPU time), remote cache hits 0 (0.00s CPU time), compiled 0 variants (0.00s CPU time), skipped 0 variants.
    Prepared data for serialisation in 0.00s
  Pass CubeToOctahedralAlpha (fp, d3d11) finished in 0.03 seconds. Local cache hits 1 (0.00s CPU time), remote cache hits 0 (0.00s CPU time), compiled 0 variants (0.00s CPU time), skipped 0 variants.
    Prepared data for serialisation in 0.00s
  Pass CubeToOctahedralRed (vp, d3d11) finished in 0.03 seconds. Local cache hits 1 (0.00s CPU time), remote cache hits 0 (0.00s CPU time), compiled 0 variants (0.00s CPU time), skipped 0 variants.
    Prepared data for serialisation in 0.00s
  Pass CubeToOctahedralRed (fp, d3d11) finished in 0.03 seconds. Local cache hits 1 (0.00s CPU time), remote cache hits 0 (0.00s CPU time), compiled 0 variants (0.00s CPU time), skipped 0 variants.
    Prepared data for serialisation in 0.00s
  Pass BilinearQuadLuminance (vp, d3d11) finished in 0.03 seconds. Local cache hits 1 (0.00s CPU time), remote cache hits 0 (0.00s CPU time), compiled 0 variants (0.00s CPU time), skipped 0 variants.
    Prepared data for serialisation in 0.00s
  Pass BilinearQuadLuminance (fp, d3d11) finished in 0.02 seconds. Local cache hits 1 (0.00s CPU time), remote cache hits 0 (0.00s CPU time), compiled 0 variants (0.00s CPU time), skipped 0 variants.
    Prepared data for serialisation in 0.00s
  Pass BilinearQuadAlpha (vp, d3d11) finished in 0.02 seconds. Local cache hits 1 (0.00s CPU time), remote cache hits 0 (0.00s CPU time), compiled 0 variants (0.00s CPU time), skipped 0 variants.
    Prepared data for serialisation in 0.00s
  Pass BilinearQuadAlpha (fp, d3d11) finished in 0.02 seconds. Local cache hits 1 (0.00s CPU time), remote cache hits 0 (0.00s CPU time), compiled 0 variants (0.00s CPU time), skipped 0 variants.
    Prepared data for serialisation in 0.00s
  Pass BilinearQuadRed (vp, d3d11) finished in 0.02 seconds. Local cache hits 1 (0.00s CPU time), remote cache hits 0 (0.00s CPU time), compiled 0 variants (0.00s CPU time), skipped 0 variants.
    Prepared data for serialisation in 0.00s
  Pass BilinearQuadRed (fp, d3d11) finished in 0.02 seconds. Local cache hits 1 (0.00s CPU time), remote cache hits 0 (0.00s CPU time), compiled 0 variants (0.00s CPU time), skipped 0 variants.
    Prepared data for serialisation in 0.00s
  Pass NearestCubeToOctahedralPadding (vp, d3d11) finished in 0.02 seconds. Local cache hits 2 (0.00s CPU time), remote cache hits 0 (0.00s CPU time), compiled 0 variants (0.00s CPU time), skipped 0 variants.
    Prepared data for serialisation in 0.00s
  Pass NearestCubeToOctahedralPadding (fp, d3d11) finished in 0.02 seconds. Local cache hits 2 (0.03s CPU time), remote cache hits 0 (0.00s CPU time), compiled 0 variants (0.00s CPU time), skipped 0 variants.
    Prepared data for serialisation in 0.00s
  Pass BilinearCubeToOctahedralPadding (vp, d3d11) finished in 0.02 seconds. Local cache hits 2 (0.03s CPU time), remote cache hits 0 (0.00s CPU time), compiled 0 variants (0.00s CPU time), skipped 0 variants.
    Prepared data for serialisation in 0.00s
  Pass BilinearCubeToOctahedralPadding (fp, d3d11) finished in 0.01 seconds. Local cache hits 2 (0.03s CPU time), remote cache hits 0 (0.00s CPU time), compiled 0 variants (0.00s CPU time), skipped 0 variants.
    Prepared data for serialisation in 0.00s
  Pass BilinearDebugDraw (vp, d3d11) finished in 0.01 seconds. Local cache hits 1 (0.01s CPU time), remote cache hits 0 (0.00s CPU time), compiled 0 variants (0.00s CPU time), skipped 0 variants.
    Prepared data for serialisation in 0.00s
  Pass BilinearDebugDraw (fp, d3d11) finished in 0.01 seconds. Local cache hits 2 (0.02s CPU time), remote cache hits 0 (0.00s CPU time), compiled 0 variants (0.00s CPU time), skipped 0 variants.
    Prepared data for serialisation in 0.00s
  Pass NearestDebugDraw (vp, d3d11) finished in 0.01 seconds. Local cache hits 1 (0.01s CPU time), remote cache hits 0 (0.00s CPU time), compiled 0 variants (0.00s CPU time), skipped 0 variants.
    Prepared data for serialisation in 0.00s
  Pass NearestDebugDraw (fp, d3d11) finished in 0.01 seconds. Local cache hits 2 (0.01s CPU time), remote cache hits 0 (0.00s CPU time), compiled 0 variants (0.00s CPU time), skipped 0 variants.
    Prepared data for serialisation in 0.00s
Serialized binary data for shader Hidden/Universal/CoreBlit in 0.00s
    d3d11 (total internal programs: 56, unique: 16)
Compiling shader "Hidden/Universal/BlitHDROverlay"
  Pass "BilinearDebugDraw" (vp)
    Target graphics API: d3d11
    Full variant space:         1
    After settings filtering:   1
    After built-in stripping:   1
    After scriptable stripping: 0
    Processed in 0.00 seconds
  Pass "BilinearDebugDraw" (fp)
    Target graphics API: d3d11
    Full variant space:         8
    After settings filtering:   1
    After built-in stripping:   1
    After scriptable stripping: 0
    Processed in 0.00 seconds
  Pass "NearestDebugDraw" (vp)
    Target graphics API: d3d11
    Full variant space:         1
    After settings filtering:   1
    After built-in stripping:   1
    After scriptable stripping: 0
    Processed in 0.00 seconds
  Pass "NearestDebugDraw" (fp)
    Target graphics API: d3d11
    Full variant space:         8
    After settings filtering:   1
    After built-in stripping:   1
    After scriptable stripping: 0
    Processed in 0.00 seconds
Serialized binary data for shader Hidden/Universal/BlitHDROverlay in 0.00s
    d3d11 (total internal programs: 0, unique: 0)
Compiling shader "Hidden/Universal Render Pipeline/CameraMotionVectors"
  Pass "Camera Motion Vectors" (vp)
    Target graphics API: d3d11
    Full variant space:         1
    After settings filtering:   1
    After built-in stripping:   1
    After scriptable stripping: 1
    Processed in 0.00 seconds
  Pass "Camera Motion Vectors" (fp)
    Target graphics API: d3d11
    Full variant space:         1
    After settings filtering:   1
    After built-in stripping:   1
    After scriptable stripping: 1
    Processed in 0.00 seconds
  Pass Camera Motion Vectors (vp, d3d11) finished in 0.00 seconds. Local cache hits 1 (0.00s CPU time), remote cache hits 0 (0.00s CPU time), compiled 0 variants (0.00s CPU time), skipped 0 variants.
    Prepared data for serialisation in 0.00s
  Pass Camera Motion Vectors (fp, d3d11) finished in 0.00 seconds. Local cache hits 1 (0.00s CPU time), remote cache hits 0 (0.00s CPU time), compiled 0 variants (0.00s CPU time), skipped 0 variants.
    Prepared data for serialisation in 0.00s
Serialized binary data for shader Hidden/Universal Render Pipeline/CameraMotionVectors in 0.00s
    d3d11 (total internal programs: 2, unique: 2)
Compiling shader "Hidden/Universal Render Pipeline/Debug/DebugReplacement"
  Pass "Vertex Attributes" (vp)
    Target graphics API: d3d11
    Full variant space:         2
    After settings filtering:   2
    After built-in stripping:   1
    After scriptable stripping: 1
    Processed in 0.00 seconds
  Pass "Vertex Attributes" (fp)
    Target graphics API: d3d11
    Full variant space:         2
    After settings filtering:   2
    After built-in stripping:   1
    After scriptable stripping: 1
    Processed in 0.00 seconds
  Pass Vertex Attributes (vp, d3d11) finished in 0.00 seconds. Local cache hits 1 (0.00s CPU time), remote cache hits 0 (0.00s CPU time), compiled 0 variants (0.00s CPU time), skipped 0 variants.
    Prepared data for serialisation in 0.00s
  Pass Vertex Attributes (fp, d3d11) finished in 0.00 seconds. Local cache hits 1 (0.00s CPU time), remote cache hits 0 (0.00s CPU time), compiled 0 variants (0.00s CPU time), skipped 0 variants.
    Prepared data for serialisation in 0.00s
Serialized binary data for shader Hidden/Universal Render Pipeline/Debug/DebugReplacement in 0.00s
    d3d11 (total internal programs: 2, unique: 2)
Compiling shader "Hidden/Universal/CoreBlitColorAndDepth"
  Pass "ColorOnly" (vp)
    Target graphics API: d3d11
    Full variant space:         4
    After settings filtering:   4
    After built-in stripping:   4
    After scriptable stripping: 4
    Processed in 0.00 seconds
  Pass "ColorOnly" (fp)
    Target graphics API: d3d11
    Full variant space:         4
    After settings filtering:   4
    After built-in stripping:   4
    After scriptable stripping: 4
    Processed in 0.00 seconds
  Pass "ColorAndDepth" (vp)
    Target graphics API: d3d11
    Full variant space:         4
    After settings filtering:   4
    After built-in stripping:   4
    After scriptable stripping: 4
    Processed in 0.00 seconds
  Pass "ColorAndDepth" (fp)
    Target graphics API: d3d11
    Full variant space:         4
    After settings filtering:   4
    After built-in stripping:   4
    After scriptable stripping: 4
    Processed in 0.00 seconds
  Pass "DepthOnly" (vp)
    Target graphics API: d3d11
    Full variant space:         4
    After settings filtering:   4
    After built-in stripping:   4
    After scriptable stripping: 4
    Processed in 0.00 seconds
  Pass "DepthOnly" (fp)
    Target graphics API: d3d11
    Full variant space:         4
    After settings filtering:   4
    After built-in stripping:   4
    After scriptable stripping: 4
    Processed in 0.00 seconds
  Pass ColorOnly (vp, d3d11) finished in 0.01 seconds. Local cache hits 4 (0.00s CPU time), remote cache hits 0 (0.00s CPU time), compiled 0 variants (0.00s CPU time), skipped 0 variants.
    Prepared data for serialisation in 0.00s
  Pass ColorOnly (fp, d3d11) finished in 0.01 seconds. Local cache hits 4 (0.00s CPU time), remote cache hits 0 (0.00s CPU time), compiled 0 variants (0.00s CPU time), skipped 0 variants.
    Prepared data for serialisation in 0.00s
  Pass ColorAndDepth (vp, d3d11) finished in 0.01 seconds. Local cache hits 4 (0.00s CPU time), remote cache hits 0 (0.00s CPU time), compiled 0 variants (0.00s CPU time), skipped 0 variants.
    Prepared data for serialisation in 0.00s
  Pass ColorAndDepth (fp, d3d11) finished in 0.01 seconds. Local cache hits 4 (0.00s CPU time), remote cache hits 0 (0.00s CPU time), compiled 0 variants (0.00s CPU time), skipped 0 variants.
    Prepared data for serialisation in 0.00s
  Pass DepthOnly (vp, d3d11) finished in 0.00 seconds. Local cache hits 4 (0.00s CPU time), remote cache hits 0 (0.00s CPU time), compiled 0 variants (0.00s CPU time), skipped 0 variants.
    Prepared data for serialisation in 0.00s
  Pass DepthOnly (fp, d3d11) finished in 0.00 seconds. Local cache hits 4 (0.00s CPU time), remote cache hits 0 (0.00s CPU time), compiled 0 variants (0.00s CPU time), skipped 0 variants.
    Prepared data for serialisation in 0.00s
Serialized binary data for shader Hidden/Universal/CoreBlitColorAndDepth in 0.00s
    d3d11 (total internal programs: 24, unique: 16)
Compiling shader "Hidden/Universal Render Pipeline/XR/XRMirrorView"
  Pass "" (vp)
    Target graphics API: d3d11
    Full variant space:         1
    After settings filtering:   1
    After built-in stripping:   1
    After scriptable stripping: 0
    Processed in 0.00 seconds
  Pass "" (fp)
    Target graphics API: d3d11
    Full variant space:         4
    After settings filtering:   2
    After built-in stripping:   2
    After scriptable stripping: 0
    Processed in 0.00 seconds
Serialized binary data for shader Hidden/Universal Render Pipeline/XR/XRMirrorView in 0.00s
    d3d11 (total internal programs: 0, unique: 0)
Compiling shader "Hidden/Universal Render Pipeline/CopyDepth"
  Pass "CopyDepth" (vp)
    Target graphics API: d3d11
    Full variant space:         8
    After settings filtering:   8
    After built-in stripping:   8
    After scriptable stripping: 8
    Processed in 0.00 seconds
  Pass "CopyDepth" (fp)
    Target graphics API: d3d11
    Full variant space:         8
    After settings filtering:   8
    After built-in stripping:   8
    After scriptable stripping: 8
    Processed in 0.00 seconds
  Pass CopyDepth (vp, d3d11) finished in 0.00 seconds. Local cache hits 8 (0.00s CPU time), remote cache hits 0 (0.00s CPU time), compiled 0 variants (0.00s CPU time), skipped 0 variants.
    Prepared data for serialisation in 0.00s
  Pass CopyDepth (fp, d3d11) finished in 0.00 seconds. Local cache hits 8 (0.00s CPU time), remote cache hits 0 (0.00s CPU time), compiled 0 variants (0.00s CPU time), skipped 0 variants.
    Prepared data for serialisation in 0.00s
Serialized binary data for shader Hidden/Universal Render Pipeline/CopyDepth in 0.00s
    d3d11 (total internal programs: 16, unique: 16)
Compiling shader "Hidden/TerrainEngine/Details/UniversalPipeline/WavingDoublePass"
  Pass "ForwardLit" (vp)
    Target graphics API: d3d11
    Full variant space:         55.296
    After settings filtering:   768
    After built-in stripping:   6
    After scriptable stripping: 2
    Processed in 0.00 seconds
  Pass "ForwardLit" (fp)
    Target graphics API: d3d11
    Full variant space:         35.389.440
    After settings filtering:   3.072
    After built-in stripping:   24
    After scriptable stripping: 8
    Processed in 0.00 seconds
  Pass "GBuffer" (vp)
    Target graphics API: d3d11
    Full variant space:         1.152
    After settings filtering:   192
    After built-in stripping:   6
    After scriptable stripping: 0
    Processed in 0.00 seconds
  Pass "GBuffer" (fp)
    Target graphics API: d3d11
    Full variant space:         737.280
    After settings filtering:   768
    After built-in stripping:   24
    After scriptable stripping: 0
    Processed in 0.00 seconds
  Pass "DepthOnly" (vp)
    Target graphics API: d3d11
    Full variant space:         2
    After settings filtering:   2
    After built-in stripping:   1
    After scriptable stripping: 1
    Processed in 0.00 seconds
  Pass "DepthOnly" (fp)
    Target graphics API: d3d11
    Full variant space:         2
    After settings filtering:   2
    After built-in stripping:   1
    After scriptable stripping: 1
    Processed in 0.00 seconds
  Pass "DepthNormalsOnly" (vp)
    Target graphics API: d3d11
    Full variant space:         2
    After settings filtering:   2
    After built-in stripping:   1
    After scriptable stripping: 1
    Processed in 0.00 seconds
  Pass "DepthNormalsOnly" (fp)
    Target graphics API: d3d11
    Full variant space:         8
    After settings filtering:   2
    After built-in stripping:   1
    After scriptable stripping: 1
    Processed in 0.00 seconds
  Pass ForwardLit (vp, d3d11) finished in 0.02 seconds. Local cache hits 2 (0.00s CPU time), remote cache hits 0 (0.00s CPU time), compiled 0 variants (0.00s CPU time), skipped 0 variants.
    Prepared data for serialisation in 0.00s
  Pass ForwardLit (fp, d3d11) finished in 0.02 seconds. Local cache hits 8 (0.00s CPU time), remote cache hits 0 (0.00s CPU time), compiled 0 variants (0.00s CPU time), skipped 0 variants.
    Prepared data for serialisation in 0.00s
  Pass DepthOnly (vp, d3d11) finished in 0.01 seconds. Local cache hits 1 (0.00s CPU time), remote cache hits 0 (0.00s CPU time), compiled 0 variants (0.00s CPU time), skipped 0 variants.
    Prepared data for serialisation in 0.00s
  Pass DepthOnly (fp, d3d11) finished in 0.00 seconds. Local cache hits 1 (0.00s CPU time), remote cache hits 0 (0.00s CPU time), compiled 0 variants (0.00s CPU time), skipped 0 variants.
    Prepared data for serialisation in 0.00s
  Pass DepthNormalsOnly (vp, d3d11) finished in 0.00 seconds. Local cache hits 1 (0.00s CPU time), remote cache hits 0 (0.00s CPU time), compiled 0 variants (0.00s CPU time), skipped 0 variants.
    Prepared data for serialisation in 0.00s
  Pass DepthNormalsOnly (fp, d3d11) finished in 0.00 seconds. Local cache hits 1 (0.00s CPU time), remote cache hits 0 (0.00s CPU time), compiled 0 variants (0.00s CPU time), skipped 0 variants.
    Prepared data for serialisation in 0.00s
Serialized binary data for shader Hidden/TerrainEngine/Details/UniversalPipeline/WavingDoublePass in 0.00s
    d3d11 (total internal programs: 14, unique: 14)
Compiling shader "Hidden/Universal Render Pipeline/FallbackError"
  Pass "" (vp)
    Target graphics API: d3d11
    Full variant space:         6
    After settings filtering:   6
    After built-in stripping:   1
    After scriptable stripping: 1
    Processed in 0.00 seconds
  Pass "" (fp)
    Target graphics API: d3d11
    Full variant space:         6
    After settings filtering:   6
    After built-in stripping:   1
    After scriptable stripping: 1
    Processed in 0.00 seconds
  Pass  (vp, d3d11) finished in 0.00 seconds. Local cache hits 1 (0.00s CPU time), remote cache hits 0 (0.00s CPU time), compiled 0 variants (0.00s CPU time), skipped 0 variants.
    Prepared data for serialisation in 0.00s
  Pass  (fp, d3d11) finished in 0.00 seconds. Local cache hits 1 (0.00s CPU time), remote cache hits 0 (0.00s CPU time), compiled 0 variants (0.00s CPU time), skipped 0 variants.
    Prepared data for serialisation in 0.00s
Serialized binary data for shader Hidden/Universal Render Pipeline/FallbackError in 0.00s
    d3d11 (total internal programs: 2, unique: 2)
Compiling shader "Hidden/Universal Render Pipeline/StencilDeferred"
  Pass "Stencil Volume" (vp)
    Target graphics API: d3d11
    Full variant space:         2
    After settings filtering:   2
    After built-in stripping:   2
    After scriptable stripping: 0
    Processed in 0.00 seconds
  Pass "Stencil Volume" (fp)
    Target graphics API: d3d11
    Full variant space:         1
    After settings filtering:   1
    After built-in stripping:   1
    After scriptable stripping: 0
    Processed in 0.00 seconds
  Pass "Deferred Punctual Light (Lit)" (vp)
    Target graphics API: d3d11
    Full variant space:         4
    After settings filtering:   2
    After built-in stripping:   2
    After scriptable stripping: 0
    Processed in 0.00 seconds
  Pass "Deferred Punctual Light (Lit)" (fp)
    Target graphics API: d3d11
    Full variant space:         5.120
    After settings filtering:   32
    After built-in stripping:   8
    After scriptable stripping: 0
    Processed in 0.00 seconds
  Pass "Deferred Punctual Light (SimpleLit)" (vp)
    Target graphics API: d3d11
    Full variant space:         4
    After settings filtering:   2
    After built-in stripping:   2
    After scriptable stripping: 0
    Processed in 0.00 seconds
  Pass "Deferred Punctual Light (SimpleLit)" (fp)
    Target graphics API: d3d11
    Full variant space:         5.120
    After settings filtering:   32
    After built-in stripping:   8
    After scriptable stripping: 0
    Processed in 0.00 seconds
  Pass "Deferred Directional Light (Lit)" (vp)
    Target graphics API: d3d11
    Full variant space:         2
    After settings filtering:   1
    After built-in stripping:   1
    After scriptable stripping: 0
    Processed in 0.00 seconds
  Pass "Deferred Directional Light (Lit)" (fp)
    Target graphics API: d3d11
    Full variant space:         40.960
    After settings filtering:   32
    After built-in stripping:   8
    After scriptable stripping: 0
    Processed in 0.00 seconds
  Pass "Deferred Directional Light (SimpleLit)" (vp)
    Target graphics API: d3d11
    Full variant space:         2
    After settings filtering:   1
    After built-in stripping:   1
    After scriptable stripping: 0
    Processed in 0.00 seconds
  Pass "Deferred Directional Light (SimpleLit)" (fp)
    Target graphics API: d3d11
    Full variant space:         40.960
    After settings filtering:   32
    After built-in stripping:   8
    After scriptable stripping: 0
    Processed in 0.00 seconds
  Pass "Fog" (vp)
    Target graphics API: d3d11
    Full variant space:         4
    After settings filtering:   4
    After built-in stripping:   1
    After scriptable stripping: 0
    Processed in 0.00 seconds
  Pass "Fog" (fp)
    Target graphics API: d3d11
    Full variant space:         8
    After settings filtering:   4
    After built-in stripping:   1
    After scriptable stripping: 0
    Processed in 0.00 seconds
  Pass "SSAOOnly" (vp)
    Target graphics API: d3d11
    Full variant space:         2
    After settings filtering:   1
    After built-in stripping:   1
    After scriptable stripping: 0
    Processed in 0.00 seconds
  Pass "SSAOOnly" (fp)
    Target graphics API: d3d11
    Full variant space:         4
    After settings filtering:   1
    After built-in stripping:   1
    After scriptable stripping: 0
    Processed in 0.00 seconds
Serialized binary data for shader Hidden/Universal Render Pipeline/StencilDeferred in 0.00s
    d3d11 (total internal programs: 0, unique: 0)
Compiling shader "Hidden/Universal Render Pipeline/DBufferClear"
  Pass "DBufferClear" (vp)
    Target graphics API: d3d11
    Full variant space:         1
    After settings filtering:   1
    After built-in stripping:   1
    After scriptable stripping: 1
    Processed in 0.00 seconds
  Pass "DBufferClear" (fp)
    Target graphics API: d3d11
    Full variant space:         3
    After settings filtering:   1
    After built-in stripping:   1
    After scriptable stripping: 0
    Processed in 0.00 seconds
Serialized binary data for shader Hidden/Universal Render Pipeline/DBufferClear in 0.00s
    d3d11 (total internal programs: 0, unique: 0)
Compiling shader "Hidden/TerrainEngine/Details/UniversalPipeline/Vertexlit"
  Pass "TerrainDetailVertex" (vp)
    Target graphics API: d3d11
    Full variant space:         9.216
    After settings filtering:   128
    After built-in stripping:   2
    After scriptable stripping: 2
    Processed in 0.00 seconds
  Pass "TerrainDetailVertex" (fp)
    Target graphics API: d3d11
    Full variant space:         1.474.560
    After settings filtering:   512
    After built-in stripping:   8
    After scriptable stripping: 8
    Processed in 0.00 seconds
  Pass "TerrainDetailVertex - GBuffer" (vp)
    Target graphics API: d3d11
    Full variant space:         192
    After settings filtering:   32
    After built-in stripping:   8
    After scriptable stripping: 4
    Processed in 0.00 seconds
  Pass "TerrainDetailVertex - GBuffer" (fp)
    Target graphics API: d3d11
    Full variant space:         15.360
    After settings filtering:   64
    After built-in stripping:   16
    After scriptable stripping: 8
    Processed in 0.00 seconds
  Pass "DepthOnly" (vp)
    Target graphics API: d3d11
    Full variant space:         2
    After settings filtering:   2
    After built-in stripping:   1
    After scriptable stripping: 1
    Processed in 0.00 seconds
  Pass "DepthOnly" (fp)
    Target graphics API: d3d11
    Full variant space:         2
    After settings filtering:   2
    After built-in stripping:   1
    After scriptable stripping: 1
    Processed in 0.00 seconds
  Pass "DepthNormals" (vp)
    Target graphics API: d3d11
    Full variant space:         2
    After settings filtering:   2
    After built-in stripping:   1
    After scriptable stripping: 1
    Processed in 0.00 seconds
  Pass "DepthNormals" (fp)
    Target graphics API: d3d11
    Full variant space:         2
    After settings filtering:   2
    After built-in stripping:   1
    After scriptable stripping: 1
    Processed in 0.00 seconds
  Pass TerrainDetailVertex (vp, d3d11) finished in 0.02 seconds. Local cache hits 2 (0.00s CPU time), remote cache hits 0 (0.00s CPU time), compiled 0 variants (0.00s CPU time), skipped 0 variants.
    Prepared data for serialisation in 0.00s
  Pass TerrainDetailVertex (fp, d3d11) finished in 0.02 seconds. Local cache hits 8 (0.00s CPU time), remote cache hits 0 (0.00s CPU time), compiled 0 variants (0.00s CPU time), skipped 0 variants.
    Prepared data for serialisation in 0.00s
  Pass TerrainDetailVertex - GBuffer (vp, d3d11) finished in 0.02 seconds. Local cache hits 4 (0.00s CPU time), remote cache hits 0 (0.00s CPU time), compiled 0 variants (0.00s CPU time), skipped 0 variants.
    Prepared data for serialisation in 0.00s
  Pass TerrainDetailVertex - GBuffer (fp, d3d11) finished in 0.01 seconds. Local cache hits 8 (0.00s CPU time), remote cache hits 0 (0.00s CPU time), compiled 0 variants (0.00s CPU time), skipped 0 variants.
    Prepared data for serialisation in 0.00s
  Pass DepthOnly (vp, d3d11) finished in 0.01 seconds. Local cache hits 1 (0.00s CPU time), remote cache hits 0 (0.00s CPU time), compiled 0 variants (0.00s CPU time), skipped 0 variants.
    Prepared data for serialisation in 0.00s
  Pass DepthOnly (fp, d3d11) finished in 0.00 seconds. Local cache hits 1 (0.00s CPU time), remote cache hits 0 (0.00s CPU time), compiled 0 variants (0.00s CPU time), skipped 0 variants.
    Prepared data for serialisation in 0.00s
  Pass DepthNormals (vp, d3d11) finished in 0.00 seconds. Local cache hits 1 (0.00s CPU time), remote cache hits 0 (0.00s CPU time), compiled 0 variants (0.00s CPU time), skipped 0 variants.
    Prepared data for serialisation in 0.00s
  Pass DepthNormals (fp, d3d11) finished in 0.00 seconds. Local cache hits 1 (0.00s CPU time), remote cache hits 0 (0.00s CPU time), compiled 0 variants (0.00s CPU time), skipped 0 variants.
    Prepared data for serialisation in 0.00s
Serialized binary data for shader Hidden/TerrainEngine/Details/UniversalPipeline/Vertexlit in 0.00s
    d3d11 (total internal programs: 26, unique: 26)
Compiling shader "Hidden/Universal Render Pipeline/XR/XRMotionVector"
  Pass "XR Camera MotionVectors" (vp)
    Target graphics API: d3d11
    Full variant space:         1
    After settings filtering:   1
    After built-in stripping:   1
    After scriptable stripping: 0
    Processed in 0.00 seconds
  Pass "XR Camera MotionVectors" (fp)
    Target graphics API: d3d11
    Full variant space:         1
    After settings filtering:   1
    After built-in stripping:   1
    After scriptable stripping: 0
    Processed in 0.00 seconds
Serialized binary data for shader Hidden/Universal Render Pipeline/XR/XRMotionVector in 0.00s
    d3d11 (total internal programs: 0, unique: 0)
Compiling compute shader "ProbeVolumeSamplingDebugPositionNormal"
    starting stripping...
    finished in 0.01 seconds. 2 of 2 variants left
    2 variants, starting compilation...
    finished in 0.00 seconds. Local cache hits 2, remote cache hits 0, compiled 0 variants
Compiling compute shader "VrsTexture"
    starting stripping...
    finished in 0.00 seconds. 48 of 48 variants left
    48 variants, starting compilation...
    finished in 0.00 seconds. Local cache hits 48, remote cache hits 0, compiled 0 variants
Compiling shader "Universal Render Pipeline/Lit"
  Pass "ForwardLit" (vp)
    Target graphics API: d3d11
    Full variant space:         884.736
    After settings filtering:   6.144
    After built-in stripping:   12
    After scriptable stripping: 4
    Processed in 0.00 seconds
  Pass "ForwardLit" (fp)
    Target graphics API: d3d11
    Full variant space:         36.238.786.560
    After settings filtering:   24.576
    After built-in stripping:   48
    After scriptable stripping: 16
    Processed in 0.01 seconds
  Pass "ShadowCaster" (vp)
    Target graphics API: d3d11
    Full variant space:         16
    After settings filtering:   16
    After built-in stripping:   4
    After scriptable stripping: 2
    Processed in 0.00 seconds
  Pass "ShadowCaster" (fp)
    Target graphics API: d3d11
    Full variant space:         8
    After settings filtering:   8
    After built-in stripping:   2
    After scriptable stripping: 2
    Processed in 0.00 seconds
  Pass "GBuffer" (vp)
    Target graphics API: d3d11
    Full variant space:         36.864
    After settings filtering:   1.536
    After built-in stripping:   12
    After scriptable stripping: 0
    Processed in 0.00 seconds
  Pass "GBuffer" (fp)
    Target graphics API: d3d11
    Full variant space:         188.743.680
    After settings filtering:   3.072
    After built-in stripping:   24
    After scriptable stripping: 0
    Processed in 0.00 seconds
  Pass "DepthOnly" (vp)
    Target graphics API: d3d11
    Full variant space:         8
    After settings filtering:   8
    After built-in stripping:   2
    After scriptable stripping: 2
    Processed in 0.00 seconds
  Pass "DepthOnly" (fp)
    Target graphics API: d3d11
    Full variant space:         8
    After settings filtering:   8
    After built-in stripping:   2
    After scriptable stripping: 2
    Processed in 0.00 seconds
  Pass "DepthNormals" (vp)
    Target graphics API: d3d11
    Full variant space:         8
    After settings filtering:   8
    After built-in stripping:   2
    After scriptable stripping: 2
    Processed in 0.00 seconds
  Pass "DepthNormals" (fp)
    Target graphics API: d3d11
    Full variant space:         16
    After settings filtering:   8
    After built-in stripping:   2
    After scriptable stripping: 2
    Processed in 0.00 seconds
  Pass "Universal2D" (vp)
    Target graphics API: d3d11
    Full variant space:         2
    After settings filtering:   2
    After built-in stripping:   1
    After scriptable stripping: 0
    Processed in 0.00 seconds
  Pass "Universal2D" (fp)
    Target graphics API: d3d11
    Full variant space:         2
    After settings filtering:   2
    After built-in stripping:   1
    After scriptable stripping: 0
    Processed in 0.00 seconds
  Pass "MotionVectors" (vp)
    Target graphics API: d3d11
    Full variant space:         8
    After settings filtering:   8
    After built-in stripping:   2
    After scriptable stripping: 2
    Processed in 0.00 seconds
  Pass "MotionVectors" (fp)
    Target graphics API: d3d11
    Full variant space:         8
    After settings filtering:   8
    After built-in stripping:   2
    After scriptable stripping: 2
    Processed in 0.00 seconds
  Pass "XRMotionVectors" (vp)
    Target graphics API: d3d11
    Full variant space:         16
    After settings filtering:   16
    After built-in stripping:   4
    After scriptable stripping: 0
    Processed in 0.00 seconds
  Pass "XRMotionVectors" (fp)
    Target graphics API: d3d11
    Full variant space:         16
    After settings filtering:   16
    After built-in stripping:   4
    After scriptable stripping: 0
    Processed in 0.00 seconds
  Pass ForwardLit (vp, d3d11) finished in 0.04 seconds. Local cache hits 4 (0.00s CPU time), remote cache hits 0 (0.00s CPU time), compiled 0 variants (0.00s CPU time), skipped 0 variants.
    Prepared data for serialisation in 0.00s
  Pass ForwardLit (fp, d3d11) finished in 0.03 seconds. Local cache hits 16 (0.01s CPU time), remote cache hits 0 (0.00s CPU time), compiled 0 variants (0.00s CPU time), skipped 0 variants.
    Prepared data for serialisation in 0.00s
  Pass ShadowCaster (vp, d3d11) finished in 0.03 seconds. Local cache hits 2 (0.00s CPU time), remote cache hits 0 (0.00s CPU time), compiled 0 variants (0.00s CPU time), skipped 0 variants.
    Prepared data for serialisation in 0.00s
  Pass ShadowCaster (fp, d3d11) finished in 0.02 seconds. Local cache hits 2 (0.00s CPU time), remote cache hits 0 (0.00s CPU time), compiled 0 variants (0.00s CPU time), skipped 0 variants.
    Prepared data for serialisation in 0.00s
  Pass DepthOnly (vp, d3d11) finished in 0.02 seconds. Local cache hits 2 (0.04s CPU time), remote cache hits 0 (0.00s CPU time), compiled 0 variants (0.00s CPU time), skipped 0 variants.
    Prepared data for serialisation in 0.00s
  Pass DepthOnly (fp, d3d11) finished in 0.02 seconds. Local cache hits 2 (0.04s CPU time), remote cache hits 0 (0.00s CPU time), compiled 0 variants (0.00s CPU time), skipped 0 variants.
    Prepared data for serialisation in 0.00s
  Pass DepthNormals (vp, d3d11) finished in 0.02 seconds. Local cache hits 2 (0.03s CPU time), remote cache hits 0 (0.00s CPU time), compiled 0 variants (0.00s CPU time), skipped 0 variants.
    Prepared data for serialisation in 0.00s
  Pass DepthNormals (fp, d3d11) finished in 0.02 seconds. Local cache hits 2 (0.03s CPU time), remote cache hits 0 (0.00s CPU time), compiled 0 variants (0.00s CPU time), skipped 0 variants.
    Prepared data for serialisation in 0.00s
  Pass MotionVectors (vp, d3d11) finished in 0.01 seconds. Local cache hits 2 (0.02s CPU time), remote cache hits 0 (0.00s CPU time), compiled 0 variants (0.00s CPU time), skipped 0 variants.
    Prepared data for serialisation in 0.00s
  Pass MotionVectors (fp, d3d11) finished in 0.01 seconds. Local cache hits 2 (0.01s CPU time), remote cache hits 0 (0.00s CPU time), compiled 0 variants (0.00s CPU time), skipped 0 variants.
    Prepared data for serialisation in 0.00s
Serialized binary data for shader Universal Render Pipeline/Lit in 0.00s
    d3d11 (total internal programs: 36, unique: 36)
Compiling shader "TextMeshPro/Mobile/Distance Field"
  Pass "" (vp)
    Target graphics API: d3d11
    Full variant space:         12
    After settings filtering:   12
    After built-in stripping:   12
    After scriptable stripping: 12
    Processed in 0.00 seconds
  Pass "" (fp)
    Target graphics API: d3d11
    Full variant space:         12
    After settings filtering:   12
    After built-in stripping:   12
    After scriptable stripping: 12
    Processed in 0.00 seconds
  Pass  (vp, d3d11) finished in 0.00 seconds. Local cache hits 12 (0.01s CPU time), remote cache hits 0 (0.00s CPU time), compiled 0 variants (0.00s CPU time), skipped 0 variants.
    Prepared data for serialisation in 0.00s
  Pass  (fp, d3d11) finished in 0.00 seconds. Local cache hits 12 (0.01s CPU time), remote cache hits 0 (0.00s CPU time), compiled 0 variants (0.00s CPU time), skipped 0 variants.
    Prepared data for serialisation in 0.00s
Serialized binary data for shader TextMeshPro/Mobile/Distance Field in 0.00s
    d3d11 (total internal programs: 24, unique: 24)
Compressed shader 'TextMeshPro/Mobile/Distance Field' on d3d11 from 1.97MB to 0.18MB
Compressed shader 'TextMeshPro/Mobile/Distance Field' in 0.03s
Compiling shader "Skybox/Procedural"
  Pass "" (vp)
    Target graphics API: d3d11
    Full variant space:         3
    After settings filtering:   3
    After built-in stripping:   3
    After scriptable stripping: 3
    Processed in 0.00 seconds
  Pass "" (fp)
    Target graphics API: d3d11
    Full variant space:         3
    After settings filtering:   3
    After built-in stripping:   3
    After scriptable stripping: 3
    Processed in 0.00 seconds
  Pass  (vp, d3d11) finished in 0.00 seconds. Local cache hits 3 (0.00s CPU time), remote cache hits 0 (0.00s CPU time), compiled 0 variants (0.00s CPU time), skipped 0 variants.
    Prepared data for serialisation in 0.00s
  Pass  (fp, d3d11) finished in 0.00 seconds. Local cache hits 3 (0.00s CPU time), remote cache hits 0 (0.00s CPU time), compiled 0 variants (0.00s CPU time), skipped 0 variants.
    Prepared data for serialisation in 0.00s
Serialized binary data for shader Skybox/Procedural in 0.00s
    d3d11 (total internal programs: 6, unique: 6)
Compiling shader "Legacy Shaders/VertexLit"
  Pass "" (vp)
    Target graphics API: d3d11
    Full variant space:         12
    After settings filtering:   12
    After built-in stripping:   3
    After scriptable stripping: 3
    Processed in 0.00 seconds
  Pass "" (fp)
    Target graphics API: d3d11
    Full variant space:         12
    After settings filtering:   12
    After built-in stripping:   3
    After scriptable stripping: 3
    Processed in 0.00 seconds
  Pass "" (vp)
    Target graphics API: d3d11
    Full variant space:         4
    After settings filtering:   4
    After built-in stripping:   1
    After scriptable stripping: 1
    Processed in 0.00 seconds
  Pass "" (fp)
    Target graphics API: d3d11
    Full variant space:         4
    After settings filtering:   4
    After built-in stripping:   1
    After scriptable stripping: 1
    Processed in 0.00 seconds
  Pass "ShadowCaster" (vp)
    Target graphics API: d3d11
    Full variant space:         4
    After settings filtering:   4
    After built-in stripping:   2
    After scriptable stripping: 2
    Processed in 0.00 seconds
  Pass "ShadowCaster" (fp)
    Target graphics API: d3d11
    Full variant space:         4
    After settings filtering:   4
    After built-in stripping:   2
    After scriptable stripping: 2
    Processed in 0.00 seconds
  Pass  (vp, d3d11) finished in 0.00 seconds. Local cache hits 3 (0.00s CPU time), remote cache hits 0 (0.00s CPU time), compiled 0 variants (0.00s CPU time), skipped 0 variants.
    Prepared data for serialisation in 0.00s
  Pass  (fp, d3d11) finished in 0.00 seconds. Local cache hits 3 (0.00s CPU time), remote cache hits 0 (0.00s CPU time), compiled 0 variants (0.00s CPU time), skipped 0 variants.
    Prepared data for serialisation in 0.00s
  Pass  (vp, d3d11) finished in 0.00 seconds. Local cache hits 1 (0.00s CPU time), remote cache hits 0 (0.00s CPU time), compiled 0 variants (0.00s CPU time), skipped 0 variants.
    Prepared data for serialisation in 0.00s
  Pass  (fp, d3d11) finished in 0.00 seconds. Local cache hits 1 (0.00s CPU time), remote cache hits 0 (0.00s CPU time), compiled 0 variants (0.00s CPU time), skipped 0 variants.
    Prepared data for serialisation in 0.00s
  Pass ShadowCaster (vp, d3d11) finished in 0.00 seconds. Local cache hits 2 (0.00s CPU time), remote cache hits 0 (0.00s CPU time), compiled 0 variants (0.00s CPU time), skipped 0 variants.
    Prepared data for serialisation in 0.00s
  Pass ShadowCaster (fp, d3d11) finished in 0.00 seconds. Local cache hits 2 (0.00s CPU time), remote cache hits 0 (0.00s CPU time), compiled 0 variants (0.00s CPU time), skipped 0 variants.
    Prepared data for serialisation in 0.00s
Serialized binary data for shader Legacy Shaders/VertexLit in 0.00s
    d3d11 (total internal programs: 12, unique: 12)
Compiling shader "Legacy Shaders/Diffuse"
  Pass "FORWARD" (vp)
    Target graphics API: d3d11
    Full variant space:         664
    After settings filtering:   664
    After built-in stripping:   8
    After scriptable stripping: 8
    Processed in 0.00 seconds
  Pass "FORWARD" (fp)
    Target graphics API: d3d11
    Full variant space:         504
    After settings filtering:   504
    After built-in stripping:   4
    After scriptable stripping: 4
    Processed in 0.00 seconds
  Pass "FORWARD" (vp)
    Target graphics API: d3d11
    Full variant space:         20
    After settings filtering:   20
    After built-in stripping:   5
    After scriptable stripping: 5
    Processed in 0.00 seconds
  Pass "FORWARD" (fp)
    Target graphics API: d3d11
    Full variant space:         20
    After settings filtering:   20
    After built-in stripping:   5
    After scriptable stripping: 5
    Processed in 0.00 seconds
  Pass "DEFERRED" (vp)
    Target graphics API: d3d11
    Full variant space:         76
    After settings filtering:   76
    After built-in stripping:   4
    After scriptable stripping: 4
    Processed in 0.00 seconds
  Pass "DEFERRED" (fp)
    Target graphics API: d3d11
    Full variant space:         76
    After settings filtering:   76
    After built-in stripping:   4
    After scriptable stripping: 4
    Processed in 0.00 seconds
  Pass FORWARD (vp, d3d11) finished in 0.01 seconds. Local cache hits 8 (0.00s CPU time), remote cache hits 0 (0.00s CPU time), compiled 0 variants (0.00s CPU time), skipped 0 variants.
    Prepared data for serialisation in 0.00s
  Pass FORWARD (fp, d3d11) finished in 0.01 seconds. Local cache hits 4 (0.00s CPU time), remote cache hits 0 (0.00s CPU time), compiled 0 variants (0.00s CPU time), skipped 0 variants.
    Prepared data for serialisation in 0.00s
  Pass FORWARD (vp, d3d11) finished in 0.00 seconds. Local cache hits 5 (0.00s CPU time), remote cache hits 0 (0.00s CPU time), compiled 0 variants (0.00s CPU time), skipped 0 variants.
    Prepared data for serialisation in 0.00s
  Pass FORWARD (fp, d3d11) finished in 0.00 seconds. Local cache hits 5 (0.00s CPU time), remote cache hits 0 (0.00s CPU time), compiled 0 variants (0.00s CPU time), skipped 0 variants.
    Prepared data for serialisation in 0.00s
  Pass DEFERRED (vp, d3d11) finished in 0.00 seconds. Local cache hits 4 (0.00s CPU time), remote cache hits 0 (0.00s CPU time), compiled 0 variants (0.00s CPU time), skipped 0 variants.
    Prepared data for serialisation in 0.00s
  Pass DEFERRED (fp, d3d11) finished in 0.00 seconds. Local cache hits 4 (0.00s CPU time), remote cache hits 0 (0.00s CPU time), compiled 0 variants (0.00s CPU time), skipped 0 variants.
    Prepared data for serialisation in 0.00s
Serialized binary data for shader Legacy Shaders/Diffuse in 0.00s
    d3d11 (total internal programs: 30, unique: 30)
Compiling shader "Hidden/Internal-StencilWrite"
  Pass "" (vp)
    Target graphics API: d3d11
    Full variant space:         1
    After settings filtering:   1
    After built-in stripping:   1
    After scriptable stripping: 1
    Processed in 0.00 seconds
  Pass "" (fp)
    Target graphics API: d3d11
    Full variant space:         1
    After settings filtering:   1
    After built-in stripping:   1
    After scriptable stripping: 1
    Processed in 0.00 seconds
  Pass  (vp, d3d11) finished in 0.00 seconds. Local cache hits 1 (0.00s CPU time), remote cache hits 0 (0.00s CPU time), compiled 0 variants (0.00s CPU time), skipped 0 variants.
    Prepared data for serialisation in 0.00s
  Pass  (fp, d3d11) finished in 0.00 seconds. Local cache hits 1 (0.00s CPU time), remote cache hits 0 (0.00s CPU time), compiled 0 variants (0.00s CPU time), skipped 0 variants.
    Prepared data for serialisation in 0.00s
Serialized binary data for shader Hidden/Internal-StencilWrite in 0.00s
    d3d11 (total internal programs: 2, unique: 2)
Compiling shader "Hidden/Internal-DepthNormalsTexture"
  Pass "" (vp)
    Target graphics API: d3d11
    Full variant space:         1
    After settings filtering:   1
    After built-in stripping:   1
    After scriptable stripping: 1
    Processed in 0.00 seconds
  Pass "" (fp)
    Target graphics API: d3d11
    Full variant space:         1
    After settings filtering:   1
    After built-in stripping:   1
    After scriptable stripping: 1
    Processed in 0.00 seconds
  Pass "" (vp)
    Target graphics API: d3d11
    Full variant space:         1
    After settings filtering:   1
    After built-in stripping:   1
    After scriptable stripping: 1
    Processed in 0.00 seconds
  Pass "" (fp)
    Target graphics API: d3d11
    Full variant space:         1
    After settings filtering:   1
    After built-in stripping:   1
    After scriptable stripping: 1
    Processed in 0.00 seconds
  Pass "" (vp)
    Target graphics API: d3d11
    Full variant space:         1
    After settings filtering:   1
    After built-in stripping:   1
    After scriptable stripping: 1
    Processed in 0.00 seconds
  Pass "" (fp)
    Target graphics API: d3d11
    Full variant space:         1
    After settings filtering:   1
    After built-in stripping:   1
    After scriptable stripping: 1
    Processed in 0.00 seconds
  Pass "" (vp)
    Target graphics API: d3d11
    Full variant space:         1
    After settings filtering:   1
    After built-in stripping:   1
    After scriptable stripping: 1
    Processed in 0.00 seconds
  Pass "" (fp)
    Target graphics API: d3d11
    Full variant space:         1
    After settings filtering:   1
    After built-in stripping:   1
    After scriptable stripping: 1
    Processed in 0.00 seconds
  Pass "" (vp)
    Target graphics API: d3d11
    Full variant space:         1
    After settings filtering:   1
    After built-in stripping:   1
    After scriptable stripping: 1
    Processed in 0.00 seconds
  Pass "" (fp)
    Target graphics API: d3d11
    Full variant space:         1
    After settings filtering:   1
    After built-in stripping:   1
    After scriptable stripping: 1
    Processed in 0.00 seconds
  Pass "" (vp)
    Target graphics API: d3d11
    Full variant space:         1
    After settings filtering:   1
    After built-in stripping:   1
    After scriptable stripping: 1
    Processed in 0.00 seconds
  Pass "" (fp)
    Target graphics API: d3d11
    Full variant space:         1
    After settings filtering:   1
    After built-in stripping:   1
    After scriptable stripping: 1
    Processed in 0.00 seconds
  Pass "" (vp)
    Target graphics API: d3d11
    Full variant space:         1
    After settings filtering:   1
    After built-in stripping:   1
    After scriptable stripping: 1
    Processed in 0.00 seconds
  Pass "" (fp)
    Target graphics API: d3d11
    Full variant space:         1
    After settings filtering:   1
    After built-in stripping:   1
    After scriptable stripping: 1
    Processed in 0.00 seconds
  Pass "" (vp)
    Target graphics API: d3d11
    Full variant space:         1
    After settings filtering:   1
    After built-in stripping:   1
    After scriptable stripping: 1
    Processed in 0.00 seconds
  Pass "" (fp)
    Target graphics API: d3d11
    Full variant space:         1
    After settings filtering:   1
    After built-in stripping:   1
    After scriptable stripping: 1
    Processed in 0.00 seconds
  Pass "" (vp)
    Target graphics API: d3d11
    Full variant space:         1
    After settings filtering:   1
    After built-in stripping:   1
    After scriptable stripping: 1
    Processed in 0.00 seconds
  Pass "" (fp)
    Target graphics API: d3d11
    Full variant space:         1
    After settings filtering:   1
    After built-in stripping:   1
    After scriptable stripping: 1
    Processed in 0.00 seconds
  Pass "" (vp)
    Target graphics API: d3d11
    Full variant space:         1
    After settings filtering:   1
    After built-in stripping:   1
    After scriptable stripping: 1
    Processed in 0.00 seconds
  Pass "" (fp)
    Target graphics API: d3d11
    Full variant space:         1
    After settings filtering:   1
    After built-in stripping:   1
    After scriptable stripping: 1
    Processed in 0.00 seconds
  Pass  (vp, d3d11) finished in 0.01 seconds. Local cache hits 1 (0.00s CPU time), remote cache hits 0 (0.00s CPU time), compiled 0 variants (0.00s CPU time), skipped 0 variants.
    Prepared data for serialisation in 0.00s
  Pass  (fp, d3d11) finished in 0.01 seconds. Local cache hits 1 (0.00s CPU time), remote cache hits 0 (0.00s CPU time), compiled 0 variants (0.00s CPU time), skipped 0 variants.
    Prepared data for serialisation in 0.00s
  Pass  (vp, d3d11) finished in 0.01 seconds. Local cache hits 1 (0.00s CPU time), remote cache hits 0 (0.00s CPU time), compiled 0 variants (0.00s CPU time), skipped 0 variants.
    Prepared data for serialisation in 0.00s
  Pass  (fp, d3d11) finished in 0.01 seconds. Local cache hits 1 (0.00s CPU time), remote cache hits 0 (0.00s CPU time), compiled 0 variants (0.00s CPU time), skipped 0 variants.
    Prepared data for serialisation in 0.00s
  Pass  (vp, d3d11) finished in 0.01 seconds. Local cache hits 1 (0.00s CPU time), remote cache hits 0 (0.00s CPU time), compiled 0 variants (0.00s CPU time), skipped 0 variants.
    Prepared data for serialisation in 0.00s
  Pass  (fp, d3d11) finished in 0.01 seconds. Local cache hits 1 (0.00s CPU time), remote cache hits 0 (0.00s CPU time), compiled 0 variants (0.00s CPU time), skipped 0 variants.
    Prepared data for serialisation in 0.00s
  Pass  (vp, d3d11) finished in 0.01 seconds. Local cache hits 1 (0.00s CPU time), remote cache hits 0 (0.00s CPU time), compiled 0 variants (0.00s CPU time), skipped 0 variants.
    Prepared data for serialisation in 0.00s
  Pass  (fp, d3d11) finished in 0.01 seconds. Local cache hits 1 (0.00s CPU time), remote cache hits 0 (0.00s CPU time), compiled 0 variants (0.00s CPU time), skipped 0 variants.
    Prepared data for serialisation in 0.00s
  Pass  (vp, d3d11) finished in 0.01 seconds. Local cache hits 1 (0.00s CPU time), remote cache hits 0 (0.00s CPU time), compiled 0 variants (0.00s CPU time), skipped 0 variants.
    Prepared data for serialisation in 0.00s
  Pass  (fp, d3d11) finished in 0.01 seconds. Local cache hits 1 (0.00s CPU time), remote cache hits 0 (0.00s CPU time), compiled 0 variants (0.00s CPU time), skipped 0 variants.
    Prepared data for serialisation in 0.00s
  Pass  (vp, d3d11) finished in 0.01 seconds. Local cache hits 1 (0.00s CPU time), remote cache hits 0 (0.00s CPU time), compiled 0 variants (0.00s CPU time), skipped 0 variants.
    Prepared data for serialisation in 0.00s
  Pass  (fp, d3d11) finished in 0.01 seconds. Local cache hits 1 (0.00s CPU time), remote cache hits 0 (0.00s CPU time), compiled 0 variants (0.00s CPU time), skipped 0 variants.
    Prepared data for serialisation in 0.00s
  Pass  (vp, d3d11) finished in 0.01 seconds. Local cache hits 1 (0.00s CPU time), remote cache hits 0 (0.00s CPU time), compiled 0 variants (0.00s CPU time), skipped 0 variants.
    Prepared data for serialisation in 0.00s
  Pass  (fp, d3d11) finished in 0.00 seconds. Local cache hits 1 (0.00s CPU time), remote cache hits 0 (0.00s CPU time), compiled 0 variants (0.00s CPU time), skipped 0 variants.
    Prepared data for serialisation in 0.00s
  Pass  (vp, d3d11) finished in 0.00 seconds. Local cache hits 1 (0.00s CPU time), remote cache hits 0 (0.00s CPU time), compiled 0 variants (0.00s CPU time), skipped 0 variants.
    Prepared data for serialisation in 0.00s
  Pass  (fp, d3d11) finished in 0.00 seconds. Local cache hits 1 (0.00s CPU time), remote cache hits 0 (0.00s CPU time), compiled 0 variants (0.00s CPU time), skipped 0 variants.
    Prepared data for serialisation in 0.00s
  Pass  (vp, d3d11) finished in 0.00 seconds. Local cache hits 1 (0.00s CPU time), remote cache hits 0 (0.00s CPU time), compiled 0 variants (0.00s CPU time), skipped 0 variants.
    Prepared data for serialisation in 0.00s
  Pass  (fp, d3d11) finished in 0.00 seconds. Local cache hits 1 (0.00s CPU time), remote cache hits 0 (0.00s CPU time), compiled 0 variants (0.00s CPU time), skipped 0 variants.
    Prepared data for serialisation in 0.00s
  Pass  (vp, d3d11) finished in 0.00 seconds. Local cache hits 1 (0.00s CPU time), remote cache hits 0 (0.00s CPU time), compiled 0 variants (0.00s CPU time), skipped 0 variants.
    Prepared data for serialisation in 0.00s
  Pass  (fp, d3d11) finished in 0.00 seconds. Local cache hits 1 (0.00s CPU time), remote cache hits 0 (0.00s CPU time), compiled 0 variants (0.00s CPU time), skipped 0 variants.
    Prepared data for serialisation in 0.00s
Serialized binary data for shader Hidden/Internal-DepthNormalsTexture in 0.00s
    d3d11 (total internal programs: 20, unique: 17)
Compiling shader "Hidden/Internal-ScreenSpaceShadows"
  Pass "" (vp)
    Target graphics API: d3d11
    Full variant space:         4
    After settings filtering:   4
    After built-in stripping:   4
    After scriptable stripping: 4
    Processed in 0.00 seconds
  Pass "" (fp)
    Target graphics API: d3d11
    Full variant space:         4
    After settings filtering:   4
    After built-in stripping:   4
    After scriptable stripping: 4
    Processed in 0.00 seconds
  Pass "" (vp)
    Target graphics API: d3d11
    Full variant space:         4
    After settings filtering:   4
    After built-in stripping:   4
    After scriptable stripping: 4
    Processed in 0.00 seconds
  Pass "" (fp)
    Target graphics API: d3d11
    Full variant space:         4
    After settings filtering:   4
    After built-in stripping:   4
    After scriptable stripping: 4
    Processed in 0.00 seconds
  Pass "" (vp)
    Target graphics API: d3d11
    Full variant space:         4
    After settings filtering:   4
    After built-in stripping:   4
    After scriptable stripping: 4
    Processed in 0.00 seconds
  Pass "" (fp)
    Target graphics API: d3d11
    Full variant space:         4
    After settings filtering:   4
    After built-in stripping:   4
    After scriptable stripping: 4
    Processed in 0.00 seconds
  Pass "" (vp)
    Target graphics API: d3d11
    Full variant space:         4
    After settings filtering:   4
    After built-in stripping:   4
    After scriptable stripping: 4
    Processed in 0.00 seconds
  Pass "" (fp)
    Target graphics API: d3d11
    Full variant space:         4
    After settings filtering:   4
    After built-in stripping:   4
    After scriptable stripping: 4
    Processed in 0.00 seconds
  Pass  (vp, d3d11) finished in 0.01 seconds. Local cache hits 4 (0.00s CPU time), remote cache hits 0 (0.00s CPU time), compiled 0 variants (0.00s CPU time), skipped 0 variants.
    Prepared data for serialisation in 0.00s
  Pass  (fp, d3d11) finished in 0.01 seconds. Local cache hits 4 (0.00s CPU time), remote cache hits 0 (0.00s CPU time), compiled 0 variants (0.00s CPU time), skipped 0 variants.
    Prepared data for serialisation in 0.00s
  Pass  (vp, d3d11) finished in 0.01 seconds. Local cache hits 4 (0.00s CPU time), remote cache hits 0 (0.00s CPU time), compiled 0 variants (0.00s CPU time), skipped 0 variants.
    Prepared data for serialisation in 0.00s
  Pass  (fp, d3d11) finished in 0.00 seconds. Local cache hits 4 (0.00s CPU time), remote cache hits 0 (0.00s CPU time), compiled 0 variants (0.00s CPU time), skipped 0 variants.
    Prepared data for serialisation in 0.00s
  Pass  (vp, d3d11) finished in 0.00 seconds. Local cache hits 4 (0.00s CPU time), remote cache hits 0 (0.00s CPU time), compiled 0 variants (0.00s CPU time), skipped 0 variants.
    Prepared data for serialisation in 0.00s
  Pass  (fp, d3d11) finished in 0.00 seconds. Local cache hits 4 (0.00s CPU time), remote cache hits 0 (0.00s CPU time), compiled 0 variants (0.00s CPU time), skipped 0 variants.
    Prepared data for serialisation in 0.00s
  Pass  (vp, d3d11) finished in 0.00 seconds. Local cache hits 4 (0.00s CPU time), remote cache hits 0 (0.00s CPU time), compiled 0 variants (0.00s CPU time), skipped 0 variants.
    Prepared data for serialisation in 0.00s
  Pass  (fp, d3d11) finished in 0.00 seconds. Local cache hits 4 (0.00s CPU time), remote cache hits 0 (0.00s CPU time), compiled 0 variants (0.00s CPU time), skipped 0 variants.
    Prepared data for serialisation in 0.00s
Serialized binary data for shader Hidden/Internal-ScreenSpaceShadows in 0.00s
    d3d11 (total internal programs: 32, unique: 20)
Compiling shader "Hidden/Internal-CombineDepthNormals"
  Pass "" (vp)
    Target graphics API: d3d11
    Full variant space:         1
    After settings filtering:   1
    After built-in stripping:   1
    After scriptable stripping: 1
    Processed in 0.00 seconds
  Pass "" (fp)
    Target graphics API: d3d11
    Full variant space:         1
    After settings filtering:   1
    After built-in stripping:   1
    After scriptable stripping: 1
    Processed in 0.00 seconds
  Pass  (vp, d3d11) finished in 0.00 seconds. Local cache hits 1 (0.00s CPU time), remote cache hits 0 (0.00s CPU time), compiled 0 variants (0.00s CPU time), skipped 0 variants.
    Prepared data for serialisation in 0.00s
  Pass  (fp, d3d11) finished in 0.00 seconds. Local cache hits 1 (0.00s CPU time), remote cache hits 0 (0.00s CPU time), compiled 0 variants (0.00s CPU time), skipped 0 variants.
    Prepared data for serialisation in 0.00s
Serialized binary data for shader Hidden/Internal-CombineDepthNormals in 0.00s
    d3d11 (total internal programs: 2, unique: 2)
Compiling shader "Hidden/BlitCopy"
  Pass "" (vp)
    Target graphics API: d3d11
    Full variant space:         1
    After settings filtering:   1
    After built-in stripping:   1
    After scriptable stripping: 1
    Processed in 0.00 seconds
  Pass "" (fp)
    Target graphics API: d3d11
    Full variant space:         1
    After settings filtering:   1
    After built-in stripping:   1
    After scriptable stripping: 1
    Processed in 0.00 seconds
  Pass  (vp, d3d11) finished in 0.00 seconds. Local cache hits 1 (0.00s CPU time), remote cache hits 0 (0.00s CPU time), compiled 0 variants (0.00s CPU time), skipped 0 variants.
    Prepared data for serialisation in 0.00s
  Pass  (fp, d3d11) finished in 0.00 seconds. Local cache hits 1 (0.00s CPU time), remote cache hits 0 (0.00s CPU time), compiled 0 variants (0.00s CPU time), skipped 0 variants.
    Prepared data for serialisation in 0.00s
Serialized binary data for shader Hidden/BlitCopy in 0.00s
    d3d11 (total internal programs: 2, unique: 2)
Compiling shader "Hidden/BlitCopyDepth"
  Pass "" (vp)
    Target graphics API: d3d11
    Full variant space:         1
    After settings filtering:   1
    After built-in stripping:   1
    After scriptable stripping: 1
    Processed in 0.00 seconds
  Pass "" (fp)
    Target graphics API: d3d11
    Full variant space:         1
    After settings filtering:   1
    After built-in stripping:   1
    After scriptable stripping: 1
    Processed in 0.00 seconds
  Pass  (vp, d3d11) finished in 0.00 seconds. Local cache hits 1 (0.00s CPU time), remote cache hits 0 (0.00s CPU time), compiled 0 variants (0.00s CPU time), skipped 0 variants.
    Prepared data for serialisation in 0.00s
  Pass  (fp, d3d11) finished in 0.00 seconds. Local cache hits 1 (0.00s CPU time), remote cache hits 0 (0.00s CPU time), compiled 0 variants (0.00s CPU time), skipped 0 variants.
    Prepared data for serialisation in 0.00s
Serialized binary data for shader Hidden/BlitCopyDepth in 0.00s
    d3d11 (total internal programs: 2, unique: 2)
Compiling shader "Hidden/ConvertTexture"
  Pass "" (vp)
    Target graphics API: d3d11
    Full variant space:         1
    After settings filtering:   1
    After built-in stripping:   1
    After scriptable stripping: 1
    Processed in 0.00 seconds
  Pass "" (fp)
    Target graphics API: d3d11
    Full variant space:         1
    After settings filtering:   1
    After built-in stripping:   1
    After scriptable stripping: 1
    Processed in 0.00 seconds
  Pass  (vp, d3d11) finished in 0.00 seconds. Local cache hits 1 (0.00s CPU time), remote cache hits 0 (0.00s CPU time), compiled 0 variants (0.00s CPU time), skipped 0 variants.
    Prepared data for serialisation in 0.00s
  Pass  (fp, d3d11) finished in 0.00 seconds. Local cache hits 1 (0.00s CPU time), remote cache hits 0 (0.00s CPU time), compiled 0 variants (0.00s CPU time), skipped 0 variants.
    Prepared data for serialisation in 0.00s
Serialized binary data for shader Hidden/ConvertTexture in 0.00s
    d3d11 (total internal programs: 2, unique: 2)
Compiling shader "Hidden/Internal-DeferredShading"
  Pass "" (vp)
    Target graphics API: d3d11
    Full variant space:         94
    After settings filtering:   94
    After built-in stripping:   26
    After scriptable stripping: 26
    Processed in 0.00 seconds
  Pass "" (fp)
    Target graphics API: d3d11
    Full variant space:         94
    After settings filtering:   94
    After built-in stripping:   26
    After scriptable stripping: 26
    Processed in 0.00 seconds
  Pass "" (vp)
    Target graphics API: d3d11
    Full variant space:         1
    After settings filtering:   1
    After built-in stripping:   1
    After scriptable stripping: 1
    Processed in 0.00 seconds
  Pass "" (fp)
    Target graphics API: d3d11
    Full variant space:         1
    After settings filtering:   1
    After built-in stripping:   1
    After scriptable stripping: 1
    Processed in 0.00 seconds
  Pass  (vp, d3d11) finished in 0.00 seconds. Local cache hits 26 (0.01s CPU time), remote cache hits 0 (0.00s CPU time), compiled 0 variants (0.00s CPU time), skipped 0 variants.
    Prepared data for serialisation in 0.00s
  Pass  (fp, d3d11) finished in 0.00 seconds. Local cache hits 26 (0.01s CPU time), remote cache hits 0 (0.00s CPU time), compiled 0 variants (0.00s CPU time), skipped 0 variants.
    Prepared data for serialisation in 0.00s
  Pass  (vp, d3d11) finished in 0.00 seconds. Local cache hits 1 (0.00s CPU time), remote cache hits 0 (0.00s CPU time), compiled 0 variants (0.00s CPU time), skipped 0 variants.
    Prepared data for serialisation in 0.00s
  Pass  (fp, d3d11) finished in 0.00 seconds. Local cache hits 1 (0.00s CPU time), remote cache hits 0 (0.00s CPU time), compiled 0 variants (0.00s CPU time), skipped 0 variants.
    Prepared data for serialisation in 0.00s
Serialized binary data for shader Hidden/Internal-DeferredShading in 0.00s
    d3d11 (total internal programs: 54, unique: 54)
Compiling shader "Hidden/Internal-DeferredReflections"
  Pass "" (vp)
    Target graphics API: d3d11
    Full variant space:         1
    After settings filtering:   1
    After built-in stripping:   1
    After scriptable stripping: 1
    Processed in 0.00 seconds
  Pass "" (fp)
    Target graphics API: d3d11
    Full variant space:         1
    After settings filtering:   1
    After built-in stripping:   1
    After scriptable stripping: 1
    Processed in 0.00 seconds
  Pass "" (vp)
    Target graphics API: d3d11
    Full variant space:         2
    After settings filtering:   2
    After built-in stripping:   2
    After scriptable stripping: 2
    Processed in 0.00 seconds
  Pass "" (fp)
    Target graphics API: d3d11
    Full variant space:         2
    After settings filtering:   2
    After built-in stripping:   2
    After scriptable stripping: 2
    Processed in 0.00 seconds
  Pass  (vp, d3d11) finished in 0.00 seconds. Local cache hits 1 (0.00s CPU time), remote cache hits 0 (0.00s CPU time), compiled 0 variants (0.00s CPU time), skipped 0 variants.
    Prepared data for serialisation in 0.00s
  Pass  (fp, d3d11) finished in 0.00 seconds. Local cache hits 1 (0.00s CPU time), remote cache hits 0 (0.00s CPU time), compiled 0 variants (0.00s CPU time), skipped 0 variants.
    Prepared data for serialisation in 0.00s
  Pass  (vp, d3d11) finished in 0.00 seconds. Local cache hits 2 (0.00s CPU time), remote cache hits 0 (0.00s CPU time), compiled 0 variants (0.00s CPU time), skipped 0 variants.
    Prepared data for serialisation in 0.00s
  Pass  (fp, d3d11) finished in 0.00 seconds. Local cache hits 2 (0.00s CPU time), remote cache hits 0 (0.00s CPU time), compiled 0 variants (0.00s CPU time), skipped 0 variants.
    Prepared data for serialisation in 0.00s
Serialized binary data for shader Hidden/Internal-DeferredReflections in 0.00s
    d3d11 (total internal programs: 6, unique: 6)
Compiling shader "Hidden/Internal-MotionVectors"
  Pass "" (vp)
    Target graphics API: d3d11
    Full variant space:         1
    After settings filtering:   1
    After built-in stripping:   1
    After scriptable stripping: 1
    Processed in 0.00 seconds
  Pass "" (fp)
    Target graphics API: d3d11
    Full variant space:         1
    After settings filtering:   1
    After built-in stripping:   1
    After scriptable stripping: 1
    Processed in 0.00 seconds
  Pass "" (vp)
    Target graphics API: d3d11
    Full variant space:         1
    After settings filtering:   1
    After built-in stripping:   1
    After scriptable stripping: 1
    Processed in 0.00 seconds
  Pass "" (fp)
    Target graphics API: d3d11
    Full variant space:         1
    After settings filtering:   1
    After built-in stripping:   1
    After scriptable stripping: 1
    Processed in 0.00 seconds
  Pass "" (vp)
    Target graphics API: d3d11
    Full variant space:         1
    After settings filtering:   1
    After built-in stripping:   1
    After scriptable stripping: 1
    Processed in 0.00 seconds
  Pass "" (fp)
    Target graphics API: d3d11
    Full variant space:         1
    After settings filtering:   1
    After built-in stripping:   1
    After scriptable stripping: 1
    Processed in 0.00 seconds
  Pass  (vp, d3d11) finished in 0.00 seconds. Local cache hits 1 (0.00s CPU time), remote cache hits 0 (0.00s CPU time), compiled 0 variants (0.00s CPU time), skipped 0 variants.
    Prepared data for serialisation in 0.00s
  Pass  (fp, d3d11) finished in 0.00 seconds. Local cache hits 1 (0.00s CPU time), remote cache hits 0 (0.00s CPU time), compiled 0 variants (0.00s CPU time), skipped 0 variants.
    Prepared data for serialisation in 0.00s
  Pass  (vp, d3d11) finished in 0.00 seconds. Local cache hits 1 (0.00s CPU time), remote cache hits 0 (0.00s CPU time), compiled 0 variants (0.00s CPU time), skipped 0 variants.
    Prepared data for serialisation in 0.00s
  Pass  (fp, d3d11) finished in 0.00 seconds. Local cache hits 1 (0.00s CPU time), remote cache hits 0 (0.00s CPU time), compiled 0 variants (0.00s CPU time), skipped 0 variants.
    Prepared data for serialisation in 0.00s
  Pass  (vp, d3d11) finished in 0.00 seconds. Local cache hits 1 (0.00s CPU time), remote cache hits 0 (0.00s CPU time), compiled 0 variants (0.00s CPU time), skipped 0 variants.
    Prepared data for serialisation in 0.00s
  Pass  (fp, d3d11) finished in 0.00 seconds. Local cache hits 1 (0.00s CPU time), remote cache hits 0 (0.00s CPU time), compiled 0 variants (0.00s CPU time), skipped 0 variants.
    Prepared data for serialisation in 0.00s
Serialized binary data for shader Hidden/Internal-MotionVectors in 0.00s
    d3d11 (total internal programs: 6, unique: 5)
Compiling shader "Hidden/Internal-Flare"
  Pass "" (vp)
    Target graphics API: d3d11
    Full variant space:         1
    After settings filtering:   1
    After built-in stripping:   1
    After scriptable stripping: 1
    Processed in 0.00 seconds
  Pass "" (fp)
    Target graphics API: d3d11
    Full variant space:         1
    After settings filtering:   1
    After built-in stripping:   1
    After scriptable stripping: 1
    Processed in 0.00 seconds
  Pass  (vp, d3d11) finished in 0.00 seconds. Local cache hits 1 (0.00s CPU time), remote cache hits 0 (0.00s CPU time), compiled 0 variants (0.00s CPU time), skipped 0 variants.
    Prepared data for serialisation in 0.00s
  Pass  (fp, d3d11) finished in 0.00 seconds. Local cache hits 1 (0.00s CPU time), remote cache hits 0 (0.00s CPU time), compiled 0 variants (0.00s CPU time), skipped 0 variants.
    Prepared data for serialisation in 0.00s
Serialized binary data for shader Hidden/Internal-Flare in 0.00s
    d3d11 (total internal programs: 2, unique: 2)
Compiling shader "Hidden/Internal-Halo"
  Pass "" (vp)
    Target graphics API: d3d11
    Full variant space:         4
    After settings filtering:   4
    After built-in stripping:   1
    After scriptable stripping: 1
    Processed in 0.00 seconds
  Pass "" (fp)
    Target graphics API: d3d11
    Full variant space:         4
    After settings filtering:   4
    After built-in stripping:   1
    After scriptable stripping: 1
    Processed in 0.00 seconds
  Pass  (vp, d3d11) finished in 0.00 seconds. Local cache hits 1 (0.00s CPU time), remote cache hits 0 (0.00s CPU time), compiled 0 variants (0.00s CPU time), skipped 0 variants.
    Prepared data for serialisation in 0.00s
  Pass  (fp, d3d11) finished in 0.00 seconds. Local cache hits 1 (0.00s CPU time), remote cache hits 0 (0.00s CPU time), compiled 0 variants (0.00s CPU time), skipped 0 variants.
    Prepared data for serialisation in 0.00s
Serialized binary data for shader Hidden/Internal-Halo in 0.00s
    d3d11 (total internal programs: 2, unique: 2)
Compiling shader "Hidden/BlitCopyWithDepth"
  Pass "" (vp)
    Target graphics API: d3d11
    Full variant space:         1
    After settings filtering:   1
    After built-in stripping:   1
    After scriptable stripping: 1
    Processed in 0.00 seconds
  Pass "" (fp)
    Target graphics API: d3d11
    Full variant space:         1
    After settings filtering:   1
    After built-in stripping:   1
    After scriptable stripping: 1
    Processed in 0.00 seconds
  Pass  (vp, d3d11) finished in 0.00 seconds. Local cache hits 1 (0.00s CPU time), remote cache hits 0 (0.00s CPU time), compiled 0 variants (0.00s CPU time), skipped 0 variants.
    Prepared data for serialisation in 0.00s
  Pass  (fp, d3d11) finished in 0.00 seconds. Local cache hits 1 (0.00s CPU time), remote cache hits 0 (0.00s CPU time), compiled 0 variants (0.00s CPU time), skipped 0 variants.
    Prepared data for serialisation in 0.00s
Serialized binary data for shader Hidden/BlitCopyWithDepth in 0.00s
    d3d11 (total internal programs: 2, unique: 2)
Compiling shader "Hidden/BlitToDepth"
  Pass "" (vp)
    Target graphics API: d3d11
    Full variant space:         1
    After settings filtering:   1
    After built-in stripping:   1
    After scriptable stripping: 1
    Processed in 0.00 seconds
  Pass "" (fp)
    Target graphics API: d3d11
    Full variant space:         1
    After settings filtering:   1
    After built-in stripping:   1
    After scriptable stripping: 1
    Processed in 0.00 seconds
  Pass  (vp, d3d11) finished in 0.00 seconds. Local cache hits 1 (0.00s CPU time), remote cache hits 0 (0.00s CPU time), compiled 0 variants (0.00s CPU time), skipped 0 variants.
    Prepared data for serialisation in 0.00s
  Pass  (fp, d3d11) finished in 0.00 seconds. Local cache hits 1 (0.00s CPU time), remote cache hits 0 (0.00s CPU time), compiled 0 variants (0.00s CPU time), skipped 0 variants.
    Prepared data for serialisation in 0.00s
Serialized binary data for shader Hidden/BlitToDepth in 0.00s
    d3d11 (total internal programs: 2, unique: 2)
Compiling shader "Hidden/BlitToDepth_MSAA"
  Pass "" (vp)
    Target graphics API: d3d11
    Full variant space:         1
    After settings filtering:   1
    After built-in stripping:   1
    After scriptable stripping: 1
    Processed in 0.00 seconds
  Pass "" (fp)
    Target graphics API: d3d11
    Full variant space:         1
    After settings filtering:   1
    After built-in stripping:   1
    After scriptable stripping: 1
    Processed in 0.00 seconds
  Pass  (vp, d3d11) finished in 0.00 seconds. Local cache hits 1 (0.00s CPU time), remote cache hits 0 (0.00s CPU time), compiled 0 variants (0.00s CPU time), skipped 0 variants.
    Prepared data for serialisation in 0.00s
  Pass  (fp, d3d11) finished in 0.00 seconds. Local cache hits 1 (0.00s CPU time), remote cache hits 0 (0.00s CPU time), compiled 0 variants (0.00s CPU time), skipped 0 variants.
    Prepared data for serialisation in 0.00s
Serialized binary data for shader Hidden/BlitToDepth_MSAA in 0.00s
    d3d11 (total internal programs: 2, unique: 2)
Compiling shader "Hidden/BlitCopyHDRTonemap"
  Pass "" (vp)
    Target graphics API: d3d11
    Full variant space:         1
    After settings filtering:   1
    After built-in stripping:   1
    After scriptable stripping: 1
    Processed in 0.00 seconds
  Pass "" (fp)
    Target graphics API: d3d11
    Full variant space:         1
    After settings filtering:   1
    After built-in stripping:   1
    After scriptable stripping: 1
    Processed in 0.00 seconds
  Pass  (vp, d3d11) finished in 0.00 seconds. Local cache hits 1 (0.00s CPU time), remote cache hits 0 (0.00s CPU time), compiled 0 variants (0.00s CPU time), skipped 0 variants.
    Prepared data for serialisation in 0.00s
  Pass  (fp, d3d11) finished in 0.00 seconds. Local cache hits 1 (0.00s CPU time), remote cache hits 0 (0.00s CPU time), compiled 0 variants (0.00s CPU time), skipped 0 variants.
    Prepared data for serialisation in 0.00s
Serialized binary data for shader Hidden/BlitCopyHDRTonemap in 0.00s
    d3d11 (total internal programs: 2, unique: 2)
Compiling shader "Hidden/Internal-DebugPattern"
  Pass "Target Color and DepthStencil" (vp)
    Target graphics API: d3d11
    Full variant space:         1
    After settings filtering:   1
    After built-in stripping:   1
    After scriptable stripping: 1
    Processed in 0.00 seconds
  Pass "Target Color and DepthStencil" (fp)
    Target graphics API: d3d11
    Full variant space:         1
    After settings filtering:   1
    After built-in stripping:   1
    After scriptable stripping: 1
    Processed in 0.00 seconds
  Pass "Target only Color" (vp)
    Target graphics API: d3d11
    Full variant space:         1
    After settings filtering:   1
    After built-in stripping:   1
    After scriptable stripping: 1
    Processed in 0.00 seconds
  Pass "Target only Color" (fp)
    Target graphics API: d3d11
    Full variant space:         1
    After settings filtering:   1
    After built-in stripping:   1
    After scriptable stripping: 1
    Processed in 0.00 seconds
  Pass "Target only DepthStencil" (vp)
    Target graphics API: d3d11
    Full variant space:         1
    After settings filtering:   1
    After built-in stripping:   1
    After scriptable stripping: 1
    Processed in 0.00 seconds
  Pass "Target only DepthStencil" (fp)
    Target graphics API: d3d11
    Full variant space:         1
    After settings filtering:   1
    After built-in stripping:   1
    After scriptable stripping: 1
    Processed in 0.00 seconds
  Pass Target Color and DepthStencil (vp, d3d11) finished in 0.00 seconds. Local cache hits 1 (0.00s CPU time), remote cache hits 0 (0.00s CPU time), compiled 0 variants (0.00s CPU time), skipped 0 variants.
    Prepared data for serialisation in 0.00s
  Pass Target Color and DepthStencil (fp, d3d11) finished in 0.00 seconds. Local cache hits 1 (0.00s CPU time), remote cache hits 0 (0.00s CPU time), compiled 0 variants (0.00s CPU time), skipped 0 variants.
    Prepared data for serialisation in 0.00s
  Pass Target only Color (vp, d3d11) finished in 0.00 seconds. Local cache hits 1 (0.00s CPU time), remote cache hits 0 (0.00s CPU time), compiled 0 variants (0.00s CPU time), skipped 0 variants.
    Prepared data for serialisation in 0.00s
  Pass Target only Color (fp, d3d11) finished in 0.00 seconds. Local cache hits 1 (0.00s CPU time), remote cache hits 0 (0.00s CPU time), compiled 0 variants (0.00s CPU time), skipped 0 variants.
    Prepared data for serialisation in 0.00s
  Pass Target only DepthStencil (vp, d3d11) finished in 0.00 seconds. Local cache hits 1 (0.00s CPU time), remote cache hits 0 (0.00s CPU time), compiled 0 variants (0.00s CPU time), skipped 0 variants.
    Prepared data for serialisation in 0.00s
  Pass Target only DepthStencil (fp, d3d11) finished in 0.00 seconds. Local cache hits 1 (0.00s CPU time), remote cache hits 0 (0.00s CPU time), compiled 0 variants (0.00s CPU time), skipped 0 variants.
    Prepared data for serialisation in 0.00s
Serialized binary data for shader Hidden/Internal-DebugPattern in 0.00s
    d3d11 (total internal programs: 6, unique: 4)
Compiling shader "Hidden/Internal-GUITextureClip"
  Pass "" (vp)
    Target graphics API: d3d11
    Full variant space:         1
    After settings filtering:   1
    After built-in stripping:   1
    After scriptable stripping: 1
    Processed in 0.00 seconds
  Pass "" (fp)
    Target graphics API: d3d11
    Full variant space:         1
    After settings filtering:   1
    After built-in stripping:   1
    After scriptable stripping: 1
    Processed in 0.00 seconds
  Pass "" (vp)
    Target graphics API: d3d11
    Full variant space:         1
    After settings filtering:   1
    After built-in stripping:   1
    After scriptable stripping: 1
    Processed in 0.00 seconds
  Pass "" (fp)
    Target graphics API: d3d11
    Full variant space:         1
    After settings filtering:   1
    After built-in stripping:   1
    After scriptable stripping: 1
    Processed in 0.00 seconds
  Pass  (vp, d3d11) finished in 0.00 seconds. Local cache hits 1 (0.00s CPU time), remote cache hits 0 (0.00s CPU time), compiled 0 variants (0.00s CPU time), skipped 0 variants.
    Prepared data for serialisation in 0.00s
  Pass  (fp, d3d11) finished in 0.00 seconds. Local cache hits 1 (0.00s CPU time), remote cache hits 0 (0.00s CPU time), compiled 0 variants (0.00s CPU time), skipped 0 variants.
    Prepared data for serialisation in 0.00s
  Pass  (vp, d3d11) finished in 0.00 seconds. Local cache hits 1 (0.00s CPU time), remote cache hits 0 (0.00s CPU time), compiled 0 variants (0.00s CPU time), skipped 0 variants.
    Prepared data for serialisation in 0.00s
  Pass  (fp, d3d11) finished in 0.00 seconds. Local cache hits 1 (0.00s CPU time), remote cache hits 0 (0.00s CPU time), compiled 0 variants (0.00s CPU time), skipped 0 variants.
    Prepared data for serialisation in 0.00s
Serialized binary data for shader Hidden/Internal-GUITextureClip in 0.00s
    d3d11 (total internal programs: 4, unique: 2)
Compiling shader "Hidden/Internal-GUITextureClipText"
  Pass "" (vp)
    Target graphics API: d3d11
    Full variant space:         1
    After settings filtering:   1
    After built-in stripping:   1
    After scriptable stripping: 1
    Processed in 0.00 seconds
  Pass "" (fp)
    Target graphics API: d3d11
    Full variant space:         1
    After settings filtering:   1
    After built-in stripping:   1
    After scriptable stripping: 1
    Processed in 0.00 seconds
  Pass "" (vp)
    Target graphics API: d3d11
    Full variant space:         1
    After settings filtering:   1
    After built-in stripping:   1
    After scriptable stripping: 1
    Processed in 0.00 seconds
  Pass "" (fp)
    Target graphics API: d3d11
    Full variant space:         1
    After settings filtering:   1
    After built-in stripping:   1
    After scriptable stripping: 1
    Processed in 0.00 seconds
  Pass  (vp, d3d11) finished in 0.00 seconds. Local cache hits 1 (0.00s CPU time), remote cache hits 0 (0.00s CPU time), compiled 0 variants (0.00s CPU time), skipped 0 variants.
    Prepared data for serialisation in 0.00s
  Pass  (fp, d3d11) finished in 0.00 seconds. Local cache hits 1 (0.00s CPU time), remote cache hits 0 (0.00s CPU time), compiled 0 variants (0.00s CPU time), skipped 0 variants.
    Prepared data for serialisation in 0.00s
  Pass  (vp, d3d11) finished in 0.00 seconds. Local cache hits 1 (0.00s CPU time), remote cache hits 0 (0.00s CPU time), compiled 0 variants (0.00s CPU time), skipped 0 variants.
    Prepared data for serialisation in 0.00s
  Pass  (fp, d3d11) finished in 0.00 seconds. Local cache hits 1 (0.00s CPU time), remote cache hits 0 (0.00s CPU time), compiled 0 variants (0.00s CPU time), skipped 0 variants.
    Prepared data for serialisation in 0.00s
Serialized binary data for shader Hidden/Internal-GUITextureClipText in 0.00s
    d3d11 (total internal programs: 4, unique: 2)
Compiling shader "Hidden/Internal-GUITexture"
  Pass "" (vp)
    Target graphics API: d3d11
    Full variant space:         1
    After settings filtering:   1
    After built-in stripping:   1
    After scriptable stripping: 1
    Processed in 0.00 seconds
  Pass "" (fp)
    Target graphics API: d3d11
    Full variant space:         1
    After settings filtering:   1
    After built-in stripping:   1
    After scriptable stripping: 1
    Processed in 0.00 seconds
  Pass "" (vp)
    Target graphics API: d3d11
    Full variant space:         1
    After settings filtering:   1
    After built-in stripping:   1
    After scriptable stripping: 1
    Processed in 0.00 seconds
  Pass "" (fp)
    Target graphics API: d3d11
    Full variant space:         1
    After settings filtering:   1
    After built-in stripping:   1
    After scriptable stripping: 1
    Processed in 0.00 seconds
  Pass  (vp, d3d11) finished in 0.00 seconds. Local cache hits 1 (0.00s CPU time), remote cache hits 0 (0.00s CPU time), compiled 0 variants (0.00s CPU time), skipped 0 variants.
    Prepared data for serialisation in 0.00s
  Pass  (fp, d3d11) finished in 0.00 seconds. Local cache hits 1 (0.00s CPU time), remote cache hits 0 (0.00s CPU time), compiled 0 variants (0.00s CPU time), skipped 0 variants.
    Prepared data for serialisation in 0.00s
  Pass  (vp, d3d11) finished in 0.00 seconds. Local cache hits 1 (0.00s CPU time), remote cache hits 0 (0.00s CPU time), compiled 0 variants (0.00s CPU time), skipped 0 variants.
    Prepared data for serialisation in 0.00s
  Pass  (fp, d3d11) finished in 0.00 seconds. Local cache hits 1 (0.00s CPU time), remote cache hits 0 (0.00s CPU time), compiled 0 variants (0.00s CPU time), skipped 0 variants.
    Prepared data for serialisation in 0.00s
Serialized binary data for shader Hidden/Internal-GUITexture in 0.00s
    d3d11 (total internal programs: 4, unique: 2)
Compiling shader "Hidden/Internal-GUITextureBlit"
  Pass "" (vp)
    Target graphics API: d3d11
    Full variant space:         1
    After settings filtering:   1
    After built-in stripping:   1
    After scriptable stripping: 1
    Processed in 0.00 seconds
  Pass "" (fp)
    Target graphics API: d3d11
    Full variant space:         1
    After settings filtering:   1
    After built-in stripping:   1
    After scriptable stripping: 1
    Processed in 0.00 seconds
  Pass "" (vp)
    Target graphics API: d3d11
    Full variant space:         1
    After settings filtering:   1
    After built-in stripping:   1
    After scriptable stripping: 1
    Processed in 0.00 seconds
  Pass "" (fp)
    Target graphics API: d3d11
    Full variant space:         1
    After settings filtering:   1
    After built-in stripping:   1
    After scriptable stripping: 1
    Processed in 0.00 seconds
  Pass  (vp, d3d11) finished in 0.00 seconds. Local cache hits 1 (0.00s CPU time), remote cache hits 0 (0.00s CPU time), compiled 0 variants (0.00s CPU time), skipped 0 variants.
    Prepared data for serialisation in 0.00s
  Pass  (fp, d3d11) finished in 0.00 seconds. Local cache hits 1 (0.00s CPU time), remote cache hits 0 (0.00s CPU time), compiled 0 variants (0.00s CPU time), skipped 0 variants.
    Prepared data for serialisation in 0.00s
  Pass  (vp, d3d11) finished in 0.00 seconds. Local cache hits 1 (0.00s CPU time), remote cache hits 0 (0.00s CPU time), compiled 0 variants (0.00s CPU time), skipped 0 variants.
    Prepared data for serialisation in 0.00s
  Pass  (fp, d3d11) finished in 0.00 seconds. Local cache hits 1 (0.00s CPU time), remote cache hits 0 (0.00s CPU time), compiled 0 variants (0.00s CPU time), skipped 0 variants.
    Prepared data for serialisation in 0.00s
Serialized binary data for shader Hidden/Internal-GUITextureBlit in 0.00s
    d3d11 (total internal programs: 4, unique: 2)
Compiling shader "Hidden/Internal-GUIRoundedRect"
  Pass "" (vp)
    Target graphics API: d3d11
    Full variant space:         1
    After settings filtering:   1
    After built-in stripping:   1
    After scriptable stripping: 1
    Processed in 0.00 seconds
  Pass "" (fp)
    Target graphics API: d3d11
    Full variant space:         1
    After settings filtering:   1
    After built-in stripping:   1
    After scriptable stripping: 1
    Processed in 0.00 seconds
  Pass "" (vp)
    Target graphics API: d3d11
    Full variant space:         1
    After settings filtering:   1
    After built-in stripping:   1
    After scriptable stripping: 1
    Processed in 0.00 seconds
  Pass "" (fp)
    Target graphics API: d3d11
    Full variant space:         1
    After settings filtering:   1
    After built-in stripping:   1
    After scriptable stripping: 1
    Processed in 0.00 seconds
  Pass  (vp, d3d11) finished in 0.00 seconds. Local cache hits 1 (0.00s CPU time), remote cache hits 0 (0.00s CPU time), compiled 0 variants (0.00s CPU time), skipped 0 variants.
    Prepared data for serialisation in 0.00s
  Pass  (fp, d3d11) finished in 0.00 seconds. Local cache hits 1 (0.00s CPU time), remote cache hits 0 (0.00s CPU time), compiled 0 variants (0.00s CPU time), skipped 0 variants.
    Prepared data for serialisation in 0.00s
  Pass  (vp, d3d11) finished in 0.00 seconds. Local cache hits 1 (0.00s CPU time), remote cache hits 0 (0.00s CPU time), compiled 0 variants (0.00s CPU time), skipped 0 variants.
    Prepared data for serialisation in 0.00s
  Pass  (fp, d3d11) finished in 0.00 seconds. Local cache hits 1 (0.00s CPU time), remote cache hits 0 (0.00s CPU time), compiled 0 variants (0.00s CPU time), skipped 0 variants.
    Prepared data for serialisation in 0.00s
Serialized binary data for shader Hidden/Internal-GUIRoundedRect in 0.00s
    d3d11 (total internal programs: 4, unique: 2)
Compiling shader "Hidden/Internal-GUIRoundedRectWithColorPerBorder"
  Pass "" (vp)
    Target graphics API: d3d11
    Full variant space:         1
    After settings filtering:   1
    After built-in stripping:   1
    After scriptable stripping: 1
    Processed in 0.00 seconds
  Pass "" (fp)
    Target graphics API: d3d11
    Full variant space:         1
    After settings filtering:   1
    After built-in stripping:   1
    After scriptable stripping: 1
    Processed in 0.00 seconds
  Pass "" (vp)
    Target graphics API: d3d11
    Full variant space:         1
    After settings filtering:   1
    After built-in stripping:   1
    After scriptable stripping: 1
    Processed in 0.00 seconds
  Pass "" (fp)
    Target graphics API: d3d11
    Full variant space:         1
    After settings filtering:   1
    After built-in stripping:   1
    After scriptable stripping: 1
    Processed in 0.00 seconds
  Pass  (vp, d3d11) finished in 0.00 seconds. Local cache hits 1 (0.00s CPU time), remote cache hits 0 (0.00s CPU time), compiled 0 variants (0.00s CPU time), skipped 0 variants.
    Prepared data for serialisation in 0.00s
  Pass  (fp, d3d11) finished in 0.00 seconds. Local cache hits 1 (0.00s CPU time), remote cache hits 0 (0.00s CPU time), compiled 0 variants (0.00s CPU time), skipped 0 variants.
    Prepared data for serialisation in 0.00s
  Pass  (vp, d3d11) finished in 0.00 seconds. Local cache hits 1 (0.00s CPU time), remote cache hits 0 (0.00s CPU time), compiled 0 variants (0.00s CPU time), skipped 0 variants.
    Prepared data for serialisation in 0.00s
  Pass  (fp, d3d11) finished in 0.00 seconds. Local cache hits 1 (0.00s CPU time), remote cache hits 0 (0.00s CPU time), compiled 0 variants (0.00s CPU time), skipped 0 variants.
    Prepared data for serialisation in 0.00s
Serialized binary data for shader Hidden/Internal-GUIRoundedRectWithColorPerBorder in 0.00s
    d3d11 (total internal programs: 4, unique: 2)
Compiling shader "Hidden/Internal-UIRDefault"
  Pass "" (vp)
    Target graphics API: d3d11
    Full variant space:         40
    After settings filtering:   40
    After built-in stripping:   40
    After scriptable stripping: 40
    Processed in 0.00 seconds
  Pass "" (fp)
    Target graphics API: d3d11
    Full variant space:         40
    After settings filtering:   40
    After built-in stripping:   40
    After scriptable stripping: 40
    Processed in 0.00 seconds
  Pass  (vp, d3d11) finished in 0.00 seconds. Local cache hits 40 (0.01s CPU time), remote cache hits 0 (0.00s CPU time), compiled 0 variants (0.00s CPU time), skipped 0 variants.
    Prepared data for serialisation in 0.00s
  Pass  (fp, d3d11) finished in 0.00 seconds. Local cache hits 40 (0.01s CPU time), remote cache hits 0 (0.00s CPU time), compiled 0 variants (0.00s CPU time), skipped 0 variants.
    Prepared data for serialisation in 0.00s
Serialized binary data for shader Hidden/Internal-UIRDefault in 0.00s
    d3d11 (total internal programs: 80, unique: 80)
Compiling shader "Hidden/Internal-UIRAtlasBlitCopy"
  Pass "" (vp)
    Target graphics API: d3d11
    Full variant space:         1
    After settings filtering:   1
    After built-in stripping:   1
    After scriptable stripping: 1
    Processed in 0.00 seconds
  Pass "" (fp)
    Target graphics API: d3d11
    Full variant space:         1
    After settings filtering:   1
    After built-in stripping:   1
    After scriptable stripping: 1
    Processed in 0.00 seconds
  Pass  (vp, d3d11) finished in 0.00 seconds. Local cache hits 1 (0.00s CPU time), remote cache hits 0 (0.00s CPU time), compiled 0 variants (0.00s CPU time), skipped 0 variants.
    Prepared data for serialisation in 0.00s
  Pass  (fp, d3d11) finished in 0.00 seconds. Local cache hits 1 (0.00s CPU time), remote cache hits 0 (0.00s CPU time), compiled 0 variants (0.00s CPU time), skipped 0 variants.
    Prepared data for serialisation in 0.00s
Serialized binary data for shader Hidden/Internal-UIRAtlasBlitCopy in 0.00s
    d3d11 (total internal programs: 2, unique: 2)
Compiling shader "Sprites/Default"
  Pass "" (vp)
    Target graphics API: d3d11
    Full variant space:         8
    After settings filtering:   8
    After built-in stripping:   4
    After scriptable stripping: 4
    Processed in 0.00 seconds
  Pass "" (fp)
    Target graphics API: d3d11
    Full variant space:         8
    After settings filtering:   8
    After built-in stripping:   4
    After scriptable stripping: 4
    Processed in 0.00 seconds
  Pass  (vp, d3d11) finished in 0.00 seconds. Local cache hits 4 (0.00s CPU time), remote cache hits 0 (0.00s CPU time), compiled 0 variants (0.00s CPU time), skipped 0 variants.
    Prepared data for serialisation in 0.00s
  Pass  (fp, d3d11) finished in 0.00 seconds. Local cache hits 4 (0.00s CPU time), remote cache hits 0 (0.00s CPU time), compiled 0 variants (0.00s CPU time), skipped 0 variants.
    Prepared data for serialisation in 0.00s
Serialized binary data for shader Sprites/Default in 0.00s
    d3d11 (total internal programs: 8, unique: 8)
Compiling shader "Sprites/Mask"
  Pass "" (vp)
    Target graphics API: d3d11
    Full variant space:         4
    After settings filtering:   4
    After built-in stripping:   4
    After scriptable stripping: 4
    Processed in 0.00 seconds
  Pass "" (fp)
    Target graphics API: d3d11
    Full variant space:         4
    After settings filtering:   4
    After built-in stripping:   4
    After scriptable stripping: 4
    Processed in 0.00 seconds
  Pass  (vp, d3d11) finished in 0.00 seconds. Local cache hits 4 (0.00s CPU time), remote cache hits 0 (0.00s CPU time), compiled 0 variants (0.00s CPU time), skipped 0 variants.
    Prepared data for serialisation in 0.00s
  Pass  (fp, d3d11) finished in 0.00 seconds. Local cache hits 4 (0.00s CPU time), remote cache hits 0 (0.00s CPU time), compiled 0 variants (0.00s CPU time), skipped 0 variants.
    Prepared data for serialisation in 0.00s
Serialized binary data for shader Sprites/Mask in 0.00s
    d3d11 (total internal programs: 8, unique: 8)
Compiling shader "UI/Default"
  Pass "Default" (vp)
    Target graphics API: d3d11
    Full variant space:         4
    After settings filtering:   4
    After built-in stripping:   4
    After scriptable stripping: 4
    Processed in 0.00 seconds
  Pass "Default" (fp)
    Target graphics API: d3d11
    Full variant space:         4
    After settings filtering:   4
    After built-in stripping:   4
    After scriptable stripping: 4
    Processed in 0.00 seconds
  Pass "XRMotionVectors" (vp)
    Target graphics API: d3d11
    Full variant space:         4
    After settings filtering:   4
    After built-in stripping:   4
    After scriptable stripping: 0
    Processed in 0.00 seconds
  Pass "XRMotionVectors" (fp)
    Target graphics API: d3d11
    Full variant space:         4
    After settings filtering:   4
    After built-in stripping:   4
    After scriptable stripping: 0
    Processed in 0.00 seconds
  Pass Default (vp, d3d11) finished in 0.00 seconds. Local cache hits 4 (0.00s CPU time), remote cache hits 0 (0.00s CPU time), compiled 0 variants (0.00s CPU time), skipped 0 variants.
    Prepared data for serialisation in 0.00s
  Pass Default (fp, d3d11) finished in 0.00 seconds. Local cache hits 4 (0.00s CPU time), remote cache hits 0 (0.00s CPU time), compiled 0 variants (0.00s CPU time), skipped 0 variants.
    Prepared data for serialisation in 0.00s
Serialized binary data for shader UI/Default in 0.00s
    d3d11 (total internal programs: 8, unique: 8)
Compiling shader "UI/DefaultETC1"
  Pass "Default" (vp)
    Target graphics API: d3d11
    Full variant space:         4
    After settings filtering:   4
    After built-in stripping:   4
    After scriptable stripping: 4
    Processed in 0.00 seconds
  Pass "Default" (fp)
    Target graphics API: d3d11
    Full variant space:         4
    After settings filtering:   4
    After built-in stripping:   4
    After scriptable stripping: 4
    Processed in 0.00 seconds
  Pass "XRMotionVectors" (vp)
    Target graphics API: d3d11
    Full variant space:         4
    After settings filtering:   4
    After built-in stripping:   4
    After scriptable stripping: 0
    Processed in 0.00 seconds
  Pass "XRMotionVectors" (fp)
    Target graphics API: d3d11
    Full variant space:         4
    After settings filtering:   4
    After built-in stripping:   4
    After scriptable stripping: 0
    Processed in 0.00 seconds
  Pass Default (vp, d3d11) finished in 0.00 seconds. Local cache hits 4 (0.00s CPU time), remote cache hits 0 (0.00s CPU time), compiled 0 variants (0.00s CPU time), skipped 0 variants.
    Prepared data for serialisation in 0.00s
  Pass Default (fp, d3d11) finished in 0.00 seconds. Local cache hits 4 (0.00s CPU time), remote cache hits 0 (0.00s CPU time), compiled 0 variants (0.00s CPU time), skipped 0 variants.
    Prepared data for serialisation in 0.00s
Serialized binary data for shader UI/DefaultETC1 in 0.00s
    d3d11 (total internal programs: 8, unique: 8)
Compiling shader "Hidden/CubeBlur"
  Pass "" (vp)
    Target graphics API: d3d11
    Full variant space:         1
    After settings filtering:   1
    After built-in stripping:   1
    After scriptable stripping: 1
    Processed in 0.00 seconds
  Pass "" (fp)
    Target graphics API: d3d11
    Full variant space:         1
    After settings filtering:   1
    After built-in stripping:   1
    After scriptable stripping: 1
    Processed in 0.00 seconds
  Pass "" (vp)
    Target graphics API: d3d11
    Full variant space:         1
    After settings filtering:   1
    After built-in stripping:   1
    After scriptable stripping: 1
    Processed in 0.00 seconds
  Pass "" (fp)
    Target graphics API: d3d11
    Full variant space:         1
    After settings filtering:   1
    After built-in stripping:   1
    After scriptable stripping: 1
    Processed in 0.00 seconds
  Pass  (vp, d3d11) finished in 0.00 seconds. Local cache hits 1 (0.00s CPU time), remote cache hits 0 (0.00s CPU time), compiled 0 variants (0.00s CPU time), skipped 0 variants.
    Prepared data for serialisation in 0.00s
  Pass  (fp, d3d11) finished in 0.00 seconds. Local cache hits 1 (0.00s CPU time), remote cache hits 0 (0.00s CPU time), compiled 0 variants (0.00s CPU time), skipped 0 variants.
    Prepared data for serialisation in 0.00s
  Pass  (vp, d3d11) finished in 0.00 seconds. Local cache hits 1 (0.00s CPU time), remote cache hits 0 (0.00s CPU time), compiled 0 variants (0.00s CPU time), skipped 0 variants.
    Prepared data for serialisation in 0.00s
  Pass  (fp, d3d11) finished in 0.00 seconds. Local cache hits 1 (0.00s CPU time), remote cache hits 0 (0.00s CPU time), compiled 0 variants (0.00s CPU time), skipped 0 variants.
    Prepared data for serialisation in 0.00s
Serialized binary data for shader Hidden/CubeBlur in 0.00s
    d3d11 (total internal programs: 4, unique: 3)
Compiling shader "Hidden/CubeCopy"
  Pass "" (vp)
    Target graphics API: d3d11
    Full variant space:         1
    After settings filtering:   1
    After built-in stripping:   1
    After scriptable stripping: 1
    Processed in 0.00 seconds
  Pass "" (fp)
    Target graphics API: d3d11
    Full variant space:         1
    After settings filtering:   1
    After built-in stripping:   1
    After scriptable stripping: 1
    Processed in 0.00 seconds
  Pass "" (vp)
    Target graphics API: d3d11
    Full variant space:         1
    After settings filtering:   1
    After built-in stripping:   1
    After scriptable stripping: 1
    Processed in 0.00 seconds
  Pass "" (fp)
    Target graphics API: d3d11
    Full variant space:         1
    After settings filtering:   1
    After built-in stripping:   1
    After scriptable stripping: 1
    Processed in 0.00 seconds
  Pass  (vp, d3d11) finished in 0.00 seconds. Local cache hits 1 (0.00s CPU time), remote cache hits 0 (0.00s CPU time), compiled 0 variants (0.00s CPU time), skipped 0 variants.
    Prepared data for serialisation in 0.00s
  Pass  (fp, d3d11) finished in 0.00 seconds. Local cache hits 1 (0.00s CPU time), remote cache hits 0 (0.00s CPU time), compiled 0 variants (0.00s CPU time), skipped 0 variants.
    Prepared data for serialisation in 0.00s
  Pass  (vp, d3d11) finished in 0.00 seconds. Local cache hits 1 (0.00s CPU time), remote cache hits 0 (0.00s CPU time), compiled 0 variants (0.00s CPU time), skipped 0 variants.
    Prepared data for serialisation in 0.00s
  Pass  (fp, d3d11) finished in 0.00 seconds. Local cache hits 1 (0.00s CPU time), remote cache hits 0 (0.00s CPU time), compiled 0 variants (0.00s CPU time), skipped 0 variants.
    Prepared data for serialisation in 0.00s
Serialized binary data for shader Hidden/CubeCopy in 0.00s
    d3d11 (total internal programs: 4, unique: 2)
Compiling shader "Hidden/CubeBlend"
  Pass "" (vp)
    Target graphics API: d3d11
    Full variant space:         1
    After settings filtering:   1
    After built-in stripping:   1
    After scriptable stripping: 1
    Processed in 0.00 seconds
  Pass "" (fp)
    Target graphics API: d3d11
    Full variant space:         1
    After settings filtering:   1
    After built-in stripping:   1
    After scriptable stripping: 1
    Processed in 0.00 seconds
  Pass "" (vp)
    Target graphics API: d3d11
    Full variant space:         1
    After settings filtering:   1
    After built-in stripping:   1
    After scriptable stripping: 1
    Processed in 0.00 seconds
  Pass "" (fp)
    Target graphics API: d3d11
    Full variant space:         1
    After settings filtering:   1
    After built-in stripping:   1
    After scriptable stripping: 1
    Processed in 0.00 seconds
  Pass  (vp, d3d11) finished in 0.00 seconds. Local cache hits 1 (0.00s CPU time), remote cache hits 0 (0.00s CPU time), compiled 0 variants (0.00s CPU time), skipped 0 variants.
    Prepared data for serialisation in 0.00s
  Pass  (fp, d3d11) finished in 0.00 seconds. Local cache hits 1 (0.00s CPU time), remote cache hits 0 (0.00s CPU time), compiled 0 variants (0.00s CPU time), skipped 0 variants.
    Prepared data for serialisation in 0.00s
  Pass  (vp, d3d11) finished in 0.00 seconds. Local cache hits 1 (0.00s CPU time), remote cache hits 0 (0.00s CPU time), compiled 0 variants (0.00s CPU time), skipped 0 variants.
    Prepared data for serialisation in 0.00s
  Pass  (fp, d3d11) finished in 0.00 seconds. Local cache hits 1 (0.00s CPU time), remote cache hits 0 (0.00s CPU time), compiled 0 variants (0.00s CPU time), skipped 0 variants.
    Prepared data for serialisation in 0.00s
Serialized binary data for shader Hidden/CubeBlend in 0.00s
    d3d11 (total internal programs: 4, unique: 2)
Compiling shader "Hidden/VR/BlitTexArraySlice"
  Pass "" (vp)
    Target graphics API: d3d11
    Full variant space:         1
    After settings filtering:   1
    After built-in stripping:   1
    After scriptable stripping: 1
    Processed in 0.00 seconds
  Pass "" (fp)
    Target graphics API: d3d11
    Full variant space:         1
    After settings filtering:   1
    After built-in stripping:   1
    After scriptable stripping: 1
    Processed in 0.00 seconds
  Pass  (vp, d3d11) finished in 0.00 seconds. Local cache hits 1 (0.00s CPU time), remote cache hits 0 (0.00s CPU time), compiled 0 variants (0.00s CPU time), skipped 0 variants.
    Prepared data for serialisation in 0.00s
  Pass  (fp, d3d11) finished in 0.00 seconds. Local cache hits 1 (0.00s CPU time), remote cache hits 0 (0.00s CPU time), compiled 0 variants (0.00s CPU time), skipped 0 variants.
    Prepared data for serialisation in 0.00s
Serialized binary data for shader Hidden/VR/BlitTexArraySlice in 0.00s
    d3d11 (total internal programs: 2, unique: 2)
Compiling shader "Hidden/Internal-ODSWorldTexture"
  Pass "" (vp)
    Target graphics API: d3d11
    Full variant space:         1
    After settings filtering:   1
    After built-in stripping:   1
    After scriptable stripping: 1
    Processed in 0.00 seconds
  Pass "" (fp)
    Target graphics API: d3d11
    Full variant space:         1
    After settings filtering:   1
    After built-in stripping:   1
    After scriptable stripping: 1
    Processed in 0.00 seconds
  Pass "" (vp)
    Target graphics API: d3d11
    Full variant space:         1
    After settings filtering:   1
    After built-in stripping:   1
    After scriptable stripping: 1
    Processed in 0.00 seconds
  Pass "" (fp)
    Target graphics API: d3d11
    Full variant space:         1
    After settings filtering:   1
    After built-in stripping:   1
    After scriptable stripping: 1
    Processed in 0.00 seconds
  Pass "" (vp)
    Target graphics API: d3d11
    Full variant space:         1
    After settings filtering:   1
    After built-in stripping:   1
    After scriptable stripping: 1
    Processed in 0.00 seconds
  Pass "" (fp)
    Target graphics API: d3d11
    Full variant space:         1
    After settings filtering:   1
    After built-in stripping:   1
    After scriptable stripping: 1
    Processed in 0.00 seconds
  Pass "" (vp)
    Target graphics API: d3d11
    Full variant space:         1
    After settings filtering:   1
    After built-in stripping:   1
    After scriptable stripping: 1
    Processed in 0.00 seconds
  Pass "" (fp)
    Target graphics API: d3d11
    Full variant space:         1
    After settings filtering:   1
    After built-in stripping:   1
    After scriptable stripping: 1
    Processed in 0.00 seconds
  Pass "" (vp)
    Target graphics API: d3d11
    Full variant space:         1
    After settings filtering:   1
    After built-in stripping:   1
    After scriptable stripping: 1
    Processed in 0.00 seconds
  Pass "" (fp)
    Target graphics API: d3d11
    Full variant space:         1
    After settings filtering:   1
    After built-in stripping:   1
    After scriptable stripping: 1
    Processed in 0.00 seconds
  Pass "" (vp)
    Target graphics API: d3d11
    Full variant space:         1
    After settings filtering:   1
    After built-in stripping:   1
    After scriptable stripping: 1
    Processed in 0.00 seconds
  Pass "" (fp)
    Target graphics API: d3d11
    Full variant space:         1
    After settings filtering:   1
    After built-in stripping:   1
    After scriptable stripping: 1
    Processed in 0.00 seconds
  Pass "" (vp)
    Target graphics API: d3d11
    Full variant space:         1
    After settings filtering:   1
    After built-in stripping:   1
    After scriptable stripping: 1
    Processed in 0.00 seconds
  Pass "" (fp)
    Target graphics API: d3d11
    Full variant space:         1
    After settings filtering:   1
    After built-in stripping:   1
    After scriptable stripping: 1
    Processed in 0.00 seconds
  Pass "" (vp)
    Target graphics API: d3d11
    Full variant space:         1
    After settings filtering:   1
    After built-in stripping:   1
    After scriptable stripping: 1
    Processed in 0.00 seconds
  Pass "" (fp)
    Target graphics API: d3d11
    Full variant space:         1
    After settings filtering:   1
    After built-in stripping:   1
    After scriptable stripping: 1
    Processed in 0.00 seconds
  Pass "" (vp)
    Target graphics API: d3d11
    Full variant space:         1
    After settings filtering:   1
    After built-in stripping:   1
    After scriptable stripping: 1
    Processed in 0.00 seconds
  Pass "" (fp)
    Target graphics API: d3d11
    Full variant space:         1
    After settings filtering:   1
    After built-in stripping:   1
    After scriptable stripping: 1
    Processed in 0.00 seconds
  Pass "" (vp)
    Target graphics API: d3d11
    Full variant space:         1
    After settings filtering:   1
    After built-in stripping:   1
    After scriptable stripping: 1
    Processed in 0.00 seconds
  Pass "" (fp)
    Target graphics API: d3d11
    Full variant space:         1
    After settings filtering:   1
    After built-in stripping:   1
    After scriptable stripping: 1
    Processed in 0.00 seconds
  Pass  (vp, d3d11) finished in 0.01 seconds. Local cache hits 1 (0.00s CPU time), remote cache hits 0 (0.00s CPU time), compiled 0 variants (0.00s CPU time), skipped 0 variants.
    Prepared data for serialisation in 0.00s
  Pass  (fp, d3d11) finished in 0.01 seconds. Local cache hits 1 (0.00s CPU time), remote cache hits 0 (0.00s CPU time), compiled 0 variants (0.00s CPU time), skipped 0 variants.
    Prepared data for serialisation in 0.00s
  Pass  (vp, d3d11) finished in 0.01 seconds. Local cache hits 1 (0.00s CPU time), remote cache hits 0 (0.00s CPU time), compiled 0 variants (0.00s CPU time), skipped 0 variants.
    Prepared data for serialisation in 0.00s
  Pass  (fp, d3d11) finished in 0.01 seconds. Local cache hits 1 (0.00s CPU time), remote cache hits 0 (0.00s CPU time), compiled 0 variants (0.00s CPU time), skipped 0 variants.
    Prepared data for serialisation in 0.00s
  Pass  (vp, d3d11) finished in 0.01 seconds. Local cache hits 1 (0.00s CPU time), remote cache hits 0 (0.00s CPU time), compiled 0 variants (0.00s CPU time), skipped 0 variants.
    Prepared data for serialisation in 0.00s
  Pass  (fp, d3d11) finished in 0.01 seconds. Local cache hits 1 (0.00s CPU time), remote cache hits 0 (0.00s CPU time), compiled 0 variants (0.00s CPU time), skipped 0 variants.
    Prepared data for serialisation in 0.00s
  Pass  (vp, d3d11) finished in 0.01 seconds. Local cache hits 1 (0.00s CPU time), remote cache hits 0 (0.00s CPU time), compiled 0 variants (0.00s CPU time), skipped 0 variants.
    Prepared data for serialisation in 0.00s
  Pass  (fp, d3d11) finished in 0.01 seconds. Local cache hits 1 (0.00s CPU time), remote cache hits 0 (0.00s CPU time), compiled 0 variants (0.00s CPU time), skipped 0 variants.
    Prepared data for serialisation in 0.00s
  Pass  (vp, d3d11) finished in 0.01 seconds. Local cache hits 1 (0.00s CPU time), remote cache hits 0 (0.00s CPU time), compiled 0 variants (0.00s CPU time), skipped 0 variants.
    Prepared data for serialisation in 0.00s
  Pass  (fp, d3d11) finished in 0.01 seconds. Local cache hits 1 (0.00s CPU time), remote cache hits 0 (0.00s CPU time), compiled 0 variants (0.00s CPU time), skipped 0 variants.
    Prepared data for serialisation in 0.00s
  Pass  (vp, d3d11) finished in 0.01 seconds. Local cache hits 1 (0.00s CPU time), remote cache hits 0 (0.00s CPU time), compiled 0 variants (0.00s CPU time), skipped 0 variants.
    Prepared data for serialisation in 0.00s
  Pass  (fp, d3d11) finished in 0.01 seconds. Local cache hits 1 (0.00s CPU time), remote cache hits 0 (0.00s CPU time), compiled 0 variants (0.00s CPU time), skipped 0 variants.
    Prepared data for serialisation in 0.00s
  Pass  (vp, d3d11) finished in 0.01 seconds. Local cache hits 1 (0.00s CPU time), remote cache hits 0 (0.00s CPU time), compiled 0 variants (0.00s CPU time), skipped 0 variants.
    Prepared data for serialisation in 0.00s
  Pass  (fp, d3d11) finished in 0.01 seconds. Local cache hits 1 (0.00s CPU time), remote cache hits 0 (0.00s CPU time), compiled 0 variants (0.00s CPU time), skipped 0 variants.
    Prepared data for serialisation in 0.00s
  Pass  (vp, d3d11) finished in 0.00 seconds. Local cache hits 1 (0.00s CPU time), remote cache hits 0 (0.00s CPU time), compiled 0 variants (0.00s CPU time), skipped 0 variants.
    Prepared data for serialisation in 0.00s
  Pass  (fp, d3d11) finished in 0.00 seconds. Local cache hits 1 (0.00s CPU time), remote cache hits 0 (0.00s CPU time), compiled 0 variants (0.00s CPU time), skipped 0 variants.
    Prepared data for serialisation in 0.00s
  Pass  (vp, d3d11) finished in 0.00 seconds. Local cache hits 1 (0.00s CPU time), remote cache hits 0 (0.00s CPU time), compiled 0 variants (0.00s CPU time), skipped 0 variants.
    Prepared data for serialisation in 0.00s
  Pass  (fp, d3d11) finished in 0.00 seconds. Local cache hits 1 (0.00s CPU time), remote cache hits 0 (0.00s CPU time), compiled 0 variants (0.00s CPU time), skipped 0 variants.
    Prepared data for serialisation in 0.00s
  Pass  (vp, d3d11) finished in 0.00 seconds. Local cache hits 1 (0.00s CPU time), remote cache hits 0 (0.00s CPU time), compiled 0 variants (0.00s CPU time), skipped 0 variants.
    Prepared data for serialisation in 0.00s
  Pass  (fp, d3d11) finished in 0.00 seconds. Local cache hits 1 (0.00s CPU time), remote cache hits 0 (0.00s CPU time), compiled 0 variants (0.00s CPU time), skipped 0 variants.
    Prepared data for serialisation in 0.00s
Serialized binary data for shader Hidden/Internal-ODSWorldTexture in 0.00s
    d3d11 (total internal programs: 20, unique: 15)
Compiling shader "Hidden/Internal-CubemapToEquirect"
  Pass "" (vp)
    Target graphics API: d3d11
    Full variant space:         1
    After settings filtering:   1
    After built-in stripping:   1
    After scriptable stripping: 1
    Processed in 0.00 seconds
  Pass "" (fp)
    Target graphics API: d3d11
    Full variant space:         1
    After settings filtering:   1
    After built-in stripping:   1
    After scriptable stripping: 1
    Processed in 0.00 seconds
  Pass  (vp, d3d11) finished in 0.00 seconds. Local cache hits 1 (0.00s CPU time), remote cache hits 0 (0.00s CPU time), compiled 0 variants (0.00s CPU time), skipped 0 variants.
    Prepared data for serialisation in 0.00s
  Pass  (fp, d3d11) finished in 0.00 seconds. Local cache hits 1 (0.00s CPU time), remote cache hits 0 (0.00s CPU time), compiled 0 variants (0.00s CPU time), skipped 0 variants.
    Prepared data for serialisation in 0.00s
Serialized binary data for shader Hidden/Internal-CubemapToEquirect in 0.00s
    d3d11 (total internal programs: 2, unique: 2)
Compiling shader "Hidden/VR/BlitFromTex2DToTexArraySlice"
  Pass "" (vp)
    Target graphics API: d3d11
    Full variant space:         1
    After settings filtering:   1
    After built-in stripping:   1
    After scriptable stripping: 1
    Processed in 0.00 seconds
  Pass "" (fp)
    Target graphics API: d3d11
    Full variant space:         1
    After settings filtering:   1
    After built-in stripping:   1
    After scriptable stripping: 1
    Processed in 0.00 seconds
  Pass "" (vp)
    Target graphics API: d3d11
    Full variant space:         1
    After settings filtering:   1
    After built-in stripping:   1
    After scriptable stripping: 1
    Processed in 0.00 seconds
  Pass "" (fp)
    Target graphics API: d3d11
    Full variant space:         1
    After settings filtering:   1
    After built-in stripping:   1
    After scriptable stripping: 1
    Processed in 0.00 seconds
  Pass "" (gp)
    Target graphics API: d3d11
    Full variant space:         1
    After settings filtering:   1
    After built-in stripping:   1
    After scriptable stripping: 1
    Processed in 0.00 seconds
  Pass  (vp, d3d11) finished in 0.00 seconds. Local cache hits 1 (0.00s CPU time), remote cache hits 0 (0.00s CPU time), compiled 0 variants (0.00s CPU time), skipped 0 variants.
    Prepared data for serialisation in 0.00s
  Pass  (fp, d3d11) finished in 0.00 seconds. Local cache hits 1 (0.00s CPU time), remote cache hits 0 (0.00s CPU time), compiled 0 variants (0.00s CPU time), skipped 0 variants.
    Prepared data for serialisation in 0.00s
  Pass  (vp, d3d11) finished in 0.00 seconds. Local cache hits 1 (0.00s CPU time), remote cache hits 0 (0.00s CPU time), compiled 0 variants (0.00s CPU time), skipped 0 variants.
    Prepared data for serialisation in 0.00s
  Pass  (fp, d3d11) finished in 0.00 seconds. Local cache hits 1 (0.00s CPU time), remote cache hits 0 (0.00s CPU time), compiled 0 variants (0.00s CPU time), skipped 0 variants.
    Prepared data for serialisation in 0.00s
  Pass  (gp, d3d11) finished in 0.00 seconds. Local cache hits 1 (0.00s CPU time), remote cache hits 0 (0.00s CPU time), compiled 0 variants (0.00s CPU time), skipped 0 variants.
    Prepared data for serialisation in 0.00s
Serialized binary data for shader Hidden/VR/BlitFromTex2DToTexArraySlice in 0.00s
    d3d11 (total internal programs: 5, unique: 5)
Compiling shader "Hidden/VideoComposite"
  Pass "Default" (vp)
    Target graphics API: d3d11
    Full variant space:         1
    After settings filtering:   1
    After built-in stripping:   1
    After scriptable stripping: 1
    Processed in 0.00 seconds
  Pass "Default" (fp)
    Target graphics API: d3d11
    Full variant space:         1
    After settings filtering:   1
    After built-in stripping:   1
    After scriptable stripping: 1
    Processed in 0.00 seconds
  Pass Default (vp, d3d11) finished in 0.00 seconds. Local cache hits 1 (0.00s CPU time), remote cache hits 0 (0.00s CPU time), compiled 0 variants (0.00s CPU time), skipped 0 variants.
    Prepared data for serialisation in 0.00s
  Pass Default (fp, d3d11) finished in 0.00 seconds. Local cache hits 1 (0.00s CPU time), remote cache hits 0 (0.00s CPU time), compiled 0 variants (0.00s CPU time), skipped 0 variants.
    Prepared data for serialisation in 0.00s
Serialized binary data for shader Hidden/VideoComposite in 0.00s
    d3d11 (total internal programs: 2, unique: 2)
Compiling shader "Hidden/VideoDecode"
  Pass "YCbCr_To_RGB1" (vp)
    Target graphics API: d3d11
    Full variant space:         2
    After settings filtering:   2
    After built-in stripping:   2
    After scriptable stripping: 2
    Processed in 0.00 seconds
  Pass "YCbCr_To_RGB1" (fp)
    Target graphics API: d3d11
    Full variant space:         2
    After settings filtering:   2
    After built-in stripping:   2
    After scriptable stripping: 2
    Processed in 0.00 seconds
  Pass "YCbCrA_To_RGBAFull" (vp)
    Target graphics API: d3d11
    Full variant space:         2
    After settings filtering:   2
    After built-in stripping:   2
    After scriptable stripping: 2
    Processed in 0.00 seconds
  Pass "YCbCrA_To_RGBAFull" (fp)
    Target graphics API: d3d11
    Full variant space:         2
    After settings filtering:   2
    After built-in stripping:   2
    After scriptable stripping: 2
    Processed in 0.00 seconds
  Pass "YCbCrA_To_RGBA" (vp)
    Target graphics API: d3d11
    Full variant space:         2
    After settings filtering:   2
    After built-in stripping:   2
    After scriptable stripping: 2
    Processed in 0.00 seconds
  Pass "YCbCrA_To_RGBA" (fp)
    Target graphics API: d3d11
    Full variant space:         2
    After settings filtering:   2
    After built-in stripping:   2
    After scriptable stripping: 2
    Processed in 0.00 seconds
  Pass "Flip_RGBA_To_RGBA" (vp)
    Target graphics API: d3d11
    Full variant space:         2
    After settings filtering:   2
    After built-in stripping:   2
    After scriptable stripping: 2
    Processed in 0.00 seconds
  Pass "Flip_RGBA_To_RGBA" (fp)
    Target graphics API: d3d11
    Full variant space:         2
    After settings filtering:   2
    After built-in stripping:   2
    After scriptable stripping: 2
    Processed in 0.00 seconds
  Pass "Flip_RGBASplit_To_RGBA" (vp)
    Target graphics API: d3d11
    Full variant space:         2
    After settings filtering:   2
    After built-in stripping:   2
    After scriptable stripping: 2
    Processed in 0.00 seconds
  Pass "Flip_RGBASplit_To_RGBA" (fp)
    Target graphics API: d3d11
    Full variant space:         2
    After settings filtering:   2
    After built-in stripping:   2
    After scriptable stripping: 2
    Processed in 0.00 seconds
  Pass "Flip_NV12_To_RGB1" (vp)
    Target graphics API: d3d11
    Full variant space:         2
    After settings filtering:   2
    After built-in stripping:   2
    After scriptable stripping: 2
    Processed in 0.00 seconds
  Pass "Flip_NV12_To_RGB1" (fp)
    Target graphics API: d3d11
    Full variant space:         2
    After settings filtering:   2
    After built-in stripping:   2
    After scriptable stripping: 2
    Processed in 0.00 seconds
  Pass "Flip_NV12_To_RGBA" (vp)
    Target graphics API: d3d11
    Full variant space:         2
    After settings filtering:   2
    After built-in stripping:   2
    After scriptable stripping: 2
    Processed in 0.00 seconds
  Pass "Flip_NV12_To_RGBA" (fp)
    Target graphics API: d3d11
    Full variant space:         2
    After settings filtering:   2
    After built-in stripping:   2
    After scriptable stripping: 2
    Processed in 0.00 seconds
  Pass "Flip_P010_To_RGB1" (vp)
    Target graphics API: d3d11
    Full variant space:         1
    After settings filtering:   1
    After built-in stripping:   1
    After scriptable stripping: 1
    Processed in 0.00 seconds
  Pass "Flip_P010_To_RGB1" (fp)
    Target graphics API: d3d11
    Full variant space:         1
    After settings filtering:   1
    After built-in stripping:   1
    After scriptable stripping: 1
    Processed in 0.00 seconds
  Pass YCbCr_To_RGB1 (vp, d3d11) finished in 0.01 seconds. Local cache hits 2 (0.00s CPU time), remote cache hits 0 (0.00s CPU time), compiled 0 variants (0.00s CPU time), skipped 0 variants.
    Prepared data for serialisation in 0.00s
  Pass YCbCr_To_RGB1 (fp, d3d11) finished in 0.01 seconds. Local cache hits 2 (0.00s CPU time), remote cache hits 0 (0.00s CPU time), compiled 0 variants (0.00s CPU time), skipped 0 variants.
    Prepared data for serialisation in 0.00s
  Pass YCbCrA_To_RGBAFull (vp, d3d11) finished in 0.01 seconds. Local cache hits 2 (0.00s CPU time), remote cache hits 0 (0.00s CPU time), compiled 0 variants (0.00s CPU time), skipped 0 variants.
    Prepared data for serialisation in 0.00s
  Pass YCbCrA_To_RGBAFull (fp, d3d11) finished in 0.01 seconds. Local cache hits 2 (0.00s CPU time), remote cache hits 0 (0.00s CPU time), compiled 0 variants (0.00s CPU time), skipped 0 variants.
    Prepared data for serialisation in 0.00s
  Pass YCbCrA_To_RGBA (vp, d3d11) finished in 0.01 seconds. Local cache hits 2 (0.00s CPU time), remote cache hits 0 (0.00s CPU time), compiled 0 variants (0.00s CPU time), skipped 0 variants.
    Prepared data for serialisation in 0.00s
  Pass YCbCrA_To_RGBA (fp, d3d11) finished in 0.01 seconds. Local cache hits 2 (0.00s CPU time), remote cache hits 0 (0.00s CPU time), compiled 0 variants (0.00s CPU time), skipped 0 variants.
    Prepared data for serialisation in 0.00s
  Pass Flip_RGBA_To_RGBA (vp, d3d11) finished in 0.01 seconds. Local cache hits 2 (0.00s CPU time), remote cache hits 0 (0.00s CPU time), compiled 0 variants (0.00s CPU time), skipped 0 variants.
    Prepared data for serialisation in 0.00s
  Pass Flip_RGBA_To_RGBA (fp, d3d11) finished in 0.01 seconds. Local cache hits 2 (0.00s CPU time), remote cache hits 0 (0.00s CPU time), compiled 0 variants (0.00s CPU time), skipped 0 variants.
    Prepared data for serialisation in 0.00s
  Pass Flip_RGBASplit_To_RGBA (vp, d3d11) finished in 0.01 seconds. Local cache hits 2 (0.00s CPU time), remote cache hits 0 (0.00s CPU time), compiled 0 variants (0.00s CPU time), skipped 0 variants.
    Prepared data for serialisation in 0.00s
  Pass Flip_RGBASplit_To_RGBA (fp, d3d11) finished in 0.01 seconds. Local cache hits 2 (0.00s CPU time), remote cache hits 0 (0.00s CPU time), compiled 0 variants (0.00s CPU time), skipped 0 variants.
    Prepared data for serialisation in 0.00s
  Pass Flip_NV12_To_RGB1 (vp, d3d11) finished in 0.00 seconds. Local cache hits 2 (0.00s CPU time), remote cache hits 0 (0.00s CPU time), compiled 0 variants (0.00s CPU time), skipped 0 variants.
    Prepared data for serialisation in 0.00s
  Pass Flip_NV12_To_RGB1 (fp, d3d11) finished in 0.00 seconds. Local cache hits 2 (0.00s CPU time), remote cache hits 0 (0.00s CPU time), compiled 0 variants (0.00s CPU time), skipped 0 variants.
    Prepared data for serialisation in 0.00s
  Pass Flip_NV12_To_RGBA (vp, d3d11) finished in 0.00 seconds. Local cache hits 2 (0.00s CPU time), remote cache hits 0 (0.00s CPU time), compiled 0 variants (0.00s CPU time), skipped 0 variants.
    Prepared data for serialisation in 0.00s
  Pass Flip_NV12_To_RGBA (fp, d3d11) finished in 0.00 seconds. Local cache hits 2 (0.00s CPU time), remote cache hits 0 (0.00s CPU time), compiled 0 variants (0.00s CPU time), skipped 0 variants.
    Prepared data for serialisation in 0.00s
  Pass Flip_P010_To_RGB1 (vp, d3d11) finished in 0.00 seconds. Local cache hits 1 (0.00s CPU time), remote cache hits 0 (0.00s CPU time), compiled 0 variants (0.00s CPU time), skipped 0 variants.
    Prepared data for serialisation in 0.00s
  Pass Flip_P010_To_RGB1 (fp, d3d11) finished in 0.00 seconds. Local cache hits 1 (0.00s CPU time), remote cache hits 0 (0.00s CPU time), compiled 0 variants (0.00s CPU time), skipped 0 variants.
    Prepared data for serialisation in 0.00s
Serialized binary data for shader Hidden/VideoDecode in 0.00s
    d3d11 (total internal programs: 30, unique: 19)
Compiling shader "Hidden/TextCore/Distance Field SSD"
  Pass "" (vp)
    Target graphics API: d3d11
    Full variant space:         1
    After settings filtering:   1
    After built-in stripping:   1
    After scriptable stripping: 1
    Processed in 0.00 seconds
  Pass "" (fp)
    Target graphics API: d3d11
    Full variant space:         1
    After settings filtering:   1
    After built-in stripping:   1
    After scriptable stripping: 1
    Processed in 0.00 seconds
  Pass  (vp, d3d11) finished in 0.00 seconds. Local cache hits 1 (0.00s CPU time), remote cache hits 0 (0.00s CPU time), compiled 0 variants (0.00s CPU time), skipped 0 variants.
    Prepared data for serialisation in 0.00s
  Pass  (fp, d3d11) finished in 0.00 seconds. Local cache hits 1 (0.00s CPU time), remote cache hits 0 (0.00s CPU time), compiled 0 variants (0.00s CPU time), skipped 0 variants.
    Prepared data for serialisation in 0.00s
Serialized binary data for shader Hidden/TextCore/Distance Field SSD in 0.00s
    d3d11 (total internal programs: 2, unique: 2)
Compiling shader "Hidden/Physics2D/SDF_CircleGeometry"
  Pass "" (vp)
    Target graphics API: d3d11
    Full variant space:         2
    After settings filtering:   2
    After built-in stripping:   1
    After scriptable stripping: 1
    Processed in 0.00 seconds
  Pass "" (fp)
    Target graphics API: d3d11
    Full variant space:         2
    After settings filtering:   2
    After built-in stripping:   1
    After scriptable stripping: 1
    Processed in 0.00 seconds
  Pass  (vp, d3d11) finished in 0.00 seconds. Local cache hits 1 (0.00s CPU time), remote cache hits 0 (0.00s CPU time), compiled 0 variants (0.00s CPU time), skipped 0 variants.
    Prepared data for serialisation in 0.00s
  Pass  (fp, d3d11) finished in 0.00 seconds. Local cache hits 1 (0.00s CPU time), remote cache hits 0 (0.00s CPU time), compiled 0 variants (0.00s CPU time), skipped 0 variants.
    Prepared data for serialisation in 0.00s
Serialized binary data for shader Hidden/Physics2D/SDF_CircleGeometry in 0.00s
    d3d11 (total internal programs: 2, unique: 2)
Compiling shader "Hidden/Physics2D/SDF_CapsuleGeometry"
  Pass "" (vp)
    Target graphics API: d3d11
    Full variant space:         2
    After settings filtering:   2
    After built-in stripping:   1
    After scriptable stripping: 1
    Processed in 0.00 seconds
  Pass "" (fp)
    Target graphics API: d3d11
    Full variant space:         2
    After settings filtering:   2
    After built-in stripping:   1
    After scriptable stripping: 1
    Processed in 0.00 seconds
  Pass  (vp, d3d11) finished in 0.00 seconds. Local cache hits 1 (0.00s CPU time), remote cache hits 0 (0.00s CPU time), compiled 0 variants (0.00s CPU time), skipped 0 variants.
    Prepared data for serialisation in 0.00s
  Pass  (fp, d3d11) finished in 0.00 seconds. Local cache hits 1 (0.00s CPU time), remote cache hits 0 (0.00s CPU time), compiled 0 variants (0.00s CPU time), skipped 0 variants.
    Prepared data for serialisation in 0.00s
Serialized binary data for shader Hidden/Physics2D/SDF_CapsuleGeometry in 0.00s
    d3d11 (total internal programs: 2, unique: 2)
Compiling shader "Hidden/Physics2D/SDF_PolygonGeometry"
  Pass "" (vp)
    Target graphics API: d3d11
    Full variant space:         2
    After settings filtering:   2
    After built-in stripping:   1
    After scriptable stripping: 1
    Processed in 0.00 seconds
  Pass "" (fp)
    Target graphics API: d3d11
    Full variant space:         2
    After settings filtering:   2
    After built-in stripping:   1
    After scriptable stripping: 1
    Processed in 0.00 seconds
  Pass  (vp, d3d11) finished in 0.00 seconds. Local cache hits 1 (0.00s CPU time), remote cache hits 0 (0.00s CPU time), compiled 0 variants (0.00s CPU time), skipped 0 variants.
    Prepared data for serialisation in 0.00s
  Pass  (fp, d3d11) finished in 0.00 seconds. Local cache hits 1 (0.00s CPU time), remote cache hits 0 (0.00s CPU time), compiled 0 variants (0.00s CPU time), skipped 0 variants.
    Prepared data for serialisation in 0.00s
Serialized binary data for shader Hidden/Physics2D/SDF_PolygonGeometry in 0.00s
    d3d11 (total internal programs: 2, unique: 2)
Compiling shader "Hidden/Physics2D/SDF_Line"
  Pass "" (vp)
    Target graphics API: d3d11
    Full variant space:         2
    After settings filtering:   2
    After built-in stripping:   1
    After scriptable stripping: 1
    Processed in 0.00 seconds
  Pass "" (fp)
    Target graphics API: d3d11
    Full variant space:         2
    After settings filtering:   2
    After built-in stripping:   1
    After scriptable stripping: 1
    Processed in 0.00 seconds
  Pass  (vp, d3d11) finished in 0.00 seconds. Local cache hits 1 (0.00s CPU time), remote cache hits 0 (0.00s CPU time), compiled 0 variants (0.00s CPU time), skipped 0 variants.
    Prepared data for serialisation in 0.00s
  Pass  (fp, d3d11) finished in 0.00 seconds. Local cache hits 1 (0.00s CPU time), remote cache hits 0 (0.00s CPU time), compiled 0 variants (0.00s CPU time), skipped 0 variants.
    Prepared data for serialisation in 0.00s
Serialized binary data for shader Hidden/Physics2D/SDF_Line in 0.00s
    d3d11 (total internal programs: 2, unique: 2)
Compiling shader "Hidden/Physics2D/SDF_Point"
  Pass "" (vp)
    Target graphics API: d3d11
    Full variant space:         2
    After settings filtering:   2
    After built-in stripping:   1
    After scriptable stripping: 1
    Processed in 0.00 seconds
  Pass "" (fp)
    Target graphics API: d3d11
    Full variant space:         2
    After settings filtering:   2
    After built-in stripping:   1
    After scriptable stripping: 1
    Processed in 0.00 seconds
  Pass  (vp, d3d11) finished in 0.00 seconds. Local cache hits 1 (0.00s CPU time), remote cache hits 0 (0.00s CPU time), compiled 0 variants (0.00s CPU time), skipped 0 variants.
    Prepared data for serialisation in 0.00s
  Pass  (fp, d3d11) finished in 0.00 seconds. Local cache hits 1 (0.00s CPU time), remote cache hits 0 (0.00s CPU time), compiled 0 variants (0.00s CPU time), skipped 0 variants.
    Prepared data for serialisation in 0.00s
Serialized binary data for shader Hidden/Physics2D/SDF_Point in 0.00s
    d3d11 (total internal programs: 2, unique: 2)
Compiling shader "Hidden/Core/FallbackError"
  Pass "" (vp)
    Target graphics API: d3d11
    Full variant space:         3
    After settings filtering:   3
    After built-in stripping:   1
    After scriptable stripping: 1
    Processed in 0.00 seconds
  Pass "" (fp)
    Target graphics API: d3d11
    Full variant space:         3
    After settings filtering:   3
    After built-in stripping:   1
    After scriptable stripping: 1
    Processed in 0.00 seconds
  Pass  (vp, d3d11) finished in 0.00 seconds. Local cache hits 1 (0.00s CPU time), remote cache hits 0 (0.00s CPU time), compiled 0 variants (0.00s CPU time), skipped 0 variants.
    Prepared data for serialisation in 0.00s
  Pass  (fp, d3d11) finished in 0.00 seconds. Local cache hits 1 (0.00s CPU time), remote cache hits 0 (0.00s CPU time), compiled 0 variants (0.00s CPU time), skipped 0 variants.
    Prepared data for serialisation in 0.00s
Serialized binary data for shader Hidden/Core/FallbackError in 0.00s
    d3d11 (total internal programs: 2, unique: 2)
Compiling shader "Hidden/Universal Render Pipeline/FallbackError"
  Pass "" (vp)
    Target graphics API: d3d11
    Full variant space:         6
    After settings filtering:   6
    After built-in stripping:   1
    After scriptable stripping: 1
    Processed in 0.00 seconds
  Pass "" (fp)
    Target graphics API: d3d11
    Full variant space:         6
    After settings filtering:   6
    After built-in stripping:   1
    After scriptable stripping: 1
    Processed in 0.00 seconds
  Pass  (vp, d3d11) finished in 0.00 seconds. Local cache hits 1 (0.00s CPU time), remote cache hits 0 (0.00s CPU time), compiled 0 variants (0.00s CPU time), skipped 0 variants.
    Prepared data for serialisation in 0.00s
  Pass  (fp, d3d11) finished in 0.00 seconds. Local cache hits 1 (0.00s CPU time), remote cache hits 0 (0.00s CPU time), compiled 0 variants (0.00s CPU time), skipped 0 variants.
    Prepared data for serialisation in 0.00s
Serialized binary data for shader Hidden/Universal Render Pipeline/FallbackError in 0.00s
    d3d11 (total internal programs: 2, unique: 2)
Compiling shader "Universal Render Pipeline/Unlit"
  Pass "Unlit" (vp)
    Target graphics API: d3d11
    Full variant space:         64
    After settings filtering:   32
    After built-in stripping:   2
    After scriptable stripping: 2
    Processed in 0.00 seconds
  Pass "Unlit" (fp)
    Target graphics API: d3d11
    Full variant space:         1.024
    After settings filtering:   32
    After built-in stripping:   2
    After scriptable stripping: 2
    Processed in 0.00 seconds
  Pass "GBuffer" (vp)
    Target graphics API: d3d11
    Full variant space:         8
    After settings filtering:   8
    After built-in stripping:   2
    After scriptable stripping: 0
    Processed in 0.00 seconds
  Pass "GBuffer" (fp)
    Target graphics API: d3d11
    Full variant space:         1.024
    After settings filtering:   16
    After built-in stripping:   2
    After scriptable stripping: 0
    Processed in 0.00 seconds
  Pass "DepthOnly" (vp)
    Target graphics API: d3d11
    Full variant space:         8
    After settings filtering:   8
    After built-in stripping:   2
    After scriptable stripping: 2
    Processed in 0.00 seconds
  Pass "DepthOnly" (fp)
    Target graphics API: d3d11
    Full variant space:         8
    After settings filtering:   8
    After built-in stripping:   2
    After scriptable stripping: 2
    Processed in 0.00 seconds
  Pass "DepthNormalsOnly" (vp)
    Target graphics API: d3d11
    Full variant space:         8
    After settings filtering:   8
    After built-in stripping:   2
    After scriptable stripping: 2
    Processed in 0.00 seconds
  Pass "DepthNormalsOnly" (fp)
    Target graphics API: d3d11
    Full variant space:         32
    After settings filtering:   8
    After built-in stripping:   2
    After scriptable stripping: 2
    Processed in 0.00 seconds
  Pass "MotionVectors" (vp)
    Target graphics API: d3d11
    Full variant space:         8
    After settings filtering:   8
    After built-in stripping:   2
    After scriptable stripping: 2
    Processed in 0.00 seconds
  Pass "MotionVectors" (fp)
    Target graphics API: d3d11
    Full variant space:         8
    After settings filtering:   8
    After built-in stripping:   2
    After scriptable stripping: 2
    Processed in 0.00 seconds
  Pass "XRMotionVectors" (vp)
    Target graphics API: d3d11
    Full variant space:         16
    After settings filtering:   16
    After built-in stripping:   4
    After scriptable stripping: 0
    Processed in 0.00 seconds
  Pass "XRMotionVectors" (fp)
    Target graphics API: d3d11
    Full variant space:         16
    After settings filtering:   16
    After built-in stripping:   4
    After scriptable stripping: 0
    Processed in 0.00 seconds
  Pass Unlit (vp, d3d11) finished in 0.02 seconds. Local cache hits 2 (0.00s CPU time), remote cache hits 0 (0.00s CPU time), compiled 0 variants (0.00s CPU time), skipped 0 variants.
    Prepared data for serialisation in 0.00s
  Pass Unlit (fp, d3d11) finished in 0.02 seconds. Local cache hits 2 (0.00s CPU time), remote cache hits 0 (0.00s CPU time), compiled 0 variants (0.00s CPU time), skipped 0 variants.
    Prepared data for serialisation in 0.00s
  Pass DepthOnly (vp, d3d11) finished in 0.01 seconds. Local cache hits 2 (0.00s CPU time), remote cache hits 0 (0.00s CPU time), compiled 0 variants (0.00s CPU time), skipped 0 variants.
    Prepared data for serialisation in 0.00s
  Pass DepthOnly (fp, d3d11) finished in 0.01 seconds. Local cache hits 2 (0.00s CPU time), remote cache hits 0 (0.00s CPU time), compiled 0 variants (0.00s CPU time), skipped 0 variants.
    Prepared data for serialisation in 0.00s
  Pass DepthNormalsOnly (vp, d3d11) finished in 0.01 seconds. Local cache hits 2 (0.00s CPU time), remote cache hits 0 (0.00s CPU time), compiled 0 variants (0.00s CPU time), skipped 0 variants.
    Prepared data for serialisation in 0.00s
  Pass DepthNormalsOnly (fp, d3d11) finished in 0.01 seconds. Local cache hits 2 (0.00s CPU time), remote cache hits 0 (0.00s CPU time), compiled 0 variants (0.00s CPU time), skipped 0 variants.
    Prepared data for serialisation in 0.00s
  Pass MotionVectors (vp, d3d11) finished in 0.01 seconds. Local cache hits 2 (0.00s CPU time), remote cache hits 0 (0.00s CPU time), compiled 0 variants (0.00s CPU time), skipped 0 variants.
    Prepared data for serialisation in 0.00s
  Pass MotionVectors (fp, d3d11) finished in 0.00 seconds. Local cache hits 2 (0.00s CPU time), remote cache hits 0 (0.00s CPU time), compiled 0 variants (0.00s CPU time), skipped 0 variants.
    Prepared data for serialisation in 0.00s
Serialized binary data for shader Universal Render Pipeline/Unlit in 0.00s
    d3d11 (total internal programs: 16, unique: 16)
Compiling shader "QuizBattle/GlowAdditive"
  Pass "ForwardAdditive" (vp)
    Target graphics API: d3d11
    Full variant space:         2
    After settings filtering:   2
    After built-in stripping:   1
    After scriptable stripping: 1
    Processed in 0.00 seconds
  Pass "ForwardAdditive" (fp)
    Target graphics API: d3d11
    Full variant space:         2
    After settings filtering:   2
    After built-in stripping:   1
    After scriptable stripping: 1
    Processed in 0.00 seconds
  Pass ForwardAdditive (vp, d3d11) finished in 0.00 seconds. Local cache hits 1 (0.00s CPU time), remote cache hits 0 (0.00s CPU time), compiled 0 variants (0.00s CPU time), skipped 0 variants.
    Prepared data for serialisation in 0.00s
  Pass ForwardAdditive (fp, d3d11) finished in 0.00 seconds. Local cache hits 1 (0.00s CPU time), remote cache hits 0 (0.00s CPU time), compiled 0 variants (0.00s CPU time), skipped 0 variants.
    Prepared data for serialisation in 0.00s
Serialized binary data for shader QuizBattle/GlowAdditive in 0.00s
    d3d11 (total internal programs: 2, unique: 2)
Compiling shader "QuizBattle/Toon"
  Pass "Outline" (vp)
    Target graphics API: d3d11
    Full variant space:         2
    After settings filtering:   2
    After built-in stripping:   1
    After scriptable stripping: 1
    Processed in 0.00 seconds
  Pass "Outline" (fp)
    Target graphics API: d3d11
    Full variant space:         2
    After settings filtering:   2
    After built-in stripping:   1
    After scriptable stripping: 1
    Processed in 0.00 seconds
  Pass "Forward" (vp)
    Target graphics API: d3d11
    Full variant space:         8
    After settings filtering:   4
    After built-in stripping:   2
    After scriptable stripping: 2
    Processed in 0.00 seconds
  Pass "Forward" (fp)
    Target graphics API: d3d11
    Full variant space:         32
    After settings filtering:   8
    After built-in stripping:   4
    After scriptable stripping: 4
    Processed in 0.00 seconds
  Pass "ShadowCaster" (vp)
    Target graphics API: d3d11
    Full variant space:         2
    After settings filtering:   2
    After built-in stripping:   1
    After scriptable stripping: 1
    Processed in 0.00 seconds
  Pass "ShadowCaster" (fp)
    Target graphics API: d3d11
    Full variant space:         2
    After settings filtering:   2
    After built-in stripping:   1
    After scriptable stripping: 1
    Processed in 0.00 seconds
  Pass "DepthOnly" (vp)
    Target graphics API: d3d11
    Full variant space:         2
    After settings filtering:   2
    After built-in stripping:   1
    After scriptable stripping: 1
    Processed in 0.00 seconds
  Pass "DepthOnly" (fp)
    Target graphics API: d3d11
    Full variant space:         2
    After settings filtering:   2
    After built-in stripping:   1
    After scriptable stripping: 1
    Processed in 0.00 seconds
  Pass Outline (vp, d3d11) finished in 0.01 seconds. Local cache hits 1 (0.00s CPU time), remote cache hits 0 (0.00s CPU time), compiled 0 variants (0.00s CPU time), skipped 0 variants.
    Prepared data for serialisation in 0.00s
  Pass Outline (fp, d3d11) finished in 0.01 seconds. Local cache hits 1 (0.00s CPU time), remote cache hits 0 (0.00s CPU time), compiled 0 variants (0.00s CPU time), skipped 0 variants.
    Prepared data for serialisation in 0.00s
  Pass Forward (vp, d3d11) finished in 0.01 seconds. Local cache hits 2 (0.00s CPU time), remote cache hits 0 (0.00s CPU time), compiled 0 variants (0.00s CPU time), skipped 0 variants.
    Prepared data for serialisation in 0.00s
  Pass Forward (fp, d3d11) finished in 0.01 seconds. Local cache hits 4 (0.00s CPU time), remote cache hits 0 (0.00s CPU time), compiled 0 variants (0.00s CPU time), skipped 0 variants.
    Prepared data for serialisation in 0.00s
  Pass ShadowCaster (vp, d3d11) finished in 0.01 seconds. Local cache hits 1 (0.00s CPU time), remote cache hits 0 (0.00s CPU time), compiled 0 variants (0.00s CPU time), skipped 0 variants.
    Prepared data for serialisation in 0.00s
  Pass ShadowCaster (fp, d3d11) finished in 0.00 seconds. Local cache hits 1 (0.00s CPU time), remote cache hits 0 (0.00s CPU time), compiled 0 variants (0.00s CPU time), skipped 0 variants.
    Prepared data for serialisation in 0.00s
  Pass DepthOnly (vp, d3d11) finished in 0.00 seconds. Local cache hits 1 (0.00s CPU time), remote cache hits 0 (0.00s CPU time), compiled 0 variants (0.00s CPU time), skipped 0 variants.
    Prepared data for serialisation in 0.00s
  Pass DepthOnly (fp, d3d11) finished in 0.00 seconds. Local cache hits 1 (0.00s CPU time), remote cache hits 0 (0.00s CPU time), compiled 0 variants (0.00s CPU time), skipped 0 variants.
    Prepared data for serialisation in 0.00s
Serialized binary data for shader QuizBattle/Toon in 0.00s
    d3d11 (total internal programs: 12, unique: 12)
SpriteAtlasDatabase::Cleanup
Starting: D:\Program Files\Editor\6000.5.7f1\Editor\Data\Tools\BuildPipeline\bee_backend.exe --ipc --dagfile="Library/Bee/Player2e42096b.dag" --profile="Library/Bee/backend1.traceevents" Player
WorkingDir: D:/game/game-client
DisplayProgressbar: Incremental Player Build
D:/game/game-client/Library/PackageCache/com.unity.burst@2f3d916873ea/.Runtime\bcl.exe exited after 3972 ms.
stdout:
Starting 1 library requests
Done
stderr:

Starting: D:\Program Files\Editor\6000.5.7f1\Editor\Data\netcorerun\netcorerun.exe "D:\Program Files\Editor\6000.5.7f1\Editor\Data\PlaybackEngines\WindowsStandaloneSupport\WinPlayerBuildProgram.exe" "D:/Program Files/Editor/6000.5.7f1/Editor/Data/PlaybackEngines/WindowsStandaloneSupport/Bee;D:/Program Files/Editor/6000.5.7f1/Editor/Data/Tools/BuildPipeline" "Library/Bee/Player2e42096b.dag.json" "Library/Bee/Player2e42096b-inputdata.json" "Library\Bee\buildprogram0.traceevents"
WorkingDir: D:/game/game-client
ExitCode: 4 Duration: 7s405ms
ExitCode: 0 Duration: 0s481ms
Starting: D:\Program Files\Editor\6000.5.7f1\Editor\Data\Tools\BuildPipeline\bee_backend.exe --ipc --dagfile="Library/Bee/Player2e42096b.dag" --dagfilejson="Library\Bee\Player2e42096b.dag.json" --profile="Library/Bee/backend2.traceevents" Player
WorkingDir: D:/game/game-client
ExitCode: 0 Duration: 0s276ms
Total cache size 152885249
Total cache size after purge 152885249, took 00:00:00.1885011
Asset Pipeline Refresh (id=b046a6c9ca992a04d8688bb9d2fa700d): Total: 0.166 seconds - Initiated by RefreshV2(NoUpdateAssetOptions)
[Licensing::Client] Successfully resolved entitlement details
[Licensing::Client] Successfully resolved entitlement details

-------------------------------------------------------------------------------
Build Report
Uncompressed usage by category (Percentages based on user generated assets only):
Textures               8.2 mb	 72.4% 
Meshes                 1.4 mb	 12.7% 
Animations             275.6 kb	 2.4% 
Sounds                 0.0 kb	 0.0% 
Shaders                468.1 kb	 4.0% 
Other Assets           770.9 kb	 6.7% 
Levels                 17.0 kb	 0.1% 
File headers           68.7 kb	 0.6% 
Total User Assets      11.3 mb	 100.0% 
Complete build size    102.4 mb
Used Assets and files from the Resources folder, sorted by uncompressed size:
 2.7 mb	 2.6% Built-in Texture2D: Splash Screen Unity Logo
 2.7 mb	 2.6% Assets/Resources/Textures/StoneFloor.png
 1.0 mb	 1.0% Assets/TextMesh Pro/Resources/Fonts & Materials/LiberationSans SDF.asset
 682.8 kb	 0.7% Assets/Resources/Textures/CharacterAtlas.png
 682.8 kb	 0.7% Assets/ithappy/Creative_Characters_FREE/Textures/Textures.png
 519.6 kb	 0.5% Resources/unity_builtin_extra
 344.5 kb	 0.3% Assets/TextMesh Pro/Fonts/LiberationSans.ttf
 275.6 kb	 0.3% Assets/ithappy/Creative_Characters_FREE/Animations/Animation_Mesh/Aminset_Basic.fbx
 262.6 kb	 0.3% Assets/ithappy/Creative_Characters_FREE/Meshes/Base_Mesh.fbx
 244.5 kb	 0.2% Assets/ithappy/Creative_Characters_FREE/Meshes/Shoes/Shoe_Sneakers_009.fbx
 237.2 kb	 0.2% Assets/ithappy/Creative_Characters_FREE/Meshes/Costumes/Costume_13_001.fbx
 211.5 kb	 0.2% Assets/ithappy/Creative_Characters_FREE/Meshes/Mascots/Mascot_002.fbx
 191.7 kb	 0.2% Assets/TextMesh Pro/Shaders/TMP_SDF-Mobile.shader
 183.9 kb	 0.2% Assets/ithappy/Creative_Characters_FREE/Meshes/Outfit/Outfit_010.fbx
 140.0 kb	 0.1% Assets/ithappy/Creative_Characters_FREE/Meshes/Pants/Pants_010.fbx
 114.1 kb	 0.1% Assets/ithappy/Creative_Characters_FREE/Meshes/Outwear/Outwear_004.fbx
 102.2 kb	 0.1% Assets/ithappy/Creative_Characters_FREE/Meshes/Pants/Pants_009.fbx
 83.1 kb	 0.1% Assets/ithappy/Creative_Characters_FREE/Meshes/Hairstyle/Hairstyle_Male_001.fbx
 68.3 kb	 0.1% Packages/com.unity.render-pipelines.core/Runtime/Vrs/Shaders/VrsTexture.compute
 65.7 kb	 0.1% Packages/com.unity.render-pipelines.universal/Shaders/Utils/CoreBlit.shader
 59.4 kb	 0.1% Assets/ithappy/Creative_Characters_FREE/Meshes/Shoes/Shoe_Slippers_002.fbx
 54.0 kb	 0.1% Assets/ithappy/Creative_Characters_FREE/Meshes/Hairstyle/Hairstyle_Male_005.fbx
 36.3 kb	 0.0% Packages/com.unity.render-pipelines.universal/Shaders/Lit.shader
 22.4 kb	 0.0% Packages/com.unity.render-pipelines.universal/Shaders/Terrain/TerrainDetailLit.shader
 22.1 kb	 0.0% Packages/com.unity.render-pipelines.universal/Shaders/Terrain/WavingGrass.shader
 19.8 kb	 0.0% Assets/Shaders/QB_Toon.shader
 19.4 kb	 0.0% Packages/com.unity.render-pipelines.universal/Shaders/Terrain/WavingGrassBillboard.shader
 16.6 kb	 0.0% Assets/Resources/Characters/Models/Base_Mesh.prefab
 16.2 kb	 0.0% Packages/com.unity.render-pipelines.universal/Shaders/Unlit.shader
 16.2 kb	 0.0% Packages/com.unity.render-pipelines.universal/Textures/DebugFont.tga
 9.8 kb	 0.0% Packages/com.unity.render-pipelines.universal/Shaders/Debug/HDRDebugView.shader
 9.6 kb	 0.0% Packages/com.unity.render-pipelines.universal/Shaders/Utils/CoreBlitColorAndDepth.shader
 7.8 kb	 0.0% Packages/com.unity.render-pipelines.core/Shaders/CoreCopy.shader
 6.3 kb	 0.0% Assets/Resources/Characters/Models/Shoe_Sneakers_009.prefab
 6.3 kb	 0.0% Assets/Resources/Characters/Models/Shoe_Slippers_002.prefab
 6.3 kb	 0.0% Assets/Resources/Characters/Models/Hairstyle_Male_005.prefab
 6.3 kb	 0.0% Assets/Resources/Characters/Models/Hairstyle_Male_001.prefab
 6.3 kb	 0.0% Assets/Resources/Characters/Models/Costume_13_001.prefab
 6.3 kb	 0.0% Assets/Resources/Characters/Models/Pants_010.prefab
 6.3 kb	 0.0% Assets/Resources/Characters/Models/Pants_009.prefab
 6.3 kb	 0.0% Assets/Resources/Characters/Models/Outwear_004.prefab
 6.3 kb	 0.0% Assets/Resources/Characters/Models/Outfit_010.prefab
 6.3 kb	 0.0% Assets/Resources/Characters/Models/Mascot_002.prefab
 4.5 kb	 0.0% Packages/com.unity.render-pipelines.universal/Shaders/Utils/CopyDepth.shader
 4.5 kb	 0.0% Assets/Shaders/QB_GlowAdditive.shader
 4.2 kb	 0.0% Packages/com.unity.render-pipelines.universal/Shaders/Debug/DebugReplacement.shader
 4.2 kb	 0.0% Packages/com.unity.render-pipelines.universal/Textures/BlueNoise64/L/LDR_LLL1_0.png
 4.0 kb	 0.0% Assets/ithappy/Creative_Characters_FREE/Animations/Animation_Controllers/Character_Movement.controller
 3.7 kb	 0.0% Packages/com.unity.render-pipelines.universal/Shaders/CameraMotionVectors.shader
 3.6 kb	 0.0% Packages/com.unity.render-pipelines.universal/Shaders/Utils/Sampling.shader
 3.6 kb	 0.0% Packages/com.unity.render-pipelines.universal/Shaders/Utils/StencilDitherMaskSeed.shader
 3.5 kb	 0.0% Packages/com.unity.render-pipelines.universal/Shaders/Utils/FallbackError.shader
 3.4 kb	 0.0% Packages/com.unity.render-pipelines.core/Runtime/Vrs/Shaders/VrsVisualization.shader
 3.3 kb	 0.0% Assets/TextMesh Pro/Resources/Fonts & Materials/LiberationSans SDF - Fallback.asset
 3.2 kb	 0.0% Packages/com.unity.render-pipelines.core/Runtime/RenderPipelineResources/FallbackShader.shader
 2.8 kb	 0.0% Assets/DefaultVolumeProfile.asset
 2.8 kb	 0.0% Assets/Resources/PerformanceTestRunInfo.json
 2.7 kb	 0.0% Packages/com.unity.render-pipelines.universal/Shaders/Utils/StencilDeferred.shader
 2.6 kb	 0.0% Assets/UniversalRenderPipelineGlobalSettings.asset
 2.5 kb	 0.0% Packages/com.unity.render-pipelines.universal/Shaders/Debug/ProbeVolumeSamplingDebugPositionNormal.compute
 2.3 kb	 0.0% Assets/TextMesh Pro/Resources/Style Sheets/Default Style Sheet.asset
 1.7 kb	 0.0% Assets/ithappy/Creative_Characters_FREE/Materials/Color.mat
 1.6 kb	 0.0% Assets/TextMesh Pro/Resources/Fonts & Materials/LiberationSans SDF - Drop Shadow.mat
 1.6 kb	 0.0% Assets/TextMesh Pro/Resources/Fonts & Materials/LiberationSans SDF - Outline.mat
 1.5 kb	 0.0% Packages/com.unity.render-pipelines.universal/Shaders/Utils/ClusterDeferred.shader
 0.6 kb	 0.0% Assets/Resources/Materials/QB_Toon_MainTexVariant.mat
 0.5 kb	 0.0% Packages/com.unity.render-pipelines.universal/Shaders/XR/XRMirrorView.shader
 0.5 kb	 0.0% Packages/com.unity.render-pipelines.universal/Shaders/Utils/BlitHDROverlay.shader
 0.4 kb	 0.0% Packages/com.unity.render-pipelines.universal/Runtime/Decal/DBuffer/DBufferClear.shader
 0.4 kb	 0.0% Assets/Settings/QuizBattle_URP.asset
 0.4 kb	 0.0% Built-in Sprite: 
 0.4 kb	 0.0% Packages/com.unity.render-pipelines.universal/Shaders/XR/XROcclusionMesh.shader
 0.4 kb	 0.0% Packages/com.unity.render-pipelines.universal/Shaders/XR/XRMotionVector.shader
 0.3 kb	 0.0% Assets/TextMesh Pro/Resources/LineBreaking Following Characters.txt
 0.3 kb	 0.0% Assets/TextMesh Pro/Resources/TMP Settings.asset
 0.3 kb	 0.0% Assets/Resources/Characters/VeraDef.asset
 0.3 kb	 0.0% Assets/Resources/Characters/AegisDef.asset
 0.3 kb	 0.0% Assets/Settings/QuizBattle_Renderer.asset
 0.3 kb	 0.0% Assets/Resources/Characters/ZephyrDef.asset
 0.3 kb	 0.0% Assets/Resources/Characters/BlazeDef.asset
 0.2 kb	 0.0% Packages/com.unity.render-pipelines.core/Runtime-PrivateShared/InternalBridge/RenderPipelineEditorUtilityBridge.cs
 0.2 kb	 0.0% Packages/com.unity.render-pipelines.core/Runtime-PrivateShared/InternalRenderPipelineGlobalSettingsUtils.cs
 0.2 kb	 0.0% Packages/com.unity.render-pipelines.universal/Runtime/Debug/UniversalRenderPipelineVolumeDebugSettings.deprecated.cs
 0.2 kb	 0.0% Packages/com.unity.render-pipelines.universal/Runtime/RenderPipelineResources/UniversalRenderPipelineRuntimeXRResources.cs
 0.2 kb	 0.0% Packages/com.unity.render-pipelines.universal/Runtime/RenderPipelineResources/UniversalRenderPipelineRuntimeTerrainShaders.cs
 0.2 kb	 0.0% Packages/com.unity.render-pipelines.universal/Runtime/Debug/UniversalRenderPipelineVolumeDebugSettings.cs
 0.2 kb	 0.0% Packages/com.unity.render-pipelines.universal/Runtime/Debug/UniversalRenderPipelineDebugDisplaySettings.cs
 0.2 kb	 0.0% Packages/com.unity.render-pipelines.core/Runtime/RenderGraph/RenderGraphResourceAccelerationStructure.cs
 0.2 kb	 0.0% Packages/com.unity.render-pipelines.universal/Runtime/UniversalRenderPipelineGlobalSettings.cs
 0.2 kb	 0.0% Packages/com.unity.render-pipelines.universal/Runtime/RenderPipelineResources/UniversalRenderPipelineRuntimeTextures.cs
 0.2 kb	 0.0% Packages/com.unity.render-pipelines.universal/Runtime/RenderPipelineResources/UniversalRenderPipelineRuntimeShaders.cs
 0.2 kb	 0.0% Packages/com.unity.render-pipelines.universal/Runtime/RenderPipelineResources/UniversalRenderPipelineEditorMaterials.cs
 0.2 kb	 0.0% Packages/com.unity.render-pipelines.universal/Runtime/Debug/UniversalRenderPipelineDebugDisplayStats.cs
 0.2 kb	 0.0% Packages/com.unity.render-pipelines.core/Runtime-PrivateShared/InternalRenderGraphValidation.cs
 0.2 kb	 0.0% Packages/com.unity.render-pipelines.universal/Runtime/2D/Shadows/Providers/ShadowShape2DProvider_SpriteRenderer.cs
 0.2 kb	 0.0% Packages/com.unity.render-pipelines.core/Runtime/Stripping/RenderPipelineGraphicsSettingsStripperFetcher.cs
 0.2 kb	 0.0% Packages/com.unity.render-pipelines.core/Runtime/RenderGraph/IRenderGraphEnabledRenderPipeline.cs
 0.2 kb	 0.0% Packages/com.unity.multiplayer.center/Common/IOnboardingSectionAnalyticsProvider.cs
 0.2 kb	 0.0% Packages/com.unity.render-pipelines.universal/Runtime/RenderPipelineResources/UniversalRenderPipelineEditorShaders.cs
 0.2 kb	 0.0% Packages/com.unity.render-pipelines.universal/Runtime/RenderPipelineResources/UniversalRenderPipelineEditorAssets.cs
 0.2 kb	 0.0% Packages/com.unity.render-pipelines.universal/Runtime/RenderPipelineResources/UniversalRenderPipelineDebugShaders.cs
 0.2 kb	 0.0% Packages/com.unity.render-pipelines.universal/Runtime/Passes/PostProcess/TemporalAntiAliasingPostProcessPass.cs
 0.2 kb	 0.0% Packages/com.unity.render-pipelines.universal/Runtime/Passes/PostProcess/LensFlareScreenSpacePostProcessPass.cs
 0.2 kb	 0.0% Packages/com.unity.render-pipelines.universal/Runtime/Passes/PostProcess/LensFlareDataDrivenPostProcessPass.cs
 0.2 kb	 0.0% Packages/com.unity.render-pipelines.universal/Runtime/Passes/PostProcess/DepthOfFieldGaussianPostProcessPass.cs
 0.2 kb	 0.0% Packages/com.unity.render-pipelines.universal/Runtime/Passes/AdditionalLightsShadowCasterPass.cs
 0.2 kb	 0.0% Packages/com.unity.render-pipelines.universal/Runtime/Passes/AdditionalLightsShadowAtlasLayout.cs
 0.2 kb	 0.0% Packages/com.unity.render-pipelines.core/Runtime/Stripping/RenderPipelineGraphicsSettingsStripperReport.cs
 0.2 kb	 0.0% Packages/com.unity.render-pipelines.core/Runtime/RenderGraph/Compiler/NativePassCompiler.Debug.cs
 0.2 kb	 0.0% Packages/com.unity.render-pipelines.core/Runtime/GPUDriven/Culling/OcclusionCullingCommonShaderVariables.cs
 0.2 kb	 0.0% Packages/com.unity.render-pipelines.core/Runtime/GPUDriven/Culling/InstanceOcclusionCullerShaderVariables.cs
 0.2 kb	 0.0% Packages/com.unity.render-pipelines.universal/Runtime/2D/Shadows/Providers/ShadowShape2DProvider_Collider.cs
 0.2 kb	 0.0% Packages/com.unity.render-pipelines.universal/Runtime/2D/CinemachineUniversalPixelPerfect.cs
 0.2 kb	 0.0% Packages/com.unity.render-pipelines.core/Runtime/Stripping/RenderPipelineGraphicsSettingsStripper.cs
 0.2 kb	 0.0% Packages/com.unity.render-pipelines.core/Runtime/RenderPipeline/RenderPipelineGraphicsSettingsContainer.cs
 0.2 kb	 0.0% Packages/com.unity.render-pipelines.core/Runtime/RenderGraph/Compiler/NativePassCompiler.cs
 0.2 kb	 0.0% Packages/com.unity.render-pipelines.core/Runtime/RenderGraph/Compiler/CompilerContextData.cs
 0.2 kb	 0.0% Packages/com.unity.render-pipelines.core/Runtime/Common/IVirtualTexturingEnabledRenderPipeline.cs
 0.2 kb	 0.0% Packages/com.unity.render-pipelines.universal/Textures/BayerMatrix.png
 0.2 kb	 0.0% Packages/com.unity.render-pipelines.universal/Runtime/VolumeRequiresRendererFeatures.cs
 0.2 kb	 0.0% Packages/com.unity.render-pipelines.universal/Runtime/UniversalAdditionalCameraData.cs
 0.2 kb	 0.0% Packages/com.unity.render-pipelines.universal/Runtime/Settings/URPDefaultVolumeProfileSetting.cs
 0.2 kb	 0.0% Packages/com.unity.render-pipelines.universal/Runtime/RendererFeatures/FullScreenPassRendererFeature.cs
 0.2 kb	 0.0% Packages/com.unity.render-pipelines.universal/Runtime/RendererFeatures/DisallowMultipleRendererFeature.cs
 0.2 kb	 0.0% Packages/com.unity.render-pipelines.universal/Runtime/Passes/ScreenSpaceAmbientOcclusionPass.cs
 0.2 kb	 0.0% Packages/com.unity.render-pipelines.universal/Runtime/Passes/PostProcess/PaniniProjectionPostProcessPass.cs
 0.2 kb	 0.0% Packages/com.unity.render-pipelines.universal/Runtime/Passes/MainLightShadowCasterPass.cs
 0.2 kb	 0.0% Packages/com.unity.render-pipelines.universal/Runtime/Passes/InvokeOnRenderObjectCallbackPass.cs
 0.2 kb	 0.0% Packages/com.unity.render-pipelines.universal/Runtime/Decal/Entities/DecalUpdateCullingGroupSystem.cs
 0.2 kb	 0.0% Packages/com.unity.render-pipelines.universal/Runtime/Debug/DebugDisplaySettingsRendering.cs
 0.2 kb	 0.0% Packages/com.unity.render-pipelines.core/Runtime/UnifiedRayTracing/Hardware/HardwareRayTracingAccelStruct.cs
 0.2 kb	 0.0% Packages/com.unity.render-pipelines.core/Runtime/RenderGraph/RenderGraphUtilsResources.cs
 0.2 kb	 0.0% Packages/com.unity.render-pipelines.core/Runtime/Lighting/ProbeVolume/ProbeReferenceVolume.ReflProbeNormalization.cs
 0.2 kb	 0.0% Packages/com.unity.render-pipelines.core/Runtime/GPUDriven/Culling/OcclusionCullingDebugShaderVariables.cs
 0.2 kb	 0.0% Packages/com.unity.render-pipelines.core/Runtime-PrivateShared/OnTileValidationLayer.cs
 0.2 kb	 0.0% Packages/com.unity.postprocessing/PostProcessing/Runtime/Utils/PostProcessEffectRendererExtensions.cs
 0.2 kb	 0.0% Packages/com.unity.postprocessing/PostProcessing/Runtime/Effects/SubpixelMorphologicalAntialiasing.cs
 0.2 kb	 0.0% Assets/ithappy/Creative_Characters_FREE/Scripts/Extensions/StringExtensions.cs
 0.2 kb	 0.0% Packages/com.unity.render-pipelines.universal/Runtime/UniversalRenderPipelineRenderGraph.cs
 0.2 kb	 0.0% Packages/com.unity.render-pipelines.universal/Runtime/Passes/PostProcess/DepthOfFieldBokehProcessPass.cs
 0.2 kb	 0.0% Packages/com.unity.render-pipelines.universal/Runtime/2D/Sources/Shadow2DSource_ShapeEditor.cs
 0.2 kb	 0.0% Packages/com.unity.render-pipelines.universal/Runtime/2D/Shadows/ShadowCasterGroup2DManager.cs
 0.2 kb	 0.0% Packages/com.unity.render-pipelines.universal/Runtime/2D/Rendergraph/CopyCameraSortingLayerPass.cs
 0.2 kb	 0.0% Packages/com.unity.render-pipelines.universal/Runtime/2D/RendererFeatures/ScriptableRendererFeature2D.cs
 0.2 kb	 0.0% Packages/com.unity.render-pipelines.universal/Runtime/2D/PixelPerfectCameraInternal.cs
 0.2 kb	 0.0% Packages/com.unity.render-pipelines.core/Runtime/Vrs/VrsRenderPipelineRuntimeResources.cs
 0.2 kb	 0.0% Packages/com.unity.render-pipelines.core/Runtime/Settings/RenderingDebuggerRuntimeResources.cs
 0.2 kb	 0.0% Packages/com.unity.render-pipelines.core/Runtime/RenderPipeline/RenderPipelineGlobalSettingsUtils.cs
 0.2 kb	 0.0% Packages/com.unity.render-pipelines.core/Runtime/RenderGraph/RenderGraphValidationLayer.cs
 0.2 kb	 0.0% Packages/com.unity.render-pipelines.core/Runtime/RenderGraph/RenderGraphResourceRegistry.cs
 0.2 kb	 0.0% Packages/com.unity.render-pipelines.core/Runtime/RenderGraph/RenderGraphDefaultResources.cs
 0.2 kb	 0.0% Packages/com.unity.render-pipelines.core/Runtime/RenderGraph/Compiler/ResourcesData.cs
 0.2 kb	 0.0% Packages/com.unity.render-pipelines.core/Runtime/Lighting/ProbeVolume/ProbeVolumeConstantRuntimeResources.cs
 0.2 kb	 0.0% Packages/com.unity.render-pipelines.core/Runtime/Lighting/ProbeVolume/ProbeVolumeBakingSetWeakReference.cs
 0.2 kb	 0.0% Packages/com.unity.render-pipelines.core/Runtime/Lighting/ProbeVolume/IProbeVolumeEnabledRenderPipeline.cs
 0.2 kb	 0.0% Assets/ithappy/Creative_Characters_FREE/Scripts/FaceManagement/FacePicker.cs
 0.2 kb	 0.0% Packages/com.unity.render-pipelines.universal/Runtime/UniversalAdditionalLightData.cs
 0.2 kb	 0.0% Packages/com.unity.render-pipelines.universal/Runtime/Tiling/ReflectionProbeMinMaxZJob.cs
 0.2 kb	 0.0% Packages/com.unity.render-pipelines.universal/Runtime/Settings/URPShaderStrippingSetting.cs
 0.2 kb	 0.0% Packages/com.unity.render-pipelines.universal/Runtime/ScriptableRendererFeature.cs
 0.2 kb	 0.0% Packages/com.unity.render-pipelines.universal/Runtime/RendererFeatures/ScreenSpaceAmbientOcclusion.cs
 0.2 kb	 0.0% Packages/com.unity.render-pipelines.universal/Runtime/RendererFeatures/OnTilePostProcessResource.cs
 0.2 kb	 0.0% Packages/com.unity.render-pipelines.universal/Runtime/RenderTargetBufferSystem.cs
 0.2 kb	 0.0% Packages/com.unity.render-pipelines.universal/Runtime/RenderPipelineResources/UniversalRendererResources.cs
 0.2 kb	 0.0% Packages/com.unity.render-pipelines.universal/Runtime/Passes/StencilCrossFadeRenderPass.cs
 0.2 kb	 0.0% Packages/com.unity.render-pipelines.universal/Runtime/Passes/PostProcess/ScalingSetupPostProcessPass.cs
 0.2 kb	 0.0% Packages/com.unity.render-pipelines.universal/Runtime/Passes/PostProcess/MotionBlurPostProcessPass.cs
 0.2 kb	 0.0% Packages/com.unity.render-pipelines.universal/Runtime/Passes/PostProcess/Fsr1UpscalePostProcessPass.cs
 0.2 kb	 0.0% Packages/com.unity.render-pipelines.universal/Runtime/Overrides/ShadowsMidtonesHighlights.cs
 0.2 kb	 0.0% Packages/com.unity.render-pipelines.universal/Runtime/FrameData/UniversalPostProcessingData.cs
 0.2 kb	 0.0% Packages/com.unity.render-pipelines.universal/Runtime/Decal/ScreenSpace/DecalScreenSpaceRenderPass.cs
 0.2 kb	 0.0% Packages/com.unity.render-pipelines.universal/Runtime/Decal/Entities/DecalCreateDrawCallSystem.cs
 0.2 kb	 0.0% Packages/com.unity.render-pipelines.universal/Runtime/Debug/DebugDisplaySettingsMaterial.cs
 0.2 kb	 0.0% Packages/com.unity.render-pipelines.universal/Runtime/Debug/DebugDisplaySettingsLighting.cs
 0.2 kb	 0.0% Packages/com.unity.render-pipelines.universal/Runtime/Debug/DebugDisplaySettingsCommon.cs
 0.2 kb	 0.0% Packages/com.unity.render-pipelines.universal/Runtime/Data/UniversalRenderPipelineAsset.cs
 0.2 kb	 0.0% Packages/com.unity.render-pipelines.core/Runtime/UnifiedRayTracing/UnifiedRayTracingException.cs
 0.2 kb	 0.0% Packages/com.unity.render-pipelines.core/Runtime/UnifiedRayTracing/Hardware/HardwareRayTracingBackend.cs
 0.2 kb	 0.0% Packages/com.unity.render-pipelines.core/Runtime/UnifiedRayTracing/Compute/ComputeRayTracingAccelStruct.cs
 0.2 kb	 0.0% Packages/com.unity.render-pipelines.core/Runtime/RenderGraph/RenderGraphResourceRendererList.cs
 0.2 kb	 0.0% Packages/com.unity.render-pipelines.core/Runtime/RenderGraph/Compiler/PassesData.cs
 0.2 kb	 0.0% Packages/com.unity.render-pipelines.core/Runtime/GPUDriven/Debug/DebugDisplayGPUResidentDrawer.cs
 0.2 kb	 0.0% Packages/com.unity.render-pipelines.core/Runtime/GPUDriven/Culling/OccluderDepthPyramidConstants.cs
 0.2 kb	 0.0% Packages/com.unity.collections/Unity.Collections/GenerateTestsForBurstCompatibilityAttribute.cs
 0.2 kb	 0.0% Packages/com.unity.render-pipelines.universal/Runtime/UniversalRenderPipelineCore.cs
 0.2 kb	 0.0% Packages/com.unity.render-pipelines.universal/Runtime/FrameData/UniversalResourceBase.cs
 0.2 kb	 0.0% Packages/com.unity.render-pipelines.universal/Runtime/2D/URP2D_GraphicsExtensions.cs
 0.2 kb	 0.0% Packages/com.unity.render-pipelines.universal/Runtime/2D/Sources/Shadow2DProviderSources.cs
 0.2 kb	 0.0% Packages/com.unity.render-pipelines.universal/Runtime/2D/Sources/Shadow2DProviderSource.cs
 0.2 kb	 0.0% Packages/com.unity.render-pipelines.universal/Runtime/2D/Sources/Light2DSource_BuiltIn.cs
 0.2 kb	 0.0% Packages/com.unity.render-pipelines.universal/Runtime/2D/Sources/Light2DProviderSources.cs
 0.2 kb	 0.0% Packages/com.unity.render-pipelines.universal/Runtime/2D/Sources/Light2DProviderSource.cs
 0.2 kb	 0.0% Packages/com.unity.render-pipelines.universal/Runtime/2D/Shadows/Providers/ShadowShape2DProvider.cs
 0.2 kb	 0.0% Packages/com.unity.render-pipelines.universal/Runtime/2D/Shadows/CompositeShadowCaster2D.cs
 0.2 kb	 0.0% Packages/com.unity.render-pipelines.universal/Runtime/2D/RendererFeatures/ScriptableRenderPass2D.cs
 0.2 kb	 0.0% Packages/com.unity.render-pipelines.universal/Runtime/2D/FrameData/Universal2DRenderingData.cs
 0.2 kb	 0.0% Packages/com.unity.render-pipelines.core/Runtime/Utilities/CoreRenderPipelinePreferences.cs
 0.2 kb	 0.0% Packages/com.unity.render-pipelines.core/Runtime/Settings/IDefaultVolumeProfileSettings.cs
 0.2 kb	 0.0% Packages/com.unity.render-pipelines.core/Runtime/RenderGraph/RenderGraphResourcePool.cs
 0.2 kb	 0.0% Packages/com.unity.render-pipelines.core/Runtime/RenderGraph/RenderGraphObjectPool.cs
 0.2 kb	 0.0% Packages/com.unity.render-pipelines.core/Runtime/RenderGraph/Debug/RenderGraphDebugSession.cs
 0.2 kb	 0.0% Packages/com.unity.render-pipelines.core/Runtime/RenderGraph/Debug/RenderGraphDebugParams.cs
 0.2 kb	 0.0% Packages/com.unity.render-pipelines.core/Runtime/RenderGraph/Debug/RenderGraph.DebugDataSerialization.cs
 0.2 kb	 0.0% Packages/com.unity.render-pipelines.core/Runtime/RenderGraph/Debug/DebugDisplaySettingsRenderGraph.cs
 0.2 kb	 0.0% Packages/com.unity.render-pipelines.core/Runtime/Lighting/ProbeVolume/ProbeVolumeBakingProcessSettings.cs
 0.2 kb	 0.0% Packages/com.unity.render-pipelines.core/Runtime/Debugging/ISerializedDebugDisplaySettings.cs
 0.2 kb	 0.0% Packages/com.unity.render-pipelines.core/Runtime/Debugging/DebugDisplaySettingsHDROutput.cs
 0.2 kb	 0.0% Packages/com.unity.render-pipelines.core/Runtime/Common/GlobalDynamicResolutionSettings.cs
 0.2 kb	 0.0% Assets/ithappy/Creative_Characters_FREE/Scripts/FaceManagement/FaceMesh.cs
 0.2 kb	 0.0% Packages/com.unity.render-pipelines.universal/Runtime/UniversalRendererRenderGraph.cs
 0.2 kb	 0.0% Packages/com.unity.render-pipelines.universal/Runtime/UniversalRendererData.cs
 0.2 kb	 0.0% Packages/com.unity.render-pipelines.universal/Runtime/UniversalRenderPipeline.cs
 0.2 kb	 0.0% Packages/com.unity.render-pipelines.universal/Runtime/UniversalCameraHistory.cs
 0.2 kb	 0.0% Packages/com.unity.render-pipelines.universal/Runtime/Tiling/TileRangeExpansionJob.cs
 0.2 kb	 0.0% Packages/com.unity.render-pipelines.universal/Runtime/SupportedOnRenderer.cs
 0.2 kb	 0.0% Packages/com.unity.render-pipelines.universal/Runtime/Settings/URPTerrainShaderSetting.cs
 0.2 kb	 0.0% Packages/com.unity.render-pipelines.universal/Runtime/Settings/URPReflectionProbeSettings.cs
 0.2 kb	 0.0% Packages/com.unity.render-pipelines.universal/Runtime/ScriptableRendererData.cs
 0.2 kb	 0.0% Packages/com.unity.render-pipelines.universal/Runtime/RendererFeatures/FullScreenPassRendererFeature_OldGUID.cs
 0.2 kb	 0.0% Packages/com.unity.render-pipelines.universal/Runtime/ReflectionProbeManager.cs
 0.2 kb	 0.0% Packages/com.unity.render-pipelines.universal/Runtime/Passes/TransparentSettingsPass.cs
 0.2 kb	 0.0% Packages/com.unity.render-pipelines.universal/Runtime/Passes/PostProcess/UpscalerPostProcessPass.cs
 0.2 kb	 0.0% Packages/com.unity.render-pipelines.universal/Runtime/Passes/PostProcess/StopNanPostProcessPass.cs
 0.2 kb	 0.0% Packages/com.unity.render-pipelines.universal/Runtime/Passes/MotionVectorRenderPass.cs
 0.2 kb	 0.0% Packages/com.unity.render-pipelines.universal/Runtime/Passes/DrawScreenSpaceUIPass.cs
 0.2 kb	 0.0% Packages/com.unity.render-pipelines.universal/Runtime/Passes/DepthNormalOnlyPass.cs
 0.2 kb	 0.0% Packages/com.unity.render-pipelines.universal/Runtime/Passes/ColorGradingLutPass.cs
 0.2 kb	 0.0% Packages/com.unity.render-pipelines.universal/Runtime/NormalReconstruction.cs
 0.2 kb	 0.0% Packages/com.unity.render-pipelines.universal/Runtime/FrameData/UniversalResourceData.cs
 0.2 kb	 0.0% Packages/com.unity.render-pipelines.universal/Runtime/FrameData/UniversalRenderingData.cs
 0.2 kb	 0.0% Packages/com.unity.render-pipelines.universal/Runtime/FrameData/Universal2DResourceData.cs
 0.2 kb	 0.0% Packages/com.unity.render-pipelines.universal/Runtime/Decal/ScreenSpace/DecalGBufferRenderPass.cs
 0.2 kb	 0.0% Packages/com.unity.render-pipelines.universal/Runtime/Decal/Entities/DecalUpdateCulledSystem.cs
 0.2 kb	 0.0% Packages/com.unity.render-pipelines.universal/Runtime/Decal/Entities/DecalUpdateCachedSystem.cs
 0.2 kb	 0.0% Packages/com.unity.render-pipelines.universal/Runtime/Decal/Entities/DecalSkipCulledSystem.cs
 0.2 kb	 0.0% Packages/com.unity.render-pipelines.universal/Runtime/Decal/DBuffer/DecalForwardEmissivePass.cs
 0.2 kb	 0.0% Packages/com.unity.render-pipelines.core/Runtime/XR/XRBuiltinShaderConstants.cs
 0.2 kb	 0.0% Packages/com.unity.render-pipelines.core/Runtime/UnifiedRayTracing/IRayTracingAccelStruct.cs
 0.2 kb	 0.0% Packages/com.unity.render-pipelines.core/Runtime/UnifiedRayTracing/Hardware/HardwareRayTracingShader.cs
 0.2 kb	 0.0% Packages/com.unity.render-pipelines.core/Runtime/UnifiedRayTracing/Compute/ComputeRayTracingShader.cs
 0.2 kb	 0.0% Packages/com.unity.render-pipelines.core/Runtime/UnifiedRayTracing/Compute/ComputeRayTracingBackend.cs
 0.2 kb	 0.0% Packages/com.unity.render-pipelines.core/Runtime/Settings/IDefaultVolumeProfileResource.cs
 0.2 kb	 0.0% Packages/com.unity.render-pipelines.core/Runtime/RenderGraph/RenderGraphResourceTexture.cs
 0.2 kb	 0.0% Packages/com.unity.render-pipelines.core/Runtime/RenderGraph/RenderGraph.ExceptionMessages.cs
 0.2 kb	 0.0% Packages/com.unity.render-pipelines.core/Runtime/RenderGraph/IRenderGraphBuilder.cs
 0.2 kb	 0.0% Packages/com.unity.render-pipelines.core/Runtime/PathTracing/UnityComputeProbeIntegrator.cs
 0.2 kb	 0.0% Packages/com.unity.render-pipelines.core/Runtime/PathTracing/LightmapResourceCache.cs
 0.2 kb	 0.0% Packages/com.unity.render-pipelines.core/Runtime/PathTracing/LightmapIntegrationHelpers.cs
 0.2 kb	 0.0% Packages/com.unity.render-pipelines.core/Runtime/PathTracing/Environment/EnvironmentImportanceSampling.cs
 0.2 kb	 0.0% Packages/com.unity.render-pipelines.core/Runtime/GPUDriven/SceneProcessors/SpeedTreeWindGPUDataUpdater.cs
 0.2 kb	 0.0% Packages/com.unity.render-pipelines.core/Runtime/GPUDriven/SceneProcessors/MeshRendererProcessorBurst.cs
 0.2 kb	 0.0% Packages/com.unity.render-pipelines.core/Runtime/GPUDriven/IGPUResidentRenderPipeline.cs
 0.2 kb	 0.0% Packages/com.unity.render-pipelines.core/Runtime/GPUDriven/GPUResidentDrawerResources.cs
 0.2 kb	 0.0% Packages/com.unity.render-pipelines.core/Runtime/GPUDriven/Components/DisallowGPUDrivenRendering.cs
 0.2 kb	 0.0% Packages/com.unity.render-pipelines.core/Runtime/GPUDriven/Batching/InstanceCullingBatcherBurst.cs
 0.2 kb	 0.0% Packages/com.unity.render-pipelines.core/Runtime/GPUDriven/Batching/InstanceCullingBatcher.Jobs.cs
 0.2 kb	 0.0% Packages/com.unity.render-pipelines.core/Runtime-PrivateShared/AssemblyInfo.cs
 0.2 kb	 0.0% Packages/com.unity.postprocessing/PostProcessing/Runtime/PostProcessEffectSettings.cs
 0.2 kb	 0.0% Packages/com.unity.postprocessing/PostProcessing/Runtime/PostProcessEffectRenderer.cs
 0.2 kb	 0.0% Packages/com.unity.postprocessing/PostProcessing/Runtime/Effects/FastApproximateAntialiasing.cs
 0.1 kb	 0.0% Packages/com.unity.render-pipelines.universal/Runtime/UniversalRendererDebug.cs
 0.1 kb	 0.0% Packages/com.unity.render-pipelines.universal/Runtime/MotionVectors.cs
 0.1 kb	 0.0% Packages/com.unity.render-pipelines.universal/Runtime/Decal/DecalDrawErrorRenderPass.cs
 0.1 kb	 0.0% Packages/com.unity.render-pipelines.universal/Runtime/2D/Sources/IProvider2DSources.cs
 0.1 kb	 0.0% Packages/com.unity.render-pipelines.universal/Runtime/2D/Shadows/ShadowCasterGroup2D.cs
 0.1 kb	 0.0% Packages/com.unity.render-pipelines.universal/Runtime/2D/Shadows/Shadow Provider Utility/ShapeProviderUtility.cs
 0.1 kb	 0.0% Packages/com.unity.render-pipelines.universal/Runtime/2D/Rendergraph/GlobalPropertiesPass.cs
 0.1 kb	 0.0% Packages/com.unity.render-pipelines.universal/Runtime/2D/Rendergraph/DrawRenderer2DPass.cs
 0.1 kb	 0.0% Packages/com.unity.render-pipelines.universal/Runtime/2D/PixelPerfectCamera.cs
 0.1 kb	 0.0% Packages/com.unity.render-pipelines.universal/Runtime/2D/Passes/Utility/Light2DLookupTexture.cs
 0.1 kb	 0.0% Packages/com.unity.render-pipelines.universal/Runtime/2D/Lights/Light2DCullResult.cs
 0.1 kb	 0.0% Packages/com.unity.render-pipelines.universal/Runtime/2D/Lights/Light2DBlendStyle.cs
 0.1 kb	 0.0% Packages/com.unity.render-pipelines.core/Runtime/Utilities/BatchRendererGroupGlobals.cs
 0.1 kb	 0.0% Packages/com.unity.render-pipelines.core/Runtime/Settings/IncludeRenderPipelineAsset.cs
 0.1 kb	 0.0% Packages/com.unity.render-pipelines.core/Runtime/STP/ISTPEnabledRenderPipeline.cs
 0.1 kb	 0.0% Packages/com.unity.render-pipelines.core/Runtime/RenderGraph/RenderGraphUtilsBlit.cs
 0.1 kb	 0.0% Packages/com.unity.render-pipelines.core/Runtime/RenderGraph/RenderGraphResourceBuffer.cs
 0.1 kb	 0.0% Packages/com.unity.render-pipelines.core/Runtime/RenderGraph/RenderGraphGlobalSettings.cs
 0.1 kb	 0.0% Packages/com.unity.render-pipelines.core/Runtime/RenderGraph/RenderGraphBuilders.cs
 0.1 kb	 0.0% Packages/com.unity.render-pipelines.core/Runtime/RenderGraph/IRenderGraphRecorder.cs
 0.1 kb	 0.0% Packages/com.unity.render-pipelines.core/Runtime/RenderGraph/Debug/DebugMessageHandler.cs
 0.1 kb	 0.0% Packages/com.unity.render-pipelines.core/Runtime/Lighting/ProbeVolume/ShaderVariablesProbeVolumes.cs
 0.1 kb	 0.0% Packages/com.unity.render-pipelines.core/Runtime/Lighting/ProbeVolume/ProbeVolumeStreamableAsset.cs
 0.1 kb	 0.0% Packages/com.unity.render-pipelines.core/Runtime/Lighting/ProbeVolume/ProbeVolumeScratchBufferPool.cs
 0.1 kb	 0.0% Packages/com.unity.render-pipelines.core/Runtime/Lighting/ProbeVolume/ProbeVolumeGlobalSettings.cs
 0.1 kb	 0.0% Packages/com.unity.render-pipelines.core/Runtime/GPUDriven/GPUResidentDrawerTypes.cs
 0.1 kb	 0.0% Packages/com.unity.render-pipelines.core/Runtime/GPUDriven/CoreDataSystems/LODGroupDataSystem.Jobs.cs
 0.1 kb	 0.0% Packages/com.unity.render-pipelines.core/Runtime/GPUDriven/CoreDataSystems/InstanceWindDataUpdateDefs.cs
 0.1 kb	 0.0% Packages/com.unity.render-pipelines.core/Runtime/GPUDriven/CoreDataSystems/InstanceTransformUpdateDefs.cs
 0.1 kb	 0.0% Packages/com.unity.render-pipelines.core/Runtime/Debugging/IDebugDisplaySettingsQuery.cs
 0.1 kb	 0.0% Packages/com.unity.render-pipelines.core/Runtime/Debugging/IDebugDisplaySettingsPanel.cs
 0.1 kb	 0.0% Packages/com.unity.render-pipelines.core/Runtime/Debugging/IDebugDisplaySettingsData.cs
 0.1 kb	 0.0% Packages/com.unity.render-pipelines.core/Runtime/Debugging/DebugDisplaySettingsVolumes.cs
 0.1 kb	 0.0% Packages/com.unity.render-pipelines.core/Runtime/Debugging/DebugDisplaySettingsPanel.cs
 0.1 kb	 0.0% Assets/ithappy/Creative_Characters_FREE/Scripts/Character_Controller/ThirdPersonCamera.cs
 0.1 kb	 0.0% Packages/com.unity.render-pipelines.universal/Runtime/XR/XRSystemUniversal.cs
 0.1 kb	 0.0% Packages/com.unity.render-pipelines.universal/Runtime/ValidationHandler.cs
 0.1 kb	 0.0% Packages/com.unity.render-pipelines.universal/Runtime/UniversalRenderer.cs
 0.1 kb	 0.0% Packages/com.unity.render-pipelines.universal/Runtime/SpaceFillingCurves.cs
 0.1 kb	 0.0% Packages/com.unity.render-pipelines.universal/Runtime/Settings/RenderGraphSettings.cs
 0.1 kb	 0.0% Packages/com.unity.render-pipelines.universal/Runtime/ScriptableRenderer.cs
 0.1 kb	 0.0% Packages/com.unity.render-pipelines.universal/Runtime/SceneViewDrawMode.cs
 0.1 kb	 0.0% Packages/com.unity.render-pipelines.universal/Runtime/RenderingLayerUtils.cs
 0.1 kb	 0.0% Packages/com.unity.render-pipelines.universal/Runtime/RendererFeatures/ScreenSpaceShadows.cs
 0.1 kb	 0.0% Packages/com.unity.render-pipelines.universal/Runtime/RendererFeatures/DecalRendererFeature.cs
 0.1 kb	 0.0% Packages/com.unity.render-pipelines.universal/Runtime/RenderTargetHandle.cs
 0.1 kb	 0.0% Packages/com.unity.render-pipelines.universal/Runtime/RenderPipelineResources/Renderer2DResources.cs
 0.1 kb	 0.0% Packages/com.unity.render-pipelines.universal/Runtime/Passes/XROcclusionMeshPass.cs
 0.1 kb	 0.0% Packages/com.unity.render-pipelines.universal/Runtime/Passes/XRDepthMotionPass.cs
 0.1 kb	 0.0% Packages/com.unity.render-pipelines.universal/Runtime/Passes/ScriptableRenderPass.cs
 0.1 kb	 0.0% Packages/com.unity.render-pipelines.universal/Runtime/Passes/RenderObjectsPass.cs
 0.1 kb	 0.0% Packages/com.unity.render-pipelines.universal/Runtime/Passes/ProbeVolumeDebugPass.cs
 0.1 kb	 0.0% Packages/com.unity.render-pipelines.universal/Runtime/Passes/PostProcess/UberPostProcessPass.cs
 0.1 kb	 0.0% Packages/com.unity.render-pipelines.universal/Runtime/Passes/PostProcess/StpPostProcessPass.cs
 0.1 kb	 0.0% Packages/com.unity.render-pipelines.universal/Runtime/Passes/PostProcess/SmaaPostProcessPass.cs
 0.1 kb	 0.0% Packages/com.unity.render-pipelines.universal/Runtime/Passes/PostProcess/FinalPostProcessPass.cs
 0.1 kb	 0.0% Packages/com.unity.render-pipelines.universal/Runtime/Passes/PostProcess/BloomPostProcessPass.cs
 0.1 kb	 0.0% Packages/com.unity.render-pipelines.universal/Runtime/Passes/FinalBlitPass.cs
 0.1 kb	 0.0% Packages/com.unity.render-pipelines.universal/Runtime/Passes/DrawObjectsPass.cs
 0.1 kb	 0.0% Packages/com.unity.render-pipelines.universal/Runtime/Passes/DepthOnlyPass.cs
 0.1 kb	 0.0% Packages/com.unity.render-pipelines.universal/Runtime/Passes/CopyDepthPass.cs
 0.1 kb	 0.0% Packages/com.unity.render-pipelines.universal/Runtime/Passes/CopyColorPass.cs
 0.1 kb	 0.0% Packages/com.unity.render-pipelines.universal/Runtime/Overrides/ScreenSpaceLensFlare.cs
 0.1 kb	 0.0% Packages/com.unity.render-pipelines.universal/Runtime/Overrides/ChromaticAberration.cs
 0.1 kb	 0.0% Packages/com.unity.render-pipelines.universal/Runtime/LightCookieManager.cs
 0.1 kb	 0.0% Packages/com.unity.render-pipelines.universal/Runtime/History/SingleHistoryBase.cs
 0.1 kb	 0.0% Packages/com.unity.render-pipelines.universal/Runtime/FrameData/UniversalShadowData.cs
 0.1 kb	 0.0% Packages/com.unity.render-pipelines.universal/Runtime/FrameData/UniversalLightData.cs
 0.1 kb	 0.0% Packages/com.unity.render-pipelines.universal/Runtime/FrameData/UniversalCameraData.cs
 0.1 kb	 0.0% Packages/com.unity.render-pipelines.universal/Runtime/ForwardRendererData.cs
 0.1 kb	 0.0% Packages/com.unity.render-pipelines.universal/Runtime/ForwardLights.cs
 0.1 kb	 0.0% Packages/com.unity.render-pipelines.universal/Runtime/DeferredLights.cs
 0.1 kb	 0.0% Packages/com.unity.render-pipelines.universal/Runtime/Decal/Entities/DecalEntityManager.cs
 0.1 kb	 0.0% Packages/com.unity.render-pipelines.universal/Runtime/Decal/DecalShaderPassNames.cs
 0.1 kb	 0.0% Packages/com.unity.render-pipelines.universal/Runtime/Decal/DBuffer/DBufferRenderPass.cs
 0.1 kb	 0.0% Packages/com.unity.render-pipelines.universal/Runtime/Decal/DBuffer/DBufferDepthCopyPass.cs
 0.1 kb	 0.0% Packages/com.unity.render-pipelines.universal/Runtime/2D/Sources/SelectionSource2D.cs
 0.1 kb	 0.0% Packages/com.unity.render-pipelines.universal/Runtime/2D/Rendergraph/Renderer2DRendergraph.cs
 0.1 kb	 0.0% Packages/com.unity.render-pipelines.core/Runtime/UnifiedRayTracing/RayTracingResources.cs
 0.1 kb	 0.0% Packages/com.unity.render-pipelines.core/Runtime/UnifiedRayTracing/RayTracingContext.cs
 0.1 kb	 0.0% Packages/com.unity.render-pipelines.core/Runtime/UnifiedRayTracing/IRayTracingShader.cs
 0.1 kb	 0.0% Packages/com.unity.render-pipelines.core/Runtime/UnifiedRayTracing/IRayTracingBackend.cs
 0.1 kb	 0.0% Packages/com.unity.render-pipelines.core/Runtime/UnifiedRayTracing/Compute/BLASPositionsPool.cs
 0.1 kb	 0.0% Packages/com.unity.render-pipelines.core/Runtime/UnifiedRayTracing/Common/GeometryPool/GeometryPoolDefs.cs
 0.1 kb	 0.0% Packages/com.unity.render-pipelines.core/Runtime/UnifiedRayTracing/Common/AccelStructInstances.cs
 0.1 kb	 0.0% Packages/com.unity.render-pipelines.core/Runtime/UnifiedRayTracing/Common/AccelStructAdapter.cs
 0.1 kb	 0.0% Packages/com.unity.render-pipelines.core/Runtime/RenderGraph/RenderGraphResources.cs
 0.1 kb	 0.0% Packages/com.unity.render-pipelines.core/Runtime/RenderGraph/Debug/RenderGraph.DebugData.cs
 0.1 kb	 0.0% Packages/com.unity.render-pipelines.core/Runtime/PathTracing/UnityComputeDeviceContext.cs
 0.1 kb	 0.0% Packages/com.unity.render-pipelines.core/Runtime/PathTracing/UVAccelerationStructure.cs
 0.1 kb	 0.0% Packages/com.unity.render-pipelines.core/Runtime/PathTracing/LightmapIntegration.cs
 0.1 kb	 0.0% Packages/com.unity.render-pipelines.core/Runtime/PathTracing/AdaptiveSamplingHelpers.cs
 0.1 kb	 0.0% Packages/com.unity.render-pipelines.core/Runtime/Lighting/ProbeVolume/ProbeReferenceVolume.Streaming.cs
 0.1 kb	 0.0% Packages/com.unity.render-pipelines.core/Runtime/Lighting/ProbeVolume/ProbeReferenceVolume.Debug.cs
 0.1 kb	 0.0% Packages/com.unity.render-pipelines.core/Runtime/GPUDriven/Utilities/ParallelSortExtensions.cs
 0.1 kb	 0.0% Packages/com.unity.render-pipelines.core/Runtime/GPUDriven/Utilities/NativeHandleAllocator.cs
 0.1 kb	 0.0% Packages/com.unity.render-pipelines.core/Runtime/GPUDriven/SceneProcessors/MeshRendererUpdateBatch.cs
 0.1 kb	 0.0% Packages/com.unity.render-pipelines.core/Runtime/GPUDriven/SceneProcessors/MeshRendererProcessor.cs
 0.1 kb	 0.0% Packages/com.unity.render-pipelines.core/Runtime/GPUDriven/GPUResidentDrawer.Validator.cs
 0.1 kb	 0.0% Packages/com.unity.render-pipelines.core/Runtime/GPUDriven/Debug/GPUResidentDrawerDebug.cs
 0.1 kb	 0.0% Packages/com.unity.render-pipelines.core/Runtime/GPUDriven/Culling/OcclusionCullingCommon.cs
 0.1 kb	 0.0% Packages/com.unity.render-pipelines.core/Runtime/GPUDriven/CoreDataSystems/LODGroupDataSystemBurst.cs
 0.1 kb	 0.0% Packages/com.unity.render-pipelines.core/Runtime/GPUDriven/CoreDataSystems/InstanceDataSystemBurst.cs
 0.1 kb	 0.0% Packages/com.unity.render-pipelines.core/Runtime/GPUDriven/CoreDataSystems/GPUInstanceDataBuffer.cs
 0.1 kb	 0.0% Packages/com.unity.render-pipelines.core/Runtime/GPUDriven/Components/DisallowSmallMeshCulling.cs
 0.1 kb	 0.0% Packages/com.unity.render-pipelines.core/Runtime/GPUDriven/Batching/InstanceCullingBatcher.cs
 0.1 kb	 0.0% Packages/com.unity.render-pipelines.core/Runtime/GPUDriven/Batching/CPUDrawInstanceDataBurst.cs
 0.1 kb	 0.0% Packages/com.unity.postprocessing/PostProcessing/Runtime/Utils/TextureFormatUtilities.cs
 0.1 kb	 0.0% Packages/com.unity.postprocessing/PostProcessing/Runtime/PostProcessRenderContext.cs
 0.1 kb	 0.0% Packages/com.unity.postprocessing/PostProcessing/Runtime/PostProcessDebugLayer.cs
 0.1 kb	 0.0% Packages/com.unity.postprocessing/PostProcessing/Runtime/Effects/ScreenSpaceReflections.cs
 0.1 kb	 0.0% Packages/com.unity.multiplayer.center/Common/SelectedSolutionsData.cs
 0.1 kb	 0.0% Packages/com.unity.collections/Unity.Collections/UnsafeParallelHashSetExtensions.gen.cs
 0.1 kb	 0.0% Packages/com.unity.collections/Unity.Collections/UnsafeParallelHashMap.cs
 0.1 kb	 0.0% Packages/com.unity.render-pipelines.universal/Runtime/RTHandleUtils.cs
 0.1 kb	 0.0% Packages/com.unity.render-pipelines.universal/Runtime/Documentation.cs
 0.1 kb	 0.0% Packages/com.unity.render-pipelines.universal/Runtime/2D/Sources/Provider2DSource.cs
 0.1 kb	 0.0% Packages/com.unity.render-pipelines.universal/Runtime/2D/Sources/Provider2DRef.cs
 0.1 kb	 0.0% Packages/com.unity.render-pipelines.universal/Runtime/2D/Sources/Provider2DKVPair.cs
 0.1 kb	 0.0% Packages/com.unity.render-pipelines.universal/Runtime/2D/Sources/IProvider2DCache.cs
 0.1 kb	 0.0% Packages/com.unity.render-pipelines.universal/Runtime/2D/Shadows/ShadowRendering.cs
 0.1 kb	 0.0% Packages/com.unity.render-pipelines.universal/Runtime/2D/Shadows/ShadowCaster2D.cs
 0.1 kb	 0.0% Packages/com.unity.render-pipelines.universal/Runtime/2D/Shadows/Shadow Provider Utility/ShadowUtility.cs
 0.1 kb	 0.0% Packages/com.unity.render-pipelines.universal/Runtime/2D/Shadows/Shadow Provider Utility/ShadowShape2D.cs
 0.1 kb	 0.0% Packages/com.unity.render-pipelines.universal/Runtime/2D/Shadows/Shadow Provider Utility/EdgeDictionary.cs
 0.1 kb	 0.0% Packages/com.unity.render-pipelines.universal/Runtime/2D/Rendergraph/DrawShadow2DPass.cs
 0.1 kb	 0.0% Packages/com.unity.render-pipelines.universal/Runtime/2D/Rendergraph/DrawNormal2DPass.cs
 0.1 kb	 0.0% Packages/com.unity.render-pipelines.universal/Runtime/2D/Rendergraph/DrawLight2DPass.cs
 0.1 kb	 0.0% Packages/com.unity.render-pipelines.universal/Runtime/2D/Renderer2DData.cs
 0.1 kb	 0.0% Packages/com.unity.render-pipelines.universal/Runtime/2D/Passes/Utility/RendererLighting.cs
 0.1 kb	 0.0% Packages/com.unity.render-pipelines.universal/Runtime/2D/Lights/Providers/Light2DProvider.cs
 0.1 kb	 0.0% Packages/com.unity.render-pipelines.universal/Runtime/2D/Lights/Light2DManager.cs
 0.1 kb	 0.0% Packages/com.unity.render-pipelines.universal-config/Runtime/ShaderConfig.cs
 0.1 kb	 0.0% Packages/com.unity.render-pipelines.core/Runtime/XR/XRGraphicsAutomatedTests.cs
 0.1 kb	 0.0% Packages/com.unity.render-pipelines.core/Runtime/Textures/PowerOfTwoTextureAtlas.cs
 0.1 kb	 0.0% Packages/com.unity.render-pipelines.core/Runtime/Textures/BufferedRTHandleSystem.cs
 0.1 kb	 0.0% Packages/com.unity.render-pipelines.core/Runtime/Settings/ShaderStrippingSetting.cs
 0.1 kb	 0.0% Packages/com.unity.render-pipelines.core/Runtime/Settings/LightmapSamplingSettings.cs
 0.1 kb	 0.0% Packages/com.unity.render-pipelines.core/Runtime/Sampling/SamplingResources.cs
 0.1 kb	 0.0% Packages/com.unity.render-pipelines.core/Runtime/RenderPipeline/RenderPipelineResources.cs
 0.1 kb	 0.0% Packages/com.unity.render-pipelines.core/Runtime/RenderGraph/RenderGraphPass.cs
 0.1 kb	 0.0% Packages/com.unity.render-pipelines.core/Runtime/RenderGraph/RenderGraph.Compiler.cs
 0.1 kb	 0.0% Packages/com.unity.render-pipelines.core/Runtime/RenderGraph/Deprecated.cs
 0.1 kb	 0.0% Packages/com.unity.render-pipelines.core/Runtime/PostProcessing/LensFlareComponentSRP.cs
 0.1 kb	 0.0% Packages/com.unity.render-pipelines.core/Runtime/PostProcessing/IPostProcessComponent.cs
 0.1 kb	 0.0% Packages/com.unity.render-pipelines.core/Runtime/PathTracing/ProbePostProcessor.cs
 0.1 kb	 0.0% Packages/com.unity.render-pipelines.core/Runtime/Lighting/ProbeVolume/ProbeVolumePositioning.cs
 0.1 kb	 0.0% Packages/com.unity.render-pipelines.core/Runtime/Lighting/ProbeVolume/ProbeVolumePerSceneData.cs
 0.1 kb	 0.0% Packages/com.unity.render-pipelines.core/Runtime/Lighting/ProbeVolume/ProbeReferenceVolume.Binding.cs
 0.1 kb	 0.0% Packages/com.unity.render-pipelines.core/Runtime/Lighting/ProbeVolume/ProbeAdjustmentVolume.cs
 0.1 kb	 0.0% Packages/com.unity.render-pipelines.core/Runtime/GPUDriven/Culling/InstanceOcclusionCuller.cs
 0.1 kb	 0.0% Packages/com.unity.render-pipelines.core/Runtime/GPUDriven/CoreDataSystems/InstanceDataSystem.Jobs.cs
 0.1 kb	 0.0% Packages/com.unity.render-pipelines.core/Runtime/Debugging/ShaderDebugPrintManager.cs
 0.1 kb	 0.0% Packages/com.unity.render-pipelines.core/Runtime/Debugging/RuntimePersistentDebugUI.cs
 0.1 kb	 0.0% Packages/com.unity.render-pipelines.core/Runtime/Debugging/IDebugDisplaySettings.cs
 0.1 kb	 0.0% Packages/com.unity.render-pipelines.core/Runtime/Debugging/DebugDisplaySettingsUI.cs
 0.1 kb	 0.0% Packages/com.unity.render-pipelines.core/Runtime/Debugging/DebugDisplaySerializer.cs
 0.1 kb	 0.0% Packages/com.unity.render-pipelines.core/Runtime/Common/RemoveRange.Extensions.cs
 0.1 kb	 0.0% Packages/com.unity.render-pipelines.core/Runtime/Common/DynamicResolutionHandler.cs
 0.1 kb	 0.0% Packages/com.unity.render-pipelines.core/Runtime/CommandBuffers/IComputeCommandBuffer.cs
 0.1 kb	 0.0% Packages/com.unity.render-pipelines.core/Runtime/Camera/CameraHistory.cs
 0.1 kb	 0.0% Packages/com.unity.collections/Unity.Collections/UnsafeNotBurstCompatible.cs
 0.1 kb	 0.0% Assets/ithappy/Creative_Characters_FREE/Scripts/Character_Controller/MovePlayerInput.cs
 0.1 kb	 0.0% Assets/ithappy/Creative_Characters_FREE/Scripts/Character_Controller/CharacterMover.cs
 0.1 kb	 0.0% Packages/com.unity.ugui/Runtime/UGUI/EventSystem/UIElements/UIToolkitInteroperabilityBridge.cs
 0.1 kb	 0.0% Packages/com.unity.render-pipelines.universal/Runtime/XR/XRPassUniversal.cs
 0.1 kb	 0.0% Packages/com.unity.render-pipelines.universal/Runtime/Tiling/LightMinMaxZJob.cs
 0.1 kb	 0.0% Packages/com.unity.render-pipelines.universal/Runtime/Tiling/InclusiveRange.cs
 0.1 kb	 0.0% Packages/com.unity.render-pipelines.universal/Runtime/ShadowCulling.cs
 0.1 kb	 0.0% Packages/com.unity.render-pipelines.universal/Runtime/ShaderBitArray.cs
 0.1 kb	 0.0% Packages/com.unity.render-pipelines.universal/Runtime/RenderingUtils.cs
 0.1 kb	 0.0% Packages/com.unity.render-pipelines.universal/Runtime/RendererFeatures/RenderObjects.cs
 0.1 kb	 0.0% Packages/com.unity.render-pipelines.universal/Runtime/PostProcessUtils.cs
 0.1 kb	 0.0% Packages/com.unity.render-pipelines.universal/Runtime/Passes/PostProcess/PostProcessPass.cs
 0.1 kb	 0.0% Packages/com.unity.render-pipelines.universal/Runtime/Passes/HDRDebugViewPass.cs
 0.1 kb	 0.0% Packages/com.unity.render-pipelines.universal/Runtime/Passes/GBufferPass.cs
 0.1 kb	 0.0% Packages/com.unity.render-pipelines.universal/Runtime/Passes/DrawSkyboxPass.cs
 0.1 kb	 0.0% Packages/com.unity.render-pipelines.universal/Runtime/Passes/DeferredPass.cs
 0.1 kb	 0.0% Packages/com.unity.render-pipelines.universal/Runtime/Overrides/PaniniProjection.cs
 0.1 kb	 0.0% Packages/com.unity.render-pipelines.universal/Runtime/Overrides/LiftGammaGain.cs
 0.1 kb	 0.0% Packages/com.unity.render-pipelines.universal/Runtime/Overrides/LensDistortion.cs
 0.1 kb	 0.0% Packages/com.unity.render-pipelines.universal/Runtime/Overrides/ColorAdjustments.cs
 0.1 kb	 0.0% Packages/com.unity.render-pipelines.universal/Runtime/Memory/BuddyAllocator.cs
 0.1 kb	 0.0% Packages/com.unity.render-pipelines.universal/Runtime/History/RawDepthHistory.cs
 0.1 kb	 0.0% Packages/com.unity.render-pipelines.universal/Runtime/History/RawColorHistory.cs
 0.1 kb	 0.0% Packages/com.unity.render-pipelines.universal/Runtime/Deprecated.cs
 0.1 kb	 0.0% Packages/com.unity.render-pipelines.universal/Runtime/Decal/Entities/DecalDrawSystem.cs
 0.1 kb	 0.0% Packages/com.unity.render-pipelines.universal/Runtime/Decal/DecalProjector.cs
 0.1 kb	 0.0% Packages/com.unity.render-pipelines.universal/Runtime/Decal/DecalPreviewPass.cs
 0.1 kb	 0.0% Packages/com.unity.render-pipelines.universal/Runtime/Debug/DebugRenderSetup.cs
 0.1 kb	 0.0% Packages/com.unity.render-pipelines.universal/Runtime/Data/RenderStateData.cs
 0.1 kb	 0.0% Packages/com.unity.render-pipelines.universal/Runtime/Data/PostProcessData.cs
 0.1 kb	 0.0% Packages/com.unity.render-pipelines.universal/Runtime/ComponentUtility.cs
 0.1 kb	 0.0% Packages/com.unity.render-pipelines.universal/Runtime/2D/Shadows/Providers/ShadowShapeProvider2D_Utility.cs
 0.1 kb	 0.0% Packages/com.unity.render-pipelines.core/Runtime/XR/XRVisibleMesh.cs
 0.1 kb	 0.0% Packages/com.unity.render-pipelines.core/Runtime/XR/XROcclusionMesh.cs
 0.1 kb	 0.0% Packages/com.unity.render-pipelines.core/Runtime/XR/XRLayoutStack.cs
 0.1 kb	 0.0% Packages/com.unity.render-pipelines.core/Runtime/UnifiedRayTracing/Compute/RadeonRays/HlbvhTopLevelBuilder.cs
 0.1 kb	 0.0% Packages/com.unity.render-pipelines.core/Runtime/UnifiedRayTracing/Common/Utilities/GraphicsHelpers.cs
 0.1 kb	 0.0% Packages/com.unity.render-pipelines.core/Runtime/UnifiedRayTracing/Common/Utilities/BlockAllocator.cs
 0.1 kb	 0.0% Packages/com.unity.render-pipelines.core/Runtime/UnifiedRayTracing/Common/Utilities/BackendHelpers.cs
 0.1 kb	 0.0% Packages/com.unity.render-pipelines.core/Runtime/UnifiedRayTracing/Common/TerrainToMesh.cs
 0.1 kb	 0.0% Packages/com.unity.render-pipelines.core/Runtime/PathTracing/WriteRenderTexture.cs
 0.1 kb	 0.0% Packages/com.unity.render-pipelines.core/Runtime/PathTracing/UnityComputeWorld.cs
 0.1 kb	 0.0% Packages/com.unity.render-pipelines.core/Runtime/PathTracing/SphericalHarmonicsUtil.cs
 0.1 kb	 0.0% Packages/com.unity.render-pipelines.core/Runtime/PathTracing/LightmappingContext.cs
 0.1 kb	 0.0% Packages/com.unity.render-pipelines.core/Runtime/PathTracing/Lightmapping/UVOverlapDetection.cs
 0.1 kb	 0.0% Packages/com.unity.render-pipelines.core/Runtime/PathTracing/Lightmapping/ChartIdentification.cs
 0.1 kb	 0.0% Packages/com.unity.render-pipelines.core/Runtime/PathTracing/LightmapExpansion.cs
 0.1 kb	 0.0% Packages/com.unity.render-pipelines.core/Runtime/PathTracing/BakeLightmapDriver.cs
 0.1 kb	 0.0% Packages/com.unity.render-pipelines.core/Runtime/Lighting/ProbeVolume/ProbeIndexOfIndices.cs
 0.1 kb	 0.0% Packages/com.unity.render-pipelines.core/Runtime/GPUDriven/Utilities/LODRenderingUtils.cs
 0.1 kb	 0.0% Packages/com.unity.render-pipelines.core/Runtime/GPUDriven/Utilities/JaggedJobRangeBurst.cs
 0.1 kb	 0.0% Packages/com.unity.render-pipelines.core/Runtime/GPUDriven/SceneProcessors/WorldProcessorBurst.cs
 0.1 kb	 0.0% Packages/com.unity.render-pipelines.core/Runtime/GPUDriven/SceneProcessors/LODGroupUpdateBatch.cs
 0.1 kb	 0.0% Packages/com.unity.render-pipelines.core/Runtime/GPUDriven/SceneProcessors/LODGroupProcessor.cs
 0.1 kb	 0.0% Packages/com.unity.render-pipelines.core/Runtime/GPUDriven/GPUResidentDrawer.cs
 0.1 kb	 0.0% Packages/com.unity.render-pipelines.core/Runtime/GPUDriven/GPUResidentContext.cs
 0.1 kb	 0.0% Packages/com.unity.render-pipelines.core/Runtime/GPUDriven/Culling/InstanceCullerBurst.cs
 0.1 kb	 0.0% Packages/com.unity.render-pipelines.core/Runtime/GPUDriven/CoreDataSystems/LODGroupDataSystem.cs
 0.1 kb	 0.0% Packages/com.unity.render-pipelines.core/Runtime/GPUDriven/CoreDataSystems/InstanceDataSystem.cs
 0.1 kb	 0.0% Packages/com.unity.render-pipelines.core/Runtime/GPUDriven/CoreDataSystems/InstanceAllocators.cs
 0.1 kb	 0.0% Packages/com.unity.render-pipelines.core/Runtime/GPUDriven/CoreDataSystems/GPUArchetypeManager.cs
 0.1 kb	 0.0% Packages/com.unity.render-pipelines.core/Runtime/GPUDriven/CoreDataSystems/DefaultGPUComponents.cs
 0.1 kb	 0.0% Packages/com.unity.render-pipelines.core/Runtime/GPUDriven/Batching/CPUDrawInstanceData.cs
 0.1 kb	 0.0% Packages/com.unity.render-pipelines.core/Runtime/Debugging/DebugUI.Fields.cs
 0.1 kb	 0.0% Packages/com.unity.render-pipelines.core/Runtime/Debugging/DebugManager.SchedulerTracker.cs
 0.1 kb	 0.0% Packages/com.unity.postprocessing/PostProcessing/Runtime/Utils/PropertySheetFactory.cs
 0.1 kb	 0.0% Packages/com.unity.postprocessing/PostProcessing/Runtime/PostProcessVolume.cs
 0.1 kb	 0.0% Packages/com.unity.postprocessing/PostProcessing/Runtime/PostProcessResources.cs
 0.1 kb	 0.0% Packages/com.unity.postprocessing/PostProcessing/Runtime/PostProcessProfile.cs
 0.1 kb	 0.0% Packages/com.unity.postprocessing/PostProcessing/Runtime/PostProcessManager.cs
 0.1 kb	 0.0% Packages/com.unity.postprocessing/PostProcessing/Runtime/PostProcessEvent.cs
 0.1 kb	 0.0% Packages/com.unity.postprocessing/PostProcessing/Runtime/PostProcessBundle.cs
 0.1 kb	 0.0% Packages/com.unity.postprocessing/PostProcessing/Runtime/ParameterOverride.cs
 0.1 kb	 0.0% Packages/com.unity.postprocessing/PostProcessing/Runtime/Monitors/VectorscopeMonitor.cs
 0.1 kb	 0.0% Packages/com.unity.postprocessing/PostProcessing/Runtime/Monitors/LightMeterMonitor.cs
 0.1 kb	 0.0% Packages/com.unity.postprocessing/PostProcessing/Runtime/Effects/TemporalAntialiasing.cs
 0.1 kb	 0.0% Packages/com.unity.postprocessing/PostProcessing/Runtime/Effects/ChromaticAberration.cs
 0.1 kb	 0.0% Packages/com.unity.postprocessing/PostProcessing/Runtime/Attributes/TrackballAttribute.cs
 0.1 kb	 0.0% Packages/com.unity.postprocessing/PostProcessing/Runtime/Attributes/PostProcessAttribute.cs
 0.1 kb	 0.0% Packages/com.unity.postprocessing/PostProcessing/Runtime/Attributes/DisplayNameAttribute.cs
 0.1 kb	 0.0% Packages/com.unity.multiplayer.center/Common/IOnboardingSection.cs
 0.1 kb	 0.0% Packages/com.unity.collections/Unity.Collections/UnsafeScratchAllocator.cs
 0.1 kb	 0.0% Packages/com.unity.collections/Unity.Collections/NativeParallelHashMapExtensions.cs
 0.1 kb	 0.0% Packages/com.unity.ugui/Runtime/TMP/TMP_SpriteAssetImportFormats.cs
 0.1 kb	 0.0% Packages/com.unity.shadergraph/ShaderGraphLibrary/DummyShaderGraphLibrary.cs
 0.1 kb	 0.0% Packages/com.unity.render-pipelines.universal/ShaderLibrary/ShaderTypes.cs
 0.1 kb	 0.0% Packages/com.unity.render-pipelines.universal/ShaderLibrary/Deprecated.cs
 0.1 kb	 0.0% Packages/com.unity.render-pipelines.universal/Runtime/Tiling/TileSize.cs
 0.1 kb	 0.0% Packages/com.unity.render-pipelines.universal/Runtime/2D/URP2D_CRC32.cs
 0.1 kb	 0.0% Packages/com.unity.render-pipelines.universal/Runtime/2D/Shadows/Shadow Provider Utility/ShadowMesh2D.cs
 0.1 kb	 0.0% Packages/com.unity.render-pipelines.universal/Runtime/2D/Shadows/Shadow Provider Utility/ShadowEdge.cs
 0.1 kb	 0.0% Packages/com.unity.render-pipelines.universal/Runtime/2D/Shadows/Shadow Provider Utility/IEdgeStore.cs
 0.1 kb	 0.0% Packages/com.unity.render-pipelines.universal/Runtime/2D/Rendergraph/UpscalePass.cs
 0.1 kb	 0.0% Packages/com.unity.render-pipelines.universal/Runtime/2D/Provider2D.cs
 0.1 kb	 0.0% Packages/com.unity.render-pipelines.universal/Runtime/2D/Passes/Utility/LightBatch.cs
 0.1 kb	 0.0% Packages/com.unity.render-pipelines.universal/Runtime/2D/Passes/Utility/LayerUtility.cs
 0.1 kb	 0.0% Packages/com.unity.render-pipelines.universal/Runtime/2D/Passes/Utility/LayerDebug.cs
 0.1 kb	 0.0% Packages/com.unity.render-pipelines.universal/Runtime/2D/Lights/LightUtility.cs
 0.1 kb	 0.0% Packages/com.unity.render-pipelines.core/Runtime/Utilities/SweepLineRectUtils.cs
 0.1 kb	 0.0% Packages/com.unity.render-pipelines.core/Runtime/Utilities/SceneRenderPipeline.cs
 0.1 kb	 0.0% Packages/com.unity.render-pipelines.core/Runtime/Utilities/MaterialQuality.cs
 0.1 kb	 0.0% Packages/com.unity.render-pipelines.core/Runtime/Utilities/CullContextData.cs
 0.1 kb	 0.0% Packages/com.unity.render-pipelines.core/Runtime/Utilities/CameraCaptureBridge.cs
 0.1 kb	 0.0% Packages/com.unity.render-pipelines.core/Runtime/ShaderGenerator/ShaderGeneratorAttributes.cs
 0.1 kb	 0.0% Packages/com.unity.render-pipelines.core/Runtime/RenderGraph/RenderGraph.cs
 0.1 kb	 0.0% Packages/com.unity.render-pipelines.core/Runtime/PostProcessing/LensFlareCommonSRP.cs
 0.1 kb	 0.0% Packages/com.unity.render-pipelines.core/Runtime/PathTracing/WorldResources.cs
 0.1 kb	 0.0% Packages/com.unity.render-pipelines.core/Runtime/LookDev/IDataProvider.cs
 0.1 kb	 0.0% Packages/com.unity.render-pipelines.core/Runtime/Lighting/SphericalHarmonics.cs
 0.1 kb	 0.0% Packages/com.unity.render-pipelines.core/Runtime/Lighting/ProbeVolume/ProbeVolumesOptions.cs
 0.1 kb	 0.0% Packages/com.unity.render-pipelines.core/Runtime/Lighting/ProbeVolume/ProbeVolumeSceneData.cs
 0.1 kb	 0.0% Packages/com.unity.render-pipelines.core/Runtime/Lighting/ProbeVolume/ProbeVolumeGIContributor.cs
 0.1 kb	 0.0% Packages/com.unity.render-pipelines.core/Runtime/Lighting/ProbeVolume/ProbeVolumeBakingSet.cs
 0.1 kb	 0.0% Packages/com.unity.render-pipelines.core/Runtime/Lighting/ProbeVolume/ProbeVolumeAsset.cs
 0.1 kb	 0.0% Packages/com.unity.render-pipelines.core/Runtime/Lighting/ProbeVolume/ProbeReferenceVolume.cs
 0.1 kb	 0.0% Packages/com.unity.render-pipelines.core/Runtime/Documentation.cs
 0.1 kb	 0.0% Packages/com.unity.render-pipelines.core/Runtime/Debugging/RuntimeDebugWindow.cs
 0.1 kb	 0.0% Packages/com.unity.render-pipelines.core/Runtime/Debugging/MousePositionDebug.cs
 0.1 kb	 0.0% Packages/com.unity.render-pipelines.core/Runtime/Debugging/IVolumeDebugSettings.cs
 0.1 kb	 0.0% Packages/com.unity.render-pipelines.core/Runtime/Debugging/FrameTiming/FrameTimeBottleneck.cs
 0.1 kb	 0.0% Packages/com.unity.render-pipelines.core/Runtime/Common/Swap.Extensions.cs
 0.1 kb	 0.0% Packages/com.unity.render-pipelines.core/Runtime/Common/ReloadGroupAttribute.cs
 0.1 kb	 0.0% Packages/com.unity.render-pipelines.core/Runtime/Common/CommandBufferPool.cs
 0.1 kb	 0.0% Packages/com.unity.render-pipelines.core/Runtime/CommandBuffers/UnsafeCommandBuffer.cs
 0.1 kb	 0.0% Packages/com.unity.render-pipelines.core/Runtime/CommandBuffers/RasterCommandBuffer.cs
 0.1 kb	 0.0% Packages/com.unity.render-pipelines.core/Runtime/CommandBuffers/IUnsafeCommandBuffer.cs
 0.1 kb	 0.0% Packages/com.unity.render-pipelines.core/Runtime/CommandBuffers/IRasterCommandBuffer.cs
 0.1 kb	 0.0% Packages/com.unity.render-pipelines.core/Runtime/CommandBuffers/IBaseCommandBuffer.cs
 0.1 kb	 0.0% Packages/com.unity.render-pipelines.core/Runtime/CommandBuffers/ComputeCommandBuffer.cs
 0.1 kb	 0.0% Packages/com.unity.render-pipelines.core/Runtime/CommandBuffers/CommandBufferHelpers.cs
 0.1 kb	 0.0% Packages/com.unity.multiplayer.center/Common/StyleConstants.cs
 0.1 kb	 0.0% Packages/com.unity.collections/Unity.Collections/UnsafeAtomicCounter.cs
 0.1 kb	 0.0% Assets/ithappy/Creative_Characters_FREE/Scripts/Character_Controller/PlayerCamera.cs
 0.1 kb	 0.0% Assets/TextMesh Pro/Resources/LineBreaking Leading Characters.txt
 0.1 kb	 0.0% Assets/Scripts/UI/CharacterSelect/CharacterSelectScreen.cs
 0.1 kb	 0.0% Packages/com.unity.ugui/Runtime/UGUI/UI/Core/Layout/HorizontalOrVerticalLayoutGroup.cs
 0.1 kb	 0.0% Packages/com.unity.render-pipelines.universal/Runtime/Tiling/ZBinningJob.cs
 0.1 kb	 0.0% Packages/com.unity.render-pipelines.universal/Runtime/Tiling/TilingJob.cs
 0.1 kb	 0.0% Packages/com.unity.render-pipelines.universal/Runtime/TemporalAA.cs
 0.1 kb	 0.0% Packages/com.unity.render-pipelines.universal/Runtime/ShadowUtils.cs
 0.1 kb	 0.0% Packages/com.unity.render-pipelines.universal/Runtime/ShaderUtils.cs
 0.1 kb	 0.0% Packages/com.unity.render-pipelines.universal/Runtime/ShaderData.cs
 0.1 kb	 0.0% Packages/com.unity.render-pipelines.universal/Runtime/PostProcess.cs
 0.1 kb	 0.0% Packages/com.unity.render-pipelines.universal/Runtime/Passes/CapturePass.cs
 0.1 kb	 0.0% Packages/com.unity.render-pipelines.universal/Runtime/Overrides/WhiteBalance.cs
 0.1 kb	 0.0% Packages/com.unity.render-pipelines.universal/Runtime/Overrides/Tonemapping.cs
 0.1 kb	 0.0% Packages/com.unity.render-pipelines.universal/Runtime/Overrides/SplitToning.cs
 0.1 kb	 0.0% Packages/com.unity.render-pipelines.universal/Runtime/Overrides/MotionBlur.cs
 0.1 kb	 0.0% Packages/com.unity.render-pipelines.universal/Runtime/Overrides/FilmGrain.cs
 0.1 kb	 0.0% Packages/com.unity.render-pipelines.universal/Runtime/Overrides/DepthOfField.cs
 0.1 kb	 0.0% Packages/com.unity.render-pipelines.universal/Runtime/Overrides/ColorLookup.cs
 0.1 kb	 0.0% Packages/com.unity.render-pipelines.universal/Runtime/Overrides/ColorCurves.cs
 0.1 kb	 0.0% Packages/com.unity.render-pipelines.universal/Runtime/Overrides/ChannelMixer.cs
 0.1 kb	 0.0% Packages/com.unity.render-pipelines.universal/Runtime/History/TaaHistory.cs
 0.1 kb	 0.0% Packages/com.unity.render-pipelines.universal/Runtime/History/StpHistory.cs
 0.1 kb	 0.0% Packages/com.unity.render-pipelines.universal/Runtime/Decal/Entities/DecalChunk.cs
 0.1 kb	 0.0% Packages/com.unity.render-pipelines.universal/Runtime/Debug/DebugHandler.cs
 0.1 kb	 0.0% Packages/com.unity.render-pipelines.core/Runtime/XR/XRMirrorView.cs
 0.1 kb	 0.0% Packages/com.unity.render-pipelines.core/Runtime/Utilities/GPUPrefixSum/GPUPrefixSum.ShaderIDs.cs
 0.1 kb	 0.0% Packages/com.unity.render-pipelines.core/Runtime/UnifiedRayTracing/Compute/RadeonRays/RestructureBvh.cs
 0.1 kb	 0.0% Packages/com.unity.render-pipelines.core/Runtime/UnifiedRayTracing/Compute/RadeonRays/RadeonRaysAPI.cs
 0.1 kb	 0.0% Packages/com.unity.render-pipelines.core/Runtime/UnifiedRayTracing/Common/GeometryPool/GeometryPool.cs
 0.1 kb	 0.0% Packages/com.unity.render-pipelines.core/Runtime/PathTracing/UVFallbackBuffer.cs
 0.1 kb	 0.0% Packages/com.unity.render-pipelines.core/Runtime/PathTracing/SegmentedReduction.cs
 0.1 kb	 0.0% Packages/com.unity.render-pipelines.core/Runtime/PathTracing/ProbeIntegrator.cs
 0.1 kb	 0.0% Packages/com.unity.render-pipelines.core/Runtime/PathTracing/MaterialPool/MaterialAspectOracle.cs
 0.1 kb	 0.0% Packages/com.unity.render-pipelines.core/Runtime/PathTracing/ManyLightSampling.cs
 0.1 kb	 0.0% Packages/com.unity.render-pipelines.core/Runtime/PathTracing/Lightmapping/ChartRasterizer.cs
 0.1 kb	 0.0% Packages/com.unity.render-pipelines.core/Runtime/PathTracing/Core/TextureSlotAllocator.cs
 0.1 kb	 0.0% Packages/com.unity.render-pipelines.core/Runtime/PathTracing/BakeLightmap.cs
 0.1 kb	 0.0% Packages/com.unity.render-pipelines.core/Runtime/GPUDriven/Utilities/ParallelBitArray.cs
 0.1 kb	 0.0% Packages/com.unity.render-pipelines.core/Runtime/GPUDriven/Utilities/MemoryUtilities.cs
 0.1 kb	 0.0% Packages/com.unity.render-pipelines.core/Runtime/GPUDriven/Utilities/JaggedJobRange.cs
 0.1 kb	 0.0% Packages/com.unity.render-pipelines.core/Runtime/GPUDriven/Utilities/GPUResidentUtils.cs
 0.1 kb	 0.0% Packages/com.unity.render-pipelines.core/Runtime/GPUDriven/SceneProcessors/WorldProcessor.cs
 0.1 kb	 0.0% Packages/com.unity.render-pipelines.core/Runtime/GPUDriven/Culling/InstanceCuller.cs
 0.1 kb	 0.0% Packages/com.unity.render-pipelines.core/Runtime/Deprecated.cs
 0.1 kb	 0.0% Packages/com.unity.render-pipelines.core/Runtime/Debugging/DebugManager.InputLegacy.cs
 0.1 kb	 0.0% Packages/com.unity.render-pipelines.core/Runtime/Common/CoreAttributes.cs
 0.1 kb	 0.0% Packages/com.unity.render-pipelines.core/Runtime/CommandBuffers/BaseCommandBufer.cs
 0.1 kb	 0.0% Packages/com.unity.postprocessing/PostProcessing/Runtime/Utils/TextureLerper.cs
 0.1 kb	 0.0% Packages/com.unity.postprocessing/PostProcessing/Runtime/Utils/RuntimeUtilities.cs
 0.1 kb	 0.0% Packages/com.unity.postprocessing/PostProcessing/Runtime/Utils/PropertySheet.cs
 0.1 kb	 0.0% Packages/com.unity.postprocessing/PostProcessing/Runtime/Utils/MeshUtilities.cs
 0.1 kb	 0.0% Packages/com.unity.postprocessing/PostProcessing/Runtime/Utils/ColorUtilities.cs
 0.1 kb	 0.0% Packages/com.unity.postprocessing/PostProcessing/Runtime/PostProcessLayer.cs
 0.1 kb	 0.0% Packages/com.unity.postprocessing/PostProcessing/Runtime/PostProcessDebug.cs
 0.1 kb	 0.0% Packages/com.unity.postprocessing/PostProcessing/Runtime/Monitors/WaveformMonitor.cs
 0.1 kb	 0.0% Packages/com.unity.postprocessing/PostProcessing/Runtime/Monitors/HistogramMonitor.cs
 0.1 kb	 0.0% Packages/com.unity.postprocessing/PostProcessing/Runtime/Effects/LensDistortion.cs
 0.1 kb	 0.0% Packages/com.unity.postprocessing/PostProcessing/Runtime/Effects/AmbientOcclusion.cs
 0.1 kb	 0.0% Packages/com.unity.postprocessing/PostProcessing/Runtime/Attributes/MinMaxAttribute.cs
 0.1 kb	 0.0% Packages/com.unity.collections/Unity.Collections/UnsafeUtilityEx.cs
 0.1 kb	 0.0% Packages/com.unity.collections/Unity.Collections/UnsafeAppendBuffer.cs
 0.1 kb	 0.0% Packages/com.unity.collections/Unity.Collections/NativeParallelHashSetExtensions.gen.cs
 0.1 kb	 0.0% Packages/com.unity.collections/Unity.Collections/Jobs/RegisterGenericJobTypeAttribute.cs
 0.1 kb	 0.0% Packages/com.unity.collections/Unity.Collections/DoubleRewindableAllocators.cs
 0.1 kb	 0.0% Packages/com.unity.collections/Unity.Collections/DataStreamExtensions.cs
 0.1 kb	 0.0% Assets/Scripts/UI/RewardPopup/RewardPopupController.cs
 0.1 kb	 0.0% Packages/com.unity.ugui/Runtime/TMP/TMP_DynamicFontAssetUtilities.cs
 0.1 kb	 0.0% Packages/com.unity.render-pipelines.universal/Runtime/NoAllocUtils.cs
 0.1 kb	 0.0% Packages/com.unity.render-pipelines.universal/Runtime/2D/Lights/Light2D.cs
 0.1 kb	 0.0% Packages/com.unity.render-pipelines.universal/Runtime/2D/Clipper.cs
 0.1 kb	 0.0% Packages/com.unity.render-pipelines.core/Runtime/XR/XRSRPSettings.cs
 0.1 kb	 0.0% Packages/com.unity.render-pipelines.core/Runtime/Volume/VolumeProfile.cs
 0.1 kb	 0.0% Packages/com.unity.render-pipelines.core/Runtime/Volume/VolumeParameter.cs
 0.1 kb	 0.0% Packages/com.unity.render-pipelines.core/Runtime/Volume/VolumeManager.cs
 0.1 kb	 0.0% Packages/com.unity.render-pipelines.core/Runtime/Volume/VolumeDebugData.cs
 0.1 kb	 0.0% Packages/com.unity.render-pipelines.core/Runtime/Volume/VolumeComponent.cs
 0.1 kb	 0.0% Packages/com.unity.render-pipelines.core/Runtime/Volume/VolumeCollection.cs
 0.1 kb	 0.0% Packages/com.unity.render-pipelines.core/Runtime/Volume/KeyframeUtility.cs
 0.1 kb	 0.0% Packages/com.unity.render-pipelines.core/Runtime/Utilities/TileLayoutUtils.cs
 0.1 kb	 0.0% Packages/com.unity.render-pipelines.core/Runtime/Utilities/TextureGradient.cs
 0.1 kb	 0.0% Packages/com.unity.render-pipelines.core/Runtime/Utilities/ResourceReloader.cs
 0.1 kb	 0.0% Packages/com.unity.render-pipelines.core/Runtime/Utilities/LightUnitUtils.cs
 0.1 kb	 0.0% Packages/com.unity.render-pipelines.core/Runtime/Utilities/HaltonSequence.cs
 0.1 kb	 0.0% Packages/com.unity.render-pipelines.core/Runtime/Utilities/HDROutputUtils.cs
 0.1 kb	 0.0% Packages/com.unity.render-pipelines.core/Runtime/Utilities/GPUPrefixSum/GPUPrefixSum.Data.cs
 0.1 kb	 0.0% Packages/com.unity.render-pipelines.core/Runtime/Utilities/DelegateUtility.cs
 0.1 kb	 0.0% Packages/com.unity.render-pipelines.core/Runtime/Utilities/CoreMatrixUtils.cs
 0.1 kb	 0.0% Packages/com.unity.render-pipelines.core/Runtime/Utilities/ColorSpaceUtils.cs
 0.1 kb	 0.0% Packages/com.unity.render-pipelines.core/Runtime/Utilities/ArrayExtensions.cs
 0.1 kb	 0.0% Packages/com.unity.render-pipelines.core/Runtime/Textures/Texture2DAtlas.cs
 0.1 kb	 0.0% Packages/com.unity.render-pipelines.core/Runtime/Textures/RTHandleSystem.cs
 0.1 kb	 0.0% Packages/com.unity.render-pipelines.core/Runtime/Sampling/SobolData.cs
 0.1 kb	 0.0% Packages/com.unity.render-pipelines.core/Runtime/RenderPipeline/IVolumetricCloud.cs
 0.1 kb	 0.0% Packages/com.unity.render-pipelines.core/Runtime/RenderPipeline/ICloudBackground.cs
 0.1 kb	 0.0% Packages/com.unity.render-pipelines.core/Runtime/RenderGraph/RenderGraphCompilationCache.cs
 0.1 kb	 0.0% Packages/com.unity.render-pipelines.core/Runtime/PostProcessing/LensFlareDataSRP.cs
 0.1 kb	 0.0% Packages/com.unity.render-pipelines.core/Runtime/Lighting/ProbeVolume/ProbeVolumeUtil.cs
 0.1 kb	 0.0% Packages/com.unity.render-pipelines.core/Runtime/Lighting/ProbeVolume/ProbeBrickPool.cs
 0.1 kb	 0.0% Packages/com.unity.render-pipelines.core/Runtime/Lighting/ProbeVolume/ProbeBrickIndex.cs
 0.1 kb	 0.0% Packages/com.unity.render-pipelines.core/Runtime/Debugging/ProfilingScope.cs
 0.1 kb	 0.0% Packages/com.unity.render-pipelines.core/Runtime/Debugging/FrameTiming/FrameTimeSample.cs
 0.1 kb	 0.0% Packages/com.unity.render-pipelines.core/Runtime/Debugging/DebugManager.UIState.cs
 0.1 kb	 0.0% Packages/com.unity.render-pipelines.core/Runtime/Debugging/DebugManager.Input.cs
 0.1 kb	 0.0% Packages/com.unity.render-pipelines.core/Runtime/Debugging/DebugFrameTiming.cs
 0.1 kb	 0.0% Packages/com.unity.render-pipelines.core/Runtime/Common/SerializableEnum.cs
 0.1 kb	 0.0% Packages/com.unity.render-pipelines.core/Runtime/Common/ReloadAttribute.cs
 0.1 kb	 0.0% Packages/com.unity.render-pipelines.core/Runtime/Common/IAdditionalData.cs
 0.1 kb	 0.0% Packages/com.unity.render-pipelines.core/Runtime/Common/DynamicString.cs
 0.1 kb	 0.0% Packages/com.unity.render-pipelines.core/Runtime/Common/CoreUnsafeUtils.cs
 0.1 kb	 0.0% Packages/com.unity.render-pipelines.core/Runtime/Common/ContextContainer.cs
 0.1 kb	 0.0% Packages/com.unity.render-pipelines.core/Runtime/Common/ConstantBuffer.cs
 0.1 kb	 0.0% Packages/com.unity.render-pipelines.core/Runtime/Camera/CameraSwitcher.cs
 0.1 kb	 0.0% Packages/com.unity.collections/Unity.Collections/NativeNotBurstCompatible.cs
 0.1 kb	 0.0% Assets/Scripts/UI/TeacherDashboard/TeacherModeScreen.cs
 0.1 kb	 0.0% Assets/Scripts/Characters/CharacterDefinitionSO.cs
 0.1 kb	 0.0% Assets/Scripts/Characters/CharacterCatalogLoader.cs
 0.1 kb	 0.0% Assets/Scripts/Arena/Visuals/CharacterVisualBuilder.cs
 0.1 kb	 0.0% Packages/com.unity.ugui/Runtime/UGUI/EventSystem/UIElements/WorldDocumentRaycaster.cs
 0.1 kb	 0.0% Packages/com.unity.ugui/Runtime/UGUI/EventSystem/InputModules/StandaloneInputModule.cs
 0.1 kb	 0.0% Packages/com.unity.render-pipelines.universal/Runtime/StpUtils.cs
 0.1 kb	 0.0% Packages/com.unity.render-pipelines.universal/Runtime/RendererFeatures/OnTilePostProcessPass.cs
 0.1 kb	 0.0% Packages/com.unity.render-pipelines.universal/Runtime/RendererFeatures/OnTilePostProcessFeature.cs
 0.1 kb	 0.0% Packages/com.unity.render-pipelines.universal/Runtime/Overrides/Vignette.cs
 0.1 kb	 0.0% Packages/com.unity.render-pipelines.universal/Runtime/Overrides/Bloom.cs
 0.1 kb	 0.0% Packages/com.unity.render-pipelines.core/Runtime/XR/XRView.cs
 0.1 kb	 0.0% Packages/com.unity.render-pipelines.core/Runtime/XR/XRSystem.cs
 0.1 kb	 0.0% Packages/com.unity.render-pipelines.core/Runtime/XR/XRPass.cs
 0.1 kb	 0.0% Packages/com.unity.render-pipelines.core/Runtime/XR/XRLayout.cs
 0.1 kb	 0.0% Packages/com.unity.render-pipelines.core/Runtime/UnifiedRayTracing/StringIDs.cs
 0.1 kb	 0.0% Packages/com.unity.render-pipelines.core/Runtime/UnifiedRayTracing/Compute/RadeonRays/RadixSort.cs
 0.1 kb	 0.0% Packages/com.unity.render-pipelines.core/Runtime/UnifiedRayTracing/Compute/RadeonRays/HlbvhBuilder.cs
 0.1 kb	 0.0% Packages/com.unity.render-pipelines.core/Runtime/UnifiedRayTracing/Common/Utilities/Utils.cs
 0.1 kb	 0.0% Packages/com.unity.render-pipelines.core/Runtime/PathTracing/ShaderProperties.cs
 0.1 kb	 0.0% Packages/com.unity.render-pipelines.core/Runtime/PathTracing/LightFalloffLUT.cs
 0.1 kb	 0.0% Packages/com.unity.render-pipelines.core/Runtime/PathTracing/Environment/CubemapRender.cs
 0.1 kb	 0.0% Packages/com.unity.render-pipelines.core/Runtime/PathTracing/Core/TextureQuadTree.cs
 0.1 kb	 0.0% Packages/com.unity.render-pipelines.core/Runtime/GPUDriven/CoreDataSystems/RenderWorld.cs
 0.1 kb	 0.0% Packages/com.unity.render-pipelines.core/Runtime/GPUDriven/BatchLayers.cs
 0.1 kb	 0.0% Packages/com.unity.render-pipelines.core/Runtime/Debugging/DebugUI.FieldUtils.cs
 0.1 kb	 0.0% Packages/com.unity.render-pipelines.core/Runtime/Debugging/DebugUI.Containers.cs
 0.1 kb	 0.0% Packages/com.unity.postprocessing/PostProcessing/Runtime/Utils/TargetPool.cs
 0.1 kb	 0.0% Packages/com.unity.postprocessing/PostProcessing/Runtime/Utils/ShaderIDs.cs
 0.1 kb	 0.0% Packages/com.unity.postprocessing/PostProcessing/Runtime/Utils/LogHistogram.cs
 0.1 kb	 0.0% Packages/com.unity.postprocessing/PostProcessing/Runtime/Utils/HaltonSeq.cs
 0.1 kb	 0.0% Packages/com.unity.postprocessing/PostProcessing/Runtime/Utils/HableCurve.cs
 0.1 kb	 0.0% Packages/com.unity.postprocessing/PostProcessing/Runtime/Effects/ScalableAO.cs
 0.1 kb	 0.0% Packages/com.unity.postprocessing/PostProcessing/Runtime/Effects/MultiScaleVO.cs
 0.1 kb	 0.0% Packages/com.unity.postprocessing/PostProcessing/Runtime/Effects/MotionBlur.cs
 0.1 kb	 0.0% Packages/com.unity.postprocessing/PostProcessing/Runtime/Effects/Dithering.cs
 0.1 kb	 0.0% Packages/com.unity.postprocessing/PostProcessing/Runtime/Effects/DepthOfField.cs
 0.1 kb	 0.0% Packages/com.unity.postprocessing/PostProcessing/Runtime/Effects/ColorGrading.cs
 0.1 kb	 0.0% Packages/com.unity.postprocessing/PostProcessing/Runtime/Effects/AutoExposure.cs
 0.1 kb	 0.0% Packages/com.unity.postprocessing/PostProcessing/Runtime/Attributes/MinAttribute.cs
 0.1 kb	 0.0% Packages/com.unity.postprocessing/PostProcessing/Runtime/Attributes/MaxAttribute.cs
 0.1 kb	 0.0% Packages/com.unity.multiplayer.center/Common/AnswerData.cs
 0.1 kb	 0.0% Packages/com.unity.collections/Unity.Collections/UnsafeBitArray.cs
 0.1 kb	 0.0% Packages/com.unity.collections/Unity.Collections/UTF8ArrayUnsafeUtility.cs
 0.1 kb	 0.0% Packages/com.unity.collections/Unity.Collections/StreamCompressionModel.cs
 0.1 kb	 0.0% Packages/com.unity.collections/Unity.Collections/NativeArrayExtensions.cs
 0.1 kb	 0.0% Packages/com.unity.collections/Unity.Collections/FixedStringInternalMethods.cs
 0.1 kb	 0.0% Packages/com.unity.collections/Unity.Collections/FixedStringFormatMethods.gen.cs
 0.1 kb	 0.0% Packages/com.unity.burst/Runtime/CompilerServices/SkipLocalsInitAttribute.cs
 0.1 kb	 0.0% Packages/com.unity.burst/Runtime/CompilerServices/IgnoreWarningAttribute.cs
 0.1 kb	 0.0% Packages/com.unity.ugui/Runtime/TMP/TMP_ScrollbarEventHandler.cs
 0.1 kb	 0.0% Packages/com.unity.ugui/Runtime/TMP/TMP_PackageResourceImporter.cs
 0.1 kb	 0.0% Packages/com.unity.ugui/Runtime/InternalBridge/ObjectUtilsBridge.cs
 0.1 kb	 0.0% Packages/com.unity.render-pipelines.core/Runtime/Vrs/VrsShaders.cs
 0.1 kb	 0.0% Packages/com.unity.render-pipelines.core/Runtime/Vrs/VrsResources.cs
 0.1 kb	 0.0% Packages/com.unity.render-pipelines.core/Runtime/Volume/VolumeStack.cs
 0.1 kb	 0.0% Packages/com.unity.render-pipelines.core/Runtime/Utilities/TextureCurve.cs
 0.1 kb	 0.0% Packages/com.unity.render-pipelines.core/Runtime/Utilities/MeshGizmo.cs
 0.1 kb	 0.0% Packages/com.unity.render-pipelines.core/Runtime/Utilities/HashFNV1A32.cs
 0.1 kb	 0.0% Packages/com.unity.render-pipelines.core/Runtime/Utilities/HableCurve.cs
 0.1 kb	 0.0% Packages/com.unity.render-pipelines.core/Runtime/Utilities/GPUPrefixSum/GPUPrefixSum.cs
 0.1 kb	 0.0% Packages/com.unity.render-pipelines.core/Runtime/Utilities/CoreUtils.cs
 0.1 kb	 0.0% Packages/com.unity.render-pipelines.core/Runtime/Utilities/ColorUtils.cs
 0.1 kb	 0.0% Packages/com.unity.render-pipelines.core/Runtime/Textures/TextureXR.cs
 0.1 kb	 0.0% Packages/com.unity.render-pipelines.core/Runtime/Textures/RTHandles.cs
 0.1 kb	 0.0% Packages/com.unity.render-pipelines.core/Runtime/Stripping/IStripper.cs
 0.1 kb	 0.0% Packages/com.unity.render-pipelines.core/Runtime/ShaderLibrary/Sampling/Hammersley.cs
 0.1 kb	 0.0% Packages/com.unity.render-pipelines.core/Runtime/Lighting/ProbeVolume/ProbeVolume.cs
 0.1 kb	 0.0% Packages/com.unity.render-pipelines.core/Runtime/GPUDriven/Utilities/FrustumPlanes.cs
 0.1 kb	 0.0% Packages/com.unity.render-pipelines.core/Runtime/Debugging/DebugUpdater.cs
 0.1 kb	 0.0% Packages/com.unity.render-pipelines.core/Runtime/Debugging/DebugUI.Panel.cs
 0.1 kb	 0.0% Packages/com.unity.render-pipelines.core/Runtime/Debugging/DebugShapes.cs
 0.1 kb	 0.0% Packages/com.unity.render-pipelines.core/Runtime/Debugging/DebugOverlay.cs
 0.1 kb	 0.0% Packages/com.unity.render-pipelines.core/Runtime/Debugging/DebugManager.cs
 0.1 kb	 0.0% Packages/com.unity.render-pipelines.core/Runtime/Camera/FreeCamera.cs
 0.1 kb	 0.0% Packages/com.unity.collections/Unity.Collections/UnsafeList.cs
 0.1 kb	 0.0% Packages/com.unity.collections/Unity.Collections/FixedStringParseMethods.cs
 0.1 kb	 0.0% Packages/com.unity.collections/Unity.Collections/FixedStringAppendMethods.cs
 0.1 kb	 0.0% Assets/Scripts/Networking/WsClientBehaviour.cs
 0.1 kb	 0.0% Assets/Scripts/GameState/MockEngine/RewardResolver.cs
 0.1 kb	 0.0% Assets/Scripts/GameState/MockEngine/CombatResolver.cs
 0.1 kb	 0.0% Assets/Scripts/GameState/MockEngine/CharacterConfig.cs
 0.1 kb	 0.0% Assets/Scripts/Arena/Visuals/ToonMaterialFactory.cs
 0.1 kb	 0.0% Assets/Scripts/Arena/Visuals/TokenIdleAnimator.cs
 0.1 kb	 0.0% Assets/Scripts/Arena/Visuals/PrimitiveMeshFactory.cs
 0.1 kb	 0.0% Packages/com.unity.ugui/Runtime/UGUI/UI/Core/Utility/ReflectionMethodsCache.cs
 0.1 kb	 0.0% Packages/com.unity.ugui/Runtime/UGUI/UI/Core/MultipleDisplayUtilities.cs
 0.1 kb	 0.0% Packages/com.unity.ugui/Runtime/UGUI/UI/Core/Layout/HorizontalLayoutGroup.cs
 0.1 kb	 0.0% Packages/com.unity.ugui/Runtime/UGUI/UI/Core/IGraphicEnabledDisabled.cs
 0.1 kb	 0.0% Packages/com.unity.ugui/Runtime/UGUI/UI/Core/GraphicRebuildTracker.cs
 0.1 kb	 0.0% Packages/com.unity.ugui/Runtime/UGUI/UI/Core/Culling/RectangularVertexClipper.cs
 0.1 kb	 0.0% Packages/com.unity.ugui/Runtime/UGUI/EventSystem/UIElements/PanelEventHandler.cs
 0.1 kb	 0.0% Packages/com.unity.ugui/Runtime/UGUI/EventSystem/Raycasters/Physics2DRaycaster.cs
 0.1 kb	 0.0% Packages/com.unity.ugui/Runtime/UGUI/EventSystem/InputModules/PointerInputModule.cs
 0.1 kb	 0.0% Packages/com.unity.render-pipelines.core/ShaderLibrary/DummyShaderLibrary.cs
 0.1 kb	 0.0% Packages/com.unity.render-pipelines.core/Runtime/Utilities/GPUSort/GPUSort.Data.cs
 0.1 kb	 0.0% Packages/com.unity.render-pipelines.core/Runtime/Utilities/BitArray.cs
 0.1 kb	 0.0% Packages/com.unity.render-pipelines.core/Runtime/UnifiedRayTracing/Compute/RadeonRays/StringIDs.cs
 0.1 kb	 0.0% Packages/com.unity.render-pipelines.core/Runtime/UnifiedRayTracing/Compute/RadeonRays/Common.cs
 0.1 kb	 0.0% Packages/com.unity.render-pipelines.core/Runtime/UnifiedRayTracing/Compute/RadeonRays/BvhCheck.cs
 0.1 kb	 0.0% Packages/com.unity.render-pipelines.core/Runtime/PathTracing/UVMesh.cs
 0.1 kb	 0.0% Packages/com.unity.render-pipelines.core/Runtime/PathTracing/MaterialPool/MaterialPool.cs
 0.1 kb	 0.0% Packages/com.unity.render-pipelines.core/Runtime/Inputs/InputRegistering.cs
 0.1 kb	 0.0% Packages/com.unity.postprocessing/PostProcessing/Runtime/Utils/Spline.cs
 0.1 kb	 0.0% Packages/com.unity.postprocessing/PostProcessing/Runtime/Monitors/Monitor.cs
 0.1 kb	 0.0% Packages/com.unity.postprocessing/PostProcessing/Runtime/Effects/Vignette.cs
 0.1 kb	 0.0% Packages/com.unity.postprocessing/PostProcessing/Runtime/Effects/Grain.cs
 0.1 kb	 0.0% Packages/com.unity.postprocessing/PostProcessing/Runtime/Effects/Bloom.cs
 0.1 kb	 0.0% Packages/com.unity.collections/Unity.Collections/UnsafeText.cs
 0.1 kb	 0.0% Packages/com.unity.collections/Unity.Collections/UnsafeStream.cs
 0.1 kb	 0.0% Packages/com.unity.collections/Unity.Collections/RewindableAllocator.cs
 0.1 kb	 0.0% Packages/com.unity.collections/Unity.Collections/FixedStringMethods.cs
 0.1 kb	 0.0% Packages/com.unity.collections/Unity.Collections/AutoFreeAllocator.cs
 0.1 kb	 0.0% Packages/com.unity.burst/Runtime/CompilerServices/AssumeRangeAttribute.cs
 0.1 kb	 0.0% Packages/com.unity.ugui/Runtime/UGUI/UI/Animation/CoroutineTween.cs
 0.1 kb	 0.0% Packages/com.unity.ugui/Runtime/UGUI/EventSystem/EventInterfaces.cs
 0.1 kb	 0.0% Packages/com.unity.ugui/Runtime/TMP/TMPro_ExtensionMethods.cs
 0.1 kb	 0.0% Packages/com.unity.ugui/Runtime/TMP/TMP_TextParsingUtilities.cs
 0.1 kb	 0.0% Packages/com.unity.ugui/Runtime/TMP/TMP_TextElement_Legacy.cs
 0.1 kb	 0.0% Packages/com.unity.ugui/Runtime/TMP/TMP_FontAssetUtilities.cs
 0.1 kb	 0.0% Packages/com.unity.ugui/Runtime/TMP/MaterialReferenceManager.cs
 0.1 kb	 0.0% Packages/com.unity.ugui/Runtime/TMP/FontFeatureCommonGSUB.cs
 0.1 kb	 0.0% Packages/com.unity.render-pipelines.universal/Runtime/2D/Sources/Provider2DInfo.cs
 0.1 kb	 0.0% Packages/com.unity.render-pipelines.universal/Runtime/2D/Shadows/Shadow Provider Utility/VertexDictionary.cs
 0.1 kb	 0.0% Packages/com.unity.render-pipelines.core/Runtime/Vrs/VrsLut.cs
 0.1 kb	 0.0% Packages/com.unity.render-pipelines.core/Runtime/Volume/Volume.cs
 0.1 kb	 0.0% Packages/com.unity.render-pipelines.core/Runtime/Utilities/GPUSort/GPUSort.cs
 0.1 kb	 0.0% Packages/com.unity.render-pipelines.core/Runtime/Utilities/FSRUtils.cs
 0.1 kb	 0.0% Packages/com.unity.render-pipelines.core/Runtime/Utilities/Blitter.cs
 0.1 kb	 0.0% Packages/com.unity.render-pipelines.core/Runtime/Textures/RTHandle.cs
 0.1 kb	 0.0% Packages/com.unity.render-pipelines.core/Runtime/PathTracing/PathTracingUtil.cs
 0.1 kb	 0.0% Packages/com.unity.render-pipelines.core/Runtime/Debugging/DebugUI.cs
 0.1 kb	 0.0% Packages/com.unity.collections/Unity.Collections/UnsafeQueue.cs
 0.1 kb	 0.0% Packages/com.unity.collections/Unity.Collections/NativeHashMap.cs
 0.1 kb	 0.0% Packages/com.unity.collections/Unity.Collections/FixedStringFormat.gen.cs
 0.1 kb	 0.0% Packages/com.unity.collections/Unity.Collections/FixedString.gen.cs
 0.1 kb	 0.0% Assets/Scripts/UI/NameEntry/NameEntryScreen.cs
 0.1 kb	 0.0% Assets/Scripts/UI/Connect/ConnectScreen.cs
 0.1 kb	 0.0% Assets/Scripts/Networking/SessionManager.cs
 0.1 kb	 0.0% Assets/Scripts/Networking/Protocol/Events.cs
 0.1 kb	 0.0% Assets/Scripts/Networking/DiscoveryClient.cs
 0.1 kb	 0.0% Assets/Scripts/GameState/MockEngine/MatchState.cs
 0.1 kb	 0.0% Assets/Scripts/GameState/MockEngine/MatchEngine.cs
 0.1 kb	 0.0% Assets/Scripts/Characters/CharacterVisual.cs
 0.1 kb	 0.0% Assets/Scripts/Arena/QuizBattlePalette.cs
 0.1 kb	 0.0% Assets/Scripts/Arena/NetworkedArenaView.cs
 0.1 kb	 0.0% Packages/com.unity.ugui/Runtime/UGUI/UI/Core/SetPropertyUtility.cs
 0.1 kb	 0.0% Packages/com.unity.ugui/Runtime/UGUI/UI/Core/MaterialModifiers/IMaterialModifier.cs
 0.1 kb	 0.0% Packages/com.unity.ugui/Runtime/UGUI/UI/Core/Layout/VerticalLayoutGroup.cs
 0.1 kb	 0.0% Packages/com.unity.ugui/Runtime/UGUI/UI/Core/Layout/ContentSizeFitter.cs
 0.1 kb	 0.0% Packages/com.unity.ugui/Runtime/UGUI/UI/Core/Layout/AspectRatioFitter.cs
 0.1 kb	 0.0% Packages/com.unity.ugui/Runtime/UGUI/UI/Core/FontUpdateTracker.cs
 0.1 kb	 0.0% Packages/com.unity.ugui/Runtime/UGUI/UI/Core/CanvasUpdateRegistry.cs
 0.1 kb	 0.0% Packages/com.unity.ugui/Runtime/UGUI/UI/Core/AnimationTriggers.cs
 0.1 kb	 0.0% Packages/com.unity.ugui/Runtime/UGUI/EventSystem/UIElements/PanelRaycaster.cs
 0.1 kb	 0.0% Packages/com.unity.ugui/Runtime/UGUI/EventSystem/Raycasters/PhysicsRaycaster.cs
 0.1 kb	 0.0% Packages/com.unity.ugui/Runtime/UGUI/EventSystem/Raycasters/BaseRaycaster.cs
 0.1 kb	 0.0% Packages/com.unity.ugui/Runtime/UGUI/EventSystem/RaycasterManager.cs
 0.1 kb	 0.0% Packages/com.unity.ugui/Runtime/UGUI/EventSystem/RaycastResult.cs
 0.1 kb	 0.0% Packages/com.unity.ugui/Runtime/UGUI/EventSystem/InputModules/TouchInputModule.cs
 0.1 kb	 0.0% Packages/com.unity.ugui/Runtime/UGUI/EventSystem/InputModules/BaseInputModule.cs
 0.1 kb	 0.0% Packages/com.unity.ugui/Runtime/UGUI/EventSystem/ExecuteEvents.cs
 0.1 kb	 0.0% Packages/com.unity.ugui/Runtime/UGUI/EventSystem/EventData/PointerEventData.cs
 0.1 kb	 0.0% Packages/com.unity.ugui/Runtime/UGUI/EventSystem/EventData/BaseEventData.cs
 0.1 kb	 0.0% Packages/com.unity.ugui/Runtime/UGUI/EventSystem/EventData/AxisEventData.cs
 0.1 kb	 0.0% Packages/com.unity.ugui/Runtime/TMP/TMP_TextProcessingStack.cs
 0.1 kb	 0.0% Packages/com.unity.ugui/Runtime/TMP/TMP_FontFeaturesCommon.cs
 0.1 kb	 0.0% Packages/com.unity.render-pipelines.core/Runtime/UnifiedRayTracing/Compute/RadeonRays/Scan.cs
 0.1 kb	 0.0% Packages/com.unity.render-pipelines.core/Runtime/PathTracing/World.cs
 0.1 kb	 0.0% Packages/com.unity.render-pipelines.core/Runtime/Lights/LightAnchor.cs
 0.1 kb	 0.0% Packages/com.unity.render-pipelines.core/Runtime/GPUDriven/Utilities/AABB.cs
 0.1 kb	 0.0% Packages/com.unity.postprocessing/PostProcessing/Runtime/Effects/Fog.cs
 0.1 kb	 0.0% Packages/com.unity.collections/Unity.Collections/xxHash3.StreamingState.cs
 0.1 kb	 0.0% Packages/com.unity.collections/Unity.Collections/NativeSort.cs
 0.1 kb	 0.0% Packages/com.unity.collections/Unity.Collections/NativeBitArray.cs
 0.1 kb	 0.0% Packages/com.unity.collections/Unity.Collections/ListExtensions.cs
 0.1 kb	 0.0% Packages/com.unity.collections/Unity.Collections/Jobs/IJobParallelForDefer.cs
 0.1 kb	 0.0% Packages/com.unity.collections/Unity.Collections/Jobs/IJobParallelForBatch.cs
 0.1 kb	 0.0% Packages/com.unity.collections/Unity.Collections/FixedStringUtils.cs
 0.1 kb	 0.0% Packages/com.unity.collections/Unity.Collections/DataStreamWriter.cs
 0.1 kb	 0.0% Packages/com.unity.collections/Unity.Collections/DataStreamReader.cs
 0.1 kb	 0.0% Packages/com.unity.collections/Unity.Collections/ConcurrentMask.cs
 0.1 kb	 0.0% Packages/com.unity.collections/Unity.Collections/CollectionHelper.cs
 0.1 kb	 0.0% Packages/com.unity.collections/Unity.Collections/AllocatorManager.cs
 0.1 kb	 0.0% Packages/com.unity.burst/Runtime/SafeStringArrayHelper.cs
 0.1 kb	 0.0% Packages/com.unity.burst/Runtime/Editor/BurstEditorOptions.cs
 0.1 kb	 0.0% Packages/com.unity.burst/Runtime/Editor/BurstCompileTarget.cs
 0.1 kb	 0.0% Packages/com.unity.burst/Runtime/Editor/BurstAssemblyDisable.cs
 0.1 kb	 0.0% Packages/com.unity.burst/Runtime/BurstCompileAttribute.cs
 0.1 kb	 0.0% Assets/Scripts/UI/HUD/HudController.cs
 0.1 kb	 0.0% Assets/Scripts/GameState/MatchStateStore.cs
 0.1 kb	 0.0% Assets/Scripts/Arena/Vfx/ParticleFactory.cs
 0.1 kb	 0.0% Assets/Scripts/Arena/Vfx/AbilityVfxPlayer.cs
 0.1 kb	 0.0% Packages/com.unity.ugui/Runtime/TMP/TMPro_EventManager.cs
 0.1 kb	 0.0% Packages/com.unity.ugui/Runtime/TMP/TMP_UpdateRegistery.cs
 0.1 kb	 0.0% Packages/com.unity.ugui/Runtime/TMP/TMP_UpdateManager.cs
 0.1 kb	 0.0% Packages/com.unity.ugui/Runtime/TMP/TMP_TextUtilities.cs
 0.1 kb	 0.0% Packages/com.unity.ugui/Runtime/TMP/TMP_TextProcessingCommon.cs
 0.1 kb	 0.0% Packages/com.unity.ugui/Runtime/TMP/TMP_SpriteCharacter.cs
 0.1 kb	 0.0% Packages/com.unity.ugui/Runtime/TMP/TMP_SpriteAnimator.cs
 0.1 kb	 0.0% Packages/com.unity.ugui/Runtime/TMP/TMP_SelectionCaret.cs
 0.1 kb	 0.0% Packages/com.unity.ugui/Runtime/TMP/TMP_ResourcesManager.cs
 0.1 kb	 0.0% Packages/com.unity.ugui/Runtime/TMP/TMP_MaterialManager.cs
 0.1 kb	 0.0% Packages/com.unity.ugui/Runtime/TMP/TMP_InputValidator.cs
 0.1 kb	 0.0% Packages/com.unity.ugui/Runtime/TMP/TMP_FontFeatureTable.cs
 0.1 kb	 0.0% Packages/com.unity.ugui/Runtime/TMP/TMP_DefaultControls.cs
 0.1 kb	 0.0% Packages/com.unity.ugui/Runtime/TMP/TMP_Compatibility.cs
 0.1 kb	 0.0% Packages/com.unity.ugui/Runtime/TMP/TMP_ColorGradient.cs
 0.1 kb	 0.0% Packages/com.unity.ugui/Runtime/TMP/TMP_CharacterInfo.cs
 0.1 kb	 0.0% Packages/com.unity.ugui/Runtime/TMP/ITextPreProcessor.cs
 0.1 kb	 0.0% Packages/com.unity.ugui/Runtime/TMP/FontFeatureCommonGPOS.cs
 0.1 kb	 0.0% Packages/com.unity.ugui/Runtime/InternalBridge/TMPHelpURL.cs
 0.1 kb	 0.0% Packages/com.unity.render-pipelines.core/Runtime/Vrs/Vrs.cs
 0.1 kb	 0.0% Packages/com.unity.render-pipelines.core/Runtime/STP/STP.cs
 0.1 kb	 0.0% Packages/com.unity.collections/Unity.Collections/NativeText.gen.cs
 0.1 kb	 0.0% Packages/com.unity.collections/Unity.Collections/FixedList.gen.cs
 0.1 kb	 0.0% Assets/Scripts/UI/PostMatchScreen.cs
 0.1 kb	 0.0% Assets/Scripts/Networking/Protocol/Envelope.cs
 0.1 kb	 0.0% Assets/Scripts/Networking/AuthClient.cs
 0.1 kb	 0.0% Assets/Scripts/Arena/GridController.cs
 0.1 kb	 0.0% Assets/Scripts/Arena/CharacterToken.cs
 0.1 kb	 0.0% Assets/Scripts/Arena/BillboardLabel.cs
 0.1 kb	 0.0% Assets/Scripts/Arena/ArenaEnvironment.cs
 0.1 kb	 0.0% Assets/Scripts/Arena/ArenaController.cs
 0.1 kb	 0.0% Packages/com.unity.ugui/Runtime/UGUI/UI/Core/VertexModifiers/PositionAsUV1.cs
 0.1 kb	 0.0% Packages/com.unity.ugui/Runtime/UGUI/UI/Core/VertexModifiers/IMeshModifier.cs
 0.1 kb	 0.0% Packages/com.unity.ugui/Runtime/UGUI/UI/Core/VertexModifiers/BaseMeshEffect.cs
 0.1 kb	 0.0% Packages/com.unity.ugui/Runtime/UGUI/UI/Core/StencilMaterial.cs
 0.1 kb	 0.0% Packages/com.unity.ugui/Runtime/UGUI/UI/Core/RaycastReceiver.cs
 0.1 kb	 0.0% Packages/com.unity.ugui/Runtime/UGUI/UI/Core/MaskableGraphic.cs
 0.1 kb	 0.0% Packages/com.unity.ugui/Runtime/UGUI/UI/Core/MaskUtilities.cs
 0.1 kb	 0.0% Packages/com.unity.ugui/Runtime/UGUI/UI/Core/Layout/LayoutUtility.cs
 0.1 kb	 0.0% Packages/com.unity.ugui/Runtime/UGUI/UI/Core/Layout/LayoutRebuilder.cs
 0.1 kb	 0.0% Packages/com.unity.ugui/Runtime/UGUI/UI/Core/Layout/LayoutElement.cs
 0.1 kb	 0.0% Packages/com.unity.ugui/Runtime/UGUI/UI/Core/Layout/ILayoutElement.cs
 0.1 kb	 0.0% Packages/com.unity.ugui/Runtime/UGUI/UI/Core/Layout/GridLayoutGroup.cs
 0.1 kb	 0.0% Packages/com.unity.ugui/Runtime/UGUI/UI/Core/GraphicRegistry.cs
 0.1 kb	 0.0% Packages/com.unity.ugui/Runtime/UGUI/UI/Core/GraphicRaycaster.cs
 0.1 kb	 0.0% Packages/com.unity.ugui/Runtime/UGUI/UI/Core/DefaultControls.cs
 0.1 kb	 0.0% Packages/com.unity.ugui/Runtime/UGUI/UI/Core/Culling/ClipperRegistry.cs
 0.1 kb	 0.0% Packages/com.unity.ugui/Runtime/UGUI/EventSystem/UIBehaviour.cs
 0.1 kb	 0.0% Packages/com.unity.ugui/Runtime/UGUI/EventSystem/InputModules/BaseInput.cs
 0.1 kb	 0.0% Packages/com.unity.ugui/Runtime/UGUI/EventSystem/EventTrigger.cs
 0.1 kb	 0.0% Packages/com.unity.ugui/Runtime/UGUI/EventSystem/EventSystem.cs
 0.1 kb	 0.0% Packages/com.unity.ugui/Runtime/TMP/TMPro_MeshUtilities.cs
 0.1 kb	 0.0% Packages/com.unity.ugui/Runtime/TMP/TMP_ShaderUtilities.cs
 0.1 kb	 0.0% Packages/com.unity.ugui/Runtime/TMP/TMP_RichTextTagsCommon.cs
 0.1 kb	 0.0% Packages/com.unity.ugui/Runtime/TMP/TMP_FontAssetCommon.cs
 0.1 kb	 0.0% Packages/com.unity.collections/Unity.Collections/UIntFloat.cs
 0.1 kb	 0.0% Packages/com.unity.collections/Unity.Collections/NativeStream.cs
 0.1 kb	 0.0% Packages/com.unity.collections/Unity.Collections/Jobs/EarlyInitHelpers.cs
 0.1 kb	 0.0% Packages/com.unity.burst/Runtime/Intrinsics/SimdDebugViews.cs
 0.1 kb	 0.0% Packages/com.unity.burst/Runtime/Editor/BurstReflection.cs
 0.1 kb	 0.0% Packages/com.unity.burst/Runtime/BurstCompilerOptions.cs
 0.1 kb	 0.0% Packages/com.endel.nativewebsocket/WebSocket/WebSocket.cs
 0.1 kb	 0.0% Assets/Scripts/UI/Lobby/LobbyScreen.cs
 0.1 kb	 0.0% Assets/Scripts/GameState/GameManager.cs
 0.1 kb	 0.0% Packages/com.unity.ugui/Runtime/TMP/TextMeshProUGUI.cs
 0.1 kb	 0.0% Packages/com.unity.ugui/Runtime/TMP/TextContainer.cs
 0.1 kb	 0.0% Packages/com.unity.ugui/Runtime/TMP/TMP_TextElement.cs
 0.1 kb	 0.0% Packages/com.unity.ugui/Runtime/TMP/TMP_SubMeshUI.cs
 0.1 kb	 0.0% Packages/com.unity.ugui/Runtime/TMP/TMP_StyleSheet.cs
 0.1 kb	 0.0% Packages/com.unity.ugui/Runtime/TMP/TMP_SpriteGlyph.cs
 0.1 kb	 0.0% Packages/com.unity.ugui/Runtime/TMP/TMP_SpriteAsset.cs
 0.1 kb	 0.0% Packages/com.unity.ugui/Runtime/TMP/TMP_InputField.cs
 0.1 kb	 0.0% Packages/com.unity.ugui/Runtime/TMP/TMP_FontAsset.cs
 0.1 kb	 0.0% Packages/com.unity.ugui/Runtime/TMP/TMP_CoroutineTween.cs
 0.1 kb	 0.0% Packages/com.unity.ugui/Runtime/TMP/TMP_Character.cs
 0.1 kb	 0.0% Packages/com.unity.render-pipelines.universal/Shaders/Shaders.cs
 0.1 kb	 0.0% Packages/com.unity.collections/Unity.Collections/xxHash3.AVX2.cs
 0.1 kb	 0.0% Packages/com.unity.burst/Runtime/Intrinsics/Arm/NEON_AArch64_rdma.cs
 0.1 kb	 0.0% Packages/com.unity.burst/Runtime/Intrinsics/Arm/NEON_AArch64_dotprod.cs
 0.1 kb	 0.0% Packages/com.unity.burst/Runtime/Intrinsics/Arm/NEON_AArch64_crypto.cs
 0.1 kb	 0.0% Assets/Scripts/UI/UiFactory.cs
 0.1 kb	 0.0% Assets/Scripts/Networking/WsClient.cs
 0.1 kb	 0.0% Packages/com.unity.ugui/Runtime/UGUI/UI/Core/Utility/VertexHelper.cs
 0.1 kb	 0.0% Packages/com.unity.ugui/Runtime/UGUI/UI/Core/ToggleGroup.cs
 0.1 kb	 0.0% Packages/com.unity.ugui/Runtime/UGUI/UI/Core/SpriteState.cs
 0.1 kb	 0.0% Packages/com.unity.ugui/Runtime/UGUI/UI/Core/Selectable.cs
 0.1 kb	 0.0% Packages/com.unity.ugui/Runtime/UGUI/UI/Core/Scrollbar.cs
 0.1 kb	 0.0% Packages/com.unity.ugui/Runtime/UGUI/UI/Core/ScrollRect.cs
 0.1 kb	 0.0% Packages/com.unity.ugui/Runtime/UGUI/UI/Core/RectMask2D.cs
 0.1 kb	 0.0% Packages/com.unity.ugui/Runtime/UGUI/UI/Core/Navigation.cs
 0.1 kb	 0.0% Packages/com.unity.ugui/Runtime/UGUI/UI/Core/Layout/LayoutGroup.cs
 0.1 kb	 0.0% Packages/com.unity.ugui/Runtime/UGUI/UI/Core/Layout/CanvasScaler.cs
 0.1 kb	 0.0% Packages/com.unity.ugui/Runtime/UGUI/UI/Core/InputField.cs
 0.1 kb	 0.0% Packages/com.unity.ugui/Runtime/UGUI/UI/Core/IMaskable.cs
 0.1 kb	 0.0% Packages/com.unity.ugui/Runtime/UGUI/UI/Core/ColorBlock.cs
 0.1 kb	 0.0% Packages/com.unity.collections/Unity.Collections/xxHash3.cs
 0.1 kb	 0.0% Packages/com.unity.collections/Unity.Collections/Unicode.cs
 0.1 kb	 0.0% Packages/com.unity.collections/Unity.Collections/Memory.cs
 0.1 kb	 0.0% Packages/com.unity.collections/Unity.Collections/Jobs/IJobFilter.cs
 0.1 kb	 0.0% Packages/com.unity.collections/Unity.Collections/BitField.cs
 0.1 kb	 0.0% Packages/com.unity.burst/Runtime/NoAliasAttribute.cs
 0.1 kb	 0.0% Packages/com.unity.burst/Runtime/FunctionPointer.cs
 0.1 kb	 0.0% Packages/com.unity.burst/Runtime/Editor/BurstLoader.cs
 0.1 kb	 0.0% Packages/com.unity.burst/Runtime/CompilerServices/Constant.cs
 0.1 kb	 0.0% Packages/com.unity.burst/Runtime/CompilerServices/Aliasing.cs
 0.1 kb	 0.0% Packages/com.unity.burst/Runtime/BurstString.Float.cs
 0.1 kb	 0.0% Packages/com.unity.burst/Runtime/BurstCompiler.cs
 0.1 kb	 0.0% Assets/Scripts/Bootstrap/AppRoot.cs
 0.1 kb	 0.0% Packages/com.unity.ugui/Runtime/UGUI/UI/Core/Culling/IClipRegion.cs
 0.1 kb	 0.0% Packages/com.unity.ugui/Runtime/TMP/TextMeshPro.cs
 0.1 kb	 0.0% Packages/com.unity.ugui/Runtime/TMP/TMP_TextInfo.cs
 0.1 kb	 0.0% Packages/com.unity.ugui/Runtime/TMP/TMP_SubMesh.cs
 0.1 kb	 0.0% Packages/com.unity.ugui/Runtime/TMP/TMP_Style.cs
 0.1 kb	 0.0% Packages/com.unity.ugui/Runtime/TMP/TMP_Sprite.cs
 0.1 kb	 0.0% Packages/com.unity.ugui/Runtime/TMP/TMP_Settings.cs
 0.1 kb	 0.0% Packages/com.unity.ugui/Runtime/TMP/TMP_MeshInfo.cs
 0.1 kb	 0.0% Packages/com.unity.ugui/Runtime/TMP/TMP_LineInfo.cs
 0.1 kb	 0.0% Packages/com.unity.ugui/Runtime/TMP/TMP_Dropdown.cs
 0.1 kb	 0.0% Packages/com.unity.ugui/Runtime/TMP/TMP_Asset.cs
 0.1 kb	 0.0% Packages/com.unity.ugui/Runtime/TMP/FastAction.cs
 0.1 kb	 0.0% Packages/com.unity.burst/Runtime/Intrinsics/Common.cs
 0.1 kb	 0.0% Packages/com.unity.burst/Runtime/Intrinsics/Arm/NEON_ctor.cs
 0.1 kb	 0.0% Packages/com.unity.burst/Runtime/Intrinsics/Arm/NEON_AArch64.cs
 0.1 kb	 0.0% Assets/Scripts/Bootstrap/BootController.cs
 0.1 kb	 0.0% Packages/com.unity.ugui/Runtime/UGUI/UI/Core/VertexModifiers/Shadow.cs
 0.1 kb	 0.0% Packages/com.unity.ugui/Runtime/UGUI/UI/Core/VertexModifiers/Outline.cs
 0.1 kb	 0.0% Packages/com.unity.ugui/Runtime/UGUI/UI/Core/Toggle.cs
 0.1 kb	 0.0% Packages/com.unity.ugui/Runtime/UGUI/UI/Core/Slider.cs
 0.1 kb	 0.0% Packages/com.unity.ugui/Runtime/UGUI/UI/Core/RawImage.cs
 0.1 kb	 0.0% Packages/com.unity.ugui/Runtime/UGUI/UI/Core/Image.cs
 0.1 kb	 0.0% Packages/com.unity.ugui/Runtime/UGUI/UI/Core/IMask.cs
 0.1 kb	 0.0% Packages/com.unity.ugui/Runtime/UGUI/UI/Core/Graphic.cs
 0.1 kb	 0.0% Packages/com.unity.ugui/Runtime/UGUI/UI/Core/FontData.cs
 0.1 kb	 0.0% Packages/com.unity.ugui/Runtime/UGUI/UI/Core/Dropdown.cs
 0.1 kb	 0.0% Packages/com.unity.ugui/Runtime/UGUI/UI/Core/Culling/Clipping.cs
 0.1 kb	 0.0% Packages/com.unity.ugui/Runtime/UGUI/UI/Core/Button.cs
 0.1 kb	 0.0% Packages/com.unity.burst/Runtime/SharedStatic.cs
 0.1 kb	 0.0% Packages/com.unity.burst/Runtime/Intrinsics/x86/Ssse3.cs
 0.1 kb	 0.0% Packages/com.unity.burst/Runtime/Intrinsics/x86/Sse4_2.cs
 0.1 kb	 0.0% Packages/com.unity.burst/Runtime/Intrinsics/x86/Sse4_1.cs
 0.1 kb	 0.0% Packages/com.unity.burst/Runtime/Intrinsics/x86/Popcnt.cs
 0.1 kb	 0.0% Packages/com.unity.burst/Runtime/Intrinsics/x86/Common.cs
 0.1 kb	 0.0% Packages/com.unity.burst/Runtime/CompilerServices/Hint.cs
 0.1 kb	 0.0% Packages/com.unity.burst/Runtime/BurstString.cs
 0.1 kb	 0.0% Packages/com.unity.burst/Runtime/BurstRuntime.cs
 0.1 kb	 0.0% Packages/com.unity.ugui/Runtime/TMP/TMP_Text.cs
 0.1 kb	 0.0% Packages/com.unity.burst/Runtime/Intrinsics/x86/Sse3.cs
 0.1 kb	 0.0% Packages/com.unity.burst/Runtime/Intrinsics/x86/Sse2.cs
 0.1 kb	 0.0% Packages/com.unity.burst/Runtime/Intrinsics/x86/Sse.cs
 0.1 kb	 0.0% Packages/com.unity.burst/Runtime/Intrinsics/x86/Fma.cs
 0.1 kb	 0.0% Packages/com.unity.burst/Runtime/Intrinsics/x86/F16C.cs
 0.1 kb	 0.0% Packages/com.unity.burst/Runtime/Intrinsics/x86/Csr.cs
 0.1 kb	 0.0% Packages/com.unity.burst/Runtime/Intrinsics/x86/Bmi2.cs
 0.1 kb	 0.0% Packages/com.unity.burst/Runtime/Intrinsics/x86/Bmi1.cs
 0.1 kb	 0.0% Packages/com.unity.burst/Runtime/Intrinsics/x86/Avx2.cs
 0.1 kb	 0.0% Packages/com.unity.burst/Runtime/Intrinsics/x86/Avx.cs
 0.1 kb	 0.0% Packages/com.unity.burst/Runtime/Intrinsics/v64.cs
 0.1 kb	 0.0% Packages/com.unity.burst/Runtime/Intrinsics/v256.cs
 0.1 kb	 0.0% Packages/com.unity.burst/Runtime/Intrinsics/v128.cs
 0.1 kb	 0.0% Packages/com.unity.burst/Runtime/Intrinsics/Arm/NEON.cs
 0.1 kb	 0.0% Packages/com.unity.ugui/Runtime/UGUI/UI/Core/Text.cs
 0.1 kb	 0.0% Packages/com.unity.ugui/Runtime/UGUI/UI/Core/Misc.cs
 0.1 kb	 0.0% Packages/com.unity.ugui/Runtime/UGUI/UI/Core/Mask.cs
 0.1 kb	 0.0% Assets/Resources/PerformanceTestRunSettings.json
-------------------------------------------------------------------------------
Unloading 0 Unused Serialized files (Serialized files now loaded: 0)
Unloading 1210 unused Assets / (0.7 MB). Loaded Objects now: 4465.
Memory consumption went from 380.6 MB to 379.9 MB.
Total: 17.320000 ms (FindLiveObjects: 0.558900 ms CreateObjectMapping: 1.171800 ms MarkObjects: 13.920600 ms  DeleteObjects: 1.667000 ms)

DisplayProgressNotification: Build Successful
Build Finished, Result: Success.
##utp:{"success":true,"type":"PlayerBuildInfo","version":2,"phase":"Immediate","time":1786809588069,"processId":19840,"steps":[{"description":"Preprocess Player","duration":659},{"description":"Prepare For Build","duration":54},{"description":"ProducePlayerScriptAssemblies","duration":10233},{"description":"Verify Build setup","duration":152},{"description":"Prepare assets for target platform","duration":2},{"description":"Prepare splash screen","duration":1},{"description":"Build scripts DLLs","duration":23},{"description":"Building scenes","duration":2126},{"description":"Build GlobalGameManagers file","duration":182},{"description":"Writing asset files","duration":755},{"description":"Building Resources/unity_builtin_extra","duration":267},{"description":"Write data build dirty tracking information","duration":101},{"description":"Postprocess built player","duration":8804}],"duration":23359}
Unloading 0 Unused Serialized files (Serialized files now loaded: 0)
Loaded scene 'Temp/__Backupscenes/0.backup'
	Deserialize:            0.738 ms
	Integration:            331.627 ms
	Integration of assets:  0.002 ms
	Thread Wait Time:       0.057 ms
	Total Operation Time:   332.424 ms
Unloading 0 unused Assets / (0 B). Loaded Objects now: 4457.
Memory consumption went from 378.0 MB to 378.0 MB.
Total: 15.290200 ms (FindLiveObjects: 0.446900 ms CreateObjectMapping: 0.709700 ms MarkObjects: 14.117500 ms  DeleteObjects: 0.014700 ms)

Batchmode quit successfully invoked - shutting down!
Killing ADB server in 2.1594365 seconds.
[Physics::Module] Cleanup current backend.
[Physics::Module] Id: 0xf2b8ea05
Input System module state changed to: ShutdownInProgress.
Input Polling Thread exited.
Input System module state changed to: Shutdown.
[Licensing::IpcConnector] LicenseClient-engmh-6000.5.7-notifications channel disconnected successfully.
[Licensing::IpcConnector] LicenseClient-engmh-6000.5.7 channel disconnected successfully.
AcceleratorClientConnectionCallback - disconnected - :0
Cleanup mono
CodeReloadManager destroyed
Exiting batchmode successfully now!
Exiting without the bug reporter. Application will terminate with return code 0