[Licensing::Module] Trying to connect to existing licensing client channel...
Built from '6000.5/staging' branch; Version is '6000.5.7f1 (017862109af0) revision 96354'; Using compiler version '194234433'; Build Type 'Release'
[Licensing::IpcConnector] Successfully connected to: "LicenseClient-engmh" at "2026-08-17T00:31:09.1854719Z"
OS: 'Windows 11  (10.0.26200) Professional' Language: 'en' Physical Memory: 32368 MB
BatchMode: 1, IsHumanControllingUs: 0, StartBugReporterOnCrash: 0, Is64bit: 1
System  architecture: x64
Process architecture: x64
Date: 2026-08-17T00:31:09Z

COMMAND LINE ARGUMENTS:
D:\Program Files\Editor\6000.5.7f1\Editor\Unity.exe
-batchmode
-projectPath
D:\game\game-client
-executeMethod
ArenaDemoRunner.Run
-quit
-logFile
D:\game\unity-character-run.log
Successfully changed project path to: D:\game\game-client
D:/game/game-client
[UnityMemory] Configuration Parameters - Can be set up in boot.config
    "memorysetup-temp-allocator-size-gi-baking-worker=262144"
    "memorysetup-temp-allocator-size-gi-baking-worker=262144"
    "memorysetup-temp-allocator-size-gi-baking-worker=262144"
    "memorysetup-temp-allocator-size-gi-baking-worker=262144"
    "memorysetup-temp-allocator-size-gi-baking-worker=262144"
    "memorysetup-temp-allocator-size-nav-mesh-worker=65536"
    "memorysetup-temp-allocator-size-audio-worker=65536"
    "memorysetup-temp-allocator-size-cloud-worker=32768"
    "memorysetup-temp-allocator-size-gfx=262144"
    "memorysetup-temp-allocator-size-preload-manager=33554432"
    "memorysetup-allocator-temp-initial-block-size-main=262144"
    "memorysetup-allocator-temp-initial-block-size-worker=262144"
    "memorysetup-temp-allocator-size-job-worker=262144"
    "memorysetup-temp-allocator-size-background-worker=32768"
    "memorysetup-bucket-allocator-granularity=16"
    "memorysetup-bucket-allocator-bucket-count=8"
    "memorysetup-bucket-allocator-block-size=33554432"
    "memorysetup-bucket-allocator-block-count=8"
    "memorysetup-main-allocator-block-size=16777216"
    "memorysetup-thread-allocator-block-size=16777216"
    "memorysetup-main-allocator-mimalloc-enabled=0"
    "memorysetup-gfx-main-allocator-block-size=16777216"
    "memorysetup-gfx-thread-allocator-block-size=16777216"
    "memorysetup-cache-allocator-block-size=4194304"
    "memorysetup-typetree-allocator-block-size=2097152"
    "memorysetup-profiler-bucket-allocator-granularity=16"
    "memorysetup-profiler-bucket-allocator-bucket-count=8"
    "memorysetup-profiler-bucket-allocator-block-size=33554432"
    "memorysetup-profiler-bucket-allocator-block-count=8"
    "memorysetup-profiler-allocator-block-size=16777216"
    "memorysetup-profiler-editor-allocator-block-size=1048576"
    "memorysetup-temp-allocator-size-main=16777216"
    "memorysetup-job-temp-allocator-block-size=2097152"
    "memorysetup-job-temp-allocator-block-size-background=1048576"
    "memorysetup-job-temp-allocator-reduction-small-platforms=262144"
Logging is directed to a specific file, skipping project log.Player connection [28704]  Target information:

Player connection [28704]  * "[IP] 10.0.0.111 [Port] 55504 [Flags] 2 [Guid] 3453752354 [EditorId] 3453752354 [Version] 1048832 [Id] WindowsEditor(7,DESKTOP-VJHN5MG) [Debug] 1 [PackageName] WindowsEditor [ProjectName] Editor" 

Player connection [28704] Host joined multi-casting on [225.0.0.222:54997]...
Player connection [28704] Host joined alternative multi-casting on [225.0.0.222:34997]...
Input System module state changed to: Initialized.
[Physics::Module] Initialized fallback backend.
[Physics::Module] Id: 0xdecafbad
[Package Manager] Connected to IPC stream "Upm-22160" after 0.8 seconds.
[Licensing::Module] Licensing is not yet initialized.
[Licensing::Client] Error: HandshakeResponse reported an error:
	ResponseCode: 505
	ResponseStatus: Unsupported protocol version '1.18.1'.
[Licensing::Module] Error: Failed to handshake to channel: "LicenseClient-engmh"
[Licensing::IpcConnector] LicenseClient-engmh channel disconnected successfully.
[Licensing::IpcConnector] Channel LicenseClient-engmh-6000.5.7 doesn't exist
[Licensing::Module] Successfully launched the LicensingClient (PId: 18640)
[Licensing::IpcConnector] Successfully connected to: "LicenseClient-engmh-6000.5.7" at "2026-08-17T00:31:12.6329541Z"
[Licensing::Client] Code 10 while verifying Licensing Client signature (process Id: 18640, path: "D:/Program Files/Editor/6000.5.7f1/Editor/Data/Resources/Licensing/Client/Unity.Licensing.Client.exe")
[Licensing::Module] LicensingClient has failed validation; ignoring
[Licensing::Client] Handshaking with LicensingClient:
  Version:                 1.18.1+9fbee8e
  Session Id:              c9bc9c39d2f6468db7178583e0ef6146
  Correlation Id:          43b03313dba842851648683b3087a5cf
  External correlation Id: 8602445477393414154
  Machine Id:              BvCvD9V+nLWzZG/D2RgCqRIYhiE=
[Licensing::Module] Successfully connected to LicensingClient on channel: "LicenseClient-engmh-6000.5.7" (connect: 0.57s, validation: 0.28s, handshake: 0.01s)
[Licensing::IpcConnector] Successfully connected to: "LicenseClient-engmh-6000.5.7-notifications" at "2026-08-17T00:31:12.9283667Z"
[Licensing::Module] Connected to LicensingClient (PId: 18640, launch time: 0.01, total connection time: 0.86s)
[Licensing::Module] Error: Access token is unavailable; failed to update
[Licensing::Client] Successfully resolved entitlement details
[Licensing::Module] License group:
  Id: 3574445819494-UnityPersXXXX
  Product: Unity Personal
  Type: Assigned
  Expiration: Unlimited
[Licensing::Client] Successfully updated license, isAsync: True, time: 0.02
[Licensing::Client] Successfully resolved entitlement details
[Licensing::Module] Licensing Background thread has ended after 3.85s
[Licensing::Module] Licensing is initialized (took 2.61s).
[Licensing::Client] Successfully resolved entitlement details
Library Redirect Path: Library/
[Physics::Module] Selected backend.
[Physics::Module] Name: PhysX
[Physics::Module] Id: 0xf2b8ea05
[Physics::Module] SDK Version: 4.1.2
[Physics::Module] Integration Version: 1.0.0
[Physics::Module] Threading Mode: Multi-Threaded
Initialize engine version: 6000.5.7f1 (017862109af0)
[Subsystems] Discovering subsystems at path D:/Program Files/Editor/6000.5.7f1/Editor/Data/Resources/UnitySubsystems
[Subsystems] Discovering subsystems at path D:/game/game-client/Assets
GfxDevice: creating device client; kGfxThreadingModeNonThreaded
d3d12: failed to query info queue interface (0x80004002).
Direct3D:
    Version:         Direct3D 12 [level 12.1]
    Renderer:        Intel(R) UHD Graphics (ID=0x9bca)
    Vendor:          Intel
    VRAM:            16184 MB
    App VRAM Budget: 15416 MB
    Driver:          31.0.101.2135
    Unified Memory Architecture
    Cache Coherent UMA
Initialize mono
Mono path[0] = 'D:/Program Files/Editor/6000.5.7f1/Editor/Data/Managed'
Mono path[1] = 'D:/Program Files/Editor/6000.5.7f1/Editor/Data/BCLExtensions/runtime/netstandard2.1'
Mono path[2] = 'D:/Program Files/Editor/6000.5.7f1/Editor/Data/MonoBleedingEdge/lib/mono/unityjit-win32'
Mono config path = 'D:/Program Files/Editor/6000.5.7f1/Editor/Data/MonoBleedingEdge/etc'
Using monoOptions --debugger-agent=transport=dt_socket,embedding=1,server=y,suspend=n,address=127.0.0.1:56160
CodeReloadManager initialized
ImportWorker Server TCP listen port: 0
AcceleratorClientConnectionCallback - disconnected - :0
Begin MonoManager ReloadAssembly
Registering precompiled unity dll's ...
Register platform support module: D:/Program Files/Editor/6000.5.7f1/Editor/Data/PlaybackEngines/WebGLSupport/UnityEditor.WebGL.Extensions.dll
Register platform support module: D:/Program Files/Editor/6000.5.7f1/Editor/Data/PlaybackEngines/WindowsStandaloneSupport/UnityEditor.WindowsStandalone.Extensions.dll
[Licensing::Client] Successfully resolved entitlement details
Register platform support module: D:/Program Files/Editor/6000.5.7f1/Editor/Data/PlaybackEngines/MetroSupport/UnityEditor.UWP.Extensions.dll
[Licensing::Client] Successfully resolved entitlement details
Register platform support module: D:/Program Files/Editor/6000.5.7f1/Editor/Data/PlaybackEngines/AndroidPlayer/UnityEditor.Android.Extensions.dll
Registered in 0.012073 seconds.
Native extension for Android target not found
Native extension for UWP target not found
Native extension for WindowsStandalone target not found
Native extension for WebGL target not found
Package Manager log level set to [2]
ScheduleIndexationOnStartup MainProcess:False IndexOnStartup:True
Mono: successfully reloaded assembly
- Finished resetting the current domain, in  0.877 seconds
Domain Reload Profiling: 1964ms
	BeginReloadAssembly (271ms)
		CreateAndSetChildDomain (7ms)
	RebuildCommonClasses (11ms)
	RebuildNativeTypeToScriptingClass (40ms)
	initialDomainReloadingComplete (144ms)
	LoadAllAssembliesAndSetupDomain (614ms)
		LoadAssemblies (264ms)
		AnalyzeDomain (459ms)
			TypeCache.Refresh (457ms)
				TypeCache.ScanAssembly (428ms)
	FinalizeReload (884ms)
		SetupLoadedEditorAssemblies (0ms)
			InitializePlatformSupportModulesInManaged (98ms)
			BeforeProcessingInitializeOnLoad (205ms)
			ProcessInitializeOnLoadAttributes (194ms)
			ProcessInitializeOnLoadMethodAttributes (219ms)
[Licensing::Client] Successfully resolved entitlement details
Application.AssetDatabase Initial Refresh Start
[Package Manager] Restoring resolved packages state from cache
[Licensing::Client] Successfully resolved entitlement details
[Package Manager] Registered 54 packages:
  Packages from [https://packages.unity.com]:
    com.unity.nuget.newtonsoft-json@3.2.1 (location: D:\game\game-client\Library\PackageCache\com.unity.nuget.newtonsoft-json@74deb55db2a0)
    com.unity.postprocessing@3.5.4 (location: D:\game\game-client\Library\PackageCache\com.unity.postprocessing@141166b789e3)
    com.unity.searcher@4.9.4 (location: D:\game\game-client\Library\PackageCache\com.unity.searcher@d45a78918735)
    com.unity.burst@1.8.30 (location: D:\game\game-client\Library\PackageCache\com.unity.burst@2f3d916873ea)
    com.unity.nuget.mono-cecil@1.11.6 (location: D:\game\game-client\Library\PackageCache\com.unity.nuget.mono-cecil@ecb9724e46ff)
    com.unity.test-framework.performance@3.5.0 (location: D:\game\game-client\Library\PackageCache\com.unity.test-framework.performance@8b56083ec0f0)
  Built-in packages:
    com.unity.multiplayer.center@1.0.1 (location: D:\game\game-client\Library\PackageCache\com.unity.multiplayer.center@b860850997d0)
    com.unity.render-pipelines.universal@17.5.0 (location: D:\game\game-client\Library\PackageCache\com.unity.render-pipelines.universal@73b4c4ff130e)
    com.unity.test-framework@1.7.0 (location: D:\game\game-client\Library\PackageCache\com.unity.test-framework@1405238725ab)
    com.unity.textmeshpro@5.0.0 (location: D:\game\game-client\Library\PackageCache\com.unity.textmeshpro@53f43edfd2e0)
    com.unity.modules.accessibility@1.0.0 (location: D:\game\game-client\Library\PackageCache\com.unity.modules.accessibility)
    com.unity.modules.adaptiveperformance@1.0.0 (location: D:\game\game-client\Library\PackageCache\com.unity.modules.adaptiveperformance)
    com.unity.modules.ai@1.0.0 (location: D:\game\game-client\Library\PackageCache\com.unity.modules.ai)
    com.unity.modules.androidjni@1.0.0 (location: D:\game\game-client\Library\PackageCache\com.unity.modules.androidjni)
    com.unity.modules.animation@1.0.0 (location: D:\game\game-client\Library\PackageCache\com.unity.modules.animation)
    com.unity.modules.assetbundle@1.0.0 (location: D:\game\game-client\Library\PackageCache\com.unity.modules.assetbundle)
    com.unity.modules.audio@1.0.0 (location: D:\game\game-client\Library\PackageCache\com.unity.modules.audio)
    com.unity.modules.cloth@1.0.0 (location: D:\game\game-client\Library\PackageCache\com.unity.modules.cloth)
    com.unity.modules.director@1.0.0 (location: D:\game\game-client\Library\PackageCache\com.unity.modules.director)
    com.unity.modules.imageconversion@1.0.0 (location: D:\game\game-client\Library\PackageCache\com.unity.modules.imageconversion)
    com.unity.modules.imgui@1.0.0 (location: D:\game\game-client\Library\PackageCache\com.unity.modules.imgui)
    com.unity.modules.jsonserialize@1.0.0 (location: D:\game\game-client\Library\PackageCache\com.unity.modules.jsonserialize)
    com.unity.modules.particlesystem@1.0.0 (location: D:\game\game-client\Library\PackageCache\com.unity.modules.particlesystem)
    com.unity.modules.physics@1.0.0 (location: D:\game\game-client\Library\PackageCache\com.unity.modules.physics)
    com.unity.modules.physics2d@1.0.0 (location: D:\game\game-client\Library\PackageCache\com.unity.modules.physics2d)
    com.unity.modules.physicscore2d@1.0.0 (location: D:\game\game-client\Library\PackageCache\com.unity.modules.physicscore2d)
    com.unity.modules.screencapture@1.0.0 (location: D:\game\game-client\Library\PackageCache\com.unity.modules.screencapture)
    com.unity.modules.terrain@1.0.0 (location: D:\game\game-client\Library\PackageCache\com.unity.modules.terrain)
    com.unity.modules.terrainphysics@1.0.0 (location: D:\game\game-client\Library\PackageCache\com.unity.modules.terrainphysics)
    com.unity.modules.tilemap@1.0.0 (location: D:\game\game-client\Library\PackageCache\com.unity.modules.tilemap)
    com.unity.modules.ui@1.0.0 (location: D:\game\game-client\Library\PackageCache\com.unity.modules.ui)
    com.unity.modules.uielements@1.0.0 (location: D:\game\game-client\Library\PackageCache\com.unity.modules.uielements)
    com.unity.modules.umbra@1.0.0 (location: D:\game\game-client\Library\PackageCache\com.unity.modules.umbra)
    com.unity.modules.unityanalytics@1.0.0 (location: D:\game\game-client\Library\PackageCache\com.unity.modules.unityanalytics)
    com.unity.modules.unitywebrequest@1.0.0 (location: D:\game\game-client\Library\PackageCache\com.unity.modules.unitywebrequest)
    com.unity.modules.unitywebrequestassetbundle@1.0.0 (location: D:\game\game-client\Library\PackageCache\com.unity.modules.unitywebrequestassetbundle)
    com.unity.modules.unitywebrequestaudio@1.0.0 (location: D:\game\game-client\Library\PackageCache\com.unity.modules.unitywebrequestaudio)
    com.unity.modules.unitywebrequesttexture@1.0.0 (location: D:\game\game-client\Library\PackageCache\com.unity.modules.unitywebrequesttexture)
    com.unity.modules.unitywebrequestwww@1.0.0 (location: D:\game\game-client\Library\PackageCache\com.unity.modules.unitywebrequestwww)
    com.unity.modules.vectorgraphics@1.0.0 (location: D:\game\game-client\Library\PackageCache\com.unity.modules.vectorgraphics)
    com.unity.modules.vehicles@1.0.0 (location: D:\game\game-client\Library\PackageCache\com.unity.modules.vehicles)
    com.unity.modules.video@1.0.0 (location: D:\game\game-client\Library\PackageCache\com.unity.modules.video)
    com.unity.modules.wind@1.0.0 (location: D:\game\game-client\Library\PackageCache\com.unity.modules.wind)
    com.unity.modules.xr@1.0.0 (location: D:\game\game-client\Library\PackageCache\com.unity.modules.xr)
    com.unity.modules.subsystems@1.0.0 (location: D:\game\game-client\Library\PackageCache\com.unity.modules.subsystems)
    com.unity.modules.hierarchycore@1.0.0 (location: D:\game\game-client\Library\PackageCache\com.unity.modules.hierarchycore)
    com.unity.ugui@2.5.0 (location: D:\game\game-client\Library\PackageCache\com.unity.ugui@67707a67a4ab)
    com.unity.ext.nunit@2.1.0 (location: D:\game\game-client\Library\PackageCache\com.unity.ext.nunit@44f7d31723bd)
    com.unity.render-pipelines.core@17.5.0 (location: D:\game\game-client\Library\PackageCache\com.unity.render-pipelines.core@645717f21c5f)
    com.unity.shadergraph@17.5.0 (location: D:\game\game-client\Library\PackageCache\com.unity.shadergraph@8d7376ec43ee)
    com.unity.render-pipelines.universal-config@17.5.0 (location: D:\game\game-client\Library\PackageCache\com.unity.render-pipelines.universal-config@fdda01c80fe3)
    com.unity.collections@6.5.0 (location: D:\game\game-client\Library\PackageCache\com.unity.collections@ec2c217e4cb2)
    com.unity.mathematics@1.4.0 (location: D:\game\game-client\Library\PackageCache\com.unity.mathematics@981956d94fb6)
  Git packages:
    com.endel.nativewebsocket@https://github.com/endel/NativeWebSocket.git#upm (location: D:\game\game-client\Library\PackageCache\com.endel.nativewebsocket@ea014c9ae534)
[Package Manager] com.unity.textmeshpro is deprecated: This package is no longer supported. TextMeshPro functionalities are now included in the com.unity.ugui package. To continue using them, consider adding it to your project dependencies.
[Subsystems] No new subsystems found in resolved package list.
[Package Manager] Done registering packages in 0.04 seconds
[ScriptCompilation] Requested script compilation because: AssetDatabase observed changes in script compilation related files
Starting: D:\Program Files\Editor\6000.5.7f1\Editor\Data\Tools\BuildPipeline\bee_backend.exe --ipc --defer-dag-verification --dagfile="Library/Bee/2000b0aE.dag" --continue-on-failure --profile="Library/Bee/backend1.traceevents" ScriptAssemblies
WorkingDir: D:/game/game-client
DisplayProgressbar: Compiling Scripts
ExitCode: 0 Duration: 7s390ms
[573/721    0s] ILPP-Configuration Library/ilpp-configuration.nevergeneratedoutput
[709/721    4s] Csc Library/Bee/artifacts/2000b0aE.dag/QuizBattle.Runtime.dll (+2 others)
Assets\Scripts\UI\UiFactory.cs(33,17): warning CS0618: 'Object.FindFirstObjectByType<T>()' is obsolete: 'FindFirstObjectByType has been deprecated because it relies on instance ID ordering. Use FindAnyObjectByType instead, which does not depend on ordering.'

Assets\Scripts\UI\UiFactory.cs(61,13): warning CS0618: 'TMP_Text.enableWordWrapping' is obsolete: 'The enabledWordWrapping property is now obsolete. Please use the textWrappingMode property instead.'

Assets\Scripts\Arena\ArenaEnvironment.cs(81,76): warning CS0618: 'FindObjectsSortMode' is obsolete: 'FindObjectsSortMode has been deprecated. Use the FindObjectsByType overloads that do not take a FindObjectsSortMode parameter.'

Assets\Scripts\Arena\ArenaEnvironment.cs(81,35): warning CS0618: 'Object.FindObjectsByType<T>(FindObjectsSortMode)' is obsolete: 'FindObjectsByType with FindObjectsSortMode parameter has been deprecated. Use FindObjectsByType<T>() or FindObjectsByType<T>(FindObjectsInactive) instead. InstanceID will be replaced in the future with EntityId and previous sort order cannot be maintained.'

Assets\Scripts\Arena\CharacterToken.cs(108,13): warning CS0618: 'TMP_Text.enableWordWrapping' is obsolete: 'The enabledWordWrapping property is now obsolete. Please use the textWrappingMode property instead.'

Assets\Scripts\Arena\ArenaEnvironment.cs(112,67): warning CS0618: 'FindObjectsSortMode' is obsolete: 'FindObjectsSortMode has been deprecated. Use the FindObjectsByType overloads that do not take a FindObjectsSortMode parameter.'

Assets\Scripts\Arena\ArenaEnvironment.cs(112,35): warning CS0618: 'Object.FindObjectsByType<T>(FindObjectsSortMode)' is obsolete: 'FindObjectsByType with FindObjectsSortMode parameter has been deprecated. Use FindObjectsByType<T>() or FindObjectsByType<T>(FindObjectsInactive) instead. InstanceID will be replaced in the future with EntityId and previous sort order cannot be maintained.'

Assets\Scripts\Arena\ArenaEnvironment.cs(158,28): warning CS0618: 'Object.FindFirstObjectByType<T>()' is obsolete: 'FindFirstObjectByType has been deprecated because it relies on instance ID ordering. Use FindAnyObjectByType instead, which does not depend on ordering.'
[710/721    0s] ILPostProcess Library/Bee/artifacts/2000b0aE.dag/post-processed/QuizBattle.Runtime.dll (+pdb)
Processing assembly Library/Bee/artifacts/2000b0aE.dag/QuizBattle.Runtime.dll, with 117 defines and 290 references

processors: Unity.Jobs.CodeGen.JobsILPostProcessor, zzzUnity.Burst.CodeGen.BurstILPostProcessor

running Unity.Jobs.CodeGen.JobsILPostProcessor

running zzzUnity.Burst.CodeGen.BurstILPostProcessor
[711/721    0s] CopyFiles Library/ScriptAssemblies/QuizBattle.Runtime.pdb
[712/721    0s] Csc Library/Bee/artifacts/2000b0aE.dag/QuizBattle.Tests.EditMode.dll (+2 others)
[713/721    0s] ILPostProcess Library/Bee/artifacts/2000b0aE.dag/post-processed/QuizBattle.Tests.EditMode.dll (+pdb)
Processing assembly Library/Bee/artifacts/2000b0aE.dag/QuizBattle.Tests.EditMode.dll, with 115 defines and 297 references

processors: Unity.Jobs.CodeGen.JobsILPostProcessor, zzzUnity.Burst.CodeGen.BurstILPostProcessor

running Unity.Jobs.CodeGen.JobsILPostProcessor

running zzzUnity.Burst.CodeGen.BurstILPostProcessor
[714/721    0s] CopyFiles Library/ScriptAssemblies/QuizBattle.Tests.EditMode.pdb
[715/721    0s] CopyFiles Library/ScriptAssemblies/QuizBattle.Tests.EditMode.dll
[716/721    0s] CopyFiles Library/ScriptAssemblies/QuizBattle.Runtime.dll
[717/721    0s] Csc Library/Bee/artifacts/2000b0aE.dag/Assembly-CSharp-Editor.dll (+2 others)
Assets\Editor\ArenaDemoRunner.cs(111,72): warning CS0618: 'FindObjectsSortMode' is obsolete: 'FindObjectsSortMode has been deprecated. Use the FindObjectsByType overloads that do not take a FindObjectsSortMode parameter.'

Assets\Editor\ArenaDemoRunner.cs(111,31): warning CS0618: 'Object.FindObjectsByType<T>(FindObjectsSortMode)' is obsolete: 'FindObjectsByType with FindObjectsSortMode parameter has been deprecated. Use FindObjectsByType<T>() or FindObjectsByType<T>(FindObjectsInactive) instead. InstanceID will be replaced in the future with EntityId and previous sort order cannot be maintained.'

Assets\Editor\NetworkedMatchDemoRunner.cs(203,84): warning CS0618: 'FindObjectsSortMode' is obsolete: 'FindObjectsSortMode has been deprecated. Use the FindObjectsByType overloads that do not take a FindObjectsSortMode parameter.'

Assets\Editor\NetworkedMatchDemoRunner.cs(203,31): warning CS0618: 'Object.FindObjectsByType<T>(FindObjectsSortMode)' is obsolete: 'FindObjectsByType with FindObjectsSortMode parameter has been deprecated. Use FindObjectsByType<T>() or FindObjectsByType<T>(FindObjectsInactive) instead. InstanceID will be replaced in the future with EntityId and previous sort order cannot be maintained.'
[718/721    0s] ILPostProcess Library/Bee/artifacts/2000b0aE.dag/post-processed/Assembly-CSharp-Editor.dll (+pdb)
Processing assembly Library/Bee/artifacts/2000b0aE.dag/Assembly-CSharp-Editor.dll, with 115 defines and 342 references

processors: Unity.Jobs.CodeGen.JobsILPostProcessor, zzzUnity.Burst.CodeGen.BurstILPostProcessor

running Unity.Jobs.CodeGen.JobsILPostProcessor

running zzzUnity.Burst.CodeGen.BurstILPostProcessor
[719/721    0s] CopyFiles Library/ScriptAssemblies/Assembly-CSharp-Editor.pdb
[720/721    0s] CopyFiles Library/ScriptAssemblies/Assembly-CSharp-Editor.dll
*** Tundra build success (7.32 seconds), 13 items updated, 721 evaluated
Assets\Scripts\UI\UiFactory.cs(33,17): warning CS0618: 'Object.FindFirstObjectByType<T>()' is obsolete: 'FindFirstObjectByType has been deprecated because it relies on instance ID ordering. Use FindAnyObjectByType instead, which does not depend on ordering.'
Assets\Scripts\UI\UiFactory.cs(61,13): warning CS0618: 'TMP_Text.enableWordWrapping' is obsolete: 'The enabledWordWrapping property is now obsolete. Please use the textWrappingMode property instead.'
Assets\Scripts\Arena\ArenaEnvironment.cs(81,76): warning CS0618: 'FindObjectsSortMode' is obsolete: 'FindObjectsSortMode has been deprecated. Use the FindObjectsByType overloads that do not take a FindObjectsSortMode parameter.'
Assets\Scripts\Arena\ArenaEnvironment.cs(81,35): warning CS0618: 'Object.FindObjectsByType<T>(FindObjectsSortMode)' is obsolete: 'FindObjectsByType with FindObjectsSortMode parameter has been deprecated. Use FindObjectsByType<T>() or FindObjectsByType<T>(FindObjectsInactive) instead. InstanceID will be replaced in the future with EntityId and previous sort order cannot be maintained.'
Assets\Scripts\Arena\CharacterToken.cs(108,13): warning CS0618: 'TMP_Text.enableWordWrapping' is obsolete: 'The enabledWordWrapping property is now obsolete. Please use the textWrappingMode property instead.'
Assets\Scripts\Arena\ArenaEnvironment.cs(112,67): warning CS0618: 'FindObjectsSortMode' is obsolete: 'FindObjectsSortMode has been deprecated. Use the FindObjectsByType overloads that do not take a FindObjectsSortMode parameter.'
Assets\Scripts\Arena\ArenaEnvironment.cs(112,35): warning CS0618: 'Object.FindObjectsByType<T>(FindObjectsSortMode)' is obsolete: 'FindObjectsByType with FindObjectsSortMode parameter has been deprecated. Use FindObjectsByType<T>() or FindObjectsByType<T>(FindObjectsInactive) instead. InstanceID will be replaced in the future with EntityId and previous sort order cannot be maintained.'
Assets\Scripts\Arena\ArenaEnvironment.cs(158,28): warning CS0618: 'Object.FindFirstObjectByType<T>()' is obsolete: 'FindFirstObjectByType has been deprecated because it relies on instance ID ordering. Use FindAnyObjectByType instead, which does not depend on ordering.'
Assets\Editor\ArenaDemoRunner.cs(111,72): warning CS0618: 'FindObjectsSortMode' is obsolete: 'FindObjectsSortMode has been deprecated. Use the FindObjectsByType overloads that do not take a FindObjectsSortMode parameter.'
Assets\Editor\ArenaDemoRunner.cs(111,31): warning CS0618: 'Object.FindObjectsByType<T>(FindObjectsSortMode)' is obsolete: 'FindObjectsByType with FindObjectsSortMode parameter has been deprecated. Use FindObjectsByType<T>() or FindObjectsByType<T>(FindObjectsInactive) instead. InstanceID will be replaced in the future with EntityId and previous sort order cannot be maintained.'
Assets\Editor\NetworkedMatchDemoRunner.cs(203,84): warning CS0618: 'FindObjectsSortMode' is obsolete: 'FindObjectsSortMode has been deprecated. Use the FindObjectsByType overloads that do not take a FindObjectsSortMode parameter.'
Assets\Editor\NetworkedMatchDemoRunner.cs(203,31): warning CS0618: 'Object.FindObjectsByType<T>(FindObjectsSortMode)' is obsolete: 'FindObjectsByType with FindObjectsSortMode parameter has been deprecated. Use FindObjectsByType<T>() or FindObjectsByType<T>(FindObjectsInactive) instead. InstanceID will be replaced in the future with EntityId and previous sort order cannot be maintained.'
Total cache size 187449023
Total cache size after purge 187449023, took 00:00:00.2927490
AssetDatabase: script compilation time: 8.937744s
Begin MonoManager ReloadAssembly
Native extension for Android target not found
Native extension for UWP target not found
Native extension for WindowsStandalone target not found
Native extension for WebGL target not found
ScheduleIndexationOnStartup MainProcess:True IndexOnStartup:True
Mono: successfully reloaded assembly
- Finished resetting the current domain, in  5.223 seconds
Domain Reload Profiling: 6616ms
	BeginReloadAssembly (441ms)
		DisableScriptedObjects (58ms)
		CreateAndSetChildDomain (84ms)
	RebuildCommonClasses (17ms)
	RebuildNativeTypeToScriptingClass (34ms)
	initialDomainReloadingComplete (85ms)
	LoadAllAssembliesAndSetupDomain (813ms)
		LoadAssemblies (508ms)
		AnalyzeDomain (291ms)
			TypeCache.Refresh (190ms)
				TypeCache.ScanAssembly (168ms)
			BuildScriptInfoCaches (84ms)
			ResolveRequiredComponents (13ms)
	FinalizeReload (5225ms)
		SetupLoadedEditorAssemblies (0ms)
			InitializePlatformSupportModulesInManaged (30ms)
			BeforeProcessingInitializeOnLoad (231ms)
			ProcessInitializeOnLoadAttributes (3829ms)
			ProcessInitializeOnLoadMethodAttributes (629ms)
			AfterProcessingInitializeOnLoad (5ms)
		AwakeInstancesAfterBackupRestoration (52ms)
Starting new worker id: 0 with log in D:/game/game-client/Logs/AssetImportWorkerHW0.log

Asset Pipeline Refresh (id=e5f1f9ac45fc9964d9f5def7b4bfe015): Total: 17.067 seconds - Initiated by InitialRefreshV2(ForceSynchronousImport)
	(Values over 0.05ms)
	Summary:
		Imports: total=0 (actual=0, local cache=0, cache server=0)
		Asset DB Process Time: managed=0 ms, native=5874 ms
		Asset DB Callback time: managed=671 ms, native=59 ms
		Scripting: domain reloads=1, domain reload time=1454 ms, compile time=8940 ms, other=66 ms
		Project Asset Count: scripts=950, non-scripts=1810
		Asset File Changes: new=0, changed=4, moved=0, deleted=0
		Scan Filter Count: 0
	InvokePackagesCallback: 47.971ms
	ApplyChangesToAssetFolders: 1.109ms
	Scan: 147.461ms
	Collect global state as custom dependencies: 36.844ms
	OnSourceAssetsModified: 1.292ms
	CategorizeScriptCompilationAssets: 37.928ms
	ProcessAssetsWithTransientArtifactChanges: 71.969ms
	CategorizeAssets: 76.636ms
	CompileScripts: 8940.434ms
	ImportOutOfDateAssets: 5333.556ms (5242.180ms without children)
		ReloadNativeAssets: 0.052ms
		UnloadImportedAssets: 1.513ms
		EnsureUptoDateAssetsAreRegisteredWithGuidPM: 0.978ms
		ImportSchedulerStart: 88.827ms
	PostProcessAllAssets: 676.364ms
		VCAutoAddAssetPostprocess 4.764ms
		XRBuildSystem.XRAssetImported 0.177ms
		PostProcessCallbackCreateDeferredMaterials 0.113ms
		ShaderAssetModifiedCallback 0.062ms
		MonoPostProcessAllAssets: 670.146ms
			AssetPostprocessor.OnPostprocessAllAssets 292.735ms
			BuilderAssetPostprocessor.OnPostprocessAllAssets 226.109ms
			StyleCatalogPostProcessor.OnPostprocessAllAssets 38.954ms
			UniversalRenderPipelineGlobalSettingsPostprocessor.OnPostprocessAllAssets 31.204ms
			WindowAssetPostprocessingWatcher.OnPostprocessAllAssets 4.918ms
			SpeedTree9Postprocessor.OnPostprocessAllAssets 4.806ms
			AssetChangedListener.OnPostprocessAllAssets 4.675ms
			ShaderGraphAssetPostProcessor.OnPostprocessAllAssets 4.341ms
			RetainedModeAssetPostprocessor.OnPostprocessAllAssets 3.711ms
			SyncVS.PostprocessSyncProject 3.170ms
			MaterialPostprocessor.OnPostprocessAllAssets 2.822ms
			EditModeScopePostprocessor.OnPostprocessAllAssets 2.785ms
			RenderPipelineGlobalSettingsPostprocessor.OnPostprocessAllAssets 2.439ms
			CubeLutAssetImporter.OnPostprocessAllAssets 1.578ms
			ArtifactBrowserPostProcessor.OnPostprocessAllAssets 1.464ms
			TextAssetPostProcessor.OnPostprocessAllAssets 1.383ms
			AudioMixerPostprocessor.OnPostprocessAllAssets 0.844ms
			ReferencedClipsPostProcessor.OnPostprocessAllAssets 0.843ms
			ShaderReflectionAssetPostProcessor.OnPostprocessAllAssets 0.810ms
			SampleDependencyImporterPostProcessor.OnPostprocessAllAssets 0.714ms
			TMPro_TexturePostProcessor.OnPostprocessAllAssets 0.659ms
			PostProcessor.OnPostprocessAllAssets 0.641ms
			AssetEvents.OnPostprocessAllAssets 0.574ms
			TerrainToolbarOverlayPostProcessor.OnPostprocessAllAssets 0.516ms
			AssetDatabaseCallbacks.OnPostprocessAllAssets 0.432ms
			SpeedTreePostProcessor.OnPostprocessAllAssets 0.341ms
			ConfigAssetsTracker.OnPostprocessAllAssets 0.324ms
			ScenarioDriftAssetsTracker.OnPostprocessAllAssets 0.279ms
			AudioContainerPostProcessor.OnPostprocessAllAssets 0.172ms
	PostAssetChangesProfiler: 7.800ms
	UnloadStreamsBegin: 6.467ms
	PersistCurrentRevisions: 0.217ms
	GenerateScriptTypeHashes: 2.731ms
	GenerateScriptTypeSerializationHashes: 4.646ms
	Untracked: 1673.053ms

Application.AssetDatabase Initial Refresh End
Launched and connected shader compiler UnityShaderCompiler.exe after 0.04 seconds
Scanning for USB devices : 7.210ms
Initializing Unity extensions:
[MODES] ModeService[none].Initialize
[MODES] ModeService[none].LoadModes
[MODES] Loading mode Default (0) for mode-current-id-game-client
Unloading 38 Unused Serialized files (Serialized files now loaded: 0)
Unloading 3433 unused Assets / (8.0 MB). Loaded Objects now: 4403.
Memory consumption went from 354.4 MB to 346.4 MB.
Total: 22.090600 ms (FindLiveObjects: 0.605900 ms CreateObjectMapping: 1.677700 ms MarkObjects: 13.046000 ms  DeleteObjects: 6.755400 ms)

Unloading 1 Unused Serialized files (Serialized files now loaded: 0)
Unloading 0 unused Assets / (2.2 KB). Loaded Objects now: 4405.
Memory consumption went from 334.6 MB to 334.6 MB.
Total: 10.362600 ms (FindLiveObjects: 0.364700 ms CreateObjectMapping: 0.616500 ms MarkObjects: 9.364400 ms  DeleteObjects: 0.015400 ms)

Tile_0_0: Destroy may not be called from edit mode! Use DestroyImmediate instead.
Destroying an object in edit mode destroys it permanently
UnityEngine.Debug:ExtractStackTraceNoAlloc (byte*,int,string)
UnityEngine.StackTraceUtility:ExtractStackTrace ()
UnityEngine.Object:Destroy (UnityEngine.Object,single)
UnityEngine.Object:Destroy (UnityEngine.Object)
QuizBattle.Arena.GridController:CreateTile (int,int,UnityEngine.Color) (at Assets/Scripts/Arena/GridController.cs:59)
QuizBattle.Arena.GridController:BuildGrid (int,int,int) (at Assets/Scripts/Arena/GridController.cs:42)
QuizBattle.GameState.GameManager:RunAutoPlayMatch (int,int) (at Assets/Scripts/GameState/GameManager.cs:66)
ArenaDemoRunner:RunScenario (string,int,int,string) (at Assets/Editor/ArenaDemoRunner.cs:40)
ArenaDemoRunner:Run () (at Assets/Editor/ArenaDemoRunner.cs:21)

[Assets/Scripts/Arena/GridController.cs line 42]

Tile_0_1: Destroy may not be called from edit mode! Use DestroyImmediate instead.
Destroying an object in edit mode destroys it permanently
UnityEngine.Debug:ExtractStackTraceNoAlloc (byte*,int,string)
UnityEngine.StackTraceUtility:ExtractStackTrace ()
UnityEngine.Object:Destroy (UnityEngine.Object,single)
UnityEngine.Object:Destroy (UnityEngine.Object)
QuizBattle.Arena.GridController:CreateTile (int,int,UnityEngine.Color) (at Assets/Scripts/Arena/GridController.cs:59)
QuizBattle.Arena.GridController:BuildGrid (int,int,int) (at Assets/Scripts/Arena/GridController.cs:42)
QuizBattle.GameState.GameManager:RunAutoPlayMatch (int,int) (at Assets/Scripts/GameState/GameManager.cs:66)
ArenaDemoRunner:RunScenario (string,int,int,string) (at Assets/Editor/ArenaDemoRunner.cs:40)
ArenaDemoRunner:Run () (at Assets/Editor/ArenaDemoRunner.cs:21)

[Assets/Scripts/Arena/GridController.cs line 42]

Tile_0_2: Destroy may not be called from edit mode! Use DestroyImmediate instead.
Destroying an object in edit mode destroys it permanently
UnityEngine.Debug:ExtractStackTraceNoAlloc (byte*,int,string)
UnityEngine.StackTraceUtility:ExtractStackTrace ()
UnityEngine.Object:Destroy (UnityEngine.Object,single)
UnityEngine.Object:Destroy (UnityEngine.Object)
QuizBattle.Arena.GridController:CreateTile (int,int,UnityEngine.Color) (at Assets/Scripts/Arena/GridController.cs:59)
QuizBattle.Arena.GridController:BuildGrid (int,int,int) (at Assets/Scripts/Arena/GridController.cs:42)
QuizBattle.GameState.GameManager:RunAutoPlayMatch (int,int) (at Assets/Scripts/GameState/GameManager.cs:66)
ArenaDemoRunner:RunScenario (string,int,int,string) (at Assets/Editor/ArenaDemoRunner.cs:40)
ArenaDemoRunner:Run () (at Assets/Editor/ArenaDemoRunner.cs:21)

[Assets/Scripts/Arena/GridController.cs line 42]

Tile_0_3: Destroy may not be called from edit mode! Use DestroyImmediate instead.
Destroying an object in edit mode destroys it permanently
UnityEngine.Debug:ExtractStackTraceNoAlloc (byte*,int,string)
UnityEngine.StackTraceUtility:ExtractStackTrace ()
UnityEngine.Object:Destroy (UnityEngine.Object,single)
UnityEngine.Object:Destroy (UnityEngine.Object)
QuizBattle.Arena.GridController:CreateTile (int,int,UnityEngine.Color) (at Assets/Scripts/Arena/GridController.cs:59)
QuizBattle.Arena.GridController:BuildGrid (int,int,int) (at Assets/Scripts/Arena/GridController.cs:42)
QuizBattle.GameState.GameManager:RunAutoPlayMatch (int,int) (at Assets/Scripts/GameState/GameManager.cs:66)
ArenaDemoRunner:RunScenario (string,int,int,string) (at Assets/Editor/ArenaDemoRunner.cs:40)
ArenaDemoRunner:Run () (at Assets/Editor/ArenaDemoRunner.cs:21)

[Assets/Scripts/Arena/GridController.cs line 42]

Tile_0_4: Destroy may not be called from edit mode! Use DestroyImmediate instead.
Destroying an object in edit mode destroys it permanently
UnityEngine.Debug:ExtractStackTraceNoAlloc (byte*,int,string)
UnityEngine.StackTraceUtility:ExtractStackTrace ()
UnityEngine.Object:Destroy (UnityEngine.Object,single)
UnityEngine.Object:Destroy (UnityEngine.Object)
QuizBattle.Arena.GridController:CreateTile (int,int,UnityEngine.Color) (at Assets/Scripts/Arena/GridController.cs:59)
QuizBattle.Arena.GridController:BuildGrid (int,int,int) (at Assets/Scripts/Arena/GridController.cs:42)
QuizBattle.GameState.GameManager:RunAutoPlayMatch (int,int) (at Assets/Scripts/GameState/GameManager.cs:66)
ArenaDemoRunner:RunScenario (string,int,int,string) (at Assets/Editor/ArenaDemoRunner.cs:40)
ArenaDemoRunner:Run () (at Assets/Editor/ArenaDemoRunner.cs:21)

[Assets/Scripts/Arena/GridController.cs line 42]

Tile_0_5: Destroy may not be called from edit mode! Use DestroyImmediate instead.
Destroying an object in edit mode destroys it permanently
UnityEngine.Debug:ExtractStackTraceNoAlloc (byte*,int,string)
UnityEngine.StackTraceUtility:ExtractStackTrace ()
UnityEngine.Object:Destroy (UnityEngine.Object,single)
UnityEngine.Object:Destroy (UnityEngine.Object)
QuizBattle.Arena.GridController:CreateTile (int,int,UnityEngine.Color) (at Assets/Scripts/Arena/GridController.cs:59)
QuizBattle.Arena.GridController:BuildGrid (int,int,int) (at Assets/Scripts/Arena/GridController.cs:42)
QuizBattle.GameState.GameManager:RunAutoPlayMatch (int,int) (at Assets/Scripts/GameState/GameManager.cs:66)
ArenaDemoRunner:RunScenario (string,int,int,string) (at Assets/Editor/ArenaDemoRunner.cs:40)
ArenaDemoRunner:Run () (at Assets/Editor/ArenaDemoRunner.cs:21)

[Assets/Scripts/Arena/GridController.cs line 42]

ZoneGlow_0_5: Destroy may not be called from edit mode! Use DestroyImmediate instead.
Destroying an object in edit mode destroys it permanently
UnityEngine.Debug:ExtractStackTraceNoAlloc (byte*,int,string)
UnityEngine.StackTraceUtility:ExtractStackTrace ()
UnityEngine.Object:Destroy (UnityEngine.Object,single)
UnityEngine.Object:Destroy (UnityEngine.Object)
QuizBattle.Arena.GridController:CreateZoneGlow (int,int,bool,bool) (at Assets/Scripts/Arena/GridController.cs:100)
QuizBattle.Arena.GridController:BuildGrid (int,int,int) (at Assets/Scripts/Arena/GridController.cs:43)
QuizBattle.GameState.GameManager:RunAutoPlayMatch (int,int) (at Assets/Scripts/GameState/GameManager.cs:66)
ArenaDemoRunner:RunScenario (string,int,int,string) (at Assets/Editor/ArenaDemoRunner.cs:40)
ArenaDemoRunner:Run () (at Assets/Editor/ArenaDemoRunner.cs:21)

[Assets/Scripts/Arena/GridController.cs line 100]

Pillar: Destroy may not be called from edit mode! Use DestroyImmediate instead.
Destroying an object in edit mode destroys it permanently
UnityEngine.Debug:ExtractStackTraceNoAlloc (byte*,int,string)
UnityEngine.StackTraceUtility:ExtractStackTrace ()
UnityEngine.Object:Destroy (UnityEngine.Object,single)
UnityEngine.Object:Destroy (UnityEngine.Object)
QuizBattle.Arena.GridController:CreateGoalPost (int,int,bool) (at Assets/Scripts/Arena/GridController.cs:127)
QuizBattle.Arena.GridController:CreateZoneGlow (int,int,bool,bool) (at Assets/Scripts/Arena/GridController.cs:107)
QuizBattle.Arena.GridController:BuildGrid (int,int,int) (at Assets/Scripts/Arena/GridController.cs:43)
QuizBattle.GameState.GameManager:RunAutoPlayMatch (int,int) (at Assets/Scripts/GameState/GameManager.cs:66)
ArenaDemoRunner:RunScenario (string,int,int,string) (at Assets/Editor/ArenaDemoRunner.cs:40)
ArenaDemoRunner:Run () (at Assets/Editor/ArenaDemoRunner.cs:21)

[Assets/Scripts/Arena/GridController.cs line 127]

CrownCap: Destroy may not be called from edit mode! Use DestroyImmediate instead.
Destroying an object in edit mode destroys it permanently
UnityEngine.Debug:ExtractStackTraceNoAlloc (byte*,int,string)
UnityEngine.StackTraceUtility:ExtractStackTrace ()
UnityEngine.Object:Destroy (UnityEngine.Object,single)
UnityEngine.Object:Destroy (UnityEngine.Object)
QuizBattle.Arena.GridController:CreateGoalPost (int,int,bool) (at Assets/Scripts/Arena/GridController.cs:136)
QuizBattle.Arena.GridController:CreateZoneGlow (int,int,bool,bool) (at Assets/Scripts/Arena/GridController.cs:107)
QuizBattle.Arena.GridController:BuildGrid (int,int,int) (at Assets/Scripts/Arena/GridController.cs:43)
QuizBattle.GameState.GameManager:RunAutoPlayMatch (int,int) (at Assets/Scripts/GameState/GameManager.cs:66)
ArenaDemoRunner:RunScenario (string,int,int,string) (at Assets/Editor/ArenaDemoRunner.cs:40)
ArenaDemoRunner:Run () (at Assets/Editor/ArenaDemoRunner.cs:21)

[Assets/Scripts/Arena/GridController.cs line 136]

Tile_1_0: Destroy may not be called from edit mode! Use DestroyImmediate instead.
Destroying an object in edit mode destroys it permanently
UnityEngine.Debug:ExtractStackTraceNoAlloc (byte*,int,string)
UnityEngine.StackTraceUtility:ExtractStackTrace ()
UnityEngine.Object:Destroy (UnityEngine.Object,single)
UnityEngine.Object:Destroy (UnityEngine.Object)
QuizBattle.Arena.GridController:CreateTile (int,int,UnityEngine.Color) (at Assets/Scripts/Arena/GridController.cs:59)
QuizBattle.Arena.GridController:BuildGrid (int,int,int) (at Assets/Scripts/Arena/GridController.cs:42)
QuizBattle.GameState.GameManager:RunAutoPlayMatch (int,int) (at Assets/Scripts/GameState/GameManager.cs:66)
ArenaDemoRunner:RunScenario (string,int,int,string) (at Assets/Editor/ArenaDemoRunner.cs:40)
ArenaDemoRunner:Run () (at Assets/Editor/ArenaDemoRunner.cs:21)

[Assets/Scripts/Arena/GridController.cs line 42]

Tile_1_1: Destroy may not be called from edit mode! Use DestroyImmediate instead.
Destroying an object in edit mode destroys it permanently
UnityEngine.Debug:ExtractStackTraceNoAlloc (byte*,int,string)
UnityEngine.StackTraceUtility:ExtractStackTrace ()
UnityEngine.Object:Destroy (UnityEngine.Object,single)
UnityEngine.Object:Destroy (UnityEngine.Object)
QuizBattle.Arena.GridController:CreateTile (int,int,UnityEngine.Color) (at Assets/Scripts/Arena/GridController.cs:59)
QuizBattle.Arena.GridController:BuildGrid (int,int,int) (at Assets/Scripts/Arena/GridController.cs:42)
QuizBattle.GameState.GameManager:RunAutoPlayMatch (int,int) (at Assets/Scripts/GameState/GameManager.cs:66)
ArenaDemoRunner:RunScenario (string,int,int,string) (at Assets/Editor/ArenaDemoRunner.cs:40)
ArenaDemoRunner:Run () (at Assets/Editor/ArenaDemoRunner.cs:21)

[Assets/Scripts/Arena/GridController.cs line 42]

Tile_1_2: Destroy may not be called from edit mode! Use DestroyImmediate instead.
Destroying an object in edit mode destroys it permanently
UnityEngine.Debug:ExtractStackTraceNoAlloc (byte*,int,string)
UnityEngine.StackTraceUtility:ExtractStackTrace ()
UnityEngine.Object:Destroy (UnityEngine.Object,single)
UnityEngine.Object:Destroy (UnityEngine.Object)
QuizBattle.Arena.GridController:CreateTile (int,int,UnityEngine.Color) (at Assets/Scripts/Arena/GridController.cs:59)
QuizBattle.Arena.GridController:BuildGrid (int,int,int) (at Assets/Scripts/Arena/GridController.cs:42)
QuizBattle.GameState.GameManager:RunAutoPlayMatch (int,int) (at Assets/Scripts/GameState/GameManager.cs:66)
ArenaDemoRunner:RunScenario (string,int,int,string) (at Assets/Editor/ArenaDemoRunner.cs:40)
ArenaDemoRunner:Run () (at Assets/Editor/ArenaDemoRunner.cs:21)

[Assets/Scripts/Arena/GridController.cs line 42]

Tile_1_3: Destroy may not be called from edit mode! Use DestroyImmediate instead.
Destroying an object in edit mode destroys it permanently
UnityEngine.Debug:ExtractStackTraceNoAlloc (byte*,int,string)
UnityEngine.StackTraceUtility:ExtractStackTrace ()
UnityEngine.Object:Destroy (UnityEngine.Object,single)
UnityEngine.Object:Destroy (UnityEngine.Object)
QuizBattle.Arena.GridController:CreateTile (int,int,UnityEngine.Color) (at Assets/Scripts/Arena/GridController.cs:59)
QuizBattle.Arena.GridController:BuildGrid (int,int,int) (at Assets/Scripts/Arena/GridController.cs:42)
QuizBattle.GameState.GameManager:RunAutoPlayMatch (int,int) (at Assets/Scripts/GameState/GameManager.cs:66)
ArenaDemoRunner:RunScenario (string,int,int,string) (at Assets/Editor/ArenaDemoRunner.cs:40)
ArenaDemoRunner:Run () (at Assets/Editor/ArenaDemoRunner.cs:21)

[Assets/Scripts/Arena/GridController.cs line 42]

Tile_1_4: Destroy may not be called from edit mode! Use DestroyImmediate instead.
Destroying an object in edit mode destroys it permanently
UnityEngine.Debug:ExtractStackTraceNoAlloc (byte*,int,string)
UnityEngine.StackTraceUtility:ExtractStackTrace ()
UnityEngine.Object:Destroy (UnityEngine.Object,single)
UnityEngine.Object:Destroy (UnityEngine.Object)
QuizBattle.Arena.GridController:CreateTile (int,int,UnityEngine.Color) (at Assets/Scripts/Arena/GridController.cs:59)
QuizBattle.Arena.GridController:BuildGrid (int,int,int) (at Assets/Scripts/Arena/GridController.cs:42)
QuizBattle.GameState.GameManager:RunAutoPlayMatch (int,int) (at Assets/Scripts/GameState/GameManager.cs:66)
ArenaDemoRunner:RunScenario (string,int,int,string) (at Assets/Editor/ArenaDemoRunner.cs:40)
ArenaDemoRunner:Run () (at Assets/Editor/ArenaDemoRunner.cs:21)

[Assets/Scripts/Arena/GridController.cs line 42]

Tile_1_5: Destroy may not be called from edit mode! Use DestroyImmediate instead.
Destroying an object in edit mode destroys it permanently
UnityEngine.Debug:ExtractStackTraceNoAlloc (byte*,int,string)
UnityEngine.StackTraceUtility:ExtractStackTrace ()
UnityEngine.Object:Destroy (UnityEngine.Object,single)
UnityEngine.Object:Destroy (UnityEngine.Object)
QuizBattle.Arena.GridController:CreateTile (int,int,UnityEngine.Color) (at Assets/Scripts/Arena/GridController.cs:59)
QuizBattle.Arena.GridController:BuildGrid (int,int,int) (at Assets/Scripts/Arena/GridController.cs:42)
QuizBattle.GameState.GameManager:RunAutoPlayMatch (int,int) (at Assets/Scripts/GameState/GameManager.cs:66)
ArenaDemoRunner:RunScenario (string,int,int,string) (at Assets/Editor/ArenaDemoRunner.cs:40)
ArenaDemoRunner:Run () (at Assets/Editor/ArenaDemoRunner.cs:21)

[Assets/Scripts/Arena/GridController.cs line 42]

ZoneGlow_1_5: Destroy may not be called from edit mode! Use DestroyImmediate instead.
Destroying an object in edit mode destroys it permanently
UnityEngine.Debug:ExtractStackTraceNoAlloc (byte*,int,string)
UnityEngine.StackTraceUtility:ExtractStackTrace ()
UnityEngine.Object:Destroy (UnityEngine.Object,single)
UnityEngine.Object:Destroy (UnityEngine.Object)
QuizBattle.Arena.GridController:CreateZoneGlow (int,int,bool,bool) (at Assets/Scripts/Arena/GridController.cs:100)
QuizBattle.Arena.GridController:BuildGrid (int,int,int) (at Assets/Scripts/Arena/GridController.cs:43)
QuizBattle.GameState.GameManager:RunAutoPlayMatch (int,int) (at Assets/Scripts/GameState/GameManager.cs:66)
ArenaDemoRunner:RunScenario (string,int,int,string) (at Assets/Editor/ArenaDemoRunner.cs:40)
ArenaDemoRunner:Run () (at Assets/Editor/ArenaDemoRunner.cs:21)

[Assets/Scripts/Arena/GridController.cs line 100]

Tile_2_0: Destroy may not be called from edit mode! Use DestroyImmediate instead.
Destroying an object in edit mode destroys it permanently
UnityEngine.Debug:ExtractStackTraceNoAlloc (byte*,int,string)
UnityEngine.StackTraceUtility:ExtractStackTrace ()
UnityEngine.Object:Destroy (UnityEngine.Object,single)
UnityEngine.Object:Destroy (UnityEngine.Object)
QuizBattle.Arena.GridController:CreateTile (int,int,UnityEngine.Color) (at Assets/Scripts/Arena/GridController.cs:59)
QuizBattle.Arena.GridController:BuildGrid (int,int,int) (at Assets/Scripts/Arena/GridController.cs:42)
QuizBattle.GameState.GameManager:RunAutoPlayMatch (int,int) (at Assets/Scripts/GameState/GameManager.cs:66)
ArenaDemoRunner:RunScenario (string,int,int,string) (at Assets/Editor/ArenaDemoRunner.cs:40)
ArenaDemoRunner:Run () (at Assets/Editor/ArenaDemoRunner.cs:21)

[Assets/Scripts/Arena/GridController.cs line 42]

Tile_2_1: Destroy may not be called from edit mode! Use DestroyImmediate instead.
Destroying an object in edit mode destroys it permanently
UnityEngine.Debug:ExtractStackTraceNoAlloc (byte*,int,string)
UnityEngine.StackTraceUtility:ExtractStackTrace ()
UnityEngine.Object:Destroy (UnityEngine.Object,single)
UnityEngine.Object:Destroy (UnityEngine.Object)
QuizBattle.Arena.GridController:CreateTile (int,int,UnityEngine.Color) (at Assets/Scripts/Arena/GridController.cs:59)
QuizBattle.Arena.GridController:BuildGrid (int,int,int) (at Assets/Scripts/Arena/GridController.cs:42)
QuizBattle.GameState.GameManager:RunAutoPlayMatch (int,int) (at Assets/Scripts/GameState/GameManager.cs:66)
ArenaDemoRunner:RunScenario (string,int,int,string) (at Assets/Editor/ArenaDemoRunner.cs:40)
ArenaDemoRunner:Run () (at Assets/Editor/ArenaDemoRunner.cs:21)

[Assets/Scripts/Arena/GridController.cs line 42]

Tile_2_2: Destroy may not be called from edit mode! Use DestroyImmediate instead.
Destroying an object in edit mode destroys it permanently
UnityEngine.Debug:ExtractStackTraceNoAlloc (byte*,int,string)
UnityEngine.StackTraceUtility:ExtractStackTrace ()
UnityEngine.Object:Destroy (UnityEngine.Object,single)
UnityEngine.Object:Destroy (UnityEngine.Object)
QuizBattle.Arena.GridController:CreateTile (int,int,UnityEngine.Color) (at Assets/Scripts/Arena/GridController.cs:59)
QuizBattle.Arena.GridController:BuildGrid (int,int,int) (at Assets/Scripts/Arena/GridController.cs:42)
QuizBattle.GameState.GameManager:RunAutoPlayMatch (int,int) (at Assets/Scripts/GameState/GameManager.cs:66)
ArenaDemoRunner:RunScenario (string,int,int,string) (at Assets/Editor/ArenaDemoRunner.cs:40)
ArenaDemoRunner:Run () (at Assets/Editor/ArenaDemoRunner.cs:21)

[Assets/Scripts/Arena/GridController.cs line 42]

Tile_2_3: Destroy may not be called from edit mode! Use DestroyImmediate instead.
Destroying an object in edit mode destroys it permanently
UnityEngine.Debug:ExtractStackTraceNoAlloc (byte*,int,string)
UnityEngine.StackTraceUtility:ExtractStackTrace ()
UnityEngine.Object:Destroy (UnityEngine.Object,single)
UnityEngine.Object:Destroy (UnityEngine.Object)
QuizBattle.Arena.GridController:CreateTile (int,int,UnityEngine.Color) (at Assets/Scripts/Arena/GridController.cs:59)
QuizBattle.Arena.GridController:BuildGrid (int,int,int) (at Assets/Scripts/Arena/GridController.cs:42)
QuizBattle.GameState.GameManager:RunAutoPlayMatch (int,int) (at Assets/Scripts/GameState/GameManager.cs:66)
ArenaDemoRunner:RunScenario (string,int,int,string) (at Assets/Editor/ArenaDemoRunner.cs:40)
ArenaDemoRunner:Run () (at Assets/Editor/ArenaDemoRunner.cs:21)

[Assets/Scripts/Arena/GridController.cs line 42]

Tile_2_4: Destroy may not be called from edit mode! Use DestroyImmediate instead.
Destroying an object in edit mode destroys it permanently
UnityEngine.Debug:ExtractStackTraceNoAlloc (byte*,int,string)
UnityEngine.StackTraceUtility:ExtractStackTrace ()
UnityEngine.Object:Destroy (UnityEngine.Object,single)
UnityEngine.Object:Destroy (UnityEngine.Object)
QuizBattle.Arena.GridController:CreateTile (int,int,UnityEngine.Color) (at Assets/Scripts/Arena/GridController.cs:59)
QuizBattle.Arena.GridController:BuildGrid (int,int,int) (at Assets/Scripts/Arena/GridController.cs:42)
QuizBattle.GameState.GameManager:RunAutoPlayMatch (int,int) (at Assets/Scripts/GameState/GameManager.cs:66)
ArenaDemoRunner:RunScenario (string,int,int,string) (at Assets/Editor/ArenaDemoRunner.cs:40)
ArenaDemoRunner:Run () (at Assets/Editor/ArenaDemoRunner.cs:21)

[Assets/Scripts/Arena/GridController.cs line 42]

Tile_2_5: Destroy may not be called from edit mode! Use DestroyImmediate instead.
Destroying an object in edit mode destroys it permanently
UnityEngine.Debug:ExtractStackTraceNoAlloc (byte*,int,string)
UnityEngine.StackTraceUtility:ExtractStackTrace ()
UnityEngine.Object:Destroy (UnityEngine.Object,single)
UnityEngine.Object:Destroy (UnityEngine.Object)
QuizBattle.Arena.GridController:CreateTile (int,int,UnityEngine.Color) (at Assets/Scripts/Arena/GridController.cs:59)
QuizBattle.Arena.GridController:BuildGrid (int,int,int) (at Assets/Scripts/Arena/GridController.cs:42)
QuizBattle.GameState.GameManager:RunAutoPlayMatch (int,int) (at Assets/Scripts/GameState/GameManager.cs:66)
ArenaDemoRunner:RunScenario (string,int,int,string) (at Assets/Editor/ArenaDemoRunner.cs:40)
ArenaDemoRunner:Run () (at Assets/Editor/ArenaDemoRunner.cs:21)

[Assets/Scripts/Arena/GridController.cs line 42]

ZoneGlow_2_5: Destroy may not be called from edit mode! Use DestroyImmediate instead.
Destroying an object in edit mode destroys it permanently
UnityEngine.Debug:ExtractStackTraceNoAlloc (byte*,int,string)
UnityEngine.StackTraceUtility:ExtractStackTrace ()
UnityEngine.Object:Destroy (UnityEngine.Object,single)
UnityEngine.Object:Destroy (UnityEngine.Object)
QuizBattle.Arena.GridController:CreateZoneGlow (int,int,bool,bool) (at Assets/Scripts/Arena/GridController.cs:100)
QuizBattle.Arena.GridController:BuildGrid (int,int,int) (at Assets/Scripts/Arena/GridController.cs:43)
QuizBattle.GameState.GameManager:RunAutoPlayMatch (int,int) (at Assets/Scripts/GameState/GameManager.cs:66)
ArenaDemoRunner:RunScenario (string,int,int,string) (at Assets/Editor/ArenaDemoRunner.cs:40)
ArenaDemoRunner:Run () (at Assets/Editor/ArenaDemoRunner.cs:21)

[Assets/Scripts/Arena/GridController.cs line 100]

Tile_3_0: Destroy may not be called from edit mode! Use DestroyImmediate instead.
Destroying an object in edit mode destroys it permanently
UnityEngine.Debug:ExtractStackTraceNoAlloc (byte*,int,string)
UnityEngine.StackTraceUtility:ExtractStackTrace ()
UnityEngine.Object:Destroy (UnityEngine.Object,single)
UnityEngine.Object:Destroy (UnityEngine.Object)
QuizBattle.Arena.GridController:CreateTile (int,int,UnityEngine.Color) (at Assets/Scripts/Arena/GridController.cs:59)
QuizBattle.Arena.GridController:BuildGrid (int,int,int) (at Assets/Scripts/Arena/GridController.cs:42)
QuizBattle.GameState.GameManager:RunAutoPlayMatch (int,int) (at Assets/Scripts/GameState/GameManager.cs:66)
ArenaDemoRunner:RunScenario (string,int,int,string) (at Assets/Editor/ArenaDemoRunner.cs:40)
ArenaDemoRunner:Run () (at Assets/Editor/ArenaDemoRunner.cs:21)

[Assets/Scripts/Arena/GridController.cs line 42]

Tile_3_1: Destroy may not be called from edit mode! Use DestroyImmediate instead.
Destroying an object in edit mode destroys it permanently
UnityEngine.Debug:ExtractStackTraceNoAlloc (byte*,int,string)
UnityEngine.StackTraceUtility:ExtractStackTrace ()
UnityEngine.Object:Destroy (UnityEngine.Object,single)
UnityEngine.Object:Destroy (UnityEngine.Object)
QuizBattle.Arena.GridController:CreateTile (int,int,UnityEngine.Color) (at Assets/Scripts/Arena/GridController.cs:59)
QuizBattle.Arena.GridController:BuildGrid (int,int,int) (at Assets/Scripts/Arena/GridController.cs:42)
QuizBattle.GameState.GameManager:RunAutoPlayMatch (int,int) (at Assets/Scripts/GameState/GameManager.cs:66)
ArenaDemoRunner:RunScenario (string,int,int,string) (at Assets/Editor/ArenaDemoRunner.cs:40)
ArenaDemoRunner:Run () (at Assets/Editor/ArenaDemoRunner.cs:21)

[Assets/Scripts/Arena/GridController.cs line 42]

Tile_3_2: Destroy may not be called from edit mode! Use DestroyImmediate instead.
Destroying an object in edit mode destroys it permanently
UnityEngine.Debug:ExtractStackTraceNoAlloc (byte*,int,string)
UnityEngine.StackTraceUtility:ExtractStackTrace ()
UnityEngine.Object:Destroy (UnityEngine.Object,single)
UnityEngine.Object:Destroy (UnityEngine.Object)
QuizBattle.Arena.GridController:CreateTile (int,int,UnityEngine.Color) (at Assets/Scripts/Arena/GridController.cs:59)
QuizBattle.Arena.GridController:BuildGrid (int,int,int) (at Assets/Scripts/Arena/GridController.cs:42)
QuizBattle.GameState.GameManager:RunAutoPlayMatch (int,int) (at Assets/Scripts/GameState/GameManager.cs:66)
ArenaDemoRunner:RunScenario (string,int,int,string) (at Assets/Editor/ArenaDemoRunner.cs:40)
ArenaDemoRunner:Run () (at Assets/Editor/ArenaDemoRunner.cs:21)

[Assets/Scripts/Arena/GridController.cs line 42]

Tile_3_3: Destroy may not be called from edit mode! Use DestroyImmediate instead.
Destroying an object in edit mode destroys it permanently
UnityEngine.Debug:ExtractStackTraceNoAlloc (byte*,int,string)
UnityEngine.StackTraceUtility:ExtractStackTrace ()
UnityEngine.Object:Destroy (UnityEngine.Object,single)
UnityEngine.Object:Destroy (UnityEngine.Object)
QuizBattle.Arena.GridController:CreateTile (int,int,UnityEngine.Color) (at Assets/Scripts/Arena/GridController.cs:59)
QuizBattle.Arena.GridController:BuildGrid (int,int,int) (at Assets/Scripts/Arena/GridController.cs:42)
QuizBattle.GameState.GameManager:RunAutoPlayMatch (int,int) (at Assets/Scripts/GameState/GameManager.cs:66)
ArenaDemoRunner:RunScenario (string,int,int,string) (at Assets/Editor/ArenaDemoRunner.cs:40)
ArenaDemoRunner:Run () (at Assets/Editor/ArenaDemoRunner.cs:21)

[Assets/Scripts/Arena/GridController.cs line 42]

Tile_3_4: Destroy may not be called from edit mode! Use DestroyImmediate instead.
Destroying an object in edit mode destroys it permanently
UnityEngine.Debug:ExtractStackTraceNoAlloc (byte*,int,string)
UnityEngine.StackTraceUtility:ExtractStackTrace ()
UnityEngine.Object:Destroy (UnityEngine.Object,single)
UnityEngine.Object:Destroy (UnityEngine.Object)
QuizBattle.Arena.GridController:CreateTile (int,int,UnityEngine.Color) (at Assets/Scripts/Arena/GridController.cs:59)
QuizBattle.Arena.GridController:BuildGrid (int,int,int) (at Assets/Scripts/Arena/GridController.cs:42)
QuizBattle.GameState.GameManager:RunAutoPlayMatch (int,int) (at Assets/Scripts/GameState/GameManager.cs:66)
ArenaDemoRunner:RunScenario (string,int,int,string) (at Assets/Editor/ArenaDemoRunner.cs:40)
ArenaDemoRunner:Run () (at Assets/Editor/ArenaDemoRunner.cs:21)

[Assets/Scripts/Arena/GridController.cs line 42]

Tile_3_5: Destroy may not be called from edit mode! Use DestroyImmediate instead.
Destroying an object in edit mode destroys it permanently
UnityEngine.Debug:ExtractStackTraceNoAlloc (byte*,int,string)
UnityEngine.StackTraceUtility:ExtractStackTrace ()
UnityEngine.Object:Destroy (UnityEngine.Object,single)
UnityEngine.Object:Destroy (UnityEngine.Object)
QuizBattle.Arena.GridController:CreateTile (int,int,UnityEngine.Color) (at Assets/Scripts/Arena/GridController.cs:59)
QuizBattle.Arena.GridController:BuildGrid (int,int,int) (at Assets/Scripts/Arena/GridController.cs:42)
QuizBattle.GameState.GameManager:RunAutoPlayMatch (int,int) (at Assets/Scripts/GameState/GameManager.cs:66)
ArenaDemoRunner:RunScenario (string,int,int,string) (at Assets/Editor/ArenaDemoRunner.cs:40)
ArenaDemoRunner:Run () (at Assets/Editor/ArenaDemoRunner.cs:21)

[Assets/Scripts/Arena/GridController.cs line 42]

ZoneGlow_3_5: Destroy may not be called from edit mode! Use DestroyImmediate instead.
Destroying an object in edit mode destroys it permanently
UnityEngine.Debug:ExtractStackTraceNoAlloc (byte*,int,string)
UnityEngine.StackTraceUtility:ExtractStackTrace ()
UnityEngine.Object:Destroy (UnityEngine.Object,single)
UnityEngine.Object:Destroy (UnityEngine.Object)
QuizBattle.Arena.GridController:CreateZoneGlow (int,int,bool,bool) (at Assets/Scripts/Arena/GridController.cs:100)
QuizBattle.Arena.GridController:BuildGrid (int,int,int) (at Assets/Scripts/Arena/GridController.cs:43)
QuizBattle.GameState.GameManager:RunAutoPlayMatch (int,int) (at Assets/Scripts/GameState/GameManager.cs:66)
ArenaDemoRunner:RunScenario (string,int,int,string) (at Assets/Editor/ArenaDemoRunner.cs:40)
ArenaDemoRunner:Run () (at Assets/Editor/ArenaDemoRunner.cs:21)

[Assets/Scripts/Arena/GridController.cs line 100]

Tile_4_0: Destroy may not be called from edit mode! Use DestroyImmediate instead.
Destroying an object in edit mode destroys it permanently
UnityEngine.Debug:ExtractStackTraceNoAlloc (byte*,int,string)
UnityEngine.StackTraceUtility:ExtractStackTrace ()
UnityEngine.Object:Destroy (UnityEngine.Object,single)
UnityEngine.Object:Destroy (UnityEngine.Object)
QuizBattle.Arena.GridController:CreateTile (int,int,UnityEngine.Color) (at Assets/Scripts/Arena/GridController.cs:59)
QuizBattle.Arena.GridController:BuildGrid (int,int,int) (at Assets/Scripts/Arena/GridController.cs:42)
QuizBattle.GameState.GameManager:RunAutoPlayMatch (int,int) (at Assets/Scripts/GameState/GameManager.cs:66)
ArenaDemoRunner:RunScenario (string,int,int,string) (at Assets/Editor/ArenaDemoRunner.cs:40)
ArenaDemoRunner:Run () (at Assets/Editor/ArenaDemoRunner.cs:21)

[Assets/Scripts/Arena/GridController.cs line 42]

Tile_4_1: Destroy may not be called from edit mode! Use DestroyImmediate instead.
Destroying an object in edit mode destroys it permanently
UnityEngine.Debug:ExtractStackTraceNoAlloc (byte*,int,string)
UnityEngine.StackTraceUtility:ExtractStackTrace ()
UnityEngine.Object:Destroy (UnityEngine.Object,single)
UnityEngine.Object:Destroy (UnityEngine.Object)
QuizBattle.Arena.GridController:CreateTile (int,int,UnityEngine.Color) (at Assets/Scripts/Arena/GridController.cs:59)
QuizBattle.Arena.GridController:BuildGrid (int,int,int) (at Assets/Scripts/Arena/GridController.cs:42)
QuizBattle.GameState.GameManager:RunAutoPlayMatch (int,int) (at Assets/Scripts/GameState/GameManager.cs:66)
ArenaDemoRunner:RunScenario (string,int,int,string) (at Assets/Editor/ArenaDemoRunner.cs:40)
ArenaDemoRunner:Run () (at Assets/Editor/ArenaDemoRunner.cs:21)

[Assets/Scripts/Arena/GridController.cs line 42]

Tile_4_2: Destroy may not be called from edit mode! Use DestroyImmediate instead.
Destroying an object in edit mode destroys it permanently
UnityEngine.Debug:ExtractStackTraceNoAlloc (byte*,int,string)
UnityEngine.StackTraceUtility:ExtractStackTrace ()
UnityEngine.Object:Destroy (UnityEngine.Object,single)
UnityEngine.Object:Destroy (UnityEngine.Object)
QuizBattle.Arena.GridController:CreateTile (int,int,UnityEngine.Color) (at Assets/Scripts/Arena/GridController.cs:59)
QuizBattle.Arena.GridController:BuildGrid (int,int,int) (at Assets/Scripts/Arena/GridController.cs:42)
QuizBattle.GameState.GameManager:RunAutoPlayMatch (int,int) (at Assets/Scripts/GameState/GameManager.cs:66)
ArenaDemoRunner:RunScenario (string,int,int,string) (at Assets/Editor/ArenaDemoRunner.cs:40)
ArenaDemoRunner:Run () (at Assets/Editor/ArenaDemoRunner.cs:21)

[Assets/Scripts/Arena/GridController.cs line 42]

Tile_4_3: Destroy may not be called from edit mode! Use DestroyImmediate instead.
Destroying an object in edit mode destroys it permanently
UnityEngine.Debug:ExtractStackTraceNoAlloc (byte*,int,string)
UnityEngine.StackTraceUtility:ExtractStackTrace ()
UnityEngine.Object:Destroy (UnityEngine.Object,single)
UnityEngine.Object:Destroy (UnityEngine.Object)
QuizBattle.Arena.GridController:CreateTile (int,int,UnityEngine.Color) (at Assets/Scripts/Arena/GridController.cs:59)
QuizBattle.Arena.GridController:BuildGrid (int,int,int) (at Assets/Scripts/Arena/GridController.cs:42)
QuizBattle.GameState.GameManager:RunAutoPlayMatch (int,int) (at Assets/Scripts/GameState/GameManager.cs:66)
ArenaDemoRunner:RunScenario (string,int,int,string) (at Assets/Editor/ArenaDemoRunner.cs:40)
ArenaDemoRunner:Run () (at Assets/Editor/ArenaDemoRunner.cs:21)

[Assets/Scripts/Arena/GridController.cs line 42]

Tile_4_4: Destroy may not be called from edit mode! Use DestroyImmediate instead.
Destroying an object in edit mode destroys it permanently
UnityEngine.Debug:ExtractStackTraceNoAlloc (byte*,int,string)
UnityEngine.StackTraceUtility:ExtractStackTrace ()
UnityEngine.Object:Destroy (UnityEngine.Object,single)
UnityEngine.Object:Destroy (UnityEngine.Object)
QuizBattle.Arena.GridController:CreateTile (int,int,UnityEngine.Color) (at Assets/Scripts/Arena/GridController.cs:59)
QuizBattle.Arena.GridController:BuildGrid (int,int,int) (at Assets/Scripts/Arena/GridController.cs:42)
QuizBattle.GameState.GameManager:RunAutoPlayMatch (int,int) (at Assets/Scripts/GameState/GameManager.cs:66)
ArenaDemoRunner:RunScenario (string,int,int,string) (at Assets/Editor/ArenaDemoRunner.cs:40)
ArenaDemoRunner:Run () (at Assets/Editor/ArenaDemoRunner.cs:21)

[Assets/Scripts/Arena/GridController.cs line 42]

Tile_4_5: Destroy may not be called from edit mode! Use DestroyImmediate instead.
Destroying an object in edit mode destroys it permanently
UnityEngine.Debug:ExtractStackTraceNoAlloc (byte*,int,string)
UnityEngine.StackTraceUtility:ExtractStackTrace ()
UnityEngine.Object:Destroy (UnityEngine.Object,single)
UnityEngine.Object:Destroy (UnityEngine.Object)
QuizBattle.Arena.GridController:CreateTile (int,int,UnityEngine.Color) (at Assets/Scripts/Arena/GridController.cs:59)
QuizBattle.Arena.GridController:BuildGrid (int,int,int) (at Assets/Scripts/Arena/GridController.cs:42)
QuizBattle.GameState.GameManager:RunAutoPlayMatch (int,int) (at Assets/Scripts/GameState/GameManager.cs:66)
ArenaDemoRunner:RunScenario (string,int,int,string) (at Assets/Editor/ArenaDemoRunner.cs:40)
ArenaDemoRunner:Run () (at Assets/Editor/ArenaDemoRunner.cs:21)

[Assets/Scripts/Arena/GridController.cs line 42]

ZoneGlow_4_5: Destroy may not be called from edit mode! Use DestroyImmediate instead.
Destroying an object in edit mode destroys it permanently
UnityEngine.Debug:ExtractStackTraceNoAlloc (byte*,int,string)
UnityEngine.StackTraceUtility:ExtractStackTrace ()
UnityEngine.Object:Destroy (UnityEngine.Object,single)
UnityEngine.Object:Destroy (UnityEngine.Object)
QuizBattle.Arena.GridController:CreateZoneGlow (int,int,bool,bool) (at Assets/Scripts/Arena/GridController.cs:100)
QuizBattle.Arena.GridController:BuildGrid (int,int,int) (at Assets/Scripts/Arena/GridController.cs:43)
QuizBattle.GameState.GameManager:RunAutoPlayMatch (int,int) (at Assets/Scripts/GameState/GameManager.cs:66)
ArenaDemoRunner:RunScenario (string,int,int,string) (at Assets/Editor/ArenaDemoRunner.cs:40)
ArenaDemoRunner:Run () (at Assets/Editor/ArenaDemoRunner.cs:21)

[Assets/Scripts/Arena/GridController.cs line 100]

Tile_5_0: Destroy may not be called from edit mode! Use DestroyImmediate instead.
Destroying an object in edit mode destroys it permanently
UnityEngine.Debug:ExtractStackTraceNoAlloc (byte*,int,string)
UnityEngine.StackTraceUtility:ExtractStackTrace ()
UnityEngine.Object:Destroy (UnityEngine.Object,single)
UnityEngine.Object:Destroy (UnityEngine.Object)
QuizBattle.Arena.GridController:CreateTile (int,int,UnityEngine.Color) (at Assets/Scripts/Arena/GridController.cs:59)
QuizBattle.Arena.GridController:BuildGrid (int,int,int) (at Assets/Scripts/Arena/GridController.cs:42)
QuizBattle.GameState.GameManager:RunAutoPlayMatch (int,int) (at Assets/Scripts/GameState/GameManager.cs:66)
ArenaDemoRunner:RunScenario (string,int,int,string) (at Assets/Editor/ArenaDemoRunner.cs:40)
ArenaDemoRunner:Run () (at Assets/Editor/ArenaDemoRunner.cs:21)

[Assets/Scripts/Arena/GridController.cs line 42]

Tile_5_1: Destroy may not be called from edit mode! Use DestroyImmediate instead.
Destroying an object in edit mode destroys it permanently
UnityEngine.Debug:ExtractStackTraceNoAlloc (byte*,int,string)
UnityEngine.StackTraceUtility:ExtractStackTrace ()
UnityEngine.Object:Destroy (UnityEngine.Object,single)
UnityEngine.Object:Destroy (UnityEngine.Object)
QuizBattle.Arena.GridController:CreateTile (int,int,UnityEngine.Color) (at Assets/Scripts/Arena/GridController.cs:59)
QuizBattle.Arena.GridController:BuildGrid (int,int,int) (at Assets/Scripts/Arena/GridController.cs:42)
QuizBattle.GameState.GameManager:RunAutoPlayMatch (int,int) (at Assets/Scripts/GameState/GameManager.cs:66)
ArenaDemoRunner:RunScenario (string,int,int,string) (at Assets/Editor/ArenaDemoRunner.cs:40)
ArenaDemoRunner:Run () (at Assets/Editor/ArenaDemoRunner.cs:21)

[Assets/Scripts/Arena/GridController.cs line 42]

Tile_5_2: Destroy may not be called from edit mode! Use DestroyImmediate instead.
Destroying an object in edit mode destroys it permanently
UnityEngine.Debug:ExtractStackTraceNoAlloc (byte*,int,string)
UnityEngine.StackTraceUtility:ExtractStackTrace ()
UnityEngine.Object:Destroy (UnityEngine.Object,single)
UnityEngine.Object:Destroy (UnityEngine.Object)
QuizBattle.Arena.GridController:CreateTile (int,int,UnityEngine.Color) (at Assets/Scripts/Arena/GridController.cs:59)
QuizBattle.Arena.GridController:BuildGrid (int,int,int) (at Assets/Scripts/Arena/GridController.cs:42)
QuizBattle.GameState.GameManager:RunAutoPlayMatch (int,int) (at Assets/Scripts/GameState/GameManager.cs:66)
ArenaDemoRunner:RunScenario (string,int,int,string) (at Assets/Editor/ArenaDemoRunner.cs:40)
ArenaDemoRunner:Run () (at Assets/Editor/ArenaDemoRunner.cs:21)

[Assets/Scripts/Arena/GridController.cs line 42]

Tile_5_3: Destroy may not be called from edit mode! Use DestroyImmediate instead.
Destroying an object in edit mode destroys it permanently
UnityEngine.Debug:ExtractStackTraceNoAlloc (byte*,int,string)
UnityEngine.StackTraceUtility:ExtractStackTrace ()
UnityEngine.Object:Destroy (UnityEngine.Object,single)
UnityEngine.Object:Destroy (UnityEngine.Object)
QuizBattle.Arena.GridController:CreateTile (int,int,UnityEngine.Color) (at Assets/Scripts/Arena/GridController.cs:59)
QuizBattle.Arena.GridController:BuildGrid (int,int,int) (at Assets/Scripts/Arena/GridController.cs:42)
QuizBattle.GameState.GameManager:RunAutoPlayMatch (int,int) (at Assets/Scripts/GameState/GameManager.cs:66)
ArenaDemoRunner:RunScenario (string,int,int,string) (at Assets/Editor/ArenaDemoRunner.cs:40)
ArenaDemoRunner:Run () (at Assets/Editor/ArenaDemoRunner.cs:21)

[Assets/Scripts/Arena/GridController.cs line 42]

Tile_5_4: Destroy may not be called from edit mode! Use DestroyImmediate instead.
Destroying an object in edit mode destroys it permanently
UnityEngine.Debug:ExtractStackTraceNoAlloc (byte*,int,string)
UnityEngine.StackTraceUtility:ExtractStackTrace ()
UnityEngine.Object:Destroy (UnityEngine.Object,single)
UnityEngine.Object:Destroy (UnityEngine.Object)
QuizBattle.Arena.GridController:CreateTile (int,int,UnityEngine.Color) (at Assets/Scripts/Arena/GridController.cs:59)
QuizBattle.Arena.GridController:BuildGrid (int,int,int) (at Assets/Scripts/Arena/GridController.cs:42)
QuizBattle.GameState.GameManager:RunAutoPlayMatch (int,int) (at Assets/Scripts/GameState/GameManager.cs:66)
ArenaDemoRunner:RunScenario (string,int,int,string) (at Assets/Editor/ArenaDemoRunner.cs:40)
ArenaDemoRunner:Run () (at Assets/Editor/ArenaDemoRunner.cs:21)

[Assets/Scripts/Arena/GridController.cs line 42]

Tile_5_5: Destroy may not be called from edit mode! Use DestroyImmediate instead.
Destroying an object in edit mode destroys it permanently
UnityEngine.Debug:ExtractStackTraceNoAlloc (byte*,int,string)
UnityEngine.StackTraceUtility:ExtractStackTrace ()
UnityEngine.Object:Destroy (UnityEngine.Object,single)
UnityEngine.Object:Destroy (UnityEngine.Object)
QuizBattle.Arena.GridController:CreateTile (int,int,UnityEngine.Color) (at Assets/Scripts/Arena/GridController.cs:59)
QuizBattle.Arena.GridController:BuildGrid (int,int,int) (at Assets/Scripts/Arena/GridController.cs:42)
QuizBattle.GameState.GameManager:RunAutoPlayMatch (int,int) (at Assets/Scripts/GameState/GameManager.cs:66)
ArenaDemoRunner:RunScenario (string,int,int,string) (at Assets/Editor/ArenaDemoRunner.cs:40)
ArenaDemoRunner:Run () (at Assets/Editor/ArenaDemoRunner.cs:21)

[Assets/Scripts/Arena/GridController.cs line 42]

ZoneGlow_5_5: Destroy may not be called from edit mode! Use DestroyImmediate instead.
Destroying an object in edit mode destroys it permanently
UnityEngine.Debug:ExtractStackTraceNoAlloc (byte*,int,string)
UnityEngine.StackTraceUtility:ExtractStackTrace ()
UnityEngine.Object:Destroy (UnityEngine.Object,single)
UnityEngine.Object:Destroy (UnityEngine.Object)
QuizBattle.Arena.GridController:CreateZoneGlow (int,int,bool,bool) (at Assets/Scripts/Arena/GridController.cs:100)
QuizBattle.Arena.GridController:BuildGrid (int,int,int) (at Assets/Scripts/Arena/GridController.cs:43)
QuizBattle.GameState.GameManager:RunAutoPlayMatch (int,int) (at Assets/Scripts/GameState/GameManager.cs:66)
ArenaDemoRunner:RunScenario (string,int,int,string) (at Assets/Editor/ArenaDemoRunner.cs:40)
ArenaDemoRunner:Run () (at Assets/Editor/ArenaDemoRunner.cs:21)

[Assets/Scripts/Arena/GridController.cs line 100]

Tile_6_0: Destroy may not be called from edit mode! Use DestroyImmediate instead.
Destroying an object in edit mode destroys it permanently
UnityEngine.Debug:ExtractStackTraceNoAlloc (byte*,int,string)
UnityEngine.StackTraceUtility:ExtractStackTrace ()
UnityEngine.Object:Destroy (UnityEngine.Object,single)
UnityEngine.Object:Destroy (UnityEngine.Object)
QuizBattle.Arena.GridController:CreateTile (int,int,UnityEngine.Color) (at Assets/Scripts/Arena/GridController.cs:59)
QuizBattle.Arena.GridController:BuildGrid (int,int,int) (at Assets/Scripts/Arena/GridController.cs:42)
QuizBattle.GameState.GameManager:RunAutoPlayMatch (int,int) (at Assets/Scripts/GameState/GameManager.cs:66)
ArenaDemoRunner:RunScenario (string,int,int,string) (at Assets/Editor/ArenaDemoRunner.cs:40)
ArenaDemoRunner:Run () (at Assets/Editor/ArenaDemoRunner.cs:21)

[Assets/Scripts/Arena/GridController.cs line 42]

Tile_6_1: Destroy may not be called from edit mode! Use DestroyImmediate instead.
Destroying an object in edit mode destroys it permanently
UnityEngine.Debug:ExtractStackTraceNoAlloc (byte*,int,string)
UnityEngine.StackTraceUtility:ExtractStackTrace ()
UnityEngine.Object:Destroy (UnityEngine.Object,single)
UnityEngine.Object:Destroy (UnityEngine.Object)
QuizBattle.Arena.GridController:CreateTile (int,int,UnityEngine.Color) (at Assets/Scripts/Arena/GridController.cs:59)
QuizBattle.Arena.GridController:BuildGrid (int,int,int) (at Assets/Scripts/Arena/GridController.cs:42)
QuizBattle.GameState.GameManager:RunAutoPlayMatch (int,int) (at Assets/Scripts/GameState/GameManager.cs:66)
ArenaDemoRunner:RunScenario (string,int,int,string) (at Assets/Editor/ArenaDemoRunner.cs:40)
ArenaDemoRunner:Run () (at Assets/Editor/ArenaDemoRunner.cs:21)

[Assets/Scripts/Arena/GridController.cs line 42]

Tile_6_2: Destroy may not be called from edit mode! Use DestroyImmediate instead.
Destroying an object in edit mode destroys it permanently
UnityEngine.Debug:ExtractStackTraceNoAlloc (byte*,int,string)
UnityEngine.StackTraceUtility:ExtractStackTrace ()
UnityEngine.Object:Destroy (UnityEngine.Object,single)
UnityEngine.Object:Destroy (UnityEngine.Object)
QuizBattle.Arena.GridController:CreateTile (int,int,UnityEngine.Color) (at Assets/Scripts/Arena/GridController.cs:59)
QuizBattle.Arena.GridController:BuildGrid (int,int,int) (at Assets/Scripts/Arena/GridController.cs:42)
QuizBattle.GameState.GameManager:RunAutoPlayMatch (int,int) (at Assets/Scripts/GameState/GameManager.cs:66)
ArenaDemoRunner:RunScenario (string,int,int,string) (at Assets/Editor/ArenaDemoRunner.cs:40)
ArenaDemoRunner:Run () (at Assets/Editor/ArenaDemoRunner.cs:21)

[Assets/Scripts/Arena/GridController.cs line 42]

Tile_6_3: Destroy may not be called from edit mode! Use DestroyImmediate instead.
Destroying an object in edit mode destroys it permanently
UnityEngine.Debug:ExtractStackTraceNoAlloc (byte*,int,string)
UnityEngine.StackTraceUtility:ExtractStackTrace ()
UnityEngine.Object:Destroy (UnityEngine.Object,single)
UnityEngine.Object:Destroy (UnityEngine.Object)
QuizBattle.Arena.GridController:CreateTile (int,int,UnityEngine.Color) (at Assets/Scripts/Arena/GridController.cs:59)
QuizBattle.Arena.GridController:BuildGrid (int,int,int) (at Assets/Scripts/Arena/GridController.cs:42)
QuizBattle.GameState.GameManager:RunAutoPlayMatch (int,int) (at Assets/Scripts/GameState/GameManager.cs:66)
ArenaDemoRunner:RunScenario (string,int,int,string) (at Assets/Editor/ArenaDemoRunner.cs:40)
ArenaDemoRunner:Run () (at Assets/Editor/ArenaDemoRunner.cs:21)

[Assets/Scripts/Arena/GridController.cs line 42]

Tile_6_4: Destroy may not be called from edit mode! Use DestroyImmediate instead.
Destroying an object in edit mode destroys it permanently
UnityEngine.Debug:ExtractStackTraceNoAlloc (byte*,int,string)
UnityEngine.StackTraceUtility:ExtractStackTrace ()
UnityEngine.Object:Destroy (UnityEngine.Object,single)
UnityEngine.Object:Destroy (UnityEngine.Object)
QuizBattle.Arena.GridController:CreateTile (int,int,UnityEngine.Color) (at Assets/Scripts/Arena/GridController.cs:59)
QuizBattle.Arena.GridController:BuildGrid (int,int,int) (at Assets/Scripts/Arena/GridController.cs:42)
QuizBattle.GameState.GameManager:RunAutoPlayMatch (int,int) (at Assets/Scripts/GameState/GameManager.cs:66)
ArenaDemoRunner:RunScenario (string,int,int,string) (at Assets/Editor/ArenaDemoRunner.cs:40)
ArenaDemoRunner:Run () (at Assets/Editor/ArenaDemoRunner.cs:21)

[Assets/Scripts/Arena/GridController.cs line 42]

Tile_6_5: Destroy may not be called from edit mode! Use DestroyImmediate instead.
Destroying an object in edit mode destroys it permanently
UnityEngine.Debug:ExtractStackTraceNoAlloc (byte*,int,string)
UnityEngine.StackTraceUtility:ExtractStackTrace ()
UnityEngine.Object:Destroy (UnityEngine.Object,single)
UnityEngine.Object:Destroy (UnityEngine.Object)
QuizBattle.Arena.GridController:CreateTile (int,int,UnityEngine.Color) (at Assets/Scripts/Arena/GridController.cs:59)
QuizBattle.Arena.GridController:BuildGrid (int,int,int) (at Assets/Scripts/Arena/GridController.cs:42)
QuizBattle.GameState.GameManager:RunAutoPlayMatch (int,int) (at Assets/Scripts/GameState/GameManager.cs:66)
ArenaDemoRunner:RunScenario (string,int,int,string) (at Assets/Editor/ArenaDemoRunner.cs:40)
ArenaDemoRunner:Run () (at Assets/Editor/ArenaDemoRunner.cs:21)

[Assets/Scripts/Arena/GridController.cs line 42]

ZoneGlow_6_5: Destroy may not be called from edit mode! Use DestroyImmediate instead.
Destroying an object in edit mode destroys it permanently
UnityEngine.Debug:ExtractStackTraceNoAlloc (byte*,int,string)
UnityEngine.StackTraceUtility:ExtractStackTrace ()
UnityEngine.Object:Destroy (UnityEngine.Object,single)
UnityEngine.Object:Destroy (UnityEngine.Object)
QuizBattle.Arena.GridController:CreateZoneGlow (int,int,bool,bool) (at Assets/Scripts/Arena/GridController.cs:100)
QuizBattle.Arena.GridController:BuildGrid (int,int,int) (at Assets/Scripts/Arena/GridController.cs:43)
QuizBattle.GameState.GameManager:RunAutoPlayMatch (int,int) (at Assets/Scripts/GameState/GameManager.cs:66)
ArenaDemoRunner:RunScenario (string,int,int,string) (at Assets/Editor/ArenaDemoRunner.cs:40)
ArenaDemoRunner:Run () (at Assets/Editor/ArenaDemoRunner.cs:21)

[Assets/Scripts/Arena/GridController.cs line 100]

Tile_7_0: Destroy may not be called from edit mode! Use DestroyImmediate instead.
Destroying an object in edit mode destroys it permanently
UnityEngine.Debug:ExtractStackTraceNoAlloc (byte*,int,string)
UnityEngine.StackTraceUtility:ExtractStackTrace ()
UnityEngine.Object:Destroy (UnityEngine.Object,single)
UnityEngine.Object:Destroy (UnityEngine.Object)
QuizBattle.Arena.GridController:CreateTile (int,int,UnityEngine.Color) (at Assets/Scripts/Arena/GridController.cs:59)
QuizBattle.Arena.GridController:BuildGrid (int,int,int) (at Assets/Scripts/Arena/GridController.cs:42)
QuizBattle.GameState.GameManager:RunAutoPlayMatch (int,int) (at Assets/Scripts/GameState/GameManager.cs:66)
ArenaDemoRunner:RunScenario (string,int,int,string) (at Assets/Editor/ArenaDemoRunner.cs:40)
ArenaDemoRunner:Run () (at Assets/Editor/ArenaDemoRunner.cs:21)

[Assets/Scripts/Arena/GridController.cs line 42]

Tile_7_1: Destroy may not be called from edit mode! Use DestroyImmediate instead.
Destroying an object in edit mode destroys it permanently
UnityEngine.Debug:ExtractStackTraceNoAlloc (byte*,int,string)
UnityEngine.StackTraceUtility:ExtractStackTrace ()
UnityEngine.Object:Destroy (UnityEngine.Object,single)
UnityEngine.Object:Destroy (UnityEngine.Object)
QuizBattle.Arena.GridController:CreateTile (int,int,UnityEngine.Color) (at Assets/Scripts/Arena/GridController.cs:59)
QuizBattle.Arena.GridController:BuildGrid (int,int,int) (at Assets/Scripts/Arena/GridController.cs:42)
QuizBattle.GameState.GameManager:RunAutoPlayMatch (int,int) (at Assets/Scripts/GameState/GameManager.cs:66)
ArenaDemoRunner:RunScenario (string,int,int,string) (at Assets/Editor/ArenaDemoRunner.cs:40)
ArenaDemoRunner:Run () (at Assets/Editor/ArenaDemoRunner.cs:21)

[Assets/Scripts/Arena/GridController.cs line 42]

Tile_7_2: Destroy may not be called from edit mode! Use DestroyImmediate instead.
Destroying an object in edit mode destroys it permanently
UnityEngine.Debug:ExtractStackTraceNoAlloc (byte*,int,string)
UnityEngine.StackTraceUtility:ExtractStackTrace ()
UnityEngine.Object:Destroy (UnityEngine.Object,single)
UnityEngine.Object:Destroy (UnityEngine.Object)
QuizBattle.Arena.GridController:CreateTile (int,int,UnityEngine.Color) (at Assets/Scripts/Arena/GridController.cs:59)
QuizBattle.Arena.GridController:BuildGrid (int,int,int) (at Assets/Scripts/Arena/GridController.cs:42)
QuizBattle.GameState.GameManager:RunAutoPlayMatch (int,int) (at Assets/Scripts/GameState/GameManager.cs:66)
ArenaDemoRunner:RunScenario (string,int,int,string) (at Assets/Editor/ArenaDemoRunner.cs:40)
ArenaDemoRunner:Run () (at Assets/Editor/ArenaDemoRunner.cs:21)

[Assets/Scripts/Arena/GridController.cs line 42]

Tile_7_3: Destroy may not be called from edit mode! Use DestroyImmediate instead.
Destroying an object in edit mode destroys it permanently
UnityEngine.Debug:ExtractStackTraceNoAlloc (byte*,int,string)
UnityEngine.StackTraceUtility:ExtractStackTrace ()
UnityEngine.Object:Destroy (UnityEngine.Object,single)
UnityEngine.Object:Destroy (UnityEngine.Object)
QuizBattle.Arena.GridController:CreateTile (int,int,UnityEngine.Color) (at Assets/Scripts/Arena/GridController.cs:59)
QuizBattle.Arena.GridController:BuildGrid (int,int,int) (at Assets/Scripts/Arena/GridController.cs:42)
QuizBattle.GameState.GameManager:RunAutoPlayMatch (int,int) (at Assets/Scripts/GameState/GameManager.cs:66)
ArenaDemoRunner:RunScenario (string,int,int,string) (at Assets/Editor/ArenaDemoRunner.cs:40)
ArenaDemoRunner:Run () (at Assets/Editor/ArenaDemoRunner.cs:21)

[Assets/Scripts/Arena/GridController.cs line 42]

Tile_7_4: Destroy may not be called from edit mode! Use DestroyImmediate instead.
Destroying an object in edit mode destroys it permanently
UnityEngine.Debug:ExtractStackTraceNoAlloc (byte*,int,string)
UnityEngine.StackTraceUtility:ExtractStackTrace ()
UnityEngine.Object:Destroy (UnityEngine.Object,single)
UnityEngine.Object:Destroy (UnityEngine.Object)
QuizBattle.Arena.GridController:CreateTile (int,int,UnityEngine.Color) (at Assets/Scripts/Arena/GridController.cs:59)
QuizBattle.Arena.GridController:BuildGrid (int,int,int) (at Assets/Scripts/Arena/GridController.cs:42)
QuizBattle.GameState.GameManager:RunAutoPlayMatch (int,int) (at Assets/Scripts/GameState/GameManager.cs:66)
ArenaDemoRunner:RunScenario (string,int,int,string) (at Assets/Editor/ArenaDemoRunner.cs:40)
ArenaDemoRunner:Run () (at Assets/Editor/ArenaDemoRunner.cs:21)

[Assets/Scripts/Arena/GridController.cs line 42]

Tile_7_5: Destroy may not be called from edit mode! Use DestroyImmediate instead.
Destroying an object in edit mode destroys it permanently
UnityEngine.Debug:ExtractStackTraceNoAlloc (byte*,int,string)
UnityEngine.StackTraceUtility:ExtractStackTrace ()
UnityEngine.Object:Destroy (UnityEngine.Object,single)
UnityEngine.Object:Destroy (UnityEngine.Object)
QuizBattle.Arena.GridController:CreateTile (int,int,UnityEngine.Color) (at Assets/Scripts/Arena/GridController.cs:59)
QuizBattle.Arena.GridController:BuildGrid (int,int,int) (at Assets/Scripts/Arena/GridController.cs:42)
QuizBattle.GameState.GameManager:RunAutoPlayMatch (int,int) (at Assets/Scripts/GameState/GameManager.cs:66)
ArenaDemoRunner:RunScenario (string,int,int,string) (at Assets/Editor/ArenaDemoRunner.cs:40)
ArenaDemoRunner:Run () (at Assets/Editor/ArenaDemoRunner.cs:21)

[Assets/Scripts/Arena/GridController.cs line 42]

ZoneGlow_7_5: Destroy may not be called from edit mode! Use DestroyImmediate instead.
Destroying an object in edit mode destroys it permanently
UnityEngine.Debug:ExtractStackTraceNoAlloc (byte*,int,string)
UnityEngine.StackTraceUtility:ExtractStackTrace ()
UnityEngine.Object:Destroy (UnityEngine.Object,single)
UnityEngine.Object:Destroy (UnityEngine.Object)
QuizBattle.Arena.GridController:CreateZoneGlow (int,int,bool,bool) (at Assets/Scripts/Arena/GridController.cs:100)
QuizBattle.Arena.GridController:BuildGrid (int,int,int) (at Assets/Scripts/Arena/GridController.cs:43)
QuizBattle.GameState.GameManager:RunAutoPlayMatch (int,int) (at Assets/Scripts/GameState/GameManager.cs:66)
ArenaDemoRunner:RunScenario (string,int,int,string) (at Assets/Editor/ArenaDemoRunner.cs:40)
ArenaDemoRunner:Run () (at Assets/Editor/ArenaDemoRunner.cs:21)

[Assets/Scripts/Arena/GridController.cs line 100]

Pillar: Destroy may not be called from edit mode! Use DestroyImmediate instead.
Destroying an object in edit mode destroys it permanently
UnityEngine.Debug:ExtractStackTraceNoAlloc (byte*,int,string)
UnityEngine.StackTraceUtility:ExtractStackTrace ()
UnityEngine.Object:Destroy (UnityEngine.Object,single)
UnityEngine.Object:Destroy (UnityEngine.Object)
QuizBattle.Arena.GridController:CreateGoalPost (int,int,bool) (at Assets/Scripts/Arena/GridController.cs:127)
QuizBattle.Arena.GridController:CreateZoneGlow (int,int,bool,bool) (at Assets/Scripts/Arena/GridController.cs:107)
QuizBattle.Arena.GridController:BuildGrid (int,int,int) (at Assets/Scripts/Arena/GridController.cs:43)
QuizBattle.GameState.GameManager:RunAutoPlayMatch (int,int) (at Assets/Scripts/GameState/GameManager.cs:66)
ArenaDemoRunner:RunScenario (string,int,int,string) (at Assets/Editor/ArenaDemoRunner.cs:40)
ArenaDemoRunner:Run () (at Assets/Editor/ArenaDemoRunner.cs:21)

[Assets/Scripts/Arena/GridController.cs line 127]

CrownCap: Destroy may not be called from edit mode! Use DestroyImmediate instead.
Destroying an object in edit mode destroys it permanently
UnityEngine.Debug:ExtractStackTraceNoAlloc (byte*,int,string)
UnityEngine.StackTraceUtility:ExtractStackTrace ()
UnityEngine.Object:Destroy (UnityEngine.Object,single)
UnityEngine.Object:Destroy (UnityEngine.Object)
QuizBattle.Arena.GridController:CreateGoalPost (int,int,bool) (at Assets/Scripts/Arena/GridController.cs:136)
QuizBattle.Arena.GridController:CreateZoneGlow (int,int,bool,bool) (at Assets/Scripts/Arena/GridController.cs:107)
QuizBattle.Arena.GridController:BuildGrid (int,int,int) (at Assets/Scripts/Arena/GridController.cs:43)
QuizBattle.GameState.GameManager:RunAutoPlayMatch (int,int) (at Assets/Scripts/GameState/GameManager.cs:66)
ArenaDemoRunner:RunScenario (string,int,int,string) (at Assets/Editor/ArenaDemoRunner.cs:40)
ArenaDemoRunner:Run () (at Assets/Editor/ArenaDemoRunner.cs:21)

[Assets/Scripts/Arena/GridController.cs line 136]

Curb: Destroy may not be called from edit mode! Use DestroyImmediate instead.
Destroying an object in edit mode destroys it permanently
UnityEngine.Debug:ExtractStackTraceNoAlloc (byte*,int,string)
UnityEngine.StackTraceUtility:ExtractStackTrace ()
UnityEngine.Object:Destroy (UnityEngine.Object,single)
UnityEngine.Object:Destroy (UnityEngine.Object)
QuizBattle.Arena.GridController:CreateCurbSegment (UnityEngine.Transform,UnityEngine.Vector3,UnityEngine.Vector3,UnityEngine.Material) (at Assets/Scripts/Arena/GridController.cs:188)
QuizBattle.Arena.GridController:CreateCurbBorder (int,int) (at Assets/Scripts/Arena/GridController.cs:156)
QuizBattle.Arena.GridController:BuildGrid (int,int,int) (at Assets/Scripts/Arena/GridController.cs:47)
QuizBattle.GameState.GameManager:RunAutoPlayMatch (int,int) (at Assets/Scripts/GameState/GameManager.cs:66)
ArenaDemoRunner:RunScenario (string,int,int,string) (at Assets/Editor/ArenaDemoRunner.cs:40)
ArenaDemoRunner:Run () (at Assets/Editor/ArenaDemoRunner.cs:21)

[Assets/Scripts/Arena/GridController.cs line 156]

Curb: Destroy may not be called from edit mode! Use DestroyImmediate instead.
Destroying an object in edit mode destroys it permanently
UnityEngine.Debug:ExtractStackTraceNoAlloc (byte*,int,string)
UnityEngine.StackTraceUtility:ExtractStackTrace ()
UnityEngine.Object:Destroy (UnityEngine.Object,single)
UnityEngine.Object:Destroy (UnityEngine.Object)
QuizBattle.Arena.GridController:CreateCurbSegment (UnityEngine.Transform,UnityEngine.Vector3,UnityEngine.Vector3,UnityEngine.Material) (at Assets/Scripts/Arena/GridController.cs:188)
QuizBattle.Arena.GridController:CreateCurbBorder (int,int) (at Assets/Scripts/Arena/GridController.cs:157)
QuizBattle.Arena.GridController:BuildGrid (int,int,int) (at Assets/Scripts/Arena/GridController.cs:47)
QuizBattle.GameState.GameManager:RunAutoPlayMatch (int,int) (at Assets/Scripts/GameState/GameManager.cs:66)
ArenaDemoRunner:RunScenario (string,int,int,string) (at Assets/Editor/ArenaDemoRunner.cs:40)
ArenaDemoRunner:Run () (at Assets/Editor/ArenaDemoRunner.cs:21)

[Assets/Scripts/Arena/GridController.cs line 157]

Curb: Destroy may not be called from edit mode! Use DestroyImmediate instead.
Destroying an object in edit mode destroys it permanently
UnityEngine.Debug:ExtractStackTraceNoAlloc (byte*,int,string)
UnityEngine.StackTraceUtility:ExtractStackTrace ()
UnityEngine.Object:Destroy (UnityEngine.Object,single)
UnityEngine.Object:Destroy (UnityEngine.Object)
QuizBattle.Arena.GridController:CreateCurbSegment (UnityEngine.Transform,UnityEngine.Vector3,UnityEngine.Vector3,UnityEngine.Material) (at Assets/Scripts/Arena/GridController.cs:188)
QuizBattle.Arena.GridController:CreateCurbBorder (int,int) (at Assets/Scripts/Arena/GridController.cs:158)
QuizBattle.Arena.GridController:BuildGrid (int,int,int) (at Assets/Scripts/Arena/GridController.cs:47)
QuizBattle.GameState.GameManager:RunAutoPlayMatch (int,int) (at Assets/Scripts/GameState/GameManager.cs:66)
ArenaDemoRunner:RunScenario (string,int,int,string) (at Assets/Editor/ArenaDemoRunner.cs:40)
ArenaDemoRunner:Run () (at Assets/Editor/ArenaDemoRunner.cs:21)

[Assets/Scripts/Arena/GridController.cs line 158]

Curb: Destroy may not be called from edit mode! Use DestroyImmediate instead.
Destroying an object in edit mode destroys it permanently
UnityEngine.Debug:ExtractStackTraceNoAlloc (byte*,int,string)
UnityEngine.StackTraceUtility:ExtractStackTrace ()
UnityEngine.Object:Destroy (UnityEngine.Object,single)
UnityEngine.Object:Destroy (UnityEngine.Object)
QuizBattle.Arena.GridController:CreateCurbSegment (UnityEngine.Transform,UnityEngine.Vector3,UnityEngine.Vector3,UnityEngine.Material) (at Assets/Scripts/Arena/GridController.cs:188)
QuizBattle.Arena.GridController:CreateCurbBorder (int,int) (at Assets/Scripts/Arena/GridController.cs:159)
QuizBattle.Arena.GridController:BuildGrid (int,int,int) (at Assets/Scripts/Arena/GridController.cs:47)
QuizBattle.GameState.GameManager:RunAutoPlayMatch (int,int) (at Assets/Scripts/GameState/GameManager.cs:66)
ArenaDemoRunner:RunScenario (string,int,int,string) (at Assets/Editor/ArenaDemoRunner.cs:40)
ArenaDemoRunner:Run () (at Assets/Editor/ArenaDemoRunner.cs:21)

[Assets/Scripts/Arena/GridController.cs line 159]

CornerStud: Destroy may not be called from edit mode! Use DestroyImmediate instead.
Destroying an object in edit mode destroys it permanently
UnityEngine.Debug:ExtractStackTraceNoAlloc (byte*,int,string)
UnityEngine.StackTraceUtility:ExtractStackTrace ()
UnityEngine.Object:Destroy (UnityEngine.Object,single)
UnityEngine.Object:Destroy (UnityEngine.Object)
QuizBattle.Arena.GridController:CreateCurbBorder (int,int) (at Assets/Scripts/Arena/GridController.cs:176)
QuizBattle.Arena.GridController:BuildGrid (int,int,int) (at Assets/Scripts/Arena/GridController.cs:47)
QuizBattle.GameState.GameManager:RunAutoPlayMatch (int,int) (at Assets/Scripts/GameState/GameManager.cs:66)
ArenaDemoRunner:RunScenario (string,int,int,string) (at Assets/Editor/ArenaDemoRunner.cs:40)
ArenaDemoRunner:Run () (at Assets/Editor/ArenaDemoRunner.cs:21)

[Assets/Scripts/Arena/GridController.cs line 176]

CornerStud: Destroy may not be called from edit mode! Use DestroyImmediate instead.
Destroying an object in edit mode destroys it permanently
UnityEngine.Debug:ExtractStackTraceNoAlloc (byte*,int,string)
UnityEngine.StackTraceUtility:ExtractStackTrace ()
UnityEngine.Object:Destroy (UnityEngine.Object,single)
UnityEngine.Object:Destroy (UnityEngine.Object)
QuizBattle.Arena.GridController:CreateCurbBorder (int,int) (at Assets/Scripts/Arena/GridController.cs:176)
QuizBattle.Arena.GridController:BuildGrid (int,int,int) (at Assets/Scripts/Arena/GridController.cs:47)
QuizBattle.GameState.GameManager:RunAutoPlayMatch (int,int) (at Assets/Scripts/GameState/GameManager.cs:66)
ArenaDemoRunner:RunScenario (string,int,int,string) (at Assets/Editor/ArenaDemoRunner.cs:40)
ArenaDemoRunner:Run () (at Assets/Editor/ArenaDemoRunner.cs:21)

[Assets/Scripts/Arena/GridController.cs line 176]

CornerStud: Destroy may not be called from edit mode! Use DestroyImmediate instead.
Destroying an object in edit mode destroys it permanently
UnityEngine.Debug:ExtractStackTraceNoAlloc (byte*,int,string)
UnityEngine.StackTraceUtility:ExtractStackTrace ()
UnityEngine.Object:Destroy (UnityEngine.Object,single)
UnityEngine.Object:Destroy (UnityEngine.Object)
QuizBattle.Arena.GridController:CreateCurbBorder (int,int) (at Assets/Scripts/Arena/GridController.cs:176)
QuizBattle.Arena.GridController:BuildGrid (int,int,int) (at Assets/Scripts/Arena/GridController.cs:47)
QuizBattle.GameState.GameManager:RunAutoPlayMatch (int,int) (at Assets/Scripts/GameState/GameManager.cs:66)
ArenaDemoRunner:RunScenario (string,int,int,string) (at Assets/Editor/ArenaDemoRunner.cs:40)
ArenaDemoRunner:Run () (at Assets/Editor/ArenaDemoRunner.cs:21)

[Assets/Scripts/Arena/GridController.cs line 176]

CornerStud: Destroy may not be called from edit mode! Use DestroyImmediate instead.
Destroying an object in edit mode destroys it permanently
UnityEngine.Debug:ExtractStackTraceNoAlloc (byte*,int,string)
UnityEngine.StackTraceUtility:ExtractStackTrace ()
UnityEngine.Object:Destroy (UnityEngine.Object,single)
UnityEngine.Object:Destroy (UnityEngine.Object)
QuizBattle.Arena.GridController:CreateCurbBorder (int,int) (at Assets/Scripts/Arena/GridController.cs:176)
QuizBattle.Arena.GridController:BuildGrid (int,int,int) (at Assets/Scripts/Arena/GridController.cs:47)
QuizBattle.GameState.GameManager:RunAutoPlayMatch (int,int) (at Assets/Scripts/GameState/GameManager.cs:66)
ArenaDemoRunner:RunScenario (string,int,int,string) (at Assets/Editor/ArenaDemoRunner.cs:40)
ArenaDemoRunner:Run () (at Assets/Editor/ArenaDemoRunner.cs:21)

[Assets/Scripts/Arena/GridController.cs line 176]

Plinth_Tier1: Destroy may not be called from edit mode! Use DestroyImmediate instead.
Destroying an object in edit mode destroys it permanently
UnityEngine.Debug:ExtractStackTraceNoAlloc (byte*,int,string)
UnityEngine.StackTraceUtility:ExtractStackTrace ()
UnityEngine.Object:Destroy (UnityEngine.Object,single)
UnityEngine.Object:Destroy (UnityEngine.Object)
QuizBattle.Arena.GridController:CreatePlinth (int,int) (at Assets/Scripts/Arena/GridController.cs:231)
QuizBattle.Arena.GridController:BuildGrid (int,int,int) (at Assets/Scripts/Arena/GridController.cs:48)
QuizBattle.GameState.GameManager:RunAutoPlayMatch (int,int) (at Assets/Scripts/GameState/GameManager.cs:66)
ArenaDemoRunner:RunScenario (string,int,int,string) (at Assets/Editor/ArenaDemoRunner.cs:40)
ArenaDemoRunner:Run () (at Assets/Editor/ArenaDemoRunner.cs:21)

[Assets/Scripts/Arena/GridController.cs line 231]

Plinth_Tier2: Destroy may not be called from edit mode! Use DestroyImmediate instead.
Destroying an object in edit mode destroys it permanently
UnityEngine.Debug:ExtractStackTraceNoAlloc (byte*,int,string)
UnityEngine.StackTraceUtility:ExtractStackTrace ()
UnityEngine.Object:Destroy (UnityEngine.Object,single)
UnityEngine.Object:Destroy (UnityEngine.Object)
QuizBattle.Arena.GridController:CreatePlinth (int,int) (at Assets/Scripts/Arena/GridController.cs:240)
QuizBattle.Arena.GridController:BuildGrid (int,int,int) (at Assets/Scripts/Arena/GridController.cs:48)
QuizBattle.GameState.GameManager:RunAutoPlayMatch (int,int) (at Assets/Scripts/GameState/GameManager.cs:66)
ArenaDemoRunner:RunScenario (string,int,int,string) (at Assets/Editor/ArenaDemoRunner.cs:40)
ArenaDemoRunner:Run () (at Assets/Editor/ArenaDemoRunner.cs:21)

[Assets/Scripts/Arena/GridController.cs line 240]

SkyDome: Destroy may not be called from edit mode! Use DestroyImmediate instead.
Destroying an object in edit mode destroys it permanently
UnityEngine.Debug:ExtractStackTraceNoAlloc (byte*,int,string)
UnityEngine.StackTraceUtility:ExtractStackTrace ()
UnityEngine.Object:Destroy (UnityEngine.Object,single)
UnityEngine.Object:Destroy (UnityEngine.Object)
QuizBattle.Arena.Visuals.ArenaColosseumBuilder:CreateSkyAndClouds (UnityEngine.Transform,UnityEngine.Vector3,single) (at Assets/Scripts/Arena/Visuals/ArenaColosseumBuilder.cs:49)
QuizBattle.Arena.Visuals.ArenaColosseumBuilder:Build (UnityEngine.Transform,int,int,single) (at Assets/Scripts/Arena/Visuals/ArenaColosseumBuilder.cs:25)
QuizBattle.Arena.GridController:BuildGrid (int,int,int) (at Assets/Scripts/Arena/GridController.cs:49)
QuizBattle.GameState.GameManager:RunAutoPlayMatch (int,int) (at Assets/Scripts/GameState/GameManager.cs:66)
ArenaDemoRunner:RunScenario (string,int,int,string) (at Assets/Editor/ArenaDemoRunner.cs:40)
ArenaDemoRunner:Run () (at Assets/Editor/ArenaDemoRunner.cs:21)

[Assets/Scripts/Arena/GridController.cs line 49]

Sphere: Destroy may not be called from edit mode! Use DestroyImmediate instead.
Destroying an object in edit mode destroys it permanently
UnityEngine.Debug:ExtractStackTraceNoAlloc (byte*,int,string)
UnityEngine.StackTraceUtility:ExtractStackTrace ()
UnityEngine.Object:Destroy (UnityEngine.Object,single)
UnityEngine.Object:Destroy (UnityEngine.Object)
QuizBattle.Arena.Visuals.ArenaColosseumBuilder:CreateCloud (UnityEngine.Transform,UnityEngine.Vector3,single) (at Assets/Scripts/Arena/Visuals/ArenaColosseumBuilder.cs:122)
QuizBattle.Arena.Visuals.ArenaColosseumBuilder:CreateSkyAndClouds (UnityEngine.Transform,UnityEngine.Vector3,single) (at Assets/Scripts/Arena/Visuals/ArenaColosseumBuilder.cs:78)
QuizBattle.Arena.Visuals.ArenaColosseumBuilder:Build (UnityEngine.Transform,int,int,single) (at Assets/Scripts/Arena/Visuals/ArenaColosseumBuilder.cs:25)
QuizBattle.Arena.GridController:BuildGrid (int,int,int) (at Assets/Scripts/Arena/GridController.cs:49)
QuizBattle.GameState.GameManager:RunAutoPlayMatch (int,int) (at Assets/Scripts/GameState/GameManager.cs:66)
ArenaDemoRunner:RunScenario (string,int,int,string) (at Assets/Editor/ArenaDemoRunner.cs:40)
ArenaDemoRunner:Run () (at Assets/Editor/ArenaDemoRunner.cs:21)

[Assets/Scripts/Arena/GridController.cs line 49]

Sphere: Destroy may not be called from edit mode! Use DestroyImmediate instead.
Destroying an object in edit mode destroys it permanently
UnityEngine.Debug:ExtractStackTraceNoAlloc (byte*,int,string)
UnityEngine.StackTraceUtility:ExtractStackTrace ()
UnityEngine.Object:Destroy (UnityEngine.Object,single)
UnityEngine.Object:Destroy (UnityEngine.Object)
QuizBattle.Arena.Visuals.ArenaColosseumBuilder:CreateCloud (UnityEngine.Transform,UnityEngine.Vector3,single) (at Assets/Scripts/Arena/Visuals/ArenaColosseumBuilder.cs:122)
QuizBattle.Arena.Visuals.ArenaColosseumBuilder:CreateSkyAndClouds (UnityEngine.Transform,UnityEngine.Vector3,single) (at Assets/Scripts/Arena/Visuals/ArenaColosseumBuilder.cs:78)
QuizBattle.Arena.Visuals.ArenaColosseumBuilder:Build (UnityEngine.Transform,int,int,single) (at Assets/Scripts/Arena/Visuals/ArenaColosseumBuilder.cs:25)
QuizBattle.Arena.GridController:BuildGrid (int,int,int) (at Assets/Scripts/Arena/GridController.cs:49)
QuizBattle.GameState.GameManager:RunAutoPlayMatch (int,int) (at Assets/Scripts/GameState/GameManager.cs:66)
ArenaDemoRunner:RunScenario (string,int,int,string) (at Assets/Editor/ArenaDemoRunner.cs:40)
ArenaDemoRunner:Run () (at Assets/Editor/ArenaDemoRunner.cs:21)

[Assets/Scripts/Arena/GridController.cs line 49]

Sphere: Destroy may not be called from edit mode! Use DestroyImmediate instead.
Destroying an object in edit mode destroys it permanently
UnityEngine.Debug:ExtractStackTraceNoAlloc (byte*,int,string)
UnityEngine.StackTraceUtility:ExtractStackTrace ()
UnityEngine.Object:Destroy (UnityEngine.Object,single)
UnityEngine.Object:Destroy (UnityEngine.Object)
QuizBattle.Arena.Visuals.ArenaColosseumBuilder:CreateCloud (UnityEngine.Transform,UnityEngine.Vector3,single) (at Assets/Scripts/Arena/Visuals/ArenaColosseumBuilder.cs:122)
QuizBattle.Arena.Visuals.ArenaColosseumBuilder:CreateSkyAndClouds (UnityEngine.Transform,UnityEngine.Vector3,single) (at Assets/Scripts/Arena/Visuals/ArenaColosseumBuilder.cs:78)
QuizBattle.Arena.Visuals.ArenaColosseumBuilder:Build (UnityEngine.Transform,int,int,single) (at Assets/Scripts/Arena/Visuals/ArenaColosseumBuilder.cs:25)
QuizBattle.Arena.GridController:BuildGrid (int,int,int) (at Assets/Scripts/Arena/GridController.cs:49)
QuizBattle.GameState.GameManager:RunAutoPlayMatch (int,int) (at Assets/Scripts/GameState/GameManager.cs:66)
ArenaDemoRunner:RunScenario (string,int,int,string) (at Assets/Editor/ArenaDemoRunner.cs:40)
ArenaDemoRunner:Run () (at Assets/Editor/ArenaDemoRunner.cs:21)

[Assets/Scripts/Arena/GridController.cs line 49]

Sphere: Destroy may not be called from edit mode! Use DestroyImmediate instead.
Destroying an object in edit mode destroys it permanently
UnityEngine.Debug:ExtractStackTraceNoAlloc (byte*,int,string)
UnityEngine.StackTraceUtility:ExtractStackTrace ()
UnityEngine.Object:Destroy (UnityEngine.Object,single)
UnityEngine.Object:Destroy (UnityEngine.Object)
QuizBattle.Arena.Visuals.ArenaColosseumBuilder:CreateCloud (UnityEngine.Transform,UnityEngine.Vector3,single) (at Assets/Scripts/Arena/Visuals/ArenaColosseumBuilder.cs:122)
QuizBattle.Arena.Visuals.ArenaColosseumBuilder:CreateSkyAndClouds (UnityEngine.Transform,UnityEngine.Vector3,single) (at Assets/Scripts/Arena/Visuals/ArenaColosseumBuilder.cs:78)
QuizBattle.Arena.Visuals.ArenaColosseumBuilder:Build (UnityEngine.Transform,int,int,single) (at Assets/Scripts/Arena/Visuals/ArenaColosseumBuilder.cs:25)
QuizBattle.Arena.GridController:BuildGrid (int,int,int) (at Assets/Scripts/Arena/GridController.cs:49)
QuizBattle.GameState.GameManager:RunAutoPlayMatch (int,int) (at Assets/Scripts/GameState/GameManager.cs:66)
ArenaDemoRunner:RunScenario (string,int,int,string) (at Assets/Editor/ArenaDemoRunner.cs:40)
ArenaDemoRunner:Run () (at Assets/Editor/ArenaDemoRunner.cs:21)

[Assets/Scripts/Arena/GridController.cs line 49]

Sphere: Destroy may not be called from edit mode! Use DestroyImmediate instead.
Destroying an object in edit mode destroys it permanently
UnityEngine.Debug:ExtractStackTraceNoAlloc (byte*,int,string)
UnityEngine.StackTraceUtility:ExtractStackTrace ()
UnityEngine.Object:Destroy (UnityEngine.Object,single)
UnityEngine.Object:Destroy (UnityEngine.Object)
QuizBattle.Arena.Visuals.ArenaColosseumBuilder:CreateCloud (UnityEngine.Transform,UnityEngine.Vector3,single) (at Assets/Scripts/Arena/Visuals/ArenaColosseumBuilder.cs:122)
QuizBattle.Arena.Visuals.ArenaColosseumBuilder:CreateSkyAndClouds (UnityEngine.Transform,UnityEngine.Vector3,single) (at Assets/Scripts/Arena/Visuals/ArenaColosseumBuilder.cs:78)
QuizBattle.Arena.Visuals.ArenaColosseumBuilder:Build (UnityEngine.Transform,int,int,single) (at Assets/Scripts/Arena/Visuals/ArenaColosseumBuilder.cs:25)
QuizBattle.Arena.GridController:BuildGrid (int,int,int) (at Assets/Scripts/Arena/GridController.cs:49)
QuizBattle.GameState.GameManager:RunAutoPlayMatch (int,int) (at Assets/Scripts/GameState/GameManager.cs:66)
ArenaDemoRunner:RunScenario (string,int,int,string) (at Assets/Editor/ArenaDemoRunner.cs:40)
ArenaDemoRunner:Run () (at Assets/Editor/ArenaDemoRunner.cs:21)

[Assets/Scripts/Arena/GridController.cs line 49]

Sphere: Destroy may not be called from edit mode! Use DestroyImmediate instead.
Destroying an object in edit mode destroys it permanently
UnityEngine.Debug:ExtractStackTraceNoAlloc (byte*,int,string)
UnityEngine.StackTraceUtility:ExtractStackTrace ()
UnityEngine.Object:Destroy (UnityEngine.Object,single)
UnityEngine.Object:Destroy (UnityEngine.Object)
QuizBattle.Arena.Visuals.ArenaColosseumBuilder:CreateCloud (UnityEngine.Transform,UnityEngine.Vector3,single) (at Assets/Scripts/Arena/Visuals/ArenaColosseumBuilder.cs:122)
QuizBattle.Arena.Visuals.ArenaColosseumBuilder:CreateSkyAndClouds (UnityEngine.Transform,UnityEngine.Vector3,single) (at Assets/Scripts/Arena/Visuals/ArenaColosseumBuilder.cs:78)
QuizBattle.Arena.Visuals.ArenaColosseumBuilder:Build (UnityEngine.Transform,int,int,single) (at Assets/Scripts/Arena/Visuals/ArenaColosseumBuilder.cs:25)
QuizBattle.Arena.GridController:BuildGrid (int,int,int) (at Assets/Scripts/Arena/GridController.cs:49)
QuizBattle.GameState.GameManager:RunAutoPlayMatch (int,int) (at Assets/Scripts/GameState/GameManager.cs:66)
ArenaDemoRunner:RunScenario (string,int,int,string) (at Assets/Editor/ArenaDemoRunner.cs:40)
ArenaDemoRunner:Run () (at Assets/Editor/ArenaDemoRunner.cs:21)

[Assets/Scripts/Arena/GridController.cs line 49]

Sphere: Destroy may not be called from edit mode! Use DestroyImmediate instead.
Destroying an object in edit mode destroys it permanently
UnityEngine.Debug:ExtractStackTraceNoAlloc (byte*,int,string)
UnityEngine.StackTraceUtility:ExtractStackTrace ()
UnityEngine.Object:Destroy (UnityEngine.Object,single)
UnityEngine.Object:Destroy (UnityEngine.Object)
QuizBattle.Arena.Visuals.ArenaColosseumBuilder:CreateCloud (UnityEngine.Transform,UnityEngine.Vector3,single) (at Assets/Scripts/Arena/Visuals/ArenaColosseumBuilder.cs:122)
QuizBattle.Arena.Visuals.ArenaColosseumBuilder:CreateSkyAndClouds (UnityEngine.Transform,UnityEngine.Vector3,single) (at Assets/Scripts/Arena/Visuals/ArenaColosseumBuilder.cs:78)
QuizBattle.Arena.Visuals.ArenaColosseumBuilder:Build (UnityEngine.Transform,int,int,single) (at Assets/Scripts/Arena/Visuals/ArenaColosseumBuilder.cs:25)
QuizBattle.Arena.GridController:BuildGrid (int,int,int) (at Assets/Scripts/Arena/GridController.cs:49)
QuizBattle.GameState.GameManager:RunAutoPlayMatch (int,int) (at Assets/Scripts/GameState/GameManager.cs:66)
ArenaDemoRunner:RunScenario (string,int,int,string) (at Assets/Editor/ArenaDemoRunner.cs:40)
ArenaDemoRunner:Run () (at Assets/Editor/ArenaDemoRunner.cs:21)

[Assets/Scripts/Arena/GridController.cs line 49]

Sphere: Destroy may not be called from edit mode! Use DestroyImmediate instead.
Destroying an object in edit mode destroys it permanently
UnityEngine.Debug:ExtractStackTraceNoAlloc (byte*,int,string)
UnityEngine.StackTraceUtility:ExtractStackTrace ()
UnityEngine.Object:Destroy (UnityEngine.Object,single)
UnityEngine.Object:Destroy (UnityEngine.Object)
QuizBattle.Arena.Visuals.ArenaColosseumBuilder:CreateCloud (UnityEngine.Transform,UnityEngine.Vector3,single) (at Assets/Scripts/Arena/Visuals/ArenaColosseumBuilder.cs:122)
QuizBattle.Arena.Visuals.ArenaColosseumBuilder:CreateSkyAndClouds (UnityEngine.Transform,UnityEngine.Vector3,single) (at Assets/Scripts/Arena/Visuals/ArenaColosseumBuilder.cs:78)
QuizBattle.Arena.Visuals.ArenaColosseumBuilder:Build (UnityEngine.Transform,int,int,single) (at Assets/Scripts/Arena/Visuals/ArenaColosseumBuilder.cs:25)
QuizBattle.Arena.GridController:BuildGrid (int,int,int) (at Assets/Scripts/Arena/GridController.cs:49)
QuizBattle.GameState.GameManager:RunAutoPlayMatch (int,int) (at Assets/Scripts/GameState/GameManager.cs:66)
ArenaDemoRunner:RunScenario (string,int,int,string) (at Assets/Editor/ArenaDemoRunner.cs:40)
ArenaDemoRunner:Run () (at Assets/Editor/ArenaDemoRunner.cs:21)

[Assets/Scripts/Arena/GridController.cs line 49]

Sphere: Destroy may not be called from edit mode! Use DestroyImmediate instead.
Destroying an object in edit mode destroys it permanently
UnityEngine.Debug:ExtractStackTraceNoAlloc (byte*,int,string)
UnityEngine.StackTraceUtility:ExtractStackTrace ()
UnityEngine.Object:Destroy (UnityEngine.Object,single)
UnityEngine.Object:Destroy (UnityEngine.Object)
QuizBattle.Arena.Visuals.ArenaColosseumBuilder:CreateCloud (UnityEngine.Transform,UnityEngine.Vector3,single) (at Assets/Scripts/Arena/Visuals/ArenaColosseumBuilder.cs:122)
QuizBattle.Arena.Visuals.ArenaColosseumBuilder:CreateSkyAndClouds (UnityEngine.Transform,UnityEngine.Vector3,single) (at Assets/Scripts/Arena/Visuals/ArenaColosseumBuilder.cs:78)
QuizBattle.Arena.Visuals.ArenaColosseumBuilder:Build (UnityEngine.Transform,int,int,single) (at Assets/Scripts/Arena/Visuals/ArenaColosseumBuilder.cs:25)
QuizBattle.Arena.GridController:BuildGrid (int,int,int) (at Assets/Scripts/Arena/GridController.cs:49)
QuizBattle.GameState.GameManager:RunAutoPlayMatch (int,int) (at Assets/Scripts/GameState/GameManager.cs:66)
ArenaDemoRunner:RunScenario (string,int,int,string) (at Assets/Editor/ArenaDemoRunner.cs:40)
ArenaDemoRunner:Run () (at Assets/Editor/ArenaDemoRunner.cs:21)

[Assets/Scripts/Arena/GridController.cs line 49]

Sphere: Destroy may not be called from edit mode! Use DestroyImmediate instead.
Destroying an object in edit mode destroys it permanently
UnityEngine.Debug:ExtractStackTraceNoAlloc (byte*,int,string)
UnityEngine.StackTraceUtility:ExtractStackTrace ()
UnityEngine.Object:Destroy (UnityEngine.Object,single)
UnityEngine.Object:Destroy (UnityEngine.Object)
QuizBattle.Arena.Visuals.ArenaColosseumBuilder:CreateCloud (UnityEngine.Transform,UnityEngine.Vector3,single) (at Assets/Scripts/Arena/Visuals/ArenaColosseumBuilder.cs:122)
QuizBattle.Arena.Visuals.ArenaColosseumBuilder:CreateSkyAndClouds (UnityEngine.Transform,UnityEngine.Vector3,single) (at Assets/Scripts/Arena/Visuals/ArenaColosseumBuilder.cs:78)
QuizBattle.Arena.Visuals.ArenaColosseumBuilder:Build (UnityEngine.Transform,int,int,single) (at Assets/Scripts/Arena/Visuals/ArenaColosseumBuilder.cs:25)
QuizBattle.Arena.GridController:BuildGrid (int,int,int) (at Assets/Scripts/Arena/GridController.cs:49)
QuizBattle.GameState.GameManager:RunAutoPlayMatch (int,int) (at Assets/Scripts/GameState/GameManager.cs:66)
ArenaDemoRunner:RunScenario (string,int,int,string) (at Assets/Editor/ArenaDemoRunner.cs:40)
ArenaDemoRunner:Run () (at Assets/Editor/ArenaDemoRunner.cs:21)

[Assets/Scripts/Arena/GridController.cs line 49]

Sphere: Destroy may not be called from edit mode! Use DestroyImmediate instead.
Destroying an object in edit mode destroys it permanently
UnityEngine.Debug:ExtractStackTraceNoAlloc (byte*,int,string)
UnityEngine.StackTraceUtility:ExtractStackTrace ()
UnityEngine.Object:Destroy (UnityEngine.Object,single)
UnityEngine.Object:Destroy (UnityEngine.Object)
QuizBattle.Arena.Visuals.ArenaColosseumBuilder:CreateCloud (UnityEngine.Transform,UnityEngine.Vector3,single) (at Assets/Scripts/Arena/Visuals/ArenaColosseumBuilder.cs:122)
QuizBattle.Arena.Visuals.ArenaColosseumBuilder:CreateSkyAndClouds (UnityEngine.Transform,UnityEngine.Vector3,single) (at Assets/Scripts/Arena/Visuals/ArenaColosseumBuilder.cs:78)
QuizBattle.Arena.Visuals.ArenaColosseumBuilder:Build (UnityEngine.Transform,int,int,single) (at Assets/Scripts/Arena/Visuals/ArenaColosseumBuilder.cs:25)
QuizBattle.Arena.GridController:BuildGrid (int,int,int) (at Assets/Scripts/Arena/GridController.cs:49)
QuizBattle.GameState.GameManager:RunAutoPlayMatch (int,int) (at Assets/Scripts/GameState/GameManager.cs:66)
ArenaDemoRunner:RunScenario (string,int,int,string) (at Assets/Editor/ArenaDemoRunner.cs:40)
ArenaDemoRunner:Run () (at Assets/Editor/ArenaDemoRunner.cs:21)

[Assets/Scripts/Arena/GridController.cs line 49]

Sphere: Destroy may not be called from edit mode! Use DestroyImmediate instead.
Destroying an object in edit mode destroys it permanently
UnityEngine.Debug:ExtractStackTraceNoAlloc (byte*,int,string)
UnityEngine.StackTraceUtility:ExtractStackTrace ()
UnityEngine.Object:Destroy (UnityEngine.Object,single)
UnityEngine.Object:Destroy (UnityEngine.Object)
QuizBattle.Arena.Visuals.ArenaColosseumBuilder:CreateCloud (UnityEngine.Transform,UnityEngine.Vector3,single) (at Assets/Scripts/Arena/Visuals/ArenaColosseumBuilder.cs:122)
QuizBattle.Arena.Visuals.ArenaColosseumBuilder:CreateSkyAndClouds (UnityEngine.Transform,UnityEngine.Vector3,single) (at Assets/Scripts/Arena/Visuals/ArenaColosseumBuilder.cs:78)
QuizBattle.Arena.Visuals.ArenaColosseumBuilder:Build (UnityEngine.Transform,int,int,single) (at Assets/Scripts/Arena/Visuals/ArenaColosseumBuilder.cs:25)
QuizBattle.Arena.GridController:BuildGrid (int,int,int) (at Assets/Scripts/Arena/GridController.cs:49)
QuizBattle.GameState.GameManager:RunAutoPlayMatch (int,int) (at Assets/Scripts/GameState/GameManager.cs:66)
ArenaDemoRunner:RunScenario (string,int,int,string) (at Assets/Editor/ArenaDemoRunner.cs:40)
ArenaDemoRunner:Run () (at Assets/Editor/ArenaDemoRunner.cs:21)

[Assets/Scripts/Arena/GridController.cs line 49]

Sphere: Destroy may not be called from edit mode! Use DestroyImmediate instead.
Destroying an object in edit mode destroys it permanently
UnityEngine.Debug:ExtractStackTraceNoAlloc (byte*,int,string)
UnityEngine.StackTraceUtility:ExtractStackTrace ()
UnityEngine.Object:Destroy (UnityEngine.Object,single)
UnityEngine.Object:Destroy (UnityEngine.Object)
QuizBattle.Arena.Visuals.ArenaColosseumBuilder:CreateCloud (UnityEngine.Transform,UnityEngine.Vector3,single) (at Assets/Scripts/Arena/Visuals/ArenaColosseumBuilder.cs:122)
QuizBattle.Arena.Visuals.ArenaColosseumBuilder:CreateSkyAndClouds (UnityEngine.Transform,UnityEngine.Vector3,single) (at Assets/Scripts/Arena/Visuals/ArenaColosseumBuilder.cs:78)
QuizBattle.Arena.Visuals.ArenaColosseumBuilder:Build (UnityEngine.Transform,int,int,single) (at Assets/Scripts/Arena/Visuals/ArenaColosseumBuilder.cs:25)
QuizBattle.Arena.GridController:BuildGrid (int,int,int) (at Assets/Scripts/Arena/GridController.cs:49)
QuizBattle.GameState.GameManager:RunAutoPlayMatch (int,int) (at Assets/Scripts/GameState/GameManager.cs:66)
ArenaDemoRunner:RunScenario (string,int,int,string) (at Assets/Editor/ArenaDemoRunner.cs:40)
ArenaDemoRunner:Run () (at Assets/Editor/ArenaDemoRunner.cs:21)

[Assets/Scripts/Arena/GridController.cs line 49]

Sphere: Destroy may not be called from edit mode! Use DestroyImmediate instead.
Destroying an object in edit mode destroys it permanently
UnityEngine.Debug:ExtractStackTraceNoAlloc (byte*,int,string)
UnityEngine.StackTraceUtility:ExtractStackTrace ()
UnityEngine.Object:Destroy (UnityEngine.Object,single)
UnityEngine.Object:Destroy (UnityEngine.Object)
QuizBattle.Arena.Visuals.ArenaColosseumBuilder:CreateCloud (UnityEngine.Transform,UnityEngine.Vector3,single) (at Assets/Scripts/Arena/Visuals/ArenaColosseumBuilder.cs:122)
QuizBattle.Arena.Visuals.ArenaColosseumBuilder:CreateSkyAndClouds (UnityEngine.Transform,UnityEngine.Vector3,single) (at Assets/Scripts/Arena/Visuals/ArenaColosseumBuilder.cs:78)
QuizBattle.Arena.Visuals.ArenaColosseumBuilder:Build (UnityEngine.Transform,int,int,single) (at Assets/Scripts/Arena/Visuals/ArenaColosseumBuilder.cs:25)
QuizBattle.Arena.GridController:BuildGrid (int,int,int) (at Assets/Scripts/Arena/GridController.cs:49)
QuizBattle.GameState.GameManager:RunAutoPlayMatch (int,int) (at Assets/Scripts/GameState/GameManager.cs:66)
ArenaDemoRunner:RunScenario (string,int,int,string) (at Assets/Editor/ArenaDemoRunner.cs:40)
ArenaDemoRunner:Run () (at Assets/Editor/ArenaDemoRunner.cs:21)

[Assets/Scripts/Arena/GridController.cs line 49]

Sphere: Destroy may not be called from edit mode! Use DestroyImmediate instead.
Destroying an object in edit mode destroys it permanently
UnityEngine.Debug:ExtractStackTraceNoAlloc (byte*,int,string)
UnityEngine.StackTraceUtility:ExtractStackTrace ()
UnityEngine.Object:Destroy (UnityEngine.Object,single)
UnityEngine.Object:Destroy (UnityEngine.Object)
QuizBattle.Arena.Visuals.ArenaColosseumBuilder:CreateCloud (UnityEngine.Transform,UnityEngine.Vector3,single) (at Assets/Scripts/Arena/Visuals/ArenaColosseumBuilder.cs:122)
QuizBattle.Arena.Visuals.ArenaColosseumBuilder:CreateSkyAndClouds (UnityEngine.Transform,UnityEngine.Vector3,single) (at Assets/Scripts/Arena/Visuals/ArenaColosseumBuilder.cs:78)
QuizBattle.Arena.Visuals.ArenaColosseumBuilder:Build (UnityEngine.Transform,int,int,single) (at Assets/Scripts/Arena/Visuals/ArenaColosseumBuilder.cs:25)
QuizBattle.Arena.GridController:BuildGrid (int,int,int) (at Assets/Scripts/Arena/GridController.cs:49)
QuizBattle.GameState.GameManager:RunAutoPlayMatch (int,int) (at Assets/Scripts/GameState/GameManager.cs:66)
ArenaDemoRunner:RunScenario (string,int,int,string) (at Assets/Editor/ArenaDemoRunner.cs:40)
ArenaDemoRunner:Run () (at Assets/Editor/ArenaDemoRunner.cs:21)

[Assets/Scripts/Arena/GridController.cs line 49]

Sphere: Destroy may not be called from edit mode! Use DestroyImmediate instead.
Destroying an object in edit mode destroys it permanently
UnityEngine.Debug:ExtractStackTraceNoAlloc (byte*,int,string)
UnityEngine.StackTraceUtility:ExtractStackTrace ()
UnityEngine.Object:Destroy (UnityEngine.Object,single)
UnityEngine.Object:Destroy (UnityEngine.Object)
QuizBattle.Arena.Visuals.ArenaColosseumBuilder:CreateCloud (UnityEngine.Transform,UnityEngine.Vector3,single) (at Assets/Scripts/Arena/Visuals/ArenaColosseumBuilder.cs:122)
QuizBattle.Arena.Visuals.ArenaColosseumBuilder:CreateSkyAndClouds (UnityEngine.Transform,UnityEngine.Vector3,single) (at Assets/Scripts/Arena/Visuals/ArenaColosseumBuilder.cs:78)
QuizBattle.Arena.Visuals.ArenaColosseumBuilder:Build (UnityEngine.Transform,int,int,single) (at Assets/Scripts/Arena/Visuals/ArenaColosseumBuilder.cs:25)
QuizBattle.Arena.GridController:BuildGrid (int,int,int) (at Assets/Scripts/Arena/GridController.cs:49)
QuizBattle.GameState.GameManager:RunAutoPlayMatch (int,int) (at Assets/Scripts/GameState/GameManager.cs:66)
ArenaDemoRunner:RunScenario (string,int,int,string) (at Assets/Editor/ArenaDemoRunner.cs:40)
ArenaDemoRunner:Run () (at Assets/Editor/ArenaDemoRunner.cs:21)

[Assets/Scripts/Arena/GridController.cs line 49]

Sphere: Destroy may not be called from edit mode! Use DestroyImmediate instead.
Destroying an object in edit mode destroys it permanently
UnityEngine.Debug:ExtractStackTraceNoAlloc (byte*,int,string)
UnityEngine.StackTraceUtility:ExtractStackTrace ()
UnityEngine.Object:Destroy (UnityEngine.Object,single)
UnityEngine.Object:Destroy (UnityEngine.Object)
QuizBattle.Arena.Visuals.ArenaColosseumBuilder:CreateCloud (UnityEngine.Transform,UnityEngine.Vector3,single) (at Assets/Scripts/Arena/Visuals/ArenaColosseumBuilder.cs:122)
QuizBattle.Arena.Visuals.ArenaColosseumBuilder:CreateSkyAndClouds (UnityEngine.Transform,UnityEngine.Vector3,single) (at Assets/Scripts/Arena/Visuals/ArenaColosseumBuilder.cs:78)
QuizBattle.Arena.Visuals.ArenaColosseumBuilder:Build (UnityEngine.Transform,int,int,single) (at Assets/Scripts/Arena/Visuals/ArenaColosseumBuilder.cs:25)
QuizBattle.Arena.GridController:BuildGrid (int,int,int) (at Assets/Scripts/Arena/GridController.cs:49)
QuizBattle.GameState.GameManager:RunAutoPlayMatch (int,int) (at Assets/Scripts/GameState/GameManager.cs:66)
ArenaDemoRunner:RunScenario (string,int,int,string) (at Assets/Editor/ArenaDemoRunner.cs:40)
ArenaDemoRunner:Run () (at Assets/Editor/ArenaDemoRunner.cs:21)

[Assets/Scripts/Arena/GridController.cs line 49]

Sphere: Destroy may not be called from edit mode! Use DestroyImmediate instead.
Destroying an object in edit mode destroys it permanently
UnityEngine.Debug:ExtractStackTraceNoAlloc (byte*,int,string)
UnityEngine.StackTraceUtility:ExtractStackTrace ()
UnityEngine.Object:Destroy (UnityEngine.Object,single)
UnityEngine.Object:Destroy (UnityEngine.Object)
QuizBattle.Arena.Visuals.ArenaColosseumBuilder:CreateCloud (UnityEngine.Transform,UnityEngine.Vector3,single) (at Assets/Scripts/Arena/Visuals/ArenaColosseumBuilder.cs:122)
QuizBattle.Arena.Visuals.ArenaColosseumBuilder:CreateSkyAndClouds (UnityEngine.Transform,UnityEngine.Vector3,single) (at Assets/Scripts/Arena/Visuals/ArenaColosseumBuilder.cs:78)
QuizBattle.Arena.Visuals.ArenaColosseumBuilder:Build (UnityEngine.Transform,int,int,single) (at Assets/Scripts/Arena/Visuals/ArenaColosseumBuilder.cs:25)
QuizBattle.Arena.GridController:BuildGrid (int,int,int) (at Assets/Scripts/Arena/GridController.cs:49)
QuizBattle.GameState.GameManager:RunAutoPlayMatch (int,int) (at Assets/Scripts/GameState/GameManager.cs:66)
ArenaDemoRunner:RunScenario (string,int,int,string) (at Assets/Editor/ArenaDemoRunner.cs:40)
ArenaDemoRunner:Run () (at Assets/Editor/ArenaDemoRunner.cs:21)

[Assets/Scripts/Arena/GridController.cs line 49]

Sphere: Destroy may not be called from edit mode! Use DestroyImmediate instead.
Destroying an object in edit mode destroys it permanently
UnityEngine.Debug:ExtractStackTraceNoAlloc (byte*,int,string)
UnityEngine.StackTraceUtility:ExtractStackTrace ()
UnityEngine.Object:Destroy (UnityEngine.Object,single)
UnityEngine.Object:Destroy (UnityEngine.Object)
QuizBattle.Arena.Visuals.ArenaColosseumBuilder:CreateCloud (UnityEngine.Transform,UnityEngine.Vector3,single) (at Assets/Scripts/Arena/Visuals/ArenaColosseumBuilder.cs:122)
QuizBattle.Arena.Visuals.ArenaColosseumBuilder:CreateSkyAndClouds (UnityEngine.Transform,UnityEngine.Vector3,single) (at Assets/Scripts/Arena/Visuals/ArenaColosseumBuilder.cs:78)
QuizBattle.Arena.Visuals.ArenaColosseumBuilder:Build (UnityEngine.Transform,int,int,single) (at Assets/Scripts/Arena/Visuals/ArenaColosseumBuilder.cs:25)
QuizBattle.Arena.GridController:BuildGrid (int,int,int) (at Assets/Scripts/Arena/GridController.cs:49)
QuizBattle.GameState.GameManager:RunAutoPlayMatch (int,int) (at Assets/Scripts/GameState/GameManager.cs:66)
ArenaDemoRunner:RunScenario (string,int,int,string) (at Assets/Editor/ArenaDemoRunner.cs:40)
ArenaDemoRunner:Run () (at Assets/Editor/ArenaDemoRunner.cs:21)

[Assets/Scripts/Arena/GridController.cs line 49]

Sphere: Destroy may not be called from edit mode! Use DestroyImmediate instead.
Destroying an object in edit mode destroys it permanently
UnityEngine.Debug:ExtractStackTraceNoAlloc (byte*,int,string)
UnityEngine.StackTraceUtility:ExtractStackTrace ()
UnityEngine.Object:Destroy (UnityEngine.Object,single)
UnityEngine.Object:Destroy (UnityEngine.Object)
QuizBattle.Arena.Visuals.ArenaColosseumBuilder:CreateCloud (UnityEngine.Transform,UnityEngine.Vector3,single) (at Assets/Scripts/Arena/Visuals/ArenaColosseumBuilder.cs:122)
QuizBattle.Arena.Visuals.ArenaColosseumBuilder:CreateSkyAndClouds (UnityEngine.Transform,UnityEngine.Vector3,single) (at Assets/Scripts/Arena/Visuals/ArenaColosseumBuilder.cs:78)
QuizBattle.Arena.Visuals.ArenaColosseumBuilder:Build (UnityEngine.Transform,int,int,single) (at Assets/Scripts/Arena/Visuals/ArenaColosseumBuilder.cs:25)
QuizBattle.Arena.GridController:BuildGrid (int,int,int) (at Assets/Scripts/Arena/GridController.cs:49)
QuizBattle.GameState.GameManager:RunAutoPlayMatch (int,int) (at Assets/Scripts/GameState/GameManager.cs:66)
ArenaDemoRunner:RunScenario (string,int,int,string) (at Assets/Editor/ArenaDemoRunner.cs:40)
ArenaDemoRunner:Run () (at Assets/Editor/ArenaDemoRunner.cs:21)

[Assets/Scripts/Arena/GridController.cs line 49]

WallSection: Destroy may not be called from edit mode! Use DestroyImmediate instead.
Destroying an object in edit mode destroys it permanently
UnityEngine.Debug:ExtractStackTraceNoAlloc (byte*,int,string)
UnityEngine.StackTraceUtility:ExtractStackTrace ()
UnityEngine.Object:Destroy (UnityEngine.Object,single)
UnityEngine.Object:Destroy (UnityEngine.Object)
QuizBattle.Arena.Visuals.ArenaColosseumBuilder:CreateWallSection (UnityEngine.Transform,UnityEngine.Vector3,UnityEngine.Vector3,UnityEngine.Material,bool) (at Assets/Scripts/Arena/Visuals/ArenaColosseumBuilder.cs:213)
QuizBattle.Arena.Visuals.ArenaColosseumBuilder:CreateStadiumWallsAndTowers (UnityEngine.Transform,UnityEngine.Vector3,single,single) (at Assets/Scripts/Arena/Visuals/ArenaColosseumBuilder.cs:172)
QuizBattle.Arena.Visuals.ArenaColosseumBuilder:Build (UnityEngine.Transform,int,int,single) (at Assets/Scripts/Arena/Visuals/ArenaColosseumBuilder.cs:26)
QuizBattle.Arena.GridController:BuildGrid (int,int,int) (at Assets/Scripts/Arena/GridController.cs:49)
QuizBattle.GameState.GameManager:RunAutoPlayMatch (int,int) (at Assets/Scripts/GameState/GameManager.cs:66)
ArenaDemoRunner:RunScenario (string,int,int,string) (at Assets/Editor/ArenaDemoRunner.cs:40)
ArenaDemoRunner:Run () (at Assets/Editor/ArenaDemoRunner.cs:21)

[Assets/Scripts/Arena/GridController.cs line 49]

Crenellation: Destroy may not be called from edit mode! Use DestroyImmediate instead.
Destroying an object in edit mode destroys it permanently
UnityEngine.Debug:ExtractStackTraceNoAlloc (byte*,int,string)
UnityEngine.StackTraceUtility:ExtractStackTrace ()
UnityEngine.Object:Destroy (UnityEngine.Object,single)
UnityEngine.Object:Destroy (UnityEngine.Object)
QuizBattle.Arena.Visuals.ArenaColosseumBuilder:CreateWallSection (UnityEngine.Transform,UnityEngine.Vector3,UnityEngine.Vector3,UnityEngine.Material,bool) (at Assets/Scripts/Arena/Visuals/ArenaColosseumBuilder.cs:229)
QuizBattle.Arena.Visuals.ArenaColosseumBuilder:CreateStadiumWallsAndTowers (UnityEngine.Transform,UnityEngine.Vector3,single,single) (at Assets/Scripts/Arena/Visuals/ArenaColosseumBuilder.cs:172)
QuizBattle.Arena.Visuals.ArenaColosseumBuilder:Build (UnityEngine.Transform,int,int,single) (at Assets/Scripts/Arena/Visuals/ArenaColosseumBuilder.cs:26)
QuizBattle.Arena.GridController:BuildGrid (int,int,int) (at Assets/Scripts/Arena/GridController.cs:49)
QuizBattle.GameState.GameManager:RunAutoPlayMatch (int,int) (at Assets/Scripts/GameState/GameManager.cs:66)
ArenaDemoRunner:RunScenario (string,int,int,string) (at Assets/Editor/ArenaDemoRunner.cs:40)
ArenaDemoRunner:Run () (at Assets/Editor/ArenaDemoRunner.cs:21)

[Assets/Scripts/Arena/GridController.cs line 49]

Crenellation: Destroy may not be called from edit mode! Use DestroyImmediate instead.
Destroying an object in edit mode destroys it permanently
UnityEngine.Debug:ExtractStackTraceNoAlloc (byte*,int,string)
UnityEngine.StackTraceUtility:ExtractStackTrace ()
UnityEngine.Object:Destroy (UnityEngine.Object,single)
UnityEngine.Object:Destroy (UnityEngine.Object)
QuizBattle.Arena.Visuals.ArenaColosseumBuilder:CreateWallSection (UnityEngine.Transform,UnityEngine.Vector3,UnityEngine.Vector3,UnityEngine.Material,bool) (at Assets/Scripts/Arena/Visuals/ArenaColosseumBuilder.cs:229)
QuizBattle.Arena.Visuals.ArenaColosseumBuilder:CreateStadiumWallsAndTowers (UnityEngine.Transform,UnityEngine.Vector3,single,single) (at Assets/Scripts/Arena/Visuals/ArenaColosseumBuilder.cs:172)
QuizBattle.Arena.Visuals.ArenaColosseumBuilder:Build (UnityEngine.Transform,int,int,single) (at Assets/Scripts/Arena/Visuals/ArenaColosseumBuilder.cs:26)
QuizBattle.Arena.GridController:BuildGrid (int,int,int) (at Assets/Scripts/Arena/GridController.cs:49)
QuizBattle.GameState.GameManager:RunAutoPlayMatch (int,int) (at Assets/Scripts/GameState/GameManager.cs:66)
ArenaDemoRunner:RunScenario (string,int,int,string) (at Assets/Editor/ArenaDemoRunner.cs:40)
ArenaDemoRunner:Run () (at Assets/Editor/ArenaDemoRunner.cs:21)

[Assets/Scripts/Arena/GridController.cs line 49]

Crenellation: Destroy may not be called from edit mode! Use DestroyImmediate instead.
Destroying an object in edit mode destroys it permanently
UnityEngine.Debug:ExtractStackTraceNoAlloc (byte*,int,string)
UnityEngine.StackTraceUtility:ExtractStackTrace ()
UnityEngine.Object:Destroy (UnityEngine.Object,single)
UnityEngine.Object:Destroy (UnityEngine.Object)
QuizBattle.Arena.Visuals.ArenaColosseumBuilder:CreateWallSection (UnityEngine.Transform,UnityEngine.Vector3,UnityEngine.Vector3,UnityEngine.Material,bool) (at Assets/Scripts/Arena/Visuals/ArenaColosseumBuilder.cs:229)
QuizBattle.Arena.Visuals.ArenaColosseumBuilder:CreateStadiumWallsAndTowers (UnityEngine.Transform,UnityEngine.Vector3,single,single) (at Assets/Scripts/Arena/Visuals/ArenaColosseumBuilder.cs:172)
QuizBattle.Arena.Visuals.ArenaColosseumBuilder:Build (UnityEngine.Transform,int,int,single) (at Assets/Scripts/Arena/Visuals/ArenaColosseumBuilder.cs:26)
QuizBattle.Arena.GridController:BuildGrid (int,int,int) (at Assets/Scripts/Arena/GridController.cs:49)
QuizBattle.GameState.GameManager:RunAutoPlayMatch (int,int) (at Assets/Scripts/GameState/GameManager.cs:66)
ArenaDemoRunner:RunScenario (string,int,int,string) (at Assets/Editor/ArenaDemoRunner.cs:40)
ArenaDemoRunner:Run () (at Assets/Editor/ArenaDemoRunner.cs:21)

[Assets/Scripts/Arena/GridController.cs line 49]

Crenellation: Destroy may not be called from edit mode! Use DestroyImmediate instead.
Destroying an object in edit mode destroys it permanently
UnityEngine.Debug:ExtractStackTraceNoAlloc (byte*,int,string)
UnityEngine.StackTraceUtility:ExtractStackTrace ()
UnityEngine.Object:Destroy (UnityEngine.Object,single)
UnityEngine.Object:Destroy (UnityEngine.Object)
QuizBattle.Arena.Visuals.ArenaColosseumBuilder:CreateWallSection (UnityEngine.Transform,UnityEngine.Vector3,UnityEngine.Vector3,UnityEngine.Material,bool) (at Assets/Scripts/Arena/Visuals/ArenaColosseumBuilder.cs:229)
QuizBattle.Arena.Visuals.ArenaColosseumBuilder:CreateStadiumWallsAndTowers (UnityEngine.Transform,UnityEngine.Vector3,single,single) (at Assets/Scripts/Arena/Visuals/ArenaColosseumBuilder.cs:172)
QuizBattle.Arena.Visuals.ArenaColosseumBuilder:Build (UnityEngine.Transform,int,int,single) (at Assets/Scripts/Arena/Visuals/ArenaColosseumBuilder.cs:26)
QuizBattle.Arena.GridController:BuildGrid (int,int,int) (at Assets/Scripts/Arena/GridController.cs:49)
QuizBattle.GameState.GameManager:RunAutoPlayMatch (int,int) (at Assets/Scripts/GameState/GameManager.cs:66)
ArenaDemoRunner:RunScenario (string,int,int,string) (at Assets/Editor/ArenaDemoRunner.cs:40)
ArenaDemoRunner:Run () (at Assets/Editor/ArenaDemoRunner.cs:21)

[Assets/Scripts/Arena/GridController.cs line 49]

Crenellation: Destroy may not be called from edit mode! Use DestroyImmediate instead.
Destroying an object in edit mode destroys it permanently
UnityEngine.Debug:ExtractStackTraceNoAlloc (byte*,int,string)
UnityEngine.StackTraceUtility:ExtractStackTrace ()
UnityEngine.Object:Destroy (UnityEngine.Object,single)
UnityEngine.Object:Destroy (UnityEngine.Object)
QuizBattle.Arena.Visuals.ArenaColosseumBuilder:CreateWallSection (UnityEngine.Transform,UnityEngine.Vector3,UnityEngine.Vector3,UnityEngine.Material,bool) (at Assets/Scripts/Arena/Visuals/ArenaColosseumBuilder.cs:229)
QuizBattle.Arena.Visuals.ArenaColosseumBuilder:CreateStadiumWallsAndTowers (UnityEngine.Transform,UnityEngine.Vector3,single,single) (at Assets/Scripts/Arena/Visuals/ArenaColosseumBuilder.cs:172)
QuizBattle.Arena.Visuals.ArenaColosseumBuilder:Build (UnityEngine.Transform,int,int,single) (at Assets/Scripts/Arena/Visuals/ArenaColosseumBuilder.cs:26)
QuizBattle.Arena.GridController:BuildGrid (int,int,int) (at Assets/Scripts/Arena/GridController.cs:49)
QuizBattle.GameState.GameManager:RunAutoPlayMatch (int,int) (at Assets/Scripts/GameState/GameManager.cs:66)
ArenaDemoRunner:RunScenario (string,int,int,string) (at Assets/Editor/ArenaDemoRunner.cs:40)
ArenaDemoRunner:Run () (at Assets/Editor/ArenaDemoRunner.cs:21)

[Assets/Scripts/Arena/GridController.cs line 49]

WallSection: Destroy may not be called from edit mode! Use DestroyImmediate instead.
Destroying an object in edit mode destroys it permanently
UnityEngine.Debug:ExtractStackTraceNoAlloc (byte*,int,string)
UnityEngine.StackTraceUtility:ExtractStackTrace ()
UnityEngine.Object:Destroy (UnityEngine.Object,single)
UnityEngine.Object:Destroy (UnityEngine.Object)
QuizBattle.Arena.Visuals.ArenaColosseumBuilder:CreateWallSection (UnityEngine.Transform,UnityEngine.Vector3,UnityEngine.Vector3,UnityEngine.Material,bool) (at Assets/Scripts/Arena/Visuals/ArenaColosseumBuilder.cs:213)
QuizBattle.Arena.Visuals.ArenaColosseumBuilder:CreateStadiumWallsAndTowers (UnityEngine.Transform,UnityEngine.Vector3,single,single) (at Assets/Scripts/Arena/Visuals/ArenaColosseumBuilder.cs:176)
QuizBattle.Arena.Visuals.ArenaColosseumBuilder:Build (UnityEngine.Transform,int,int,single) (at Assets/Scripts/Arena/Visuals/ArenaColosseumBuilder.cs:26)
QuizBattle.Arena.GridController:BuildGrid (int,int,int) (at Assets/Scripts/Arena/GridController.cs:49)
QuizBattle.GameState.GameManager:RunAutoPlayMatch (int,int) (at Assets/Scripts/GameState/GameManager.cs:66)
ArenaDemoRunner:RunScenario (string,int,int,string) (at Assets/Editor/ArenaDemoRunner.cs:40)
ArenaDemoRunner:Run () (at Assets/Editor/ArenaDemoRunner.cs:21)

[Assets/Scripts/Arena/GridController.cs line 49]

Crenellation: Destroy may not be called from edit mode! Use DestroyImmediate instead.
Destroying an object in edit mode destroys it permanently
UnityEngine.Debug:ExtractStackTraceNoAlloc (byte*,int,string)
UnityEngine.StackTraceUtility:ExtractStackTrace ()
UnityEngine.Object:Destroy (UnityEngine.Object,single)
UnityEngine.Object:Destroy (UnityEngine.Object)
QuizBattle.Arena.Visuals.ArenaColosseumBuilder:CreateWallSection (UnityEngine.Transform,UnityEngine.Vector3,UnityEngine.Vector3,UnityEngine.Material,bool) (at Assets/Scripts/Arena/Visuals/ArenaColosseumBuilder.cs:229)
QuizBattle.Arena.Visuals.ArenaColosseumBuilder:CreateStadiumWallsAndTowers (UnityEngine.Transform,UnityEngine.Vector3,single,single) (at Assets/Scripts/Arena/Visuals/ArenaColosseumBuilder.cs:176)
QuizBattle.Arena.Visuals.ArenaColosseumBuilder:Build (UnityEngine.Transform,int,int,single) (at Assets/Scripts/Arena/Visuals/ArenaColosseumBuilder.cs:26)
QuizBattle.Arena.GridController:BuildGrid (int,int,int) (at Assets/Scripts/Arena/GridController.cs:49)
QuizBattle.GameState.GameManager:RunAutoPlayMatch (int,int) (at Assets/Scripts/GameState/GameManager.cs:66)
ArenaDemoRunner:RunScenario (string,int,int,string) (at Assets/Editor/ArenaDemoRunner.cs:40)
ArenaDemoRunner:Run () (at Assets/Editor/ArenaDemoRunner.cs:21)

[Assets/Scripts/Arena/GridController.cs line 49]

Crenellation: Destroy may not be called from edit mode! Use DestroyImmediate instead.
Destroying an object in edit mode destroys it permanently
UnityEngine.Debug:ExtractStackTraceNoAlloc (byte*,int,string)
UnityEngine.StackTraceUtility:ExtractStackTrace ()
UnityEngine.Object:Destroy (UnityEngine.Object,single)
UnityEngine.Object:Destroy (UnityEngine.Object)
QuizBattle.Arena.Visuals.ArenaColosseumBuilder:CreateWallSection (UnityEngine.Transform,UnityEngine.Vector3,UnityEngine.Vector3,UnityEngine.Material,bool) (at Assets/Scripts/Arena/Visuals/ArenaColosseumBuilder.cs:229)
QuizBattle.Arena.Visuals.ArenaColosseumBuilder:CreateStadiumWallsAndTowers (UnityEngine.Transform,UnityEngine.Vector3,single,single) (at Assets/Scripts/Arena/Visuals/ArenaColosseumBuilder.cs:176)
QuizBattle.Arena.Visuals.ArenaColosseumBuilder:Build (UnityEngine.Transform,int,int,single) (at Assets/Scripts/Arena/Visuals/ArenaColosseumBuilder.cs:26)
QuizBattle.Arena.GridController:BuildGrid (int,int,int) (at Assets/Scripts/Arena/GridController.cs:49)
QuizBattle.GameState.GameManager:RunAutoPlayMatch (int,int) (at Assets/Scripts/GameState/GameManager.cs:66)
ArenaDemoRunner:RunScenario (string,int,int,string) (at Assets/Editor/ArenaDemoRunner.cs:40)
ArenaDemoRunner:Run () (at Assets/Editor/ArenaDemoRunner.cs:21)

[Assets/Scripts/Arena/GridController.cs line 49]

Crenellation: Destroy may not be called from edit mode! Use DestroyImmediate instead.
Destroying an object in edit mode destroys it permanently
UnityEngine.Debug:ExtractStackTraceNoAlloc (byte*,int,string)
UnityEngine.StackTraceUtility:ExtractStackTrace ()
UnityEngine.Object:Destroy (UnityEngine.Object,single)
UnityEngine.Object:Destroy (UnityEngine.Object)
QuizBattle.Arena.Visuals.ArenaColosseumBuilder:CreateWallSection (UnityEngine.Transform,UnityEngine.Vector3,UnityEngine.Vector3,UnityEngine.Material,bool) (at Assets/Scripts/Arena/Visuals/ArenaColosseumBuilder.cs:229)
QuizBattle.Arena.Visuals.ArenaColosseumBuilder:CreateStadiumWallsAndTowers (UnityEngine.Transform,UnityEngine.Vector3,single,single) (at Assets/Scripts/Arena/Visuals/ArenaColosseumBuilder.cs:176)
QuizBattle.Arena.Visuals.ArenaColosseumBuilder:Build (UnityEngine.Transform,int,int,single) (at Assets/Scripts/Arena/Visuals/ArenaColosseumBuilder.cs:26)
QuizBattle.Arena.GridController:BuildGrid (int,int,int) (at Assets/Scripts/Arena/GridController.cs:49)
QuizBattle.GameState.GameManager:RunAutoPlayMatch (int,int) (at Assets/Scripts/GameState/GameManager.cs:66)
ArenaDemoRunner:RunScenario (string,int,int,string) (at Assets/Editor/ArenaDemoRunner.cs:40)
ArenaDemoRunner:Run () (at Assets/Editor/ArenaDemoRunner.cs:21)

[Assets/Scripts/Arena/GridController.cs line 49]

Crenellation: Destroy may not be called from edit mode! Use DestroyImmediate instead.
Destroying an object in edit mode destroys it permanently
UnityEngine.Debug:ExtractStackTraceNoAlloc (byte*,int,string)
UnityEngine.StackTraceUtility:ExtractStackTrace ()
UnityEngine.Object:Destroy (UnityEngine.Object,single)
UnityEngine.Object:Destroy (UnityEngine.Object)
QuizBattle.Arena.Visuals.ArenaColosseumBuilder:CreateWallSection (UnityEngine.Transform,UnityEngine.Vector3,UnityEngine.Vector3,UnityEngine.Material,bool) (at Assets/Scripts/Arena/Visuals/ArenaColosseumBuilder.cs:229)
QuizBattle.Arena.Visuals.ArenaColosseumBuilder:CreateStadiumWallsAndTowers (UnityEngine.Transform,UnityEngine.Vector3,single,single) (at Assets/Scripts/Arena/Visuals/ArenaColosseumBuilder.cs:176)
QuizBattle.Arena.Visuals.ArenaColosseumBuilder:Build (UnityEngine.Transform,int,int,single) (at Assets/Scripts/Arena/Visuals/ArenaColosseumBuilder.cs:26)
QuizBattle.Arena.GridController:BuildGrid (int,int,int) (at Assets/Scripts/Arena/GridController.cs:49)
QuizBattle.GameState.GameManager:RunAutoPlayMatch (int,int) (at Assets/Scripts/GameState/GameManager.cs:66)
ArenaDemoRunner:RunScenario (string,int,int,string) (at Assets/Editor/ArenaDemoRunner.cs:40)
ArenaDemoRunner:Run () (at Assets/Editor/ArenaDemoRunner.cs:21)

[Assets/Scripts/Arena/GridController.cs line 49]

Crenellation: Destroy may not be called from edit mode! Use DestroyImmediate instead.
Destroying an object in edit mode destroys it permanently
UnityEngine.Debug:ExtractStackTraceNoAlloc (byte*,int,string)
UnityEngine.StackTraceUtility:ExtractStackTrace ()
UnityEngine.Object:Destroy (UnityEngine.Object,single)
UnityEngine.Object:Destroy (UnityEngine.Object)
QuizBattle.Arena.Visuals.ArenaColosseumBuilder:CreateWallSection (UnityEngine.Transform,UnityEngine.Vector3,UnityEngine.Vector3,UnityEngine.Material,bool) (at Assets/Scripts/Arena/Visuals/ArenaColosseumBuilder.cs:229)
QuizBattle.Arena.Visuals.ArenaColosseumBuilder:CreateStadiumWallsAndTowers (UnityEngine.Transform,UnityEngine.Vector3,single,single) (at Assets/Scripts/Arena/Visuals/ArenaColosseumBuilder.cs:176)
QuizBattle.Arena.Visuals.ArenaColosseumBuilder:Build (UnityEngine.Transform,int,int,single) (at Assets/Scripts/Arena/Visuals/ArenaColosseumBuilder.cs:26)
QuizBattle.Arena.GridController:BuildGrid (int,int,int) (at Assets/Scripts/Arena/GridController.cs:49)
QuizBattle.GameState.GameManager:RunAutoPlayMatch (int,int) (at Assets/Scripts/GameState/GameManager.cs:66)
ArenaDemoRunner:RunScenario (string,int,int,string) (at Assets/Editor/ArenaDemoRunner.cs:40)
ArenaDemoRunner:Run () (at Assets/Editor/ArenaDemoRunner.cs:21)

[Assets/Scripts/Arena/GridController.cs line 49]

WallSection: Destroy may not be called from edit mode! Use DestroyImmediate instead.
Destroying an object in edit mode destroys it permanently
UnityEngine.Debug:ExtractStackTraceNoAlloc (byte*,int,string)
UnityEngine.StackTraceUtility:ExtractStackTrace ()
UnityEngine.Object:Destroy (UnityEngine.Object,single)
UnityEngine.Object:Destroy (UnityEngine.Object)
QuizBattle.Arena.Visuals.ArenaColosseumBuilder:CreateWallSection (UnityEngine.Transform,UnityEngine.Vector3,UnityEngine.Vector3,UnityEngine.Material,bool) (at Assets/Scripts/Arena/Visuals/ArenaColosseumBuilder.cs:213)
QuizBattle.Arena.Visuals.ArenaColosseumBuilder:CreateStadiumWallsAndTowers (UnityEngine.Transform,UnityEngine.Vector3,single,single) (at Assets/Scripts/Arena/Visuals/ArenaColosseumBuilder.cs:180)
QuizBattle.Arena.Visuals.ArenaColosseumBuilder:Build (UnityEngine.Transform,int,int,single) (at Assets/Scripts/Arena/Visuals/ArenaColosseumBuilder.cs:26)
QuizBattle.Arena.GridController:BuildGrid (int,int,int) (at Assets/Scripts/Arena/GridController.cs:49)
QuizBattle.GameState.GameManager:RunAutoPlayMatch (int,int) (at Assets/Scripts/GameState/GameManager.cs:66)
ArenaDemoRunner:RunScenario (string,int,int,string) (at Assets/Editor/ArenaDemoRunner.cs:40)
ArenaDemoRunner:Run () (at Assets/Editor/ArenaDemoRunner.cs:21)

[Assets/Scripts/Arena/GridController.cs line 49]

WallSection: Destroy may not be called from edit mode! Use DestroyImmediate instead.
Destroying an object in edit mode destroys it permanently
UnityEngine.Debug:ExtractStackTraceNoAlloc (byte*,int,string)
UnityEngine.StackTraceUtility:ExtractStackTrace ()
UnityEngine.Object:Destroy (UnityEngine.Object,single)
UnityEngine.Object:Destroy (UnityEngine.Object)
QuizBattle.Arena.Visuals.ArenaColosseumBuilder:CreateWallSection (UnityEngine.Transform,UnityEngine.Vector3,UnityEngine.Vector3,UnityEngine.Material,bool) (at Assets/Scripts/Arena/Visuals/ArenaColosseumBuilder.cs:213)
QuizBattle.Arena.Visuals.ArenaColosseumBuilder:CreateStadiumWallsAndTowers (UnityEngine.Transform,UnityEngine.Vector3,single,single) (at Assets/Scripts/Arena/Visuals/ArenaColosseumBuilder.cs:183)
QuizBattle.Arena.Visuals.ArenaColosseumBuilder:Build (UnityEngine.Transform,int,int,single) (at Assets/Scripts/Arena/Visuals/ArenaColosseumBuilder.cs:26)
QuizBattle.Arena.GridController:BuildGrid (int,int,int) (at Assets/Scripts/Arena/GridController.cs:49)
QuizBattle.GameState.GameManager:RunAutoPlayMatch (int,int) (at Assets/Scripts/GameState/GameManager.cs:66)
ArenaDemoRunner:RunScenario (string,int,int,string) (at Assets/Editor/ArenaDemoRunner.cs:40)
ArenaDemoRunner:Run () (at Assets/Editor/ArenaDemoRunner.cs:21)

[Assets/Scripts/Arena/GridController.cs line 49]

Bench_Tier_0: Destroy may not be called from edit mode! Use DestroyImmediate instead.
Destroying an object in edit mode destroys it permanently
UnityEngine.Debug:ExtractStackTraceNoAlloc (byte*,int,string)
UnityEngine.StackTraceUtility:ExtractStackTrace ()
UnityEngine.Object:Destroy (UnityEngine.Object,single)
UnityEngine.Object:Destroy (UnityEngine.Object)
QuizBattle.Arena.Visuals.ArenaColosseumBuilder:CreateSpectatorBenches (UnityEngine.Transform,UnityEngine.Vector3,single,UnityEngine.Material,bool) (at Assets/Scripts/Arena/Visuals/ArenaColosseumBuilder.cs:249)
QuizBattle.Arena.Visuals.ArenaColosseumBuilder:CreateStadiumWallsAndTowers (UnityEngine.Transform,UnityEngine.Vector3,single,single) (at Assets/Scripts/Arena/Visuals/ArenaColosseumBuilder.cs:187)
QuizBattle.Arena.Visuals.ArenaColosseumBuilder:Build (UnityEngine.Transform,int,int,single) (at Assets/Scripts/Arena/Visuals/ArenaColosseumBuilder.cs:26)
QuizBattle.Arena.GridController:BuildGrid (int,int,int) (at Assets/Scripts/Arena/GridController.cs:49)
QuizBattle.GameState.GameManager:RunAutoPlayMatch (int,int) (at Assets/Scripts/GameState/GameManager.cs:66)
ArenaDemoRunner:RunScenario (string,int,int,string) (at Assets/Editor/ArenaDemoRunner.cs:40)
ArenaDemoRunner:Run () (at Assets/Editor/ArenaDemoRunner.cs:21)

[Assets/Scripts/Arena/GridController.cs line 49]

Bench_Tier_1: Destroy may not be called from edit mode! Use DestroyImmediate instead.
Destroying an object in edit mode destroys it permanently
UnityEngine.Debug:ExtractStackTraceNoAlloc (byte*,int,string)
UnityEngine.StackTraceUtility:ExtractStackTrace ()
UnityEngine.Object:Destroy (UnityEngine.Object,single)
UnityEngine.Object:Destroy (UnityEngine.Object)
QuizBattle.Arena.Visuals.ArenaColosseumBuilder:CreateSpectatorBenches (UnityEngine.Transform,UnityEngine.Vector3,single,UnityEngine.Material,bool) (at Assets/Scripts/Arena/Visuals/ArenaColosseumBuilder.cs:249)
QuizBattle.Arena.Visuals.ArenaColosseumBuilder:CreateStadiumWallsAndTowers (UnityEngine.Transform,UnityEngine.Vector3,single,single) (at Assets/Scripts/Arena/Visuals/ArenaColosseumBuilder.cs:187)
QuizBattle.Arena.Visuals.ArenaColosseumBuilder:Build (UnityEngine.Transform,int,int,single) (at Assets/Scripts/Arena/Visuals/ArenaColosseumBuilder.cs:26)
QuizBattle.Arena.GridController:BuildGrid (int,int,int) (at Assets/Scripts/Arena/GridController.cs:49)
QuizBattle.GameState.GameManager:RunAutoPlayMatch (int,int) (at Assets/Scripts/GameState/GameManager.cs:66)
ArenaDemoRunner:RunScenario (string,int,int,string) (at Assets/Editor/ArenaDemoRunner.cs:40)
ArenaDemoRunner:Run () (at Assets/Editor/ArenaDemoRunner.cs:21)

[Assets/Scripts/Arena/GridController.cs line 49]

Bench_Tier_2: Destroy may not be called from edit mode! Use DestroyImmediate instead.
Destroying an object in edit mode destroys it permanently
UnityEngine.Debug:ExtractStackTraceNoAlloc (byte*,int,string)
UnityEngine.StackTraceUtility:ExtractStackTrace ()
UnityEngine.Object:Destroy (UnityEngine.Object,single)
UnityEngine.Object:Destroy (UnityEngine.Object)
QuizBattle.Arena.Visuals.ArenaColosseumBuilder:CreateSpectatorBenches (UnityEngine.Transform,UnityEngine.Vector3,single,UnityEngine.Material,bool) (at Assets/Scripts/Arena/Visuals/ArenaColosseumBuilder.cs:249)
QuizBattle.Arena.Visuals.ArenaColosseumBuilder:CreateStadiumWallsAndTowers (UnityEngine.Transform,UnityEngine.Vector3,single,single) (at Assets/Scripts/Arena/Visuals/ArenaColosseumBuilder.cs:187)
QuizBattle.Arena.Visuals.ArenaColosseumBuilder:Build (UnityEngine.Transform,int,int,single) (at Assets/Scripts/Arena/Visuals/ArenaColosseumBuilder.cs:26)
QuizBattle.Arena.GridController:BuildGrid (int,int,int) (at Assets/Scripts/Arena/GridController.cs:49)
QuizBattle.GameState.GameManager:RunAutoPlayMatch (int,int) (at Assets/Scripts/GameState/GameManager.cs:66)
ArenaDemoRunner:RunScenario (string,int,int,string) (at Assets/Editor/ArenaDemoRunner.cs:40)
ArenaDemoRunner:Run () (at Assets/Editor/ArenaDemoRunner.cs:21)

[Assets/Scripts/Arena/GridController.cs line 49]

Bench_Tier_0: Destroy may not be called from edit mode! Use DestroyImmediate instead.
Destroying an object in edit mode destroys it permanently
UnityEngine.Debug:ExtractStackTraceNoAlloc (byte*,int,string)
UnityEngine.StackTraceUtility:ExtractStackTrace ()
UnityEngine.Object:Destroy (UnityEngine.Object,single)
UnityEngine.Object:Destroy (UnityEngine.Object)
QuizBattle.Arena.Visuals.ArenaColosseumBuilder:CreateSpectatorBenches (UnityEngine.Transform,UnityEngine.Vector3,single,UnityEngine.Material,bool) (at Assets/Scripts/Arena/Visuals/ArenaColosseumBuilder.cs:249)
QuizBattle.Arena.Visuals.ArenaColosseumBuilder:CreateStadiumWallsAndTowers (UnityEngine.Transform,UnityEngine.Vector3,single,single) (at Assets/Scripts/Arena/Visuals/ArenaColosseumBuilder.cs:188)
QuizBattle.Arena.Visuals.ArenaColosseumBuilder:Build (UnityEngine.Transform,int,int,single) (at Assets/Scripts/Arena/Visuals/ArenaColosseumBuilder.cs:26)
QuizBattle.Arena.GridController:BuildGrid (int,int,int) (at Assets/Scripts/Arena/GridController.cs:49)
QuizBattle.GameState.GameManager:RunAutoPlayMatch (int,int) (at Assets/Scripts/GameState/GameManager.cs:66)
ArenaDemoRunner:RunScenario (string,int,int,string) (at Assets/Editor/ArenaDemoRunner.cs:40)
ArenaDemoRunner:Run () (at Assets/Editor/ArenaDemoRunner.cs:21)

[Assets/Scripts/Arena/GridController.cs line 49]

Bench_Tier_1: Destroy may not be called from edit mode! Use DestroyImmediate instead.
Destroying an object in edit mode destroys it permanently
UnityEngine.Debug:ExtractStackTraceNoAlloc (byte*,int,string)
UnityEngine.StackTraceUtility:ExtractStackTrace ()
UnityEngine.Object:Destroy (UnityEngine.Object,single)
UnityEngine.Object:Destroy (UnityEngine.Object)
QuizBattle.Arena.Visuals.ArenaColosseumBuilder:CreateSpectatorBenches (UnityEngine.Transform,UnityEngine.Vector3,single,UnityEngine.Material,bool) (at Assets/Scripts/Arena/Visuals/ArenaColosseumBuilder.cs:249)
QuizBattle.Arena.Visuals.ArenaColosseumBuilder:CreateStadiumWallsAndTowers (UnityEngine.Transform,UnityEngine.Vector3,single,single) (at Assets/Scripts/Arena/Visuals/ArenaColosseumBuilder.cs:188)
QuizBattle.Arena.Visuals.ArenaColosseumBuilder:Build (UnityEngine.Transform,int,int,single) (at Assets/Scripts/Arena/Visuals/ArenaColosseumBuilder.cs:26)
QuizBattle.Arena.GridController:BuildGrid (int,int,int) (at Assets/Scripts/Arena/GridController.cs:49)
QuizBattle.GameState.GameManager:RunAutoPlayMatch (int,int) (at Assets/Scripts/GameState/GameManager.cs:66)
ArenaDemoRunner:RunScenario (string,int,int,string) (at Assets/Editor/ArenaDemoRunner.cs:40)
ArenaDemoRunner:Run () (at Assets/Editor/ArenaDemoRunner.cs:21)

[Assets/Scripts/Arena/GridController.cs line 49]

Bench_Tier_2: Destroy may not be called from edit mode! Use DestroyImmediate instead.
Destroying an object in edit mode destroys it permanently
UnityEngine.Debug:ExtractStackTraceNoAlloc (byte*,int,string)
UnityEngine.StackTraceUtility:ExtractStackTrace ()
UnityEngine.Object:Destroy (UnityEngine.Object,single)
UnityEngine.Object:Destroy (UnityEngine.Object)
QuizBattle.Arena.Visuals.ArenaColosseumBuilder:CreateSpectatorBenches (UnityEngine.Transform,UnityEngine.Vector3,single,UnityEngine.Material,bool) (at Assets/Scripts/Arena/Visuals/ArenaColosseumBuilder.cs:249)
QuizBattle.Arena.Visuals.ArenaColosseumBuilder:CreateStadiumWallsAndTowers (UnityEngine.Transform,UnityEngine.Vector3,single,single) (at Assets/Scripts/Arena/Visuals/ArenaColosseumBuilder.cs:188)
QuizBattle.Arena.Visuals.ArenaColosseumBuilder:Build (UnityEngine.Transform,int,int,single) (at Assets/Scripts/Arena/Visuals/ArenaColosseumBuilder.cs:26)
QuizBattle.Arena.GridController:BuildGrid (int,int,int) (at Assets/Scripts/Arena/GridController.cs:49)
QuizBattle.GameState.GameManager:RunAutoPlayMatch (int,int) (at Assets/Scripts/GameState/GameManager.cs:66)
ArenaDemoRunner:RunScenario (string,int,int,string) (at Assets/Editor/ArenaDemoRunner.cs:40)
ArenaDemoRunner:Run () (at Assets/Editor/ArenaDemoRunner.cs:21)

[Assets/Scripts/Arena/GridController.cs line 49]

TowerShaft: Destroy may not be called from edit mode! Use DestroyImmediate instead.
Destroying an object in edit mode destroys it permanently
UnityEngine.Debug:ExtractStackTraceNoAlloc (byte*,int,string)
UnityEngine.StackTraceUtility:ExtractStackTrace ()
UnityEngine.Object:Destroy (UnityEngine.Object,single)
UnityEngine.Object:Destroy (UnityEngine.Object)
QuizBattle.Arena.Visuals.ArenaColosseumBuilder:CreateTower (UnityEngine.Transform,UnityEngine.Vector3,UnityEngine.Material,UnityEngine.Color) (at Assets/Scripts/Arena/Visuals/ArenaColosseumBuilder.cs:266)
QuizBattle.Arena.Visuals.ArenaColosseumBuilder:CreateStadiumWallsAndTowers (UnityEngine.Transform,UnityEngine.Vector3,single,single) (at Assets/Scripts/Arena/Visuals/ArenaColosseumBuilder.cs:202)
QuizBattle.Arena.Visuals.ArenaColosseumBuilder:Build (UnityEngine.Transform,int,int,single) (at Assets/Scripts/Arena/Visuals/ArenaColosseumBuilder.cs:26)
QuizBattle.Arena.GridController:BuildGrid (int,int,int) (at Assets/Scripts/Arena/GridController.cs:49)
QuizBattle.GameState.GameManager:RunAutoPlayMatch (int,int) (at Assets/Scripts/GameState/GameManager.cs:66)
ArenaDemoRunner:RunScenario (string,int,int,string) (at Assets/Editor/ArenaDemoRunner.cs:40)
ArenaDemoRunner:Run () (at Assets/Editor/ArenaDemoRunner.cs:21)

[Assets/Scripts/Arena/GridController.cs line 49]

TowerRim: Destroy may not be called from edit mode! Use DestroyImmediate instead.
Destroying an object in edit mode destroys it permanently
UnityEngine.Debug:ExtractStackTraceNoAlloc (byte*,int,string)
UnityEngine.StackTraceUtility:ExtractStackTrace ()
UnityEngine.Object:Destroy (UnityEngine.Object,single)
UnityEngine.Object:Destroy (UnityEngine.Object)
QuizBattle.Arena.Visuals.ArenaColosseumBuilder:CreateTower (UnityEngine.Transform,UnityEngine.Vector3,UnityEngine.Material,UnityEngine.Color) (at Assets/Scripts/Arena/Visuals/ArenaColosseumBuilder.cs:275)
QuizBattle.Arena.Visuals.ArenaColosseumBuilder:CreateStadiumWallsAndTowers (UnityEngine.Transform,UnityEngine.Vector3,single,single) (at Assets/Scripts/Arena/Visuals/ArenaColosseumBuilder.cs:202)
QuizBattle.Arena.Visuals.ArenaColosseumBuilder:Build (UnityEngine.Transform,int,int,single) (at Assets/Scripts/Arena/Visuals/ArenaColosseumBuilder.cs:26)
QuizBattle.Arena.GridController:BuildGrid (int,int,int) (at Assets/Scripts/Arena/GridController.cs:49)
QuizBattle.GameState.GameManager:RunAutoPlayMatch (int,int) (at Assets/Scripts/GameState/GameManager.cs:66)
ArenaDemoRunner:RunScenario (string,int,int,string) (at Assets/Editor/ArenaDemoRunner.cs:40)
ArenaDemoRunner:Run () (at Assets/Editor/ArenaDemoRunner.cs:21)

[Assets/Scripts/Arena/GridController.cs line 49]

GoldSpire: Destroy may not be called from edit mode! Use DestroyImmediate instead.
Destroying an object in edit mode destroys it permanently
UnityEngine.Debug:ExtractStackTraceNoAlloc (byte*,int,string)
UnityEngine.StackTraceUtility:ExtractStackTrace ()
UnityEngine.Object:Destroy (UnityEngine.Object,single)
UnityEngine.Object:Destroy (UnityEngine.Object)
QuizBattle.Arena.Visuals.ArenaColosseumBuilder:CreateTower (UnityEngine.Transform,UnityEngine.Vector3,UnityEngine.Material,UnityEngine.Color) (at Assets/Scripts/Arena/Visuals/ArenaColosseumBuilder.cs:305)
QuizBattle.Arena.Visuals.ArenaColosseumBuilder:CreateStadiumWallsAndTowers (UnityEngine.Transform,UnityEngine.Vector3,single,single) (at Assets/Scripts/Arena/Visuals/ArenaColosseumBuilder.cs:202)
QuizBattle.Arena.Visuals.ArenaColosseumBuilder:Build (UnityEngine.Transform,int,int,single) (at Assets/Scripts/Arena/Visuals/ArenaColosseumBuilder.cs:26)
QuizBattle.Arena.GridController:BuildGrid (int,int,int) (at Assets/Scripts/Arena/GridController.cs:49)
QuizBattle.GameState.GameManager:RunAutoPlayMatch (int,int) (at Assets/Scripts/GameState/GameManager.cs:66)
ArenaDemoRunner:RunScenario (string,int,int,string) (at Assets/Editor/ArenaDemoRunner.cs:40)
ArenaDemoRunner:Run () (at Assets/Editor/ArenaDemoRunner.cs:21)

[Assets/Scripts/Arena/GridController.cs line 49]

TowerShaft: Destroy may not be called from edit mode! Use DestroyImmediate instead.
Destroying an object in edit mode destroys it permanently
UnityEngine.Debug:ExtractStackTraceNoAlloc (byte*,int,string)
UnityEngine.StackTraceUtility:ExtractStackTrace ()
UnityEngine.Object:Destroy (UnityEngine.Object,single)
UnityEngine.Object:Destroy (UnityEngine.Object)
QuizBattle.Arena.Visuals.ArenaColosseumBuilder:CreateTower (UnityEngine.Transform,UnityEngine.Vector3,UnityEngine.Material,UnityEngine.Color) (at Assets/Scripts/Arena/Visuals/ArenaColosseumBuilder.cs:266)
QuizBattle.Arena.Visuals.ArenaColosseumBuilder:CreateStadiumWallsAndTowers (UnityEngine.Transform,UnityEngine.Vector3,single,single) (at Assets/Scripts/Arena/Visuals/ArenaColosseumBuilder.cs:202)
QuizBattle.Arena.Visuals.ArenaColosseumBuilder:Build (UnityEngine.Transform,int,int,single) (at Assets/Scripts/Arena/Visuals/ArenaColosseumBuilder.cs:26)
QuizBattle.Arena.GridController:BuildGrid (int,int,int) (at Assets/Scripts/Arena/GridController.cs:49)
QuizBattle.GameState.GameManager:RunAutoPlayMatch (int,int) (at Assets/Scripts/GameState/GameManager.cs:66)
ArenaDemoRunner:RunScenario (string,int,int,string) (at Assets/Editor/ArenaDemoRunner.cs:40)
ArenaDemoRunner:Run () (at Assets/Editor/ArenaDemoRunner.cs:21)

[Assets/Scripts/Arena/GridController.cs line 49]

TowerRim: Destroy may not be called from edit mode! Use DestroyImmediate instead.
Destroying an object in edit mode destroys it permanently
UnityEngine.Debug:ExtractStackTraceNoAlloc (byte*,int,string)
UnityEngine.StackTraceUtility:ExtractStackTrace ()
UnityEngine.Object:Destroy (UnityEngine.Object,single)
UnityEngine.Object:Destroy (UnityEngine.Object)
QuizBattle.Arena.Visuals.ArenaColosseumBuilder:CreateTower (UnityEngine.Transform,UnityEngine.Vector3,UnityEngine.Material,UnityEngine.Color) (at Assets/Scripts/Arena/Visuals/ArenaColosseumBuilder.cs:275)
QuizBattle.Arena.Visuals.ArenaColosseumBuilder:CreateStadiumWallsAndTowers (UnityEngine.Transform,UnityEngine.Vector3,single,single) (at Assets/Scripts/Arena/Visuals/ArenaColosseumBuilder.cs:202)
QuizBattle.Arena.Visuals.ArenaColosseumBuilder:Build (UnityEngine.Transform,int,int,single) (at Assets/Scripts/Arena/Visuals/ArenaColosseumBuilder.cs:26)
QuizBattle.Arena.GridController:BuildGrid (int,int,int) (at Assets/Scripts/Arena/GridController.cs:49)
QuizBattle.GameState.GameManager:RunAutoPlayMatch (int,int) (at Assets/Scripts/GameState/GameManager.cs:66)
ArenaDemoRunner:RunScenario (string,int,int,string) (at Assets/Editor/ArenaDemoRunner.cs:40)
ArenaDemoRunner:Run () (at Assets/Editor/ArenaDemoRunner.cs:21)

[Assets/Scripts/Arena/GridController.cs line 49]

GoldSpire: Destroy may not be called from edit mode! Use DestroyImmediate instead.
Destroying an object in edit mode destroys it permanently
UnityEngine.Debug:ExtractStackTraceNoAlloc (byte*,int,string)
UnityEngine.StackTraceUtility:ExtractStackTrace ()
UnityEngine.Object:Destroy (UnityEngine.Object,single)
UnityEngine.Object:Destroy (UnityEngine.Object)
QuizBattle.Arena.Visuals.ArenaColosseumBuilder:CreateTower (UnityEngine.Transform,UnityEngine.Vector3,UnityEngine.Material,UnityEngine.Color) (at Assets/Scripts/Arena/Visuals/ArenaColosseumBuilder.cs:305)
QuizBattle.Arena.Visuals.ArenaColosseumBuilder:CreateStadiumWallsAndTowers (UnityEngine.Transform,UnityEngine.Vector3,single,single) (at Assets/Scripts/Arena/Visuals/ArenaColosseumBuilder.cs:202)
QuizBattle.Arena.Visuals.ArenaColosseumBuilder:Build (UnityEngine.Transform,int,int,single) (at Assets/Scripts/Arena/Visuals/ArenaColosseumBuilder.cs:26)
QuizBattle.Arena.GridController:BuildGrid (int,int,int) (at Assets/Scripts/Arena/GridController.cs:49)
QuizBattle.GameState.GameManager:RunAutoPlayMatch (int,int) (at Assets/Scripts/GameState/GameManager.cs:66)
ArenaDemoRunner:RunScenario (string,int,int,string) (at Assets/Editor/ArenaDemoRunner.cs:40)
ArenaDemoRunner:Run () (at Assets/Editor/ArenaDemoRunner.cs:21)

[Assets/Scripts/Arena/GridController.cs line 49]

TowerShaft: Destroy may not be called from edit mode! Use DestroyImmediate instead.
Destroying an object in edit mode destroys it permanently
UnityEngine.Debug:ExtractStackTraceNoAlloc (byte*,int,string)
UnityEngine.StackTraceUtility:ExtractStackTrace ()
UnityEngine.Object:Destroy (UnityEngine.Object,single)
UnityEngine.Object:Destroy (UnityEngine.Object)
QuizBattle.Arena.Visuals.ArenaColosseumBuilder:CreateTower (UnityEngine.Transform,UnityEngine.Vector3,UnityEngine.Material,UnityEngine.Color) (at Assets/Scripts/Arena/Visuals/ArenaColosseumBuilder.cs:266)
QuizBattle.Arena.Visuals.ArenaColosseumBuilder:CreateStadiumWallsAndTowers (UnityEngine.Transform,UnityEngine.Vector3,single,single) (at Assets/Scripts/Arena/Visuals/ArenaColosseumBuilder.cs:202)
QuizBattle.Arena.Visuals.ArenaColosseumBuilder:Build (UnityEngine.Transform,int,int,single) (at Assets/Scripts/Arena/Visuals/ArenaColosseumBuilder.cs:26)
QuizBattle.Arena.GridController:BuildGrid (int,int,int) (at Assets/Scripts/Arena/GridController.cs:49)
QuizBattle.GameState.GameManager:RunAutoPlayMatch (int,int) (at Assets/Scripts/GameState/GameManager.cs:66)
ArenaDemoRunner:RunScenario (string,int,int,string) (at Assets/Editor/ArenaDemoRunner.cs:40)
ArenaDemoRunner:Run () (at Assets/Editor/ArenaDemoRunner.cs:21)

[Assets/Scripts/Arena/GridController.cs line 49]

TowerRim: Destroy may not be called from edit mode! Use DestroyImmediate instead.
Destroying an object in edit mode destroys it permanently
UnityEngine.Debug:ExtractStackTraceNoAlloc (byte*,int,string)
UnityEngine.StackTraceUtility:ExtractStackTrace ()
UnityEngine.Object:Destroy (UnityEngine.Object,single)
UnityEngine.Object:Destroy (UnityEngine.Object)
QuizBattle.Arena.Visuals.ArenaColosseumBuilder:CreateTower (UnityEngine.Transform,UnityEngine.Vector3,UnityEngine.Material,UnityEngine.Color) (at Assets/Scripts/Arena/Visuals/ArenaColosseumBuilder.cs:275)
QuizBattle.Arena.Visuals.ArenaColosseumBuilder:CreateStadiumWallsAndTowers (UnityEngine.Transform,UnityEngine.Vector3,single,single) (at Assets/Scripts/Arena/Visuals/ArenaColosseumBuilder.cs:202)
QuizBattle.Arena.Visuals.ArenaColosseumBuilder:Build (UnityEngine.Transform,int,int,single) (at Assets/Scripts/Arena/Visuals/ArenaColosseumBuilder.cs:26)
QuizBattle.Arena.GridController:BuildGrid (int,int,int) (at Assets/Scripts/Arena/GridController.cs:49)
QuizBattle.GameState.GameManager:RunAutoPlayMatch (int,int) (at Assets/Scripts/GameState/GameManager.cs:66)
ArenaDemoRunner:RunScenario (string,int,int,string) (at Assets/Editor/ArenaDemoRunner.cs:40)
ArenaDemoRunner:Run () (at Assets/Editor/ArenaDemoRunner.cs:21)

[Assets/Scripts/Arena/GridController.cs line 49]

GoldSpire: Destroy may not be called from edit mode! Use DestroyImmediate instead.
Destroying an object in edit mode destroys it permanently
UnityEngine.Debug:ExtractStackTraceNoAlloc (byte*,int,string)
UnityEngine.StackTraceUtility:ExtractStackTrace ()
UnityEngine.Object:Destroy (UnityEngine.Object,single)
UnityEngine.Object:Destroy (UnityEngine.Object)
QuizBattle.Arena.Visuals.ArenaColosseumBuilder:CreateTower (UnityEngine.Transform,UnityEngine.Vector3,UnityEngine.Material,UnityEngine.Color) (at Assets/Scripts/Arena/Visuals/ArenaColosseumBuilder.cs:305)
QuizBattle.Arena.Visuals.ArenaColosseumBuilder:CreateStadiumWallsAndTowers (UnityEngine.Transform,UnityEngine.Vector3,single,single) (at Assets/Scripts/Arena/Visuals/ArenaColosseumBuilder.cs:202)
QuizBattle.Arena.Visuals.ArenaColosseumBuilder:Build (UnityEngine.Transform,int,int,single) (at Assets/Scripts/Arena/Visuals/ArenaColosseumBuilder.cs:26)
QuizBattle.Arena.GridController:BuildGrid (int,int,int) (at Assets/Scripts/Arena/GridController.cs:49)
QuizBattle.GameState.GameManager:RunAutoPlayMatch (int,int) (at Assets/Scripts/GameState/GameManager.cs:66)
ArenaDemoRunner:RunScenario (string,int,int,string) (at Assets/Editor/ArenaDemoRunner.cs:40)
ArenaDemoRunner:Run () (at Assets/Editor/ArenaDemoRunner.cs:21)

[Assets/Scripts/Arena/GridController.cs line 49]

TowerShaft: Destroy may not be called from edit mode! Use DestroyImmediate instead.
Destroying an object in edit mode destroys it permanently
UnityEngine.Debug:ExtractStackTraceNoAlloc (byte*,int,string)
UnityEngine.StackTraceUtility:ExtractStackTrace ()
UnityEngine.Object:Destroy (UnityEngine.Object,single)
UnityEngine.Object:Destroy (UnityEngine.Object)
QuizBattle.Arena.Visuals.ArenaColosseumBuilder:CreateTower (UnityEngine.Transform,UnityEngine.Vector3,UnityEngine.Material,UnityEngine.Color) (at Assets/Scripts/Arena/Visuals/ArenaColosseumBuilder.cs:266)
QuizBattle.Arena.Visuals.ArenaColosseumBuilder:CreateStadiumWallsAndTowers (UnityEngine.Transform,UnityEngine.Vector3,single,single) (at Assets/Scripts/Arena/Visuals/ArenaColosseumBuilder.cs:202)
QuizBattle.Arena.Visuals.ArenaColosseumBuilder:Build (UnityEngine.Transform,int,int,single) (at Assets/Scripts/Arena/Visuals/ArenaColosseumBuilder.cs:26)
QuizBattle.Arena.GridController:BuildGrid (int,int,int) (at Assets/Scripts/Arena/GridController.cs:49)
QuizBattle.GameState.GameManager:RunAutoPlayMatch (int,int) (at Assets/Scripts/GameState/GameManager.cs:66)
ArenaDemoRunner:RunScenario (string,int,int,string) (at Assets/Editor/ArenaDemoRunner.cs:40)
ArenaDemoRunner:Run () (at Assets/Editor/ArenaDemoRunner.cs:21)

[Assets/Scripts/Arena/GridController.cs line 49]

TowerRim: Destroy may not be called from edit mode! Use DestroyImmediate instead.
Destroying an object in edit mode destroys it permanently
UnityEngine.Debug:ExtractStackTraceNoAlloc (byte*,int,string)
UnityEngine.StackTraceUtility:ExtractStackTrace ()
UnityEngine.Object:Destroy (UnityEngine.Object,single)
UnityEngine.Object:Destroy (UnityEngine.Object)
QuizBattle.Arena.Visuals.ArenaColosseumBuilder:CreateTower (UnityEngine.Transform,UnityEngine.Vector3,UnityEngine.Material,UnityEngine.Color) (at Assets/Scripts/Arena/Visuals/ArenaColosseumBuilder.cs:275)
QuizBattle.Arena.Visuals.ArenaColosseumBuilder:CreateStadiumWallsAndTowers (UnityEngine.Transform,UnityEngine.Vector3,single,single) (at Assets/Scripts/Arena/Visuals/ArenaColosseumBuilder.cs:202)
QuizBattle.Arena.Visuals.ArenaColosseumBuilder:Build (UnityEngine.Transform,int,int,single) (at Assets/Scripts/Arena/Visuals/ArenaColosseumBuilder.cs:26)
QuizBattle.Arena.GridController:BuildGrid (int,int,int) (at Assets/Scripts/Arena/GridController.cs:49)
QuizBattle.GameState.GameManager:RunAutoPlayMatch (int,int) (at Assets/Scripts/GameState/GameManager.cs:66)
ArenaDemoRunner:RunScenario (string,int,int,string) (at Assets/Editor/ArenaDemoRunner.cs:40)
ArenaDemoRunner:Run () (at Assets/Editor/ArenaDemoRunner.cs:21)

[Assets/Scripts/Arena/GridController.cs line 49]

GoldSpire: Destroy may not be called from edit mode! Use DestroyImmediate instead.
Destroying an object in edit mode destroys it permanently
UnityEngine.Debug:ExtractStackTraceNoAlloc (byte*,int,string)
UnityEngine.StackTraceUtility:ExtractStackTrace ()
UnityEngine.Object:Destroy (UnityEngine.Object,single)
UnityEngine.Object:Destroy (UnityEngine.Object)
QuizBattle.Arena.Visuals.ArenaColosseumBuilder:CreateTower (UnityEngine.Transform,UnityEngine.Vector3,UnityEngine.Material,UnityEngine.Color) (at Assets/Scripts/Arena/Visuals/ArenaColosseumBuilder.cs:305)
QuizBattle.Arena.Visuals.ArenaColosseumBuilder:CreateStadiumWallsAndTowers (UnityEngine.Transform,UnityEngine.Vector3,single,single) (at Assets/Scripts/Arena/Visuals/ArenaColosseumBuilder.cs:202)
QuizBattle.Arena.Visuals.ArenaColosseumBuilder:Build (UnityEngine.Transform,int,int,single) (at Assets/Scripts/Arena/Visuals/ArenaColosseumBuilder.cs:26)
QuizBattle.Arena.GridController:BuildGrid (int,int,int) (at Assets/Scripts/Arena/GridController.cs:49)
QuizBattle.GameState.GameManager:RunAutoPlayMatch (int,int) (at Assets/Scripts/GameState/GameManager.cs:66)
ArenaDemoRunner:RunScenario (string,int,int,string) (at Assets/Editor/ArenaDemoRunner.cs:40)
ArenaDemoRunner:Run () (at Assets/Editor/ArenaDemoRunner.cs:21)

[Assets/Scripts/Arena/GridController.cs line 49]

Cloth: Destroy may not be called from edit mode! Use DestroyImmediate instead.
Destroying an object in edit mode destroys it permanently
UnityEngine.Debug:ExtractStackTraceNoAlloc (byte*,int,string)
UnityEngine.StackTraceUtility:ExtractStackTrace ()
UnityEngine.Object:Destroy (UnityEngine.Object,single)
UnityEngine.Object:Destroy (UnityEngine.Object)
QuizBattle.Arena.Visuals.ArenaColosseumBuilder:CreateBanner (UnityEngine.Transform,UnityEngine.Vector3,UnityEngine.Color,bool) (at Assets/Scripts/Arena/Visuals/ArenaColosseumBuilder.cs:355)
QuizBattle.Arena.Visuals.ArenaColosseumBuilder:CreateRoyalBanners (UnityEngine.Transform,UnityEngine.Vector3,single,single) (at Assets/Scripts/Arena/Visuals/ArenaColosseumBuilder.cs:321)
QuizBattle.Arena.Visuals.ArenaColosseumBuilder:Build (UnityEngine.Transform,int,int,single) (at Assets/Scripts/Arena/Visuals/ArenaColosseumBuilder.cs:27)
QuizBattle.Arena.GridController:BuildGrid (int,int,int) (at Assets/Scripts/Arena/GridController.cs:49)
QuizBattle.GameState.GameManager:RunAutoPlayMatch (int,int) (at Assets/Scripts/GameState/GameManager.cs:66)
ArenaDemoRunner:RunScenario (string,int,int,string) (at Assets/Editor/ArenaDemoRunner.cs:40)
ArenaDemoRunner:Run () (at Assets/Editor/ArenaDemoRunner.cs:21)

[Assets/Scripts/Arena/GridController.cs line 49]

Rod: Destroy may not be called from edit mode! Use DestroyImmediate instead.
Destroying an object in edit mode destroys it permanently
UnityEngine.Debug:ExtractStackTraceNoAlloc (byte*,int,string)
UnityEngine.StackTraceUtility:ExtractStackTrace ()
UnityEngine.Object:Destroy (UnityEngine.Object,single)
UnityEngine.Object:Destroy (UnityEngine.Object)
QuizBattle.Arena.Visuals.ArenaColosseumBuilder:CreateBanner (UnityEngine.Transform,UnityEngine.Vector3,UnityEngine.Color,bool) (at Assets/Scripts/Arena/Visuals/ArenaColosseumBuilder.cs:365)
QuizBattle.Arena.Visuals.ArenaColosseumBuilder:CreateRoyalBanners (UnityEngine.Transform,UnityEngine.Vector3,single,single) (at Assets/Scripts/Arena/Visuals/ArenaColosseumBuilder.cs:321)
QuizBattle.Arena.Visuals.ArenaColosseumBuilder:Build (UnityEngine.Transform,int,int,single) (at Assets/Scripts/Arena/Visuals/ArenaColosseumBuilder.cs:27)
QuizBattle.Arena.GridController:BuildGrid (int,int,int) (at Assets/Scripts/Arena/GridController.cs:49)
QuizBattle.GameState.GameManager:RunAutoPlayMatch (int,int) (at Assets/Scripts/GameState/GameManager.cs:66)
ArenaDemoRunner:RunScenario (string,int,int,string) (at Assets/Editor/ArenaDemoRunner.cs:40)
ArenaDemoRunner:Run () (at Assets/Editor/ArenaDemoRunner.cs:21)

[Assets/Scripts/Arena/GridController.cs line 49]

Emblem: Destroy may not be called from edit mode! Use DestroyImmediate instead.
Destroying an object in edit mode destroys it permanently
UnityEngine.Debug:ExtractStackTraceNoAlloc (byte*,int,string)
UnityEngine.StackTraceUtility:ExtractStackTrace ()
UnityEngine.Object:Destroy (UnityEngine.Object,single)
UnityEngine.Object:Destroy (UnityEngine.Object)
QuizBattle.Arena.Visuals.ArenaColosseumBuilder:CreateBanner (UnityEngine.Transform,UnityEngine.Vector3,UnityEngine.Color,bool) (at Assets/Scripts/Arena/Visuals/ArenaColosseumBuilder.cs:375)
QuizBattle.Arena.Visuals.ArenaColosseumBuilder:CreateRoyalBanners (UnityEngine.Transform,UnityEngine.Vector3,single,single) (at Assets/Scripts/Arena/Visuals/ArenaColosseumBuilder.cs:321)
QuizBattle.Arena.Visuals.ArenaColosseumBuilder:Build (UnityEngine.Transform,int,int,single) (at Assets/Scripts/Arena/Visuals/ArenaColosseumBuilder.cs:27)
QuizBattle.Arena.GridController:BuildGrid (int,int,int) (at Assets/Scripts/Arena/GridController.cs:49)
QuizBattle.GameState.GameManager:RunAutoPlayMatch (int,int) (at Assets/Scripts/GameState/GameManager.cs:66)
ArenaDemoRunner:RunScenario (string,int,int,string) (at Assets/Editor/ArenaDemoRunner.cs:40)
ArenaDemoRunner:Run () (at Assets/Editor/ArenaDemoRunner.cs:21)

[Assets/Scripts/Arena/GridController.cs line 49]

Cloth: Destroy may not be called from edit mode! Use DestroyImmediate instead.
Destroying an object in edit mode destroys it permanently
UnityEngine.Debug:ExtractStackTraceNoAlloc (byte*,int,string)
UnityEngine.StackTraceUtility:ExtractStackTrace ()
UnityEngine.Object:Destroy (UnityEngine.Object,single)
UnityEngine.Object:Destroy (UnityEngine.Object)
QuizBattle.Arena.Visuals.ArenaColosseumBuilder:CreateBanner (UnityEngine.Transform,UnityEngine.Vector3,UnityEngine.Color,bool) (at Assets/Scripts/Arena/Visuals/ArenaColosseumBuilder.cs:355)
QuizBattle.Arena.Visuals.ArenaColosseumBuilder:CreateRoyalBanners (UnityEngine.Transform,UnityEngine.Vector3,single,single) (at Assets/Scripts/Arena/Visuals/ArenaColosseumBuilder.cs:322)
QuizBattle.Arena.Visuals.ArenaColosseumBuilder:Build (UnityEngine.Transform,int,int,single) (at Assets/Scripts/Arena/Visuals/ArenaColosseumBuilder.cs:27)
QuizBattle.Arena.GridController:BuildGrid (int,int,int) (at Assets/Scripts/Arena/GridController.cs:49)
QuizBattle.GameState.GameManager:RunAutoPlayMatch (int,int) (at Assets/Scripts/GameState/GameManager.cs:66)
ArenaDemoRunner:RunScenario (string,int,int,string) (at Assets/Editor/ArenaDemoRunner.cs:40)
ArenaDemoRunner:Run () (at Assets/Editor/ArenaDemoRunner.cs:21)

[Assets/Scripts/Arena/GridController.cs line 49]

Rod: Destroy may not be called from edit mode! Use DestroyImmediate instead.
Destroying an object in edit mode destroys it permanently
UnityEngine.Debug:ExtractStackTraceNoAlloc (byte*,int,string)
UnityEngine.StackTraceUtility:ExtractStackTrace ()
UnityEngine.Object:Destroy (UnityEngine.Object,single)
UnityEngine.Object:Destroy (UnityEngine.Object)
QuizBattle.Arena.Visuals.ArenaColosseumBuilder:CreateBanner (UnityEngine.Transform,UnityEngine.Vector3,UnityEngine.Color,bool) (at Assets/Scripts/Arena/Visuals/ArenaColosseumBuilder.cs:365)
QuizBattle.Arena.Visuals.ArenaColosseumBuilder:CreateRoyalBanners (UnityEngine.Transform,UnityEngine.Vector3,single,single) (at Assets/Scripts/Arena/Visuals/ArenaColosseumBuilder.cs:322)
QuizBattle.Arena.Visuals.ArenaColosseumBuilder:Build (UnityEngine.Transform,int,int,single) (at Assets/Scripts/Arena/Visuals/ArenaColosseumBuilder.cs:27)
QuizBattle.Arena.GridController:BuildGrid (int,int,int) (at Assets/Scripts/Arena/GridController.cs:49)
QuizBattle.GameState.GameManager:RunAutoPlayMatch (int,int) (at Assets/Scripts/GameState/GameManager.cs:66)
ArenaDemoRunner:RunScenario (string,int,int,string) (at Assets/Editor/ArenaDemoRunner.cs:40)
ArenaDemoRunner:Run () (at Assets/Editor/ArenaDemoRunner.cs:21)

[Assets/Scripts/Arena/GridController.cs line 49]

Emblem: Destroy may not be called from edit mode! Use DestroyImmediate instead.
Destroying an object in edit mode destroys it permanently
UnityEngine.Debug:ExtractStackTraceNoAlloc (byte*,int,string)
UnityEngine.StackTraceUtility:ExtractStackTrace ()
UnityEngine.Object:Destroy (UnityEngine.Object,single)
UnityEngine.Object:Destroy (UnityEngine.Object)
QuizBattle.Arena.Visuals.ArenaColosseumBuilder:CreateBanner (UnityEngine.Transform,UnityEngine.Vector3,UnityEngine.Color,bool) (at Assets/Scripts/Arena/Visuals/ArenaColosseumBuilder.cs:375)
QuizBattle.Arena.Visuals.ArenaColosseumBuilder:CreateRoyalBanners (UnityEngine.Transform,UnityEngine.Vector3,single,single) (at Assets/Scripts/Arena/Visuals/ArenaColosseumBuilder.cs:322)
QuizBattle.Arena.Visuals.ArenaColosseumBuilder:Build (UnityEngine.Transform,int,int,single) (at Assets/Scripts/Arena/Visuals/ArenaColosseumBuilder.cs:27)
QuizBattle.Arena.GridController:BuildGrid (int,int,int) (at Assets/Scripts/Arena/GridController.cs:49)
QuizBattle.GameState.GameManager:RunAutoPlayMatch (int,int) (at Assets/Scripts/GameState/GameManager.cs:66)
ArenaDemoRunner:RunScenario (string,int,int,string) (at Assets/Editor/ArenaDemoRunner.cs:40)
ArenaDemoRunner:Run () (at Assets/Editor/ArenaDemoRunner.cs:21)

[Assets/Scripts/Arena/GridController.cs line 49]

Cloth: Destroy may not be called from edit mode! Use DestroyImmediate instead.
Destroying an object in edit mode destroys it permanently
UnityEngine.Debug:ExtractStackTraceNoAlloc (byte*,int,string)
UnityEngine.StackTraceUtility:ExtractStackTrace ()
UnityEngine.Object:Destroy (UnityEngine.Object,single)
UnityEngine.Object:Destroy (UnityEngine.Object)
QuizBattle.Arena.Visuals.ArenaColosseumBuilder:CreateBanner (UnityEngine.Transform,UnityEngine.Vector3,UnityEngine.Color,bool) (at Assets/Scripts/Arena/Visuals/ArenaColosseumBuilder.cs:355)
QuizBattle.Arena.Visuals.ArenaColosseumBuilder:CreateRoyalBanners (UnityEngine.Transform,UnityEngine.Vector3,single,single) (at Assets/Scripts/Arena/Visuals/ArenaColosseumBuilder.cs:325)
QuizBattle.Arena.Visuals.ArenaColosseumBuilder:Build (UnityEngine.Transform,int,int,single) (at Assets/Scripts/Arena/Visuals/ArenaColosseumBuilder.cs:27)
QuizBattle.Arena.GridController:BuildGrid (int,int,int) (at Assets/Scripts/Arena/GridController.cs:49)
QuizBattle.GameState.GameManager:RunAutoPlayMatch (int,int) (at Assets/Scripts/GameState/GameManager.cs:66)
ArenaDemoRunner:RunScenario (string,int,int,string) (at Assets/Editor/ArenaDemoRunner.cs:40)
ArenaDemoRunner:Run () (at Assets/Editor/ArenaDemoRunner.cs:21)

[Assets/Scripts/Arena/GridController.cs line 49]

Rod: Destroy may not be called from edit mode! Use DestroyImmediate instead.
Destroying an object in edit mode destroys it permanently
UnityEngine.Debug:ExtractStackTraceNoAlloc (byte*,int,string)
UnityEngine.StackTraceUtility:ExtractStackTrace ()
UnityEngine.Object:Destroy (UnityEngine.Object,single)
UnityEngine.Object:Destroy (UnityEngine.Object)
QuizBattle.Arena.Visuals.ArenaColosseumBuilder:CreateBanner (UnityEngine.Transform,UnityEngine.Vector3,UnityEngine.Color,bool) (at Assets/Scripts/Arena/Visuals/ArenaColosseumBuilder.cs:365)
QuizBattle.Arena.Visuals.ArenaColosseumBuilder:CreateRoyalBanners (UnityEngine.Transform,UnityEngine.Vector3,single,single) (at Assets/Scripts/Arena/Visuals/ArenaColosseumBuilder.cs:325)
QuizBattle.Arena.Visuals.ArenaColosseumBuilder:Build (UnityEngine.Transform,int,int,single) (at Assets/Scripts/Arena/Visuals/ArenaColosseumBuilder.cs:27)
QuizBattle.Arena.GridController:BuildGrid (int,int,int) (at Assets/Scripts/Arena/GridController.cs:49)
QuizBattle.GameState.GameManager:RunAutoPlayMatch (int,int) (at Assets/Scripts/GameState/GameManager.cs:66)
ArenaDemoRunner:RunScenario (string,int,int,string) (at Assets/Editor/ArenaDemoRunner.cs:40)
ArenaDemoRunner:Run () (at Assets/Editor/ArenaDemoRunner.cs:21)

[Assets/Scripts/Arena/GridController.cs line 49]

Emblem: Destroy may not be called from edit mode! Use DestroyImmediate instead.
Destroying an object in edit mode destroys it permanently
UnityEngine.Debug:ExtractStackTraceNoAlloc (byte*,int,string)
UnityEngine.StackTraceUtility:ExtractStackTrace ()
UnityEngine.Object:Destroy (UnityEngine.Object,single)
UnityEngine.Object:Destroy (UnityEngine.Object)
QuizBattle.Arena.Visuals.ArenaColosseumBuilder:CreateBanner (UnityEngine.Transform,UnityEngine.Vector3,UnityEngine.Color,bool) (at Assets/Scripts/Arena/Visuals/ArenaColosseumBuilder.cs:375)
QuizBattle.Arena.Visuals.ArenaColosseumBuilder:CreateRoyalBanners (UnityEngine.Transform,UnityEngine.Vector3,single,single) (at Assets/Scripts/Arena/Visuals/ArenaColosseumBuilder.cs:325)
QuizBattle.Arena.Visuals.ArenaColosseumBuilder:Build (UnityEngine.Transform,int,int,single) (at Assets/Scripts/Arena/Visuals/ArenaColosseumBuilder.cs:27)
QuizBattle.Arena.GridController:BuildGrid (int,int,int) (at Assets/Scripts/Arena/GridController.cs:49)
QuizBattle.GameState.GameManager:RunAutoPlayMatch (int,int) (at Assets/Scripts/GameState/GameManager.cs:66)
ArenaDemoRunner:RunScenario (string,int,int,string) (at Assets/Editor/ArenaDemoRunner.cs:40)
ArenaDemoRunner:Run () (at Assets/Editor/ArenaDemoRunner.cs:21)

[Assets/Scripts/Arena/GridController.cs line 49]

Cloth: Destroy may not be called from edit mode! Use DestroyImmediate instead.
Destroying an object in edit mode destroys it permanently
UnityEngine.Debug:ExtractStackTraceNoAlloc (byte*,int,string)
UnityEngine.StackTraceUtility:ExtractStackTrace ()
UnityEngine.Object:Destroy (UnityEngine.Object,single)
UnityEngine.Object:Destroy (UnityEngine.Object)
QuizBattle.Arena.Visuals.ArenaColosseumBuilder:CreateBanner (UnityEngine.Transform,UnityEngine.Vector3,UnityEngine.Color,bool) (at Assets/Scripts/Arena/Visuals/ArenaColosseumBuilder.cs:355)
QuizBattle.Arena.Visuals.ArenaColosseumBuilder:CreateRoyalBanners (UnityEngine.Transform,UnityEngine.Vector3,single,single) (at Assets/Scripts/Arena/Visuals/ArenaColosseumBuilder.cs:326)
QuizBattle.Arena.Visuals.ArenaColosseumBuilder:Build (UnityEngine.Transform,int,int,single) (at Assets/Scripts/Arena/Visuals/ArenaColosseumBuilder.cs:27)
QuizBattle.Arena.GridController:BuildGrid (int,int,int) (at Assets/Scripts/Arena/GridController.cs:49)
QuizBattle.GameState.GameManager:RunAutoPlayMatch (int,int) (at Assets/Scripts/GameState/GameManager.cs:66)
ArenaDemoRunner:RunScenario (string,int,int,string) (at Assets/Editor/ArenaDemoRunner.cs:40)
ArenaDemoRunner:Run () (at Assets/Editor/ArenaDemoRunner.cs:21)

[Assets/Scripts/Arena/GridController.cs line 49]

Rod: Destroy may not be called from edit mode! Use DestroyImmediate instead.
Destroying an object in edit mode destroys it permanently
UnityEngine.Debug:ExtractStackTraceNoAlloc (byte*,int,string)
UnityEngine.StackTraceUtility:ExtractStackTrace ()
UnityEngine.Object:Destroy (UnityEngine.Object,single)
UnityEngine.Object:Destroy (UnityEngine.Object)
QuizBattle.Arena.Visuals.ArenaColosseumBuilder:CreateBanner (UnityEngine.Transform,UnityEngine.Vector3,UnityEngine.Color,bool) (at Assets/Scripts/Arena/Visuals/ArenaColosseumBuilder.cs:365)
QuizBattle.Arena.Visuals.ArenaColosseumBuilder:CreateRoyalBanners (UnityEngine.Transform,UnityEngine.Vector3,single,single) (at Assets/Scripts/Arena/Visuals/ArenaColosseumBuilder.cs:326)
QuizBattle.Arena.Visuals.ArenaColosseumBuilder:Build (UnityEngine.Transform,int,int,single) (at Assets/Scripts/Arena/Visuals/ArenaColosseumBuilder.cs:27)
QuizBattle.Arena.GridController:BuildGrid (int,int,int) (at Assets/Scripts/Arena/GridController.cs:49)
QuizBattle.GameState.GameManager:RunAutoPlayMatch (int,int) (at Assets/Scripts/GameState/GameManager.cs:66)
ArenaDemoRunner:RunScenario (string,int,int,string) (at Assets/Editor/ArenaDemoRunner.cs:40)
ArenaDemoRunner:Run () (at Assets/Editor/ArenaDemoRunner.cs:21)

[Assets/Scripts/Arena/GridController.cs line 49]

Emblem: Destroy may not be called from edit mode! Use DestroyImmediate instead.
Destroying an object in edit mode destroys it permanently
UnityEngine.Debug:ExtractStackTraceNoAlloc (byte*,int,string)
UnityEngine.StackTraceUtility:ExtractStackTrace ()
UnityEngine.Object:Destroy (UnityEngine.Object,single)
UnityEngine.Object:Destroy (UnityEngine.Object)
QuizBattle.Arena.Visuals.ArenaColosseumBuilder:CreateBanner (UnityEngine.Transform,UnityEngine.Vector3,UnityEngine.Color,bool) (at Assets/Scripts/Arena/Visuals/ArenaColosseumBuilder.cs:375)
QuizBattle.Arena.Visuals.ArenaColosseumBuilder:CreateRoyalBanners (UnityEngine.Transform,UnityEngine.Vector3,single,single) (at Assets/Scripts/Arena/Visuals/ArenaColosseumBuilder.cs:326)
QuizBattle.Arena.Visuals.ArenaColosseumBuilder:Build (UnityEngine.Transform,int,int,single) (at Assets/Scripts/Arena/Visuals/ArenaColosseumBuilder.cs:27)
QuizBattle.Arena.GridController:BuildGrid (int,int,int) (at Assets/Scripts/Arena/GridController.cs:49)
QuizBattle.GameState.GameManager:RunAutoPlayMatch (int,int) (at Assets/Scripts/GameState/GameManager.cs:66)
ArenaDemoRunner:RunScenario (string,int,int,string) (at Assets/Editor/ArenaDemoRunner.cs:40)
ArenaDemoRunner:Run () (at Assets/Editor/ArenaDemoRunner.cs:21)

[Assets/Scripts/Arena/GridController.cs line 49]

Base: Destroy may not be called from edit mode! Use DestroyImmediate instead.
Destroying an object in edit mode destroys it permanently
UnityEngine.Debug:ExtractStackTraceNoAlloc (byte*,int,string)
UnityEngine.StackTraceUtility:ExtractStackTrace ()
UnityEngine.Object:Destroy (UnityEngine.Object,single)
UnityEngine.Object:Destroy (UnityEngine.Object)
QuizBattle.Arena.Visuals.ArenaColosseumBuilder:CreateBrazier (UnityEngine.Transform,UnityEngine.Vector3) (at Assets/Scripts/Arena/Visuals/ArenaColosseumBuilder.cs:419)
QuizBattle.Arena.Visuals.ArenaColosseumBuilder:CreateCornerBraziers (UnityEngine.Transform,UnityEngine.Vector3,single,single) (at Assets/Scripts/Arena/Visuals/ArenaColosseumBuilder.cs:400)
QuizBattle.Arena.Visuals.ArenaColosseumBuilder:Build (UnityEngine.Transform,int,int,single) (at Assets/Scripts/Arena/Visuals/ArenaColosseumBuilder.cs:28)
QuizBattle.Arena.GridController:BuildGrid (int,int,int) (at Assets/Scripts/Arena/GridController.cs:49)
QuizBattle.GameState.GameManager:RunAutoPlayMatch (int,int) (at Assets/Scripts/GameState/GameManager.cs:66)
ArenaDemoRunner:RunScenario (string,int,int,string) (at Assets/Editor/ArenaDemoRunner.cs:40)
ArenaDemoRunner:Run () (at Assets/Editor/ArenaDemoRunner.cs:21)

[Assets/Scripts/Arena/GridController.cs line 49]

Pillar: Destroy may not be called from edit mode! Use DestroyImmediate instead.
Destroying an object in edit mode destroys it permanently
UnityEngine.Debug:ExtractStackTraceNoAlloc (byte*,int,string)
UnityEngine.StackTraceUtility:ExtractStackTrace ()
UnityEngine.Object:Destroy (UnityEngine.Object,single)
UnityEngine.Object:Destroy (UnityEngine.Object)
QuizBattle.Arena.Visuals.ArenaColosseumBuilder:CreateBrazier (UnityEngine.Transform,UnityEngine.Vector3) (at Assets/Scripts/Arena/Visuals/ArenaColosseumBuilder.cs:428)
QuizBattle.Arena.Visuals.ArenaColosseumBuilder:CreateCornerBraziers (UnityEngine.Transform,UnityEngine.Vector3,single,single) (at Assets/Scripts/Arena/Visuals/ArenaColosseumBuilder.cs:400)
QuizBattle.Arena.Visuals.ArenaColosseumBuilder:Build (UnityEngine.Transform,int,int,single) (at Assets/Scripts/Arena/Visuals/ArenaColosseumBuilder.cs:28)
QuizBattle.Arena.GridController:BuildGrid (int,int,int) (at Assets/Scripts/Arena/GridController.cs:49)
QuizBattle.GameState.GameManager:RunAutoPlayMatch (int,int) (at Assets/Scripts/GameState/GameManager.cs:66)
ArenaDemoRunner:RunScenario (string,int,int,string) (at Assets/Editor/ArenaDemoRunner.cs:40)
ArenaDemoRunner:Run () (at Assets/Editor/ArenaDemoRunner.cs:21)

[Assets/Scripts/Arena/GridController.cs line 49]

Bowl: Destroy may not be called from edit mode! Use DestroyImmediate instead.
Destroying an object in edit mode destroys it permanently
UnityEngine.Debug:ExtractStackTraceNoAlloc (byte*,int,string)
UnityEngine.StackTraceUtility:ExtractStackTrace ()
UnityEngine.Object:Destroy (UnityEngine.Object,single)
UnityEngine.Object:Destroy (UnityEngine.Object)
QuizBattle.Arena.Visuals.ArenaColosseumBuilder:CreateBrazier (UnityEngine.Transform,UnityEngine.Vector3) (at Assets/Scripts/Arena/Visuals/ArenaColosseumBuilder.cs:437)
QuizBattle.Arena.Visuals.ArenaColosseumBuilder:CreateCornerBraziers (UnityEngine.Transform,UnityEngine.Vector3,single,single) (at Assets/Scripts/Arena/Visuals/ArenaColosseumBuilder.cs:400)
QuizBattle.Arena.Visuals.ArenaColosseumBuilder:Build (UnityEngine.Transform,int,int,single) (at Assets/Scripts/Arena/Visuals/ArenaColosseumBuilder.cs:28)
QuizBattle.Arena.GridController:BuildGrid (int,int,int) (at Assets/Scripts/Arena/GridController.cs:49)
QuizBattle.GameState.GameManager:RunAutoPlayMatch (int,int) (at Assets/Scripts/GameState/GameManager.cs:66)
ArenaDemoRunner:RunScenario (string,int,int,string) (at Assets/Editor/ArenaDemoRunner.cs:40)
ArenaDemoRunner:Run () (at Assets/Editor/ArenaDemoRunner.cs:21)

[Assets/Scripts/Arena/GridController.cs line 49]

FireCore: Destroy may not be called from edit mode! Use DestroyImmediate instead.
Destroying an object in edit mode destroys it permanently
UnityEngine.Debug:ExtractStackTraceNoAlloc (byte*,int,string)
UnityEngine.StackTraceUtility:ExtractStackTrace ()
UnityEngine.Object:Destroy (UnityEngine.Object,single)
UnityEngine.Object:Destroy (UnityEngine.Object)
QuizBattle.Arena.Visuals.ArenaColosseumBuilder:CreateBrazier (UnityEngine.Transform,UnityEngine.Vector3) (at Assets/Scripts/Arena/Visuals/ArenaColosseumBuilder.cs:446)
QuizBattle.Arena.Visuals.ArenaColosseumBuilder:CreateCornerBraziers (UnityEngine.Transform,UnityEngine.Vector3,single,single) (at Assets/Scripts/Arena/Visuals/ArenaColosseumBuilder.cs:400)
QuizBattle.Arena.Visuals.ArenaColosseumBuilder:Build (UnityEngine.Transform,int,int,single) (at Assets/Scripts/Arena/Visuals/ArenaColosseumBuilder.cs:28)
QuizBattle.Arena.GridController:BuildGrid (int,int,int) (at Assets/Scripts/Arena/GridController.cs:49)
QuizBattle.GameState.GameManager:RunAutoPlayMatch (int,int) (at Assets/Scripts/GameState/GameManager.cs:66)
ArenaDemoRunner:RunScenario (string,int,int,string) (at Assets/Editor/ArenaDemoRunner.cs:40)
ArenaDemoRunner:Run () (at Assets/Editor/ArenaDemoRunner.cs:21)

[Assets/Scripts/Arena/GridController.cs line 49]

Base: Destroy may not be called from edit mode! Use DestroyImmediate instead.
Destroying an object in edit mode destroys it permanently
UnityEngine.Debug:ExtractStackTraceNoAlloc (byte*,int,string)
UnityEngine.StackTraceUtility:ExtractStackTrace ()
UnityEngine.Object:Destroy (UnityEngine.Object,single)
UnityEngine.Object:Destroy (UnityEngine.Object)
QuizBattle.Arena.Visuals.ArenaColosseumBuilder:CreateBrazier (UnityEngine.Transform,UnityEngine.Vector3) (at Assets/Scripts/Arena/Visuals/ArenaColosseumBuilder.cs:419)
QuizBattle.Arena.Visuals.ArenaColosseumBuilder:CreateCornerBraziers (UnityEngine.Transform,UnityEngine.Vector3,single,single) (at Assets/Scripts/Arena/Visuals/ArenaColosseumBuilder.cs:400)
QuizBattle.Arena.Visuals.ArenaColosseumBuilder:Build (UnityEngine.Transform,int,int,single) (at Assets/Scripts/Arena/Visuals/ArenaColosseumBuilder.cs:28)
QuizBattle.Arena.GridController:BuildGrid (int,int,int) (at Assets/Scripts/Arena/GridController.cs:49)
QuizBattle.GameState.GameManager:RunAutoPlayMatch (int,int) (at Assets/Scripts/GameState/GameManager.cs:66)
ArenaDemoRunner:RunScenario (string,int,int,string) (at Assets/Editor/ArenaDemoRunner.cs:40)
ArenaDemoRunner:Run () (at Assets/Editor/ArenaDemoRunner.cs:21)

[Assets/Scripts/Arena/GridController.cs line 49]

Pillar: Destroy may not be called from edit mode! Use DestroyImmediate instead.
Destroying an object in edit mode destroys it permanently
UnityEngine.Debug:ExtractStackTraceNoAlloc (byte*,int,string)
UnityEngine.StackTraceUtility:ExtractStackTrace ()
UnityEngine.Object:Destroy (UnityEngine.Object,single)
UnityEngine.Object:Destroy (UnityEngine.Object)
QuizBattle.Arena.Visuals.ArenaColosseumBuilder:CreateBrazier (UnityEngine.Transform,UnityEngine.Vector3) (at Assets/Scripts/Arena/Visuals/ArenaColosseumBuilder.cs:428)
QuizBattle.Arena.Visuals.ArenaColosseumBuilder:CreateCornerBraziers (UnityEngine.Transform,UnityEngine.Vector3,single,single) (at Assets/Scripts/Arena/Visuals/ArenaColosseumBuilder.cs:400)
QuizBattle.Arena.Visuals.ArenaColosseumBuilder:Build (UnityEngine.Transform,int,int,single) (at Assets/Scripts/Arena/Visuals/ArenaColosseumBuilder.cs:28)
QuizBattle.Arena.GridController:BuildGrid (int,int,int) (at Assets/Scripts/Arena/GridController.cs:49)
QuizBattle.GameState.GameManager:RunAutoPlayMatch (int,int) (at Assets/Scripts/GameState/GameManager.cs:66)
ArenaDemoRunner:RunScenario (string,int,int,string) (at Assets/Editor/ArenaDemoRunner.cs:40)
ArenaDemoRunner:Run () (at Assets/Editor/ArenaDemoRunner.cs:21)

[Assets/Scripts/Arena/GridController.cs line 49]

Bowl: Destroy may not be called from edit mode! Use DestroyImmediate instead.
Destroying an object in edit mode destroys it permanently
UnityEngine.Debug:ExtractStackTraceNoAlloc (byte*,int,string)
UnityEngine.StackTraceUtility:ExtractStackTrace ()
UnityEngine.Object:Destroy (UnityEngine.Object,single)
UnityEngine.Object:Destroy (UnityEngine.Object)
QuizBattle.Arena.Visuals.ArenaColosseumBuilder:CreateBrazier (UnityEngine.Transform,UnityEngine.Vector3) (at Assets/Scripts/Arena/Visuals/ArenaColosseumBuilder.cs:437)
QuizBattle.Arena.Visuals.ArenaColosseumBuilder:CreateCornerBraziers (UnityEngine.Transform,UnityEngine.Vector3,single,single) (at Assets/Scripts/Arena/Visuals/ArenaColosseumBuilder.cs:400)
QuizBattle.Arena.Visuals.ArenaColosseumBuilder:Build (UnityEngine.Transform,int,int,single) (at Assets/Scripts/Arena/Visuals/ArenaColosseumBuilder.cs:28)
QuizBattle.Arena.GridController:BuildGrid (int,int,int) (at Assets/Scripts/Arena/GridController.cs:49)
QuizBattle.GameState.GameManager:RunAutoPlayMatch (int,int) (at Assets/Scripts/GameState/GameManager.cs:66)
ArenaDemoRunner:RunScenario (string,int,int,string) (at Assets/Editor/ArenaDemoRunner.cs:40)
ArenaDemoRunner:Run () (at Assets/Editor/ArenaDemoRunner.cs:21)

[Assets/Scripts/Arena/GridController.cs line 49]

FireCore: Destroy may not be called from edit mode! Use DestroyImmediate instead.
Destroying an object in edit mode destroys it permanently
UnityEngine.Debug:ExtractStackTraceNoAlloc (byte*,int,string)
UnityEngine.StackTraceUtility:ExtractStackTrace ()
UnityEngine.Object:Destroy (UnityEngine.Object,single)
UnityEngine.Object:Destroy (UnityEngine.Object)
QuizBattle.Arena.Visuals.ArenaColosseumBuilder:CreateBrazier (UnityEngine.Transform,UnityEngine.Vector3) (at Assets/Scripts/Arena/Visuals/ArenaColosseumBuilder.cs:446)
QuizBattle.Arena.Visuals.ArenaColosseumBuilder:CreateCornerBraziers (UnityEngine.Transform,UnityEngine.Vector3,single,single) (at Assets/Scripts/Arena/Visuals/ArenaColosseumBuilder.cs:400)
QuizBattle.Arena.Visuals.ArenaColosseumBuilder:Build (UnityEngine.Transform,int,int,single) (at Assets/Scripts/Arena/Visuals/ArenaColosseumBuilder.cs:28)
QuizBattle.Arena.GridController:BuildGrid (int,int,int) (at Assets/Scripts/Arena/GridController.cs:49)
QuizBattle.GameState.GameManager:RunAutoPlayMatch (int,int) (at Assets/Scripts/GameState/GameManager.cs:66)
ArenaDemoRunner:RunScenario (string,int,int,string) (at Assets/Editor/ArenaDemoRunner.cs:40)
ArenaDemoRunner:Run () (at Assets/Editor/ArenaDemoRunner.cs:21)

[Assets/Scripts/Arena/GridController.cs line 49]

Base: Destroy may not be called from edit mode! Use DestroyImmediate instead.
Destroying an object in edit mode destroys it permanently
UnityEngine.Debug:ExtractStackTraceNoAlloc (byte*,int,string)
UnityEngine.StackTraceUtility:ExtractStackTrace ()
UnityEngine.Object:Destroy (UnityEngine.Object,single)
UnityEngine.Object:Destroy (UnityEngine.Object)
QuizBattle.Arena.Visuals.ArenaColosseumBuilder:CreateBrazier (UnityEngine.Transform,UnityEngine.Vector3) (at Assets/Scripts/Arena/Visuals/ArenaColosseumBuilder.cs:419)
QuizBattle.Arena.Visuals.ArenaColosseumBuilder:CreateCornerBraziers (UnityEngine.Transform,UnityEngine.Vector3,single,single) (at Assets/Scripts/Arena/Visuals/ArenaColosseumBuilder.cs:400)
QuizBattle.Arena.Visuals.ArenaColosseumBuilder:Build (UnityEngine.Transform,int,int,single) (at Assets/Scripts/Arena/Visuals/ArenaColosseumBuilder.cs:28)
QuizBattle.Arena.GridController:BuildGrid (int,int,int) (at Assets/Scripts/Arena/GridController.cs:49)
QuizBattle.GameState.GameManager:RunAutoPlayMatch (int,int) (at Assets/Scripts/GameState/GameManager.cs:66)
ArenaDemoRunner:RunScenario (string,int,int,string) (at Assets/Editor/ArenaDemoRunner.cs:40)
ArenaDemoRunner:Run () (at Assets/Editor/ArenaDemoRunner.cs:21)

[Assets/Scripts/Arena/GridController.cs line 49]

Pillar: Destroy may not be called from edit mode! Use DestroyImmediate instead.
Destroying an object in edit mode destroys it permanently
UnityEngine.Debug:ExtractStackTraceNoAlloc (byte*,int,string)
UnityEngine.StackTraceUtility:ExtractStackTrace ()
UnityEngine.Object:Destroy (UnityEngine.Object,single)
UnityEngine.Object:Destroy (UnityEngine.Object)
QuizBattle.Arena.Visuals.ArenaColosseumBuilder:CreateBrazier (UnityEngine.Transform,UnityEngine.Vector3) (at Assets/Scripts/Arena/Visuals/ArenaColosseumBuilder.cs:428)
QuizBattle.Arena.Visuals.ArenaColosseumBuilder:CreateCornerBraziers (UnityEngine.Transform,UnityEngine.Vector3,single,single) (at Assets/Scripts/Arena/Visuals/ArenaColosseumBuilder.cs:400)
QuizBattle.Arena.Visuals.ArenaColosseumBuilder:Build (UnityEngine.Transform,int,int,single) (at Assets/Scripts/Arena/Visuals/ArenaColosseumBuilder.cs:28)
QuizBattle.Arena.GridController:BuildGrid (int,int,int) (at Assets/Scripts/Arena/GridController.cs:49)
QuizBattle.GameState.GameManager:RunAutoPlayMatch (int,int) (at Assets/Scripts/GameState/GameManager.cs:66)
ArenaDemoRunner:RunScenario (string,int,int,string) (at Assets/Editor/ArenaDemoRunner.cs:40)
ArenaDemoRunner:Run () (at Assets/Editor/ArenaDemoRunner.cs:21)

[Assets/Scripts/Arena/GridController.cs line 49]

Bowl: Destroy may not be called from edit mode! Use DestroyImmediate instead.
Destroying an object in edit mode destroys it permanently
UnityEngine.Debug:ExtractStackTraceNoAlloc (byte*,int,string)
UnityEngine.StackTraceUtility:ExtractStackTrace ()
UnityEngine.Object:Destroy (UnityEngine.Object,single)
UnityEngine.Object:Destroy (UnityEngine.Object)
QuizBattle.Arena.Visuals.ArenaColosseumBuilder:CreateBrazier (UnityEngine.Transform,UnityEngine.Vector3) (at Assets/Scripts/Arena/Visuals/ArenaColosseumBuilder.cs:437)
QuizBattle.Arena.Visuals.ArenaColosseumBuilder:CreateCornerBraziers (UnityEngine.Transform,UnityEngine.Vector3,single,single) (at Assets/Scripts/Arena/Visuals/ArenaColosseumBuilder.cs:400)
QuizBattle.Arena.Visuals.ArenaColosseumBuilder:Build (UnityEngine.Transform,int,int,single) (at Assets/Scripts/Arena/Visuals/ArenaColosseumBuilder.cs:28)
QuizBattle.Arena.GridController:BuildGrid (int,int,int) (at Assets/Scripts/Arena/GridController.cs:49)
QuizBattle.GameState.GameManager:RunAutoPlayMatch (int,int) (at Assets/Scripts/GameState/GameManager.cs:66)
ArenaDemoRunner:RunScenario (string,int,int,string) (at Assets/Editor/ArenaDemoRunner.cs:40)
ArenaDemoRunner:Run () (at Assets/Editor/ArenaDemoRunner.cs:21)

[Assets/Scripts/Arena/GridController.cs line 49]

FireCore: Destroy may not be called from edit mode! Use DestroyImmediate instead.
Destroying an object in edit mode destroys it permanently
UnityEngine.Debug:ExtractStackTraceNoAlloc (byte*,int,string)
UnityEngine.StackTraceUtility:ExtractStackTrace ()
UnityEngine.Object:Destroy (UnityEngine.Object,single)
UnityEngine.Object:Destroy (UnityEngine.Object)
QuizBattle.Arena.Visuals.ArenaColosseumBuilder:CreateBrazier (UnityEngine.Transform,UnityEngine.Vector3) (at Assets/Scripts/Arena/Visuals/ArenaColosseumBuilder.cs:446)
QuizBattle.Arena.Visuals.ArenaColosseumBuilder:CreateCornerBraziers (UnityEngine.Transform,UnityEngine.Vector3,single,single) (at Assets/Scripts/Arena/Visuals/ArenaColosseumBuilder.cs:400)
QuizBattle.Arena.Visuals.ArenaColosseumBuilder:Build (UnityEngine.Transform,int,int,single) (at Assets/Scripts/Arena/Visuals/ArenaColosseumBuilder.cs:28)
QuizBattle.Arena.GridController:BuildGrid (int,int,int) (at Assets/Scripts/Arena/GridController.cs:49)
QuizBattle.GameState.GameManager:RunAutoPlayMatch (int,int) (at Assets/Scripts/GameState/GameManager.cs:66)
ArenaDemoRunner:RunScenario (string,int,int,string) (at Assets/Editor/ArenaDemoRunner.cs:40)
ArenaDemoRunner:Run () (at Assets/Editor/ArenaDemoRunner.cs:21)

[Assets/Scripts/Arena/GridController.cs line 49]

Base: Destroy may not be called from edit mode! Use DestroyImmediate instead.
Destroying an object in edit mode destroys it permanently
UnityEngine.Debug:ExtractStackTraceNoAlloc (byte*,int,string)
UnityEngine.StackTraceUtility:ExtractStackTrace ()
UnityEngine.Object:Destroy (UnityEngine.Object,single)
UnityEngine.Object:Destroy (UnityEngine.Object)
QuizBattle.Arena.Visuals.ArenaColosseumBuilder:CreateBrazier (UnityEngine.Transform,UnityEngine.Vector3) (at Assets/Scripts/Arena/Visuals/ArenaColosseumBuilder.cs:419)
QuizBattle.Arena.Visuals.ArenaColosseumBuilder:CreateCornerBraziers (UnityEngine.Transform,UnityEngine.Vector3,single,single) (at Assets/Scripts/Arena/Visuals/ArenaColosseumBuilder.cs:400)
QuizBattle.Arena.Visuals.ArenaColosseumBuilder:Build (UnityEngine.Transform,int,int,single) (at Assets/Scripts/Arena/Visuals/ArenaColosseumBuilder.cs:28)
QuizBattle.Arena.GridController:BuildGrid (int,int,int) (at Assets/Scripts/Arena/GridController.cs:49)
QuizBattle.GameState.GameManager:RunAutoPlayMatch (int,int) (at Assets/Scripts/GameState/GameManager.cs:66)
ArenaDemoRunner:RunScenario (string,int,int,string) (at Assets/Editor/ArenaDemoRunner.cs:40)
ArenaDemoRunner:Run () (at Assets/Editor/ArenaDemoRunner.cs:21)

[Assets/Scripts/Arena/GridController.cs line 49]

Pillar: Destroy may not be called from edit mode! Use DestroyImmediate instead.
Destroying an object in edit mode destroys it permanently
UnityEngine.Debug:ExtractStackTraceNoAlloc (byte*,int,string)
UnityEngine.StackTraceUtility:ExtractStackTrace ()
UnityEngine.Object:Destroy (UnityEngine.Object,single)
UnityEngine.Object:Destroy (UnityEngine.Object)
QuizBattle.Arena.Visuals.ArenaColosseumBuilder:CreateBrazier (UnityEngine.Transform,UnityEngine.Vector3) (at Assets/Scripts/Arena/Visuals/ArenaColosseumBuilder.cs:428)
QuizBattle.Arena.Visuals.ArenaColosseumBuilder:CreateCornerBraziers (UnityEngine.Transform,UnityEngine.Vector3,single,single) (at Assets/Scripts/Arena/Visuals/ArenaColosseumBuilder.cs:400)
QuizBattle.Arena.Visuals.ArenaColosseumBuilder:Build (UnityEngine.Transform,int,int,single) (at Assets/Scripts/Arena/Visuals/ArenaColosseumBuilder.cs:28)
QuizBattle.Arena.GridController:BuildGrid (int,int,int) (at Assets/Scripts/Arena/GridController.cs:49)
QuizBattle.GameState.GameManager:RunAutoPlayMatch (int,int) (at Assets/Scripts/GameState/GameManager.cs:66)
ArenaDemoRunner:RunScenario (string,int,int,string) (at Assets/Editor/ArenaDemoRunner.cs:40)
ArenaDemoRunner:Run () (at Assets/Editor/ArenaDemoRunner.cs:21)

[Assets/Scripts/Arena/GridController.cs line 49]

Bowl: Destroy may not be called from edit mode! Use DestroyImmediate instead.
Destroying an object in edit mode destroys it permanently
UnityEngine.Debug:ExtractStackTraceNoAlloc (byte*,int,string)
UnityEngine.StackTraceUtility:ExtractStackTrace ()
UnityEngine.Object:Destroy (UnityEngine.Object,single)
UnityEngine.Object:Destroy (UnityEngine.Object)
QuizBattle.Arena.Visuals.ArenaColosseumBuilder:CreateBrazier (UnityEngine.Transform,UnityEngine.Vector3) (at Assets/Scripts/Arena/Visuals/ArenaColosseumBuilder.cs:437)
QuizBattle.Arena.Visuals.ArenaColosseumBuilder:CreateCornerBraziers (UnityEngine.Transform,UnityEngine.Vector3,single,single) (at Assets/Scripts/Arena/Visuals/ArenaColosseumBuilder.cs:400)
QuizBattle.Arena.Visuals.ArenaColosseumBuilder:Build (UnityEngine.Transform,int,int,single) (at Assets/Scripts/Arena/Visuals/ArenaColosseumBuilder.cs:28)
QuizBattle.Arena.GridController:BuildGrid (int,int,int) (at Assets/Scripts/Arena/GridController.cs:49)
QuizBattle.GameState.GameManager:RunAutoPlayMatch (int,int) (at Assets/Scripts/GameState/GameManager.cs:66)
ArenaDemoRunner:RunScenario (string,int,int,string) (at Assets/Editor/ArenaDemoRunner.cs:40)
ArenaDemoRunner:Run () (at Assets/Editor/ArenaDemoRunner.cs:21)

[Assets/Scripts/Arena/GridController.cs line 49]

FireCore: Destroy may not be called from edit mode! Use DestroyImmediate instead.
Destroying an object in edit mode destroys it permanently
UnityEngine.Debug:ExtractStackTraceNoAlloc (byte*,int,string)
UnityEngine.StackTraceUtility:ExtractStackTrace ()
UnityEngine.Object:Destroy (UnityEngine.Object,single)
UnityEngine.Object:Destroy (UnityEngine.Object)
QuizBattle.Arena.Visuals.ArenaColosseumBuilder:CreateBrazier (UnityEngine.Transform,UnityEngine.Vector3) (at Assets/Scripts/Arena/Visuals/ArenaColosseumBuilder.cs:446)
QuizBattle.Arena.Visuals.ArenaColosseumBuilder:CreateCornerBraziers (UnityEngine.Transform,UnityEngine.Vector3,single,single) (at Assets/Scripts/Arena/Visuals/ArenaColosseumBuilder.cs:400)
QuizBattle.Arena.Visuals.ArenaColosseumBuilder:Build (UnityEngine.Transform,int,int,single) (at Assets/Scripts/Arena/Visuals/ArenaColosseumBuilder.cs:28)
QuizBattle.Arena.GridController:BuildGrid (int,int,int) (at Assets/Scripts/Arena/GridController.cs:49)
QuizBattle.GameState.GameManager:RunAutoPlayMatch (int,int) (at Assets/Scripts/GameState/GameManager.cs:66)
ArenaDemoRunner:RunScenario (string,int,int,string) (at Assets/Editor/ArenaDemoRunner.cs:40)
ArenaDemoRunner:Run () (at Assets/Editor/ArenaDemoRunner.cs:21)

[Assets/Scripts/Arena/GridController.cs line 49]

Water: Destroy may not be called from edit mode! Use DestroyImmediate instead.
Destroying an object in edit mode destroys it permanently
UnityEngine.Debug:ExtractStackTraceNoAlloc (byte*,int,string)
UnityEngine.StackTraceUtility:ExtractStackTrace ()
UnityEngine.Object:Destroy (UnityEngine.Object,single)
UnityEngine.Object:Destroy (UnityEngine.Object)
QuizBattle.Arena.Visuals.ArenaColosseumBuilder:CreateWaterMoatAndBridges (UnityEngine.Transform,UnityEngine.Vector3,single,single) (at Assets/Scripts/Arena/Visuals/ArenaColosseumBuilder.cs:532)
QuizBattle.Arena.Visuals.ArenaColosseumBuilder:Build (UnityEngine.Transform,int,int,single) (at Assets/Scripts/Arena/Visuals/ArenaColosseumBuilder.cs:29)
QuizBattle.Arena.GridController:BuildGrid (int,int,int) (at Assets/Scripts/Arena/GridController.cs:49)
QuizBattle.GameState.GameManager:RunAutoPlayMatch (int,int) (at Assets/Scripts/GameState/GameManager.cs:66)
ArenaDemoRunner:RunScenario (string,int,int,string) (at Assets/Editor/ArenaDemoRunner.cs:40)
ArenaDemoRunner:Run () (at Assets/Editor/ArenaDemoRunner.cs:21)

[Assets/Scripts/Arena/GridController.cs line 49]

Planks: Destroy may not be called from edit mode! Use DestroyImmediate instead.
Destroying an object in edit mode destroys it permanently
UnityEngine.Debug:ExtractStackTraceNoAlloc (byte*,int,string)
UnityEngine.StackTraceUtility:ExtractStackTrace ()
UnityEngine.Object:Destroy (UnityEngine.Object,single)
UnityEngine.Object:Destroy (UnityEngine.Object)
QuizBattle.Arena.Visuals.ArenaColosseumBuilder:CreateBridge (UnityEngine.Transform,UnityEngine.Vector3) (at Assets/Scripts/Arena/Visuals/ArenaColosseumBuilder.cs:565)
QuizBattle.Arena.Visuals.ArenaColosseumBuilder:CreateWaterMoatAndBridges (UnityEngine.Transform,UnityEngine.Vector3,single,single) (at Assets/Scripts/Arena/Visuals/ArenaColosseumBuilder.cs:548)
QuizBattle.Arena.Visuals.ArenaColosseumBuilder:Build (UnityEngine.Transform,int,int,single) (at Assets/Scripts/Arena/Visuals/ArenaColosseumBuilder.cs:29)
QuizBattle.Arena.GridController:BuildGrid (int,int,int) (at Assets/Scripts/Arena/GridController.cs:49)
QuizBattle.GameState.GameManager:RunAutoPlayMatch (int,int) (at Assets/Scripts/GameState/GameManager.cs:66)
ArenaDemoRunner:RunScenario (string,int,int,string) (at Assets/Editor/ArenaDemoRunner.cs:40)
ArenaDemoRunner:Run () (at Assets/Editor/ArenaDemoRunner.cs:21)

[Assets/Scripts/Arena/GridController.cs line 49]

Rail: Destroy may not be called from edit mode! Use DestroyImmediate instead.
Destroying an object in edit mode destroys it permanently
UnityEngine.Debug:ExtractStackTraceNoAlloc (byte*,int,string)
UnityEngine.StackTraceUtility:ExtractStackTrace ()
UnityEngine.Object:Destroy (UnityEngine.Object,single)
UnityEngine.Object:Destroy (UnityEngine.Object)
QuizBattle.Arena.Visuals.ArenaColosseumBuilder:CreateBridge (UnityEngine.Transform,UnityEngine.Vector3) (at Assets/Scripts/Arena/Visuals/ArenaColosseumBuilder.cs:576)
QuizBattle.Arena.Visuals.ArenaColosseumBuilder:CreateWaterMoatAndBridges (UnityEngine.Transform,UnityEngine.Vector3,single,single) (at Assets/Scripts/Arena/Visuals/ArenaColosseumBuilder.cs:548)
QuizBattle.Arena.Visuals.ArenaColosseumBuilder:Build (UnityEngine.Transform,int,int,single) (at Assets/Scripts/Arena/Visuals/ArenaColosseumBuilder.cs:29)
QuizBattle.Arena.GridController:BuildGrid (int,int,int) (at Assets/Scripts/Arena/GridController.cs:49)
QuizBattle.GameState.GameManager:RunAutoPlayMatch (int,int) (at Assets/Scripts/GameState/GameManager.cs:66)
ArenaDemoRunner:RunScenario (string,int,int,string) (at Assets/Editor/ArenaDemoRunner.cs:40)
ArenaDemoRunner:Run () (at Assets/Editor/ArenaDemoRunner.cs:21)

[Assets/Scripts/Arena/GridController.cs line 49]

Rail: Destroy may not be called from edit mode! Use DestroyImmediate instead.
Destroying an object in edit mode destroys it permanently
UnityEngine.Debug:ExtractStackTraceNoAlloc (byte*,int,string)
UnityEngine.StackTraceUtility:ExtractStackTrace ()
UnityEngine.Object:Destroy (UnityEngine.Object,single)
UnityEngine.Object:Destroy (UnityEngine.Object)
QuizBattle.Arena.Visuals.ArenaColosseumBuilder:CreateBridge (UnityEngine.Transform,UnityEngine.Vector3) (at Assets/Scripts/Arena/Visuals/ArenaColosseumBuilder.cs:576)
QuizBattle.Arena.Visuals.ArenaColosseumBuilder:CreateWaterMoatAndBridges (UnityEngine.Transform,UnityEngine.Vector3,single,single) (at Assets/Scripts/Arena/Visuals/ArenaColosseumBuilder.cs:548)
QuizBattle.Arena.Visuals.ArenaColosseumBuilder:Build (UnityEngine.Transform,int,int,single) (at Assets/Scripts/Arena/Visuals/ArenaColosseumBuilder.cs:29)
QuizBattle.Arena.GridController:BuildGrid (int,int,int) (at Assets/Scripts/Arena/GridController.cs:49)
QuizBattle.GameState.GameManager:RunAutoPlayMatch (int,int) (at Assets/Scripts/GameState/GameManager.cs:66)
ArenaDemoRunner:RunScenario (string,int,int,string) (at Assets/Editor/ArenaDemoRunner.cs:40)
ArenaDemoRunner:Run () (at Assets/Editor/ArenaDemoRunner.cs:21)

[Assets/Scripts/Arena/GridController.cs line 49]

Planks: Destroy may not be called from edit mode! Use DestroyImmediate instead.
Destroying an object in edit mode destroys it permanently
UnityEngine.Debug:ExtractStackTraceNoAlloc (byte*,int,string)
UnityEngine.StackTraceUtility:ExtractStackTrace ()
UnityEngine.Object:Destroy (UnityEngine.Object,single)
UnityEngine.Object:Destroy (UnityEngine.Object)
QuizBattle.Arena.Visuals.ArenaColosseumBuilder:CreateBridge (UnityEngine.Transform,UnityEngine.Vector3) (at Assets/Scripts/Arena/Visuals/ArenaColosseumBuilder.cs:565)
QuizBattle.Arena.Visuals.ArenaColosseumBuilder:CreateWaterMoatAndBridges (UnityEngine.Transform,UnityEngine.Vector3,single,single) (at Assets/Scripts/Arena/Visuals/ArenaColosseumBuilder.cs:549)
QuizBattle.Arena.Visuals.ArenaColosseumBuilder:Build (UnityEngine.Transform,int,int,single) (at Assets/Scripts/Arena/Visuals/ArenaColosseumBuilder.cs:29)
QuizBattle.Arena.GridController:BuildGrid (int,int,int) (at Assets/Scripts/Arena/GridController.cs:49)
QuizBattle.GameState.GameManager:RunAutoPlayMatch (int,int) (at Assets/Scripts/GameState/GameManager.cs:66)
ArenaDemoRunner:RunScenario (string,int,int,string) (at Assets/Editor/ArenaDemoRunner.cs:40)
ArenaDemoRunner:Run () (at Assets/Editor/ArenaDemoRunner.cs:21)

[Assets/Scripts/Arena/GridController.cs line 49]

Rail: Destroy may not be called from edit mode! Use DestroyImmediate instead.
Destroying an object in edit mode destroys it permanently
UnityEngine.Debug:ExtractStackTraceNoAlloc (byte*,int,string)
UnityEngine.StackTraceUtility:ExtractStackTrace ()
UnityEngine.Object:Destroy (UnityEngine.Object,single)
UnityEngine.Object:Destroy (UnityEngine.Object)
QuizBattle.Arena.Visuals.ArenaColosseumBuilder:CreateBridge (UnityEngine.Transform,UnityEngine.Vector3) (at Assets/Scripts/Arena/Visuals/ArenaColosseumBuilder.cs:576)
QuizBattle.Arena.Visuals.ArenaColosseumBuilder:CreateWaterMoatAndBridges (UnityEngine.Transform,UnityEngine.Vector3,single,single) (at Assets/Scripts/Arena/Visuals/ArenaColosseumBuilder.cs:549)
QuizBattle.Arena.Visuals.ArenaColosseumBuilder:Build (UnityEngine.Transform,int,int,single) (at Assets/Scripts/Arena/Visuals/ArenaColosseumBuilder.cs:29)
QuizBattle.Arena.GridController:BuildGrid (int,int,int) (at Assets/Scripts/Arena/GridController.cs:49)
QuizBattle.GameState.GameManager:RunAutoPlayMatch (int,int) (at Assets/Scripts/GameState/GameManager.cs:66)
ArenaDemoRunner:RunScenario (string,int,int,string) (at Assets/Editor/ArenaDemoRunner.cs:40)
ArenaDemoRunner:Run () (at Assets/Editor/ArenaDemoRunner.cs:21)

[Assets/Scripts/Arena/GridController.cs line 49]

Rail: Destroy may not be called from edit mode! Use DestroyImmediate instead.
Destroying an object in edit mode destroys it permanently
UnityEngine.Debug:ExtractStackTraceNoAlloc (byte*,int,string)
UnityEngine.StackTraceUtility:ExtractStackTrace ()
UnityEngine.Object:Destroy (UnityEngine.Object,single)
UnityEngine.Object:Destroy (UnityEngine.Object)
QuizBattle.Arena.Visuals.ArenaColosseumBuilder:CreateBridge (UnityEngine.Transform,UnityEngine.Vector3) (at Assets/Scripts/Arena/Visuals/ArenaColosseumBuilder.cs:576)
QuizBattle.Arena.Visuals.ArenaColosseumBuilder:CreateWaterMoatAndBridges (UnityEngine.Transform,UnityEngine.Vector3,single,single) (at Assets/Scripts/Arena/Visuals/ArenaColosseumBuilder.cs:549)
QuizBattle.Arena.Visuals.ArenaColosseumBuilder:Build (UnityEngine.Transform,int,int,single) (at Assets/Scripts/Arena/Visuals/ArenaColosseumBuilder.cs:29)
QuizBattle.Arena.GridController:BuildGrid (int,int,int) (at Assets/Scripts/Arena/GridController.cs:49)
QuizBattle.GameState.GameManager:RunAutoPlayMatch (int,int) (at Assets/Scripts/GameState/GameManager.cs:66)
ArenaDemoRunner:RunScenario (string,int,int,string) (at Assets/Editor/ArenaDemoRunner.cs:40)
ArenaDemoRunner:Run () (at Assets/Editor/ArenaDemoRunner.cs:21)

[Assets/Scripts/Arena/GridController.cs line 49]

Trunk: Destroy may not be called from edit mode! Use DestroyImmediate instead.
Destroying an object in edit mode destroys it permanently
UnityEngine.Debug:ExtractStackTraceNoAlloc (byte*,int,string)
UnityEngine.StackTraceUtility:ExtractStackTrace ()
UnityEngine.Object:Destroy (UnityEngine.Object,single)
UnityEngine.Object:Destroy (UnityEngine.Object)
QuizBattle.Arena.Visuals.ArenaColosseumBuilder:CreateCartoonTree (UnityEngine.Transform,UnityEngine.Vector3) (at Assets/Scripts/Arena/Visuals/ArenaColosseumBuilder.cs:626)
QuizBattle.Arena.Visuals.ArenaColosseumBuilder:CreateFoliageAndProps (UnityEngine.Transform,UnityEngine.Vector3,single,single) (at Assets/Scripts/Arena/Visuals/ArenaColosseumBuilder.cs:602)
QuizBattle.Arena.Visuals.ArenaColosseumBuilder:Build (UnityEngine.Transform,int,int,single) (at Assets/Scripts/Arena/Visuals/ArenaColosseumBuilder.cs:30)
QuizBattle.Arena.GridController:BuildGrid (int,int,int) (at Assets/Scripts/Arena/GridController.cs:49)
QuizBattle.GameState.GameManager:RunAutoPlayMatch (int,int) (at Assets/Scripts/GameState/GameManager.cs:66)
ArenaDemoRunner:RunScenario (string,int,int,string) (at Assets/Editor/ArenaDemoRunner.cs:40)
ArenaDemoRunner:Run () (at Assets/Editor/ArenaDemoRunner.cs:21)

[Assets/Scripts/Arena/GridController.cs line 49]

FoliagePuff: Destroy may not be called from edit mode! Use DestroyImmediate instead.
Destroying an object in edit mode destroys it permanently
UnityEngine.Debug:ExtractStackTraceNoAlloc (byte*,int,string)
UnityEngine.StackTraceUtility:ExtractStackTrace ()
UnityEngine.Object:Destroy (UnityEngine.Object,single)
UnityEngine.Object:Destroy (UnityEngine.Object)
QuizBattle.Arena.Visuals.ArenaColosseumBuilder:CreateCartoonTree (UnityEngine.Transform,UnityEngine.Vector3) (at Assets/Scripts/Arena/Visuals/ArenaColosseumBuilder.cs:645)
QuizBattle.Arena.Visuals.ArenaColosseumBuilder:CreateFoliageAndProps (UnityEngine.Transform,UnityEngine.Vector3,single,single) (at Assets/Scripts/Arena/Visuals/ArenaColosseumBuilder.cs:602)
QuizBattle.Arena.Visuals.ArenaColosseumBuilder:Build (UnityEngine.Transform,int,int,single) (at Assets/Scripts/Arena/Visuals/ArenaColosseumBuilder.cs:30)
QuizBattle.Arena.GridController:BuildGrid (int,int,int) (at Assets/Scripts/Arena/GridController.cs:49)
QuizBattle.GameState.GameManager:RunAutoPlayMatch (int,int) (at Assets/Scripts/GameState/GameManager.cs:66)
ArenaDemoRunner:RunScenario (string,int,int,string) (at Assets/Editor/ArenaDemoRunner.cs:40)
ArenaDemoRunner:Run () (at Assets/Editor/ArenaDemoRunner.cs:21)

[Assets/Scripts/Arena/GridController.cs line 49]

FoliagePuff: Destroy may not be called from edit mode! Use DestroyImmediate instead.
Destroying an object in edit mode destroys it permanently
UnityEngine.Debug:ExtractStackTraceNoAlloc (byte*,int,string)
UnityEngine.StackTraceUtility:ExtractStackTrace ()
UnityEngine.Object:Destroy (UnityEngine.Object,single)
UnityEngine.Object:Destroy (UnityEngine.Object)
QuizBattle.Arena.Visuals.ArenaColosseumBuilder:CreateCartoonTree (UnityEngine.Transform,UnityEngine.Vector3) (at Assets/Scripts/Arena/Visuals/ArenaColosseumBuilder.cs:645)
QuizBattle.Arena.Visuals.ArenaColosseumBuilder:CreateFoliageAndProps (UnityEngine.Transform,UnityEngine.Vector3,single,single) (at Assets/Scripts/Arena/Visuals/ArenaColosseumBuilder.cs:602)
QuizBattle.Arena.Visuals.ArenaColosseumBuilder:Build (UnityEngine.Transform,int,int,single) (at Assets/Scripts/Arena/Visuals/ArenaColosseumBuilder.cs:30)
QuizBattle.Arena.GridController:BuildGrid (int,int,int) (at Assets/Scripts/Arena/GridController.cs:49)
QuizBattle.GameState.GameManager:RunAutoPlayMatch (int,int) (at Assets/Scripts/GameState/GameManager.cs:66)
ArenaDemoRunner:RunScenario (string,int,int,string) (at Assets/Editor/ArenaDemoRunner.cs:40)
ArenaDemoRunner:Run () (at Assets/Editor/ArenaDemoRunner.cs:21)

[Assets/Scripts/Arena/GridController.cs line 49]

FoliagePuff: Destroy may not be called from edit mode! Use DestroyImmediate instead.
Destroying an object in edit mode destroys it permanently
UnityEngine.Debug:ExtractStackTraceNoAlloc (byte*,int,string)
UnityEngine.StackTraceUtility:ExtractStackTrace ()
UnityEngine.Object:Destroy (UnityEngine.Object,single)
UnityEngine.Object:Destroy (UnityEngine.Object)
QuizBattle.Arena.Visuals.ArenaColosseumBuilder:CreateCartoonTree (UnityEngine.Transform,UnityEngine.Vector3) (at Assets/Scripts/Arena/Visuals/ArenaColosseumBuilder.cs:645)
QuizBattle.Arena.Visuals.ArenaColosseumBuilder:CreateFoliageAndProps (UnityEngine.Transform,UnityEngine.Vector3,single,single) (at Assets/Scripts/Arena/Visuals/ArenaColosseumBuilder.cs:602)
QuizBattle.Arena.Visuals.ArenaColosseumBuilder:Build (UnityEngine.Transform,int,int,single) (at Assets/Scripts/Arena/Visuals/ArenaColosseumBuilder.cs:30)
QuizBattle.Arena.GridController:BuildGrid (int,int,int) (at Assets/Scripts/Arena/GridController.cs:49)
QuizBattle.GameState.GameManager:RunAutoPlayMatch (int,int) (at Assets/Scripts/GameState/GameManager.cs:66)
ArenaDemoRunner:RunScenario (string,int,int,string) (at Assets/Editor/ArenaDemoRunner.cs:40)
ArenaDemoRunner:Run () (at Assets/Editor/ArenaDemoRunner.cs:21)

[Assets/Scripts/Arena/GridController.cs line 49]

FoliagePuff: Destroy may not be called from edit mode! Use DestroyImmediate instead.
Destroying an object in edit mode destroys it permanently
UnityEngine.Debug:ExtractStackTraceNoAlloc (byte*,int,string)
UnityEngine.StackTraceUtility:ExtractStackTrace ()
UnityEngine.Object:Destroy (UnityEngine.Object,single)
UnityEngine.Object:Destroy (UnityEngine.Object)
QuizBattle.Arena.Visuals.ArenaColosseumBuilder:CreateCartoonTree (UnityEngine.Transform,UnityEngine.Vector3) (at Assets/Scripts/Arena/Visuals/ArenaColosseumBuilder.cs:645)
QuizBattle.Arena.Visuals.ArenaColosseumBuilder:CreateFoliageAndProps (UnityEngine.Transform,UnityEngine.Vector3,single,single) (at Assets/Scripts/Arena/Visuals/ArenaColosseumBuilder.cs:602)
QuizBattle.Arena.Visuals.ArenaColosseumBuilder:Build (UnityEngine.Transform,int,int,single) (at Assets/Scripts/Arena/Visuals/ArenaColosseumBuilder.cs:30)
QuizBattle.Arena.GridController:BuildGrid (int,int,int) (at Assets/Scripts/Arena/GridController.cs:49)
QuizBattle.GameState.GameManager:RunAutoPlayMatch (int,int) (at Assets/Scripts/GameState/GameManager.cs:66)
ArenaDemoRunner:RunScenario (string,int,int,string) (at Assets/Editor/ArenaDemoRunner.cs:40)
ArenaDemoRunner:Run () (at Assets/Editor/ArenaDemoRunner.cs:21)

[Assets/Scripts/Arena/GridController.cs line 49]

Trunk: Destroy may not be called from edit mode! Use DestroyImmediate instead.
Destroying an object in edit mode destroys it permanently
UnityEngine.Debug:ExtractStackTraceNoAlloc (byte*,int,string)
UnityEngine.StackTraceUtility:ExtractStackTrace ()
UnityEngine.Object:Destroy (UnityEngine.Object,single)
UnityEngine.Object:Destroy (UnityEngine.Object)
QuizBattle.Arena.Visuals.ArenaColosseumBuilder:CreateCartoonTree (UnityEngine.Transform,UnityEngine.Vector3) (at Assets/Scripts/Arena/Visuals/ArenaColosseumBuilder.cs:626)
QuizBattle.Arena.Visuals.ArenaColosseumBuilder:CreateFoliageAndProps (UnityEngine.Transform,UnityEngine.Vector3,single,single) (at Assets/Scripts/Arena/Visuals/ArenaColosseumBuilder.cs:602)
QuizBattle.Arena.Visuals.ArenaColosseumBuilder:Build (UnityEngine.Transform,int,int,single) (at Assets/Scripts/Arena/Visuals/ArenaColosseumBuilder.cs:30)
QuizBattle.Arena.GridController:BuildGrid (int,int,int) (at Assets/Scripts/Arena/GridController.cs:49)
QuizBattle.GameState.GameManager:RunAutoPlayMatch (int,int) (at Assets/Scripts/GameState/GameManager.cs:66)
ArenaDemoRunner:RunScenario (string,int,int,string) (at Assets/Editor/ArenaDemoRunner.cs:40)
ArenaDemoRunner:Run () (at Assets/Editor/ArenaDemoRunner.cs:21)

[Assets/Scripts/Arena/GridController.cs line 49]

FoliagePuff: Destroy may not be called from edit mode! Use DestroyImmediate instead.
Destroying an object in edit mode destroys it permanently
UnityEngine.Debug:ExtractStackTraceNoAlloc (byte*,int,string)
UnityEngine.StackTraceUtility:ExtractStackTrace ()
UnityEngine.Object:Destroy (UnityEngine.Object,single)
UnityEngine.Object:Destroy (UnityEngine.Object)
QuizBattle.Arena.Visuals.ArenaColosseumBuilder:CreateCartoonTree (UnityEngine.Transform,UnityEngine.Vector3) (at Assets/Scripts/Arena/Visuals/ArenaColosseumBuilder.cs:645)
QuizBattle.Arena.Visuals.ArenaColosseumBuilder:CreateFoliageAndProps (UnityEngine.Transform,UnityEngine.Vector3,single,single) (at Assets/Scripts/Arena/Visuals/ArenaColosseumBuilder.cs:602)
QuizBattle.Arena.Visuals.ArenaColosseumBuilder:Build (UnityEngine.Transform,int,int,single) (at Assets/Scripts/Arena/Visuals/ArenaColosseumBuilder.cs:30)
QuizBattle.Arena.GridController:BuildGrid (int,int,int) (at Assets/Scripts/Arena/GridController.cs:49)
QuizBattle.GameState.GameManager:RunAutoPlayMatch (int,int) (at Assets/Scripts/GameState/GameManager.cs:66)
ArenaDemoRunner:RunScenario (string,int,int,string) (at Assets/Editor/ArenaDemoRunner.cs:40)
ArenaDemoRunner:Run () (at Assets/Editor/ArenaDemoRunner.cs:21)

[Assets/Scripts/Arena/GridController.cs line 49]

FoliagePuff: Destroy may not be called from edit mode! Use DestroyImmediate instead.
Destroying an object in edit mode destroys it permanently
UnityEngine.Debug:ExtractStackTraceNoAlloc (byte*,int,string)
UnityEngine.StackTraceUtility:ExtractStackTrace ()
UnityEngine.Object:Destroy (UnityEngine.Object,single)
UnityEngine.Object:Destroy (UnityEngine.Object)
QuizBattle.Arena.Visuals.ArenaColosseumBuilder:CreateCartoonTree (UnityEngine.Transform,UnityEngine.Vector3) (at Assets/Scripts/Arena/Visuals/ArenaColosseumBuilder.cs:645)
QuizBattle.Arena.Visuals.ArenaColosseumBuilder:CreateFoliageAndProps (UnityEngine.Transform,UnityEngine.Vector3,single,single) (at Assets/Scripts/Arena/Visuals/ArenaColosseumBuilder.cs:602)
QuizBattle.Arena.Visuals.ArenaColosseumBuilder:Build (UnityEngine.Transform,int,int,single) (at Assets/Scripts/Arena/Visuals/ArenaColosseumBuilder.cs:30)
QuizBattle.Arena.GridController:BuildGrid (int,int,int) (at Assets/Scripts/Arena/GridController.cs:49)
QuizBattle.GameState.GameManager:RunAutoPlayMatch (int,int) (at Assets/Scripts/GameState/GameManager.cs:66)
ArenaDemoRunner:RunScenario (string,int,int,string) (at Assets/Editor/ArenaDemoRunner.cs:40)
ArenaDemoRunner:Run () (at Assets/Editor/ArenaDemoRunner.cs:21)

[Assets/Scripts/Arena/GridController.cs line 49]

FoliagePuff: Destroy may not be called from edit mode! Use DestroyImmediate instead.
Destroying an object in edit mode destroys it permanently
UnityEngine.Debug:ExtractStackTraceNoAlloc (byte*,int,string)
UnityEngine.StackTraceUtility:ExtractStackTrace ()
UnityEngine.Object:Destroy (UnityEngine.Object,single)
UnityEngine.Object:Destroy (UnityEngine.Object)
QuizBattle.Arena.Visuals.ArenaColosseumBuilder:CreateCartoonTree (UnityEngine.Transform,UnityEngine.Vector3) (at Assets/Scripts/Arena/Visuals/ArenaColosseumBuilder.cs:645)
QuizBattle.Arena.Visuals.ArenaColosseumBuilder:CreateFoliageAndProps (UnityEngine.Transform,UnityEngine.Vector3,single,single) (at Assets/Scripts/Arena/Visuals/ArenaColosseumBuilder.cs:602)
QuizBattle.Arena.Visuals.ArenaColosseumBuilder:Build (UnityEngine.Transform,int,int,single) (at Assets/Scripts/Arena/Visuals/ArenaColosseumBuilder.cs:30)
QuizBattle.Arena.GridController:BuildGrid (int,int,int) (at Assets/Scripts/Arena/GridController.cs:49)
QuizBattle.GameState.GameManager:RunAutoPlayMatch (int,int) (at Assets/Scripts/GameState/GameManager.cs:66)
ArenaDemoRunner:RunScenario (string,int,int,string) (at Assets/Editor/ArenaDemoRunner.cs:40)
ArenaDemoRunner:Run () (at Assets/Editor/ArenaDemoRunner.cs:21)

[Assets/Scripts/Arena/GridController.cs line 49]

FoliagePuff: Destroy may not be called from edit mode! Use DestroyImmediate instead.
Destroying an object in edit mode destroys it permanently
UnityEngine.Debug:ExtractStackTraceNoAlloc (byte*,int,string)
UnityEngine.StackTraceUtility:ExtractStackTrace ()
UnityEngine.Object:Destroy (UnityEngine.Object,single)
UnityEngine.Object:Destroy (UnityEngine.Object)
QuizBattle.Arena.Visuals.ArenaColosseumBuilder:CreateCartoonTree (UnityEngine.Transform,UnityEngine.Vector3) (at Assets/Scripts/Arena/Visuals/ArenaColosseumBuilder.cs:645)
QuizBattle.Arena.Visuals.ArenaColosseumBuilder:CreateFoliageAndProps (UnityEngine.Transform,UnityEngine.Vector3,single,single) (at Assets/Scripts/Arena/Visuals/ArenaColosseumBuilder.cs:602)
QuizBattle.Arena.Visuals.ArenaColosseumBuilder:Build (UnityEngine.Transform,int,int,single) (at Assets/Scripts/Arena/Visuals/ArenaColosseumBuilder.cs:30)
QuizBattle.Arena.GridController:BuildGrid (int,int,int) (at Assets/Scripts/Arena/GridController.cs:49)
QuizBattle.GameState.GameManager:RunAutoPlayMatch (int,int) (at Assets/Scripts/GameState/GameManager.cs:66)
ArenaDemoRunner:RunScenario (string,int,int,string) (at Assets/Editor/ArenaDemoRunner.cs:40)
ArenaDemoRunner:Run () (at Assets/Editor/ArenaDemoRunner.cs:21)

[Assets/Scripts/Arena/GridController.cs line 49]

Trunk: Destroy may not be called from edit mode! Use DestroyImmediate instead.
Destroying an object in edit mode destroys it permanently
UnityEngine.Debug:ExtractStackTraceNoAlloc (byte*,int,string)
UnityEngine.StackTraceUtility:ExtractStackTrace ()
UnityEngine.Object:Destroy (UnityEngine.Object,single)
UnityEngine.Object:Destroy (UnityEngine.Object)
QuizBattle.Arena.Visuals.ArenaColosseumBuilder:CreateCartoonTree (UnityEngine.Transform,UnityEngine.Vector3) (at Assets/Scripts/Arena/Visuals/ArenaColosseumBuilder.cs:626)
QuizBattle.Arena.Visuals.ArenaColosseumBuilder:CreateFoliageAndProps (UnityEngine.Transform,UnityEngine.Vector3,single,single) (at Assets/Scripts/Arena/Visuals/ArenaColosseumBuilder.cs:602)
QuizBattle.Arena.Visuals.ArenaColosseumBuilder:Build (UnityEngine.Transform,int,int,single) (at Assets/Scripts/Arena/Visuals/ArenaColosseumBuilder.cs:30)
QuizBattle.Arena.GridController:BuildGrid (int,int,int) (at Assets/Scripts/Arena/GridController.cs:49)
QuizBattle.GameState.GameManager:RunAutoPlayMatch (int,int) (at Assets/Scripts/GameState/GameManager.cs:66)
ArenaDemoRunner:RunScenario (string,int,int,string) (at Assets/Editor/ArenaDemoRunner.cs:40)
ArenaDemoRunner:Run () (at Assets/Editor/ArenaDemoRunner.cs:21)

[Assets/Scripts/Arena/GridController.cs line 49]

FoliagePuff: Destroy may not be called from edit mode! Use DestroyImmediate instead.
Destroying an object in edit mode destroys it permanently
UnityEngine.Debug:ExtractStackTraceNoAlloc (byte*,int,string)
UnityEngine.StackTraceUtility:ExtractStackTrace ()
UnityEngine.Object:Destroy (UnityEngine.Object,single)
UnityEngine.Object:Destroy (UnityEngine.Object)
QuizBattle.Arena.Visuals.ArenaColosseumBuilder:CreateCartoonTree (UnityEngine.Transform,UnityEngine.Vector3) (at Assets/Scripts/Arena/Visuals/ArenaColosseumBuilder.cs:645)
QuizBattle.Arena.Visuals.ArenaColosseumBuilder:CreateFoliageAndProps (UnityEngine.Transform,UnityEngine.Vector3,single,single) (at Assets/Scripts/Arena/Visuals/ArenaColosseumBuilder.cs:602)
QuizBattle.Arena.Visuals.ArenaColosseumBuilder:Build (UnityEngine.Transform,int,int,single) (at Assets/Scripts/Arena/Visuals/ArenaColosseumBuilder.cs:30)
QuizBattle.Arena.GridController:BuildGrid (int,int,int) (at Assets/Scripts/Arena/GridController.cs:49)
QuizBattle.GameState.GameManager:RunAutoPlayMatch (int,int) (at Assets/Scripts/GameState/GameManager.cs:66)
ArenaDemoRunner:RunScenario (string,int,int,string) (at Assets/Editor/ArenaDemoRunner.cs:40)
ArenaDemoRunner:Run () (at Assets/Editor/ArenaDemoRunner.cs:21)

[Assets/Scripts/Arena/GridController.cs line 49]

FoliagePuff: Destroy may not be called from edit mode! Use DestroyImmediate instead.
Destroying an object in edit mode destroys it permanently
UnityEngine.Debug:ExtractStackTraceNoAlloc (byte*,int,string)
UnityEngine.StackTraceUtility:ExtractStackTrace ()
UnityEngine.Object:Destroy (UnityEngine.Object,single)
UnityEngine.Object:Destroy (UnityEngine.Object)
QuizBattle.Arena.Visuals.ArenaColosseumBuilder:CreateCartoonTree (UnityEngine.Transform,UnityEngine.Vector3) (at Assets/Scripts/Arena/Visuals/ArenaColosseumBuilder.cs:645)
QuizBattle.Arena.Visuals.ArenaColosseumBuilder:CreateFoliageAndProps (UnityEngine.Transform,UnityEngine.Vector3,single,single) (at Assets/Scripts/Arena/Visuals/ArenaColosseumBuilder.cs:602)
QuizBattle.Arena.Visuals.ArenaColosseumBuilder:Build (UnityEngine.Transform,int,int,single) (at Assets/Scripts/Arena/Visuals/ArenaColosseumBuilder.cs:30)
QuizBattle.Arena.GridController:BuildGrid (int,int,int) (at Assets/Scripts/Arena/GridController.cs:49)
QuizBattle.GameState.GameManager:RunAutoPlayMatch (int,int) (at Assets/Scripts/GameState/GameManager.cs:66)
ArenaDemoRunner:RunScenario (string,int,int,string) (at Assets/Editor/ArenaDemoRunner.cs:40)
ArenaDemoRunner:Run () (at Assets/Editor/ArenaDemoRunner.cs:21)

[Assets/Scripts/Arena/GridController.cs line 49]

FoliagePuff: Destroy may not be called from edit mode! Use DestroyImmediate instead.
Destroying an object in edit mode destroys it permanently
UnityEngine.Debug:ExtractStackTraceNoAlloc (byte*,int,string)
UnityEngine.StackTraceUtility:ExtractStackTrace ()
UnityEngine.Object:Destroy (UnityEngine.Object,single)
UnityEngine.Object:Destroy (UnityEngine.Object)
QuizBattle.Arena.Visuals.ArenaColosseumBuilder:CreateCartoonTree (UnityEngine.Transform,UnityEngine.Vector3) (at Assets/Scripts/Arena/Visuals/ArenaColosseumBuilder.cs:645)
QuizBattle.Arena.Visuals.ArenaColosseumBuilder:CreateFoliageAndProps (UnityEngine.Transform,UnityEngine.Vector3,single,single) (at Assets/Scripts/Arena/Visuals/ArenaColosseumBuilder.cs:602)
QuizBattle.Arena.Visuals.ArenaColosseumBuilder:Build (UnityEngine.Transform,int,int,single) (at Assets/Scripts/Arena/Visuals/ArenaColosseumBuilder.cs:30)
QuizBattle.Arena.GridController:BuildGrid (int,int,int) (at Assets/Scripts/Arena/GridController.cs:49)
QuizBattle.GameState.GameManager:RunAutoPlayMatch (int,int) (at Assets/Scripts/GameState/GameManager.cs:66)
ArenaDemoRunner:RunScenario (string,int,int,string) (at Assets/Editor/ArenaDemoRunner.cs:40)
ArenaDemoRunner:Run () (at Assets/Editor/ArenaDemoRunner.cs:21)

[Assets/Scripts/Arena/GridController.cs line 49]

FoliagePuff: Destroy may not be called from edit mode! Use DestroyImmediate instead.
Destroying an object in edit mode destroys it permanently
UnityEngine.Debug:ExtractStackTraceNoAlloc (byte*,int,string)
UnityEngine.StackTraceUtility:ExtractStackTrace ()
UnityEngine.Object:Destroy (UnityEngine.Object,single)
UnityEngine.Object:Destroy (UnityEngine.Object)
QuizBattle.Arena.Visuals.ArenaColosseumBuilder:CreateCartoonTree (UnityEngine.Transform,UnityEngine.Vector3) (at Assets/Scripts/Arena/Visuals/ArenaColosseumBuilder.cs:645)
QuizBattle.Arena.Visuals.ArenaColosseumBuilder:CreateFoliageAndProps (UnityEngine.Transform,UnityEngine.Vector3,single,single) (at Assets/Scripts/Arena/Visuals/ArenaColosseumBuilder.cs:602)
QuizBattle.Arena.Visuals.ArenaColosseumBuilder:Build (UnityEngine.Transform,int,int,single) (at Assets/Scripts/Arena/Visuals/ArenaColosseumBuilder.cs:30)
QuizBattle.Arena.GridController:BuildGrid (int,int,int) (at Assets/Scripts/Arena/GridController.cs:49)
QuizBattle.GameState.GameManager:RunAutoPlayMatch (int,int) (at Assets/Scripts/GameState/GameManager.cs:66)
ArenaDemoRunner:RunScenario (string,int,int,string) (at Assets/Editor/ArenaDemoRunner.cs:40)
ArenaDemoRunner:Run () (at Assets/Editor/ArenaDemoRunner.cs:21)

[Assets/Scripts/Arena/GridController.cs line 49]

Trunk: Destroy may not be called from edit mode! Use DestroyImmediate instead.
Destroying an object in edit mode destroys it permanently
UnityEngine.Debug:ExtractStackTraceNoAlloc (byte*,int,string)
UnityEngine.StackTraceUtility:ExtractStackTrace ()
UnityEngine.Object:Destroy (UnityEngine.Object,single)
UnityEngine.Object:Destroy (UnityEngine.Object)
QuizBattle.Arena.Visuals.ArenaColosseumBuilder:CreateCartoonTree (UnityEngine.Transform,UnityEngine.Vector3) (at Assets/Scripts/Arena/Visuals/ArenaColosseumBuilder.cs:626)
QuizBattle.Arena.Visuals.ArenaColosseumBuilder:CreateFoliageAndProps (UnityEngine.Transform,UnityEngine.Vector3,single,single) (at Assets/Scripts/Arena/Visuals/ArenaColosseumBuilder.cs:602)
QuizBattle.Arena.Visuals.ArenaColosseumBuilder:Build (UnityEngine.Transform,int,int,single) (at Assets/Scripts/Arena/Visuals/ArenaColosseumBuilder.cs:30)
QuizBattle.Arena.GridController:BuildGrid (int,int,int) (at Assets/Scripts/Arena/GridController.cs:49)
QuizBattle.GameState.GameManager:RunAutoPlayMatch (int,int) (at Assets/Scripts/GameState/GameManager.cs:66)
ArenaDemoRunner:RunScenario (string,int,int,string) (at Assets/Editor/ArenaDemoRunner.cs:40)
ArenaDemoRunner:Run () (at Assets/Editor/ArenaDemoRunner.cs:21)

[Assets/Scripts/Arena/GridController.cs line 49]

FoliagePuff: Destroy may not be called from edit mode! Use DestroyImmediate instead.
Destroying an object in edit mode destroys it permanently
UnityEngine.Debug:ExtractStackTraceNoAlloc (byte*,int,string)
UnityEngine.StackTraceUtility:ExtractStackTrace ()
UnityEngine.Object:Destroy (UnityEngine.Object,single)
UnityEngine.Object:Destroy (UnityEngine.Object)
QuizBattle.Arena.Visuals.ArenaColosseumBuilder:CreateCartoonTree (UnityEngine.Transform,UnityEngine.Vector3) (at Assets/Scripts/Arena/Visuals/ArenaColosseumBuilder.cs:645)
QuizBattle.Arena.Visuals.ArenaColosseumBuilder:CreateFoliageAndProps (UnityEngine.Transform,UnityEngine.Vector3,single,single) (at Assets/Scripts/Arena/Visuals/ArenaColosseumBuilder.cs:602)
QuizBattle.Arena.Visuals.ArenaColosseumBuilder:Build (UnityEngine.Transform,int,int,single) (at Assets/Scripts/Arena/Visuals/ArenaColosseumBuilder.cs:30)
QuizBattle.Arena.GridController:BuildGrid (int,int,int) (at Assets/Scripts/Arena/GridController.cs:49)
QuizBattle.GameState.GameManager:RunAutoPlayMatch (int,int) (at Assets/Scripts/GameState/GameManager.cs:66)
ArenaDemoRunner:RunScenario (string,int,int,string) (at Assets/Editor/ArenaDemoRunner.cs:40)
ArenaDemoRunner:Run () (at Assets/Editor/ArenaDemoRunner.cs:21)

[Assets/Scripts/Arena/GridController.cs line 49]

FoliagePuff: Destroy may not be called from edit mode! Use DestroyImmediate instead.
Destroying an object in edit mode destroys it permanently
UnityEngine.Debug:ExtractStackTraceNoAlloc (byte*,int,string)
UnityEngine.StackTraceUtility:ExtractStackTrace ()
UnityEngine.Object:Destroy (UnityEngine.Object,single)
UnityEngine.Object:Destroy (UnityEngine.Object)
QuizBattle.Arena.Visuals.ArenaColosseumBuilder:CreateCartoonTree (UnityEngine.Transform,UnityEngine.Vector3) (at Assets/Scripts/Arena/Visuals/ArenaColosseumBuilder.cs:645)
QuizBattle.Arena.Visuals.ArenaColosseumBuilder:CreateFoliageAndProps (UnityEngine.Transform,UnityEngine.Vector3,single,single) (at Assets/Scripts/Arena/Visuals/ArenaColosseumBuilder.cs:602)
QuizBattle.Arena.Visuals.ArenaColosseumBuilder:Build (UnityEngine.Transform,int,int,single) (at Assets/Scripts/Arena/Visuals/ArenaColosseumBuilder.cs:30)
QuizBattle.Arena.GridController:BuildGrid (int,int,int) (at Assets/Scripts/Arena/GridController.cs:49)
QuizBattle.GameState.GameManager:RunAutoPlayMatch (int,int) (at Assets/Scripts/GameState/GameManager.cs:66)
ArenaDemoRunner:RunScenario (string,int,int,string) (at Assets/Editor/ArenaDemoRunner.cs:40)
ArenaDemoRunner:Run () (at Assets/Editor/ArenaDemoRunner.cs:21)

[Assets/Scripts/Arena/GridController.cs line 49]

FoliagePuff: Destroy may not be called from edit mode! Use DestroyImmediate instead.
Destroying an object in edit mode destroys it permanently
UnityEngine.Debug:ExtractStackTraceNoAlloc (byte*,int,string)
UnityEngine.StackTraceUtility:ExtractStackTrace ()
UnityEngine.Object:Destroy (UnityEngine.Object,single)
UnityEngine.Object:Destroy (UnityEngine.Object)
QuizBattle.Arena.Visuals.ArenaColosseumBuilder:CreateCartoonTree (UnityEngine.Transform,UnityEngine.Vector3) (at Assets/Scripts/Arena/Visuals/ArenaColosseumBuilder.cs:645)
QuizBattle.Arena.Visuals.ArenaColosseumBuilder:CreateFoliageAndProps (UnityEngine.Transform,UnityEngine.Vector3,single,single) (at Assets/Scripts/Arena/Visuals/ArenaColosseumBuilder.cs:602)
QuizBattle.Arena.Visuals.ArenaColosseumBuilder:Build (UnityEngine.Transform,int,int,single) (at Assets/Scripts/Arena/Visuals/ArenaColosseumBuilder.cs:30)
QuizBattle.Arena.GridController:BuildGrid (int,int,int) (at Assets/Scripts/Arena/GridController.cs:49)
QuizBattle.GameState.GameManager:RunAutoPlayMatch (int,int) (at Assets/Scripts/GameState/GameManager.cs:66)
ArenaDemoRunner:RunScenario (string,int,int,string) (at Assets/Editor/ArenaDemoRunner.cs:40)
ArenaDemoRunner:Run () (at Assets/Editor/ArenaDemoRunner.cs:21)

[Assets/Scripts/Arena/GridController.cs line 49]

FoliagePuff: Destroy may not be called from edit mode! Use DestroyImmediate instead.
Destroying an object in edit mode destroys it permanently
UnityEngine.Debug:ExtractStackTraceNoAlloc (byte*,int,string)
UnityEngine.StackTraceUtility:ExtractStackTrace ()
UnityEngine.Object:Destroy (UnityEngine.Object,single)
UnityEngine.Object:Destroy (UnityEngine.Object)
QuizBattle.Arena.Visuals.ArenaColosseumBuilder:CreateCartoonTree (UnityEngine.Transform,UnityEngine.Vector3) (at Assets/Scripts/Arena/Visuals/ArenaColosseumBuilder.cs:645)
QuizBattle.Arena.Visuals.ArenaColosseumBuilder:CreateFoliageAndProps (UnityEngine.Transform,UnityEngine.Vector3,single,single) (at Assets/Scripts/Arena/Visuals/ArenaColosseumBuilder.cs:602)
QuizBattle.Arena.Visuals.ArenaColosseumBuilder:Build (UnityEngine.Transform,int,int,single) (at Assets/Scripts/Arena/Visuals/ArenaColosseumBuilder.cs:30)
QuizBattle.Arena.GridController:BuildGrid (int,int,int) (at Assets/Scripts/Arena/GridController.cs:49)
QuizBattle.GameState.GameManager:RunAutoPlayMatch (int,int) (at Assets/Scripts/GameState/GameManager.cs:66)
ArenaDemoRunner:RunScenario (string,int,int,string) (at Assets/Editor/ArenaDemoRunner.cs:40)
ArenaDemoRunner:Run () (at Assets/Editor/ArenaDemoRunner.cs:21)

[Assets/Scripts/Arena/GridController.cs line 49]

Trunk: Destroy may not be called from edit mode! Use DestroyImmediate instead.
Destroying an object in edit mode destroys it permanently
UnityEngine.Debug:ExtractStackTraceNoAlloc (byte*,int,string)
UnityEngine.StackTraceUtility:ExtractStackTrace ()
UnityEngine.Object:Destroy (UnityEngine.Object,single)
UnityEngine.Object:Destroy (UnityEngine.Object)
QuizBattle.Arena.Visuals.ArenaColosseumBuilder:CreateCartoonTree (UnityEngine.Transform,UnityEngine.Vector3) (at Assets/Scripts/Arena/Visuals/ArenaColosseumBuilder.cs:626)
QuizBattle.Arena.Visuals.ArenaColosseumBuilder:CreateFoliageAndProps (UnityEngine.Transform,UnityEngine.Vector3,single,single) (at Assets/Scripts/Arena/Visuals/ArenaColosseumBuilder.cs:602)
QuizBattle.Arena.Visuals.ArenaColosseumBuilder:Build (UnityEngine.Transform,int,int,single) (at Assets/Scripts/Arena/Visuals/ArenaColosseumBuilder.cs:30)
QuizBattle.Arena.GridController:BuildGrid (int,int,int) (at Assets/Scripts/Arena/GridController.cs:49)
QuizBattle.GameState.GameManager:RunAutoPlayMatch (int,int) (at Assets/Scripts/GameState/GameManager.cs:66)
ArenaDemoRunner:RunScenario (string,int,int,string) (at Assets/Editor/ArenaDemoRunner.cs:40)
ArenaDemoRunner:Run () (at Assets/Editor/ArenaDemoRunner.cs:21)

[Assets/Scripts/Arena/GridController.cs line 49]

FoliagePuff: Destroy may not be called from edit mode! Use DestroyImmediate instead.
Destroying an object in edit mode destroys it permanently
UnityEngine.Debug:ExtractStackTraceNoAlloc (byte*,int,string)
UnityEngine.StackTraceUtility:ExtractStackTrace ()
UnityEngine.Object:Destroy (UnityEngine.Object,single)
UnityEngine.Object:Destroy (UnityEngine.Object)
QuizBattle.Arena.Visuals.ArenaColosseumBuilder:CreateCartoonTree (UnityEngine.Transform,UnityEngine.Vector3) (at Assets/Scripts/Arena/Visuals/ArenaColosseumBuilder.cs:645)
QuizBattle.Arena.Visuals.ArenaColosseumBuilder:CreateFoliageAndProps (UnityEngine.Transform,UnityEngine.Vector3,single,single) (at Assets/Scripts/Arena/Visuals/ArenaColosseumBuilder.cs:602)
QuizBattle.Arena.Visuals.ArenaColosseumBuilder:Build (UnityEngine.Transform,int,int,single) (at Assets/Scripts/Arena/Visuals/ArenaColosseumBuilder.cs:30)
QuizBattle.Arena.GridController:BuildGrid (int,int,int) (at Assets/Scripts/Arena/GridController.cs:49)
QuizBattle.GameState.GameManager:RunAutoPlayMatch (int,int) (at Assets/Scripts/GameState/GameManager.cs:66)
ArenaDemoRunner:RunScenario (string,int,int,string) (at Assets/Editor/ArenaDemoRunner.cs:40)
ArenaDemoRunner:Run () (at Assets/Editor/ArenaDemoRunner.cs:21)

[Assets/Scripts/Arena/GridController.cs line 49]

FoliagePuff: Destroy may not be called from edit mode! Use DestroyImmediate instead.
Destroying an object in edit mode destroys it permanently
UnityEngine.Debug:ExtractStackTraceNoAlloc (byte*,int,string)
UnityEngine.StackTraceUtility:ExtractStackTrace ()
UnityEngine.Object:Destroy (UnityEngine.Object,single)
UnityEngine.Object:Destroy (UnityEngine.Object)
QuizBattle.Arena.Visuals.ArenaColosseumBuilder:CreateCartoonTree (UnityEngine.Transform,UnityEngine.Vector3) (at Assets/Scripts/Arena/Visuals/ArenaColosseumBuilder.cs:645)
QuizBattle.Arena.Visuals.ArenaColosseumBuilder:CreateFoliageAndProps (UnityEngine.Transform,UnityEngine.Vector3,single,single) (at Assets/Scripts/Arena/Visuals/ArenaColosseumBuilder.cs:602)
QuizBattle.Arena.Visuals.ArenaColosseumBuilder:Build (UnityEngine.Transform,int,int,single) (at Assets/Scripts/Arena/Visuals/ArenaColosseumBuilder.cs:30)
QuizBattle.Arena.GridController:BuildGrid (int,int,int) (at Assets/Scripts/Arena/GridController.cs:49)
QuizBattle.GameState.GameManager:RunAutoPlayMatch (int,int) (at Assets/Scripts/GameState/GameManager.cs:66)
ArenaDemoRunner:RunScenario (string,int,int,string) (at Assets/Editor/ArenaDemoRunner.cs:40)
ArenaDemoRunner:Run () (at Assets/Editor/ArenaDemoRunner.cs:21)

[Assets/Scripts/Arena/GridController.cs line 49]

FoliagePuff: Destroy may not be called from edit mode! Use DestroyImmediate instead.
Destroying an object in edit mode destroys it permanently
UnityEngine.Debug:ExtractStackTraceNoAlloc (byte*,int,string)
UnityEngine.StackTraceUtility:ExtractStackTrace ()
UnityEngine.Object:Destroy (UnityEngine.Object,single)
UnityEngine.Object:Destroy (UnityEngine.Object)
QuizBattle.Arena.Visuals.ArenaColosseumBuilder:CreateCartoonTree (UnityEngine.Transform,UnityEngine.Vector3) (at Assets/Scripts/Arena/Visuals/ArenaColosseumBuilder.cs:645)
QuizBattle.Arena.Visuals.ArenaColosseumBuilder:CreateFoliageAndProps (UnityEngine.Transform,UnityEngine.Vector3,single,single) (at Assets/Scripts/Arena/Visuals/ArenaColosseumBuilder.cs:602)
QuizBattle.Arena.Visuals.ArenaColosseumBuilder:Build (UnityEngine.Transform,int,int,single) (at Assets/Scripts/Arena/Visuals/ArenaColosseumBuilder.cs:30)
QuizBattle.Arena.GridController:BuildGrid (int,int,int) (at Assets/Scripts/Arena/GridController.cs:49)
QuizBattle.GameState.GameManager:RunAutoPlayMatch (int,int) (at Assets/Scripts/GameState/GameManager.cs:66)
ArenaDemoRunner:RunScenario (string,int,int,string) (at Assets/Editor/ArenaDemoRunner.cs:40)
ArenaDemoRunner:Run () (at Assets/Editor/ArenaDemoRunner.cs:21)

[Assets/Scripts/Arena/GridController.cs line 49]

FoliagePuff: Destroy may not be called from edit mode! Use DestroyImmediate instead.
Destroying an object in edit mode destroys it permanently
UnityEngine.Debug:ExtractStackTraceNoAlloc (byte*,int,string)
UnityEngine.StackTraceUtility:ExtractStackTrace ()
UnityEngine.Object:Destroy (UnityEngine.Object,single)
UnityEngine.Object:Destroy (UnityEngine.Object)
QuizBattle.Arena.Visuals.ArenaColosseumBuilder:CreateCartoonTree (UnityEngine.Transform,UnityEngine.Vector3) (at Assets/Scripts/Arena/Visuals/ArenaColosseumBuilder.cs:645)
QuizBattle.Arena.Visuals.ArenaColosseumBuilder:CreateFoliageAndProps (UnityEngine.Transform,UnityEngine.Vector3,single,single) (at Assets/Scripts/Arena/Visuals/ArenaColosseumBuilder.cs:602)
QuizBattle.Arena.Visuals.ArenaColosseumBuilder:Build (UnityEngine.Transform,int,int,single) (at Assets/Scripts/Arena/Visuals/ArenaColosseumBuilder.cs:30)
QuizBattle.Arena.GridController:BuildGrid (int,int,int) (at Assets/Scripts/Arena/GridController.cs:49)
QuizBattle.GameState.GameManager:RunAutoPlayMatch (int,int) (at Assets/Scripts/GameState/GameManager.cs:66)
ArenaDemoRunner:RunScenario (string,int,int,string) (at Assets/Editor/ArenaDemoRunner.cs:40)
ArenaDemoRunner:Run () (at Assets/Editor/ArenaDemoRunner.cs:21)

[Assets/Scripts/Arena/GridController.cs line 49]

Trunk: Destroy may not be called from edit mode! Use DestroyImmediate instead.
Destroying an object in edit mode destroys it permanently
UnityEngine.Debug:ExtractStackTraceNoAlloc (byte*,int,string)
UnityEngine.StackTraceUtility:ExtractStackTrace ()
UnityEngine.Object:Destroy (UnityEngine.Object,single)
UnityEngine.Object:Destroy (UnityEngine.Object)
QuizBattle.Arena.Visuals.ArenaColosseumBuilder:CreateCartoonTree (UnityEngine.Transform,UnityEngine.Vector3) (at Assets/Scripts/Arena/Visuals/ArenaColosseumBuilder.cs:626)
QuizBattle.Arena.Visuals.ArenaColosseumBuilder:CreateFoliageAndProps (UnityEngine.Transform,UnityEngine.Vector3,single,single) (at Assets/Scripts/Arena/Visuals/ArenaColosseumBuilder.cs:602)
QuizBattle.Arena.Visuals.ArenaColosseumBuilder:Build (UnityEngine.Transform,int,int,single) (at Assets/Scripts/Arena/Visuals/ArenaColosseumBuilder.cs:30)
QuizBattle.Arena.GridController:BuildGrid (int,int,int) (at Assets/Scripts/Arena/GridController.cs:49)
QuizBattle.GameState.GameManager:RunAutoPlayMatch (int,int) (at Assets/Scripts/GameState/GameManager.cs:66)
ArenaDemoRunner:RunScenario (string,int,int,string) (at Assets/Editor/ArenaDemoRunner.cs:40)
ArenaDemoRunner:Run () (at Assets/Editor/ArenaDemoRunner.cs:21)

[Assets/Scripts/Arena/GridController.cs line 49]

FoliagePuff: Destroy may not be called from edit mode! Use DestroyImmediate instead.
Destroying an object in edit mode destroys it permanently
UnityEngine.Debug:ExtractStackTraceNoAlloc (byte*,int,string)
UnityEngine.StackTraceUtility:ExtractStackTrace ()
UnityEngine.Object:Destroy (UnityEngine.Object,single)
UnityEngine.Object:Destroy (UnityEngine.Object)
QuizBattle.Arena.Visuals.ArenaColosseumBuilder:CreateCartoonTree (UnityEngine.Transform,UnityEngine.Vector3) (at Assets/Scripts/Arena/Visuals/ArenaColosseumBuilder.cs:645)
QuizBattle.Arena.Visuals.ArenaColosseumBuilder:CreateFoliageAndProps (UnityEngine.Transform,UnityEngine.Vector3,single,single) (at Assets/Scripts/Arena/Visuals/ArenaColosseumBuilder.cs:602)
QuizBattle.Arena.Visuals.ArenaColosseumBuilder:Build (UnityEngine.Transform,int,int,single) (at Assets/Scripts/Arena/Visuals/ArenaColosseumBuilder.cs:30)
QuizBattle.Arena.GridController:BuildGrid (int,int,int) (at Assets/Scripts/Arena/GridController.cs:49)
QuizBattle.GameState.GameManager:RunAutoPlayMatch (int,int) (at Assets/Scripts/GameState/GameManager.cs:66)
ArenaDemoRunner:RunScenario (string,int,int,string) (at Assets/Editor/ArenaDemoRunner.cs:40)
ArenaDemoRunner:Run () (at Assets/Editor/ArenaDemoRunner.cs:21)

[Assets/Scripts/Arena/GridController.cs line 49]

FoliagePuff: Destroy may not be called from edit mode! Use DestroyImmediate instead.
Destroying an object in edit mode destroys it permanently
UnityEngine.Debug:ExtractStackTraceNoAlloc (byte*,int,string)
UnityEngine.StackTraceUtility:ExtractStackTrace ()
UnityEngine.Object:Destroy (UnityEngine.Object,single)
UnityEngine.Object:Destroy (UnityEngine.Object)
QuizBattle.Arena.Visuals.ArenaColosseumBuilder:CreateCartoonTree (UnityEngine.Transform,UnityEngine.Vector3) (at Assets/Scripts/Arena/Visuals/ArenaColosseumBuilder.cs:645)
QuizBattle.Arena.Visuals.ArenaColosseumBuilder:CreateFoliageAndProps (UnityEngine.Transform,UnityEngine.Vector3,single,single) (at Assets/Scripts/Arena/Visuals/ArenaColosseumBuilder.cs:602)
QuizBattle.Arena.Visuals.ArenaColosseumBuilder:Build (UnityEngine.Transform,int,int,single) (at Assets/Scripts/Arena/Visuals/ArenaColosseumBuilder.cs:30)
QuizBattle.Arena.GridController:BuildGrid (int,int,int) (at Assets/Scripts/Arena/GridController.cs:49)
QuizBattle.GameState.GameManager:RunAutoPlayMatch (int,int) (at Assets/Scripts/GameState/GameManager.cs:66)
ArenaDemoRunner:RunScenario (string,int,int,string) (at Assets/Editor/ArenaDemoRunner.cs:40)
ArenaDemoRunner:Run () (at Assets/Editor/ArenaDemoRunner.cs:21)

[Assets/Scripts/Arena/GridController.cs line 49]

FoliagePuff: Destroy may not be called from edit mode! Use DestroyImmediate instead.
Destroying an object in edit mode destroys it permanently
UnityEngine.Debug:ExtractStackTraceNoAlloc (byte*,int,string)
UnityEngine.StackTraceUtility:ExtractStackTrace ()
UnityEngine.Object:Destroy (UnityEngine.Object,single)
UnityEngine.Object:Destroy (UnityEngine.Object)
QuizBattle.Arena.Visuals.ArenaColosseumBuilder:CreateCartoonTree (UnityEngine.Transform,UnityEngine.Vector3) (at Assets/Scripts/Arena/Visuals/ArenaColosseumBuilder.cs:645)
QuizBattle.Arena.Visuals.ArenaColosseumBuilder:CreateFoliageAndProps (UnityEngine.Transform,UnityEngine.Vector3,single,single) (at Assets/Scripts/Arena/Visuals/ArenaColosseumBuilder.cs:602)
QuizBattle.Arena.Visuals.ArenaColosseumBuilder:Build (UnityEngine.Transform,int,int,single) (at Assets/Scripts/Arena/Visuals/ArenaColosseumBuilder.cs:30)
QuizBattle.Arena.GridController:BuildGrid (int,int,int) (at Assets/Scripts/Arena/GridController.cs:49)
QuizBattle.GameState.GameManager:RunAutoPlayMatch (int,int) (at Assets/Scripts/GameState/GameManager.cs:66)
ArenaDemoRunner:RunScenario (string,int,int,string) (at Assets/Editor/ArenaDemoRunner.cs:40)
ArenaDemoRunner:Run () (at Assets/Editor/ArenaDemoRunner.cs:21)

[Assets/Scripts/Arena/GridController.cs line 49]

FoliagePuff: Destroy may not be called from edit mode! Use DestroyImmediate instead.
Destroying an object in edit mode destroys it permanently
UnityEngine.Debug:ExtractStackTraceNoAlloc (byte*,int,string)
UnityEngine.StackTraceUtility:ExtractStackTrace ()
UnityEngine.Object:Destroy (UnityEngine.Object,single)
UnityEngine.Object:Destroy (UnityEngine.Object)
QuizBattle.Arena.Visuals.ArenaColosseumBuilder:CreateCartoonTree (UnityEngine.Transform,UnityEngine.Vector3) (at Assets/Scripts/Arena/Visuals/ArenaColosseumBuilder.cs:645)
QuizBattle.Arena.Visuals.ArenaColosseumBuilder:CreateFoliageAndProps (UnityEngine.Transform,UnityEngine.Vector3,single,single) (at Assets/Scripts/Arena/Visuals/ArenaColosseumBuilder.cs:602)
QuizBattle.Arena.Visuals.ArenaColosseumBuilder:Build (UnityEngine.Transform,int,int,single) (at Assets/Scripts/Arena/Visuals/ArenaColosseumBuilder.cs:30)
QuizBattle.Arena.GridController:BuildGrid (int,int,int) (at Assets/Scripts/Arena/GridController.cs:49)
QuizBattle.GameState.GameManager:RunAutoPlayMatch (int,int) (at Assets/Scripts/GameState/GameManager.cs:66)
ArenaDemoRunner:RunScenario (string,int,int,string) (at Assets/Editor/ArenaDemoRunner.cs:40)
ArenaDemoRunner:Run () (at Assets/Editor/ArenaDemoRunner.cs:21)

[Assets/Scripts/Arena/GridController.cs line 49]

WoodenBarrel: Destroy may not be called from edit mode! Use DestroyImmediate instead.
Destroying an object in edit mode destroys it permanently
UnityEngine.Debug:ExtractStackTraceNoAlloc (byte*,int,string)
UnityEngine.StackTraceUtility:ExtractStackTrace ()
UnityEngine.Object:Destroy (UnityEngine.Object,single)
UnityEngine.Object:Destroy (UnityEngine.Object)
QuizBattle.Arena.Visuals.ArenaColosseumBuilder:CreateBarrel (UnityEngine.Transform,UnityEngine.Vector3) (at Assets/Scripts/Arena/Visuals/ArenaColosseumBuilder.cs:657)
QuizBattle.Arena.Visuals.ArenaColosseumBuilder:CreateFoliageAndProps (UnityEngine.Transform,UnityEngine.Vector3,single,single) (at Assets/Scripts/Arena/Visuals/ArenaColosseumBuilder.cs:606)
QuizBattle.Arena.Visuals.ArenaColosseumBuilder:Build (UnityEngine.Transform,int,int,single) (at Assets/Scripts/Arena/Visuals/ArenaColosseumBuilder.cs:30)
QuizBattle.Arena.GridController:BuildGrid (int,int,int) (at Assets/Scripts/Arena/GridController.cs:49)
QuizBattle.GameState.GameManager:RunAutoPlayMatch (int,int) (at Assets/Scripts/GameState/GameManager.cs:66)
ArenaDemoRunner:RunScenario (string,int,int,string) (at Assets/Editor/ArenaDemoRunner.cs:40)
ArenaDemoRunner:Run () (at Assets/Editor/ArenaDemoRunner.cs:21)

[Assets/Scripts/Arena/GridController.cs line 49]

WoodenCrate: Destroy may not be called from edit mode! Use DestroyImmediate instead.
Destroying an object in edit mode destroys it permanently
UnityEngine.Debug:ExtractStackTraceNoAlloc (byte*,int,string)
UnityEngine.StackTraceUtility:ExtractStackTrace ()
UnityEngine.Object:Destroy (UnityEngine.Object,single)
UnityEngine.Object:Destroy (UnityEngine.Object)
QuizBattle.Arena.Visuals.ArenaColosseumBuilder:CreateCrate (UnityEngine.Transform,UnityEngine.Vector3) (at Assets/Scripts/Arena/Visuals/ArenaColosseumBuilder.cs:668)
QuizBattle.Arena.Visuals.ArenaColosseumBuilder:CreateFoliageAndProps (UnityEngine.Transform,UnityEngine.Vector3,single,single) (at Assets/Scripts/Arena/Visuals/ArenaColosseumBuilder.cs:607)
QuizBattle.Arena.Visuals.ArenaColosseumBuilder:Build (UnityEngine.Transform,int,int,single) (at Assets/Scripts/Arena/Visuals/ArenaColosseumBuilder.cs:30)
QuizBattle.Arena.GridController:BuildGrid (int,int,int) (at Assets/Scripts/Arena/GridController.cs:49)
QuizBattle.GameState.GameManager:RunAutoPlayMatch (int,int) (at Assets/Scripts/GameState/GameManager.cs:66)
ArenaDemoRunner:RunScenario (string,int,int,string) (at Assets/Editor/ArenaDemoRunner.cs:40)
ArenaDemoRunner:Run () (at Assets/Editor/ArenaDemoRunner.cs:21)

[Assets/Scripts/Arena/GridController.cs line 49]

WoodenBarrel: Destroy may not be called from edit mode! Use DestroyImmediate instead.
Destroying an object in edit mode destroys it permanently
UnityEngine.Debug:ExtractStackTraceNoAlloc (byte*,int,string)
UnityEngine.StackTraceUtility:ExtractStackTrace ()
UnityEngine.Object:Destroy (UnityEngine.Object,single)
UnityEngine.Object:Destroy (UnityEngine.Object)
QuizBattle.Arena.Visuals.ArenaColosseumBuilder:CreateBarrel (UnityEngine.Transform,UnityEngine.Vector3) (at Assets/Scripts/Arena/Visuals/ArenaColosseumBuilder.cs:657)
QuizBattle.Arena.Visuals.ArenaColosseumBuilder:CreateFoliageAndProps (UnityEngine.Transform,UnityEngine.Vector3,single,single) (at Assets/Scripts/Arena/Visuals/ArenaColosseumBuilder.cs:608)
QuizBattle.Arena.Visuals.ArenaColosseumBuilder:Build (UnityEngine.Transform,int,int,single) (at Assets/Scripts/Arena/Visuals/ArenaColosseumBuilder.cs:30)
QuizBattle.Arena.GridController:BuildGrid (int,int,int) (at Assets/Scripts/Arena/GridController.cs:49)
QuizBattle.GameState.GameManager:RunAutoPlayMatch (int,int) (at Assets/Scripts/GameState/GameManager.cs:66)
ArenaDemoRunner:RunScenario (string,int,int,string) (at Assets/Editor/ArenaDemoRunner.cs:40)
ArenaDemoRunner:Run () (at Assets/Editor/ArenaDemoRunner.cs:21)

[Assets/Scripts/Arena/GridController.cs line 49]

ChestPlate: Destroy may not be called from edit mode! Use DestroyImmediate instead.
Destroying an object in edit mode destroys it permanently
UnityEngine.Debug:ExtractStackTraceNoAlloc (byte*,int,string)
UnityEngine.StackTraceUtility:ExtractStackTrace ()
UnityEngine.Object:Destroy (UnityEngine.Object,single)
UnityEngine.Object:Destroy (UnityEngine.Object)
QuizBattle.Arena.Visuals.CharacterVisualBuilder:CreatePrimitivePart (UnityEngine.Transform,string,UnityEngine.PrimitiveType,UnityEngine.Vector3,UnityEngine.Quaternion,UnityEngine.Vector3,UnityEngine.Material,System.Collections.Generic.List`1<UnityEngine.Renderer>) (at Assets/Scripts/Arena/Visuals/CharacterVisualBuilder.cs:317)
QuizBattle.Arena.Visuals.CharacterVisualBuilder:BuildTank (UnityEngine.Transform,QuizBattle.Characters.CharacterVisual&,System.Collections.Generic.List`1<UnityEngine.Renderer>,QuizBattle.Arena.Visuals.TokenIdleAnimator) (at Assets/Scripts/Arena/Visuals/CharacterVisualBuilder.cs:231)
QuizBattle.Arena.Visuals.CharacterVisualBuilder:Build (QuizBattle.Characters.CharacterVisual&,UnityEngine.Transform) (at Assets/Scripts/Arena/Visuals/CharacterVisualBuilder.cs:56)
QuizBattle.Arena.CharacterToken:Create (string,QuizBattle.Characters.CharacterVisual&,UnityEngine.Vector3) (at Assets/Scripts/Arena/CharacterToken.cs:53)
QuizBattle.GameState.GameManager:RunAutoPlayMatch (int,int) (at Assets/Scripts/GameState/GameManager.cs:75)
ArenaDemoRunner:RunScenario (string,int,int,string) (at Assets/Editor/ArenaDemoRunner.cs:40)
ArenaDemoRunner:Run () (at Assets/Editor/ArenaDemoRunner.cs:21)

[Assets/Scripts/GameState/GameManager.cs line 75]

ShoulderLeft: Destroy may not be called from edit mode! Use DestroyImmediate instead.
Destroying an object in edit mode destroys it permanently
UnityEngine.Debug:ExtractStackTraceNoAlloc (byte*,int,string)
UnityEngine.StackTraceUtility:ExtractStackTrace ()
UnityEngine.Object:Destroy (UnityEngine.Object,single)
UnityEngine.Object:Destroy (UnityEngine.Object)
QuizBattle.Arena.Visuals.CharacterVisualBuilder:CreatePrimitivePart (UnityEngine.Transform,string,UnityEngine.PrimitiveType,UnityEngine.Vector3,UnityEngine.Quaternion,UnityEngine.Vector3,UnityEngine.Material,System.Collections.Generic.List`1<UnityEngine.Renderer>) (at Assets/Scripts/Arena/Visuals/CharacterVisualBuilder.cs:317)
QuizBattle.Arena.Visuals.CharacterVisualBuilder:BuildTank (UnityEngine.Transform,QuizBattle.Characters.CharacterVisual&,System.Collections.Generic.List`1<UnityEngine.Renderer>,QuizBattle.Arena.Visuals.TokenIdleAnimator) (at Assets/Scripts/Arena/Visuals/CharacterVisualBuilder.cs:233)
QuizBattle.Arena.Visuals.CharacterVisualBuilder:Build (QuizBattle.Characters.CharacterVisual&,UnityEngine.Transform) (at Assets/Scripts/Arena/Visuals/CharacterVisualBuilder.cs:56)
QuizBattle.Arena.CharacterToken:Create (string,QuizBattle.Characters.CharacterVisual&,UnityEngine.Vector3) (at Assets/Scripts/Arena/CharacterToken.cs:53)
QuizBattle.GameState.GameManager:RunAutoPlayMatch (int,int) (at Assets/Scripts/GameState/GameManager.cs:75)
ArenaDemoRunner:RunScenario (string,int,int,string) (at Assets/Editor/ArenaDemoRunner.cs:40)
ArenaDemoRunner:Run () (at Assets/Editor/ArenaDemoRunner.cs:21)

[Assets/Scripts/GameState/GameManager.cs line 75]

ShoulderRight: Destroy may not be called from edit mode! Use DestroyImmediate instead.
Destroying an object in edit mode destroys it permanently
UnityEngine.Debug:ExtractStackTraceNoAlloc (byte*,int,string)
UnityEngine.StackTraceUtility:ExtractStackTrace ()
UnityEngine.Object:Destroy (UnityEngine.Object,single)
UnityEngine.Object:Destroy (UnityEngine.Object)
QuizBattle.Arena.Visuals.CharacterVisualBuilder:CreatePrimitivePart (UnityEngine.Transform,string,UnityEngine.PrimitiveType,UnityEngine.Vector3,UnityEngine.Quaternion,UnityEngine.Vector3,UnityEngine.Material,System.Collections.Generic.List`1<UnityEngine.Renderer>) (at Assets/Scripts/Arena/Visuals/CharacterVisualBuilder.cs:317)
QuizBattle.Arena.Visuals.CharacterVisualBuilder:BuildTank (UnityEngine.Transform,QuizBattle.Characters.CharacterVisual&,System.Collections.Generic.List`1<UnityEngine.Renderer>,QuizBattle.Arena.Visuals.TokenIdleAnimator) (at Assets/Scripts/Arena/Visuals/CharacterVisualBuilder.cs:234)
QuizBattle.Arena.Visuals.CharacterVisualBuilder:Build (QuizBattle.Characters.CharacterVisual&,UnityEngine.Transform) (at Assets/Scripts/Arena/Visuals/CharacterVisualBuilder.cs:56)
QuizBattle.Arena.CharacterToken:Create (string,QuizBattle.Characters.CharacterVisual&,UnityEngine.Vector3) (at Assets/Scripts/Arena/CharacterToken.cs:53)
QuizBattle.GameState.GameManager:RunAutoPlayMatch (int,int) (at Assets/Scripts/GameState/GameManager.cs:75)
ArenaDemoRunner:RunScenario (string,int,int,string) (at Assets/Editor/ArenaDemoRunner.cs:40)
ArenaDemoRunner:Run () (at Assets/Editor/ArenaDemoRunner.cs:21)

[Assets/Scripts/GameState/GameManager.cs line 75]

Shield: Destroy may not be called from edit mode! Use DestroyImmediate instead.
Destroying an object in edit mode destroys it permanently
UnityEngine.Debug:ExtractStackTraceNoAlloc (byte*,int,string)
UnityEngine.StackTraceUtility:ExtractStackTrace ()
UnityEngine.Object:Destroy (UnityEngine.Object,single)
UnityEngine.Object:Destroy (UnityEngine.Object)
QuizBattle.Arena.Visuals.CharacterVisualBuilder:CreatePrimitivePart (UnityEngine.Transform,string,UnityEngine.PrimitiveType,UnityEngine.Vector3,UnityEngine.Quaternion,UnityEngine.Vector3,UnityEngine.Material,System.Collections.Generic.List`1<UnityEngine.Renderer>) (at Assets/Scripts/Arena/Visuals/CharacterVisualBuilder.cs:317)
QuizBattle.Arena.Visuals.CharacterVisualBuilder:BuildTank (UnityEngine.Transform,QuizBattle.Characters.CharacterVisual&,System.Collections.Generic.List`1<UnityEngine.Renderer>,QuizBattle.Arena.Visuals.TokenIdleAnimator) (at Assets/Scripts/Arena/Visuals/CharacterVisualBuilder.cs:236)
QuizBattle.Arena.Visuals.CharacterVisualBuilder:Build (QuizBattle.Characters.CharacterVisual&,UnityEngine.Transform) (at Assets/Scripts/Arena/Visuals/CharacterVisualBuilder.cs:56)
QuizBattle.Arena.CharacterToken:Create (string,QuizBattle.Characters.CharacterVisual&,UnityEngine.Vector3) (at Assets/Scripts/Arena/CharacterToken.cs:53)
QuizBattle.GameState.GameManager:RunAutoPlayMatch (int,int) (at Assets/Scripts/GameState/GameManager.cs:75)
ArenaDemoRunner:RunScenario (string,int,int,string) (at Assets/Editor/ArenaDemoRunner.cs:40)
ArenaDemoRunner:Run () (at Assets/Editor/ArenaDemoRunner.cs:21)

[Assets/Scripts/GameState/GameManager.cs line 75]

BlobShadow: Destroy may not be called from edit mode! Use DestroyImmediate instead.
Destroying an object in edit mode destroys it permanently
UnityEngine.Debug:ExtractStackTraceNoAlloc (byte*,int,string)
UnityEngine.StackTraceUtility:ExtractStackTrace ()
UnityEngine.Object:Destroy (UnityEngine.Object,single)
UnityEngine.Object:Destroy (UnityEngine.Object)
QuizBattle.Arena.Visuals.CharacterVisualBuilder:CreatePrimitivePart (UnityEngine.Transform,string,UnityEngine.PrimitiveType,UnityEngine.Vector3,UnityEngine.Quaternion,UnityEngine.Vector3,UnityEngine.Material,System.Collections.Generic.List`1<UnityEngine.Renderer>) (at Assets/Scripts/Arena/Visuals/CharacterVisualBuilder.cs:317)
QuizBattle.Arena.Visuals.CharacterVisualBuilder:AddGroundDisc (UnityEngine.Transform,UnityEngine.Color,System.Collections.Generic.List`1<UnityEngine.Renderer>,single) (at Assets/Scripts/Arena/Visuals/CharacterVisualBuilder.cs:284)
QuizBattle.Arena.Visuals.CharacterVisualBuilder:BuildTank (UnityEngine.Transform,QuizBattle.Characters.CharacterVisual&,System.Collections.Generic.List`1<UnityEngine.Renderer>,QuizBattle.Arena.Visuals.TokenIdleAnimator) (at Assets/Scripts/Arena/Visuals/CharacterVisualBuilder.cs:238)
QuizBattle.Arena.Visuals.CharacterVisualBuilder:Build (QuizBattle.Characters.CharacterVisual&,UnityEngine.Transform) (at Assets/Scripts/Arena/Visuals/CharacterVisualBuilder.cs:56)
QuizBattle.Arena.CharacterToken:Create (string,QuizBattle.Characters.CharacterVisual&,UnityEngine.Vector3) (at Assets/Scripts/Arena/CharacterToken.cs:53)
QuizBattle.GameState.GameManager:RunAutoPlayMatch (int,int) (at Assets/Scripts/GameState/GameManager.cs:75)
ArenaDemoRunner:RunScenario (string,int,int,string) (at Assets/Editor/ArenaDemoRunner.cs:40)
ArenaDemoRunner:Run () (at Assets/Editor/ArenaDemoRunner.cs:21)

[Assets/Scripts/GameState/GameManager.cs line 75]

Instantiating material due to calling renderer.material during edit mode. This will leak materials into the scene. You most likely want to use renderer.sharedMaterial instead.
UnityEngine.Debug:ExtractStackTraceNoAlloc (byte*,int,string)
UnityEngine.StackTraceUtility:ExtractStackTrace ()
UnityEngine.Renderer:GetMaterial ()
UnityEngine.Renderer:get_material ()
TMPro.TextMeshPro:SetOutlineThickness (single) (at ./Library/PackageCache/com.unity.ugui@67707a67a4ab/Runtime/TMP/TextMeshPro.cs:1318)
TMPro.TMP_Text:set_outlineWidth (single) (at ./Library/PackageCache/com.unity.ugui@67707a67a4ab/Runtime/TMP/TMP_Text.cs:450)
QuizBattle.Arena.CharacterToken:CreateNameLabel (UnityEngine.Transform) (at Assets/Scripts/Arena/CharacterToken.cs:106)
QuizBattle.Arena.CharacterToken:Create (string,QuizBattle.Characters.CharacterVisual&,UnityEngine.Vector3) (at Assets/Scripts/Arena/CharacterToken.cs:60)
QuizBattle.GameState.GameManager:RunAutoPlayMatch (int,int) (at Assets/Scripts/GameState/GameManager.cs:75)
ArenaDemoRunner:RunScenario (string,int,int,string) (at Assets/Editor/ArenaDemoRunner.cs:40)
ArenaDemoRunner:Run () (at Assets/Editor/ArenaDemoRunner.cs:21)

[Assets/Scripts/GameState/GameManager.cs line 75]

HpBarFrame: Destroy may not be called from edit mode! Use DestroyImmediate instead.
Destroying an object in edit mode destroys it permanently
UnityEngine.Debug:ExtractStackTraceNoAlloc (byte*,int,string)
UnityEngine.StackTraceUtility:ExtractStackTrace ()
UnityEngine.Object:Destroy (UnityEngine.Object,single)
UnityEngine.Object:Destroy (UnityEngine.Object)
QuizBattle.Arena.CharacterToken:CreateHpBar (UnityEngine.Transform,UnityEngine.Color) (at Assets/Scripts/Arena/CharacterToken.cs:123)
QuizBattle.Arena.CharacterToken:Create (string,QuizBattle.Characters.CharacterVisual&,UnityEngine.Vector3) (at Assets/Scripts/Arena/CharacterToken.cs:61)
QuizBattle.GameState.GameManager:RunAutoPlayMatch (int,int) (at Assets/Scripts/GameState/GameManager.cs:75)
ArenaDemoRunner:RunScenario (string,int,int,string) (at Assets/Editor/ArenaDemoRunner.cs:40)
ArenaDemoRunner:Run () (at Assets/Editor/ArenaDemoRunner.cs:21)

[Assets/Scripts/GameState/GameManager.cs line 75]

HpBarBg: Destroy may not be called from edit mode! Use DestroyImmediate instead.
Destroying an object in edit mode destroys it permanently
UnityEngine.Debug:ExtractStackTraceNoAlloc (byte*,int,string)
UnityEngine.StackTraceUtility:ExtractStackTrace ()
UnityEngine.Object:Destroy (UnityEngine.Object,single)
UnityEngine.Object:Destroy (UnityEngine.Object)
QuizBattle.Arena.CharacterToken:CreateHpBar (UnityEngine.Transform,UnityEngine.Color) (at Assets/Scripts/Arena/CharacterToken.cs:142)
QuizBattle.Arena.CharacterToken:Create (string,QuizBattle.Characters.CharacterVisual&,UnityEngine.Vector3) (at Assets/Scripts/Arena/CharacterToken.cs:61)
QuizBattle.GameState.GameManager:RunAutoPlayMatch (int,int) (at Assets/Scripts/GameState/GameManager.cs:75)
ArenaDemoRunner:RunScenario (string,int,int,string) (at Assets/Editor/ArenaDemoRunner.cs:40)
ArenaDemoRunner:Run () (at Assets/Editor/ArenaDemoRunner.cs:21)

[Assets/Scripts/GameState/GameManager.cs line 75]

HpBarFill: Destroy may not be called from edit mode! Use DestroyImmediate instead.
Destroying an object in edit mode destroys it permanently
UnityEngine.Debug:ExtractStackTraceNoAlloc (byte*,int,string)
UnityEngine.StackTraceUtility:ExtractStackTrace ()
UnityEngine.Object:Destroy (UnityEngine.Object,single)
UnityEngine.Object:Destroy (UnityEngine.Object)
QuizBattle.Arena.CharacterToken:CreateHpBar (UnityEngine.Transform,UnityEngine.Color) (at Assets/Scripts/Arena/CharacterToken.cs:165)
QuizBattle.Arena.CharacterToken:Create (string,QuizBattle.Characters.CharacterVisual&,UnityEngine.Vector3) (at Assets/Scripts/Arena/CharacterToken.cs:61)
QuizBattle.GameState.GameManager:RunAutoPlayMatch (int,int) (at Assets/Scripts/GameState/GameManager.cs:75)
ArenaDemoRunner:RunScenario (string,int,int,string) (at Assets/Editor/ArenaDemoRunner.cs:40)
ArenaDemoRunner:Run () (at Assets/Editor/ArenaDemoRunner.cs:21)

[Assets/Scripts/GameState/GameManager.cs line 75]

FrozenRing: Destroy may not be called from edit mode! Use DestroyImmediate instead.
Destroying an object in edit mode destroys it permanently
UnityEngine.Debug:ExtractStackTraceNoAlloc (byte*,int,string)
UnityEngine.StackTraceUtility:ExtractStackTrace ()
UnityEngine.Object:Destroy (UnityEngine.Object,single)
UnityEngine.Object:Destroy (UnityEngine.Object)
QuizBattle.Arena.CharacterToken:CreateFrozenIndicator (UnityEngine.Transform) (at Assets/Scripts/Arena/CharacterToken.cs:88)
QuizBattle.Arena.CharacterToken:Create (string,QuizBattle.Characters.CharacterVisual&,UnityEngine.Vector3) (at Assets/Scripts/Arena/CharacterToken.cs:62)
QuizBattle.GameState.GameManager:RunAutoPlayMatch (int,int) (at Assets/Scripts/GameState/GameManager.cs:75)
ArenaDemoRunner:RunScenario (string,int,int,string) (at Assets/Editor/ArenaDemoRunner.cs:40)
ArenaDemoRunner:Run () (at Assets/Editor/ArenaDemoRunner.cs:21)

[Assets/Scripts/GameState/GameManager.cs line 75]

EmberLeft: Destroy may not be called from edit mode! Use DestroyImmediate instead.
Destroying an object in edit mode destroys it permanently
UnityEngine.Debug:ExtractStackTraceNoAlloc (byte*,int,string)
UnityEngine.StackTraceUtility:ExtractStackTrace ()
UnityEngine.Object:Destroy (UnityEngine.Object,single)
UnityEngine.Object:Destroy (UnityEngine.Object)
QuizBattle.Arena.Visuals.CharacterVisualBuilder:CreatePrimitivePart (UnityEngine.Transform,string,UnityEngine.PrimitiveType,UnityEngine.Vector3,UnityEngine.Quaternion,UnityEngine.Vector3,UnityEngine.Material,System.Collections.Generic.List`1<UnityEngine.Renderer>) (at Assets/Scripts/Arena/Visuals/CharacterVisualBuilder.cs:317)
QuizBattle.Arena.Visuals.CharacterVisualBuilder:BuildFire (UnityEngine.Transform,QuizBattle.Characters.CharacterVisual&,System.Collections.Generic.List`1<UnityEngine.Renderer>,QuizBattle.Arena.Visuals.TokenIdleAnimator) (at Assets/Scripts/Arena/Visuals/CharacterVisualBuilder.cs:216)
QuizBattle.Arena.Visuals.CharacterVisualBuilder:Build (QuizBattle.Characters.CharacterVisual&,UnityEngine.Transform) (at Assets/Scripts/Arena/Visuals/CharacterVisualBuilder.cs:53)
QuizBattle.Arena.CharacterToken:Create (string,QuizBattle.Characters.CharacterVisual&,UnityEngine.Vector3) (at Assets/Scripts/Arena/CharacterToken.cs:53)
QuizBattle.GameState.GameManager:RunAutoPlayMatch (int,int) (at Assets/Scripts/GameState/GameManager.cs:75)
ArenaDemoRunner:RunScenario (string,int,int,string) (at Assets/Editor/ArenaDemoRunner.cs:40)
ArenaDemoRunner:Run () (at Assets/Editor/ArenaDemoRunner.cs:21)

[Assets/Scripts/GameState/GameManager.cs line 75]

EmberRight: Destroy may not be called from edit mode! Use DestroyImmediate instead.
Destroying an object in edit mode destroys it permanently
UnityEngine.Debug:ExtractStackTraceNoAlloc (byte*,int,string)
UnityEngine.StackTraceUtility:ExtractStackTrace ()
UnityEngine.Object:Destroy (UnityEngine.Object,single)
UnityEngine.Object:Destroy (UnityEngine.Object)
QuizBattle.Arena.Visuals.CharacterVisualBuilder:CreatePrimitivePart (UnityEngine.Transform,string,UnityEngine.PrimitiveType,UnityEngine.Vector3,UnityEngine.Quaternion,UnityEngine.Vector3,UnityEngine.Material,System.Collections.Generic.List`1<UnityEngine.Renderer>) (at Assets/Scripts/Arena/Visuals/CharacterVisualBuilder.cs:317)
QuizBattle.Arena.Visuals.CharacterVisualBuilder:BuildFire (UnityEngine.Transform,QuizBattle.Characters.CharacterVisual&,System.Collections.Generic.List`1<UnityEngine.Renderer>,QuizBattle.Arena.Visuals.TokenIdleAnimator) (at Assets/Scripts/Arena/Visuals/CharacterVisualBuilder.cs:217)
QuizBattle.Arena.Visuals.CharacterVisualBuilder:Build (QuizBattle.Characters.CharacterVisual&,UnityEngine.Transform) (at Assets/Scripts/Arena/Visuals/CharacterVisualBuilder.cs:53)
QuizBattle.Arena.CharacterToken:Create (string,QuizBattle.Characters.CharacterVisual&,UnityEngine.Vector3) (at Assets/Scripts/Arena/CharacterToken.cs:53)
QuizBattle.GameState.GameManager:RunAutoPlayMatch (int,int) (at Assets/Scripts/GameState/GameManager.cs:75)
ArenaDemoRunner:RunScenario (string,int,int,string) (at Assets/Editor/ArenaDemoRunner.cs:40)
ArenaDemoRunner:Run () (at Assets/Editor/ArenaDemoRunner.cs:21)

[Assets/Scripts/GameState/GameManager.cs line 75]

BlobShadow: Destroy may not be called from edit mode! Use DestroyImmediate instead.
Destroying an object in edit mode destroys it permanently
UnityEngine.Debug:ExtractStackTraceNoAlloc (byte*,int,string)
UnityEngine.StackTraceUtility:ExtractStackTrace ()
UnityEngine.Object:Destroy (UnityEngine.Object,single)
UnityEngine.Object:Destroy (UnityEngine.Object)
QuizBattle.Arena.Visuals.CharacterVisualBuilder:CreatePrimitivePart (UnityEngine.Transform,string,UnityEngine.PrimitiveType,UnityEngine.Vector3,UnityEngine.Quaternion,UnityEngine.Vector3,UnityEngine.Material,System.Collections.Generic.List`1<UnityEngine.Renderer>) (at Assets/Scripts/Arena/Visuals/CharacterVisualBuilder.cs:317)
QuizBattle.Arena.Visuals.CharacterVisualBuilder:AddGroundDisc (UnityEngine.Transform,UnityEngine.Color,System.Collections.Generic.List`1<UnityEngine.Renderer>,single) (at Assets/Scripts/Arena/Visuals/CharacterVisualBuilder.cs:284)
QuizBattle.Arena.Visuals.CharacterVisualBuilder:BuildFire (UnityEngine.Transform,QuizBattle.Characters.CharacterVisual&,System.Collections.Generic.List`1<UnityEngine.Renderer>,QuizBattle.Arena.Visuals.TokenIdleAnimator) (at Assets/Scripts/Arena/Visuals/CharacterVisualBuilder.cs:221)
QuizBattle.Arena.Visuals.CharacterVisualBuilder:Build (QuizBattle.Characters.CharacterVisual&,UnityEngine.Transform) (at Assets/Scripts/Arena/Visuals/CharacterVisualBuilder.cs:53)
QuizBattle.Arena.CharacterToken:Create (string,QuizBattle.Characters.CharacterVisual&,UnityEngine.Vector3) (at Assets/Scripts/Arena/CharacterToken.cs:53)
QuizBattle.GameState.GameManager:RunAutoPlayMatch (int,int) (at Assets/Scripts/GameState/GameManager.cs:75)
ArenaDemoRunner:RunScenario (string,int,int,string) (at Assets/Editor/ArenaDemoRunner.cs:40)
ArenaDemoRunner:Run () (at Assets/Editor/ArenaDemoRunner.cs:21)

[Assets/Scripts/GameState/GameManager.cs line 75]

Instantiating material due to calling renderer.material during edit mode. This will leak materials into the scene. You most likely want to use renderer.sharedMaterial instead.
UnityEngine.Debug:ExtractStackTraceNoAlloc (byte*,int,string)
UnityEngine.StackTraceUtility:ExtractStackTrace ()
UnityEngine.Renderer:GetMaterial ()
UnityEngine.Renderer:get_material ()
TMPro.TextMeshPro:SetOutlineThickness (single) (at ./Library/PackageCache/com.unity.ugui@67707a67a4ab/Runtime/TMP/TextMeshPro.cs:1318)
TMPro.TMP_Text:set_outlineWidth (single) (at ./Library/PackageCache/com.unity.ugui@67707a67a4ab/Runtime/TMP/TMP_Text.cs:450)
QuizBattle.Arena.CharacterToken:CreateNameLabel (UnityEngine.Transform) (at Assets/Scripts/Arena/CharacterToken.cs:106)
QuizBattle.Arena.CharacterToken:Create (string,QuizBattle.Characters.CharacterVisual&,UnityEngine.Vector3) (at Assets/Scripts/Arena/CharacterToken.cs:60)
QuizBattle.GameState.GameManager:RunAutoPlayMatch (int,int) (at Assets/Scripts/GameState/GameManager.cs:75)
ArenaDemoRunner:RunScenario (string,int,int,string) (at Assets/Editor/ArenaDemoRunner.cs:40)
ArenaDemoRunner:Run () (at Assets/Editor/ArenaDemoRunner.cs:21)

[Assets/Scripts/GameState/GameManager.cs line 75]

HpBarFrame: Destroy may not be called from edit mode! Use DestroyImmediate instead.
Destroying an object in edit mode destroys it permanently
UnityEngine.Debug:ExtractStackTraceNoAlloc (byte*,int,string)
UnityEngine.StackTraceUtility:ExtractStackTrace ()
UnityEngine.Object:Destroy (UnityEngine.Object,single)
UnityEngine.Object:Destroy (UnityEngine.Object)
QuizBattle.Arena.CharacterToken:CreateHpBar (UnityEngine.Transform,UnityEngine.Color) (at Assets/Scripts/Arena/CharacterToken.cs:123)
QuizBattle.Arena.CharacterToken:Create (string,QuizBattle.Characters.CharacterVisual&,UnityEngine.Vector3) (at Assets/Scripts/Arena/CharacterToken.cs:61)
QuizBattle.GameState.GameManager:RunAutoPlayMatch (int,int) (at Assets/Scripts/GameState/GameManager.cs:75)
ArenaDemoRunner:RunScenario (string,int,int,string) (at Assets/Editor/ArenaDemoRunner.cs:40)
ArenaDemoRunner:Run () (at Assets/Editor/ArenaDemoRunner.cs:21)

[Assets/Scripts/GameState/GameManager.cs line 75]

HpBarBg: Destroy may not be called from edit mode! Use DestroyImmediate instead.
Destroying an object in edit mode destroys it permanently
UnityEngine.Debug:ExtractStackTraceNoAlloc (byte*,int,string)
UnityEngine.StackTraceUtility:ExtractStackTrace ()
UnityEngine.Object:Destroy (UnityEngine.Object,single)
UnityEngine.Object:Destroy (UnityEngine.Object)
QuizBattle.Arena.CharacterToken:CreateHpBar (UnityEngine.Transform,UnityEngine.Color) (at Assets/Scripts/Arena/CharacterToken.cs:142)
QuizBattle.Arena.CharacterToken:Create (string,QuizBattle.Characters.CharacterVisual&,UnityEngine.Vector3) (at Assets/Scripts/Arena/CharacterToken.cs:61)
QuizBattle.GameState.GameManager:RunAutoPlayMatch (int,int) (at Assets/Scripts/GameState/GameManager.cs:75)
ArenaDemoRunner:RunScenario (string,int,int,string) (at Assets/Editor/ArenaDemoRunner.cs:40)
ArenaDemoRunner:Run () (at Assets/Editor/ArenaDemoRunner.cs:21)

[Assets/Scripts/GameState/GameManager.cs line 75]

HpBarFill: Destroy may not be called from edit mode! Use DestroyImmediate instead.
Destroying an object in edit mode destroys it permanently
UnityEngine.Debug:ExtractStackTraceNoAlloc (byte*,int,string)
UnityEngine.StackTraceUtility:ExtractStackTrace ()
UnityEngine.Object:Destroy (UnityEngine.Object,single)
UnityEngine.Object:Destroy (UnityEngine.Object)
QuizBattle.Arena.CharacterToken:CreateHpBar (UnityEngine.Transform,UnityEngine.Color) (at Assets/Scripts/Arena/CharacterToken.cs:165)
QuizBattle.Arena.CharacterToken:Create (string,QuizBattle.Characters.CharacterVisual&,UnityEngine.Vector3) (at Assets/Scripts/Arena/CharacterToken.cs:61)
QuizBattle.GameState.GameManager:RunAutoPlayMatch (int,int) (at Assets/Scripts/GameState/GameManager.cs:75)
ArenaDemoRunner:RunScenario (string,int,int,string) (at Assets/Editor/ArenaDemoRunner.cs:40)
ArenaDemoRunner:Run () (at Assets/Editor/ArenaDemoRunner.cs:21)

[Assets/Scripts/GameState/GameManager.cs line 75]

FrozenRing: Destroy may not be called from edit mode! Use DestroyImmediate instead.
Destroying an object in edit mode destroys it permanently
UnityEngine.Debug:ExtractStackTraceNoAlloc (byte*,int,string)
UnityEngine.StackTraceUtility:ExtractStackTrace ()
UnityEngine.Object:Destroy (UnityEngine.Object,single)
UnityEngine.Object:Destroy (UnityEngine.Object)
QuizBattle.Arena.CharacterToken:CreateFrozenIndicator (UnityEngine.Transform) (at Assets/Scripts/Arena/CharacterToken.cs:88)
QuizBattle.Arena.CharacterToken:Create (string,QuizBattle.Characters.CharacterVisual&,UnityEngine.Vector3) (at Assets/Scripts/Arena/CharacterToken.cs:62)
QuizBattle.GameState.GameManager:RunAutoPlayMatch (int,int) (at Assets/Scripts/GameState/GameManager.cs:75)
ArenaDemoRunner:RunScenario (string,int,int,string) (at Assets/Editor/ArenaDemoRunner.cs:40)
ArenaDemoRunner:Run () (at Assets/Editor/ArenaDemoRunner.cs:21)

[Assets/Scripts/GameState/GameManager.cs line 75]

Orb: Destroy may not be called from edit mode! Use DestroyImmediate instead.
Destroying an object in edit mode destroys it permanently
UnityEngine.Debug:ExtractStackTraceNoAlloc (byte*,int,string)
UnityEngine.StackTraceUtility:ExtractStackTrace ()
UnityEngine.Object:Destroy (UnityEngine.Object,single)
UnityEngine.Object:Destroy (UnityEngine.Object)
QuizBattle.Arena.Visuals.CharacterVisualBuilder:CreatePrimitivePart (UnityEngine.Transform,string,UnityEngine.PrimitiveType,UnityEngine.Vector3,UnityEngine.Quaternion,UnityEngine.Vector3,UnityEngine.Material,System.Collections.Generic.List`1<UnityEngine.Renderer>) (at Assets/Scripts/Arena/Visuals/CharacterVisualBuilder.cs:317)
QuizBattle.Arena.Visuals.CharacterVisualBuilder:BuildArcane (UnityEngine.Transform,QuizBattle.Characters.CharacterVisual&,System.Collections.Generic.List`1<UnityEngine.Renderer>,QuizBattle.Arena.Visuals.TokenIdleAnimator) (at Assets/Scripts/Arena/Visuals/CharacterVisualBuilder.cs:274)
QuizBattle.Arena.Visuals.CharacterVisualBuilder:Build (QuizBattle.Characters.CharacterVisual&,UnityEngine.Transform) (at Assets/Scripts/Arena/Visuals/CharacterVisualBuilder.cs:62)
QuizBattle.Arena.CharacterToken:Create (string,QuizBattle.Characters.CharacterVisual&,UnityEngine.Vector3) (at Assets/Scripts/Arena/CharacterToken.cs:53)
QuizBattle.GameState.GameManager:RunAutoPlayMatch (int,int) (at Assets/Scripts/GameState/GameManager.cs:75)
ArenaDemoRunner:RunScenario (string,int,int,string) (at Assets/Editor/ArenaDemoRunner.cs:40)
ArenaDemoRunner:Run () (at Assets/Editor/ArenaDemoRunner.cs:21)

[Assets/Scripts/GameState/GameManager.cs line 75]

BlobShadow: Destroy may not be called from edit mode! Use DestroyImmediate instead.
Destroying an object in edit mode destroys it permanently
UnityEngine.Debug:ExtractStackTraceNoAlloc (byte*,int,string)
UnityEngine.StackTraceUtility:ExtractStackTrace ()
UnityEngine.Object:Destroy (UnityEngine.Object,single)
UnityEngine.Object:Destroy (UnityEngine.Object)
QuizBattle.Arena.Visuals.CharacterVisualBuilder:CreatePrimitivePart (UnityEngine.Transform,string,UnityEngine.PrimitiveType,UnityEngine.Vector3,UnityEngine.Quaternion,UnityEngine.Vector3,UnityEngine.Material,System.Collections.Generic.List`1<UnityEngine.Renderer>) (at Assets/Scripts/Arena/Visuals/CharacterVisualBuilder.cs:317)
QuizBattle.Arena.Visuals.CharacterVisualBuilder:AddGroundDisc (UnityEngine.Transform,UnityEngine.Color,System.Collections.Generic.List`1<UnityEngine.Renderer>,single) (at Assets/Scripts/Arena/Visuals/CharacterVisualBuilder.cs:284)
QuizBattle.Arena.Visuals.CharacterVisualBuilder:BuildArcane (UnityEngine.Transform,QuizBattle.Characters.CharacterVisual&,System.Collections.Generic.List`1<UnityEngine.Renderer>,QuizBattle.Arena.Visuals.TokenIdleAnimator) (at Assets/Scripts/Arena/Visuals/CharacterVisualBuilder.cs:277)
QuizBattle.Arena.Visuals.CharacterVisualBuilder:Build (QuizBattle.Characters.CharacterVisual&,UnityEngine.Transform) (at Assets/Scripts/Arena/Visuals/CharacterVisualBuilder.cs:62)
QuizBattle.Arena.CharacterToken:Create (string,QuizBattle.Characters.CharacterVisual&,UnityEngine.Vector3) (at Assets/Scripts/Arena/CharacterToken.cs:53)
QuizBattle.GameState.GameManager:RunAutoPlayMatch (int,int) (at Assets/Scripts/GameState/GameManager.cs:75)
ArenaDemoRunner:RunScenario (string,int,int,string) (at Assets/Editor/ArenaDemoRunner.cs:40)
ArenaDemoRunner:Run () (at Assets/Editor/ArenaDemoRunner.cs:21)

[Assets/Scripts/GameState/GameManager.cs line 75]

Instantiating material due to calling renderer.material during edit mode. This will leak materials into the scene. You most likely want to use renderer.sharedMaterial instead.
UnityEngine.Debug:ExtractStackTraceNoAlloc (byte*,int,string)
UnityEngine.StackTraceUtility:ExtractStackTrace ()
UnityEngine.Renderer:GetMaterial ()
UnityEngine.Renderer:get_material ()
TMPro.TextMeshPro:SetOutlineThickness (single) (at ./Library/PackageCache/com.unity.ugui@67707a67a4ab/Runtime/TMP/TextMeshPro.cs:1318)
TMPro.TMP_Text:set_outlineWidth (single) (at ./Library/PackageCache/com.unity.ugui@67707a67a4ab/Runtime/TMP/TMP_Text.cs:450)
QuizBattle.Arena.CharacterToken:CreateNameLabel (UnityEngine.Transform) (at Assets/Scripts/Arena/CharacterToken.cs:106)
QuizBattle.Arena.CharacterToken:Create (string,QuizBattle.Characters.CharacterVisual&,UnityEngine.Vector3) (at Assets/Scripts/Arena/CharacterToken.cs:60)
QuizBattle.GameState.GameManager:RunAutoPlayMatch (int,int) (at Assets/Scripts/GameState/GameManager.cs:75)
ArenaDemoRunner:RunScenario (string,int,int,string) (at Assets/Editor/ArenaDemoRunner.cs:40)
ArenaDemoRunner:Run () (at Assets/Editor/ArenaDemoRunner.cs:21)

[Assets/Scripts/GameState/GameManager.cs line 75]

HpBarFrame: Destroy may not be called from edit mode! Use DestroyImmediate instead.
Destroying an object in edit mode destroys it permanently
UnityEngine.Debug:ExtractStackTraceNoAlloc (byte*,int,string)
UnityEngine.StackTraceUtility:ExtractStackTrace ()
UnityEngine.Object:Destroy (UnityEngine.Object,single)
UnityEngine.Object:Destroy (UnityEngine.Object)
QuizBattle.Arena.CharacterToken:CreateHpBar (UnityEngine.Transform,UnityEngine.Color) (at Assets/Scripts/Arena/CharacterToken.cs:123)
QuizBattle.Arena.CharacterToken:Create (string,QuizBattle.Characters.CharacterVisual&,UnityEngine.Vector3) (at Assets/Scripts/Arena/CharacterToken.cs:61)
QuizBattle.GameState.GameManager:RunAutoPlayMatch (int,int) (at Assets/Scripts/GameState/GameManager.cs:75)
ArenaDemoRunner:RunScenario (string,int,int,string) (at Assets/Editor/ArenaDemoRunner.cs:40)
ArenaDemoRunner:Run () (at Assets/Editor/ArenaDemoRunner.cs:21)

[Assets/Scripts/GameState/GameManager.cs line 75]

HpBarBg: Destroy may not be called from edit mode! Use DestroyImmediate instead.
Destroying an object in edit mode destroys it permanently
UnityEngine.Debug:ExtractStackTraceNoAlloc (byte*,int,string)
UnityEngine.StackTraceUtility:ExtractStackTrace ()
UnityEngine.Object:Destroy (UnityEngine.Object,single)
UnityEngine.Object:Destroy (UnityEngine.Object)
QuizBattle.Arena.CharacterToken:CreateHpBar (UnityEngine.Transform,UnityEngine.Color) (at Assets/Scripts/Arena/CharacterToken.cs:142)
QuizBattle.Arena.CharacterToken:Create (string,QuizBattle.Characters.CharacterVisual&,UnityEngine.Vector3) (at Assets/Scripts/Arena/CharacterToken.cs:61)
QuizBattle.GameState.GameManager:RunAutoPlayMatch (int,int) (at Assets/Scripts/GameState/GameManager.cs:75)
ArenaDemoRunner:RunScenario (string,int,int,string) (at Assets/Editor/ArenaDemoRunner.cs:40)
ArenaDemoRunner:Run () (at Assets/Editor/ArenaDemoRunner.cs:21)

[Assets/Scripts/GameState/GameManager.cs line 75]

HpBarFill: Destroy may not be called from edit mode! Use DestroyImmediate instead.
Destroying an object in edit mode destroys it permanently
UnityEngine.Debug:ExtractStackTraceNoAlloc (byte*,int,string)
UnityEngine.StackTraceUtility:ExtractStackTrace ()
UnityEngine.Object:Destroy (UnityEngine.Object,single)
UnityEngine.Object:Destroy (UnityEngine.Object)
QuizBattle.Arena.CharacterToken:CreateHpBar (UnityEngine.Transform,UnityEngine.Color) (at Assets/Scripts/Arena/CharacterToken.cs:165)
QuizBattle.Arena.CharacterToken:Create (string,QuizBattle.Characters.CharacterVisual&,UnityEngine.Vector3) (at Assets/Scripts/Arena/CharacterToken.cs:61)
QuizBattle.GameState.GameManager:RunAutoPlayMatch (int,int) (at Assets/Scripts/GameState/GameManager.cs:75)
ArenaDemoRunner:RunScenario (string,int,int,string) (at Assets/Editor/ArenaDemoRunner.cs:40)
ArenaDemoRunner:Run () (at Assets/Editor/ArenaDemoRunner.cs:21)

[Assets/Scripts/GameState/GameManager.cs line 75]

FrozenRing: Destroy may not be called from edit mode! Use DestroyImmediate instead.
Destroying an object in edit mode destroys it permanently
UnityEngine.Debug:ExtractStackTraceNoAlloc (byte*,int,string)
UnityEngine.StackTraceUtility:ExtractStackTrace ()
UnityEngine.Object:Destroy (UnityEngine.Object,single)
UnityEngine.Object:Destroy (UnityEngine.Object)
QuizBattle.Arena.CharacterToken:CreateFrozenIndicator (UnityEngine.Transform) (at Assets/Scripts/Arena/CharacterToken.cs:88)
QuizBattle.Arena.CharacterToken:Create (string,QuizBattle.Characters.CharacterVisual&,UnityEngine.Vector3) (at Assets/Scripts/Arena/CharacterToken.cs:62)
QuizBattle.GameState.GameManager:RunAutoPlayMatch (int,int) (at Assets/Scripts/GameState/GameManager.cs:75)
ArenaDemoRunner:RunScenario (string,int,int,string) (at Assets/Editor/ArenaDemoRunner.cs:40)
ArenaDemoRunner:Run () (at Assets/Editor/ArenaDemoRunner.cs:21)

[Assets/Scripts/GameState/GameManager.cs line 75]

BlobShadow: Destroy may not be called from edit mode! Use DestroyImmediate instead.
Destroying an object in edit mode destroys it permanently
UnityEngine.Debug:ExtractStackTraceNoAlloc (byte*,int,string)
UnityEngine.StackTraceUtility:ExtractStackTrace ()
UnityEngine.Object:Destroy (UnityEngine.Object,single)
UnityEngine.Object:Destroy (UnityEngine.Object)
QuizBattle.Arena.Visuals.CharacterVisualBuilder:CreatePrimitivePart (UnityEngine.Transform,string,UnityEngine.PrimitiveType,UnityEngine.Vector3,UnityEngine.Quaternion,UnityEngine.Vector3,UnityEngine.Material,System.Collections.Generic.List`1<UnityEngine.Renderer>) (at Assets/Scripts/Arena/Visuals/CharacterVisualBuilder.cs:317)
QuizBattle.Arena.Visuals.CharacterVisualBuilder:AddGroundDisc (UnityEngine.Transform,UnityEngine.Color,System.Collections.Generic.List`1<UnityEngine.Renderer>,single) (at Assets/Scripts/Arena/Visuals/CharacterVisualBuilder.cs:284)
QuizBattle.Arena.Visuals.CharacterVisualBuilder:BuildWind (UnityEngine.Transform,QuizBattle.Characters.CharacterVisual&,System.Collections.Generic.List`1<UnityEngine.Renderer>,QuizBattle.Arena.Visuals.TokenIdleAnimator) (at Assets/Scripts/Arena/Visuals/CharacterVisualBuilder.cs:258)
QuizBattle.Arena.Visuals.CharacterVisualBuilder:Build (QuizBattle.Characters.CharacterVisual&,UnityEngine.Transform) (at Assets/Scripts/Arena/Visuals/CharacterVisualBuilder.cs:59)
QuizBattle.Arena.CharacterToken:Create (string,QuizBattle.Characters.CharacterVisual&,UnityEngine.Vector3) (at Assets/Scripts/Arena/CharacterToken.cs:53)
QuizBattle.GameState.GameManager:RunAutoPlayMatch (int,int) (at Assets/Scripts/GameState/GameManager.cs:75)
ArenaDemoRunner:RunScenario (string,int,int,string) (at Assets/Editor/ArenaDemoRunner.cs:40)
ArenaDemoRunner:Run () (at Assets/Editor/ArenaDemoRunner.cs:21)

[Assets/Scripts/GameState/GameManager.cs line 75]

Instantiating material due to calling renderer.material during edit mode. This will leak materials into the scene. You most likely want to use renderer.sharedMaterial instead.
UnityEngine.Debug:ExtractStackTraceNoAlloc (byte*,int,string)
UnityEngine.StackTraceUtility:ExtractStackTrace ()
UnityEngine.Renderer:GetMaterial ()
UnityEngine.Renderer:get_material ()
TMPro.TextMeshPro:SetOutlineThickness (single) (at ./Library/PackageCache/com.unity.ugui@67707a67a4ab/Runtime/TMP/TextMeshPro.cs:1318)
TMPro.TMP_Text:set_outlineWidth (single) (at ./Library/PackageCache/com.unity.ugui@67707a67a4ab/Runtime/TMP/TMP_Text.cs:450)
QuizBattle.Arena.CharacterToken:CreateNameLabel (UnityEngine.Transform) (at Assets/Scripts/Arena/CharacterToken.cs:106)
QuizBattle.Arena.CharacterToken:Create (string,QuizBattle.Characters.CharacterVisual&,UnityEngine.Vector3) (at Assets/Scripts/Arena/CharacterToken.cs:60)
QuizBattle.GameState.GameManager:RunAutoPlayMatch (int,int) (at Assets/Scripts/GameState/GameManager.cs:75)
ArenaDemoRunner:RunScenario (string,int,int,string) (at Assets/Editor/ArenaDemoRunner.cs:40)
ArenaDemoRunner:Run () (at Assets/Editor/ArenaDemoRunner.cs:21)

[Assets/Scripts/GameState/GameManager.cs line 75]

HpBarFrame: Destroy may not be called from edit mode! Use DestroyImmediate instead.
Destroying an object in edit mode destroys it permanently
UnityEngine.Debug:ExtractStackTraceNoAlloc (byte*,int,string)
UnityEngine.StackTraceUtility:ExtractStackTrace ()
UnityEngine.Object:Destroy (UnityEngine.Object,single)
UnityEngine.Object:Destroy (UnityEngine.Object)
QuizBattle.Arena.CharacterToken:CreateHpBar (UnityEngine.Transform,UnityEngine.Color) (at Assets/Scripts/Arena/CharacterToken.cs:123)
QuizBattle.Arena.CharacterToken:Create (string,QuizBattle.Characters.CharacterVisual&,UnityEngine.Vector3) (at Assets/Scripts/Arena/CharacterToken.cs:61)
QuizBattle.GameState.GameManager:RunAutoPlayMatch (int,int) (at Assets/Scripts/GameState/GameManager.cs:75)
ArenaDemoRunner:RunScenario (string,int,int,string) (at Assets/Editor/ArenaDemoRunner.cs:40)
ArenaDemoRunner:Run () (at Assets/Editor/ArenaDemoRunner.cs:21)

[Assets/Scripts/GameState/GameManager.cs line 75]

HpBarBg: Destroy may not be called from edit mode! Use DestroyImmediate instead.
Destroying an object in edit mode destroys it permanently
UnityEngine.Debug:ExtractStackTraceNoAlloc (byte*,int,string)
UnityEngine.StackTraceUtility:ExtractStackTrace ()
UnityEngine.Object:Destroy (UnityEngine.Object,single)
UnityEngine.Object:Destroy (UnityEngine.Object)
QuizBattle.Arena.CharacterToken:CreateHpBar (UnityEngine.Transform,UnityEngine.Color) (at Assets/Scripts/Arena/CharacterToken.cs:142)
QuizBattle.Arena.CharacterToken:Create (string,QuizBattle.Characters.CharacterVisual&,UnityEngine.Vector3) (at Assets/Scripts/Arena/CharacterToken.cs:61)
QuizBattle.GameState.GameManager:RunAutoPlayMatch (int,int) (at Assets/Scripts/GameState/GameManager.cs:75)
ArenaDemoRunner:RunScenario (string,int,int,string) (at Assets/Editor/ArenaDemoRunner.cs:40)
ArenaDemoRunner:Run () (at Assets/Editor/ArenaDemoRunner.cs:21)

[Assets/Scripts/GameState/GameManager.cs line 75]

HpBarFill: Destroy may not be called from edit mode! Use DestroyImmediate instead.
Destroying an object in edit mode destroys it permanently
UnityEngine.Debug:ExtractStackTraceNoAlloc (byte*,int,string)
UnityEngine.StackTraceUtility:ExtractStackTrace ()
UnityEngine.Object:Destroy (UnityEngine.Object,single)
UnityEngine.Object:Destroy (UnityEngine.Object)
QuizBattle.Arena.CharacterToken:CreateHpBar (UnityEngine.Transform,UnityEngine.Color) (at Assets/Scripts/Arena/CharacterToken.cs:165)
QuizBattle.Arena.CharacterToken:Create (string,QuizBattle.Characters.CharacterVisual&,UnityEngine.Vector3) (at Assets/Scripts/Arena/CharacterToken.cs:61)
QuizBattle.GameState.GameManager:RunAutoPlayMatch (int,int) (at Assets/Scripts/GameState/GameManager.cs:75)
ArenaDemoRunner:RunScenario (string,int,int,string) (at Assets/Editor/ArenaDemoRunner.cs:40)
ArenaDemoRunner:Run () (at Assets/Editor/ArenaDemoRunner.cs:21)

[Assets/Scripts/GameState/GameManager.cs line 75]

FrozenRing: Destroy may not be called from edit mode! Use DestroyImmediate instead.
Destroying an object in edit mode destroys it permanently
UnityEngine.Debug:ExtractStackTraceNoAlloc (byte*,int,string)
UnityEngine.StackTraceUtility:ExtractStackTrace ()
UnityEngine.Object:Destroy (UnityEngine.Object,single)
UnityEngine.Object:Destroy (UnityEngine.Object)
QuizBattle.Arena.CharacterToken:CreateFrozenIndicator (UnityEngine.Transform) (at Assets/Scripts/Arena/CharacterToken.cs:88)
QuizBattle.Arena.CharacterToken:Create (string,QuizBattle.Characters.CharacterVisual&,UnityEngine.Vector3) (at Assets/Scripts/Arena/CharacterToken.cs:62)
QuizBattle.GameState.GameManager:RunAutoPlayMatch (int,int) (at Assets/Scripts/GameState/GameManager.cs:75)
ArenaDemoRunner:RunScenario (string,int,int,string) (at Assets/Editor/ArenaDemoRunner.cs:40)
ArenaDemoRunner:Run () (at Assets/Editor/ArenaDemoRunner.cs:21)

[Assets/Scripts/GameState/GameManager.cs line 75]

Vfx_Streaks: Destroy may not be called from edit mode! Use DestroyImmediate instead.
Destroying an object in edit mode destroys it permanently
UnityEngine.Debug:ExtractStackTraceNoAlloc (byte*,int,string)
UnityEngine.StackTraceUtility:ExtractStackTrace ()
UnityEngine.Object:Destroy (UnityEngine.Object,single)
QuizBattle.Arena.Vfx.ParticleFactory:Streaks (UnityEngine.Vector3,UnityEngine.Vector3,UnityEngine.Color,single,int) (at Assets/Scripts/Arena/Vfx/ParticleFactory.cs:103)
QuizBattle.Arena.Vfx.AbilityVfxPlayer:PlayBasicStrike (UnityEngine.Vector3,UnityEngine.Vector3,System.Collections.Generic.List`1<UnityEngine.ParticleSystem>) (at Assets/Scripts/Arena/Vfx/AbilityVfxPlayer.cs:90)
QuizBattle.Arena.Vfx.AbilityVfxPlayer:Play (string,UnityEngine.Vector3,UnityEngine.Vector3,bool) (at Assets/Scripts/Arena/Vfx/AbilityVfxPlayer.cs:40)
QuizBattle.GameState.GameManager:HandleReward (QuizBattle.GameState.MockEngine.PlayerState,QuizBattle.GameState.MockEngine.PendingReward,System.Random) (at Assets/Scripts/GameState/GameManager.cs:134)
QuizBattle.GameState.GameManager:RunAutoPlayMatch (int,int) (at Assets/Scripts/GameState/GameManager.cs:105)
ArenaDemoRunner:RunScenario (string,int,int,string) (at Assets/Editor/ArenaDemoRunner.cs:40)
ArenaDemoRunner:Run () (at Assets/Editor/ArenaDemoRunner.cs:21)

[Assets/Scripts/GameState/GameManager.cs line 134]

Vfx_Burst: Destroy may not be called from edit mode! Use DestroyImmediate instead.
Destroying an object in edit mode destroys it permanently
UnityEngine.Debug:ExtractStackTraceNoAlloc (byte*,int,string)
UnityEngine.StackTraceUtility:ExtractStackTrace ()
UnityEngine.Object:Destroy (UnityEngine.Object,single)
QuizBattle.Arena.Vfx.ParticleFactory:Burst (UnityEngine.Vector3,UnityEngine.Color,single,int,single,single) (at Assets/Scripts/Arena/Vfx/ParticleFactory.cs:51)
QuizBattle.Arena.Vfx.AbilityVfxPlayer:PlayBasicStrike (UnityEngine.Vector3,UnityEngine.Vector3,System.Collections.Generic.List`1<UnityEngine.ParticleSystem>) (at Assets/Scripts/Arena/Vfx/AbilityVfxPlayer.cs:91)
QuizBattle.Arena.Vfx.AbilityVfxPlayer:Play (string,UnityEngine.Vector3,UnityEngine.Vector3,bool) (at Assets/Scripts/Arena/Vfx/AbilityVfxPlayer.cs:40)
QuizBattle.GameState.GameManager:HandleReward (QuizBattle.GameState.MockEngine.PlayerState,QuizBattle.GameState.MockEngine.PendingReward,System.Random) (at Assets/Scripts/GameState/GameManager.cs:134)
QuizBattle.GameState.GameManager:RunAutoPlayMatch (int,int) (at Assets/Scripts/GameState/GameManager.cs:105)
ArenaDemoRunner:RunScenario (string,int,int,string) (at Assets/Editor/ArenaDemoRunner.cs:40)
ArenaDemoRunner:Run () (at Assets/Editor/ArenaDemoRunner.cs:21)

[Assets/Scripts/GameState/GameManager.cs line 134]

Vfx_Beam: Destroy may not be called from edit mode! Use DestroyImmediate instead.
Destroying an object in edit mode destroys it permanently
UnityEngine.Debug:ExtractStackTraceNoAlloc (byte*,int,string)
UnityEngine.StackTraceUtility:ExtractStackTrace ()
UnityEngine.Object:Destroy (UnityEngine.Object,single)
UnityEngine.Object:Destroy (UnityEngine.Object)
QuizBattle.Arena.Vfx.ParticleFactory:Beam (UnityEngine.Vector3,UnityEngine.Vector3,UnityEngine.Color,single,single) (at Assets/Scripts/Arena/Vfx/ParticleFactory.cs:162)
QuizBattle.Arena.Vfx.AbilityVfxPlayer:PlayLifeDrain (UnityEngine.Vector3,UnityEngine.Vector3,System.Collections.Generic.List`1<UnityEngine.ParticleSystem>) (at Assets/Scripts/Arena/Vfx/AbilityVfxPlayer.cs:73)
QuizBattle.Arena.Vfx.AbilityVfxPlayer:Play (string,UnityEngine.Vector3,UnityEngine.Vector3,bool) (at Assets/Scripts/Arena/Vfx/AbilityVfxPlayer.cs:33)
QuizBattle.GameState.GameManager:HandleReward (QuizBattle.GameState.MockEngine.PlayerState,QuizBattle.GameState.MockEngine.PendingReward,System.Random) (at Assets/Scripts/GameState/GameManager.cs:134)
QuizBattle.GameState.GameManager:RunAutoPlayMatch (int,int) (at Assets/Scripts/GameState/GameManager.cs:105)
ArenaDemoRunner:RunScenario (string,int,int,string) (at Assets/Editor/ArenaDemoRunner.cs:40)
ArenaDemoRunner:Run () (at Assets/Editor/ArenaDemoRunner.cs:21)

[Assets/Scripts/GameState/GameManager.cs line 134]

Vfx_Beam: Destroy may not be called from edit mode! Use DestroyImmediate instead.
Destroying an object in edit mode destroys it permanently
UnityEngine.Debug:ExtractStackTraceNoAlloc (byte*,int,string)
UnityEngine.StackTraceUtility:ExtractStackTrace ()
UnityEngine.Object:Destroy (UnityEngine.Object,single)
QuizBattle.Arena.Vfx.ParticleFactory:Beam (UnityEngine.Vector3,UnityEngine.Vector3,UnityEngine.Color,single,single) (at Assets/Scripts/Arena/Vfx/ParticleFactory.cs:177)
QuizBattle.Arena.Vfx.AbilityVfxPlayer:PlayLifeDrain (UnityEngine.Vector3,UnityEngine.Vector3,System.Collections.Generic.List`1<UnityEngine.ParticleSystem>) (at Assets/Scripts/Arena/Vfx/AbilityVfxPlayer.cs:73)
QuizBattle.Arena.Vfx.AbilityVfxPlayer:Play (string,UnityEngine.Vector3,UnityEngine.Vector3,bool) (at Assets/Scripts/Arena/Vfx/AbilityVfxPlayer.cs:33)
QuizBattle.GameState.GameManager:HandleReward (QuizBattle.GameState.MockEngine.PlayerState,QuizBattle.GameState.MockEngine.PendingReward,System.Random) (at Assets/Scripts/GameState/GameManager.cs:134)
QuizBattle.GameState.GameManager:RunAutoPlayMatch (int,int) (at Assets/Scripts/GameState/GameManager.cs:105)
ArenaDemoRunner:RunScenario (string,int,int,string) (at Assets/Editor/ArenaDemoRunner.cs:40)
ArenaDemoRunner:Run () (at Assets/Editor/ArenaDemoRunner.cs:21)

[Assets/Scripts/GameState/GameManager.cs line 134]

Vfx_Burst: Destroy may not be called from edit mode! Use DestroyImmediate instead.
Destroying an object in edit mode destroys it permanently
UnityEngine.Debug:ExtractStackTraceNoAlloc (byte*,int,string)
UnityEngine.StackTraceUtility:ExtractStackTrace ()
UnityEngine.Object:Destroy (UnityEngine.Object,single)
QuizBattle.Arena.Vfx.ParticleFactory:Burst (UnityEngine.Vector3,UnityEngine.Color,single,int,single,single) (at Assets/Scripts/Arena/Vfx/ParticleFactory.cs:51)
QuizBattle.Arena.Vfx.AbilityVfxPlayer:PlayLifeDrain (UnityEngine.Vector3,UnityEngine.Vector3,System.Collections.Generic.List`1<UnityEngine.ParticleSystem>) (at Assets/Scripts/Arena/Vfx/AbilityVfxPlayer.cs:74)
QuizBattle.Arena.Vfx.AbilityVfxPlayer:Play (string,UnityEngine.Vector3,UnityEngine.Vector3,bool) (at Assets/Scripts/Arena/Vfx/AbilityVfxPlayer.cs:33)
QuizBattle.GameState.GameManager:HandleReward (QuizBattle.GameState.MockEngine.PlayerState,QuizBattle.GameState.MockEngine.PendingReward,System.Random) (at Assets/Scripts/GameState/GameManager.cs:134)
QuizBattle.GameState.GameManager:RunAutoPlayMatch (int,int) (at Assets/Scripts/GameState/GameManager.cs:105)
ArenaDemoRunner:RunScenario (string,int,int,string) (at Assets/Editor/ArenaDemoRunner.cs:40)
ArenaDemoRunner:Run () (at Assets/Editor/ArenaDemoRunner.cs:21)

[Assets/Scripts/GameState/GameManager.cs line 134]

[ArenaDemoRunner:race-path] PASSED — winner=1 reason=Goal
UnityEngine.Debug:ExtractStackTraceNoAlloc (byte*,int,string)
UnityEngine.StackTraceUtility:ExtractStackTrace ()
UnityEngine.DebugLogHandler:Internal_Log (UnityEngine.LogType,UnityEngine.LogOption,string,UnityEngine.Object)
UnityEngine.DebugLogHandler:LogFormat (UnityEngine.LogType,UnityEngine.Object,string,object[])
UnityEngine.Logger:Log (UnityEngine.LogType,object)
UnityEngine.Debug:Log (object)
ArenaDemoRunner:RunScenario (string,int,int,string) (at Assets/Editor/ArenaDemoRunner.cs:48)
ArenaDemoRunner:Run () (at Assets/Editor/ArenaDemoRunner.cs:21)

(Filename: Assets/Editor/ArenaDemoRunner.cs Line: 48)

Worker ready: AssetImportWorkerHW0 0
[ArenaDemoRunner] screenshot saved to D:/temp\arena-demo-race-path.png
UnityEngine.Debug:ExtractStackTraceNoAlloc (byte*,int,string)
UnityEngine.StackTraceUtility:ExtractStackTrace ()
UnityEngine.DebugLogHandler:Internal_Log (UnityEngine.LogType,UnityEngine.LogOption,string,UnityEngine.Object)
UnityEngine.DebugLogHandler:LogFormat (UnityEngine.LogType,UnityEngine.Object,string,object[])
UnityEngine.Logger:Log (UnityEngine.LogType,object)
UnityEngine.Debug:Log (object)
ArenaDemoRunner:CaptureScreenshot (string) (at Assets/Editor/ArenaDemoRunner.cs:137)
ArenaDemoRunner:RunScenario (string,int,int,string) (at Assets/Editor/ArenaDemoRunner.cs:50)
ArenaDemoRunner:Run () (at Assets/Editor/ArenaDemoRunner.cs:21)

(Filename: Assets/Editor/ArenaDemoRunner.cs Line: 137)

Unloading 41 Unused Serialized files (Serialized files now loaded: 0)
Unloading 1166 unused Assets / (1.4 MB). Loaded Objects now: 4454.
Memory consumption went from 363.2 MB to 361.8 MB.
Total: 13.670700 ms (FindLiveObjects: 0.446400 ms CreateObjectMapping: 0.967200 ms MarkObjects: 10.973100 ms  DeleteObjects: 1.282800 ms)

Tile_0_0: Destroy may not be called from edit mode! Use DestroyImmediate instead.
Destroying an object in edit mode destroys it permanently
UnityEngine.Debug:ExtractStackTraceNoAlloc (byte*,int,string)
UnityEngine.StackTraceUtility:ExtractStackTrace ()
UnityEngine.Object:Destroy (UnityEngine.Object,single)
UnityEngine.Object:Destroy (UnityEngine.Object)
QuizBattle.Arena.GridController:CreateTile (int,int,UnityEngine.Color) (at Assets/Scripts/Arena/GridController.cs:59)
QuizBattle.Arena.GridController:BuildGrid (int,int,int) (at Assets/Scripts/Arena/GridController.cs:42)
QuizBattle.GameState.GameManager:RunAutoPlayMatch (int,int) (at Assets/Scripts/GameState/GameManager.cs:66)
ArenaDemoRunner:RunScenario (string,int,int,string) (at Assets/Editor/ArenaDemoRunner.cs:40)
ArenaDemoRunner:Run () (at Assets/Editor/ArenaDemoRunner.cs:22)

[Assets/Scripts/Arena/GridController.cs line 42]

Tile_0_1: Destroy may not be called from edit mode! Use DestroyImmediate instead.
Destroying an object in edit mode destroys it permanently
UnityEngine.Debug:ExtractStackTraceNoAlloc (byte*,int,string)
UnityEngine.StackTraceUtility:ExtractStackTrace ()
UnityEngine.Object:Destroy (UnityEngine.Object,single)
UnityEngine.Object:Destroy (UnityEngine.Object)
QuizBattle.Arena.GridController:CreateTile (int,int,UnityEngine.Color) (at Assets/Scripts/Arena/GridController.cs:59)
QuizBattle.Arena.GridController:BuildGrid (int,int,int) (at Assets/Scripts/Arena/GridController.cs:42)
QuizBattle.GameState.GameManager:RunAutoPlayMatch (int,int) (at Assets/Scripts/GameState/GameManager.cs:66)
ArenaDemoRunner:RunScenario (string,int,int,string) (at Assets/Editor/ArenaDemoRunner.cs:40)
ArenaDemoRunner:Run () (at Assets/Editor/ArenaDemoRunner.cs:22)

[Assets/Scripts/Arena/GridController.cs line 42]

Tile_0_2: Destroy may not be called from edit mode! Use DestroyImmediate instead.
Destroying an object in edit mode destroys it permanently
UnityEngine.Debug:ExtractStackTraceNoAlloc (byte*,int,string)
UnityEngine.StackTraceUtility:ExtractStackTrace ()
UnityEngine.Object:Destroy (UnityEngine.Object,single)
UnityEngine.Object:Destroy (UnityEngine.Object)
QuizBattle.Arena.GridController:CreateTile (int,int,UnityEngine.Color) (at Assets/Scripts/Arena/GridController.cs:59)
QuizBattle.Arena.GridController:BuildGrid (int,int,int) (at Assets/Scripts/Arena/GridController.cs:42)
QuizBattle.GameState.GameManager:RunAutoPlayMatch (int,int) (at Assets/Scripts/GameState/GameManager.cs:66)
ArenaDemoRunner:RunScenario (string,int,int,string) (at Assets/Editor/ArenaDemoRunner.cs:40)
ArenaDemoRunner:Run () (at Assets/Editor/ArenaDemoRunner.cs:22)

[Assets/Scripts/Arena/GridController.cs line 42]

Tile_0_3: Destroy may not be called from edit mode! Use DestroyImmediate instead.
Destroying an object in edit mode destroys it permanently
UnityEngine.Debug:ExtractStackTraceNoAlloc (byte*,int,string)
UnityEngine.StackTraceUtility:ExtractStackTrace ()
UnityEngine.Object:Destroy (UnityEngine.Object,single)
UnityEngine.Object:Destroy (UnityEngine.Object)
QuizBattle.Arena.GridController:CreateTile (int,int,UnityEngine.Color) (at Assets/Scripts/Arena/GridController.cs:59)
QuizBattle.Arena.GridController:BuildGrid (int,int,int) (at Assets/Scripts/Arena/GridController.cs:42)
QuizBattle.GameState.GameManager:RunAutoPlayMatch (int,int) (at Assets/Scripts/GameState/GameManager.cs:66)
ArenaDemoRunner:RunScenario (string,int,int,string) (at Assets/Editor/ArenaDemoRunner.cs:40)
ArenaDemoRunner:Run () (at Assets/Editor/ArenaDemoRunner.cs:22)

[Assets/Scripts/Arena/GridController.cs line 42]

Tile_0_4: Destroy may not be called from edit mode! Use DestroyImmediate instead.
Destroying an object in edit mode destroys it permanently
UnityEngine.Debug:ExtractStackTraceNoAlloc (byte*,int,string)
UnityEngine.StackTraceUtility:ExtractStackTrace ()
UnityEngine.Object:Destroy (UnityEngine.Object,single)
UnityEngine.Object:Destroy (UnityEngine.Object)
QuizBattle.Arena.GridController:CreateTile (int,int,UnityEngine.Color) (at Assets/Scripts/Arena/GridController.cs:59)
QuizBattle.Arena.GridController:BuildGrid (int,int,int) (at Assets/Scripts/Arena/GridController.cs:42)
QuizBattle.GameState.GameManager:RunAutoPlayMatch (int,int) (at Assets/Scripts/GameState/GameManager.cs:66)
ArenaDemoRunner:RunScenario (string,int,int,string) (at Assets/Editor/ArenaDemoRunner.cs:40)
ArenaDemoRunner:Run () (at Assets/Editor/ArenaDemoRunner.cs:22)

[Assets/Scripts/Arena/GridController.cs line 42]

Tile_0_5: Destroy may not be called from edit mode! Use DestroyImmediate instead.
Destroying an object in edit mode destroys it permanently
UnityEngine.Debug:ExtractStackTraceNoAlloc (byte*,int,string)
UnityEngine.StackTraceUtility:ExtractStackTrace ()
UnityEngine.Object:Destroy (UnityEngine.Object,single)
UnityEngine.Object:Destroy (UnityEngine.Object)
QuizBattle.Arena.GridController:CreateTile (int,int,UnityEngine.Color) (at Assets/Scripts/Arena/GridController.cs:59)
QuizBattle.Arena.GridController:BuildGrid (int,int,int) (at Assets/Scripts/Arena/GridController.cs:42)
QuizBattle.GameState.GameManager:RunAutoPlayMatch (int,int) (at Assets/Scripts/GameState/GameManager.cs:66)
ArenaDemoRunner:RunScenario (string,int,int,string) (at Assets/Editor/ArenaDemoRunner.cs:40)
ArenaDemoRunner:Run () (at Assets/Editor/ArenaDemoRunner.cs:22)

[Assets/Scripts/Arena/GridController.cs line 42]

ZoneGlow_0_5: Destroy may not be called from edit mode! Use DestroyImmediate instead.
Destroying an object in edit mode destroys it permanently
UnityEngine.Debug:ExtractStackTraceNoAlloc (byte*,int,string)
UnityEngine.StackTraceUtility:ExtractStackTrace ()
UnityEngine.Object:Destroy (UnityEngine.Object,single)
UnityEngine.Object:Destroy (UnityEngine.Object)
QuizBattle.Arena.GridController:CreateZoneGlow (int,int,bool,bool) (at Assets/Scripts/Arena/GridController.cs:100)
QuizBattle.Arena.GridController:BuildGrid (int,int,int) (at Assets/Scripts/Arena/GridController.cs:43)
QuizBattle.GameState.GameManager:RunAutoPlayMatch (int,int) (at Assets/Scripts/GameState/GameManager.cs:66)
ArenaDemoRunner:RunScenario (string,int,int,string) (at Assets/Editor/ArenaDemoRunner.cs:40)
ArenaDemoRunner:Run () (at Assets/Editor/ArenaDemoRunner.cs:22)

[Assets/Scripts/Arena/GridController.cs line 100]

Pillar: Destroy may not be called from edit mode! Use DestroyImmediate instead.
Destroying an object in edit mode destroys it permanently
UnityEngine.Debug:ExtractStackTraceNoAlloc (byte*,int,string)
UnityEngine.StackTraceUtility:ExtractStackTrace ()
UnityEngine.Object:Destroy (UnityEngine.Object,single)
UnityEngine.Object:Destroy (UnityEngine.Object)
QuizBattle.Arena.GridController:CreateGoalPost (int,int,bool) (at Assets/Scripts/Arena/GridController.cs:127)
QuizBattle.Arena.GridController:CreateZoneGlow (int,int,bool,bool) (at Assets/Scripts/Arena/GridController.cs:107)
QuizBattle.Arena.GridController:BuildGrid (int,int,int) (at Assets/Scripts/Arena/GridController.cs:43)
QuizBattle.GameState.GameManager:RunAutoPlayMatch (int,int) (at Assets/Scripts/GameState/GameManager.cs:66)
ArenaDemoRunner:RunScenario (string,int,int,string) (at Assets/Editor/ArenaDemoRunner.cs:40)
ArenaDemoRunner:Run () (at Assets/Editor/ArenaDemoRunner.cs:22)

[Assets/Scripts/Arena/GridController.cs line 127]

CrownCap: Destroy may not be called from edit mode! Use DestroyImmediate instead.
Destroying an object in edit mode destroys it permanently
UnityEngine.Debug:ExtractStackTraceNoAlloc (byte*,int,string)
UnityEngine.StackTraceUtility:ExtractStackTrace ()
UnityEngine.Object:Destroy (UnityEngine.Object,single)
UnityEngine.Object:Destroy (UnityEngine.Object)
QuizBattle.Arena.GridController:CreateGoalPost (int,int,bool) (at Assets/Scripts/Arena/GridController.cs:136)
QuizBattle.Arena.GridController:CreateZoneGlow (int,int,bool,bool) (at Assets/Scripts/Arena/GridController.cs:107)
QuizBattle.Arena.GridController:BuildGrid (int,int,int) (at Assets/Scripts/Arena/GridController.cs:43)
QuizBattle.GameState.GameManager:RunAutoPlayMatch (int,int) (at Assets/Scripts/GameState/GameManager.cs:66)
ArenaDemoRunner:RunScenario (string,int,int,string) (at Assets/Editor/ArenaDemoRunner.cs:40)
ArenaDemoRunner:Run () (at Assets/Editor/ArenaDemoRunner.cs:22)

[Assets/Scripts/Arena/GridController.cs line 136]

Tile_1_0: Destroy may not be called from edit mode! Use DestroyImmediate instead.
Destroying an object in edit mode destroys it permanently
UnityEngine.Debug:ExtractStackTraceNoAlloc (byte*,int,string)
UnityEngine.StackTraceUtility:ExtractStackTrace ()
UnityEngine.Object:Destroy (UnityEngine.Object,single)
UnityEngine.Object:Destroy (UnityEngine.Object)
QuizBattle.Arena.GridController:CreateTile (int,int,UnityEngine.Color) (at Assets/Scripts/Arena/GridController.cs:59)
QuizBattle.Arena.GridController:BuildGrid (int,int,int) (at Assets/Scripts/Arena/GridController.cs:42)
QuizBattle.GameState.GameManager:RunAutoPlayMatch (int,int) (at Assets/Scripts/GameState/GameManager.cs:66)
ArenaDemoRunner:RunScenario (string,int,int,string) (at Assets/Editor/ArenaDemoRunner.cs:40)
ArenaDemoRunner:Run () (at Assets/Editor/ArenaDemoRunner.cs:22)

[Assets/Scripts/Arena/GridController.cs line 42]

Tile_1_1: Destroy may not be called from edit mode! Use DestroyImmediate instead.
Destroying an object in edit mode destroys it permanently
UnityEngine.Debug:ExtractStackTraceNoAlloc (byte*,int,string)
UnityEngine.StackTraceUtility:ExtractStackTrace ()
UnityEngine.Object:Destroy (UnityEngine.Object,single)
UnityEngine.Object:Destroy (UnityEngine.Object)
QuizBattle.Arena.GridController:CreateTile (int,int,UnityEngine.Color) (at Assets/Scripts/Arena/GridController.cs:59)
QuizBattle.Arena.GridController:BuildGrid (int,int,int) (at Assets/Scripts/Arena/GridController.cs:42)
QuizBattle.GameState.GameManager:RunAutoPlayMatch (int,int) (at Assets/Scripts/GameState/GameManager.cs:66)
ArenaDemoRunner:RunScenario (string,int,int,string) (at Assets/Editor/ArenaDemoRunner.cs:40)
ArenaDemoRunner:Run () (at Assets/Editor/ArenaDemoRunner.cs:22)

[Assets/Scripts/Arena/GridController.cs line 42]

Tile_1_2: Destroy may not be called from edit mode! Use DestroyImmediate instead.
Destroying an object in edit mode destroys it permanently
UnityEngine.Debug:ExtractStackTraceNoAlloc (byte*,int,string)
UnityEngine.StackTraceUtility:ExtractStackTrace ()
UnityEngine.Object:Destroy (UnityEngine.Object,single)
UnityEngine.Object:Destroy (UnityEngine.Object)
QuizBattle.Arena.GridController:CreateTile (int,int,UnityEngine.Color) (at Assets/Scripts/Arena/GridController.cs:59)
QuizBattle.Arena.GridController:BuildGrid (int,int,int) (at Assets/Scripts/Arena/GridController.cs:42)
QuizBattle.GameState.GameManager:RunAutoPlayMatch (int,int) (at Assets/Scripts/GameState/GameManager.cs:66)
ArenaDemoRunner:RunScenario (string,int,int,string) (at Assets/Editor/ArenaDemoRunner.cs:40)
ArenaDemoRunner:Run () (at Assets/Editor/ArenaDemoRunner.cs:22)

[Assets/Scripts/Arena/GridController.cs line 42]

Tile_1_3: Destroy may not be called from edit mode! Use DestroyImmediate instead.
Destroying an object in edit mode destroys it permanently
UnityEngine.Debug:ExtractStackTraceNoAlloc (byte*,int,string)
UnityEngine.StackTraceUtility:ExtractStackTrace ()
UnityEngine.Object:Destroy (UnityEngine.Object,single)
UnityEngine.Object:Destroy (UnityEngine.Object)
QuizBattle.Arena.GridController:CreateTile (int,int,UnityEngine.Color) (at Assets/Scripts/Arena/GridController.cs:59)
QuizBattle.Arena.GridController:BuildGrid (int,int,int) (at Assets/Scripts/Arena/GridController.cs:42)
QuizBattle.GameState.GameManager:RunAutoPlayMatch (int,int) (at Assets/Scripts/GameState/GameManager.cs:66)
ArenaDemoRunner:RunScenario (string,int,int,string) (at Assets/Editor/ArenaDemoRunner.cs:40)
ArenaDemoRunner:Run () (at Assets/Editor/ArenaDemoRunner.cs:22)

[Assets/Scripts/Arena/GridController.cs line 42]

Tile_1_4: Destroy may not be called from edit mode! Use DestroyImmediate instead.
Destroying an object in edit mode destroys it permanently
UnityEngine.Debug:ExtractStackTraceNoAlloc (byte*,int,string)
UnityEngine.StackTraceUtility:ExtractStackTrace ()
UnityEngine.Object:Destroy (UnityEngine.Object,single)
UnityEngine.Object:Destroy (UnityEngine.Object)
QuizBattle.Arena.GridController:CreateTile (int,int,UnityEngine.Color) (at Assets/Scripts/Arena/GridController.cs:59)
QuizBattle.Arena.GridController:BuildGrid (int,int,int) (at Assets/Scripts/Arena/GridController.cs:42)
QuizBattle.GameState.GameManager:RunAutoPlayMatch (int,int) (at Assets/Scripts/GameState/GameManager.cs:66)
ArenaDemoRunner:RunScenario (string,int,int,string) (at Assets/Editor/ArenaDemoRunner.cs:40)
ArenaDemoRunner:Run () (at Assets/Editor/ArenaDemoRunner.cs:22)

[Assets/Scripts/Arena/GridController.cs line 42]

Tile_1_5: Destroy may not be called from edit mode! Use DestroyImmediate instead.
Destroying an object in edit mode destroys it permanently
UnityEngine.Debug:ExtractStackTraceNoAlloc (byte*,int,string)
UnityEngine.StackTraceUtility:ExtractStackTrace ()
UnityEngine.Object:Destroy (UnityEngine.Object,single)
UnityEngine.Object:Destroy (UnityEngine.Object)
QuizBattle.Arena.GridController:CreateTile (int,int,UnityEngine.Color) (at Assets/Scripts/Arena/GridController.cs:59)
QuizBattle.Arena.GridController:BuildGrid (int,int,int) (at Assets/Scripts/Arena/GridController.cs:42)
QuizBattle.GameState.GameManager:RunAutoPlayMatch (int,int) (at Assets/Scripts/GameState/GameManager.cs:66)
ArenaDemoRunner:RunScenario (string,int,int,string) (at Assets/Editor/ArenaDemoRunner.cs:40)
ArenaDemoRunner:Run () (at Assets/Editor/ArenaDemoRunner.cs:22)

[Assets/Scripts/Arena/GridController.cs line 42]

ZoneGlow_1_5: Destroy may not be called from edit mode! Use DestroyImmediate instead.
Destroying an object in edit mode destroys it permanently
UnityEngine.Debug:ExtractStackTraceNoAlloc (byte*,int,string)
UnityEngine.StackTraceUtility:ExtractStackTrace ()
UnityEngine.Object:Destroy (UnityEngine.Object,single)
UnityEngine.Object:Destroy (UnityEngine.Object)
QuizBattle.Arena.GridController:CreateZoneGlow (int,int,bool,bool) (at Assets/Scripts/Arena/GridController.cs:100)
QuizBattle.Arena.GridController:BuildGrid (int,int,int) (at Assets/Scripts/Arena/GridController.cs:43)
QuizBattle.GameState.GameManager:RunAutoPlayMatch (int,int) (at Assets/Scripts/GameState/GameManager.cs:66)
ArenaDemoRunner:RunScenario (string,int,int,string) (at Assets/Editor/ArenaDemoRunner.cs:40)
ArenaDemoRunner:Run () (at Assets/Editor/ArenaDemoRunner.cs:22)

[Assets/Scripts/Arena/GridController.cs line 100]

Tile_2_0: Destroy may not be called from edit mode! Use DestroyImmediate instead.
Destroying an object in edit mode destroys it permanently
UnityEngine.Debug:ExtractStackTraceNoAlloc (byte*,int,string)
UnityEngine.StackTraceUtility:ExtractStackTrace ()
UnityEngine.Object:Destroy (UnityEngine.Object,single)
UnityEngine.Object:Destroy (UnityEngine.Object)
QuizBattle.Arena.GridController:CreateTile (int,int,UnityEngine.Color) (at Assets/Scripts/Arena/GridController.cs:59)
QuizBattle.Arena.GridController:BuildGrid (int,int,int) (at Assets/Scripts/Arena/GridController.cs:42)
QuizBattle.GameState.GameManager:RunAutoPlayMatch (int,int) (at Assets/Scripts/GameState/GameManager.cs:66)
ArenaDemoRunner:RunScenario (string,int,int,string) (at Assets/Editor/ArenaDemoRunner.cs:40)
ArenaDemoRunner:Run () (at Assets/Editor/ArenaDemoRunner.cs:22)

[Assets/Scripts/Arena/GridController.cs line 42]

Tile_2_1: Destroy may not be called from edit mode! Use DestroyImmediate instead.
Destroying an object in edit mode destroys it permanently
UnityEngine.Debug:ExtractStackTraceNoAlloc (byte*,int,string)
UnityEngine.StackTraceUtility:ExtractStackTrace ()
UnityEngine.Object:Destroy (UnityEngine.Object,single)
UnityEngine.Object:Destroy (UnityEngine.Object)
QuizBattle.Arena.GridController:CreateTile (int,int,UnityEngine.Color) (at Assets/Scripts/Arena/GridController.cs:59)
QuizBattle.Arena.GridController:BuildGrid (int,int,int) (at Assets/Scripts/Arena/GridController.cs:42)
QuizBattle.GameState.GameManager:RunAutoPlayMatch (int,int) (at Assets/Scripts/GameState/GameManager.cs:66)
ArenaDemoRunner:RunScenario (string,int,int,string) (at Assets/Editor/ArenaDemoRunner.cs:40)
ArenaDemoRunner:Run () (at Assets/Editor/ArenaDemoRunner.cs:22)

[Assets/Scripts/Arena/GridController.cs line 42]

Tile_2_2: Destroy may not be called from edit mode! Use DestroyImmediate instead.
Destroying an object in edit mode destroys it permanently
UnityEngine.Debug:ExtractStackTraceNoAlloc (byte*,int,string)
UnityEngine.StackTraceUtility:ExtractStackTrace ()
UnityEngine.Object:Destroy (UnityEngine.Object,single)
UnityEngine.Object:Destroy (UnityEngine.Object)
QuizBattle.Arena.GridController:CreateTile (int,int,UnityEngine.Color) (at Assets/Scripts/Arena/GridController.cs:59)
QuizBattle.Arena.GridController:BuildGrid (int,int,int) (at Assets/Scripts/Arena/GridController.cs:42)
QuizBattle.GameState.GameManager:RunAutoPlayMatch (int,int) (at Assets/Scripts/GameState/GameManager.cs:66)
ArenaDemoRunner:RunScenario (string,int,int,string) (at Assets/Editor/ArenaDemoRunner.cs:40)
ArenaDemoRunner:Run () (at Assets/Editor/ArenaDemoRunner.cs:22)

[Assets/Scripts/Arena/GridController.cs line 42]

Tile_2_3: Destroy may not be called from edit mode! Use DestroyImmediate instead.
Destroying an object in edit mode destroys it permanently
UnityEngine.Debug:ExtractStackTraceNoAlloc (byte*,int,string)
UnityEngine.StackTraceUtility:ExtractStackTrace ()
UnityEngine.Object:Destroy (UnityEngine.Object,single)
UnityEngine.Object:Destroy (UnityEngine.Object)
QuizBattle.Arena.GridController:CreateTile (int,int,UnityEngine.Color) (at Assets/Scripts/Arena/GridController.cs:59)
QuizBattle.Arena.GridController:BuildGrid (int,int,int) (at Assets/Scripts/Arena/GridController.cs:42)
QuizBattle.GameState.GameManager:RunAutoPlayMatch (int,int) (at Assets/Scripts/GameState/GameManager.cs:66)
ArenaDemoRunner:RunScenario (string,int,int,string) (at Assets/Editor/ArenaDemoRunner.cs:40)
ArenaDemoRunner:Run () (at Assets/Editor/ArenaDemoRunner.cs:22)

[Assets/Scripts/Arena/GridController.cs line 42]

Tile_2_4: Destroy may not be called from edit mode! Use DestroyImmediate instead.
Destroying an object in edit mode destroys it permanently
UnityEngine.Debug:ExtractStackTraceNoAlloc (byte*,int,string)
UnityEngine.StackTraceUtility:ExtractStackTrace ()
UnityEngine.Object:Destroy (UnityEngine.Object,single)
UnityEngine.Object:Destroy (UnityEngine.Object)
QuizBattle.Arena.GridController:CreateTile (int,int,UnityEngine.Color) (at Assets/Scripts/Arena/GridController.cs:59)
QuizBattle.Arena.GridController:BuildGrid (int,int,int) (at Assets/Scripts/Arena/GridController.cs:42)
QuizBattle.GameState.GameManager:RunAutoPlayMatch (int,int) (at Assets/Scripts/GameState/GameManager.cs:66)
ArenaDemoRunner:RunScenario (string,int,int,string) (at Assets/Editor/ArenaDemoRunner.cs:40)
ArenaDemoRunner:Run () (at Assets/Editor/ArenaDemoRunner.cs:22)

[Assets/Scripts/Arena/GridController.cs line 42]

Tile_2_5: Destroy may not be called from edit mode! Use DestroyImmediate instead.
Destroying an object in edit mode destroys it permanently
UnityEngine.Debug:ExtractStackTraceNoAlloc (byte*,int,string)
UnityEngine.StackTraceUtility:ExtractStackTrace ()
UnityEngine.Object:Destroy (UnityEngine.Object,single)
UnityEngine.Object:Destroy (UnityEngine.Object)
QuizBattle.Arena.GridController:CreateTile (int,int,UnityEngine.Color) (at Assets/Scripts/Arena/GridController.cs:59)
QuizBattle.Arena.GridController:BuildGrid (int,int,int) (at Assets/Scripts/Arena/GridController.cs:42)
QuizBattle.GameState.GameManager:RunAutoPlayMatch (int,int) (at Assets/Scripts/GameState/GameManager.cs:66)
ArenaDemoRunner:RunScenario (string,int,int,string) (at Assets/Editor/ArenaDemoRunner.cs:40)
ArenaDemoRunner:Run () (at Assets/Editor/ArenaDemoRunner.cs:22)

[Assets/Scripts/Arena/GridController.cs line 42]

ZoneGlow_2_5: Destroy may not be called from edit mode! Use DestroyImmediate instead.
Destroying an object in edit mode destroys it permanently
UnityEngine.Debug:ExtractStackTraceNoAlloc (byte*,int,string)
UnityEngine.StackTraceUtility:ExtractStackTrace ()
UnityEngine.Object:Destroy (UnityEngine.Object,single)
UnityEngine.Object:Destroy (UnityEngine.Object)
QuizBattle.Arena.GridController:CreateZoneGlow (int,int,bool,bool) (at Assets/Scripts/Arena/GridController.cs:100)
QuizBattle.Arena.GridController:BuildGrid (int,int,int) (at Assets/Scripts/Arena/GridController.cs:43)
QuizBattle.GameState.GameManager:RunAutoPlayMatch (int,int) (at Assets/Scripts/GameState/GameManager.cs:66)
ArenaDemoRunner:RunScenario (string,int,int,string) (at Assets/Editor/ArenaDemoRunner.cs:40)
ArenaDemoRunner:Run () (at Assets/Editor/ArenaDemoRunner.cs:22)

[Assets/Scripts/Arena/GridController.cs line 100]

Tile_3_0: Destroy may not be called from edit mode! Use DestroyImmediate instead.
Destroying an object in edit mode destroys it permanently
UnityEngine.Debug:ExtractStackTraceNoAlloc (byte*,int,string)
UnityEngine.StackTraceUtility:ExtractStackTrace ()
UnityEngine.Object:Destroy (UnityEngine.Object,single)
UnityEngine.Object:Destroy (UnityEngine.Object)
QuizBattle.Arena.GridController:CreateTile (int,int,UnityEngine.Color) (at Assets/Scripts/Arena/GridController.cs:59)
QuizBattle.Arena.GridController:BuildGrid (int,int,int) (at Assets/Scripts/Arena/GridController.cs:42)
QuizBattle.GameState.GameManager:RunAutoPlayMatch (int,int) (at Assets/Scripts/GameState/GameManager.cs:66)
ArenaDemoRunner:RunScenario (string,int,int,string) (at Assets/Editor/ArenaDemoRunner.cs:40)
ArenaDemoRunner:Run () (at Assets/Editor/ArenaDemoRunner.cs:22)

[Assets/Scripts/Arena/GridController.cs line 42]

Tile_3_1: Destroy may not be called from edit mode! Use DestroyImmediate instead.
Destroying an object in edit mode destroys it permanently
UnityEngine.Debug:ExtractStackTraceNoAlloc (byte*,int,string)
UnityEngine.StackTraceUtility:ExtractStackTrace ()
UnityEngine.Object:Destroy (UnityEngine.Object,single)
UnityEngine.Object:Destroy (UnityEngine.Object)
QuizBattle.Arena.GridController:CreateTile (int,int,UnityEngine.Color) (at Assets/Scripts/Arena/GridController.cs:59)
QuizBattle.Arena.GridController:BuildGrid (int,int,int) (at Assets/Scripts/Arena/GridController.cs:42)
QuizBattle.GameState.GameManager:RunAutoPlayMatch (int,int) (at Assets/Scripts/GameState/GameManager.cs:66)
ArenaDemoRunner:RunScenario (string,int,int,string) (at Assets/Editor/ArenaDemoRunner.cs:40)
ArenaDemoRunner:Run () (at Assets/Editor/ArenaDemoRunner.cs:22)

[Assets/Scripts/Arena/GridController.cs line 42]

Tile_3_2: Destroy may not be called from edit mode! Use DestroyImmediate instead.
Destroying an object in edit mode destroys it permanently
UnityEngine.Debug:ExtractStackTraceNoAlloc (byte*,int,string)
UnityEngine.StackTraceUtility:ExtractStackTrace ()
UnityEngine.Object:Destroy (UnityEngine.Object,single)
UnityEngine.Object:Destroy (UnityEngine.Object)
QuizBattle.Arena.GridController:CreateTile (int,int,UnityEngine.Color) (at Assets/Scripts/Arena/GridController.cs:59)
QuizBattle.Arena.GridController:BuildGrid (int,int,int) (at Assets/Scripts/Arena/GridController.cs:42)
QuizBattle.GameState.GameManager:RunAutoPlayMatch (int,int) (at Assets/Scripts/GameState/GameManager.cs:66)
ArenaDemoRunner:RunScenario (string,int,int,string) (at Assets/Editor/ArenaDemoRunner.cs:40)
ArenaDemoRunner:Run () (at Assets/Editor/ArenaDemoRunner.cs:22)

[Assets/Scripts/Arena/GridController.cs line 42]

Tile_3_3: Destroy may not be called from edit mode! Use DestroyImmediate instead.
Destroying an object in edit mode destroys it permanently
UnityEngine.Debug:ExtractStackTraceNoAlloc (byte*,int,string)
UnityEngine.StackTraceUtility:ExtractStackTrace ()
UnityEngine.Object:Destroy (UnityEngine.Object,single)
UnityEngine.Object:Destroy (UnityEngine.Object)
QuizBattle.Arena.GridController:CreateTile (int,int,UnityEngine.Color) (at Assets/Scripts/Arena/GridController.cs:59)
QuizBattle.Arena.GridController:BuildGrid (int,int,int) (at Assets/Scripts/Arena/GridController.cs:42)
QuizBattle.GameState.GameManager:RunAutoPlayMatch (int,int) (at Assets/Scripts/GameState/GameManager.cs:66)
ArenaDemoRunner:RunScenario (string,int,int,string) (at Assets/Editor/ArenaDemoRunner.cs:40)
ArenaDemoRunner:Run () (at Assets/Editor/ArenaDemoRunner.cs:22)

[Assets/Scripts/Arena/GridController.cs line 42]

Tile_3_4: Destroy may not be called from edit mode! Use DestroyImmediate instead.
Destroying an object in edit mode destroys it permanently
UnityEngine.Debug:ExtractStackTraceNoAlloc (byte*,int,string)
UnityEngine.StackTraceUtility:ExtractStackTrace ()
UnityEngine.Object:Destroy (UnityEngine.Object,single)
UnityEngine.Object:Destroy (UnityEngine.Object)
QuizBattle.Arena.GridController:CreateTile (int,int,UnityEngine.Color) (at Assets/Scripts/Arena/GridController.cs:59)
QuizBattle.Arena.GridController:BuildGrid (int,int,int) (at Assets/Scripts/Arena/GridController.cs:42)
QuizBattle.GameState.GameManager:RunAutoPlayMatch (int,int) (at Assets/Scripts/GameState/GameManager.cs:66)
ArenaDemoRunner:RunScenario (string,int,int,string) (at Assets/Editor/ArenaDemoRunner.cs:40)
ArenaDemoRunner:Run () (at Assets/Editor/ArenaDemoRunner.cs:22)

[Assets/Scripts/Arena/GridController.cs line 42]

Tile_3_5: Destroy may not be called from edit mode! Use DestroyImmediate instead.
Destroying an object in edit mode destroys it permanently
UnityEngine.Debug:ExtractStackTraceNoAlloc (byte*,int,string)
UnityEngine.StackTraceUtility:ExtractStackTrace ()
UnityEngine.Object:Destroy (UnityEngine.Object,single)
UnityEngine.Object:Destroy (UnityEngine.Object)
QuizBattle.Arena.GridController:CreateTile (int,int,UnityEngine.Color) (at Assets/Scripts/Arena/GridController.cs:59)
QuizBattle.Arena.GridController:BuildGrid (int,int,int) (at Assets/Scripts/Arena/GridController.cs:42)
QuizBattle.GameState.GameManager:RunAutoPlayMatch (int,int) (at Assets/Scripts/GameState/GameManager.cs:66)
ArenaDemoRunner:RunScenario (string,int,int,string) (at Assets/Editor/ArenaDemoRunner.cs:40)
ArenaDemoRunner:Run () (at Assets/Editor/ArenaDemoRunner.cs:22)

[Assets/Scripts/Arena/GridController.cs line 42]

ZoneGlow_3_5: Destroy may not be called from edit mode! Use DestroyImmediate instead.
Destroying an object in edit mode destroys it permanently
UnityEngine.Debug:ExtractStackTraceNoAlloc (byte*,int,string)
UnityEngine.StackTraceUtility:ExtractStackTrace ()
UnityEngine.Object:Destroy (UnityEngine.Object,single)
UnityEngine.Object:Destroy (UnityEngine.Object)
QuizBattle.Arena.GridController:CreateZoneGlow (int,int,bool,bool) (at Assets/Scripts/Arena/GridController.cs:100)
QuizBattle.Arena.GridController:BuildGrid (int,int,int) (at Assets/Scripts/Arena/GridController.cs:43)
QuizBattle.GameState.GameManager:RunAutoPlayMatch (int,int) (at Assets/Scripts/GameState/GameManager.cs:66)
ArenaDemoRunner:RunScenario (string,int,int,string) (at Assets/Editor/ArenaDemoRunner.cs:40)
ArenaDemoRunner:Run () (at Assets/Editor/ArenaDemoRunner.cs:22)

[Assets/Scripts/Arena/GridController.cs line 100]

Tile_4_0: Destroy may not be called from edit mode! Use DestroyImmediate instead.
Destroying an object in edit mode destroys it permanently
UnityEngine.Debug:ExtractStackTraceNoAlloc (byte*,int,string)
UnityEngine.StackTraceUtility:ExtractStackTrace ()
UnityEngine.Object:Destroy (UnityEngine.Object,single)
UnityEngine.Object:Destroy (UnityEngine.Object)
QuizBattle.Arena.GridController:CreateTile (int,int,UnityEngine.Color) (at Assets/Scripts/Arena/GridController.cs:59)
QuizBattle.Arena.GridController:BuildGrid (int,int,int) (at Assets/Scripts/Arena/GridController.cs:42)
QuizBattle.GameState.GameManager:RunAutoPlayMatch (int,int) (at Assets/Scripts/GameState/GameManager.cs:66)
ArenaDemoRunner:RunScenario (string,int,int,string) (at Assets/Editor/ArenaDemoRunner.cs:40)
ArenaDemoRunner:Run () (at Assets/Editor/ArenaDemoRunner.cs:22)

[Assets/Scripts/Arena/GridController.cs line 42]

Tile_4_1: Destroy may not be called from edit mode! Use DestroyImmediate instead.
Destroying an object in edit mode destroys it permanently
UnityEngine.Debug:ExtractStackTraceNoAlloc (byte*,int,string)
UnityEngine.StackTraceUtility:ExtractStackTrace ()
UnityEngine.Object:Destroy (UnityEngine.Object,single)
UnityEngine.Object:Destroy (UnityEngine.Object)
QuizBattle.Arena.GridController:CreateTile (int,int,UnityEngine.Color) (at Assets/Scripts/Arena/GridController.cs:59)
QuizBattle.Arena.GridController:BuildGrid (int,int,int) (at Assets/Scripts/Arena/GridController.cs:42)
QuizBattle.GameState.GameManager:RunAutoPlayMatch (int,int) (at Assets/Scripts/GameState/GameManager.cs:66)
ArenaDemoRunner:RunScenario (string,int,int,string) (at Assets/Editor/ArenaDemoRunner.cs:40)
ArenaDemoRunner:Run () (at Assets/Editor/ArenaDemoRunner.cs:22)

[Assets/Scripts/Arena/GridController.cs line 42]

Tile_4_2: Destroy may not be called from edit mode! Use DestroyImmediate instead.
Destroying an object in edit mode destroys it permanently
UnityEngine.Debug:ExtractStackTraceNoAlloc (byte*,int,string)
UnityEngine.StackTraceUtility:ExtractStackTrace ()
UnityEngine.Object:Destroy (UnityEngine.Object,single)
UnityEngine.Object:Destroy (UnityEngine.Object)
QuizBattle.Arena.GridController:CreateTile (int,int,UnityEngine.Color) (at Assets/Scripts/Arena/GridController.cs:59)
QuizBattle.Arena.GridController:BuildGrid (int,int,int) (at Assets/Scripts/Arena/GridController.cs:42)
QuizBattle.GameState.GameManager:RunAutoPlayMatch (int,int) (at Assets/Scripts/GameState/GameManager.cs:66)
ArenaDemoRunner:RunScenario (string,int,int,string) (at Assets/Editor/ArenaDemoRunner.cs:40)
ArenaDemoRunner:Run () (at Assets/Editor/ArenaDemoRunner.cs:22)

[Assets/Scripts/Arena/GridController.cs line 42]

Tile_4_3: Destroy may not be called from edit mode! Use DestroyImmediate instead.
Destroying an object in edit mode destroys it permanently
UnityEngine.Debug:ExtractStackTraceNoAlloc (byte*,int,string)
UnityEngine.StackTraceUtility:ExtractStackTrace ()
UnityEngine.Object:Destroy (UnityEngine.Object,single)
UnityEngine.Object:Destroy (UnityEngine.Object)
QuizBattle.Arena.GridController:CreateTile (int,int,UnityEngine.Color) (at Assets/Scripts/Arena/GridController.cs:59)
QuizBattle.Arena.GridController:BuildGrid (int,int,int) (at Assets/Scripts/Arena/GridController.cs:42)
QuizBattle.GameState.GameManager:RunAutoPlayMatch (int,int) (at Assets/Scripts/GameState/GameManager.cs:66)
ArenaDemoRunner:RunScenario (string,int,int,string) (at Assets/Editor/ArenaDemoRunner.cs:40)
ArenaDemoRunner:Run () (at Assets/Editor/ArenaDemoRunner.cs:22)

[Assets/Scripts/Arena/GridController.cs line 42]

Tile_4_4: Destroy may not be called from edit mode! Use DestroyImmediate instead.
Destroying an object in edit mode destroys it permanently
UnityEngine.Debug:ExtractStackTraceNoAlloc (byte*,int,string)
UnityEngine.StackTraceUtility:ExtractStackTrace ()
UnityEngine.Object:Destroy (UnityEngine.Object,single)
UnityEngine.Object:Destroy (UnityEngine.Object)
QuizBattle.Arena.GridController:CreateTile (int,int,UnityEngine.Color) (at Assets/Scripts/Arena/GridController.cs:59)
QuizBattle.Arena.GridController:BuildGrid (int,int,int) (at Assets/Scripts/Arena/GridController.cs:42)
QuizBattle.GameState.GameManager:RunAutoPlayMatch (int,int) (at Assets/Scripts/GameState/GameManager.cs:66)
ArenaDemoRunner:RunScenario (string,int,int,string) (at Assets/Editor/ArenaDemoRunner.cs:40)
ArenaDemoRunner:Run () (at Assets/Editor/ArenaDemoRunner.cs:22)

[Assets/Scripts/Arena/GridController.cs line 42]

Tile_4_5: Destroy may not be called from edit mode! Use DestroyImmediate instead.
Destroying an object in edit mode destroys it permanently
UnityEngine.Debug:ExtractStackTraceNoAlloc (byte*,int,string)
UnityEngine.StackTraceUtility:ExtractStackTrace ()
UnityEngine.Object:Destroy (UnityEngine.Object,single)
UnityEngine.Object:Destroy (UnityEngine.Object)
QuizBattle.Arena.GridController:CreateTile (int,int,UnityEngine.Color) (at Assets/Scripts/Arena/GridController.cs:59)
QuizBattle.Arena.GridController:BuildGrid (int,int,int) (at Assets/Scripts/Arena/GridController.cs:42)
QuizBattle.GameState.GameManager:RunAutoPlayMatch (int,int) (at Assets/Scripts/GameState/GameManager.cs:66)
ArenaDemoRunner:RunScenario (string,int,int,string) (at Assets/Editor/ArenaDemoRunner.cs:40)
ArenaDemoRunner:Run () (at Assets/Editor/ArenaDemoRunner.cs:22)

[Assets/Scripts/Arena/GridController.cs line 42]

ZoneGlow_4_5: Destroy may not be called from edit mode! Use DestroyImmediate instead.
Destroying an object in edit mode destroys it permanently
UnityEngine.Debug:ExtractStackTraceNoAlloc (byte*,int,string)
UnityEngine.StackTraceUtility:ExtractStackTrace ()
UnityEngine.Object:Destroy (UnityEngine.Object,single)
UnityEngine.Object:Destroy (UnityEngine.Object)
QuizBattle.Arena.GridController:CreateZoneGlow (int,int,bool,bool) (at Assets/Scripts/Arena/GridController.cs:100)
QuizBattle.Arena.GridController:BuildGrid (int,int,int) (at Assets/Scripts/Arena/GridController.cs:43)
QuizBattle.GameState.GameManager:RunAutoPlayMatch (int,int) (at Assets/Scripts/GameState/GameManager.cs:66)
ArenaDemoRunner:RunScenario (string,int,int,string) (at Assets/Editor/ArenaDemoRunner.cs:40)
ArenaDemoRunner:Run () (at Assets/Editor/ArenaDemoRunner.cs:22)

[Assets/Scripts/Arena/GridController.cs line 100]

Tile_5_0: Destroy may not be called from edit mode! Use DestroyImmediate instead.
Destroying an object in edit mode destroys it permanently
UnityEngine.Debug:ExtractStackTraceNoAlloc (byte*,int,string)
UnityEngine.StackTraceUtility:ExtractStackTrace ()
UnityEngine.Object:Destroy (UnityEngine.Object,single)
UnityEngine.Object:Destroy (UnityEngine.Object)
QuizBattle.Arena.GridController:CreateTile (int,int,UnityEngine.Color) (at Assets/Scripts/Arena/GridController.cs:59)
QuizBattle.Arena.GridController:BuildGrid (int,int,int) (at Assets/Scripts/Arena/GridController.cs:42)
QuizBattle.GameState.GameManager:RunAutoPlayMatch (int,int) (at Assets/Scripts/GameState/GameManager.cs:66)
ArenaDemoRunner:RunScenario (string,int,int,string) (at Assets/Editor/ArenaDemoRunner.cs:40)
ArenaDemoRunner:Run () (at Assets/Editor/ArenaDemoRunner.cs:22)

[Assets/Scripts/Arena/GridController.cs line 42]

Tile_5_1: Destroy may not be called from edit mode! Use DestroyImmediate instead.
Destroying an object in edit mode destroys it permanently
UnityEngine.Debug:ExtractStackTraceNoAlloc (byte*,int,string)
UnityEngine.StackTraceUtility:ExtractStackTrace ()
UnityEngine.Object:Destroy (UnityEngine.Object,single)
UnityEngine.Object:Destroy (UnityEngine.Object)
QuizBattle.Arena.GridController:CreateTile (int,int,UnityEngine.Color) (at Assets/Scripts/Arena/GridController.cs:59)
QuizBattle.Arena.GridController:BuildGrid (int,int,int) (at Assets/Scripts/Arena/GridController.cs:42)
QuizBattle.GameState.GameManager:RunAutoPlayMatch (int,int) (at Assets/Scripts/GameState/GameManager.cs:66)
ArenaDemoRunner:RunScenario (string,int,int,string) (at Assets/Editor/ArenaDemoRunner.cs:40)
ArenaDemoRunner:Run () (at Assets/Editor/ArenaDemoRunner.cs:22)

[Assets/Scripts/Arena/GridController.cs line 42]

Tile_5_2: Destroy may not be called from edit mode! Use DestroyImmediate instead.
Destroying an object in edit mode destroys it permanently
UnityEngine.Debug:ExtractStackTraceNoAlloc (byte*,int,string)
UnityEngine.StackTraceUtility:ExtractStackTrace ()
UnityEngine.Object:Destroy (UnityEngine.Object,single)
UnityEngine.Object:Destroy (UnityEngine.Object)
QuizBattle.Arena.GridController:CreateTile (int,int,UnityEngine.Color) (at Assets/Scripts/Arena/GridController.cs:59)
QuizBattle.Arena.GridController:BuildGrid (int,int,int) (at Assets/Scripts/Arena/GridController.cs:42)
QuizBattle.GameState.GameManager:RunAutoPlayMatch (int,int) (at Assets/Scripts/GameState/GameManager.cs:66)
ArenaDemoRunner:RunScenario (string,int,int,string) (at Assets/Editor/ArenaDemoRunner.cs:40)
ArenaDemoRunner:Run () (at Assets/Editor/ArenaDemoRunner.cs:22)

[Assets/Scripts/Arena/GridController.cs line 42]

Tile_5_3: Destroy may not be called from edit mode! Use DestroyImmediate instead.
Destroying an object in edit mode destroys it permanently
UnityEngine.Debug:ExtractStackTraceNoAlloc (byte*,int,string)
UnityEngine.StackTraceUtility:ExtractStackTrace ()
UnityEngine.Object:Destroy (UnityEngine.Object,single)
UnityEngine.Object:Destroy (UnityEngine.Object)
QuizBattle.Arena.GridController:CreateTile (int,int,UnityEngine.Color) (at Assets/Scripts/Arena/GridController.cs:59)
QuizBattle.Arena.GridController:BuildGrid (int,int,int) (at Assets/Scripts/Arena/GridController.cs:42)
QuizBattle.GameState.GameManager:RunAutoPlayMatch (int,int) (at Assets/Scripts/GameState/GameManager.cs:66)
ArenaDemoRunner:RunScenario (string,int,int,string) (at Assets/Editor/ArenaDemoRunner.cs:40)
ArenaDemoRunner:Run () (at Assets/Editor/ArenaDemoRunner.cs:22)

[Assets/Scripts/Arena/GridController.cs line 42]

Tile_5_4: Destroy may not be called from edit mode! Use DestroyImmediate instead.
Destroying an object in edit mode destroys it permanently
UnityEngine.Debug:ExtractStackTraceNoAlloc (byte*,int,string)
UnityEngine.StackTraceUtility:ExtractStackTrace ()
UnityEngine.Object:Destroy (UnityEngine.Object,single)
UnityEngine.Object:Destroy (UnityEngine.Object)
QuizBattle.Arena.GridController:CreateTile (int,int,UnityEngine.Color) (at Assets/Scripts/Arena/GridController.cs:59)
QuizBattle.Arena.GridController:BuildGrid (int,int,int) (at Assets/Scripts/Arena/GridController.cs:42)
QuizBattle.GameState.GameManager:RunAutoPlayMatch (int,int) (at Assets/Scripts/GameState/GameManager.cs:66)
ArenaDemoRunner:RunScenario (string,int,int,string) (at Assets/Editor/ArenaDemoRunner.cs:40)
ArenaDemoRunner:Run () (at Assets/Editor/ArenaDemoRunner.cs:22)

[Assets/Scripts/Arena/GridController.cs line 42]

Tile_5_5: Destroy may not be called from edit mode! Use DestroyImmediate instead.
Destroying an object in edit mode destroys it permanently
UnityEngine.Debug:ExtractStackTraceNoAlloc (byte*,int,string)
UnityEngine.StackTraceUtility:ExtractStackTrace ()
UnityEngine.Object:Destroy (UnityEngine.Object,single)
UnityEngine.Object:Destroy (UnityEngine.Object)
QuizBattle.Arena.GridController:CreateTile (int,int,UnityEngine.Color) (at Assets/Scripts/Arena/GridController.cs:59)
QuizBattle.Arena.GridController:BuildGrid (int,int,int) (at Assets/Scripts/Arena/GridController.cs:42)
QuizBattle.GameState.GameManager:RunAutoPlayMatch (int,int) (at Assets/Scripts/GameState/GameManager.cs:66)
ArenaDemoRunner:RunScenario (string,int,int,string) (at Assets/Editor/ArenaDemoRunner.cs:40)
ArenaDemoRunner:Run () (at Assets/Editor/ArenaDemoRunner.cs:22)

[Assets/Scripts/Arena/GridController.cs line 42]

ZoneGlow_5_5: Destroy may not be called from edit mode! Use DestroyImmediate instead.
Destroying an object in edit mode destroys it permanently
UnityEngine.Debug:ExtractStackTraceNoAlloc (byte*,int,string)
UnityEngine.StackTraceUtility:ExtractStackTrace ()
UnityEngine.Object:Destroy (UnityEngine.Object,single)
UnityEngine.Object:Destroy (UnityEngine.Object)
QuizBattle.Arena.GridController:CreateZoneGlow (int,int,bool,bool) (at Assets/Scripts/Arena/GridController.cs:100)
QuizBattle.Arena.GridController:BuildGrid (int,int,int) (at Assets/Scripts/Arena/GridController.cs:43)
QuizBattle.GameState.GameManager:RunAutoPlayMatch (int,int) (at Assets/Scripts/GameState/GameManager.cs:66)
ArenaDemoRunner:RunScenario (string,int,int,string) (at Assets/Editor/ArenaDemoRunner.cs:40)
ArenaDemoRunner:Run () (at Assets/Editor/ArenaDemoRunner.cs:22)

[Assets/Scripts/Arena/GridController.cs line 100]

Tile_6_0: Destroy may not be called from edit mode! Use DestroyImmediate instead.
Destroying an object in edit mode destroys it permanently
UnityEngine.Debug:ExtractStackTraceNoAlloc (byte*,int,string)
UnityEngine.StackTraceUtility:ExtractStackTrace ()
UnityEngine.Object:Destroy (UnityEngine.Object,single)
UnityEngine.Object:Destroy (UnityEngine.Object)
QuizBattle.Arena.GridController:CreateTile (int,int,UnityEngine.Color) (at Assets/Scripts/Arena/GridController.cs:59)
QuizBattle.Arena.GridController:BuildGrid (int,int,int) (at Assets/Scripts/Arena/GridController.cs:42)
QuizBattle.GameState.GameManager:RunAutoPlayMatch (int,int) (at Assets/Scripts/GameState/GameManager.cs:66)
ArenaDemoRunner:RunScenario (string,int,int,string) (at Assets/Editor/ArenaDemoRunner.cs:40)
ArenaDemoRunner:Run () (at Assets/Editor/ArenaDemoRunner.cs:22)

[Assets/Scripts/Arena/GridController.cs line 42]

Tile_6_1: Destroy may not be called from edit mode! Use DestroyImmediate instead.
Destroying an object in edit mode destroys it permanently
UnityEngine.Debug:ExtractStackTraceNoAlloc (byte*,int,string)
UnityEngine.StackTraceUtility:ExtractStackTrace ()
UnityEngine.Object:Destroy (UnityEngine.Object,single)
UnityEngine.Object:Destroy (UnityEngine.Object)
QuizBattle.Arena.GridController:CreateTile (int,int,UnityEngine.Color) (at Assets/Scripts/Arena/GridController.cs:59)
QuizBattle.Arena.GridController:BuildGrid (int,int,int) (at Assets/Scripts/Arena/GridController.cs:42)
QuizBattle.GameState.GameManager:RunAutoPlayMatch (int,int) (at Assets/Scripts/GameState/GameManager.cs:66)
ArenaDemoRunner:RunScenario (string,int,int,string) (at Assets/Editor/ArenaDemoRunner.cs:40)
ArenaDemoRunner:Run () (at Assets/Editor/ArenaDemoRunner.cs:22)

[Assets/Scripts/Arena/GridController.cs line 42]

Tile_6_2: Destroy may not be called from edit mode! Use DestroyImmediate instead.
Destroying an object in edit mode destroys it permanently
UnityEngine.Debug:ExtractStackTraceNoAlloc (byte*,int,string)
UnityEngine.StackTraceUtility:ExtractStackTrace ()
UnityEngine.Object:Destroy (UnityEngine.Object,single)
UnityEngine.Object:Destroy (UnityEngine.Object)
QuizBattle.Arena.GridController:CreateTile (int,int,UnityEngine.Color) (at Assets/Scripts/Arena/GridController.cs:59)
QuizBattle.Arena.GridController:BuildGrid (int,int,int) (at Assets/Scripts/Arena/GridController.cs:42)
QuizBattle.GameState.GameManager:RunAutoPlayMatch (int,int) (at Assets/Scripts/GameState/GameManager.cs:66)
ArenaDemoRunner:RunScenario (string,int,int,string) (at Assets/Editor/ArenaDemoRunner.cs:40)
ArenaDemoRunner:Run () (at Assets/Editor/ArenaDemoRunner.cs:22)

[Assets/Scripts/Arena/GridController.cs line 42]

Tile_6_3: Destroy may not be called from edit mode! Use DestroyImmediate instead.
Destroying an object in edit mode destroys it permanently
UnityEngine.Debug:ExtractStackTraceNoAlloc (byte*,int,string)
UnityEngine.StackTraceUtility:ExtractStackTrace ()
UnityEngine.Object:Destroy (UnityEngine.Object,single)
UnityEngine.Object:Destroy (UnityEngine.Object)
QuizBattle.Arena.GridController:CreateTile (int,int,UnityEngine.Color) (at Assets/Scripts/Arena/GridController.cs:59)
QuizBattle.Arena.GridController:BuildGrid (int,int,int) (at Assets/Scripts/Arena/GridController.cs:42)
QuizBattle.GameState.GameManager:RunAutoPlayMatch (int,int) (at Assets/Scripts/GameState/GameManager.cs:66)
ArenaDemoRunner:RunScenario (string,int,int,string) (at Assets/Editor/ArenaDemoRunner.cs:40)
ArenaDemoRunner:Run () (at Assets/Editor/ArenaDemoRunner.cs:22)

[Assets/Scripts/Arena/GridController.cs line 42]

Tile_6_4: Destroy may not be called from edit mode! Use DestroyImmediate instead.
Destroying an object in edit mode destroys it permanently
UnityEngine.Debug:ExtractStackTraceNoAlloc (byte*,int,string)
UnityEngine.StackTraceUtility:ExtractStackTrace ()
UnityEngine.Object:Destroy (UnityEngine.Object,single)
UnityEngine.Object:Destroy (UnityEngine.Object)
QuizBattle.Arena.GridController:CreateTile (int,int,UnityEngine.Color) (at Assets/Scripts/Arena/GridController.cs:59)
QuizBattle.Arena.GridController:BuildGrid (int,int,int) (at Assets/Scripts/Arena/GridController.cs:42)
QuizBattle.GameState.GameManager:RunAutoPlayMatch (int,int) (at Assets/Scripts/GameState/GameManager.cs:66)
ArenaDemoRunner:RunScenario (string,int,int,string) (at Assets/Editor/ArenaDemoRunner.cs:40)
ArenaDemoRunner:Run () (at Assets/Editor/ArenaDemoRunner.cs:22)

[Assets/Scripts/Arena/GridController.cs line 42]

Tile_6_5: Destroy may not be called from edit mode! Use DestroyImmediate instead.
Destroying an object in edit mode destroys it permanently
UnityEngine.Debug:ExtractStackTraceNoAlloc (byte*,int,string)
UnityEngine.StackTraceUtility:ExtractStackTrace ()
UnityEngine.Object:Destroy (UnityEngine.Object,single)
UnityEngine.Object:Destroy (UnityEngine.Object)
QuizBattle.Arena.GridController:CreateTile (int,int,UnityEngine.Color) (at Assets/Scripts/Arena/GridController.cs:59)
QuizBattle.Arena.GridController:BuildGrid (int,int,int) (at Assets/Scripts/Arena/GridController.cs:42)
QuizBattle.GameState.GameManager:RunAutoPlayMatch (int,int) (at Assets/Scripts/GameState/GameManager.cs:66)
ArenaDemoRunner:RunScenario (string,int,int,string) (at Assets/Editor/ArenaDemoRunner.cs:40)
ArenaDemoRunner:Run () (at Assets/Editor/ArenaDemoRunner.cs:22)

[Assets/Scripts/Arena/GridController.cs line 42]

ZoneGlow_6_5: Destroy may not be called from edit mode! Use DestroyImmediate instead.
Destroying an object in edit mode destroys it permanently
UnityEngine.Debug:ExtractStackTraceNoAlloc (byte*,int,string)
UnityEngine.StackTraceUtility:ExtractStackTrace ()
UnityEngine.Object:Destroy (UnityEngine.Object,single)
UnityEngine.Object:Destroy (UnityEngine.Object)
QuizBattle.Arena.GridController:CreateZoneGlow (int,int,bool,bool) (at Assets/Scripts/Arena/GridController.cs:100)
QuizBattle.Arena.GridController:BuildGrid (int,int,int) (at Assets/Scripts/Arena/GridController.cs:43)
QuizBattle.GameState.GameManager:RunAutoPlayMatch (int,int) (at Assets/Scripts/GameState/GameManager.cs:66)
ArenaDemoRunner:RunScenario (string,int,int,string) (at Assets/Editor/ArenaDemoRunner.cs:40)
ArenaDemoRunner:Run () (at Assets/Editor/ArenaDemoRunner.cs:22)

[Assets/Scripts/Arena/GridController.cs line 100]

Tile_7_0: Destroy may not be called from edit mode! Use DestroyImmediate instead.
Destroying an object in edit mode destroys it permanently
UnityEngine.Debug:ExtractStackTraceNoAlloc (byte*,int,string)
UnityEngine.StackTraceUtility:ExtractStackTrace ()
UnityEngine.Object:Destroy (UnityEngine.Object,single)
UnityEngine.Object:Destroy (UnityEngine.Object)
QuizBattle.Arena.GridController:CreateTile (int,int,UnityEngine.Color) (at Assets/Scripts/Arena/GridController.cs:59)
QuizBattle.Arena.GridController:BuildGrid (int,int,int) (at Assets/Scripts/Arena/GridController.cs:42)
QuizBattle.GameState.GameManager:RunAutoPlayMatch (int,int) (at Assets/Scripts/GameState/GameManager.cs:66)
ArenaDemoRunner:RunScenario (string,int,int,string) (at Assets/Editor/ArenaDemoRunner.cs:40)
ArenaDemoRunner:Run () (at Assets/Editor/ArenaDemoRunner.cs:22)

[Assets/Scripts/Arena/GridController.cs line 42]

Tile_7_1: Destroy may not be called from edit mode! Use DestroyImmediate instead.
Destroying an object in edit mode destroys it permanently
UnityEngine.Debug:ExtractStackTraceNoAlloc (byte*,int,string)
UnityEngine.StackTraceUtility:ExtractStackTrace ()
UnityEngine.Object:Destroy (UnityEngine.Object,single)
UnityEngine.Object:Destroy (UnityEngine.Object)
QuizBattle.Arena.GridController:CreateTile (int,int,UnityEngine.Color) (at Assets/Scripts/Arena/GridController.cs:59)
QuizBattle.Arena.GridController:BuildGrid (int,int,int) (at Assets/Scripts/Arena/GridController.cs:42)
QuizBattle.GameState.GameManager:RunAutoPlayMatch (int,int) (at Assets/Scripts/GameState/GameManager.cs:66)
ArenaDemoRunner:RunScenario (string,int,int,string) (at Assets/Editor/ArenaDemoRunner.cs:40)
ArenaDemoRunner:Run () (at Assets/Editor/ArenaDemoRunner.cs:22)

[Assets/Scripts/Arena/GridController.cs line 42]

Tile_7_2: Destroy may not be called from edit mode! Use DestroyImmediate instead.
Destroying an object in edit mode destroys it permanently
UnityEngine.Debug:ExtractStackTraceNoAlloc (byte*,int,string)
UnityEngine.StackTraceUtility:ExtractStackTrace ()
UnityEngine.Object:Destroy (UnityEngine.Object,single)
UnityEngine.Object:Destroy (UnityEngine.Object)
QuizBattle.Arena.GridController:CreateTile (int,int,UnityEngine.Color) (at Assets/Scripts/Arena/GridController.cs:59)
QuizBattle.Arena.GridController:BuildGrid (int,int,int) (at Assets/Scripts/Arena/GridController.cs:42)
QuizBattle.GameState.GameManager:RunAutoPlayMatch (int,int) (at Assets/Scripts/GameState/GameManager.cs:66)
ArenaDemoRunner:RunScenario (string,int,int,string) (at Assets/Editor/ArenaDemoRunner.cs:40)
ArenaDemoRunner:Run () (at Assets/Editor/ArenaDemoRunner.cs:22)

[Assets/Scripts/Arena/GridController.cs line 42]

Tile_7_3: Destroy may not be called from edit mode! Use DestroyImmediate instead.
Destroying an object in edit mode destroys it permanently
UnityEngine.Debug:ExtractStackTraceNoAlloc (byte*,int,string)
UnityEngine.StackTraceUtility:ExtractStackTrace ()
UnityEngine.Object:Destroy (UnityEngine.Object,single)
UnityEngine.Object:Destroy (UnityEngine.Object)
QuizBattle.Arena.GridController:CreateTile (int,int,UnityEngine.Color) (at Assets/Scripts/Arena/GridController.cs:59)
QuizBattle.Arena.GridController:BuildGrid (int,int,int) (at Assets/Scripts/Arena/GridController.cs:42)
QuizBattle.GameState.GameManager:RunAutoPlayMatch (int,int) (at Assets/Scripts/GameState/GameManager.cs:66)
ArenaDemoRunner:RunScenario (string,int,int,string) (at Assets/Editor/ArenaDemoRunner.cs:40)
ArenaDemoRunner:Run () (at Assets/Editor/ArenaDemoRunner.cs:22)

[Assets/Scripts/Arena/GridController.cs line 42]

Tile_7_4: Destroy may not be called from edit mode! Use DestroyImmediate instead.
Destroying an object in edit mode destroys it permanently
UnityEngine.Debug:ExtractStackTraceNoAlloc (byte*,int,string)
UnityEngine.StackTraceUtility:ExtractStackTrace ()
UnityEngine.Object:Destroy (UnityEngine.Object,single)
UnityEngine.Object:Destroy (UnityEngine.Object)
QuizBattle.Arena.GridController:CreateTile (int,int,UnityEngine.Color) (at Assets/Scripts/Arena/GridController.cs:59)
QuizBattle.Arena.GridController:BuildGrid (int,int,int) (at Assets/Scripts/Arena/GridController.cs:42)
QuizBattle.GameState.GameManager:RunAutoPlayMatch (int,int) (at Assets/Scripts/GameState/GameManager.cs:66)
ArenaDemoRunner:RunScenario (string,int,int,string) (at Assets/Editor/ArenaDemoRunner.cs:40)
ArenaDemoRunner:Run () (at Assets/Editor/ArenaDemoRunner.cs:22)

[Assets/Scripts/Arena/GridController.cs line 42]

Tile_7_5: Destroy may not be called from edit mode! Use DestroyImmediate instead.
Destroying an object in edit mode destroys it permanently
UnityEngine.Debug:ExtractStackTraceNoAlloc (byte*,int,string)
UnityEngine.StackTraceUtility:ExtractStackTrace ()
UnityEngine.Object:Destroy (UnityEngine.Object,single)
UnityEngine.Object:Destroy (UnityEngine.Object)
QuizBattle.Arena.GridController:CreateTile (int,int,UnityEngine.Color) (at Assets/Scripts/Arena/GridController.cs:59)
QuizBattle.Arena.GridController:BuildGrid (int,int,int) (at Assets/Scripts/Arena/GridController.cs:42)
QuizBattle.GameState.GameManager:RunAutoPlayMatch (int,int) (at Assets/Scripts/GameState/GameManager.cs:66)
ArenaDemoRunner:RunScenario (string,int,int,string) (at Assets/Editor/ArenaDemoRunner.cs:40)
ArenaDemoRunner:Run () (at Assets/Editor/ArenaDemoRunner.cs:22)

[Assets/Scripts/Arena/GridController.cs line 42]

ZoneGlow_7_5: Destroy may not be called from edit mode! Use DestroyImmediate instead.
Destroying an object in edit mode destroys it permanently
UnityEngine.Debug:ExtractStackTraceNoAlloc (byte*,int,string)
UnityEngine.StackTraceUtility:ExtractStackTrace ()
UnityEngine.Object:Destroy (UnityEngine.Object,single)
UnityEngine.Object:Destroy (UnityEngine.Object)
QuizBattle.Arena.GridController:CreateZoneGlow (int,int,bool,bool) (at Assets/Scripts/Arena/GridController.cs:100)
QuizBattle.Arena.GridController:BuildGrid (int,int,int) (at Assets/Scripts/Arena/GridController.cs:43)
QuizBattle.GameState.GameManager:RunAutoPlayMatch (int,int) (at Assets/Scripts/GameState/GameManager.cs:66)
ArenaDemoRunner:RunScenario (string,int,int,string) (at Assets/Editor/ArenaDemoRunner.cs:40)
ArenaDemoRunner:Run () (at Assets/Editor/ArenaDemoRunner.cs:22)

[Assets/Scripts/Arena/GridController.cs line 100]

Pillar: Destroy may not be called from edit mode! Use DestroyImmediate instead.
Destroying an object in edit mode destroys it permanently
UnityEngine.Debug:ExtractStackTraceNoAlloc (byte*,int,string)
UnityEngine.StackTraceUtility:ExtractStackTrace ()
UnityEngine.Object:Destroy (UnityEngine.Object,single)
UnityEngine.Object:Destroy (UnityEngine.Object)
QuizBattle.Arena.GridController:CreateGoalPost (int,int,bool) (at Assets/Scripts/Arena/GridController.cs:127)
QuizBattle.Arena.GridController:CreateZoneGlow (int,int,bool,bool) (at Assets/Scripts/Arena/GridController.cs:107)
QuizBattle.Arena.GridController:BuildGrid (int,int,int) (at Assets/Scripts/Arena/GridController.cs:43)
QuizBattle.GameState.GameManager:RunAutoPlayMatch (int,int) (at Assets/Scripts/GameState/GameManager.cs:66)
ArenaDemoRunner:RunScenario (string,int,int,string) (at Assets/Editor/ArenaDemoRunner.cs:40)
ArenaDemoRunner:Run () (at Assets/Editor/ArenaDemoRunner.cs:22)

[Assets/Scripts/Arena/GridController.cs line 127]

CrownCap: Destroy may not be called from edit mode! Use DestroyImmediate instead.
Destroying an object in edit mode destroys it permanently
UnityEngine.Debug:ExtractStackTraceNoAlloc (byte*,int,string)
UnityEngine.StackTraceUtility:ExtractStackTrace ()
UnityEngine.Object:Destroy (UnityEngine.Object,single)
UnityEngine.Object:Destroy (UnityEngine.Object)
QuizBattle.Arena.GridController:CreateGoalPost (int,int,bool) (at Assets/Scripts/Arena/GridController.cs:136)
QuizBattle.Arena.GridController:CreateZoneGlow (int,int,bool,bool) (at Assets/Scripts/Arena/GridController.cs:107)
QuizBattle.Arena.GridController:BuildGrid (int,int,int) (at Assets/Scripts/Arena/GridController.cs:43)
QuizBattle.GameState.GameManager:RunAutoPlayMatch (int,int) (at Assets/Scripts/GameState/GameManager.cs:66)
ArenaDemoRunner:RunScenario (string,int,int,string) (at Assets/Editor/ArenaDemoRunner.cs:40)
ArenaDemoRunner:Run () (at Assets/Editor/ArenaDemoRunner.cs:22)

[Assets/Scripts/Arena/GridController.cs line 136]

Curb: Destroy may not be called from edit mode! Use DestroyImmediate instead.
Destroying an object in edit mode destroys it permanently
UnityEngine.Debug:ExtractStackTraceNoAlloc (byte*,int,string)
UnityEngine.StackTraceUtility:ExtractStackTrace ()
UnityEngine.Object:Destroy (UnityEngine.Object,single)
UnityEngine.Object:Destroy (UnityEngine.Object)
QuizBattle.Arena.GridController:CreateCurbSegment (UnityEngine.Transform,UnityEngine.Vector3,UnityEngine.Vector3,UnityEngine.Material) (at Assets/Scripts/Arena/GridController.cs:188)
QuizBattle.Arena.GridController:CreateCurbBorder (int,int) (at Assets/Scripts/Arena/GridController.cs:156)
QuizBattle.Arena.GridController:BuildGrid (int,int,int) (at Assets/Scripts/Arena/GridController.cs:47)
QuizBattle.GameState.GameManager:RunAutoPlayMatch (int,int) (at Assets/Scripts/GameState/GameManager.cs:66)
ArenaDemoRunner:RunScenario (string,int,int,string) (at Assets/Editor/ArenaDemoRunner.cs:40)
ArenaDemoRunner:Run () (at Assets/Editor/ArenaDemoRunner.cs:22)

[Assets/Scripts/Arena/GridController.cs line 156]

Curb: Destroy may not be called from edit mode! Use DestroyImmediate instead.
Destroying an object in edit mode destroys it permanently
UnityEngine.Debug:ExtractStackTraceNoAlloc (byte*,int,string)
UnityEngine.StackTraceUtility:ExtractStackTrace ()
UnityEngine.Object:Destroy (UnityEngine.Object,single)
UnityEngine.Object:Destroy (UnityEngine.Object)
QuizBattle.Arena.GridController:CreateCurbSegment (UnityEngine.Transform,UnityEngine.Vector3,UnityEngine.Vector3,UnityEngine.Material) (at Assets/Scripts/Arena/GridController.cs:188)
QuizBattle.Arena.GridController:CreateCurbBorder (int,int) (at Assets/Scripts/Arena/GridController.cs:157)
QuizBattle.Arena.GridController:BuildGrid (int,int,int) (at Assets/Scripts/Arena/GridController.cs:47)
QuizBattle.GameState.GameManager:RunAutoPlayMatch (int,int) (at Assets/Scripts/GameState/GameManager.cs:66)
ArenaDemoRunner:RunScenario (string,int,int,string) (at Assets/Editor/ArenaDemoRunner.cs:40)
ArenaDemoRunner:Run () (at Assets/Editor/ArenaDemoRunner.cs:22)

[Assets/Scripts/Arena/GridController.cs line 157]

Curb: Destroy may not be called from edit mode! Use DestroyImmediate instead.
Destroying an object in edit mode destroys it permanently
UnityEngine.Debug:ExtractStackTraceNoAlloc (byte*,int,string)
UnityEngine.StackTraceUtility:ExtractStackTrace ()
UnityEngine.Object:Destroy (UnityEngine.Object,single)
UnityEngine.Object:Destroy (UnityEngine.Object)
QuizBattle.Arena.GridController:CreateCurbSegment (UnityEngine.Transform,UnityEngine.Vector3,UnityEngine.Vector3,UnityEngine.Material) (at Assets/Scripts/Arena/GridController.cs:188)
QuizBattle.Arena.GridController:CreateCurbBorder (int,int) (at Assets/Scripts/Arena/GridController.cs:158)
QuizBattle.Arena.GridController:BuildGrid (int,int,int) (at Assets/Scripts/Arena/GridController.cs:47)
QuizBattle.GameState.GameManager:RunAutoPlayMatch (int,int) (at Assets/Scripts/GameState/GameManager.cs:66)
ArenaDemoRunner:RunScenario (string,int,int,string) (at Assets/Editor/ArenaDemoRunner.cs:40)
ArenaDemoRunner:Run () (at Assets/Editor/ArenaDemoRunner.cs:22)

[Assets/Scripts/Arena/GridController.cs line 158]

Curb: Destroy may not be called from edit mode! Use DestroyImmediate instead.
Destroying an object in edit mode destroys it permanently
UnityEngine.Debug:ExtractStackTraceNoAlloc (byte*,int,string)
UnityEngine.StackTraceUtility:ExtractStackTrace ()
UnityEngine.Object:Destroy (UnityEngine.Object,single)
UnityEngine.Object:Destroy (UnityEngine.Object)
QuizBattle.Arena.GridController:CreateCurbSegment (UnityEngine.Transform,UnityEngine.Vector3,UnityEngine.Vector3,UnityEngine.Material) (at Assets/Scripts/Arena/GridController.cs:188)
QuizBattle.Arena.GridController:CreateCurbBorder (int,int) (at Assets/Scripts/Arena/GridController.cs:159)
QuizBattle.Arena.GridController:BuildGrid (int,int,int) (at Assets/Scripts/Arena/GridController.cs:47)
QuizBattle.GameState.GameManager:RunAutoPlayMatch (int,int) (at Assets/Scripts/GameState/GameManager.cs:66)
ArenaDemoRunner:RunScenario (string,int,int,string) (at Assets/Editor/ArenaDemoRunner.cs:40)
ArenaDemoRunner:Run () (at Assets/Editor/ArenaDemoRunner.cs:22)

[Assets/Scripts/Arena/GridController.cs line 159]

CornerStud: Destroy may not be called from edit mode! Use DestroyImmediate instead.
Destroying an object in edit mode destroys it permanently
UnityEngine.Debug:ExtractStackTraceNoAlloc (byte*,int,string)
UnityEngine.StackTraceUtility:ExtractStackTrace ()
UnityEngine.Object:Destroy (UnityEngine.Object,single)
UnityEngine.Object:Destroy (UnityEngine.Object)
QuizBattle.Arena.GridController:CreateCurbBorder (int,int) (at Assets/Scripts/Arena/GridController.cs:176)
QuizBattle.Arena.GridController:BuildGrid (int,int,int) (at Assets/Scripts/Arena/GridController.cs:47)
QuizBattle.GameState.GameManager:RunAutoPlayMatch (int,int) (at Assets/Scripts/GameState/GameManager.cs:66)
ArenaDemoRunner:RunScenario (string,int,int,string) (at Assets/Editor/ArenaDemoRunner.cs:40)
ArenaDemoRunner:Run () (at Assets/Editor/ArenaDemoRunner.cs:22)

[Assets/Scripts/Arena/GridController.cs line 176]

CornerStud: Destroy may not be called from edit mode! Use DestroyImmediate instead.
Destroying an object in edit mode destroys it permanently
UnityEngine.Debug:ExtractStackTraceNoAlloc (byte*,int,string)
UnityEngine.StackTraceUtility:ExtractStackTrace ()
UnityEngine.Object:Destroy (UnityEngine.Object,single)
UnityEngine.Object:Destroy (UnityEngine.Object)
QuizBattle.Arena.GridController:CreateCurbBorder (int,int) (at Assets/Scripts/Arena/GridController.cs:176)
QuizBattle.Arena.GridController:BuildGrid (int,int,int) (at Assets/Scripts/Arena/GridController.cs:47)
QuizBattle.GameState.GameManager:RunAutoPlayMatch (int,int) (at Assets/Scripts/GameState/GameManager.cs:66)
ArenaDemoRunner:RunScenario (string,int,int,string) (at Assets/Editor/ArenaDemoRunner.cs:40)
ArenaDemoRunner:Run () (at Assets/Editor/ArenaDemoRunner.cs:22)

[Assets/Scripts/Arena/GridController.cs line 176]

CornerStud: Destroy may not be called from edit mode! Use DestroyImmediate instead.
Destroying an object in edit mode destroys it permanently
UnityEngine.Debug:ExtractStackTraceNoAlloc (byte*,int,string)
UnityEngine.StackTraceUtility:ExtractStackTrace ()
UnityEngine.Object:Destroy (UnityEngine.Object,single)
UnityEngine.Object:Destroy (UnityEngine.Object)
QuizBattle.Arena.GridController:CreateCurbBorder (int,int) (at Assets/Scripts/Arena/GridController.cs:176)
QuizBattle.Arena.GridController:BuildGrid (int,int,int) (at Assets/Scripts/Arena/GridController.cs:47)
QuizBattle.GameState.GameManager:RunAutoPlayMatch (int,int) (at Assets/Scripts/GameState/GameManager.cs:66)
ArenaDemoRunner:RunScenario (string,int,int,string) (at Assets/Editor/ArenaDemoRunner.cs:40)
ArenaDemoRunner:Run () (at Assets/Editor/ArenaDemoRunner.cs:22)

[Assets/Scripts/Arena/GridController.cs line 176]

CornerStud: Destroy may not be called from edit mode! Use DestroyImmediate instead.
Destroying an object in edit mode destroys it permanently
UnityEngine.Debug:ExtractStackTraceNoAlloc (byte*,int,string)
UnityEngine.StackTraceUtility:ExtractStackTrace ()
UnityEngine.Object:Destroy (UnityEngine.Object,single)
UnityEngine.Object:Destroy (UnityEngine.Object)
QuizBattle.Arena.GridController:CreateCurbBorder (int,int) (at Assets/Scripts/Arena/GridController.cs:176)
QuizBattle.Arena.GridController:BuildGrid (int,int,int) (at Assets/Scripts/Arena/GridController.cs:47)
QuizBattle.GameState.GameManager:RunAutoPlayMatch (int,int) (at Assets/Scripts/GameState/GameManager.cs:66)
ArenaDemoRunner:RunScenario (string,int,int,string) (at Assets/Editor/ArenaDemoRunner.cs:40)
ArenaDemoRunner:Run () (at Assets/Editor/ArenaDemoRunner.cs:22)

[Assets/Scripts/Arena/GridController.cs line 176]

Plinth_Tier1: Destroy may not be called from edit mode! Use DestroyImmediate instead.
Destroying an object in edit mode destroys it permanently
UnityEngine.Debug:ExtractStackTraceNoAlloc (byte*,int,string)
UnityEngine.StackTraceUtility:ExtractStackTrace ()
UnityEngine.Object:Destroy (UnityEngine.Object,single)
UnityEngine.Object:Destroy (UnityEngine.Object)
QuizBattle.Arena.GridController:CreatePlinth (int,int) (at Assets/Scripts/Arena/GridController.cs:231)
QuizBattle.Arena.GridController:BuildGrid (int,int,int) (at Assets/Scripts/Arena/GridController.cs:48)
QuizBattle.GameState.GameManager:RunAutoPlayMatch (int,int) (at Assets/Scripts/GameState/GameManager.cs:66)
ArenaDemoRunner:RunScenario (string,int,int,string) (at Assets/Editor/ArenaDemoRunner.cs:40)
ArenaDemoRunner:Run () (at Assets/Editor/ArenaDemoRunner.cs:22)

[Assets/Scripts/Arena/GridController.cs line 231]

Plinth_Tier2: Destroy may not be called from edit mode! Use DestroyImmediate instead.
Destroying an object in edit mode destroys it permanently
UnityEngine.Debug:ExtractStackTraceNoAlloc (byte*,int,string)
UnityEngine.StackTraceUtility:ExtractStackTrace ()
UnityEngine.Object:Destroy (UnityEngine.Object,single)
UnityEngine.Object:Destroy (UnityEngine.Object)
QuizBattle.Arena.GridController:CreatePlinth (int,int) (at Assets/Scripts/Arena/GridController.cs:240)
QuizBattle.Arena.GridController:BuildGrid (int,int,int) (at Assets/Scripts/Arena/GridController.cs:48)
QuizBattle.GameState.GameManager:RunAutoPlayMatch (int,int) (at Assets/Scripts/GameState/GameManager.cs:66)
ArenaDemoRunner:RunScenario (string,int,int,string) (at Assets/Editor/ArenaDemoRunner.cs:40)
ArenaDemoRunner:Run () (at Assets/Editor/ArenaDemoRunner.cs:22)

[Assets/Scripts/Arena/GridController.cs line 240]

SkyDome: Destroy may not be called from edit mode! Use DestroyImmediate instead.
Destroying an object in edit mode destroys it permanently
UnityEngine.Debug:ExtractStackTraceNoAlloc (byte*,int,string)
UnityEngine.StackTraceUtility:ExtractStackTrace ()
UnityEngine.Object:Destroy (UnityEngine.Object,single)
UnityEngine.Object:Destroy (UnityEngine.Object)
QuizBattle.Arena.Visuals.ArenaColosseumBuilder:CreateSkyAndClouds (UnityEngine.Transform,UnityEngine.Vector3,single) (at Assets/Scripts/Arena/Visuals/ArenaColosseumBuilder.cs:49)
QuizBattle.Arena.Visuals.ArenaColosseumBuilder:Build (UnityEngine.Transform,int,int,single) (at Assets/Scripts/Arena/Visuals/ArenaColosseumBuilder.cs:25)
QuizBattle.Arena.GridController:BuildGrid (int,int,int) (at Assets/Scripts/Arena/GridController.cs:49)
QuizBattle.GameState.GameManager:RunAutoPlayMatch (int,int) (at Assets/Scripts/GameState/GameManager.cs:66)
ArenaDemoRunner:RunScenario (string,int,int,string) (at Assets/Editor/ArenaDemoRunner.cs:40)
ArenaDemoRunner:Run () (at Assets/Editor/ArenaDemoRunner.cs:22)

[Assets/Scripts/Arena/GridController.cs line 49]

Sphere: Destroy may not be called from edit mode! Use DestroyImmediate instead.
Destroying an object in edit mode destroys it permanently
UnityEngine.Debug:ExtractStackTraceNoAlloc (byte*,int,string)
UnityEngine.StackTraceUtility:ExtractStackTrace ()
UnityEngine.Object:Destroy (UnityEngine.Object,single)
UnityEngine.Object:Destroy (UnityEngine.Object)
QuizBattle.Arena.Visuals.ArenaColosseumBuilder:CreateCloud (UnityEngine.Transform,UnityEngine.Vector3,single) (at Assets/Scripts/Arena/Visuals/ArenaColosseumBuilder.cs:122)
QuizBattle.Arena.Visuals.ArenaColosseumBuilder:CreateSkyAndClouds (UnityEngine.Transform,UnityEngine.Vector3,single) (at Assets/Scripts/Arena/Visuals/ArenaColosseumBuilder.cs:78)
QuizBattle.Arena.Visuals.ArenaColosseumBuilder:Build (UnityEngine.Transform,int,int,single) (at Assets/Scripts/Arena/Visuals/ArenaColosseumBuilder.cs:25)
QuizBattle.Arena.GridController:BuildGrid (int,int,int) (at Assets/Scripts/Arena/GridController.cs:49)
QuizBattle.GameState.GameManager:RunAutoPlayMatch (int,int) (at Assets/Scripts/GameState/GameManager.cs:66)
ArenaDemoRunner:RunScenario (string,int,int,string) (at Assets/Editor/ArenaDemoRunner.cs:40)
ArenaDemoRunner:Run () (at Assets/Editor/ArenaDemoRunner.cs:22)

[Assets/Scripts/Arena/GridController.cs line 49]

Sphere: Destroy may not be called from edit mode! Use DestroyImmediate instead.
Destroying an object in edit mode destroys it permanently
UnityEngine.Debug:ExtractStackTraceNoAlloc (byte*,int,string)
UnityEngine.StackTraceUtility:ExtractStackTrace ()
UnityEngine.Object:Destroy (UnityEngine.Object,single)
UnityEngine.Object:Destroy (UnityEngine.Object)
QuizBattle.Arena.Visuals.ArenaColosseumBuilder:CreateCloud (UnityEngine.Transform,UnityEngine.Vector3,single) (at Assets/Scripts/Arena/Visuals/ArenaColosseumBuilder.cs:122)
QuizBattle.Arena.Visuals.ArenaColosseumBuilder:CreateSkyAndClouds (UnityEngine.Transform,UnityEngine.Vector3,single) (at Assets/Scripts/Arena/Visuals/ArenaColosseumBuilder.cs:78)
QuizBattle.Arena.Visuals.ArenaColosseumBuilder:Build (UnityEngine.Transform,int,int,single) (at Assets/Scripts/Arena/Visuals/ArenaColosseumBuilder.cs:25)
QuizBattle.Arena.GridController:BuildGrid (int,int,int) (at Assets/Scripts/Arena/GridController.cs:49)
QuizBattle.GameState.GameManager:RunAutoPlayMatch (int,int) (at Assets/Scripts/GameState/GameManager.cs:66)
ArenaDemoRunner:RunScenario (string,int,int,string) (at Assets/Editor/ArenaDemoRunner.cs:40)
ArenaDemoRunner:Run () (at Assets/Editor/ArenaDemoRunner.cs:22)

[Assets/Scripts/Arena/GridController.cs line 49]

Sphere: Destroy may not be called from edit mode! Use DestroyImmediate instead.
Destroying an object in edit mode destroys it permanently
UnityEngine.Debug:ExtractStackTraceNoAlloc (byte*,int,string)
UnityEngine.StackTraceUtility:ExtractStackTrace ()
UnityEngine.Object:Destroy (UnityEngine.Object,single)
UnityEngine.Object:Destroy (UnityEngine.Object)
QuizBattle.Arena.Visuals.ArenaColosseumBuilder:CreateCloud (UnityEngine.Transform,UnityEngine.Vector3,single) (at Assets/Scripts/Arena/Visuals/ArenaColosseumBuilder.cs:122)
QuizBattle.Arena.Visuals.ArenaColosseumBuilder:CreateSkyAndClouds (UnityEngine.Transform,UnityEngine.Vector3,single) (at Assets/Scripts/Arena/Visuals/ArenaColosseumBuilder.cs:78)
QuizBattle.Arena.Visuals.ArenaColosseumBuilder:Build (UnityEngine.Transform,int,int,single) (at Assets/Scripts/Arena/Visuals/ArenaColosseumBuilder.cs:25)
QuizBattle.Arena.GridController:BuildGrid (int,int,int) (at Assets/Scripts/Arena/GridController.cs:49)
QuizBattle.GameState.GameManager:RunAutoPlayMatch (int,int) (at Assets/Scripts/GameState/GameManager.cs:66)
ArenaDemoRunner:RunScenario (string,int,int,string) (at Assets/Editor/ArenaDemoRunner.cs:40)
ArenaDemoRunner:Run () (at Assets/Editor/ArenaDemoRunner.cs:22)

[Assets/Scripts/Arena/GridController.cs line 49]

Sphere: Destroy may not be called from edit mode! Use DestroyImmediate instead.
Destroying an object in edit mode destroys it permanently
UnityEngine.Debug:ExtractStackTraceNoAlloc (byte*,int,string)
UnityEngine.StackTraceUtility:ExtractStackTrace ()
UnityEngine.Object:Destroy (UnityEngine.Object,single)
UnityEngine.Object:Destroy (UnityEngine.Object)
QuizBattle.Arena.Visuals.ArenaColosseumBuilder:CreateCloud (UnityEngine.Transform,UnityEngine.Vector3,single) (at Assets/Scripts/Arena/Visuals/ArenaColosseumBuilder.cs:122)
QuizBattle.Arena.Visuals.ArenaColosseumBuilder:CreateSkyAndClouds (UnityEngine.Transform,UnityEngine.Vector3,single) (at Assets/Scripts/Arena/Visuals/ArenaColosseumBuilder.cs:78)
QuizBattle.Arena.Visuals.ArenaColosseumBuilder:Build (UnityEngine.Transform,int,int,single) (at Assets/Scripts/Arena/Visuals/ArenaColosseumBuilder.cs:25)
QuizBattle.Arena.GridController:BuildGrid (int,int,int) (at Assets/Scripts/Arena/GridController.cs:49)
QuizBattle.GameState.GameManager:RunAutoPlayMatch (int,int) (at Assets/Scripts/GameState/GameManager.cs:66)
ArenaDemoRunner:RunScenario (string,int,int,string) (at Assets/Editor/ArenaDemoRunner.cs:40)
ArenaDemoRunner:Run () (at Assets/Editor/ArenaDemoRunner.cs:22)

[Assets/Scripts/Arena/GridController.cs line 49]

Sphere: Destroy may not be called from edit mode! Use DestroyImmediate instead.
Destroying an object in edit mode destroys it permanently
UnityEngine.Debug:ExtractStackTraceNoAlloc (byte*,int,string)
UnityEngine.StackTraceUtility:ExtractStackTrace ()
UnityEngine.Object:Destroy (UnityEngine.Object,single)
UnityEngine.Object:Destroy (UnityEngine.Object)
QuizBattle.Arena.Visuals.ArenaColosseumBuilder:CreateCloud (UnityEngine.Transform,UnityEngine.Vector3,single) (at Assets/Scripts/Arena/Visuals/ArenaColosseumBuilder.cs:122)
QuizBattle.Arena.Visuals.ArenaColosseumBuilder:CreateSkyAndClouds (UnityEngine.Transform,UnityEngine.Vector3,single) (at Assets/Scripts/Arena/Visuals/ArenaColosseumBuilder.cs:78)
QuizBattle.Arena.Visuals.ArenaColosseumBuilder:Build (UnityEngine.Transform,int,int,single) (at Assets/Scripts/Arena/Visuals/ArenaColosseumBuilder.cs:25)
QuizBattle.Arena.GridController:BuildGrid (int,int,int) (at Assets/Scripts/Arena/GridController.cs:49)
QuizBattle.GameState.GameManager:RunAutoPlayMatch (int,int) (at Assets/Scripts/GameState/GameManager.cs:66)
ArenaDemoRunner:RunScenario (string,int,int,string) (at Assets/Editor/ArenaDemoRunner.cs:40)
ArenaDemoRunner:Run () (at Assets/Editor/ArenaDemoRunner.cs:22)

[Assets/Scripts/Arena/GridController.cs line 49]

Sphere: Destroy may not be called from edit mode! Use DestroyImmediate instead.
Destroying an object in edit mode destroys it permanently
UnityEngine.Debug:ExtractStackTraceNoAlloc (byte*,int,string)
UnityEngine.StackTraceUtility:ExtractStackTrace ()
UnityEngine.Object:Destroy (UnityEngine.Object,single)
UnityEngine.Object:Destroy (UnityEngine.Object)
QuizBattle.Arena.Visuals.ArenaColosseumBuilder:CreateCloud (UnityEngine.Transform,UnityEngine.Vector3,single) (at Assets/Scripts/Arena/Visuals/ArenaColosseumBuilder.cs:122)
QuizBattle.Arena.Visuals.ArenaColosseumBuilder:CreateSkyAndClouds (UnityEngine.Transform,UnityEngine.Vector3,single) (at Assets/Scripts/Arena/Visuals/ArenaColosseumBuilder.cs:78)
QuizBattle.Arena.Visuals.ArenaColosseumBuilder:Build (UnityEngine.Transform,int,int,single) (at Assets/Scripts/Arena/Visuals/ArenaColosseumBuilder.cs:25)
QuizBattle.Arena.GridController:BuildGrid (int,int,int) (at Assets/Scripts/Arena/GridController.cs:49)
QuizBattle.GameState.GameManager:RunAutoPlayMatch (int,int) (at Assets/Scripts/GameState/GameManager.cs:66)
ArenaDemoRunner:RunScenario (string,int,int,string) (at Assets/Editor/ArenaDemoRunner.cs:40)
ArenaDemoRunner:Run () (at Assets/Editor/ArenaDemoRunner.cs:22)

[Assets/Scripts/Arena/GridController.cs line 49]

Sphere: Destroy may not be called from edit mode! Use DestroyImmediate instead.
Destroying an object in edit mode destroys it permanently
UnityEngine.Debug:ExtractStackTraceNoAlloc (byte*,int,string)
UnityEngine.StackTraceUtility:ExtractStackTrace ()
UnityEngine.Object:Destroy (UnityEngine.Object,single)
UnityEngine.Object:Destroy (UnityEngine.Object)
QuizBattle.Arena.Visuals.ArenaColosseumBuilder:CreateCloud (UnityEngine.Transform,UnityEngine.Vector3,single) (at Assets/Scripts/Arena/Visuals/ArenaColosseumBuilder.cs:122)
QuizBattle.Arena.Visuals.ArenaColosseumBuilder:CreateSkyAndClouds (UnityEngine.Transform,UnityEngine.Vector3,single) (at Assets/Scripts/Arena/Visuals/ArenaColosseumBuilder.cs:78)
QuizBattle.Arena.Visuals.ArenaColosseumBuilder:Build (UnityEngine.Transform,int,int,single) (at Assets/Scripts/Arena/Visuals/ArenaColosseumBuilder.cs:25)
QuizBattle.Arena.GridController:BuildGrid (int,int,int) (at Assets/Scripts/Arena/GridController.cs:49)
QuizBattle.GameState.GameManager:RunAutoPlayMatch (int,int) (at Assets/Scripts/GameState/GameManager.cs:66)
ArenaDemoRunner:RunScenario (string,int,int,string) (at Assets/Editor/ArenaDemoRunner.cs:40)
ArenaDemoRunner:Run () (at Assets/Editor/ArenaDemoRunner.cs:22)

[Assets/Scripts/Arena/GridController.cs line 49]

Sphere: Destroy may not be called from edit mode! Use DestroyImmediate instead.
Destroying an object in edit mode destroys it permanently
UnityEngine.Debug:ExtractStackTraceNoAlloc (byte*,int,string)
UnityEngine.StackTraceUtility:ExtractStackTrace ()
UnityEngine.Object:Destroy (UnityEngine.Object,single)
UnityEngine.Object:Destroy (UnityEngine.Object)
QuizBattle.Arena.Visuals.ArenaColosseumBuilder:CreateCloud (UnityEngine.Transform,UnityEngine.Vector3,single) (at Assets/Scripts/Arena/Visuals/ArenaColosseumBuilder.cs:122)
QuizBattle.Arena.Visuals.ArenaColosseumBuilder:CreateSkyAndClouds (UnityEngine.Transform,UnityEngine.Vector3,single) (at Assets/Scripts/Arena/Visuals/ArenaColosseumBuilder.cs:78)
QuizBattle.Arena.Visuals.ArenaColosseumBuilder:Build (UnityEngine.Transform,int,int,single) (at Assets/Scripts/Arena/Visuals/ArenaColosseumBuilder.cs:25)
QuizBattle.Arena.GridController:BuildGrid (int,int,int) (at Assets/Scripts/Arena/GridController.cs:49)
QuizBattle.GameState.GameManager:RunAutoPlayMatch (int,int) (at Assets/Scripts/GameState/GameManager.cs:66)
ArenaDemoRunner:RunScenario (string,int,int,string) (at Assets/Editor/ArenaDemoRunner.cs:40)
ArenaDemoRunner:Run () (at Assets/Editor/ArenaDemoRunner.cs:22)

[Assets/Scripts/Arena/GridController.cs line 49]

Sphere: Destroy may not be called from edit mode! Use DestroyImmediate instead.
Destroying an object in edit mode destroys it permanently
UnityEngine.Debug:ExtractStackTraceNoAlloc (byte*,int,string)
UnityEngine.StackTraceUtility:ExtractStackTrace ()
UnityEngine.Object:Destroy (UnityEngine.Object,single)
UnityEngine.Object:Destroy (UnityEngine.Object)
QuizBattle.Arena.Visuals.ArenaColosseumBuilder:CreateCloud (UnityEngine.Transform,UnityEngine.Vector3,single) (at Assets/Scripts/Arena/Visuals/ArenaColosseumBuilder.cs:122)
QuizBattle.Arena.Visuals.ArenaColosseumBuilder:CreateSkyAndClouds (UnityEngine.Transform,UnityEngine.Vector3,single) (at Assets/Scripts/Arena/Visuals/ArenaColosseumBuilder.cs:78)
QuizBattle.Arena.Visuals.ArenaColosseumBuilder:Build (UnityEngine.Transform,int,int,single) (at Assets/Scripts/Arena/Visuals/ArenaColosseumBuilder.cs:25)
QuizBattle.Arena.GridController:BuildGrid (int,int,int) (at Assets/Scripts/Arena/GridController.cs:49)
QuizBattle.GameState.GameManager:RunAutoPlayMatch (int,int) (at Assets/Scripts/GameState/GameManager.cs:66)
ArenaDemoRunner:RunScenario (string,int,int,string) (at Assets/Editor/ArenaDemoRunner.cs:40)
ArenaDemoRunner:Run () (at Assets/Editor/ArenaDemoRunner.cs:22)

[Assets/Scripts/Arena/GridController.cs line 49]

Sphere: Destroy may not be called from edit mode! Use DestroyImmediate instead.
Destroying an object in edit mode destroys it permanently
UnityEngine.Debug:ExtractStackTraceNoAlloc (byte*,int,string)
UnityEngine.StackTraceUtility:ExtractStackTrace ()
UnityEngine.Object:Destroy (UnityEngine.Object,single)
UnityEngine.Object:Destroy (UnityEngine.Object)
QuizBattle.Arena.Visuals.ArenaColosseumBuilder:CreateCloud (UnityEngine.Transform,UnityEngine.Vector3,single) (at Assets/Scripts/Arena/Visuals/ArenaColosseumBuilder.cs:122)
QuizBattle.Arena.Visuals.ArenaColosseumBuilder:CreateSkyAndClouds (UnityEngine.Transform,UnityEngine.Vector3,single) (at Assets/Scripts/Arena/Visuals/ArenaColosseumBuilder.cs:78)
QuizBattle.Arena.Visuals.ArenaColosseumBuilder:Build (UnityEngine.Transform,int,int,single) (at Assets/Scripts/Arena/Visuals/ArenaColosseumBuilder.cs:25)
QuizBattle.Arena.GridController:BuildGrid (int,int,int) (at Assets/Scripts/Arena/GridController.cs:49)
QuizBattle.GameState.GameManager:RunAutoPlayMatch (int,int) (at Assets/Scripts/GameState/GameManager.cs:66)
ArenaDemoRunner:RunScenario (string,int,int,string) (at Assets/Editor/ArenaDemoRunner.cs:40)
ArenaDemoRunner:Run () (at Assets/Editor/ArenaDemoRunner.cs:22)

[Assets/Scripts/Arena/GridController.cs line 49]

Sphere: Destroy may not be called from edit mode! Use DestroyImmediate instead.
Destroying an object in edit mode destroys it permanently
UnityEngine.Debug:ExtractStackTraceNoAlloc (byte*,int,string)
UnityEngine.StackTraceUtility:ExtractStackTrace ()
UnityEngine.Object:Destroy (UnityEngine.Object,single)
UnityEngine.Object:Destroy (UnityEngine.Object)
QuizBattle.Arena.Visuals.ArenaColosseumBuilder:CreateCloud (UnityEngine.Transform,UnityEngine.Vector3,single) (at Assets/Scripts/Arena/Visuals/ArenaColosseumBuilder.cs:122)
QuizBattle.Arena.Visuals.ArenaColosseumBuilder:CreateSkyAndClouds (UnityEngine.Transform,UnityEngine.Vector3,single) (at Assets/Scripts/Arena/Visuals/ArenaColosseumBuilder.cs:78)
QuizBattle.Arena.Visuals.ArenaColosseumBuilder:Build (UnityEngine.Transform,int,int,single) (at Assets/Scripts/Arena/Visuals/ArenaColosseumBuilder.cs:25)
QuizBattle.Arena.GridController:BuildGrid (int,int,int) (at Assets/Scripts/Arena/GridController.cs:49)
QuizBattle.GameState.GameManager:RunAutoPlayMatch (int,int) (at Assets/Scripts/GameState/GameManager.cs:66)
ArenaDemoRunner:RunScenario (string,int,int,string) (at Assets/Editor/ArenaDemoRunner.cs:40)
ArenaDemoRunner:Run () (at Assets/Editor/ArenaDemoRunner.cs:22)

[Assets/Scripts/Arena/GridController.cs line 49]

Sphere: Destroy may not be called from edit mode! Use DestroyImmediate instead.
Destroying an object in edit mode destroys it permanently
UnityEngine.Debug:ExtractStackTraceNoAlloc (byte*,int,string)
UnityEngine.StackTraceUtility:ExtractStackTrace ()
UnityEngine.Object:Destroy (UnityEngine.Object,single)
UnityEngine.Object:Destroy (UnityEngine.Object)
QuizBattle.Arena.Visuals.ArenaColosseumBuilder:CreateCloud (UnityEngine.Transform,UnityEngine.Vector3,single) (at Assets/Scripts/Arena/Visuals/ArenaColosseumBuilder.cs:122)
QuizBattle.Arena.Visuals.ArenaColosseumBuilder:CreateSkyAndClouds (UnityEngine.Transform,UnityEngine.Vector3,single) (at Assets/Scripts/Arena/Visuals/ArenaColosseumBuilder.cs:78)
QuizBattle.Arena.Visuals.ArenaColosseumBuilder:Build (UnityEngine.Transform,int,int,single) (at Assets/Scripts/Arena/Visuals/ArenaColosseumBuilder.cs:25)
QuizBattle.Arena.GridController:BuildGrid (int,int,int) (at Assets/Scripts/Arena/GridController.cs:49)
QuizBattle.GameState.GameManager:RunAutoPlayMatch (int,int) (at Assets/Scripts/GameState/GameManager.cs:66)
ArenaDemoRunner:RunScenario (string,int,int,string) (at Assets/Editor/ArenaDemoRunner.cs:40)
ArenaDemoRunner:Run () (at Assets/Editor/ArenaDemoRunner.cs:22)

[Assets/Scripts/Arena/GridController.cs line 49]

Sphere: Destroy may not be called from edit mode! Use DestroyImmediate instead.
Destroying an object in edit mode destroys it permanently
UnityEngine.Debug:ExtractStackTraceNoAlloc (byte*,int,string)
UnityEngine.StackTraceUtility:ExtractStackTrace ()
UnityEngine.Object:Destroy (UnityEngine.Object,single)
UnityEngine.Object:Destroy (UnityEngine.Object)
QuizBattle.Arena.Visuals.ArenaColosseumBuilder:CreateCloud (UnityEngine.Transform,UnityEngine.Vector3,single) (at Assets/Scripts/Arena/Visuals/ArenaColosseumBuilder.cs:122)
QuizBattle.Arena.Visuals.ArenaColosseumBuilder:CreateSkyAndClouds (UnityEngine.Transform,UnityEngine.Vector3,single) (at Assets/Scripts/Arena/Visuals/ArenaColosseumBuilder.cs:78)
QuizBattle.Arena.Visuals.ArenaColosseumBuilder:Build (UnityEngine.Transform,int,int,single) (at Assets/Scripts/Arena/Visuals/ArenaColosseumBuilder.cs:25)
QuizBattle.Arena.GridController:BuildGrid (int,int,int) (at Assets/Scripts/Arena/GridController.cs:49)
QuizBattle.GameState.GameManager:RunAutoPlayMatch (int,int) (at Assets/Scripts/GameState/GameManager.cs:66)
ArenaDemoRunner:RunScenario (string,int,int,string) (at Assets/Editor/ArenaDemoRunner.cs:40)
ArenaDemoRunner:Run () (at Assets/Editor/ArenaDemoRunner.cs:22)

[Assets/Scripts/Arena/GridController.cs line 49]

Sphere: Destroy may not be called from edit mode! Use DestroyImmediate instead.
Destroying an object in edit mode destroys it permanently
UnityEngine.Debug:ExtractStackTraceNoAlloc (byte*,int,string)
UnityEngine.StackTraceUtility:ExtractStackTrace ()
UnityEngine.Object:Destroy (UnityEngine.Object,single)
UnityEngine.Object:Destroy (UnityEngine.Object)
QuizBattle.Arena.Visuals.ArenaColosseumBuilder:CreateCloud (UnityEngine.Transform,UnityEngine.Vector3,single) (at Assets/Scripts/Arena/Visuals/ArenaColosseumBuilder.cs:122)
QuizBattle.Arena.Visuals.ArenaColosseumBuilder:CreateSkyAndClouds (UnityEngine.Transform,UnityEngine.Vector3,single) (at Assets/Scripts/Arena/Visuals/ArenaColosseumBuilder.cs:78)
QuizBattle.Arena.Visuals.ArenaColosseumBuilder:Build (UnityEngine.Transform,int,int,single) (at Assets/Scripts/Arena/Visuals/ArenaColosseumBuilder.cs:25)
QuizBattle.Arena.GridController:BuildGrid (int,int,int) (at Assets/Scripts/Arena/GridController.cs:49)
QuizBattle.GameState.GameManager:RunAutoPlayMatch (int,int) (at Assets/Scripts/GameState/GameManager.cs:66)
ArenaDemoRunner:RunScenario (string,int,int,string) (at Assets/Editor/ArenaDemoRunner.cs:40)
ArenaDemoRunner:Run () (at Assets/Editor/ArenaDemoRunner.cs:22)

[Assets/Scripts/Arena/GridController.cs line 49]

Sphere: Destroy may not be called from edit mode! Use DestroyImmediate instead.
Destroying an object in edit mode destroys it permanently
UnityEngine.Debug:ExtractStackTraceNoAlloc (byte*,int,string)
UnityEngine.StackTraceUtility:ExtractStackTrace ()
UnityEngine.Object:Destroy (UnityEngine.Object,single)
UnityEngine.Object:Destroy (UnityEngine.Object)
QuizBattle.Arena.Visuals.ArenaColosseumBuilder:CreateCloud (UnityEngine.Transform,UnityEngine.Vector3,single) (at Assets/Scripts/Arena/Visuals/ArenaColosseumBuilder.cs:122)
QuizBattle.Arena.Visuals.ArenaColosseumBuilder:CreateSkyAndClouds (UnityEngine.Transform,UnityEngine.Vector3,single) (at Assets/Scripts/Arena/Visuals/ArenaColosseumBuilder.cs:78)
QuizBattle.Arena.Visuals.ArenaColosseumBuilder:Build (UnityEngine.Transform,int,int,single) (at Assets/Scripts/Arena/Visuals/ArenaColosseumBuilder.cs:25)
QuizBattle.Arena.GridController:BuildGrid (int,int,int) (at Assets/Scripts/Arena/GridController.cs:49)
QuizBattle.GameState.GameManager:RunAutoPlayMatch (int,int) (at Assets/Scripts/GameState/GameManager.cs:66)
ArenaDemoRunner:RunScenario (string,int,int,string) (at Assets/Editor/ArenaDemoRunner.cs:40)
ArenaDemoRunner:Run () (at Assets/Editor/ArenaDemoRunner.cs:22)

[Assets/Scripts/Arena/GridController.cs line 49]

Sphere: Destroy may not be called from edit mode! Use DestroyImmediate instead.
Destroying an object in edit mode destroys it permanently
UnityEngine.Debug:ExtractStackTraceNoAlloc (byte*,int,string)
UnityEngine.StackTraceUtility:ExtractStackTrace ()
UnityEngine.Object:Destroy (UnityEngine.Object,single)
UnityEngine.Object:Destroy (UnityEngine.Object)
QuizBattle.Arena.Visuals.ArenaColosseumBuilder:CreateCloud (UnityEngine.Transform,UnityEngine.Vector3,single) (at Assets/Scripts/Arena/Visuals/ArenaColosseumBuilder.cs:122)
QuizBattle.Arena.Visuals.ArenaColosseumBuilder:CreateSkyAndClouds (UnityEngine.Transform,UnityEngine.Vector3,single) (at Assets/Scripts/Arena/Visuals/ArenaColosseumBuilder.cs:78)
QuizBattle.Arena.Visuals.ArenaColosseumBuilder:Build (UnityEngine.Transform,int,int,single) (at Assets/Scripts/Arena/Visuals/ArenaColosseumBuilder.cs:25)
QuizBattle.Arena.GridController:BuildGrid (int,int,int) (at Assets/Scripts/Arena/GridController.cs:49)
QuizBattle.GameState.GameManager:RunAutoPlayMatch (int,int) (at Assets/Scripts/GameState/GameManager.cs:66)
ArenaDemoRunner:RunScenario (string,int,int,string) (at Assets/Editor/ArenaDemoRunner.cs:40)
ArenaDemoRunner:Run () (at Assets/Editor/ArenaDemoRunner.cs:22)

[Assets/Scripts/Arena/GridController.cs line 49]

Sphere: Destroy may not be called from edit mode! Use DestroyImmediate instead.
Destroying an object in edit mode destroys it permanently
UnityEngine.Debug:ExtractStackTraceNoAlloc (byte*,int,string)
UnityEngine.StackTraceUtility:ExtractStackTrace ()
UnityEngine.Object:Destroy (UnityEngine.Object,single)
UnityEngine.Object:Destroy (UnityEngine.Object)
QuizBattle.Arena.Visuals.ArenaColosseumBuilder:CreateCloud (UnityEngine.Transform,UnityEngine.Vector3,single) (at Assets/Scripts/Arena/Visuals/ArenaColosseumBuilder.cs:122)
QuizBattle.Arena.Visuals.ArenaColosseumBuilder:CreateSkyAndClouds (UnityEngine.Transform,UnityEngine.Vector3,single) (at Assets/Scripts/Arena/Visuals/ArenaColosseumBuilder.cs:78)
QuizBattle.Arena.Visuals.ArenaColosseumBuilder:Build (UnityEngine.Transform,int,int,single) (at Assets/Scripts/Arena/Visuals/ArenaColosseumBuilder.cs:25)
QuizBattle.Arena.GridController:BuildGrid (int,int,int) (at Assets/Scripts/Arena/GridController.cs:49)
QuizBattle.GameState.GameManager:RunAutoPlayMatch (int,int) (at Assets/Scripts/GameState/GameManager.cs:66)
ArenaDemoRunner:RunScenario (string,int,int,string) (at Assets/Editor/ArenaDemoRunner.cs:40)
ArenaDemoRunner:Run () (at Assets/Editor/ArenaDemoRunner.cs:22)

[Assets/Scripts/Arena/GridController.cs line 49]

Sphere: Destroy may not be called from edit mode! Use DestroyImmediate instead.
Destroying an object in edit mode destroys it permanently
UnityEngine.Debug:ExtractStackTraceNoAlloc (byte*,int,string)
UnityEngine.StackTraceUtility:ExtractStackTrace ()
UnityEngine.Object:Destroy (UnityEngine.Object,single)
UnityEngine.Object:Destroy (UnityEngine.Object)
QuizBattle.Arena.Visuals.ArenaColosseumBuilder:CreateCloud (UnityEngine.Transform,UnityEngine.Vector3,single) (at Assets/Scripts/Arena/Visuals/ArenaColosseumBuilder.cs:122)
QuizBattle.Arena.Visuals.ArenaColosseumBuilder:CreateSkyAndClouds (UnityEngine.Transform,UnityEngine.Vector3,single) (at Assets/Scripts/Arena/Visuals/ArenaColosseumBuilder.cs:78)
QuizBattle.Arena.Visuals.ArenaColosseumBuilder:Build (UnityEngine.Transform,int,int,single) (at Assets/Scripts/Arena/Visuals/ArenaColosseumBuilder.cs:25)
QuizBattle.Arena.GridController:BuildGrid (int,int,int) (at Assets/Scripts/Arena/GridController.cs:49)
QuizBattle.GameState.GameManager:RunAutoPlayMatch (int,int) (at Assets/Scripts/GameState/GameManager.cs:66)
ArenaDemoRunner:RunScenario (string,int,int,string) (at Assets/Editor/ArenaDemoRunner.cs:40)
ArenaDemoRunner:Run () (at Assets/Editor/ArenaDemoRunner.cs:22)

[Assets/Scripts/Arena/GridController.cs line 49]

Sphere: Destroy may not be called from edit mode! Use DestroyImmediate instead.
Destroying an object in edit mode destroys it permanently
UnityEngine.Debug:ExtractStackTraceNoAlloc (byte*,int,string)
UnityEngine.StackTraceUtility:ExtractStackTrace ()
UnityEngine.Object:Destroy (UnityEngine.Object,single)
UnityEngine.Object:Destroy (UnityEngine.Object)
QuizBattle.Arena.Visuals.ArenaColosseumBuilder:CreateCloud (UnityEngine.Transform,UnityEngine.Vector3,single) (at Assets/Scripts/Arena/Visuals/ArenaColosseumBuilder.cs:122)
QuizBattle.Arena.Visuals.ArenaColosseumBuilder:CreateSkyAndClouds (UnityEngine.Transform,UnityEngine.Vector3,single) (at Assets/Scripts/Arena/Visuals/ArenaColosseumBuilder.cs:78)
QuizBattle.Arena.Visuals.ArenaColosseumBuilder:Build (UnityEngine.Transform,int,int,single) (at Assets/Scripts/Arena/Visuals/ArenaColosseumBuilder.cs:25)
QuizBattle.Arena.GridController:BuildGrid (int,int,int) (at Assets/Scripts/Arena/GridController.cs:49)
QuizBattle.GameState.GameManager:RunAutoPlayMatch (int,int) (at Assets/Scripts/GameState/GameManager.cs:66)
ArenaDemoRunner:RunScenario (string,int,int,string) (at Assets/Editor/ArenaDemoRunner.cs:40)
ArenaDemoRunner:Run () (at Assets/Editor/ArenaDemoRunner.cs:22)

[Assets/Scripts/Arena/GridController.cs line 49]

Sphere: Destroy may not be called from edit mode! Use DestroyImmediate instead.
Destroying an object in edit mode destroys it permanently
UnityEngine.Debug:ExtractStackTraceNoAlloc (byte*,int,string)
UnityEngine.StackTraceUtility:ExtractStackTrace ()
UnityEngine.Object:Destroy (UnityEngine.Object,single)
UnityEngine.Object:Destroy (UnityEngine.Object)
QuizBattle.Arena.Visuals.ArenaColosseumBuilder:CreateCloud (UnityEngine.Transform,UnityEngine.Vector3,single) (at Assets/Scripts/Arena/Visuals/ArenaColosseumBuilder.cs:122)
QuizBattle.Arena.Visuals.ArenaColosseumBuilder:CreateSkyAndClouds (UnityEngine.Transform,UnityEngine.Vector3,single) (at Assets/Scripts/Arena/Visuals/ArenaColosseumBuilder.cs:78)
QuizBattle.Arena.Visuals.ArenaColosseumBuilder:Build (UnityEngine.Transform,int,int,single) (at Assets/Scripts/Arena/Visuals/ArenaColosseumBuilder.cs:25)
QuizBattle.Arena.GridController:BuildGrid (int,int,int) (at Assets/Scripts/Arena/GridController.cs:49)
QuizBattle.GameState.GameManager:RunAutoPlayMatch (int,int) (at Assets/Scripts/GameState/GameManager.cs:66)
ArenaDemoRunner:RunScenario (string,int,int,string) (at Assets/Editor/ArenaDemoRunner.cs:40)
ArenaDemoRunner:Run () (at Assets/Editor/ArenaDemoRunner.cs:22)

[Assets/Scripts/Arena/GridController.cs line 49]

WallSection: Destroy may not be called from edit mode! Use DestroyImmediate instead.
Destroying an object in edit mode destroys it permanently
UnityEngine.Debug:ExtractStackTraceNoAlloc (byte*,int,string)
UnityEngine.StackTraceUtility:ExtractStackTrace ()
UnityEngine.Object:Destroy (UnityEngine.Object,single)
UnityEngine.Object:Destroy (UnityEngine.Object)
QuizBattle.Arena.Visuals.ArenaColosseumBuilder:CreateWallSection (UnityEngine.Transform,UnityEngine.Vector3,UnityEngine.Vector3,UnityEngine.Material,bool) (at Assets/Scripts/Arena/Visuals/ArenaColosseumBuilder.cs:213)
QuizBattle.Arena.Visuals.ArenaColosseumBuilder:CreateStadiumWallsAndTowers (UnityEngine.Transform,UnityEngine.Vector3,single,single) (at Assets/Scripts/Arena/Visuals/ArenaColosseumBuilder.cs:172)
QuizBattle.Arena.Visuals.ArenaColosseumBuilder:Build (UnityEngine.Transform,int,int,single) (at Assets/Scripts/Arena/Visuals/ArenaColosseumBuilder.cs:26)
QuizBattle.Arena.GridController:BuildGrid (int,int,int) (at Assets/Scripts/Arena/GridController.cs:49)
QuizBattle.GameState.GameManager:RunAutoPlayMatch (int,int) (at Assets/Scripts/GameState/GameManager.cs:66)
ArenaDemoRunner:RunScenario (string,int,int,string) (at Assets/Editor/ArenaDemoRunner.cs:40)
ArenaDemoRunner:Run () (at Assets/Editor/ArenaDemoRunner.cs:22)

[Assets/Scripts/Arena/GridController.cs line 49]

Crenellation: Destroy may not be called from edit mode! Use DestroyImmediate instead.
Destroying an object in edit mode destroys it permanently
UnityEngine.Debug:ExtractStackTraceNoAlloc (byte*,int,string)
UnityEngine.StackTraceUtility:ExtractStackTrace ()
UnityEngine.Object:Destroy (UnityEngine.Object,single)
UnityEngine.Object:Destroy (UnityEngine.Object)
QuizBattle.Arena.Visuals.ArenaColosseumBuilder:CreateWallSection (UnityEngine.Transform,UnityEngine.Vector3,UnityEngine.Vector3,UnityEngine.Material,bool) (at Assets/Scripts/Arena/Visuals/ArenaColosseumBuilder.cs:229)
QuizBattle.Arena.Visuals.ArenaColosseumBuilder:CreateStadiumWallsAndTowers (UnityEngine.Transform,UnityEngine.Vector3,single,single) (at Assets/Scripts/Arena/Visuals/ArenaColosseumBuilder.cs:172)
QuizBattle.Arena.Visuals.ArenaColosseumBuilder:Build (UnityEngine.Transform,int,int,single) (at Assets/Scripts/Arena/Visuals/ArenaColosseumBuilder.cs:26)
QuizBattle.Arena.GridController:BuildGrid (int,int,int) (at Assets/Scripts/Arena/GridController.cs:49)
QuizBattle.GameState.GameManager:RunAutoPlayMatch (int,int) (at Assets/Scripts/GameState/GameManager.cs:66)
ArenaDemoRunner:RunScenario (string,int,int,string) (at Assets/Editor/ArenaDemoRunner.cs:40)
ArenaDemoRunner:Run () (at Assets/Editor/ArenaDemoRunner.cs:22)

[Assets/Scripts/Arena/GridController.cs line 49]

Crenellation: Destroy may not be called from edit mode! Use DestroyImmediate instead.
Destroying an object in edit mode destroys it permanently
UnityEngine.Debug:ExtractStackTraceNoAlloc (byte*,int,string)
UnityEngine.StackTraceUtility:ExtractStackTrace ()
UnityEngine.Object:Destroy (UnityEngine.Object,single)
UnityEngine.Object:Destroy (UnityEngine.Object)
QuizBattle.Arena.Visuals.ArenaColosseumBuilder:CreateWallSection (UnityEngine.Transform,UnityEngine.Vector3,UnityEngine.Vector3,UnityEngine.Material,bool) (at Assets/Scripts/Arena/Visuals/ArenaColosseumBuilder.cs:229)
QuizBattle.Arena.Visuals.ArenaColosseumBuilder:CreateStadiumWallsAndTowers (UnityEngine.Transform,UnityEngine.Vector3,single,single) (at Assets/Scripts/Arena/Visuals/ArenaColosseumBuilder.cs:172)
QuizBattle.Arena.Visuals.ArenaColosseumBuilder:Build (UnityEngine.Transform,int,int,single) (at Assets/Scripts/Arena/Visuals/ArenaColosseumBuilder.cs:26)
QuizBattle.Arena.GridController:BuildGrid (int,int,int) (at Assets/Scripts/Arena/GridController.cs:49)
QuizBattle.GameState.GameManager:RunAutoPlayMatch (int,int) (at Assets/Scripts/GameState/GameManager.cs:66)
ArenaDemoRunner:RunScenario (string,int,int,string) (at Assets/Editor/ArenaDemoRunner.cs:40)
ArenaDemoRunner:Run () (at Assets/Editor/ArenaDemoRunner.cs:22)

[Assets/Scripts/Arena/GridController.cs line 49]

Crenellation: Destroy may not be called from edit mode! Use DestroyImmediate instead.
Destroying an object in edit mode destroys it permanently
UnityEngine.Debug:ExtractStackTraceNoAlloc (byte*,int,string)
UnityEngine.StackTraceUtility:ExtractStackTrace ()
UnityEngine.Object:Destroy (UnityEngine.Object,single)
UnityEngine.Object:Destroy (UnityEngine.Object)
QuizBattle.Arena.Visuals.ArenaColosseumBuilder:CreateWallSection (UnityEngine.Transform,UnityEngine.Vector3,UnityEngine.Vector3,UnityEngine.Material,bool) (at Assets/Scripts/Arena/Visuals/ArenaColosseumBuilder.cs:229)
QuizBattle.Arena.Visuals.ArenaColosseumBuilder:CreateStadiumWallsAndTowers (UnityEngine.Transform,UnityEngine.Vector3,single,single) (at Assets/Scripts/Arena/Visuals/ArenaColosseumBuilder.cs:172)
QuizBattle.Arena.Visuals.ArenaColosseumBuilder:Build (UnityEngine.Transform,int,int,single) (at Assets/Scripts/Arena/Visuals/ArenaColosseumBuilder.cs:26)
QuizBattle.Arena.GridController:BuildGrid (int,int,int) (at Assets/Scripts/Arena/GridController.cs:49)
QuizBattle.GameState.GameManager:RunAutoPlayMatch (int,int) (at Assets/Scripts/GameState/GameManager.cs:66)
ArenaDemoRunner:RunScenario (string,int,int,string) (at Assets/Editor/ArenaDemoRunner.cs:40)
ArenaDemoRunner:Run () (at Assets/Editor/ArenaDemoRunner.cs:22)

[Assets/Scripts/Arena/GridController.cs line 49]

Crenellation: Destroy may not be called from edit mode! Use DestroyImmediate instead.
Destroying an object in edit mode destroys it permanently
UnityEngine.Debug:ExtractStackTraceNoAlloc (byte*,int,string)
UnityEngine.StackTraceUtility:ExtractStackTrace ()
UnityEngine.Object:Destroy (UnityEngine.Object,single)
UnityEngine.Object:Destroy (UnityEngine.Object)
QuizBattle.Arena.Visuals.ArenaColosseumBuilder:CreateWallSection (UnityEngine.Transform,UnityEngine.Vector3,UnityEngine.Vector3,UnityEngine.Material,bool) (at Assets/Scripts/Arena/Visuals/ArenaColosseumBuilder.cs:229)
QuizBattle.Arena.Visuals.ArenaColosseumBuilder:CreateStadiumWallsAndTowers (UnityEngine.Transform,UnityEngine.Vector3,single,single) (at Assets/Scripts/Arena/Visuals/ArenaColosseumBuilder.cs:172)
QuizBattle.Arena.Visuals.ArenaColosseumBuilder:Build (UnityEngine.Transform,int,int,single) (at Assets/Scripts/Arena/Visuals/ArenaColosseumBuilder.cs:26)
QuizBattle.Arena.GridController:BuildGrid (int,int,int) (at Assets/Scripts/Arena/GridController.cs:49)
QuizBattle.GameState.GameManager:RunAutoPlayMatch (int,int) (at Assets/Scripts/GameState/GameManager.cs:66)
ArenaDemoRunner:RunScenario (string,int,int,string) (at Assets/Editor/ArenaDemoRunner.cs:40)
ArenaDemoRunner:Run () (at Assets/Editor/ArenaDemoRunner.cs:22)

[Assets/Scripts/Arena/GridController.cs line 49]

Crenellation: Destroy may not be called from edit mode! Use DestroyImmediate instead.
Destroying an object in edit mode destroys it permanently
UnityEngine.Debug:ExtractStackTraceNoAlloc (byte*,int,string)
UnityEngine.StackTraceUtility:ExtractStackTrace ()
UnityEngine.Object:Destroy (UnityEngine.Object,single)
UnityEngine.Object:Destroy (UnityEngine.Object)
QuizBattle.Arena.Visuals.ArenaColosseumBuilder:CreateWallSection (UnityEngine.Transform,UnityEngine.Vector3,UnityEngine.Vector3,UnityEngine.Material,bool) (at Assets/Scripts/Arena/Visuals/ArenaColosseumBuilder.cs:229)
QuizBattle.Arena.Visuals.ArenaColosseumBuilder:CreateStadiumWallsAndTowers (UnityEngine.Transform,UnityEngine.Vector3,single,single) (at Assets/Scripts/Arena/Visuals/ArenaColosseumBuilder.cs:172)
QuizBattle.Arena.Visuals.ArenaColosseumBuilder:Build (UnityEngine.Transform,int,int,single) (at Assets/Scripts/Arena/Visuals/ArenaColosseumBuilder.cs:26)
QuizBattle.Arena.GridController:BuildGrid (int,int,int) (at Assets/Scripts/Arena/GridController.cs:49)
QuizBattle.GameState.GameManager:RunAutoPlayMatch (int,int) (at Assets/Scripts/GameState/GameManager.cs:66)
ArenaDemoRunner:RunScenario (string,int,int,string) (at Assets/Editor/ArenaDemoRunner.cs:40)
ArenaDemoRunner:Run () (at Assets/Editor/ArenaDemoRunner.cs:22)

[Assets/Scripts/Arena/GridController.cs line 49]

WallSection: Destroy may not be called from edit mode! Use DestroyImmediate instead.
Destroying an object in edit mode destroys it permanently
UnityEngine.Debug:ExtractStackTraceNoAlloc (byte*,int,string)
UnityEngine.StackTraceUtility:ExtractStackTrace ()
UnityEngine.Object:Destroy (UnityEngine.Object,single)
UnityEngine.Object:Destroy (UnityEngine.Object)
QuizBattle.Arena.Visuals.ArenaColosseumBuilder:CreateWallSection (UnityEngine.Transform,UnityEngine.Vector3,UnityEngine.Vector3,UnityEngine.Material,bool) (at Assets/Scripts/Arena/Visuals/ArenaColosseumBuilder.cs:213)
QuizBattle.Arena.Visuals.ArenaColosseumBuilder:CreateStadiumWallsAndTowers (UnityEngine.Transform,UnityEngine.Vector3,single,single) (at Assets/Scripts/Arena/Visuals/ArenaColosseumBuilder.cs:176)
QuizBattle.Arena.Visuals.ArenaColosseumBuilder:Build (UnityEngine.Transform,int,int,single) (at Assets/Scripts/Arena/Visuals/ArenaColosseumBuilder.cs:26)
QuizBattle.Arena.GridController:BuildGrid (int,int,int) (at Assets/Scripts/Arena/GridController.cs:49)
QuizBattle.GameState.GameManager:RunAutoPlayMatch (int,int) (at Assets/Scripts/GameState/GameManager.cs:66)
ArenaDemoRunner:RunScenario (string,int,int,string) (at Assets/Editor/ArenaDemoRunner.cs:40)
ArenaDemoRunner:Run () (at Assets/Editor/ArenaDemoRunner.cs:22)

[Assets/Scripts/Arena/GridController.cs line 49]

Crenellation: Destroy may not be called from edit mode! Use DestroyImmediate instead.
Destroying an object in edit mode destroys it permanently
UnityEngine.Debug:ExtractStackTraceNoAlloc (byte*,int,string)
UnityEngine.StackTraceUtility:ExtractStackTrace ()
UnityEngine.Object:Destroy (UnityEngine.Object,single)
UnityEngine.Object:Destroy (UnityEngine.Object)
QuizBattle.Arena.Visuals.ArenaColosseumBuilder:CreateWallSection (UnityEngine.Transform,UnityEngine.Vector3,UnityEngine.Vector3,UnityEngine.Material,bool) (at Assets/Scripts/Arena/Visuals/ArenaColosseumBuilder.cs:229)
QuizBattle.Arena.Visuals.ArenaColosseumBuilder:CreateStadiumWallsAndTowers (UnityEngine.Transform,UnityEngine.Vector3,single,single) (at Assets/Scripts/Arena/Visuals/ArenaColosseumBuilder.cs:176)
QuizBattle.Arena.Visuals.ArenaColosseumBuilder:Build (UnityEngine.Transform,int,int,single) (at Assets/Scripts/Arena/Visuals/ArenaColosseumBuilder.cs:26)
QuizBattle.Arena.GridController:BuildGrid (int,int,int) (at Assets/Scripts/Arena/GridController.cs:49)
QuizBattle.GameState.GameManager:RunAutoPlayMatch (int,int) (at Assets/Scripts/GameState/GameManager.cs:66)
ArenaDemoRunner:RunScenario (string,int,int,string) (at Assets/Editor/ArenaDemoRunner.cs:40)
ArenaDemoRunner:Run () (at Assets/Editor/ArenaDemoRunner.cs:22)

[Assets/Scripts/Arena/GridController.cs line 49]

Crenellation: Destroy may not be called from edit mode! Use DestroyImmediate instead.
Destroying an object in edit mode destroys it permanently
UnityEngine.Debug:ExtractStackTraceNoAlloc (byte*,int,string)
UnityEngine.StackTraceUtility:ExtractStackTrace ()
UnityEngine.Object:Destroy (UnityEngine.Object,single)
UnityEngine.Object:Destroy (UnityEngine.Object)
QuizBattle.Arena.Visuals.ArenaColosseumBuilder:CreateWallSection (UnityEngine.Transform,UnityEngine.Vector3,UnityEngine.Vector3,UnityEngine.Material,bool) (at Assets/Scripts/Arena/Visuals/ArenaColosseumBuilder.cs:229)
QuizBattle.Arena.Visuals.ArenaColosseumBuilder:CreateStadiumWallsAndTowers (UnityEngine.Transform,UnityEngine.Vector3,single,single) (at Assets/Scripts/Arena/Visuals/ArenaColosseumBuilder.cs:176)
QuizBattle.Arena.Visuals.ArenaColosseumBuilder:Build (UnityEngine.Transform,int,int,single) (at Assets/Scripts/Arena/Visuals/ArenaColosseumBuilder.cs:26)
QuizBattle.Arena.GridController:BuildGrid (int,int,int) (at Assets/Scripts/Arena/GridController.cs:49)
QuizBattle.GameState.GameManager:RunAutoPlayMatch (int,int) (at Assets/Scripts/GameState/GameManager.cs:66)
ArenaDemoRunner:RunScenario (string,int,int,string) (at Assets/Editor/ArenaDemoRunner.cs:40)
ArenaDemoRunner:Run () (at Assets/Editor/ArenaDemoRunner.cs:22)

[Assets/Scripts/Arena/GridController.cs line 49]

Crenellation: Destroy may not be called from edit mode! Use DestroyImmediate instead.
Destroying an object in edit mode destroys it permanently
UnityEngine.Debug:ExtractStackTraceNoAlloc (byte*,int,string)
UnityEngine.StackTraceUtility:ExtractStackTrace ()
UnityEngine.Object:Destroy (UnityEngine.Object,single)
UnityEngine.Object:Destroy (UnityEngine.Object)
QuizBattle.Arena.Visuals.ArenaColosseumBuilder:CreateWallSection (UnityEngine.Transform,UnityEngine.Vector3,UnityEngine.Vector3,UnityEngine.Material,bool) (at Assets/Scripts/Arena/Visuals/ArenaColosseumBuilder.cs:229)
QuizBattle.Arena.Visuals.ArenaColosseumBuilder:CreateStadiumWallsAndTowers (UnityEngine.Transform,UnityEngine.Vector3,single,single) (at Assets/Scripts/Arena/Visuals/ArenaColosseumBuilder.cs:176)
QuizBattle.Arena.Visuals.ArenaColosseumBuilder:Build (UnityEngine.Transform,int,int,single) (at Assets/Scripts/Arena/Visuals/ArenaColosseumBuilder.cs:26)
QuizBattle.Arena.GridController:BuildGrid (int,int,int) (at Assets/Scripts/Arena/GridController.cs:49)
QuizBattle.GameState.GameManager:RunAutoPlayMatch (int,int) (at Assets/Scripts/GameState/GameManager.cs:66)
ArenaDemoRunner:RunScenario (string,int,int,string) (at Assets/Editor/ArenaDemoRunner.cs:40)
ArenaDemoRunner:Run () (at Assets/Editor/ArenaDemoRunner.cs:22)

[Assets/Scripts/Arena/GridController.cs line 49]

Crenellation: Destroy may not be called from edit mode! Use DestroyImmediate instead.
Destroying an object in edit mode destroys it permanently
UnityEngine.Debug:ExtractStackTraceNoAlloc (byte*,int,string)
UnityEngine.StackTraceUtility:ExtractStackTrace ()
UnityEngine.Object:Destroy (UnityEngine.Object,single)
UnityEngine.Object:Destroy (UnityEngine.Object)
QuizBattle.Arena.Visuals.ArenaColosseumBuilder:CreateWallSection (UnityEngine.Transform,UnityEngine.Vector3,UnityEngine.Vector3,UnityEngine.Material,bool) (at Assets/Scripts/Arena/Visuals/ArenaColosseumBuilder.cs:229)
QuizBattle.Arena.Visuals.ArenaColosseumBuilder:CreateStadiumWallsAndTowers (UnityEngine.Transform,UnityEngine.Vector3,single,single) (at Assets/Scripts/Arena/Visuals/ArenaColosseumBuilder.cs:176)
QuizBattle.Arena.Visuals.ArenaColosseumBuilder:Build (UnityEngine.Transform,int,int,single) (at Assets/Scripts/Arena/Visuals/ArenaColosseumBuilder.cs:26)
QuizBattle.Arena.GridController:BuildGrid (int,int,int) (at Assets/Scripts/Arena/GridController.cs:49)
QuizBattle.GameState.GameManager:RunAutoPlayMatch (int,int) (at Assets/Scripts/GameState/GameManager.cs:66)
ArenaDemoRunner:RunScenario (string,int,int,string) (at Assets/Editor/ArenaDemoRunner.cs:40)
ArenaDemoRunner:Run () (at Assets/Editor/ArenaDemoRunner.cs:22)

[Assets/Scripts/Arena/GridController.cs line 49]

Crenellation: Destroy may not be called from edit mode! Use DestroyImmediate instead.
Destroying an object in edit mode destroys it permanently
UnityEngine.Debug:ExtractStackTraceNoAlloc (byte*,int,string)
UnityEngine.StackTraceUtility:ExtractStackTrace ()
UnityEngine.Object:Destroy (UnityEngine.Object,single)
UnityEngine.Object:Destroy (UnityEngine.Object)
QuizBattle.Arena.Visuals.ArenaColosseumBuilder:CreateWallSection (UnityEngine.Transform,UnityEngine.Vector3,UnityEngine.Vector3,UnityEngine.Material,bool) (at Assets/Scripts/Arena/Visuals/ArenaColosseumBuilder.cs:229)
QuizBattle.Arena.Visuals.ArenaColosseumBuilder:CreateStadiumWallsAndTowers (UnityEngine.Transform,UnityEngine.Vector3,single,single) (at Assets/Scripts/Arena/Visuals/ArenaColosseumBuilder.cs:176)
QuizBattle.Arena.Visuals.ArenaColosseumBuilder:Build (UnityEngine.Transform,int,int,single) (at Assets/Scripts/Arena/Visuals/ArenaColosseumBuilder.cs:26)
QuizBattle.Arena.GridController:BuildGrid (int,int,int) (at Assets/Scripts/Arena/GridController.cs:49)
QuizBattle.GameState.GameManager:RunAutoPlayMatch (int,int) (at Assets/Scripts/GameState/GameManager.cs:66)
ArenaDemoRunner:RunScenario (string,int,int,string) (at Assets/Editor/ArenaDemoRunner.cs:40)
ArenaDemoRunner:Run () (at Assets/Editor/ArenaDemoRunner.cs:22)

[Assets/Scripts/Arena/GridController.cs line 49]

WallSection: Destroy may not be called from edit mode! Use DestroyImmediate instead.
Destroying an object in edit mode destroys it permanently
UnityEngine.Debug:ExtractStackTraceNoAlloc (byte*,int,string)
UnityEngine.StackTraceUtility:ExtractStackTrace ()
UnityEngine.Object:Destroy (UnityEngine.Object,single)
UnityEngine.Object:Destroy (UnityEngine.Object)
QuizBattle.Arena.Visuals.ArenaColosseumBuilder:CreateWallSection (UnityEngine.Transform,UnityEngine.Vector3,UnityEngine.Vector3,UnityEngine.Material,bool) (at Assets/Scripts/Arena/Visuals/ArenaColosseumBuilder.cs:213)
QuizBattle.Arena.Visuals.ArenaColosseumBuilder:CreateStadiumWallsAndTowers (UnityEngine.Transform,UnityEngine.Vector3,single,single) (at Assets/Scripts/Arena/Visuals/ArenaColosseumBuilder.cs:180)
QuizBattle.Arena.Visuals.ArenaColosseumBuilder:Build (UnityEngine.Transform,int,int,single) (at Assets/Scripts/Arena/Visuals/ArenaColosseumBuilder.cs:26)
QuizBattle.Arena.GridController:BuildGrid (int,int,int) (at Assets/Scripts/Arena/GridController.cs:49)
QuizBattle.GameState.GameManager:RunAutoPlayMatch (int,int) (at Assets/Scripts/GameState/GameManager.cs:66)
ArenaDemoRunner:RunScenario (string,int,int,string) (at Assets/Editor/ArenaDemoRunner.cs:40)
ArenaDemoRunner:Run () (at Assets/Editor/ArenaDemoRunner.cs:22)

[Assets/Scripts/Arena/GridController.cs line 49]

WallSection: Destroy may not be called from edit mode! Use DestroyImmediate instead.
Destroying an object in edit mode destroys it permanently
UnityEngine.Debug:ExtractStackTraceNoAlloc (byte*,int,string)
UnityEngine.StackTraceUtility:ExtractStackTrace ()
UnityEngine.Object:Destroy (UnityEngine.Object,single)
UnityEngine.Object:Destroy (UnityEngine.Object)
QuizBattle.Arena.Visuals.ArenaColosseumBuilder:CreateWallSection (UnityEngine.Transform,UnityEngine.Vector3,UnityEngine.Vector3,UnityEngine.Material,bool) (at Assets/Scripts/Arena/Visuals/ArenaColosseumBuilder.cs:213)
QuizBattle.Arena.Visuals.ArenaColosseumBuilder:CreateStadiumWallsAndTowers (UnityEngine.Transform,UnityEngine.Vector3,single,single) (at Assets/Scripts/Arena/Visuals/ArenaColosseumBuilder.cs:183)
QuizBattle.Arena.Visuals.ArenaColosseumBuilder:Build (UnityEngine.Transform,int,int,single) (at Assets/Scripts/Arena/Visuals/ArenaColosseumBuilder.cs:26)
QuizBattle.Arena.GridController:BuildGrid (int,int,int) (at Assets/Scripts/Arena/GridController.cs:49)
QuizBattle.GameState.GameManager:RunAutoPlayMatch (int,int) (at Assets/Scripts/GameState/GameManager.cs:66)
ArenaDemoRunner:RunScenario (string,int,int,string) (at Assets/Editor/ArenaDemoRunner.cs:40)
ArenaDemoRunner:Run () (at Assets/Editor/ArenaDemoRunner.cs:22)

[Assets/Scripts/Arena/GridController.cs line 49]

Bench_Tier_0: Destroy may not be called from edit mode! Use DestroyImmediate instead.
Destroying an object in edit mode destroys it permanently
UnityEngine.Debug:ExtractStackTraceNoAlloc (byte*,int,string)
UnityEngine.StackTraceUtility:ExtractStackTrace ()
UnityEngine.Object:Destroy (UnityEngine.Object,single)
UnityEngine.Object:Destroy (UnityEngine.Object)
QuizBattle.Arena.Visuals.ArenaColosseumBuilder:CreateSpectatorBenches (UnityEngine.Transform,UnityEngine.Vector3,single,UnityEngine.Material,bool) (at Assets/Scripts/Arena/Visuals/ArenaColosseumBuilder.cs:249)
QuizBattle.Arena.Visuals.ArenaColosseumBuilder:CreateStadiumWallsAndTowers (UnityEngine.Transform,UnityEngine.Vector3,single,single) (at Assets/Scripts/Arena/Visuals/ArenaColosseumBuilder.cs:187)
QuizBattle.Arena.Visuals.ArenaColosseumBuilder:Build (UnityEngine.Transform,int,int,single) (at Assets/Scripts/Arena/Visuals/ArenaColosseumBuilder.cs:26)
QuizBattle.Arena.GridController:BuildGrid (int,int,int) (at Assets/Scripts/Arena/GridController.cs:49)
QuizBattle.GameState.GameManager:RunAutoPlayMatch (int,int) (at Assets/Scripts/GameState/GameManager.cs:66)
ArenaDemoRunner:RunScenario (string,int,int,string) (at Assets/Editor/ArenaDemoRunner.cs:40)
ArenaDemoRunner:Run () (at Assets/Editor/ArenaDemoRunner.cs:22)

[Assets/Scripts/Arena/GridController.cs line 49]

Bench_Tier_1: Destroy may not be called from edit mode! Use DestroyImmediate instead.
Destroying an object in edit mode destroys it permanently
UnityEngine.Debug:ExtractStackTraceNoAlloc (byte*,int,string)
UnityEngine.StackTraceUtility:ExtractStackTrace ()
UnityEngine.Object:Destroy (UnityEngine.Object,single)
UnityEngine.Object:Destroy (UnityEngine.Object)
QuizBattle.Arena.Visuals.ArenaColosseumBuilder:CreateSpectatorBenches (UnityEngine.Transform,UnityEngine.Vector3,single,UnityEngine.Material,bool) (at Assets/Scripts/Arena/Visuals/ArenaColosseumBuilder.cs:249)
QuizBattle.Arena.Visuals.ArenaColosseumBuilder:CreateStadiumWallsAndTowers (UnityEngine.Transform,UnityEngine.Vector3,single,single) (at Assets/Scripts/Arena/Visuals/ArenaColosseumBuilder.cs:187)
QuizBattle.Arena.Visuals.ArenaColosseumBuilder:Build (UnityEngine.Transform,int,int,single) (at Assets/Scripts/Arena/Visuals/ArenaColosseumBuilder.cs:26)
QuizBattle.Arena.GridController:BuildGrid (int,int,int) (at Assets/Scripts/Arena/GridController.cs:49)
QuizBattle.GameState.GameManager:RunAutoPlayMatch (int,int) (at Assets/Scripts/GameState/GameManager.cs:66)
ArenaDemoRunner:RunScenario (string,int,int,string) (at Assets/Editor/ArenaDemoRunner.cs:40)
ArenaDemoRunner:Run () (at Assets/Editor/ArenaDemoRunner.cs:22)

[Assets/Scripts/Arena/GridController.cs line 49]

Bench_Tier_2: Destroy may not be called from edit mode! Use DestroyImmediate instead.
Destroying an object in edit mode destroys it permanently
UnityEngine.Debug:ExtractStackTraceNoAlloc (byte*,int,string)
UnityEngine.StackTraceUtility:ExtractStackTrace ()
UnityEngine.Object:Destroy (UnityEngine.Object,single)
UnityEngine.Object:Destroy (UnityEngine.Object)
QuizBattle.Arena.Visuals.ArenaColosseumBuilder:CreateSpectatorBenches (UnityEngine.Transform,UnityEngine.Vector3,single,UnityEngine.Material,bool) (at Assets/Scripts/Arena/Visuals/ArenaColosseumBuilder.cs:249)
QuizBattle.Arena.Visuals.ArenaColosseumBuilder:CreateStadiumWallsAndTowers (UnityEngine.Transform,UnityEngine.Vector3,single,single) (at Assets/Scripts/Arena/Visuals/ArenaColosseumBuilder.cs:187)
QuizBattle.Arena.Visuals.ArenaColosseumBuilder:Build (UnityEngine.Transform,int,int,single) (at Assets/Scripts/Arena/Visuals/ArenaColosseumBuilder.cs:26)
QuizBattle.Arena.GridController:BuildGrid (int,int,int) (at Assets/Scripts/Arena/GridController.cs:49)
QuizBattle.GameState.GameManager:RunAutoPlayMatch (int,int) (at Assets/Scripts/GameState/GameManager.cs:66)
ArenaDemoRunner:RunScenario (string,int,int,string) (at Assets/Editor/ArenaDemoRunner.cs:40)
ArenaDemoRunner:Run () (at Assets/Editor/ArenaDemoRunner.cs:22)

[Assets/Scripts/Arena/GridController.cs line 49]

Bench_Tier_0: Destroy may not be called from edit mode! Use DestroyImmediate instead.
Destroying an object in edit mode destroys it permanently
UnityEngine.Debug:ExtractStackTraceNoAlloc (byte*,int,string)
UnityEngine.StackTraceUtility:ExtractStackTrace ()
UnityEngine.Object:Destroy (UnityEngine.Object,single)
UnityEngine.Object:Destroy (UnityEngine.Object)
QuizBattle.Arena.Visuals.ArenaColosseumBuilder:CreateSpectatorBenches (UnityEngine.Transform,UnityEngine.Vector3,single,UnityEngine.Material,bool) (at Assets/Scripts/Arena/Visuals/ArenaColosseumBuilder.cs:249)
QuizBattle.Arena.Visuals.ArenaColosseumBuilder:CreateStadiumWallsAndTowers (UnityEngine.Transform,UnityEngine.Vector3,single,single) (at Assets/Scripts/Arena/Visuals/ArenaColosseumBuilder.cs:188)
QuizBattle.Arena.Visuals.ArenaColosseumBuilder:Build (UnityEngine.Transform,int,int,single) (at Assets/Scripts/Arena/Visuals/ArenaColosseumBuilder.cs:26)
QuizBattle.Arena.GridController:BuildGrid (int,int,int) (at Assets/Scripts/Arena/GridController.cs:49)
QuizBattle.GameState.GameManager:RunAutoPlayMatch (int,int) (at Assets/Scripts/GameState/GameManager.cs:66)
ArenaDemoRunner:RunScenario (string,int,int,string) (at Assets/Editor/ArenaDemoRunner.cs:40)
ArenaDemoRunner:Run () (at Assets/Editor/ArenaDemoRunner.cs:22)

[Assets/Scripts/Arena/GridController.cs line 49]

Bench_Tier_1: Destroy may not be called from edit mode! Use DestroyImmediate instead.
Destroying an object in edit mode destroys it permanently
UnityEngine.Debug:ExtractStackTraceNoAlloc (byte*,int,string)
UnityEngine.StackTraceUtility:ExtractStackTrace ()
UnityEngine.Object:Destroy (UnityEngine.Object,single)
UnityEngine.Object:Destroy (UnityEngine.Object)
QuizBattle.Arena.Visuals.ArenaColosseumBuilder:CreateSpectatorBenches (UnityEngine.Transform,UnityEngine.Vector3,single,UnityEngine.Material,bool) (at Assets/Scripts/Arena/Visuals/ArenaColosseumBuilder.cs:249)
QuizBattle.Arena.Visuals.ArenaColosseumBuilder:CreateStadiumWallsAndTowers (UnityEngine.Transform,UnityEngine.Vector3,single,single) (at Assets/Scripts/Arena/Visuals/ArenaColosseumBuilder.cs:188)
QuizBattle.Arena.Visuals.ArenaColosseumBuilder:Build (UnityEngine.Transform,int,int,single) (at Assets/Scripts/Arena/Visuals/ArenaColosseumBuilder.cs:26)
QuizBattle.Arena.GridController:BuildGrid (int,int,int) (at Assets/Scripts/Arena/GridController.cs:49)
QuizBattle.GameState.GameManager:RunAutoPlayMatch (int,int) (at Assets/Scripts/GameState/GameManager.cs:66)
ArenaDemoRunner:RunScenario (string,int,int,string) (at Assets/Editor/ArenaDemoRunner.cs:40)
ArenaDemoRunner:Run () (at Assets/Editor/ArenaDemoRunner.cs:22)

[Assets/Scripts/Arena/GridController.cs line 49]

Bench_Tier_2: Destroy may not be called from edit mode! Use DestroyImmediate instead.
Destroying an object in edit mode destroys it permanently
UnityEngine.Debug:ExtractStackTraceNoAlloc (byte*,int,string)
UnityEngine.StackTraceUtility:ExtractStackTrace ()
UnityEngine.Object:Destroy (UnityEngine.Object,single)
UnityEngine.Object:Destroy (UnityEngine.Object)
QuizBattle.Arena.Visuals.ArenaColosseumBuilder:CreateSpectatorBenches (UnityEngine.Transform,UnityEngine.Vector3,single,UnityEngine.Material,bool) (at Assets/Scripts/Arena/Visuals/ArenaColosseumBuilder.cs:249)
QuizBattle.Arena.Visuals.ArenaColosseumBuilder:CreateStadiumWallsAndTowers (UnityEngine.Transform,UnityEngine.Vector3,single,single) (at Assets/Scripts/Arena/Visuals/ArenaColosseumBuilder.cs:188)
QuizBattle.Arena.Visuals.ArenaColosseumBuilder:Build (UnityEngine.Transform,int,int,single) (at Assets/Scripts/Arena/Visuals/ArenaColosseumBuilder.cs:26)
QuizBattle.Arena.GridController:BuildGrid (int,int,int) (at Assets/Scripts/Arena/GridController.cs:49)
QuizBattle.GameState.GameManager:RunAutoPlayMatch (int,int) (at Assets/Scripts/GameState/GameManager.cs:66)
ArenaDemoRunner:RunScenario (string,int,int,string) (at Assets/Editor/ArenaDemoRunner.cs:40)
ArenaDemoRunner:Run () (at Assets/Editor/ArenaDemoRunner.cs:22)

[Assets/Scripts/Arena/GridController.cs line 49]

TowerShaft: Destroy may not be called from edit mode! Use DestroyImmediate instead.
Destroying an object in edit mode destroys it permanently
UnityEngine.Debug:ExtractStackTraceNoAlloc (byte*,int,string)
UnityEngine.StackTraceUtility:ExtractStackTrace ()
UnityEngine.Object:Destroy (UnityEngine.Object,single)
UnityEngine.Object:Destroy (UnityEngine.Object)
QuizBattle.Arena.Visuals.ArenaColosseumBuilder:CreateTower (UnityEngine.Transform,UnityEngine.Vector3,UnityEngine.Material,UnityEngine.Color) (at Assets/Scripts/Arena/Visuals/ArenaColosseumBuilder.cs:266)
QuizBattle.Arena.Visuals.ArenaColosseumBuilder:CreateStadiumWallsAndTowers (UnityEngine.Transform,UnityEngine.Vector3,single,single) (at Assets/Scripts/Arena/Visuals/ArenaColosseumBuilder.cs:202)
QuizBattle.Arena.Visuals.ArenaColosseumBuilder:Build (UnityEngine.Transform,int,int,single) (at Assets/Scripts/Arena/Visuals/ArenaColosseumBuilder.cs:26)
QuizBattle.Arena.GridController:BuildGrid (int,int,int) (at Assets/Scripts/Arena/GridController.cs:49)
QuizBattle.GameState.GameManager:RunAutoPlayMatch (int,int) (at Assets/Scripts/GameState/GameManager.cs:66)
ArenaDemoRunner:RunScenario (string,int,int,string) (at Assets/Editor/ArenaDemoRunner.cs:40)
ArenaDemoRunner:Run () (at Assets/Editor/ArenaDemoRunner.cs:22)

[Assets/Scripts/Arena/GridController.cs line 49]

TowerRim: Destroy may not be called from edit mode! Use DestroyImmediate instead.
Destroying an object in edit mode destroys it permanently
UnityEngine.Debug:ExtractStackTraceNoAlloc (byte*,int,string)
UnityEngine.StackTraceUtility:ExtractStackTrace ()
UnityEngine.Object:Destroy (UnityEngine.Object,single)
UnityEngine.Object:Destroy (UnityEngine.Object)
QuizBattle.Arena.Visuals.ArenaColosseumBuilder:CreateTower (UnityEngine.Transform,UnityEngine.Vector3,UnityEngine.Material,UnityEngine.Color) (at Assets/Scripts/Arena/Visuals/ArenaColosseumBuilder.cs:275)
QuizBattle.Arena.Visuals.ArenaColosseumBuilder:CreateStadiumWallsAndTowers (UnityEngine.Transform,UnityEngine.Vector3,single,single) (at Assets/Scripts/Arena/Visuals/ArenaColosseumBuilder.cs:202)
QuizBattle.Arena.Visuals.ArenaColosseumBuilder:Build (UnityEngine.Transform,int,int,single) (at Assets/Scripts/Arena/Visuals/ArenaColosseumBuilder.cs:26)
QuizBattle.Arena.GridController:BuildGrid (int,int,int) (at Assets/Scripts/Arena/GridController.cs:49)
QuizBattle.GameState.GameManager:RunAutoPlayMatch (int,int) (at Assets/Scripts/GameState/GameManager.cs:66)
ArenaDemoRunner:RunScenario (string,int,int,string) (at Assets/Editor/ArenaDemoRunner.cs:40)
ArenaDemoRunner:Run () (at Assets/Editor/ArenaDemoRunner.cs:22)

[Assets/Scripts/Arena/GridController.cs line 49]

GoldSpire: Destroy may not be called from edit mode! Use DestroyImmediate instead.
Destroying an object in edit mode destroys it permanently
UnityEngine.Debug:ExtractStackTraceNoAlloc (byte*,int,string)
UnityEngine.StackTraceUtility:ExtractStackTrace ()
UnityEngine.Object:Destroy (UnityEngine.Object,single)
UnityEngine.Object:Destroy (UnityEngine.Object)
QuizBattle.Arena.Visuals.ArenaColosseumBuilder:CreateTower (UnityEngine.Transform,UnityEngine.Vector3,UnityEngine.Material,UnityEngine.Color) (at Assets/Scripts/Arena/Visuals/ArenaColosseumBuilder.cs:305)
QuizBattle.Arena.Visuals.ArenaColosseumBuilder:CreateStadiumWallsAndTowers (UnityEngine.Transform,UnityEngine.Vector3,single,single) (at Assets/Scripts/Arena/Visuals/ArenaColosseumBuilder.cs:202)
QuizBattle.Arena.Visuals.ArenaColosseumBuilder:Build (UnityEngine.Transform,int,int,single) (at Assets/Scripts/Arena/Visuals/ArenaColosseumBuilder.cs:26)
QuizBattle.Arena.GridController:BuildGrid (int,int,int) (at Assets/Scripts/Arena/GridController.cs:49)
QuizBattle.GameState.GameManager:RunAutoPlayMatch (int,int) (at Assets/Scripts/GameState/GameManager.cs:66)
ArenaDemoRunner:RunScenario (string,int,int,string) (at Assets/Editor/ArenaDemoRunner.cs:40)
ArenaDemoRunner:Run () (at Assets/Editor/ArenaDemoRunner.cs:22)

[Assets/Scripts/Arena/GridController.cs line 49]

TowerShaft: Destroy may not be called from edit mode! Use DestroyImmediate instead.
Destroying an object in edit mode destroys it permanently
UnityEngine.Debug:ExtractStackTraceNoAlloc (byte*,int,string)
UnityEngine.StackTraceUtility:ExtractStackTrace ()
UnityEngine.Object:Destroy (UnityEngine.Object,single)
UnityEngine.Object:Destroy (UnityEngine.Object)
QuizBattle.Arena.Visuals.ArenaColosseumBuilder:CreateTower (UnityEngine.Transform,UnityEngine.Vector3,UnityEngine.Material,UnityEngine.Color) (at Assets/Scripts/Arena/Visuals/ArenaColosseumBuilder.cs:266)
QuizBattle.Arena.Visuals.ArenaColosseumBuilder:CreateStadiumWallsAndTowers (UnityEngine.Transform,UnityEngine.Vector3,single,single) (at Assets/Scripts/Arena/Visuals/ArenaColosseumBuilder.cs:202)
QuizBattle.Arena.Visuals.ArenaColosseumBuilder:Build (UnityEngine.Transform,int,int,single) (at Assets/Scripts/Arena/Visuals/ArenaColosseumBuilder.cs:26)
QuizBattle.Arena.GridController:BuildGrid (int,int,int) (at Assets/Scripts/Arena/GridController.cs:49)
QuizBattle.GameState.GameManager:RunAutoPlayMatch (int,int) (at Assets/Scripts/GameState/GameManager.cs:66)
ArenaDemoRunner:RunScenario (string,int,int,string) (at Assets/Editor/ArenaDemoRunner.cs:40)
ArenaDemoRunner:Run () (at Assets/Editor/ArenaDemoRunner.cs:22)

[Assets/Scripts/Arena/GridController.cs line 49]

TowerRim: Destroy may not be called from edit mode! Use DestroyImmediate instead.
Destroying an object in edit mode destroys it permanently
UnityEngine.Debug:ExtractStackTraceNoAlloc (byte*,int,string)
UnityEngine.StackTraceUtility:ExtractStackTrace ()
UnityEngine.Object:Destroy (UnityEngine.Object,single)
UnityEngine.Object:Destroy (UnityEngine.Object)
QuizBattle.Arena.Visuals.ArenaColosseumBuilder:CreateTower (UnityEngine.Transform,UnityEngine.Vector3,UnityEngine.Material,UnityEngine.Color) (at Assets/Scripts/Arena/Visuals/ArenaColosseumBuilder.cs:275)
QuizBattle.Arena.Visuals.ArenaColosseumBuilder:CreateStadiumWallsAndTowers (UnityEngine.Transform,UnityEngine.Vector3,single,single) (at Assets/Scripts/Arena/Visuals/ArenaColosseumBuilder.cs:202)
QuizBattle.Arena.Visuals.ArenaColosseumBuilder:Build (UnityEngine.Transform,int,int,single) (at Assets/Scripts/Arena/Visuals/ArenaColosseumBuilder.cs:26)
QuizBattle.Arena.GridController:BuildGrid (int,int,int) (at Assets/Scripts/Arena/GridController.cs:49)
QuizBattle.GameState.GameManager:RunAutoPlayMatch (int,int) (at Assets/Scripts/GameState/GameManager.cs:66)
ArenaDemoRunner:RunScenario (string,int,int,string) (at Assets/Editor/ArenaDemoRunner.cs:40)
ArenaDemoRunner:Run () (at Assets/Editor/ArenaDemoRunner.cs:22)

[Assets/Scripts/Arena/GridController.cs line 49]

GoldSpire: Destroy may not be called from edit mode! Use DestroyImmediate instead.
Destroying an object in edit mode destroys it permanently
UnityEngine.Debug:ExtractStackTraceNoAlloc (byte*,int,string)
UnityEngine.StackTraceUtility:ExtractStackTrace ()
UnityEngine.Object:Destroy (UnityEngine.Object,single)
UnityEngine.Object:Destroy (UnityEngine.Object)
QuizBattle.Arena.Visuals.ArenaColosseumBuilder:CreateTower (UnityEngine.Transform,UnityEngine.Vector3,UnityEngine.Material,UnityEngine.Color) (at Assets/Scripts/Arena/Visuals/ArenaColosseumBuilder.cs:305)
QuizBattle.Arena.Visuals.ArenaColosseumBuilder:CreateStadiumWallsAndTowers (UnityEngine.Transform,UnityEngine.Vector3,single,single) (at Assets/Scripts/Arena/Visuals/ArenaColosseumBuilder.cs:202)
QuizBattle.Arena.Visuals.ArenaColosseumBuilder:Build (UnityEngine.Transform,int,int,single) (at Assets/Scripts/Arena/Visuals/ArenaColosseumBuilder.cs:26)
QuizBattle.Arena.GridController:BuildGrid (int,int,int) (at Assets/Scripts/Arena/GridController.cs:49)
QuizBattle.GameState.GameManager:RunAutoPlayMatch (int,int) (at Assets/Scripts/GameState/GameManager.cs:66)
ArenaDemoRunner:RunScenario (string,int,int,string) (at Assets/Editor/ArenaDemoRunner.cs:40)
ArenaDemoRunner:Run () (at Assets/Editor/ArenaDemoRunner.cs:22)

[Assets/Scripts/Arena/GridController.cs line 49]

TowerShaft: Destroy may not be called from edit mode! Use DestroyImmediate instead.
Destroying an object in edit mode destroys it permanently
UnityEngine.Debug:ExtractStackTraceNoAlloc (byte*,int,string)
UnityEngine.StackTraceUtility:ExtractStackTrace ()
UnityEngine.Object:Destroy (UnityEngine.Object,single)
UnityEngine.Object:Destroy (UnityEngine.Object)
QuizBattle.Arena.Visuals.ArenaColosseumBuilder:CreateTower (UnityEngine.Transform,UnityEngine.Vector3,UnityEngine.Material,UnityEngine.Color) (at Assets/Scripts/Arena/Visuals/ArenaColosseumBuilder.cs:266)
QuizBattle.Arena.Visuals.ArenaColosseumBuilder:CreateStadiumWallsAndTowers (UnityEngine.Transform,UnityEngine.Vector3,single,single) (at Assets/Scripts/Arena/Visuals/ArenaColosseumBuilder.cs:202)
QuizBattle.Arena.Visuals.ArenaColosseumBuilder:Build (UnityEngine.Transform,int,int,single) (at Assets/Scripts/Arena/Visuals/ArenaColosseumBuilder.cs:26)
QuizBattle.Arena.GridController:BuildGrid (int,int,int) (at Assets/Scripts/Arena/GridController.cs:49)
QuizBattle.GameState.GameManager:RunAutoPlayMatch (int,int) (at Assets/Scripts/GameState/GameManager.cs:66)
ArenaDemoRunner:RunScenario (string,int,int,string) (at Assets/Editor/ArenaDemoRunner.cs:40)
ArenaDemoRunner:Run () (at Assets/Editor/ArenaDemoRunner.cs:22)

[Assets/Scripts/Arena/GridController.cs line 49]

TowerRim: Destroy may not be called from edit mode! Use DestroyImmediate instead.
Destroying an object in edit mode destroys it permanently
UnityEngine.Debug:ExtractStackTraceNoAlloc (byte*,int,string)
UnityEngine.StackTraceUtility:ExtractStackTrace ()
UnityEngine.Object:Destroy (UnityEngine.Object,single)
UnityEngine.Object:Destroy (UnityEngine.Object)
QuizBattle.Arena.Visuals.ArenaColosseumBuilder:CreateTower (UnityEngine.Transform,UnityEngine.Vector3,UnityEngine.Material,UnityEngine.Color) (at Assets/Scripts/Arena/Visuals/ArenaColosseumBuilder.cs:275)
QuizBattle.Arena.Visuals.ArenaColosseumBuilder:CreateStadiumWallsAndTowers (UnityEngine.Transform,UnityEngine.Vector3,single,single) (at Assets/Scripts/Arena/Visuals/ArenaColosseumBuilder.cs:202)
QuizBattle.Arena.Visuals.ArenaColosseumBuilder:Build (UnityEngine.Transform,int,int,single) (at Assets/Scripts/Arena/Visuals/ArenaColosseumBuilder.cs:26)
QuizBattle.Arena.GridController:BuildGrid (int,int,int) (at Assets/Scripts/Arena/GridController.cs:49)
QuizBattle.GameState.GameManager:RunAutoPlayMatch (int,int) (at Assets/Scripts/GameState/GameManager.cs:66)
ArenaDemoRunner:RunScenario (string,int,int,string) (at Assets/Editor/ArenaDemoRunner.cs:40)
ArenaDemoRunner:Run () (at Assets/Editor/ArenaDemoRunner.cs:22)

[Assets/Scripts/Arena/GridController.cs line 49]

GoldSpire: Destroy may not be called from edit mode! Use DestroyImmediate instead.
Destroying an object in edit mode destroys it permanently
UnityEngine.Debug:ExtractStackTraceNoAlloc (byte*,int,string)
UnityEngine.StackTraceUtility:ExtractStackTrace ()
UnityEngine.Object:Destroy (UnityEngine.Object,single)
UnityEngine.Object:Destroy (UnityEngine.Object)
QuizBattle.Arena.Visuals.ArenaColosseumBuilder:CreateTower (UnityEngine.Transform,UnityEngine.Vector3,UnityEngine.Material,UnityEngine.Color) (at Assets/Scripts/Arena/Visuals/ArenaColosseumBuilder.cs:305)
QuizBattle.Arena.Visuals.ArenaColosseumBuilder:CreateStadiumWallsAndTowers (UnityEngine.Transform,UnityEngine.Vector3,single,single) (at Assets/Scripts/Arena/Visuals/ArenaColosseumBuilder.cs:202)
QuizBattle.Arena.Visuals.ArenaColosseumBuilder:Build (UnityEngine.Transform,int,int,single) (at Assets/Scripts/Arena/Visuals/ArenaColosseumBuilder.cs:26)
QuizBattle.Arena.GridController:BuildGrid (int,int,int) (at Assets/Scripts/Arena/GridController.cs:49)
QuizBattle.GameState.GameManager:RunAutoPlayMatch (int,int) (at Assets/Scripts/GameState/GameManager.cs:66)
ArenaDemoRunner:RunScenario (string,int,int,string) (at Assets/Editor/ArenaDemoRunner.cs:40)
ArenaDemoRunner:Run () (at Assets/Editor/ArenaDemoRunner.cs:22)

[Assets/Scripts/Arena/GridController.cs line 49]

TowerShaft: Destroy may not be called from edit mode! Use DestroyImmediate instead.
Destroying an object in edit mode destroys it permanently
UnityEngine.Debug:ExtractStackTraceNoAlloc (byte*,int,string)
UnityEngine.StackTraceUtility:ExtractStackTrace ()
UnityEngine.Object:Destroy (UnityEngine.Object,single)
UnityEngine.Object:Destroy (UnityEngine.Object)
QuizBattle.Arena.Visuals.ArenaColosseumBuilder:CreateTower (UnityEngine.Transform,UnityEngine.Vector3,UnityEngine.Material,UnityEngine.Color) (at Assets/Scripts/Arena/Visuals/ArenaColosseumBuilder.cs:266)
QuizBattle.Arena.Visuals.ArenaColosseumBuilder:CreateStadiumWallsAndTowers (UnityEngine.Transform,UnityEngine.Vector3,single,single) (at Assets/Scripts/Arena/Visuals/ArenaColosseumBuilder.cs:202)
QuizBattle.Arena.Visuals.ArenaColosseumBuilder:Build (UnityEngine.Transform,int,int,single) (at Assets/Scripts/Arena/Visuals/ArenaColosseumBuilder.cs:26)
QuizBattle.Arena.GridController:BuildGrid (int,int,int) (at Assets/Scripts/Arena/GridController.cs:49)
QuizBattle.GameState.GameManager:RunAutoPlayMatch (int,int) (at Assets/Scripts/GameState/GameManager.cs:66)
ArenaDemoRunner:RunScenario (string,int,int,string) (at Assets/Editor/ArenaDemoRunner.cs:40)
ArenaDemoRunner:Run () (at Assets/Editor/ArenaDemoRunner.cs:22)

[Assets/Scripts/Arena/GridController.cs line 49]

TowerRim: Destroy may not be called from edit mode! Use DestroyImmediate instead.
Destroying an object in edit mode destroys it permanently
UnityEngine.Debug:ExtractStackTraceNoAlloc (byte*,int,string)
UnityEngine.StackTraceUtility:ExtractStackTrace ()
UnityEngine.Object:Destroy (UnityEngine.Object,single)
UnityEngine.Object:Destroy (UnityEngine.Object)
QuizBattle.Arena.Visuals.ArenaColosseumBuilder:CreateTower (UnityEngine.Transform,UnityEngine.Vector3,UnityEngine.Material,UnityEngine.Color) (at Assets/Scripts/Arena/Visuals/ArenaColosseumBuilder.cs:275)
QuizBattle.Arena.Visuals.ArenaColosseumBuilder:CreateStadiumWallsAndTowers (UnityEngine.Transform,UnityEngine.Vector3,single,single) (at Assets/Scripts/Arena/Visuals/ArenaColosseumBuilder.cs:202)
QuizBattle.Arena.Visuals.ArenaColosseumBuilder:Build (UnityEngine.Transform,int,int,single) (at Assets/Scripts/Arena/Visuals/ArenaColosseumBuilder.cs:26)
QuizBattle.Arena.GridController:BuildGrid (int,int,int) (at Assets/Scripts/Arena/GridController.cs:49)
QuizBattle.GameState.GameManager:RunAutoPlayMatch (int,int) (at Assets/Scripts/GameState/GameManager.cs:66)
ArenaDemoRunner:RunScenario (string,int,int,string) (at Assets/Editor/ArenaDemoRunner.cs:40)
ArenaDemoRunner:Run () (at Assets/Editor/ArenaDemoRunner.cs:22)

[Assets/Scripts/Arena/GridController.cs line 49]

GoldSpire: Destroy may not be called from edit mode! Use DestroyImmediate instead.
Destroying an object in edit mode destroys it permanently
UnityEngine.Debug:ExtractStackTraceNoAlloc (byte*,int,string)
UnityEngine.StackTraceUtility:ExtractStackTrace ()
UnityEngine.Object:Destroy (UnityEngine.Object,single)
UnityEngine.Object:Destroy (UnityEngine.Object)
QuizBattle.Arena.Visuals.ArenaColosseumBuilder:CreateTower (UnityEngine.Transform,UnityEngine.Vector3,UnityEngine.Material,UnityEngine.Color) (at Assets/Scripts/Arena/Visuals/ArenaColosseumBuilder.cs:305)
QuizBattle.Arena.Visuals.ArenaColosseumBuilder:CreateStadiumWallsAndTowers (UnityEngine.Transform,UnityEngine.Vector3,single,single) (at Assets/Scripts/Arena/Visuals/ArenaColosseumBuilder.cs:202)
QuizBattle.Arena.Visuals.ArenaColosseumBuilder:Build (UnityEngine.Transform,int,int,single) (at Assets/Scripts/Arena/Visuals/ArenaColosseumBuilder.cs:26)
QuizBattle.Arena.GridController:BuildGrid (int,int,int) (at Assets/Scripts/Arena/GridController.cs:49)
QuizBattle.GameState.GameManager:RunAutoPlayMatch (int,int) (at Assets/Scripts/GameState/GameManager.cs:66)
ArenaDemoRunner:RunScenario (string,int,int,string) (at Assets/Editor/ArenaDemoRunner.cs:40)
ArenaDemoRunner:Run () (at Assets/Editor/ArenaDemoRunner.cs:22)

[Assets/Scripts/Arena/GridController.cs line 49]

Cloth: Destroy may not be called from edit mode! Use DestroyImmediate instead.
Destroying an object in edit mode destroys it permanently
UnityEngine.Debug:ExtractStackTraceNoAlloc (byte*,int,string)
UnityEngine.StackTraceUtility:ExtractStackTrace ()
UnityEngine.Object:Destroy (UnityEngine.Object,single)
UnityEngine.Object:Destroy (UnityEngine.Object)
QuizBattle.Arena.Visuals.ArenaColosseumBuilder:CreateBanner (UnityEngine.Transform,UnityEngine.Vector3,UnityEngine.Color,bool) (at Assets/Scripts/Arena/Visuals/ArenaColosseumBuilder.cs:355)
QuizBattle.Arena.Visuals.ArenaColosseumBuilder:CreateRoyalBanners (UnityEngine.Transform,UnityEngine.Vector3,single,single) (at Assets/Scripts/Arena/Visuals/ArenaColosseumBuilder.cs:321)
QuizBattle.Arena.Visuals.ArenaColosseumBuilder:Build (UnityEngine.Transform,int,int,single) (at Assets/Scripts/Arena/Visuals/ArenaColosseumBuilder.cs:27)
QuizBattle.Arena.GridController:BuildGrid (int,int,int) (at Assets/Scripts/Arena/GridController.cs:49)
QuizBattle.GameState.GameManager:RunAutoPlayMatch (int,int) (at Assets/Scripts/GameState/GameManager.cs:66)
ArenaDemoRunner:RunScenario (string,int,int,string) (at Assets/Editor/ArenaDemoRunner.cs:40)
ArenaDemoRunner:Run () (at Assets/Editor/ArenaDemoRunner.cs:22)

[Assets/Scripts/Arena/GridController.cs line 49]

Rod: Destroy may not be called from edit mode! Use DestroyImmediate instead.
Destroying an object in edit mode destroys it permanently
UnityEngine.Debug:ExtractStackTraceNoAlloc (byte*,int,string)
UnityEngine.StackTraceUtility:ExtractStackTrace ()
UnityEngine.Object:Destroy (UnityEngine.Object,single)
UnityEngine.Object:Destroy (UnityEngine.Object)
QuizBattle.Arena.Visuals.ArenaColosseumBuilder:CreateBanner (UnityEngine.Transform,UnityEngine.Vector3,UnityEngine.Color,bool) (at Assets/Scripts/Arena/Visuals/ArenaColosseumBuilder.cs:365)
QuizBattle.Arena.Visuals.ArenaColosseumBuilder:CreateRoyalBanners (UnityEngine.Transform,UnityEngine.Vector3,single,single) (at Assets/Scripts/Arena/Visuals/ArenaColosseumBuilder.cs:321)
QuizBattle.Arena.Visuals.ArenaColosseumBuilder:Build (UnityEngine.Transform,int,int,single) (at Assets/Scripts/Arena/Visuals/ArenaColosseumBuilder.cs:27)
QuizBattle.Arena.GridController:BuildGrid (int,int,int) (at Assets/Scripts/Arena/GridController.cs:49)
QuizBattle.GameState.GameManager:RunAutoPlayMatch (int,int) (at Assets/Scripts/GameState/GameManager.cs:66)
ArenaDemoRunner:RunScenario (string,int,int,string) (at Assets/Editor/ArenaDemoRunner.cs:40)
ArenaDemoRunner:Run () (at Assets/Editor/ArenaDemoRunner.cs:22)

[Assets/Scripts/Arena/GridController.cs line 49]

Emblem: Destroy may not be called from edit mode! Use DestroyImmediate instead.
Destroying an object in edit mode destroys it permanently
UnityEngine.Debug:ExtractStackTraceNoAlloc (byte*,int,string)
UnityEngine.StackTraceUtility:ExtractStackTrace ()
UnityEngine.Object:Destroy (UnityEngine.Object,single)
UnityEngine.Object:Destroy (UnityEngine.Object)
QuizBattle.Arena.Visuals.ArenaColosseumBuilder:CreateBanner (UnityEngine.Transform,UnityEngine.Vector3,UnityEngine.Color,bool) (at Assets/Scripts/Arena/Visuals/ArenaColosseumBuilder.cs:375)
QuizBattle.Arena.Visuals.ArenaColosseumBuilder:CreateRoyalBanners (UnityEngine.Transform,UnityEngine.Vector3,single,single) (at Assets/Scripts/Arena/Visuals/ArenaColosseumBuilder.cs:321)
QuizBattle.Arena.Visuals.ArenaColosseumBuilder:Build (UnityEngine.Transform,int,int,single) (at Assets/Scripts/Arena/Visuals/ArenaColosseumBuilder.cs:27)
QuizBattle.Arena.GridController:BuildGrid (int,int,int) (at Assets/Scripts/Arena/GridController.cs:49)
QuizBattle.GameState.GameManager:RunAutoPlayMatch (int,int) (at Assets/Scripts/GameState/GameManager.cs:66)
ArenaDemoRunner:RunScenario (string,int,int,string) (at Assets/Editor/ArenaDemoRunner.cs:40)
ArenaDemoRunner:Run () (at Assets/Editor/ArenaDemoRunner.cs:22)

[Assets/Scripts/Arena/GridController.cs line 49]

Cloth: Destroy may not be called from edit mode! Use DestroyImmediate instead.
Destroying an object in edit mode destroys it permanently
UnityEngine.Debug:ExtractStackTraceNoAlloc (byte*,int,string)
UnityEngine.StackTraceUtility:ExtractStackTrace ()
UnityEngine.Object:Destroy (UnityEngine.Object,single)
UnityEngine.Object:Destroy (UnityEngine.Object)
QuizBattle.Arena.Visuals.ArenaColosseumBuilder:CreateBanner (UnityEngine.Transform,UnityEngine.Vector3,UnityEngine.Color,bool) (at Assets/Scripts/Arena/Visuals/ArenaColosseumBuilder.cs:355)
QuizBattle.Arena.Visuals.ArenaColosseumBuilder:CreateRoyalBanners (UnityEngine.Transform,UnityEngine.Vector3,single,single) (at Assets/Scripts/Arena/Visuals/ArenaColosseumBuilder.cs:322)
QuizBattle.Arena.Visuals.ArenaColosseumBuilder:Build (UnityEngine.Transform,int,int,single) (at Assets/Scripts/Arena/Visuals/ArenaColosseumBuilder.cs:27)
QuizBattle.Arena.GridController:BuildGrid (int,int,int) (at Assets/Scripts/Arena/GridController.cs:49)
QuizBattle.GameState.GameManager:RunAutoPlayMatch (int,int) (at Assets/Scripts/GameState/GameManager.cs:66)
ArenaDemoRunner:RunScenario (string,int,int,string) (at Assets/Editor/ArenaDemoRunner.cs:40)
ArenaDemoRunner:Run () (at Assets/Editor/ArenaDemoRunner.cs:22)

[Assets/Scripts/Arena/GridController.cs line 49]

Rod: Destroy may not be called from edit mode! Use DestroyImmediate instead.
Destroying an object in edit mode destroys it permanently
UnityEngine.Debug:ExtractStackTraceNoAlloc (byte*,int,string)
UnityEngine.StackTraceUtility:ExtractStackTrace ()
UnityEngine.Object:Destroy (UnityEngine.Object,single)
UnityEngine.Object:Destroy (UnityEngine.Object)
QuizBattle.Arena.Visuals.ArenaColosseumBuilder:CreateBanner (UnityEngine.Transform,UnityEngine.Vector3,UnityEngine.Color,bool) (at Assets/Scripts/Arena/Visuals/ArenaColosseumBuilder.cs:365)
QuizBattle.Arena.Visuals.ArenaColosseumBuilder:CreateRoyalBanners (UnityEngine.Transform,UnityEngine.Vector3,single,single) (at Assets/Scripts/Arena/Visuals/ArenaColosseumBuilder.cs:322)
QuizBattle.Arena.Visuals.ArenaColosseumBuilder:Build (UnityEngine.Transform,int,int,single) (at Assets/Scripts/Arena/Visuals/ArenaColosseumBuilder.cs:27)
QuizBattle.Arena.GridController:BuildGrid (int,int,int) (at Assets/Scripts/Arena/GridController.cs:49)
QuizBattle.GameState.GameManager:RunAutoPlayMatch (int,int) (at Assets/Scripts/GameState/GameManager.cs:66)
ArenaDemoRunner:RunScenario (string,int,int,string) (at Assets/Editor/ArenaDemoRunner.cs:40)
ArenaDemoRunner:Run () (at Assets/Editor/ArenaDemoRunner.cs:22)

[Assets/Scripts/Arena/GridController.cs line 49]

Emblem: Destroy may not be called from edit mode! Use DestroyImmediate instead.
Destroying an object in edit mode destroys it permanently
UnityEngine.Debug:ExtractStackTraceNoAlloc (byte*,int,string)
UnityEngine.StackTraceUtility:ExtractStackTrace ()
UnityEngine.Object:Destroy (UnityEngine.Object,single)
UnityEngine.Object:Destroy (UnityEngine.Object)
QuizBattle.Arena.Visuals.ArenaColosseumBuilder:CreateBanner (UnityEngine.Transform,UnityEngine.Vector3,UnityEngine.Color,bool) (at Assets/Scripts/Arena/Visuals/ArenaColosseumBuilder.cs:375)
QuizBattle.Arena.Visuals.ArenaColosseumBuilder:CreateRoyalBanners (UnityEngine.Transform,UnityEngine.Vector3,single,single) (at Assets/Scripts/Arena/Visuals/ArenaColosseumBuilder.cs:322)
QuizBattle.Arena.Visuals.ArenaColosseumBuilder:Build (UnityEngine.Transform,int,int,single) (at Assets/Scripts/Arena/Visuals/ArenaColosseumBuilder.cs:27)
QuizBattle.Arena.GridController:BuildGrid (int,int,int) (at Assets/Scripts/Arena/GridController.cs:49)
QuizBattle.GameState.GameManager:RunAutoPlayMatch (int,int) (at Assets/Scripts/GameState/GameManager.cs:66)
ArenaDemoRunner:RunScenario (string,int,int,string) (at Assets/Editor/ArenaDemoRunner.cs:40)
ArenaDemoRunner:Run () (at Assets/Editor/ArenaDemoRunner.cs:22)

[Assets/Scripts/Arena/GridController.cs line 49]

Cloth: Destroy may not be called from edit mode! Use DestroyImmediate instead.
Destroying an object in edit mode destroys it permanently
UnityEngine.Debug:ExtractStackTraceNoAlloc (byte*,int,string)
UnityEngine.StackTraceUtility:ExtractStackTrace ()
UnityEngine.Object:Destroy (UnityEngine.Object,single)
UnityEngine.Object:Destroy (UnityEngine.Object)
QuizBattle.Arena.Visuals.ArenaColosseumBuilder:CreateBanner (UnityEngine.Transform,UnityEngine.Vector3,UnityEngine.Color,bool) (at Assets/Scripts/Arena/Visuals/ArenaColosseumBuilder.cs:355)
QuizBattle.Arena.Visuals.ArenaColosseumBuilder:CreateRoyalBanners (UnityEngine.Transform,UnityEngine.Vector3,single,single) (at Assets/Scripts/Arena/Visuals/ArenaColosseumBuilder.cs:325)
QuizBattle.Arena.Visuals.ArenaColosseumBuilder:Build (UnityEngine.Transform,int,int,single) (at Assets/Scripts/Arena/Visuals/ArenaColosseumBuilder.cs:27)
QuizBattle.Arena.GridController:BuildGrid (int,int,int) (at Assets/Scripts/Arena/GridController.cs:49)
QuizBattle.GameState.GameManager:RunAutoPlayMatch (int,int) (at Assets/Scripts/GameState/GameManager.cs:66)
ArenaDemoRunner:RunScenario (string,int,int,string) (at Assets/Editor/ArenaDemoRunner.cs:40)
ArenaDemoRunner:Run () (at Assets/Editor/ArenaDemoRunner.cs:22)

[Assets/Scripts/Arena/GridController.cs line 49]

Rod: Destroy may not be called from edit mode! Use DestroyImmediate instead.
Destroying an object in edit mode destroys it permanently
UnityEngine.Debug:ExtractStackTraceNoAlloc (byte*,int,string)
UnityEngine.StackTraceUtility:ExtractStackTrace ()
UnityEngine.Object:Destroy (UnityEngine.Object,single)
UnityEngine.Object:Destroy (UnityEngine.Object)
QuizBattle.Arena.Visuals.ArenaColosseumBuilder:CreateBanner (UnityEngine.Transform,UnityEngine.Vector3,UnityEngine.Color,bool) (at Assets/Scripts/Arena/Visuals/ArenaColosseumBuilder.cs:365)
QuizBattle.Arena.Visuals.ArenaColosseumBuilder:CreateRoyalBanners (UnityEngine.Transform,UnityEngine.Vector3,single,single) (at Assets/Scripts/Arena/Visuals/ArenaColosseumBuilder.cs:325)
QuizBattle.Arena.Visuals.ArenaColosseumBuilder:Build (UnityEngine.Transform,int,int,single) (at Assets/Scripts/Arena/Visuals/ArenaColosseumBuilder.cs:27)
QuizBattle.Arena.GridController:BuildGrid (int,int,int) (at Assets/Scripts/Arena/GridController.cs:49)
QuizBattle.GameState.GameManager:RunAutoPlayMatch (int,int) (at Assets/Scripts/GameState/GameManager.cs:66)
ArenaDemoRunner:RunScenario (string,int,int,string) (at Assets/Editor/ArenaDemoRunner.cs:40)
ArenaDemoRunner:Run () (at Assets/Editor/ArenaDemoRunner.cs:22)

[Assets/Scripts/Arena/GridController.cs line 49]

Emblem: Destroy may not be called from edit mode! Use DestroyImmediate instead.
Destroying an object in edit mode destroys it permanently
UnityEngine.Debug:ExtractStackTraceNoAlloc (byte*,int,string)
UnityEngine.StackTraceUtility:ExtractStackTrace ()
UnityEngine.Object:Destroy (UnityEngine.Object,single)
UnityEngine.Object:Destroy (UnityEngine.Object)
QuizBattle.Arena.Visuals.ArenaColosseumBuilder:CreateBanner (UnityEngine.Transform,UnityEngine.Vector3,UnityEngine.Color,bool) (at Assets/Scripts/Arena/Visuals/ArenaColosseumBuilder.cs:375)
QuizBattle.Arena.Visuals.ArenaColosseumBuilder:CreateRoyalBanners (UnityEngine.Transform,UnityEngine.Vector3,single,single) (at Assets/Scripts/Arena/Visuals/ArenaColosseumBuilder.cs:325)
QuizBattle.Arena.Visuals.ArenaColosseumBuilder:Build (UnityEngine.Transform,int,int,single) (at Assets/Scripts/Arena/Visuals/ArenaColosseumBuilder.cs:27)
QuizBattle.Arena.GridController:BuildGrid (int,int,int) (at Assets/Scripts/Arena/GridController.cs:49)
QuizBattle.GameState.GameManager:RunAutoPlayMatch (int,int) (at Assets/Scripts/GameState/GameManager.cs:66)
ArenaDemoRunner:RunScenario (string,int,int,string) (at Assets/Editor/ArenaDemoRunner.cs:40)
ArenaDemoRunner:Run () (at Assets/Editor/ArenaDemoRunner.cs:22)

[Assets/Scripts/Arena/GridController.cs line 49]

Cloth: Destroy may not be called from edit mode! Use DestroyImmediate instead.
Destroying an object in edit mode destroys it permanently
UnityEngine.Debug:ExtractStackTraceNoAlloc (byte*,int,string)
UnityEngine.StackTraceUtility:ExtractStackTrace ()
UnityEngine.Object:Destroy (UnityEngine.Object,single)
UnityEngine.Object:Destroy (UnityEngine.Object)
QuizBattle.Arena.Visuals.ArenaColosseumBuilder:CreateBanner (UnityEngine.Transform,UnityEngine.Vector3,UnityEngine.Color,bool) (at Assets/Scripts/Arena/Visuals/ArenaColosseumBuilder.cs:355)
QuizBattle.Arena.Visuals.ArenaColosseumBuilder:CreateRoyalBanners (UnityEngine.Transform,UnityEngine.Vector3,single,single) (at Assets/Scripts/Arena/Visuals/ArenaColosseumBuilder.cs:326)
QuizBattle.Arena.Visuals.ArenaColosseumBuilder:Build (UnityEngine.Transform,int,int,single) (at Assets/Scripts/Arena/Visuals/ArenaColosseumBuilder.cs:27)
QuizBattle.Arena.GridController:BuildGrid (int,int,int) (at Assets/Scripts/Arena/GridController.cs:49)
QuizBattle.GameState.GameManager:RunAutoPlayMatch (int,int) (at Assets/Scripts/GameState/GameManager.cs:66)
ArenaDemoRunner:RunScenario (string,int,int,string) (at Assets/Editor/ArenaDemoRunner.cs:40)
ArenaDemoRunner:Run () (at Assets/Editor/ArenaDemoRunner.cs:22)

[Assets/Scripts/Arena/GridController.cs line 49]

Rod: Destroy may not be called from edit mode! Use DestroyImmediate instead.
Destroying an object in edit mode destroys it permanently
UnityEngine.Debug:ExtractStackTraceNoAlloc (byte*,int,string)
UnityEngine.StackTraceUtility:ExtractStackTrace ()
UnityEngine.Object:Destroy (UnityEngine.Object,single)
UnityEngine.Object:Destroy (UnityEngine.Object)
QuizBattle.Arena.Visuals.ArenaColosseumBuilder:CreateBanner (UnityEngine.Transform,UnityEngine.Vector3,UnityEngine.Color,bool) (at Assets/Scripts/Arena/Visuals/ArenaColosseumBuilder.cs:365)
QuizBattle.Arena.Visuals.ArenaColosseumBuilder:CreateRoyalBanners (UnityEngine.Transform,UnityEngine.Vector3,single,single) (at Assets/Scripts/Arena/Visuals/ArenaColosseumBuilder.cs:326)
QuizBattle.Arena.Visuals.ArenaColosseumBuilder:Build (UnityEngine.Transform,int,int,single) (at Assets/Scripts/Arena/Visuals/ArenaColosseumBuilder.cs:27)
QuizBattle.Arena.GridController:BuildGrid (int,int,int) (at Assets/Scripts/Arena/GridController.cs:49)
QuizBattle.GameState.GameManager:RunAutoPlayMatch (int,int) (at Assets/Scripts/GameState/GameManager.cs:66)
ArenaDemoRunner:RunScenario (string,int,int,string) (at Assets/Editor/ArenaDemoRunner.cs:40)
ArenaDemoRunner:Run () (at Assets/Editor/ArenaDemoRunner.cs:22)

[Assets/Scripts/Arena/GridController.cs line 49]

Emblem: Destroy may not be called from edit mode! Use DestroyImmediate instead.
Destroying an object in edit mode destroys it permanently
UnityEngine.Debug:ExtractStackTraceNoAlloc (byte*,int,string)
UnityEngine.StackTraceUtility:ExtractStackTrace ()
UnityEngine.Object:Destroy (UnityEngine.Object,single)
UnityEngine.Object:Destroy (UnityEngine.Object)
QuizBattle.Arena.Visuals.ArenaColosseumBuilder:CreateBanner (UnityEngine.Transform,UnityEngine.Vector3,UnityEngine.Color,bool) (at Assets/Scripts/Arena/Visuals/ArenaColosseumBuilder.cs:375)
QuizBattle.Arena.Visuals.ArenaColosseumBuilder:CreateRoyalBanners (UnityEngine.Transform,UnityEngine.Vector3,single,single) (at Assets/Scripts/Arena/Visuals/ArenaColosseumBuilder.cs:326)
QuizBattle.Arena.Visuals.ArenaColosseumBuilder:Build (UnityEngine.Transform,int,int,single) (at Assets/Scripts/Arena/Visuals/ArenaColosseumBuilder.cs:27)
QuizBattle.Arena.GridController:BuildGrid (int,int,int) (at Assets/Scripts/Arena/GridController.cs:49)
QuizBattle.GameState.GameManager:RunAutoPlayMatch (int,int) (at Assets/Scripts/GameState/GameManager.cs:66)
ArenaDemoRunner:RunScenario (string,int,int,string) (at Assets/Editor/ArenaDemoRunner.cs:40)
ArenaDemoRunner:Run () (at Assets/Editor/ArenaDemoRunner.cs:22)

[Assets/Scripts/Arena/GridController.cs line 49]

Base: Destroy may not be called from edit mode! Use DestroyImmediate instead.
Destroying an object in edit mode destroys it permanently
UnityEngine.Debug:ExtractStackTraceNoAlloc (byte*,int,string)
UnityEngine.StackTraceUtility:ExtractStackTrace ()
UnityEngine.Object:Destroy (UnityEngine.Object,single)
UnityEngine.Object:Destroy (UnityEngine.Object)
QuizBattle.Arena.Visuals.ArenaColosseumBuilder:CreateBrazier (UnityEngine.Transform,UnityEngine.Vector3) (at Assets/Scripts/Arena/Visuals/ArenaColosseumBuilder.cs:419)
QuizBattle.Arena.Visuals.ArenaColosseumBuilder:CreateCornerBraziers (UnityEngine.Transform,UnityEngine.Vector3,single,single) (at Assets/Scripts/Arena/Visuals/ArenaColosseumBuilder.cs:400)
QuizBattle.Arena.Visuals.ArenaColosseumBuilder:Build (UnityEngine.Transform,int,int,single) (at Assets/Scripts/Arena/Visuals/ArenaColosseumBuilder.cs:28)
QuizBattle.Arena.GridController:BuildGrid (int,int,int) (at Assets/Scripts/Arena/GridController.cs:49)
QuizBattle.GameState.GameManager:RunAutoPlayMatch (int,int) (at Assets/Scripts/GameState/GameManager.cs:66)
ArenaDemoRunner:RunScenario (string,int,int,string) (at Assets/Editor/ArenaDemoRunner.cs:40)
ArenaDemoRunner:Run () (at Assets/Editor/ArenaDemoRunner.cs:22)

[Assets/Scripts/Arena/GridController.cs line 49]

Pillar: Destroy may not be called from edit mode! Use DestroyImmediate instead.
Destroying an object in edit mode destroys it permanently
UnityEngine.Debug:ExtractStackTraceNoAlloc (byte*,int,string)
UnityEngine.StackTraceUtility:ExtractStackTrace ()
UnityEngine.Object:Destroy (UnityEngine.Object,single)
UnityEngine.Object:Destroy (UnityEngine.Object)
QuizBattle.Arena.Visuals.ArenaColosseumBuilder:CreateBrazier (UnityEngine.Transform,UnityEngine.Vector3) (at Assets/Scripts/Arena/Visuals/ArenaColosseumBuilder.cs:428)
QuizBattle.Arena.Visuals.ArenaColosseumBuilder:CreateCornerBraziers (UnityEngine.Transform,UnityEngine.Vector3,single,single) (at Assets/Scripts/Arena/Visuals/ArenaColosseumBuilder.cs:400)
QuizBattle.Arena.Visuals.ArenaColosseumBuilder:Build (UnityEngine.Transform,int,int,single) (at Assets/Scripts/Arena/Visuals/ArenaColosseumBuilder.cs:28)
QuizBattle.Arena.GridController:BuildGrid (int,int,int) (at Assets/Scripts/Arena/GridController.cs:49)
QuizBattle.GameState.GameManager:RunAutoPlayMatch (int,int) (at Assets/Scripts/GameState/GameManager.cs:66)
ArenaDemoRunner:RunScenario (string,int,int,string) (at Assets/Editor/ArenaDemoRunner.cs:40)
ArenaDemoRunner:Run () (at Assets/Editor/ArenaDemoRunner.cs:22)

[Assets/Scripts/Arena/GridController.cs line 49]

Bowl: Destroy may not be called from edit mode! Use DestroyImmediate instead.
Destroying an object in edit mode destroys it permanently
UnityEngine.Debug:ExtractStackTraceNoAlloc (byte*,int,string)
UnityEngine.StackTraceUtility:ExtractStackTrace ()
UnityEngine.Object:Destroy (UnityEngine.Object,single)
UnityEngine.Object:Destroy (UnityEngine.Object)
QuizBattle.Arena.Visuals.ArenaColosseumBuilder:CreateBrazier (UnityEngine.Transform,UnityEngine.Vector3) (at Assets/Scripts/Arena/Visuals/ArenaColosseumBuilder.cs:437)
QuizBattle.Arena.Visuals.ArenaColosseumBuilder:CreateCornerBraziers (UnityEngine.Transform,UnityEngine.Vector3,single,single) (at Assets/Scripts/Arena/Visuals/ArenaColosseumBuilder.cs:400)
QuizBattle.Arena.Visuals.ArenaColosseumBuilder:Build (UnityEngine.Transform,int,int,single) (at Assets/Scripts/Arena/Visuals/ArenaColosseumBuilder.cs:28)
QuizBattle.Arena.GridController:BuildGrid (int,int,int) (at Assets/Scripts/Arena/GridController.cs:49)
QuizBattle.GameState.GameManager:RunAutoPlayMatch (int,int) (at Assets/Scripts/GameState/GameManager.cs:66)
ArenaDemoRunner:RunScenario (string,int,int,string) (at Assets/Editor/ArenaDemoRunner.cs:40)
ArenaDemoRunner:Run () (at Assets/Editor/ArenaDemoRunner.cs:22)

[Assets/Scripts/Arena/GridController.cs line 49]

FireCore: Destroy may not be called from edit mode! Use DestroyImmediate instead.
Destroying an object in edit mode destroys it permanently
UnityEngine.Debug:ExtractStackTraceNoAlloc (byte*,int,string)
UnityEngine.StackTraceUtility:ExtractStackTrace ()
UnityEngine.Object:Destroy (UnityEngine.Object,single)
UnityEngine.Object:Destroy (UnityEngine.Object)
QuizBattle.Arena.Visuals.ArenaColosseumBuilder:CreateBrazier (UnityEngine.Transform,UnityEngine.Vector3) (at Assets/Scripts/Arena/Visuals/ArenaColosseumBuilder.cs:446)
QuizBattle.Arena.Visuals.ArenaColosseumBuilder:CreateCornerBraziers (UnityEngine.Transform,UnityEngine.Vector3,single,single) (at Assets/Scripts/Arena/Visuals/ArenaColosseumBuilder.cs:400)
QuizBattle.Arena.Visuals.ArenaColosseumBuilder:Build (UnityEngine.Transform,int,int,single) (at Assets/Scripts/Arena/Visuals/ArenaColosseumBuilder.cs:28)
QuizBattle.Arena.GridController:BuildGrid (int,int,int) (at Assets/Scripts/Arena/GridController.cs:49)
QuizBattle.GameState.GameManager:RunAutoPlayMatch (int,int) (at Assets/Scripts/GameState/GameManager.cs:66)
ArenaDemoRunner:RunScenario (string,int,int,string) (at Assets/Editor/ArenaDemoRunner.cs:40)
ArenaDemoRunner:Run () (at Assets/Editor/ArenaDemoRunner.cs:22)

[Assets/Scripts/Arena/GridController.cs line 49]

Base: Destroy may not be called from edit mode! Use DestroyImmediate instead.
Destroying an object in edit mode destroys it permanently
UnityEngine.Debug:ExtractStackTraceNoAlloc (byte*,int,string)
UnityEngine.StackTraceUtility:ExtractStackTrace ()
UnityEngine.Object:Destroy (UnityEngine.Object,single)
UnityEngine.Object:Destroy (UnityEngine.Object)
QuizBattle.Arena.Visuals.ArenaColosseumBuilder:CreateBrazier (UnityEngine.Transform,UnityEngine.Vector3) (at Assets/Scripts/Arena/Visuals/ArenaColosseumBuilder.cs:419)
QuizBattle.Arena.Visuals.ArenaColosseumBuilder:CreateCornerBraziers (UnityEngine.Transform,UnityEngine.Vector3,single,single) (at Assets/Scripts/Arena/Visuals/ArenaColosseumBuilder.cs:400)
QuizBattle.Arena.Visuals.ArenaColosseumBuilder:Build (UnityEngine.Transform,int,int,single) (at Assets/Scripts/Arena/Visuals/ArenaColosseumBuilder.cs:28)
QuizBattle.Arena.GridController:BuildGrid (int,int,int) (at Assets/Scripts/Arena/GridController.cs:49)
QuizBattle.GameState.GameManager:RunAutoPlayMatch (int,int) (at Assets/Scripts/GameState/GameManager.cs:66)
ArenaDemoRunner:RunScenario (string,int,int,string) (at Assets/Editor/ArenaDemoRunner.cs:40)
ArenaDemoRunner:Run () (at Assets/Editor/ArenaDemoRunner.cs:22)

[Assets/Scripts/Arena/GridController.cs line 49]

Pillar: Destroy may not be called from edit mode! Use DestroyImmediate instead.
Destroying an object in edit mode destroys it permanently
UnityEngine.Debug:ExtractStackTraceNoAlloc (byte*,int,string)
UnityEngine.StackTraceUtility:ExtractStackTrace ()
UnityEngine.Object:Destroy (UnityEngine.Object,single)
UnityEngine.Object:Destroy (UnityEngine.Object)
QuizBattle.Arena.Visuals.ArenaColosseumBuilder:CreateBrazier (UnityEngine.Transform,UnityEngine.Vector3) (at Assets/Scripts/Arena/Visuals/ArenaColosseumBuilder.cs:428)
QuizBattle.Arena.Visuals.ArenaColosseumBuilder:CreateCornerBraziers (UnityEngine.Transform,UnityEngine.Vector3,single,single) (at Assets/Scripts/Arena/Visuals/ArenaColosseumBuilder.cs:400)
QuizBattle.Arena.Visuals.ArenaColosseumBuilder:Build (UnityEngine.Transform,int,int,single) (at Assets/Scripts/Arena/Visuals/ArenaColosseumBuilder.cs:28)
QuizBattle.Arena.GridController:BuildGrid (int,int,int) (at Assets/Scripts/Arena/GridController.cs:49)
QuizBattle.GameState.GameManager:RunAutoPlayMatch (int,int) (at Assets/Scripts/GameState/GameManager.cs:66)
ArenaDemoRunner:RunScenario (string,int,int,string) (at Assets/Editor/ArenaDemoRunner.cs:40)
ArenaDemoRunner:Run () (at Assets/Editor/ArenaDemoRunner.cs:22)

[Assets/Scripts/Arena/GridController.cs line 49]

Bowl: Destroy may not be called from edit mode! Use DestroyImmediate instead.
Destroying an object in edit mode destroys it permanently
UnityEngine.Debug:ExtractStackTraceNoAlloc (byte*,int,string)
UnityEngine.StackTraceUtility:ExtractStackTrace ()
UnityEngine.Object:Destroy (UnityEngine.Object,single)
UnityEngine.Object:Destroy (UnityEngine.Object)
QuizBattle.Arena.Visuals.ArenaColosseumBuilder:CreateBrazier (UnityEngine.Transform,UnityEngine.Vector3) (at Assets/Scripts/Arena/Visuals/ArenaColosseumBuilder.cs:437)
QuizBattle.Arena.Visuals.ArenaColosseumBuilder:CreateCornerBraziers (UnityEngine.Transform,UnityEngine.Vector3,single,single) (at Assets/Scripts/Arena/Visuals/ArenaColosseumBuilder.cs:400)
QuizBattle.Arena.Visuals.ArenaColosseumBuilder:Build (UnityEngine.Transform,int,int,single) (at Assets/Scripts/Arena/Visuals/ArenaColosseumBuilder.cs:28)
QuizBattle.Arena.GridController:BuildGrid (int,int,int) (at Assets/Scripts/Arena/GridController.cs:49)
QuizBattle.GameState.GameManager:RunAutoPlayMatch (int,int) (at Assets/Scripts/GameState/GameManager.cs:66)
ArenaDemoRunner:RunScenario (string,int,int,string) (at Assets/Editor/ArenaDemoRunner.cs:40)
ArenaDemoRunner:Run () (at Assets/Editor/ArenaDemoRunner.cs:22)

[Assets/Scripts/Arena/GridController.cs line 49]

FireCore: Destroy may not be called from edit mode! Use DestroyImmediate instead.
Destroying an object in edit mode destroys it permanently
UnityEngine.Debug:ExtractStackTraceNoAlloc (byte*,int,string)
UnityEngine.StackTraceUtility:ExtractStackTrace ()
UnityEngine.Object:Destroy (UnityEngine.Object,single)
UnityEngine.Object:Destroy (UnityEngine.Object)
QuizBattle.Arena.Visuals.ArenaColosseumBuilder:CreateBrazier (UnityEngine.Transform,UnityEngine.Vector3) (at Assets/Scripts/Arena/Visuals/ArenaColosseumBuilder.cs:446)
QuizBattle.Arena.Visuals.ArenaColosseumBuilder:CreateCornerBraziers (UnityEngine.Transform,UnityEngine.Vector3,single,single) (at Assets/Scripts/Arena/Visuals/ArenaColosseumBuilder.cs:400)
QuizBattle.Arena.Visuals.ArenaColosseumBuilder:Build (UnityEngine.Transform,int,int,single) (at Assets/Scripts/Arena/Visuals/ArenaColosseumBuilder.cs:28)
QuizBattle.Arena.GridController:BuildGrid (int,int,int) (at Assets/Scripts/Arena/GridController.cs:49)
QuizBattle.GameState.GameManager:RunAutoPlayMatch (int,int) (at Assets/Scripts/GameState/GameManager.cs:66)
ArenaDemoRunner:RunScenario (string,int,int,string) (at Assets/Editor/ArenaDemoRunner.cs:40)
ArenaDemoRunner:Run () (at Assets/Editor/ArenaDemoRunner.cs:22)

[Assets/Scripts/Arena/GridController.cs line 49]

Base: Destroy may not be called from edit mode! Use DestroyImmediate instead.
Destroying an object in edit mode destroys it permanently
UnityEngine.Debug:ExtractStackTraceNoAlloc (byte*,int,string)
UnityEngine.StackTraceUtility:ExtractStackTrace ()
UnityEngine.Object:Destroy (UnityEngine.Object,single)
UnityEngine.Object:Destroy (UnityEngine.Object)
QuizBattle.Arena.Visuals.ArenaColosseumBuilder:CreateBrazier (UnityEngine.Transform,UnityEngine.Vector3) (at Assets/Scripts/Arena/Visuals/ArenaColosseumBuilder.cs:419)
QuizBattle.Arena.Visuals.ArenaColosseumBuilder:CreateCornerBraziers (UnityEngine.Transform,UnityEngine.Vector3,single,single) (at Assets/Scripts/Arena/Visuals/ArenaColosseumBuilder.cs:400)
QuizBattle.Arena.Visuals.ArenaColosseumBuilder:Build (UnityEngine.Transform,int,int,single) (at Assets/Scripts/Arena/Visuals/ArenaColosseumBuilder.cs:28)
QuizBattle.Arena.GridController:BuildGrid (int,int,int) (at Assets/Scripts/Arena/GridController.cs:49)
QuizBattle.GameState.GameManager:RunAutoPlayMatch (int,int) (at Assets/Scripts/GameState/GameManager.cs:66)
ArenaDemoRunner:RunScenario (string,int,int,string) (at Assets/Editor/ArenaDemoRunner.cs:40)
ArenaDemoRunner:Run () (at Assets/Editor/ArenaDemoRunner.cs:22)

[Assets/Scripts/Arena/GridController.cs line 49]

Pillar: Destroy may not be called from edit mode! Use DestroyImmediate instead.
Destroying an object in edit mode destroys it permanently
UnityEngine.Debug:ExtractStackTraceNoAlloc (byte*,int,string)
UnityEngine.StackTraceUtility:ExtractStackTrace ()
UnityEngine.Object:Destroy (UnityEngine.Object,single)
UnityEngine.Object:Destroy (UnityEngine.Object)
QuizBattle.Arena.Visuals.ArenaColosseumBuilder:CreateBrazier (UnityEngine.Transform,UnityEngine.Vector3) (at Assets/Scripts/Arena/Visuals/ArenaColosseumBuilder.cs:428)
QuizBattle.Arena.Visuals.ArenaColosseumBuilder:CreateCornerBraziers (UnityEngine.Transform,UnityEngine.Vector3,single,single) (at Assets/Scripts/Arena/Visuals/ArenaColosseumBuilder.cs:400)
QuizBattle.Arena.Visuals.ArenaColosseumBuilder:Build (UnityEngine.Transform,int,int,single) (at Assets/Scripts/Arena/Visuals/ArenaColosseumBuilder.cs:28)
QuizBattle.Arena.GridController:BuildGrid (int,int,int) (at Assets/Scripts/Arena/GridController.cs:49)
QuizBattle.GameState.GameManager:RunAutoPlayMatch (int,int) (at Assets/Scripts/GameState/GameManager.cs:66)
ArenaDemoRunner:RunScenario (string,int,int,string) (at Assets/Editor/ArenaDemoRunner.cs:40)
ArenaDemoRunner:Run () (at Assets/Editor/ArenaDemoRunner.cs:22)

[Assets/Scripts/Arena/GridController.cs line 49]

Bowl: Destroy may not be called from edit mode! Use DestroyImmediate instead.
Destroying an object in edit mode destroys it permanently
UnityEngine.Debug:ExtractStackTraceNoAlloc (byte*,int,string)
UnityEngine.StackTraceUtility:ExtractStackTrace ()
UnityEngine.Object:Destroy (UnityEngine.Object,single)
UnityEngine.Object:Destroy (UnityEngine.Object)
QuizBattle.Arena.Visuals.ArenaColosseumBuilder:CreateBrazier (UnityEngine.Transform,UnityEngine.Vector3) (at Assets/Scripts/Arena/Visuals/ArenaColosseumBuilder.cs:437)
QuizBattle.Arena.Visuals.ArenaColosseumBuilder:CreateCornerBraziers (UnityEngine.Transform,UnityEngine.Vector3,single,single) (at Assets/Scripts/Arena/Visuals/ArenaColosseumBuilder.cs:400)
QuizBattle.Arena.Visuals.ArenaColosseumBuilder:Build (UnityEngine.Transform,int,int,single) (at Assets/Scripts/Arena/Visuals/ArenaColosseumBuilder.cs:28)
QuizBattle.Arena.GridController:BuildGrid (int,int,int) (at Assets/Scripts/Arena/GridController.cs:49)
QuizBattle.GameState.GameManager:RunAutoPlayMatch (int,int) (at Assets/Scripts/GameState/GameManager.cs:66)
ArenaDemoRunner:RunScenario (string,int,int,string) (at Assets/Editor/ArenaDemoRunner.cs:40)
ArenaDemoRunner:Run () (at Assets/Editor/ArenaDemoRunner.cs:22)

[Assets/Scripts/Arena/GridController.cs line 49]

FireCore: Destroy may not be called from edit mode! Use DestroyImmediate instead.
Destroying an object in edit mode destroys it permanently
UnityEngine.Debug:ExtractStackTraceNoAlloc (byte*,int,string)
UnityEngine.StackTraceUtility:ExtractStackTrace ()
UnityEngine.Object:Destroy (UnityEngine.Object,single)
UnityEngine.Object:Destroy (UnityEngine.Object)
QuizBattle.Arena.Visuals.ArenaColosseumBuilder:CreateBrazier (UnityEngine.Transform,UnityEngine.Vector3) (at Assets/Scripts/Arena/Visuals/ArenaColosseumBuilder.cs:446)
QuizBattle.Arena.Visuals.ArenaColosseumBuilder:CreateCornerBraziers (UnityEngine.Transform,UnityEngine.Vector3,single,single) (at Assets/Scripts/Arena/Visuals/ArenaColosseumBuilder.cs:400)
QuizBattle.Arena.Visuals.ArenaColosseumBuilder:Build (UnityEngine.Transform,int,int,single) (at Assets/Scripts/Arena/Visuals/ArenaColosseumBuilder.cs:28)
QuizBattle.Arena.GridController:BuildGrid (int,int,int) (at Assets/Scripts/Arena/GridController.cs:49)
QuizBattle.GameState.GameManager:RunAutoPlayMatch (int,int) (at Assets/Scripts/GameState/GameManager.cs:66)
ArenaDemoRunner:RunScenario (string,int,int,string) (at Assets/Editor/ArenaDemoRunner.cs:40)
ArenaDemoRunner:Run () (at Assets/Editor/ArenaDemoRunner.cs:22)

[Assets/Scripts/Arena/GridController.cs line 49]

Base: Destroy may not be called from edit mode! Use DestroyImmediate instead.
Destroying an object in edit mode destroys it permanently
UnityEngine.Debug:ExtractStackTraceNoAlloc (byte*,int,string)
UnityEngine.StackTraceUtility:ExtractStackTrace ()
UnityEngine.Object:Destroy (UnityEngine.Object,single)
UnityEngine.Object:Destroy (UnityEngine.Object)
QuizBattle.Arena.Visuals.ArenaColosseumBuilder:CreateBrazier (UnityEngine.Transform,UnityEngine.Vector3) (at Assets/Scripts/Arena/Visuals/ArenaColosseumBuilder.cs:419)
QuizBattle.Arena.Visuals.ArenaColosseumBuilder:CreateCornerBraziers (UnityEngine.Transform,UnityEngine.Vector3,single,single) (at Assets/Scripts/Arena/Visuals/ArenaColosseumBuilder.cs:400)
QuizBattle.Arena.Visuals.ArenaColosseumBuilder:Build (UnityEngine.Transform,int,int,single) (at Assets/Scripts/Arena/Visuals/ArenaColosseumBuilder.cs:28)
QuizBattle.Arena.GridController:BuildGrid (int,int,int) (at Assets/Scripts/Arena/GridController.cs:49)
QuizBattle.GameState.GameManager:RunAutoPlayMatch (int,int) (at Assets/Scripts/GameState/GameManager.cs:66)
ArenaDemoRunner:RunScenario (string,int,int,string) (at Assets/Editor/ArenaDemoRunner.cs:40)
ArenaDemoRunner:Run () (at Assets/Editor/ArenaDemoRunner.cs:22)

[Assets/Scripts/Arena/GridController.cs line 49]

Pillar: Destroy may not be called from edit mode! Use DestroyImmediate instead.
Destroying an object in edit mode destroys it permanently
UnityEngine.Debug:ExtractStackTraceNoAlloc (byte*,int,string)
UnityEngine.StackTraceUtility:ExtractStackTrace ()
UnityEngine.Object:Destroy (UnityEngine.Object,single)
UnityEngine.Object:Destroy (UnityEngine.Object)
QuizBattle.Arena.Visuals.ArenaColosseumBuilder:CreateBrazier (UnityEngine.Transform,UnityEngine.Vector3) (at Assets/Scripts/Arena/Visuals/ArenaColosseumBuilder.cs:428)
QuizBattle.Arena.Visuals.ArenaColosseumBuilder:CreateCornerBraziers (UnityEngine.Transform,UnityEngine.Vector3,single,single) (at Assets/Scripts/Arena/Visuals/ArenaColosseumBuilder.cs:400)
QuizBattle.Arena.Visuals.ArenaColosseumBuilder:Build (UnityEngine.Transform,int,int,single) (at Assets/Scripts/Arena/Visuals/ArenaColosseumBuilder.cs:28)
QuizBattle.Arena.GridController:BuildGrid (int,int,int) (at Assets/Scripts/Arena/GridController.cs:49)
QuizBattle.GameState.GameManager:RunAutoPlayMatch (int,int) (at Assets/Scripts/GameState/GameManager.cs:66)
ArenaDemoRunner:RunScenario (string,int,int,string) (at Assets/Editor/ArenaDemoRunner.cs:40)
ArenaDemoRunner:Run () (at Assets/Editor/ArenaDemoRunner.cs:22)

[Assets/Scripts/Arena/GridController.cs line 49]

Bowl: Destroy may not be called from edit mode! Use DestroyImmediate instead.
Destroying an object in edit mode destroys it permanently
UnityEngine.Debug:ExtractStackTraceNoAlloc (byte*,int,string)
UnityEngine.StackTraceUtility:ExtractStackTrace ()
UnityEngine.Object:Destroy (UnityEngine.Object,single)
UnityEngine.Object:Destroy (UnityEngine.Object)
QuizBattle.Arena.Visuals.ArenaColosseumBuilder:CreateBrazier (UnityEngine.Transform,UnityEngine.Vector3) (at Assets/Scripts/Arena/Visuals/ArenaColosseumBuilder.cs:437)
QuizBattle.Arena.Visuals.ArenaColosseumBuilder:CreateCornerBraziers (UnityEngine.Transform,UnityEngine.Vector3,single,single) (at Assets/Scripts/Arena/Visuals/ArenaColosseumBuilder.cs:400)
QuizBattle.Arena.Visuals.ArenaColosseumBuilder:Build (UnityEngine.Transform,int,int,single) (at Assets/Scripts/Arena/Visuals/ArenaColosseumBuilder.cs:28)
QuizBattle.Arena.GridController:BuildGrid (int,int,int) (at Assets/Scripts/Arena/GridController.cs:49)
QuizBattle.GameState.GameManager:RunAutoPlayMatch (int,int) (at Assets/Scripts/GameState/GameManager.cs:66)
ArenaDemoRunner:RunScenario (string,int,int,string) (at Assets/Editor/ArenaDemoRunner.cs:40)
ArenaDemoRunner:Run () (at Assets/Editor/ArenaDemoRunner.cs:22)

[Assets/Scripts/Arena/GridController.cs line 49]

FireCore: Destroy may not be called from edit mode! Use DestroyImmediate instead.
Destroying an object in edit mode destroys it permanently
UnityEngine.Debug:ExtractStackTraceNoAlloc (byte*,int,string)
UnityEngine.StackTraceUtility:ExtractStackTrace ()
UnityEngine.Object:Destroy (UnityEngine.Object,single)
UnityEngine.Object:Destroy (UnityEngine.Object)
QuizBattle.Arena.Visuals.ArenaColosseumBuilder:CreateBrazier (UnityEngine.Transform,UnityEngine.Vector3) (at Assets/Scripts/Arena/Visuals/ArenaColosseumBuilder.cs:446)
QuizBattle.Arena.Visuals.ArenaColosseumBuilder:CreateCornerBraziers (UnityEngine.Transform,UnityEngine.Vector3,single,single) (at Assets/Scripts/Arena/Visuals/ArenaColosseumBuilder.cs:400)
QuizBattle.Arena.Visuals.ArenaColosseumBuilder:Build (UnityEngine.Transform,int,int,single) (at Assets/Scripts/Arena/Visuals/ArenaColosseumBuilder.cs:28)
QuizBattle.Arena.GridController:BuildGrid (int,int,int) (at Assets/Scripts/Arena/GridController.cs:49)
QuizBattle.GameState.GameManager:RunAutoPlayMatch (int,int) (at Assets/Scripts/GameState/GameManager.cs:66)
ArenaDemoRunner:RunScenario (string,int,int,string) (at Assets/Editor/ArenaDemoRunner.cs:40)
ArenaDemoRunner:Run () (at Assets/Editor/ArenaDemoRunner.cs:22)

[Assets/Scripts/Arena/GridController.cs line 49]

Water: Destroy may not be called from edit mode! Use DestroyImmediate instead.
Destroying an object in edit mode destroys it permanently
UnityEngine.Debug:ExtractStackTraceNoAlloc (byte*,int,string)
UnityEngine.StackTraceUtility:ExtractStackTrace ()
UnityEngine.Object:Destroy (UnityEngine.Object,single)
UnityEngine.Object:Destroy (UnityEngine.Object)
QuizBattle.Arena.Visuals.ArenaColosseumBuilder:CreateWaterMoatAndBridges (UnityEngine.Transform,UnityEngine.Vector3,single,single) (at Assets/Scripts/Arena/Visuals/ArenaColosseumBuilder.cs:532)
QuizBattle.Arena.Visuals.ArenaColosseumBuilder:Build (UnityEngine.Transform,int,int,single) (at Assets/Scripts/Arena/Visuals/ArenaColosseumBuilder.cs:29)
QuizBattle.Arena.GridController:BuildGrid (int,int,int) (at Assets/Scripts/Arena/GridController.cs:49)
QuizBattle.GameState.GameManager:RunAutoPlayMatch (int,int) (at Assets/Scripts/GameState/GameManager.cs:66)
ArenaDemoRunner:RunScenario (string,int,int,string) (at Assets/Editor/ArenaDemoRunner.cs:40)
ArenaDemoRunner:Run () (at Assets/Editor/ArenaDemoRunner.cs:22)

[Assets/Scripts/Arena/GridController.cs line 49]

Planks: Destroy may not be called from edit mode! Use DestroyImmediate instead.
Destroying an object in edit mode destroys it permanently
UnityEngine.Debug:ExtractStackTraceNoAlloc (byte*,int,string)
UnityEngine.StackTraceUtility:ExtractStackTrace ()
UnityEngine.Object:Destroy (UnityEngine.Object,single)
UnityEngine.Object:Destroy (UnityEngine.Object)
QuizBattle.Arena.Visuals.ArenaColosseumBuilder:CreateBridge (UnityEngine.Transform,UnityEngine.Vector3) (at Assets/Scripts/Arena/Visuals/ArenaColosseumBuilder.cs:565)
QuizBattle.Arena.Visuals.ArenaColosseumBuilder:CreateWaterMoatAndBridges (UnityEngine.Transform,UnityEngine.Vector3,single,single) (at Assets/Scripts/Arena/Visuals/ArenaColosseumBuilder.cs:548)
QuizBattle.Arena.Visuals.ArenaColosseumBuilder:Build (UnityEngine.Transform,int,int,single) (at Assets/Scripts/Arena/Visuals/ArenaColosseumBuilder.cs:29)
QuizBattle.Arena.GridController:BuildGrid (int,int,int) (at Assets/Scripts/Arena/GridController.cs:49)
QuizBattle.GameState.GameManager:RunAutoPlayMatch (int,int) (at Assets/Scripts/GameState/GameManager.cs:66)
ArenaDemoRunner:RunScenario (string,int,int,string) (at Assets/Editor/ArenaDemoRunner.cs:40)
ArenaDemoRunner:Run () (at Assets/Editor/ArenaDemoRunner.cs:22)

[Assets/Scripts/Arena/GridController.cs line 49]

Rail: Destroy may not be called from edit mode! Use DestroyImmediate instead.
Destroying an object in edit mode destroys it permanently
UnityEngine.Debug:ExtractStackTraceNoAlloc (byte*,int,string)
UnityEngine.StackTraceUtility:ExtractStackTrace ()
UnityEngine.Object:Destroy (UnityEngine.Object,single)
UnityEngine.Object:Destroy (UnityEngine.Object)
QuizBattle.Arena.Visuals.ArenaColosseumBuilder:CreateBridge (UnityEngine.Transform,UnityEngine.Vector3) (at Assets/Scripts/Arena/Visuals/ArenaColosseumBuilder.cs:576)
QuizBattle.Arena.Visuals.ArenaColosseumBuilder:CreateWaterMoatAndBridges (UnityEngine.Transform,UnityEngine.Vector3,single,single) (at Assets/Scripts/Arena/Visuals/ArenaColosseumBuilder.cs:548)
QuizBattle.Arena.Visuals.ArenaColosseumBuilder:Build (UnityEngine.Transform,int,int,single) (at Assets/Scripts/Arena/Visuals/ArenaColosseumBuilder.cs:29)
QuizBattle.Arena.GridController:BuildGrid (int,int,int) (at Assets/Scripts/Arena/GridController.cs:49)
QuizBattle.GameState.GameManager:RunAutoPlayMatch (int,int) (at Assets/Scripts/GameState/GameManager.cs:66)
ArenaDemoRunner:RunScenario (string,int,int,string) (at Assets/Editor/ArenaDemoRunner.cs:40)
ArenaDemoRunner:Run () (at Assets/Editor/ArenaDemoRunner.cs:22)

[Assets/Scripts/Arena/GridController.cs line 49]

Rail: Destroy may not be called from edit mode! Use DestroyImmediate instead.
Destroying an object in edit mode destroys it permanently
UnityEngine.Debug:ExtractStackTraceNoAlloc (byte*,int,string)
UnityEngine.StackTraceUtility:ExtractStackTrace ()
UnityEngine.Object:Destroy (UnityEngine.Object,single)
UnityEngine.Object:Destroy (UnityEngine.Object)
QuizBattle.Arena.Visuals.ArenaColosseumBuilder:CreateBridge (UnityEngine.Transform,UnityEngine.Vector3) (at Assets/Scripts/Arena/Visuals/ArenaColosseumBuilder.cs:576)
QuizBattle.Arena.Visuals.ArenaColosseumBuilder:CreateWaterMoatAndBridges (UnityEngine.Transform,UnityEngine.Vector3,single,single) (at Assets/Scripts/Arena/Visuals/ArenaColosseumBuilder.cs:548)
QuizBattle.Arena.Visuals.ArenaColosseumBuilder:Build (UnityEngine.Transform,int,int,single) (at Assets/Scripts/Arena/Visuals/ArenaColosseumBuilder.cs:29)
QuizBattle.Arena.GridController:BuildGrid (int,int,int) (at Assets/Scripts/Arena/GridController.cs:49)
QuizBattle.GameState.GameManager:RunAutoPlayMatch (int,int) (at Assets/Scripts/GameState/GameManager.cs:66)
ArenaDemoRunner:RunScenario (string,int,int,string) (at Assets/Editor/ArenaDemoRunner.cs:40)
ArenaDemoRunner:Run () (at Assets/Editor/ArenaDemoRunner.cs:22)

[Assets/Scripts/Arena/GridController.cs line 49]

Planks: Destroy may not be called from edit mode! Use DestroyImmediate instead.
Destroying an object in edit mode destroys it permanently
UnityEngine.Debug:ExtractStackTraceNoAlloc (byte*,int,string)
UnityEngine.StackTraceUtility:ExtractStackTrace ()
UnityEngine.Object:Destroy (UnityEngine.Object,single)
UnityEngine.Object:Destroy (UnityEngine.Object)
QuizBattle.Arena.Visuals.ArenaColosseumBuilder:CreateBridge (UnityEngine.Transform,UnityEngine.Vector3) (at Assets/Scripts/Arena/Visuals/ArenaColosseumBuilder.cs:565)
QuizBattle.Arena.Visuals.ArenaColosseumBuilder:CreateWaterMoatAndBridges (UnityEngine.Transform,UnityEngine.Vector3,single,single) (at Assets/Scripts/Arena/Visuals/ArenaColosseumBuilder.cs:549)
QuizBattle.Arena.Visuals.ArenaColosseumBuilder:Build (UnityEngine.Transform,int,int,single) (at Assets/Scripts/Arena/Visuals/ArenaColosseumBuilder.cs:29)
QuizBattle.Arena.GridController:BuildGrid (int,int,int) (at Assets/Scripts/Arena/GridController.cs:49)
QuizBattle.GameState.GameManager:RunAutoPlayMatch (int,int) (at Assets/Scripts/GameState/GameManager.cs:66)
ArenaDemoRunner:RunScenario (string,int,int,string) (at Assets/Editor/ArenaDemoRunner.cs:40)
ArenaDemoRunner:Run () (at Assets/Editor/ArenaDemoRunner.cs:22)

[Assets/Scripts/Arena/GridController.cs line 49]

Rail: Destroy may not be called from edit mode! Use DestroyImmediate instead.
Destroying an object in edit mode destroys it permanently
UnityEngine.Debug:ExtractStackTraceNoAlloc (byte*,int,string)
UnityEngine.StackTraceUtility:ExtractStackTrace ()
UnityEngine.Object:Destroy (UnityEngine.Object,single)
UnityEngine.Object:Destroy (UnityEngine.Object)
QuizBattle.Arena.Visuals.ArenaColosseumBuilder:CreateBridge (UnityEngine.Transform,UnityEngine.Vector3) (at Assets/Scripts/Arena/Visuals/ArenaColosseumBuilder.cs:576)
QuizBattle.Arena.Visuals.ArenaColosseumBuilder:CreateWaterMoatAndBridges (UnityEngine.Transform,UnityEngine.Vector3,single,single) (at Assets/Scripts/Arena/Visuals/ArenaColosseumBuilder.cs:549)
QuizBattle.Arena.Visuals.ArenaColosseumBuilder:Build (UnityEngine.Transform,int,int,single) (at Assets/Scripts/Arena/Visuals/ArenaColosseumBuilder.cs:29)
QuizBattle.Arena.GridController:BuildGrid (int,int,int) (at Assets/Scripts/Arena/GridController.cs:49)
QuizBattle.GameState.GameManager:RunAutoPlayMatch (int,int) (at Assets/Scripts/GameState/GameManager.cs:66)
ArenaDemoRunner:RunScenario (string,int,int,string) (at Assets/Editor/ArenaDemoRunner.cs:40)
ArenaDemoRunner:Run () (at Assets/Editor/ArenaDemoRunner.cs:22)

[Assets/Scripts/Arena/GridController.cs line 49]

Rail: Destroy may not be called from edit mode! Use DestroyImmediate instead.
Destroying an object in edit mode destroys it permanently
UnityEngine.Debug:ExtractStackTraceNoAlloc (byte*,int,string)
UnityEngine.StackTraceUtility:ExtractStackTrace ()
UnityEngine.Object:Destroy (UnityEngine.Object,single)
UnityEngine.Object:Destroy (UnityEngine.Object)
QuizBattle.Arena.Visuals.ArenaColosseumBuilder:CreateBridge (UnityEngine.Transform,UnityEngine.Vector3) (at Assets/Scripts/Arena/Visuals/ArenaColosseumBuilder.cs:576)
QuizBattle.Arena.Visuals.ArenaColosseumBuilder:CreateWaterMoatAndBridges (UnityEngine.Transform,UnityEngine.Vector3,single,single) (at Assets/Scripts/Arena/Visuals/ArenaColosseumBuilder.cs:549)
QuizBattle.Arena.Visuals.ArenaColosseumBuilder:Build (UnityEngine.Transform,int,int,single) (at Assets/Scripts/Arena/Visuals/ArenaColosseumBuilder.cs:29)
QuizBattle.Arena.GridController:BuildGrid (int,int,int) (at Assets/Scripts/Arena/GridController.cs:49)
QuizBattle.GameState.GameManager:RunAutoPlayMatch (int,int) (at Assets/Scripts/GameState/GameManager.cs:66)
ArenaDemoRunner:RunScenario (string,int,int,string) (at Assets/Editor/ArenaDemoRunner.cs:40)
ArenaDemoRunner:Run () (at Assets/Editor/ArenaDemoRunner.cs:22)

[Assets/Scripts/Arena/GridController.cs line 49]

Trunk: Destroy may not be called from edit mode! Use DestroyImmediate instead.
Destroying an object in edit mode destroys it permanently
UnityEngine.Debug:ExtractStackTraceNoAlloc (byte*,int,string)
UnityEngine.StackTraceUtility:ExtractStackTrace ()
UnityEngine.Object:Destroy (UnityEngine.Object,single)
UnityEngine.Object:Destroy (UnityEngine.Object)
QuizBattle.Arena.Visuals.ArenaColosseumBuilder:CreateCartoonTree (UnityEngine.Transform,UnityEngine.Vector3) (at Assets/Scripts/Arena/Visuals/ArenaColosseumBuilder.cs:626)
QuizBattle.Arena.Visuals.ArenaColosseumBuilder:CreateFoliageAndProps (UnityEngine.Transform,UnityEngine.Vector3,single,single) (at Assets/Scripts/Arena/Visuals/ArenaColosseumBuilder.cs:602)
QuizBattle.Arena.Visuals.ArenaColosseumBuilder:Build (UnityEngine.Transform,int,int,single) (at Assets/Scripts/Arena/Visuals/ArenaColosseumBuilder.cs:30)
QuizBattle.Arena.GridController:BuildGrid (int,int,int) (at Assets/Scripts/Arena/GridController.cs:49)
QuizBattle.GameState.GameManager:RunAutoPlayMatch (int,int) (at Assets/Scripts/GameState/GameManager.cs:66)
ArenaDemoRunner:RunScenario (string,int,int,string) (at Assets/Editor/ArenaDemoRunner.cs:40)
ArenaDemoRunner:Run () (at Assets/Editor/ArenaDemoRunner.cs:22)

[Assets/Scripts/Arena/GridController.cs line 49]

FoliagePuff: Destroy may not be called from edit mode! Use DestroyImmediate instead.
Destroying an object in edit mode destroys it permanently
UnityEngine.Debug:ExtractStackTraceNoAlloc (byte*,int,string)
UnityEngine.StackTraceUtility:ExtractStackTrace ()
UnityEngine.Object:Destroy (UnityEngine.Object,single)
UnityEngine.Object:Destroy (UnityEngine.Object)
QuizBattle.Arena.Visuals.ArenaColosseumBuilder:CreateCartoonTree (UnityEngine.Transform,UnityEngine.Vector3) (at Assets/Scripts/Arena/Visuals/ArenaColosseumBuilder.cs:645)
QuizBattle.Arena.Visuals.ArenaColosseumBuilder:CreateFoliageAndProps (UnityEngine.Transform,UnityEngine.Vector3,single,single) (at Assets/Scripts/Arena/Visuals/ArenaColosseumBuilder.cs:602)
QuizBattle.Arena.Visuals.ArenaColosseumBuilder:Build (UnityEngine.Transform,int,int,single) (at Assets/Scripts/Arena/Visuals/ArenaColosseumBuilder.cs:30)
QuizBattle.Arena.GridController:BuildGrid (int,int,int) (at Assets/Scripts/Arena/GridController.cs:49)
QuizBattle.GameState.GameManager:RunAutoPlayMatch (int,int) (at Assets/Scripts/GameState/GameManager.cs:66)
ArenaDemoRunner:RunScenario (string,int,int,string) (at Assets/Editor/ArenaDemoRunner.cs:40)
ArenaDemoRunner:Run () (at Assets/Editor/ArenaDemoRunner.cs:22)

[Assets/Scripts/Arena/GridController.cs line 49]

FoliagePuff: Destroy may not be called from edit mode! Use DestroyImmediate instead.
Destroying an object in edit mode destroys it permanently
UnityEngine.Debug:ExtractStackTraceNoAlloc (byte*,int,string)
UnityEngine.StackTraceUtility:ExtractStackTrace ()
UnityEngine.Object:Destroy (UnityEngine.Object,single)
UnityEngine.Object:Destroy (UnityEngine.Object)
QuizBattle.Arena.Visuals.ArenaColosseumBuilder:CreateCartoonTree (UnityEngine.Transform,UnityEngine.Vector3) (at Assets/Scripts/Arena/Visuals/ArenaColosseumBuilder.cs:645)
QuizBattle.Arena.Visuals.ArenaColosseumBuilder:CreateFoliageAndProps (UnityEngine.Transform,UnityEngine.Vector3,single,single) (at Assets/Scripts/Arena/Visuals/ArenaColosseumBuilder.cs:602)
QuizBattle.Arena.Visuals.ArenaColosseumBuilder:Build (UnityEngine.Transform,int,int,single) (at Assets/Scripts/Arena/Visuals/ArenaColosseumBuilder.cs:30)
QuizBattle.Arena.GridController:BuildGrid (int,int,int) (at Assets/Scripts/Arena/GridController.cs:49)
QuizBattle.GameState.GameManager:RunAutoPlayMatch (int,int) (at Assets/Scripts/GameState/GameManager.cs:66)
ArenaDemoRunner:RunScenario (string,int,int,string) (at Assets/Editor/ArenaDemoRunner.cs:40)
ArenaDemoRunner:Run () (at Assets/Editor/ArenaDemoRunner.cs:22)

[Assets/Scripts/Arena/GridController.cs line 49]

FoliagePuff: Destroy may not be called from edit mode! Use DestroyImmediate instead.
Destroying an object in edit mode destroys it permanently
UnityEngine.Debug:ExtractStackTraceNoAlloc (byte*,int,string)
UnityEngine.StackTraceUtility:ExtractStackTrace ()
UnityEngine.Object:Destroy (UnityEngine.Object,single)
UnityEngine.Object:Destroy (UnityEngine.Object)
QuizBattle.Arena.Visuals.ArenaColosseumBuilder:CreateCartoonTree (UnityEngine.Transform,UnityEngine.Vector3) (at Assets/Scripts/Arena/Visuals/ArenaColosseumBuilder.cs:645)
QuizBattle.Arena.Visuals.ArenaColosseumBuilder:CreateFoliageAndProps (UnityEngine.Transform,UnityEngine.Vector3,single,single) (at Assets/Scripts/Arena/Visuals/ArenaColosseumBuilder.cs:602)
QuizBattle.Arena.Visuals.ArenaColosseumBuilder:Build (UnityEngine.Transform,int,int,single) (at Assets/Scripts/Arena/Visuals/ArenaColosseumBuilder.cs:30)
QuizBattle.Arena.GridController:BuildGrid (int,int,int) (at Assets/Scripts/Arena/GridController.cs:49)
QuizBattle.GameState.GameManager:RunAutoPlayMatch (int,int) (at Assets/Scripts/GameState/GameManager.cs:66)
ArenaDemoRunner:RunScenario (string,int,int,string) (at Assets/Editor/ArenaDemoRunner.cs:40)
ArenaDemoRunner:Run () (at Assets/Editor/ArenaDemoRunner.cs:22)

[Assets/Scripts/Arena/GridController.cs line 49]

FoliagePuff: Destroy may not be called from edit mode! Use DestroyImmediate instead.
Destroying an object in edit mode destroys it permanently
UnityEngine.Debug:ExtractStackTraceNoAlloc (byte*,int,string)
UnityEngine.StackTraceUtility:ExtractStackTrace ()
UnityEngine.Object:Destroy (UnityEngine.Object,single)
UnityEngine.Object:Destroy (UnityEngine.Object)
QuizBattle.Arena.Visuals.ArenaColosseumBuilder:CreateCartoonTree (UnityEngine.Transform,UnityEngine.Vector3) (at Assets/Scripts/Arena/Visuals/ArenaColosseumBuilder.cs:645)
QuizBattle.Arena.Visuals.ArenaColosseumBuilder:CreateFoliageAndProps (UnityEngine.Transform,UnityEngine.Vector3,single,single) (at Assets/Scripts/Arena/Visuals/ArenaColosseumBuilder.cs:602)
QuizBattle.Arena.Visuals.ArenaColosseumBuilder:Build (UnityEngine.Transform,int,int,single) (at Assets/Scripts/Arena/Visuals/ArenaColosseumBuilder.cs:30)
QuizBattle.Arena.GridController:BuildGrid (int,int,int) (at Assets/Scripts/Arena/GridController.cs:49)
QuizBattle.GameState.GameManager:RunAutoPlayMatch (int,int) (at Assets/Scripts/GameState/GameManager.cs:66)
ArenaDemoRunner:RunScenario (string,int,int,string) (at Assets/Editor/ArenaDemoRunner.cs:40)
ArenaDemoRunner:Run () (at Assets/Editor/ArenaDemoRunner.cs:22)

[Assets/Scripts/Arena/GridController.cs line 49]

Trunk: Destroy may not be called from edit mode! Use DestroyImmediate instead.
Destroying an object in edit mode destroys it permanently
UnityEngine.Debug:ExtractStackTraceNoAlloc (byte*,int,string)
UnityEngine.StackTraceUtility:ExtractStackTrace ()
UnityEngine.Object:Destroy (UnityEngine.Object,single)
UnityEngine.Object:Destroy (UnityEngine.Object)
QuizBattle.Arena.Visuals.ArenaColosseumBuilder:CreateCartoonTree (UnityEngine.Transform,UnityEngine.Vector3) (at Assets/Scripts/Arena/Visuals/ArenaColosseumBuilder.cs:626)
QuizBattle.Arena.Visuals.ArenaColosseumBuilder:CreateFoliageAndProps (UnityEngine.Transform,UnityEngine.Vector3,single,single) (at Assets/Scripts/Arena/Visuals/ArenaColosseumBuilder.cs:602)
QuizBattle.Arena.Visuals.ArenaColosseumBuilder:Build (UnityEngine.Transform,int,int,single) (at Assets/Scripts/Arena/Visuals/ArenaColosseumBuilder.cs:30)
QuizBattle.Arena.GridController:BuildGrid (int,int,int) (at Assets/Scripts/Arena/GridController.cs:49)
QuizBattle.GameState.GameManager:RunAutoPlayMatch (int,int) (at Assets/Scripts/GameState/GameManager.cs:66)
ArenaDemoRunner:RunScenario (string,int,int,string) (at Assets/Editor/ArenaDemoRunner.cs:40)
ArenaDemoRunner:Run () (at Assets/Editor/ArenaDemoRunner.cs:22)

[Assets/Scripts/Arena/GridController.cs line 49]

FoliagePuff: Destroy may not be called from edit mode! Use DestroyImmediate instead.
Destroying an object in edit mode destroys it permanently
UnityEngine.Debug:ExtractStackTraceNoAlloc (byte*,int,string)
UnityEngine.StackTraceUtility:ExtractStackTrace ()
UnityEngine.Object:Destroy (UnityEngine.Object,single)
UnityEngine.Object:Destroy (UnityEngine.Object)
QuizBattle.Arena.Visuals.ArenaColosseumBuilder:CreateCartoonTree (UnityEngine.Transform,UnityEngine.Vector3) (at Assets/Scripts/Arena/Visuals/ArenaColosseumBuilder.cs:645)
QuizBattle.Arena.Visuals.ArenaColosseumBuilder:CreateFoliageAndProps (UnityEngine.Transform,UnityEngine.Vector3,single,single) (at Assets/Scripts/Arena/Visuals/ArenaColosseumBuilder.cs:602)
QuizBattle.Arena.Visuals.ArenaColosseumBuilder:Build (UnityEngine.Transform,int,int,single) (at Assets/Scripts/Arena/Visuals/ArenaColosseumBuilder.cs:30)
QuizBattle.Arena.GridController:BuildGrid (int,int,int) (at Assets/Scripts/Arena/GridController.cs:49)
QuizBattle.GameState.GameManager:RunAutoPlayMatch (int,int) (at Assets/Scripts/GameState/GameManager.cs:66)
ArenaDemoRunner:RunScenario (string,int,int,string) (at Assets/Editor/ArenaDemoRunner.cs:40)
ArenaDemoRunner:Run () (at Assets/Editor/ArenaDemoRunner.cs:22)

[Assets/Scripts/Arena/GridController.cs line 49]

FoliagePuff: Destroy may not be called from edit mode! Use DestroyImmediate instead.
Destroying an object in edit mode destroys it permanently
UnityEngine.Debug:ExtractStackTraceNoAlloc (byte*,int,string)
UnityEngine.StackTraceUtility:ExtractStackTrace ()
UnityEngine.Object:Destroy (UnityEngine.Object,single)
UnityEngine.Object:Destroy (UnityEngine.Object)
QuizBattle.Arena.Visuals.ArenaColosseumBuilder:CreateCartoonTree (UnityEngine.Transform,UnityEngine.Vector3) (at Assets/Scripts/Arena/Visuals/ArenaColosseumBuilder.cs:645)
QuizBattle.Arena.Visuals.ArenaColosseumBuilder:CreateFoliageAndProps (UnityEngine.Transform,UnityEngine.Vector3,single,single) (at Assets/Scripts/Arena/Visuals/ArenaColosseumBuilder.cs:602)
QuizBattle.Arena.Visuals.ArenaColosseumBuilder:Build (UnityEngine.Transform,int,int,single) (at Assets/Scripts/Arena/Visuals/ArenaColosseumBuilder.cs:30)
QuizBattle.Arena.GridController:BuildGrid (int,int,int) (at Assets/Scripts/Arena/GridController.cs:49)
QuizBattle.GameState.GameManager:RunAutoPlayMatch (int,int) (at Assets/Scripts/GameState/GameManager.cs:66)
ArenaDemoRunner:RunScenario (string,int,int,string) (at Assets/Editor/ArenaDemoRunner.cs:40)
ArenaDemoRunner:Run () (at Assets/Editor/ArenaDemoRunner.cs:22)

[Assets/Scripts/Arena/GridController.cs line 49]

FoliagePuff: Destroy may not be called from edit mode! Use DestroyImmediate instead.
Destroying an object in edit mode destroys it permanently
UnityEngine.Debug:ExtractStackTraceNoAlloc (byte*,int,string)
UnityEngine.StackTraceUtility:ExtractStackTrace ()
UnityEngine.Object:Destroy (UnityEngine.Object,single)
UnityEngine.Object:Destroy (UnityEngine.Object)
QuizBattle.Arena.Visuals.ArenaColosseumBuilder:CreateCartoonTree (UnityEngine.Transform,UnityEngine.Vector3) (at Assets/Scripts/Arena/Visuals/ArenaColosseumBuilder.cs:645)
QuizBattle.Arena.Visuals.ArenaColosseumBuilder:CreateFoliageAndProps (UnityEngine.Transform,UnityEngine.Vector3,single,single) (at Assets/Scripts/Arena/Visuals/ArenaColosseumBuilder.cs:602)
QuizBattle.Arena.Visuals.ArenaColosseumBuilder:Build (UnityEngine.Transform,int,int,single) (at Assets/Scripts/Arena/Visuals/ArenaColosseumBuilder.cs:30)
QuizBattle.Arena.GridController:BuildGrid (int,int,int) (at Assets/Scripts/Arena/GridController.cs:49)
QuizBattle.GameState.GameManager:RunAutoPlayMatch (int,int) (at Assets/Scripts/GameState/GameManager.cs:66)
ArenaDemoRunner:RunScenario (string,int,int,string) (at Assets/Editor/ArenaDemoRunner.cs:40)
ArenaDemoRunner:Run () (at Assets/Editor/ArenaDemoRunner.cs:22)

[Assets/Scripts/Arena/GridController.cs line 49]

FoliagePuff: Destroy may not be called from edit mode! Use DestroyImmediate instead.
Destroying an object in edit mode destroys it permanently
UnityEngine.Debug:ExtractStackTraceNoAlloc (byte*,int,string)
UnityEngine.StackTraceUtility:ExtractStackTrace ()
UnityEngine.Object:Destroy (UnityEngine.Object,single)
UnityEngine.Object:Destroy (UnityEngine.Object)
QuizBattle.Arena.Visuals.ArenaColosseumBuilder:CreateCartoonTree (UnityEngine.Transform,UnityEngine.Vector3) (at Assets/Scripts/Arena/Visuals/ArenaColosseumBuilder.cs:645)
QuizBattle.Arena.Visuals.ArenaColosseumBuilder:CreateFoliageAndProps (UnityEngine.Transform,UnityEngine.Vector3,single,single) (at Assets/Scripts/Arena/Visuals/ArenaColosseumBuilder.cs:602)
QuizBattle.Arena.Visuals.ArenaColosseumBuilder:Build (UnityEngine.Transform,int,int,single) (at Assets/Scripts/Arena/Visuals/ArenaColosseumBuilder.cs:30)
QuizBattle.Arena.GridController:BuildGrid (int,int,int) (at Assets/Scripts/Arena/GridController.cs:49)
QuizBattle.GameState.GameManager:RunAutoPlayMatch (int,int) (at Assets/Scripts/GameState/GameManager.cs:66)
ArenaDemoRunner:RunScenario (string,int,int,string) (at Assets/Editor/ArenaDemoRunner.cs:40)
ArenaDemoRunner:Run () (at Assets/Editor/ArenaDemoRunner.cs:22)

[Assets/Scripts/Arena/GridController.cs line 49]

Trunk: Destroy may not be called from edit mode! Use DestroyImmediate instead.
Destroying an object in edit mode destroys it permanently
UnityEngine.Debug:ExtractStackTraceNoAlloc (byte*,int,string)
UnityEngine.StackTraceUtility:ExtractStackTrace ()
UnityEngine.Object:Destroy (UnityEngine.Object,single)
UnityEngine.Object:Destroy (UnityEngine.Object)
QuizBattle.Arena.Visuals.ArenaColosseumBuilder:CreateCartoonTree (UnityEngine.Transform,UnityEngine.Vector3) (at Assets/Scripts/Arena/Visuals/ArenaColosseumBuilder.cs:626)
QuizBattle.Arena.Visuals.ArenaColosseumBuilder:CreateFoliageAndProps (UnityEngine.Transform,UnityEngine.Vector3,single,single) (at Assets/Scripts/Arena/Visuals/ArenaColosseumBuilder.cs:602)
QuizBattle.Arena.Visuals.ArenaColosseumBuilder:Build (UnityEngine.Transform,int,int,single) (at Assets/Scripts/Arena/Visuals/ArenaColosseumBuilder.cs:30)
QuizBattle.Arena.GridController:BuildGrid (int,int,int) (at Assets/Scripts/Arena/GridController.cs:49)
QuizBattle.GameState.GameManager:RunAutoPlayMatch (int,int) (at Assets/Scripts/GameState/GameManager.cs:66)
ArenaDemoRunner:RunScenario (string,int,int,string) (at Assets/Editor/ArenaDemoRunner.cs:40)
ArenaDemoRunner:Run () (at Assets/Editor/ArenaDemoRunner.cs:22)

[Assets/Scripts/Arena/GridController.cs line 49]

FoliagePuff: Destroy may not be called from edit mode! Use DestroyImmediate instead.
Destroying an object in edit mode destroys it permanently
UnityEngine.Debug:ExtractStackTraceNoAlloc (byte*,int,string)
UnityEngine.StackTraceUtility:ExtractStackTrace ()
UnityEngine.Object:Destroy (UnityEngine.Object,single)
UnityEngine.Object:Destroy (UnityEngine.Object)
QuizBattle.Arena.Visuals.ArenaColosseumBuilder:CreateCartoonTree (UnityEngine.Transform,UnityEngine.Vector3) (at Assets/Scripts/Arena/Visuals/ArenaColosseumBuilder.cs:645)
QuizBattle.Arena.Visuals.ArenaColosseumBuilder:CreateFoliageAndProps (UnityEngine.Transform,UnityEngine.Vector3,single,single) (at Assets/Scripts/Arena/Visuals/ArenaColosseumBuilder.cs:602)
QuizBattle.Arena.Visuals.ArenaColosseumBuilder:Build (UnityEngine.Transform,int,int,single) (at Assets/Scripts/Arena/Visuals/ArenaColosseumBuilder.cs:30)
QuizBattle.Arena.GridController:BuildGrid (int,int,int) (at Assets/Scripts/Arena/GridController.cs:49)
QuizBattle.GameState.GameManager:RunAutoPlayMatch (int,int) (at Assets/Scripts/GameState/GameManager.cs:66)
ArenaDemoRunner:RunScenario (string,int,int,string) (at Assets/Editor/ArenaDemoRunner.cs:40)
ArenaDemoRunner:Run () (at Assets/Editor/ArenaDemoRunner.cs:22)

[Assets/Scripts/Arena/GridController.cs line 49]

FoliagePuff: Destroy may not be called from edit mode! Use DestroyImmediate instead.
Destroying an object in edit mode destroys it permanently
UnityEngine.Debug:ExtractStackTraceNoAlloc (byte*,int,string)
UnityEngine.StackTraceUtility:ExtractStackTrace ()
UnityEngine.Object:Destroy (UnityEngine.Object,single)
UnityEngine.Object:Destroy (UnityEngine.Object)
QuizBattle.Arena.Visuals.ArenaColosseumBuilder:CreateCartoonTree (UnityEngine.Transform,UnityEngine.Vector3) (at Assets/Scripts/Arena/Visuals/ArenaColosseumBuilder.cs:645)
QuizBattle.Arena.Visuals.ArenaColosseumBuilder:CreateFoliageAndProps (UnityEngine.Transform,UnityEngine.Vector3,single,single) (at Assets/Scripts/Arena/Visuals/ArenaColosseumBuilder.cs:602)
QuizBattle.Arena.Visuals.ArenaColosseumBuilder:Build (UnityEngine.Transform,int,int,single) (at Assets/Scripts/Arena/Visuals/ArenaColosseumBuilder.cs:30)
QuizBattle.Arena.GridController:BuildGrid (int,int,int) (at Assets/Scripts/Arena/GridController.cs:49)
QuizBattle.GameState.GameManager:RunAutoPlayMatch (int,int) (at Assets/Scripts/GameState/GameManager.cs:66)
ArenaDemoRunner:RunScenario (string,int,int,string) (at Assets/Editor/ArenaDemoRunner.cs:40)
ArenaDemoRunner:Run () (at Assets/Editor/ArenaDemoRunner.cs:22)

[Assets/Scripts/Arena/GridController.cs line 49]

FoliagePuff: Destroy may not be called from edit mode! Use DestroyImmediate instead.
Destroying an object in edit mode destroys it permanently
UnityEngine.Debug:ExtractStackTraceNoAlloc (byte*,int,string)
UnityEngine.StackTraceUtility:ExtractStackTrace ()
UnityEngine.Object:Destroy (UnityEngine.Object,single)
UnityEngine.Object:Destroy (UnityEngine.Object)
QuizBattle.Arena.Visuals.ArenaColosseumBuilder:CreateCartoonTree (UnityEngine.Transform,UnityEngine.Vector3) (at Assets/Scripts/Arena/Visuals/ArenaColosseumBuilder.cs:645)
QuizBattle.Arena.Visuals.ArenaColosseumBuilder:CreateFoliageAndProps (UnityEngine.Transform,UnityEngine.Vector3,single,single) (at Assets/Scripts/Arena/Visuals/ArenaColosseumBuilder.cs:602)
QuizBattle.Arena.Visuals.ArenaColosseumBuilder:Build (UnityEngine.Transform,int,int,single) (at Assets/Scripts/Arena/Visuals/ArenaColosseumBuilder.cs:30)
QuizBattle.Arena.GridController:BuildGrid (int,int,int) (at Assets/Scripts/Arena/GridController.cs:49)
QuizBattle.GameState.GameManager:RunAutoPlayMatch (int,int) (at Assets/Scripts/GameState/GameManager.cs:66)
ArenaDemoRunner:RunScenario (string,int,int,string) (at Assets/Editor/ArenaDemoRunner.cs:40)
ArenaDemoRunner:Run () (at Assets/Editor/ArenaDemoRunner.cs:22)

[Assets/Scripts/Arena/GridController.cs line 49]

FoliagePuff: Destroy may not be called from edit mode! Use DestroyImmediate instead.
Destroying an object in edit mode destroys it permanently
UnityEngine.Debug:ExtractStackTraceNoAlloc (byte*,int,string)
UnityEngine.StackTraceUtility:ExtractStackTrace ()
UnityEngine.Object:Destroy (UnityEngine.Object,single)
UnityEngine.Object:Destroy (UnityEngine.Object)
QuizBattle.Arena.Visuals.ArenaColosseumBuilder:CreateCartoonTree (UnityEngine.Transform,UnityEngine.Vector3) (at Assets/Scripts/Arena/Visuals/ArenaColosseumBuilder.cs:645)
QuizBattle.Arena.Visuals.ArenaColosseumBuilder:CreateFoliageAndProps (UnityEngine.Transform,UnityEngine.Vector3,single,single) (at Assets/Scripts/Arena/Visuals/ArenaColosseumBuilder.cs:602)
QuizBattle.Arena.Visuals.ArenaColosseumBuilder:Build (UnityEngine.Transform,int,int,single) (at Assets/Scripts/Arena/Visuals/ArenaColosseumBuilder.cs:30)
QuizBattle.Arena.GridController:BuildGrid (int,int,int) (at Assets/Scripts/Arena/GridController.cs:49)
QuizBattle.GameState.GameManager:RunAutoPlayMatch (int,int) (at Assets/Scripts/GameState/GameManager.cs:66)
ArenaDemoRunner:RunScenario (string,int,int,string) (at Assets/Editor/ArenaDemoRunner.cs:40)
ArenaDemoRunner:Run () (at Assets/Editor/ArenaDemoRunner.cs:22)

[Assets/Scripts/Arena/GridController.cs line 49]

Trunk: Destroy may not be called from edit mode! Use DestroyImmediate instead.
Destroying an object in edit mode destroys it permanently
UnityEngine.Debug:ExtractStackTraceNoAlloc (byte*,int,string)
UnityEngine.StackTraceUtility:ExtractStackTrace ()
UnityEngine.Object:Destroy (UnityEngine.Object,single)
UnityEngine.Object:Destroy (UnityEngine.Object)
QuizBattle.Arena.Visuals.ArenaColosseumBuilder:CreateCartoonTree (UnityEngine.Transform,UnityEngine.Vector3) (at Assets/Scripts/Arena/Visuals/ArenaColosseumBuilder.cs:626)
QuizBattle.Arena.Visuals.ArenaColosseumBuilder:CreateFoliageAndProps (UnityEngine.Transform,UnityEngine.Vector3,single,single) (at Assets/Scripts/Arena/Visuals/ArenaColosseumBuilder.cs:602)
QuizBattle.Arena.Visuals.ArenaColosseumBuilder:Build (UnityEngine.Transform,int,int,single) (at Assets/Scripts/Arena/Visuals/ArenaColosseumBuilder.cs:30)
QuizBattle.Arena.GridController:BuildGrid (int,int,int) (at Assets/Scripts/Arena/GridController.cs:49)
QuizBattle.GameState.GameManager:RunAutoPlayMatch (int,int) (at Assets/Scripts/GameState/GameManager.cs:66)
ArenaDemoRunner:RunScenario (string,int,int,string) (at Assets/Editor/ArenaDemoRunner.cs:40)
ArenaDemoRunner:Run () (at Assets/Editor/ArenaDemoRunner.cs:22)

[Assets/Scripts/Arena/GridController.cs line 49]

FoliagePuff: Destroy may not be called from edit mode! Use DestroyImmediate instead.
Destroying an object in edit mode destroys it permanently
UnityEngine.Debug:ExtractStackTraceNoAlloc (byte*,int,string)
UnityEngine.StackTraceUtility:ExtractStackTrace ()
UnityEngine.Object:Destroy (UnityEngine.Object,single)
UnityEngine.Object:Destroy (UnityEngine.Object)
QuizBattle.Arena.Visuals.ArenaColosseumBuilder:CreateCartoonTree (UnityEngine.Transform,UnityEngine.Vector3) (at Assets/Scripts/Arena/Visuals/ArenaColosseumBuilder.cs:645)
QuizBattle.Arena.Visuals.ArenaColosseumBuilder:CreateFoliageAndProps (UnityEngine.Transform,UnityEngine.Vector3,single,single) (at Assets/Scripts/Arena/Visuals/ArenaColosseumBuilder.cs:602)
QuizBattle.Arena.Visuals.ArenaColosseumBuilder:Build (UnityEngine.Transform,int,int,single) (at Assets/Scripts/Arena/Visuals/ArenaColosseumBuilder.cs:30)
QuizBattle.Arena.GridController:BuildGrid (int,int,int) (at Assets/Scripts/Arena/GridController.cs:49)
QuizBattle.GameState.GameManager:RunAutoPlayMatch (int,int) (at Assets/Scripts/GameState/GameManager.cs:66)
ArenaDemoRunner:RunScenario (string,int,int,string) (at Assets/Editor/ArenaDemoRunner.cs:40)
ArenaDemoRunner:Run () (at Assets/Editor/ArenaDemoRunner.cs:22)

[Assets/Scripts/Arena/GridController.cs line 49]

FoliagePuff: Destroy may not be called from edit mode! Use DestroyImmediate instead.
Destroying an object in edit mode destroys it permanently
UnityEngine.Debug:ExtractStackTraceNoAlloc (byte*,int,string)
UnityEngine.StackTraceUtility:ExtractStackTrace ()
UnityEngine.Object:Destroy (UnityEngine.Object,single)
UnityEngine.Object:Destroy (UnityEngine.Object)
QuizBattle.Arena.Visuals.ArenaColosseumBuilder:CreateCartoonTree (UnityEngine.Transform,UnityEngine.Vector3) (at Assets/Scripts/Arena/Visuals/ArenaColosseumBuilder.cs:645)
QuizBattle.Arena.Visuals.ArenaColosseumBuilder:CreateFoliageAndProps (UnityEngine.Transform,UnityEngine.Vector3,single,single) (at Assets/Scripts/Arena/Visuals/ArenaColosseumBuilder.cs:602)
QuizBattle.Arena.Visuals.ArenaColosseumBuilder:Build (UnityEngine.Transform,int,int,single) (at Assets/Scripts/Arena/Visuals/ArenaColosseumBuilder.cs:30)
QuizBattle.Arena.GridController:BuildGrid (int,int,int) (at Assets/Scripts/Arena/GridController.cs:49)
QuizBattle.GameState.GameManager:RunAutoPlayMatch (int,int) (at Assets/Scripts/GameState/GameManager.cs:66)
ArenaDemoRunner:RunScenario (string,int,int,string) (at Assets/Editor/ArenaDemoRunner.cs:40)
ArenaDemoRunner:Run () (at Assets/Editor/ArenaDemoRunner.cs:22)

[Assets/Scripts/Arena/GridController.cs line 49]

FoliagePuff: Destroy may not be called from edit mode! Use DestroyImmediate instead.
Destroying an object in edit mode destroys it permanently
UnityEngine.Debug:ExtractStackTraceNoAlloc (byte*,int,string)
UnityEngine.StackTraceUtility:ExtractStackTrace ()
UnityEngine.Object:Destroy (UnityEngine.Object,single)
UnityEngine.Object:Destroy (UnityEngine.Object)
QuizBattle.Arena.Visuals.ArenaColosseumBuilder:CreateCartoonTree (UnityEngine.Transform,UnityEngine.Vector3) (at Assets/Scripts/Arena/Visuals/ArenaColosseumBuilder.cs:645)
QuizBattle.Arena.Visuals.ArenaColosseumBuilder:CreateFoliageAndProps (UnityEngine.Transform,UnityEngine.Vector3,single,single) (at Assets/Scripts/Arena/Visuals/ArenaColosseumBuilder.cs:602)
QuizBattle.Arena.Visuals.ArenaColosseumBuilder:Build (UnityEngine.Transform,int,int,single) (at Assets/Scripts/Arena/Visuals/ArenaColosseumBuilder.cs:30)
QuizBattle.Arena.GridController:BuildGrid (int,int,int) (at Assets/Scripts/Arena/GridController.cs:49)
QuizBattle.GameState.GameManager:RunAutoPlayMatch (int,int) (at Assets/Scripts/GameState/GameManager.cs:66)
ArenaDemoRunner:RunScenario (string,int,int,string) (at Assets/Editor/ArenaDemoRunner.cs:40)
ArenaDemoRunner:Run () (at Assets/Editor/ArenaDemoRunner.cs:22)

[Assets/Scripts/Arena/GridController.cs line 49]

FoliagePuff: Destroy may not be called from edit mode! Use DestroyImmediate instead.
Destroying an object in edit mode destroys it permanently
UnityEngine.Debug:ExtractStackTraceNoAlloc (byte*,int,string)
UnityEngine.StackTraceUtility:ExtractStackTrace ()
UnityEngine.Object:Destroy (UnityEngine.Object,single)
UnityEngine.Object:Destroy (UnityEngine.Object)
QuizBattle.Arena.Visuals.ArenaColosseumBuilder:CreateCartoonTree (UnityEngine.Transform,UnityEngine.Vector3) (at Assets/Scripts/Arena/Visuals/ArenaColosseumBuilder.cs:645)
QuizBattle.Arena.Visuals.ArenaColosseumBuilder:CreateFoliageAndProps (UnityEngine.Transform,UnityEngine.Vector3,single,single) (at Assets/Scripts/Arena/Visuals/ArenaColosseumBuilder.cs:602)
QuizBattle.Arena.Visuals.ArenaColosseumBuilder:Build (UnityEngine.Transform,int,int,single) (at Assets/Scripts/Arena/Visuals/ArenaColosseumBuilder.cs:30)
QuizBattle.Arena.GridController:BuildGrid (int,int,int) (at Assets/Scripts/Arena/GridController.cs:49)
QuizBattle.GameState.GameManager:RunAutoPlayMatch (int,int) (at Assets/Scripts/GameState/GameManager.cs:66)
ArenaDemoRunner:RunScenario (string,int,int,string) (at Assets/Editor/ArenaDemoRunner.cs:40)
ArenaDemoRunner:Run () (at Assets/Editor/ArenaDemoRunner.cs:22)

[Assets/Scripts/Arena/GridController.cs line 49]

Trunk: Destroy may not be called from edit mode! Use DestroyImmediate instead.
Destroying an object in edit mode destroys it permanently
UnityEngine.Debug:ExtractStackTraceNoAlloc (byte*,int,string)
UnityEngine.StackTraceUtility:ExtractStackTrace ()
UnityEngine.Object:Destroy (UnityEngine.Object,single)
UnityEngine.Object:Destroy (UnityEngine.Object)
QuizBattle.Arena.Visuals.ArenaColosseumBuilder:CreateCartoonTree (UnityEngine.Transform,UnityEngine.Vector3) (at Assets/Scripts/Arena/Visuals/ArenaColosseumBuilder.cs:626)
QuizBattle.Arena.Visuals.ArenaColosseumBuilder:CreateFoliageAndProps (UnityEngine.Transform,UnityEngine.Vector3,single,single) (at Assets/Scripts/Arena/Visuals/ArenaColosseumBuilder.cs:602)
QuizBattle.Arena.Visuals.ArenaColosseumBuilder:Build (UnityEngine.Transform,int,int,single) (at Assets/Scripts/Arena/Visuals/ArenaColosseumBuilder.cs:30)
QuizBattle.Arena.GridController:BuildGrid (int,int,int) (at Assets/Scripts/Arena/GridController.cs:49)
QuizBattle.GameState.GameManager:RunAutoPlayMatch (int,int) (at Assets/Scripts/GameState/GameManager.cs:66)
ArenaDemoRunner:RunScenario (string,int,int,string) (at Assets/Editor/ArenaDemoRunner.cs:40)
ArenaDemoRunner:Run () (at Assets/Editor/ArenaDemoRunner.cs:22)

[Assets/Scripts/Arena/GridController.cs line 49]

FoliagePuff: Destroy may not be called from edit mode! Use DestroyImmediate instead.
Destroying an object in edit mode destroys it permanently
UnityEngine.Debug:ExtractStackTraceNoAlloc (byte*,int,string)
UnityEngine.StackTraceUtility:ExtractStackTrace ()
UnityEngine.Object:Destroy (UnityEngine.Object,single)
UnityEngine.Object:Destroy (UnityEngine.Object)
QuizBattle.Arena.Visuals.ArenaColosseumBuilder:CreateCartoonTree (UnityEngine.Transform,UnityEngine.Vector3) (at Assets/Scripts/Arena/Visuals/ArenaColosseumBuilder.cs:645)
QuizBattle.Arena.Visuals.ArenaColosseumBuilder:CreateFoliageAndProps (UnityEngine.Transform,UnityEngine.Vector3,single,single) (at Assets/Scripts/Arena/Visuals/ArenaColosseumBuilder.cs:602)
QuizBattle.Arena.Visuals.ArenaColosseumBuilder:Build (UnityEngine.Transform,int,int,single) (at Assets/Scripts/Arena/Visuals/ArenaColosseumBuilder.cs:30)
QuizBattle.Arena.GridController:BuildGrid (int,int,int) (at Assets/Scripts/Arena/GridController.cs:49)
QuizBattle.GameState.GameManager:RunAutoPlayMatch (int,int) (at Assets/Scripts/GameState/GameManager.cs:66)
ArenaDemoRunner:RunScenario (string,int,int,string) (at Assets/Editor/ArenaDemoRunner.cs:40)
ArenaDemoRunner:Run () (at Assets/Editor/ArenaDemoRunner.cs:22)

[Assets/Scripts/Arena/GridController.cs line 49]

FoliagePuff: Destroy may not be called from edit mode! Use DestroyImmediate instead.
Destroying an object in edit mode destroys it permanently
UnityEngine.Debug:ExtractStackTraceNoAlloc (byte*,int,string)
UnityEngine.StackTraceUtility:ExtractStackTrace ()
UnityEngine.Object:Destroy (UnityEngine.Object,single)
UnityEngine.Object:Destroy (UnityEngine.Object)
QuizBattle.Arena.Visuals.ArenaColosseumBuilder:CreateCartoonTree (UnityEngine.Transform,UnityEngine.Vector3) (at Assets/Scripts/Arena/Visuals/ArenaColosseumBuilder.cs:645)
QuizBattle.Arena.Visuals.ArenaColosseumBuilder:CreateFoliageAndProps (UnityEngine.Transform,UnityEngine.Vector3,single,single) (at Assets/Scripts/Arena/Visuals/ArenaColosseumBuilder.cs:602)
QuizBattle.Arena.Visuals.ArenaColosseumBuilder:Build (UnityEngine.Transform,int,int,single) (at Assets/Scripts/Arena/Visuals/ArenaColosseumBuilder.cs:30)
QuizBattle.Arena.GridController:BuildGrid (int,int,int) (at Assets/Scripts/Arena/GridController.cs:49)
QuizBattle.GameState.GameManager:RunAutoPlayMatch (int,int) (at Assets/Scripts/GameState/GameManager.cs:66)
ArenaDemoRunner:RunScenario (string,int,int,string) (at Assets/Editor/ArenaDemoRunner.cs:40)
ArenaDemoRunner:Run () (at Assets/Editor/ArenaDemoRunner.cs:22)

[Assets/Scripts/Arena/GridController.cs line 49]

FoliagePuff: Destroy may not be called from edit mode! Use DestroyImmediate instead.
Destroying an object in edit mode destroys it permanently
UnityEngine.Debug:ExtractStackTraceNoAlloc (byte*,int,string)
UnityEngine.StackTraceUtility:ExtractStackTrace ()
UnityEngine.Object:Destroy (UnityEngine.Object,single)
UnityEngine.Object:Destroy (UnityEngine.Object)
QuizBattle.Arena.Visuals.ArenaColosseumBuilder:CreateCartoonTree (UnityEngine.Transform,UnityEngine.Vector3) (at Assets/Scripts/Arena/Visuals/ArenaColosseumBuilder.cs:645)
QuizBattle.Arena.Visuals.ArenaColosseumBuilder:CreateFoliageAndProps (UnityEngine.Transform,UnityEngine.Vector3,single,single) (at Assets/Scripts/Arena/Visuals/ArenaColosseumBuilder.cs:602)
QuizBattle.Arena.Visuals.ArenaColosseumBuilder:Build (UnityEngine.Transform,int,int,single) (at Assets/Scripts/Arena/Visuals/ArenaColosseumBuilder.cs:30)
QuizBattle.Arena.GridController:BuildGrid (int,int,int) (at Assets/Scripts/Arena/GridController.cs:49)
QuizBattle.GameState.GameManager:RunAutoPlayMatch (int,int) (at Assets/Scripts/GameState/GameManager.cs:66)
ArenaDemoRunner:RunScenario (string,int,int,string) (at Assets/Editor/ArenaDemoRunner.cs:40)
ArenaDemoRunner:Run () (at Assets/Editor/ArenaDemoRunner.cs:22)

[Assets/Scripts/Arena/GridController.cs line 49]

FoliagePuff: Destroy may not be called from edit mode! Use DestroyImmediate instead.
Destroying an object in edit mode destroys it permanently
UnityEngine.Debug:ExtractStackTraceNoAlloc (byte*,int,string)
UnityEngine.StackTraceUtility:ExtractStackTrace ()
UnityEngine.Object:Destroy (UnityEngine.Object,single)
UnityEngine.Object:Destroy (UnityEngine.Object)
QuizBattle.Arena.Visuals.ArenaColosseumBuilder:CreateCartoonTree (UnityEngine.Transform,UnityEngine.Vector3) (at Assets/Scripts/Arena/Visuals/ArenaColosseumBuilder.cs:645)
QuizBattle.Arena.Visuals.ArenaColosseumBuilder:CreateFoliageAndProps (UnityEngine.Transform,UnityEngine.Vector3,single,single) (at Assets/Scripts/Arena/Visuals/ArenaColosseumBuilder.cs:602)
QuizBattle.Arena.Visuals.ArenaColosseumBuilder:Build (UnityEngine.Transform,int,int,single) (at Assets/Scripts/Arena/Visuals/ArenaColosseumBuilder.cs:30)
QuizBattle.Arena.GridController:BuildGrid (int,int,int) (at Assets/Scripts/Arena/GridController.cs:49)
QuizBattle.GameState.GameManager:RunAutoPlayMatch (int,int) (at Assets/Scripts/GameState/GameManager.cs:66)
ArenaDemoRunner:RunScenario (string,int,int,string) (at Assets/Editor/ArenaDemoRunner.cs:40)
ArenaDemoRunner:Run () (at Assets/Editor/ArenaDemoRunner.cs:22)

[Assets/Scripts/Arena/GridController.cs line 49]

Trunk: Destroy may not be called from edit mode! Use DestroyImmediate instead.
Destroying an object in edit mode destroys it permanently
UnityEngine.Debug:ExtractStackTraceNoAlloc (byte*,int,string)
UnityEngine.StackTraceUtility:ExtractStackTrace ()
UnityEngine.Object:Destroy (UnityEngine.Object,single)
UnityEngine.Object:Destroy (UnityEngine.Object)
QuizBattle.Arena.Visuals.ArenaColosseumBuilder:CreateCartoonTree (UnityEngine.Transform,UnityEngine.Vector3) (at Assets/Scripts/Arena/Visuals/ArenaColosseumBuilder.cs:626)
QuizBattle.Arena.Visuals.ArenaColosseumBuilder:CreateFoliageAndProps (UnityEngine.Transform,UnityEngine.Vector3,single,single) (at Assets/Scripts/Arena/Visuals/ArenaColosseumBuilder.cs:602)
QuizBattle.Arena.Visuals.ArenaColosseumBuilder:Build (UnityEngine.Transform,int,int,single) (at Assets/Scripts/Arena/Visuals/ArenaColosseumBuilder.cs:30)
QuizBattle.Arena.GridController:BuildGrid (int,int,int) (at Assets/Scripts/Arena/GridController.cs:49)
QuizBattle.GameState.GameManager:RunAutoPlayMatch (int,int) (at Assets/Scripts/GameState/GameManager.cs:66)
ArenaDemoRunner:RunScenario (string,int,int,string) (at Assets/Editor/ArenaDemoRunner.cs:40)
ArenaDemoRunner:Run () (at Assets/Editor/ArenaDemoRunner.cs:22)

[Assets/Scripts/Arena/GridController.cs line 49]

FoliagePuff: Destroy may not be called from edit mode! Use DestroyImmediate instead.
Destroying an object in edit mode destroys it permanently
UnityEngine.Debug:ExtractStackTraceNoAlloc (byte*,int,string)
UnityEngine.StackTraceUtility:ExtractStackTrace ()
UnityEngine.Object:Destroy (UnityEngine.Object,single)
UnityEngine.Object:Destroy (UnityEngine.Object)
QuizBattle.Arena.Visuals.ArenaColosseumBuilder:CreateCartoonTree (UnityEngine.Transform,UnityEngine.Vector3) (at Assets/Scripts/Arena/Visuals/ArenaColosseumBuilder.cs:645)
QuizBattle.Arena.Visuals.ArenaColosseumBuilder:CreateFoliageAndProps (UnityEngine.Transform,UnityEngine.Vector3,single,single) (at Assets/Scripts/Arena/Visuals/ArenaColosseumBuilder.cs:602)
QuizBattle.Arena.Visuals.ArenaColosseumBuilder:Build (UnityEngine.Transform,int,int,single) (at Assets/Scripts/Arena/Visuals/ArenaColosseumBuilder.cs:30)
QuizBattle.Arena.GridController:BuildGrid (int,int,int) (at Assets/Scripts/Arena/GridController.cs:49)
QuizBattle.GameState.GameManager:RunAutoPlayMatch (int,int) (at Assets/Scripts/GameState/GameManager.cs:66)
ArenaDemoRunner:RunScenario (string,int,int,string) (at Assets/Editor/ArenaDemoRunner.cs:40)
ArenaDemoRunner:Run () (at Assets/Editor/ArenaDemoRunner.cs:22)

[Assets/Scripts/Arena/GridController.cs line 49]

FoliagePuff: Destroy may not be called from edit mode! Use DestroyImmediate instead.
Destroying an object in edit mode destroys it permanently
UnityEngine.Debug:ExtractStackTraceNoAlloc (byte*,int,string)
UnityEngine.StackTraceUtility:ExtractStackTrace ()
UnityEngine.Object:Destroy (UnityEngine.Object,single)
UnityEngine.Object:Destroy (UnityEngine.Object)
QuizBattle.Arena.Visuals.ArenaColosseumBuilder:CreateCartoonTree (UnityEngine.Transform,UnityEngine.Vector3) (at Assets/Scripts/Arena/Visuals/ArenaColosseumBuilder.cs:645)
QuizBattle.Arena.Visuals.ArenaColosseumBuilder:CreateFoliageAndProps (UnityEngine.Transform,UnityEngine.Vector3,single,single) (at Assets/Scripts/Arena/Visuals/ArenaColosseumBuilder.cs:602)
QuizBattle.Arena.Visuals.ArenaColosseumBuilder:Build (UnityEngine.Transform,int,int,single) (at Assets/Scripts/Arena/Visuals/ArenaColosseumBuilder.cs:30)
QuizBattle.Arena.GridController:BuildGrid (int,int,int) (at Assets/Scripts/Arena/GridController.cs:49)
QuizBattle.GameState.GameManager:RunAutoPlayMatch (int,int) (at Assets/Scripts/GameState/GameManager.cs:66)
ArenaDemoRunner:RunScenario (string,int,int,string) (at Assets/Editor/ArenaDemoRunner.cs:40)
ArenaDemoRunner:Run () (at Assets/Editor/ArenaDemoRunner.cs:22)

[Assets/Scripts/Arena/GridController.cs line 49]

FoliagePuff: Destroy may not be called from edit mode! Use DestroyImmediate instead.
Destroying an object in edit mode destroys it permanently
UnityEngine.Debug:ExtractStackTraceNoAlloc (byte*,int,string)
UnityEngine.StackTraceUtility:ExtractStackTrace ()
UnityEngine.Object:Destroy (UnityEngine.Object,single)
UnityEngine.Object:Destroy (UnityEngine.Object)
QuizBattle.Arena.Visuals.ArenaColosseumBuilder:CreateCartoonTree (UnityEngine.Transform,UnityEngine.Vector3) (at Assets/Scripts/Arena/Visuals/ArenaColosseumBuilder.cs:645)
QuizBattle.Arena.Visuals.ArenaColosseumBuilder:CreateFoliageAndProps (UnityEngine.Transform,UnityEngine.Vector3,single,single) (at Assets/Scripts/Arena/Visuals/ArenaColosseumBuilder.cs:602)
QuizBattle.Arena.Visuals.ArenaColosseumBuilder:Build (UnityEngine.Transform,int,int,single) (at Assets/Scripts/Arena/Visuals/ArenaColosseumBuilder.cs:30)
QuizBattle.Arena.GridController:BuildGrid (int,int,int) (at Assets/Scripts/Arena/GridController.cs:49)
QuizBattle.GameState.GameManager:RunAutoPlayMatch (int,int) (at Assets/Scripts/GameState/GameManager.cs:66)
ArenaDemoRunner:RunScenario (string,int,int,string) (at Assets/Editor/ArenaDemoRunner.cs:40)
ArenaDemoRunner:Run () (at Assets/Editor/ArenaDemoRunner.cs:22)

[Assets/Scripts/Arena/GridController.cs line 49]

FoliagePuff: Destroy may not be called from edit mode! Use DestroyImmediate instead.
Destroying an object in edit mode destroys it permanently
UnityEngine.Debug:ExtractStackTraceNoAlloc (byte*,int,string)
UnityEngine.StackTraceUtility:ExtractStackTrace ()
UnityEngine.Object:Destroy (UnityEngine.Object,single)
UnityEngine.Object:Destroy (UnityEngine.Object)
QuizBattle.Arena.Visuals.ArenaColosseumBuilder:CreateCartoonTree (UnityEngine.Transform,UnityEngine.Vector3) (at Assets/Scripts/Arena/Visuals/ArenaColosseumBuilder.cs:645)
QuizBattle.Arena.Visuals.ArenaColosseumBuilder:CreateFoliageAndProps (UnityEngine.Transform,UnityEngine.Vector3,single,single) (at Assets/Scripts/Arena/Visuals/ArenaColosseumBuilder.cs:602)
QuizBattle.Arena.Visuals.ArenaColosseumBuilder:Build (UnityEngine.Transform,int,int,single) (at Assets/Scripts/Arena/Visuals/ArenaColosseumBuilder.cs:30)
QuizBattle.Arena.GridController:BuildGrid (int,int,int) (at Assets/Scripts/Arena/GridController.cs:49)
QuizBattle.GameState.GameManager:RunAutoPlayMatch (int,int) (at Assets/Scripts/GameState/GameManager.cs:66)
ArenaDemoRunner:RunScenario (string,int,int,string) (at Assets/Editor/ArenaDemoRunner.cs:40)
ArenaDemoRunner:Run () (at Assets/Editor/ArenaDemoRunner.cs:22)

[Assets/Scripts/Arena/GridController.cs line 49]

WoodenBarrel: Destroy may not be called from edit mode! Use DestroyImmediate instead.
Destroying an object in edit mode destroys it permanently
UnityEngine.Debug:ExtractStackTraceNoAlloc (byte*,int,string)
UnityEngine.StackTraceUtility:ExtractStackTrace ()
UnityEngine.Object:Destroy (UnityEngine.Object,single)
UnityEngine.Object:Destroy (UnityEngine.Object)
QuizBattle.Arena.Visuals.ArenaColosseumBuilder:CreateBarrel (UnityEngine.Transform,UnityEngine.Vector3) (at Assets/Scripts/Arena/Visuals/ArenaColosseumBuilder.cs:657)
QuizBattle.Arena.Visuals.ArenaColosseumBuilder:CreateFoliageAndProps (UnityEngine.Transform,UnityEngine.Vector3,single,single) (at Assets/Scripts/Arena/Visuals/ArenaColosseumBuilder.cs:606)
QuizBattle.Arena.Visuals.ArenaColosseumBuilder:Build (UnityEngine.Transform,int,int,single) (at Assets/Scripts/Arena/Visuals/ArenaColosseumBuilder.cs:30)
QuizBattle.Arena.GridController:BuildGrid (int,int,int) (at Assets/Scripts/Arena/GridController.cs:49)
QuizBattle.GameState.GameManager:RunAutoPlayMatch (int,int) (at Assets/Scripts/GameState/GameManager.cs:66)
ArenaDemoRunner:RunScenario (string,int,int,string) (at Assets/Editor/ArenaDemoRunner.cs:40)
ArenaDemoRunner:Run () (at Assets/Editor/ArenaDemoRunner.cs:22)

[Assets/Scripts/Arena/GridController.cs line 49]

WoodenCrate: Destroy may not be called from edit mode! Use DestroyImmediate instead.
Destroying an object in edit mode destroys it permanently
UnityEngine.Debug:ExtractStackTraceNoAlloc (byte*,int,string)
UnityEngine.StackTraceUtility:ExtractStackTrace ()
UnityEngine.Object:Destroy (UnityEngine.Object,single)
UnityEngine.Object:Destroy (UnityEngine.Object)
QuizBattle.Arena.Visuals.ArenaColosseumBuilder:CreateCrate (UnityEngine.Transform,UnityEngine.Vector3) (at Assets/Scripts/Arena/Visuals/ArenaColosseumBuilder.cs:668)
QuizBattle.Arena.Visuals.ArenaColosseumBuilder:CreateFoliageAndProps (UnityEngine.Transform,UnityEngine.Vector3,single,single) (at Assets/Scripts/Arena/Visuals/ArenaColosseumBuilder.cs:607)
QuizBattle.Arena.Visuals.ArenaColosseumBuilder:Build (UnityEngine.Transform,int,int,single) (at Assets/Scripts/Arena/Visuals/ArenaColosseumBuilder.cs:30)
QuizBattle.Arena.GridController:BuildGrid (int,int,int) (at Assets/Scripts/Arena/GridController.cs:49)
QuizBattle.GameState.GameManager:RunAutoPlayMatch (int,int) (at Assets/Scripts/GameState/GameManager.cs:66)
ArenaDemoRunner:RunScenario (string,int,int,string) (at Assets/Editor/ArenaDemoRunner.cs:40)
ArenaDemoRunner:Run () (at Assets/Editor/ArenaDemoRunner.cs:22)

[Assets/Scripts/Arena/GridController.cs line 49]

WoodenBarrel: Destroy may not be called from edit mode! Use DestroyImmediate instead.
Destroying an object in edit mode destroys it permanently
UnityEngine.Debug:ExtractStackTraceNoAlloc (byte*,int,string)
UnityEngine.StackTraceUtility:ExtractStackTrace ()
UnityEngine.Object:Destroy (UnityEngine.Object,single)
UnityEngine.Object:Destroy (UnityEngine.Object)
QuizBattle.Arena.Visuals.ArenaColosseumBuilder:CreateBarrel (UnityEngine.Transform,UnityEngine.Vector3) (at Assets/Scripts/Arena/Visuals/ArenaColosseumBuilder.cs:657)
QuizBattle.Arena.Visuals.ArenaColosseumBuilder:CreateFoliageAndProps (UnityEngine.Transform,UnityEngine.Vector3,single,single) (at Assets/Scripts/Arena/Visuals/ArenaColosseumBuilder.cs:608)
QuizBattle.Arena.Visuals.ArenaColosseumBuilder:Build (UnityEngine.Transform,int,int,single) (at Assets/Scripts/Arena/Visuals/ArenaColosseumBuilder.cs:30)
QuizBattle.Arena.GridController:BuildGrid (int,int,int) (at Assets/Scripts/Arena/GridController.cs:49)
QuizBattle.GameState.GameManager:RunAutoPlayMatch (int,int) (at Assets/Scripts/GameState/GameManager.cs:66)
ArenaDemoRunner:RunScenario (string,int,int,string) (at Assets/Editor/ArenaDemoRunner.cs:40)
ArenaDemoRunner:Run () (at Assets/Editor/ArenaDemoRunner.cs:22)

[Assets/Scripts/Arena/GridController.cs line 49]

ChestPlate: Destroy may not be called from edit mode! Use DestroyImmediate instead.
Destroying an object in edit mode destroys it permanently
UnityEngine.Debug:ExtractStackTraceNoAlloc (byte*,int,string)
UnityEngine.StackTraceUtility:ExtractStackTrace ()
UnityEngine.Object:Destroy (UnityEngine.Object,single)
UnityEngine.Object:Destroy (UnityEngine.Object)
QuizBattle.Arena.Visuals.CharacterVisualBuilder:CreatePrimitivePart (UnityEngine.Transform,string,UnityEngine.PrimitiveType,UnityEngine.Vector3,UnityEngine.Quaternion,UnityEngine.Vector3,UnityEngine.Material,System.Collections.Generic.List`1<UnityEngine.Renderer>) (at Assets/Scripts/Arena/Visuals/CharacterVisualBuilder.cs:317)
QuizBattle.Arena.Visuals.CharacterVisualBuilder:BuildTank (UnityEngine.Transform,QuizBattle.Characters.CharacterVisual&,System.Collections.Generic.List`1<UnityEngine.Renderer>,QuizBattle.Arena.Visuals.TokenIdleAnimator) (at Assets/Scripts/Arena/Visuals/CharacterVisualBuilder.cs:231)
QuizBattle.Arena.Visuals.CharacterVisualBuilder:Build (QuizBattle.Characters.CharacterVisual&,UnityEngine.Transform) (at Assets/Scripts/Arena/Visuals/CharacterVisualBuilder.cs:56)
QuizBattle.Arena.CharacterToken:Create (string,QuizBattle.Characters.CharacterVisual&,UnityEngine.Vector3) (at Assets/Scripts/Arena/CharacterToken.cs:53)
QuizBattle.GameState.GameManager:RunAutoPlayMatch (int,int) (at Assets/Scripts/GameState/GameManager.cs:75)
ArenaDemoRunner:RunScenario (string,int,int,string) (at Assets/Editor/ArenaDemoRunner.cs:40)
ArenaDemoRunner:Run () (at Assets/Editor/ArenaDemoRunner.cs:22)

[Assets/Scripts/GameState/GameManager.cs line 75]

ShoulderLeft: Destroy may not be called from edit mode! Use DestroyImmediate instead.
Destroying an object in edit mode destroys it permanently
UnityEngine.Debug:ExtractStackTraceNoAlloc (byte*,int,string)
UnityEngine.StackTraceUtility:ExtractStackTrace ()
UnityEngine.Object:Destroy (UnityEngine.Object,single)
UnityEngine.Object:Destroy (UnityEngine.Object)
QuizBattle.Arena.Visuals.CharacterVisualBuilder:CreatePrimitivePart (UnityEngine.Transform,string,UnityEngine.PrimitiveType,UnityEngine.Vector3,UnityEngine.Quaternion,UnityEngine.Vector3,UnityEngine.Material,System.Collections.Generic.List`1<UnityEngine.Renderer>) (at Assets/Scripts/Arena/Visuals/CharacterVisualBuilder.cs:317)
QuizBattle.Arena.Visuals.CharacterVisualBuilder:BuildTank (UnityEngine.Transform,QuizBattle.Characters.CharacterVisual&,System.Collections.Generic.List`1<UnityEngine.Renderer>,QuizBattle.Arena.Visuals.TokenIdleAnimator) (at Assets/Scripts/Arena/Visuals/CharacterVisualBuilder.cs:233)
QuizBattle.Arena.Visuals.CharacterVisualBuilder:Build (QuizBattle.Characters.CharacterVisual&,UnityEngine.Transform) (at Assets/Scripts/Arena/Visuals/CharacterVisualBuilder.cs:56)
QuizBattle.Arena.CharacterToken:Create (string,QuizBattle.Characters.CharacterVisual&,UnityEngine.Vector3) (at Assets/Scripts/Arena/CharacterToken.cs:53)
QuizBattle.GameState.GameManager:RunAutoPlayMatch (int,int) (at Assets/Scripts/GameState/GameManager.cs:75)
ArenaDemoRunner:RunScenario (string,int,int,string) (at Assets/Editor/ArenaDemoRunner.cs:40)
ArenaDemoRunner:Run () (at Assets/Editor/ArenaDemoRunner.cs:22)

[Assets/Scripts/GameState/GameManager.cs line 75]

ShoulderRight: Destroy may not be called from edit mode! Use DestroyImmediate instead.
Destroying an object in edit mode destroys it permanently
UnityEngine.Debug:ExtractStackTraceNoAlloc (byte*,int,string)
UnityEngine.StackTraceUtility:ExtractStackTrace ()
UnityEngine.Object:Destroy (UnityEngine.Object,single)
UnityEngine.Object:Destroy (UnityEngine.Object)
QuizBattle.Arena.Visuals.CharacterVisualBuilder:CreatePrimitivePart (UnityEngine.Transform,string,UnityEngine.PrimitiveType,UnityEngine.Vector3,UnityEngine.Quaternion,UnityEngine.Vector3,UnityEngine.Material,System.Collections.Generic.List`1<UnityEngine.Renderer>) (at Assets/Scripts/Arena/Visuals/CharacterVisualBuilder.cs:317)
QuizBattle.Arena.Visuals.CharacterVisualBuilder:BuildTank (UnityEngine.Transform,QuizBattle.Characters.CharacterVisual&,System.Collections.Generic.List`1<UnityEngine.Renderer>,QuizBattle.Arena.Visuals.TokenIdleAnimator) (at Assets/Scripts/Arena/Visuals/CharacterVisualBuilder.cs:234)
QuizBattle.Arena.Visuals.CharacterVisualBuilder:Build (QuizBattle.Characters.CharacterVisual&,UnityEngine.Transform) (at Assets/Scripts/Arena/Visuals/CharacterVisualBuilder.cs:56)
QuizBattle.Arena.CharacterToken:Create (string,QuizBattle.Characters.CharacterVisual&,UnityEngine.Vector3) (at Assets/Scripts/Arena/CharacterToken.cs:53)
QuizBattle.GameState.GameManager:RunAutoPlayMatch (int,int) (at Assets/Scripts/GameState/GameManager.cs:75)
ArenaDemoRunner:RunScenario (string,int,int,string) (at Assets/Editor/ArenaDemoRunner.cs:40)
ArenaDemoRunner:Run () (at Assets/Editor/ArenaDemoRunner.cs:22)

[Assets/Scripts/GameState/GameManager.cs line 75]

Shield: Destroy may not be called from edit mode! Use DestroyImmediate instead.
Destroying an object in edit mode destroys it permanently
UnityEngine.Debug:ExtractStackTraceNoAlloc (byte*,int,string)
UnityEngine.StackTraceUtility:ExtractStackTrace ()
UnityEngine.Object:Destroy (UnityEngine.Object,single)
UnityEngine.Object:Destroy (UnityEngine.Object)
QuizBattle.Arena.Visuals.CharacterVisualBuilder:CreatePrimitivePart (UnityEngine.Transform,string,UnityEngine.PrimitiveType,UnityEngine.Vector3,UnityEngine.Quaternion,UnityEngine.Vector3,UnityEngine.Material,System.Collections.Generic.List`1<UnityEngine.Renderer>) (at Assets/Scripts/Arena/Visuals/CharacterVisualBuilder.cs:317)
QuizBattle.Arena.Visuals.CharacterVisualBuilder:BuildTank (UnityEngine.Transform,QuizBattle.Characters.CharacterVisual&,System.Collections.Generic.List`1<UnityEngine.Renderer>,QuizBattle.Arena.Visuals.TokenIdleAnimator) (at Assets/Scripts/Arena/Visuals/CharacterVisualBuilder.cs:236)
QuizBattle.Arena.Visuals.CharacterVisualBuilder:Build (QuizBattle.Characters.CharacterVisual&,UnityEngine.Transform) (at Assets/Scripts/Arena/Visuals/CharacterVisualBuilder.cs:56)
QuizBattle.Arena.CharacterToken:Create (string,QuizBattle.Characters.CharacterVisual&,UnityEngine.Vector3) (at Assets/Scripts/Arena/CharacterToken.cs:53)
QuizBattle.GameState.GameManager:RunAutoPlayMatch (int,int) (at Assets/Scripts/GameState/GameManager.cs:75)
ArenaDemoRunner:RunScenario (string,int,int,string) (at Assets/Editor/ArenaDemoRunner.cs:40)
ArenaDemoRunner:Run () (at Assets/Editor/ArenaDemoRunner.cs:22)

[Assets/Scripts/GameState/GameManager.cs line 75]

BlobShadow: Destroy may not be called from edit mode! Use DestroyImmediate instead.
Destroying an object in edit mode destroys it permanently
UnityEngine.Debug:ExtractStackTraceNoAlloc (byte*,int,string)
UnityEngine.StackTraceUtility:ExtractStackTrace ()
UnityEngine.Object:Destroy (UnityEngine.Object,single)
UnityEngine.Object:Destroy (UnityEngine.Object)
QuizBattle.Arena.Visuals.CharacterVisualBuilder:CreatePrimitivePart (UnityEngine.Transform,string,UnityEngine.PrimitiveType,UnityEngine.Vector3,UnityEngine.Quaternion,UnityEngine.Vector3,UnityEngine.Material,System.Collections.Generic.List`1<UnityEngine.Renderer>) (at Assets/Scripts/Arena/Visuals/CharacterVisualBuilder.cs:317)
QuizBattle.Arena.Visuals.CharacterVisualBuilder:AddGroundDisc (UnityEngine.Transform,UnityEngine.Color,System.Collections.Generic.List`1<UnityEngine.Renderer>,single) (at Assets/Scripts/Arena/Visuals/CharacterVisualBuilder.cs:284)
QuizBattle.Arena.Visuals.CharacterVisualBuilder:BuildTank (UnityEngine.Transform,QuizBattle.Characters.CharacterVisual&,System.Collections.Generic.List`1<UnityEngine.Renderer>,QuizBattle.Arena.Visuals.TokenIdleAnimator) (at Assets/Scripts/Arena/Visuals/CharacterVisualBuilder.cs:238)
QuizBattle.Arena.Visuals.CharacterVisualBuilder:Build (QuizBattle.Characters.CharacterVisual&,UnityEngine.Transform) (at Assets/Scripts/Arena/Visuals/CharacterVisualBuilder.cs:56)
QuizBattle.Arena.CharacterToken:Create (string,QuizBattle.Characters.CharacterVisual&,UnityEngine.Vector3) (at Assets/Scripts/Arena/CharacterToken.cs:53)
QuizBattle.GameState.GameManager:RunAutoPlayMatch (int,int) (at Assets/Scripts/GameState/GameManager.cs:75)
ArenaDemoRunner:RunScenario (string,int,int,string) (at Assets/Editor/ArenaDemoRunner.cs:40)
ArenaDemoRunner:Run () (at Assets/Editor/ArenaDemoRunner.cs:22)

[Assets/Scripts/GameState/GameManager.cs line 75]

Instantiating material due to calling renderer.material during edit mode. This will leak materials into the scene. You most likely want to use renderer.sharedMaterial instead.
UnityEngine.Debug:ExtractStackTraceNoAlloc (byte*,int,string)
UnityEngine.StackTraceUtility:ExtractStackTrace ()
UnityEngine.Renderer:GetMaterial ()
UnityEngine.Renderer:get_material ()
TMPro.TextMeshPro:SetOutlineThickness (single) (at ./Library/PackageCache/com.unity.ugui@67707a67a4ab/Runtime/TMP/TextMeshPro.cs:1318)
TMPro.TMP_Text:set_outlineWidth (single) (at ./Library/PackageCache/com.unity.ugui@67707a67a4ab/Runtime/TMP/TMP_Text.cs:450)
QuizBattle.Arena.CharacterToken:CreateNameLabel (UnityEngine.Transform) (at Assets/Scripts/Arena/CharacterToken.cs:106)
QuizBattle.Arena.CharacterToken:Create (string,QuizBattle.Characters.CharacterVisual&,UnityEngine.Vector3) (at Assets/Scripts/Arena/CharacterToken.cs:60)
QuizBattle.GameState.GameManager:RunAutoPlayMatch (int,int) (at Assets/Scripts/GameState/GameManager.cs:75)
ArenaDemoRunner:RunScenario (string,int,int,string) (at Assets/Editor/ArenaDemoRunner.cs:40)
ArenaDemoRunner:Run () (at Assets/Editor/ArenaDemoRunner.cs:22)

[Assets/Scripts/GameState/GameManager.cs line 75]

HpBarFrame: Destroy may not be called from edit mode! Use DestroyImmediate instead.
Destroying an object in edit mode destroys it permanently
UnityEngine.Debug:ExtractStackTraceNoAlloc (byte*,int,string)
UnityEngine.StackTraceUtility:ExtractStackTrace ()
UnityEngine.Object:Destroy (UnityEngine.Object,single)
UnityEngine.Object:Destroy (UnityEngine.Object)
QuizBattle.Arena.CharacterToken:CreateHpBar (UnityEngine.Transform,UnityEngine.Color) (at Assets/Scripts/Arena/CharacterToken.cs:123)
QuizBattle.Arena.CharacterToken:Create (string,QuizBattle.Characters.CharacterVisual&,UnityEngine.Vector3) (at Assets/Scripts/Arena/CharacterToken.cs:61)
QuizBattle.GameState.GameManager:RunAutoPlayMatch (int,int) (at Assets/Scripts/GameState/GameManager.cs:75)
ArenaDemoRunner:RunScenario (string,int,int,string) (at Assets/Editor/ArenaDemoRunner.cs:40)
ArenaDemoRunner:Run () (at Assets/Editor/ArenaDemoRunner.cs:22)

[Assets/Scripts/GameState/GameManager.cs line 75]

HpBarBg: Destroy may not be called from edit mode! Use DestroyImmediate instead.
Destroying an object in edit mode destroys it permanently
UnityEngine.Debug:ExtractStackTraceNoAlloc (byte*,int,string)
UnityEngine.StackTraceUtility:ExtractStackTrace ()
UnityEngine.Object:Destroy (UnityEngine.Object,single)
UnityEngine.Object:Destroy (UnityEngine.Object)
QuizBattle.Arena.CharacterToken:CreateHpBar (UnityEngine.Transform,UnityEngine.Color) (at Assets/Scripts/Arena/CharacterToken.cs:142)
QuizBattle.Arena.CharacterToken:Create (string,QuizBattle.Characters.CharacterVisual&,UnityEngine.Vector3) (at Assets/Scripts/Arena/CharacterToken.cs:61)
QuizBattle.GameState.GameManager:RunAutoPlayMatch (int,int) (at Assets/Scripts/GameState/GameManager.cs:75)
ArenaDemoRunner:RunScenario (string,int,int,string) (at Assets/Editor/ArenaDemoRunner.cs:40)
ArenaDemoRunner:Run () (at Assets/Editor/ArenaDemoRunner.cs:22)

[Assets/Scripts/GameState/GameManager.cs line 75]

HpBarFill: Destroy may not be called from edit mode! Use DestroyImmediate instead.
Destroying an object in edit mode destroys it permanently
UnityEngine.Debug:ExtractStackTraceNoAlloc (byte*,int,string)
UnityEngine.StackTraceUtility:ExtractStackTrace ()
UnityEngine.Object:Destroy (UnityEngine.Object,single)
UnityEngine.Object:Destroy (UnityEngine.Object)
QuizBattle.Arena.CharacterToken:CreateHpBar (UnityEngine.Transform,UnityEngine.Color) (at Assets/Scripts/Arena/CharacterToken.cs:165)
QuizBattle.Arena.CharacterToken:Create (string,QuizBattle.Characters.CharacterVisual&,UnityEngine.Vector3) (at Assets/Scripts/Arena/CharacterToken.cs:61)
QuizBattle.GameState.GameManager:RunAutoPlayMatch (int,int) (at Assets/Scripts/GameState/GameManager.cs:75)
ArenaDemoRunner:RunScenario (string,int,int,string) (at Assets/Editor/ArenaDemoRunner.cs:40)
ArenaDemoRunner:Run () (at Assets/Editor/ArenaDemoRunner.cs:22)

[Assets/Scripts/GameState/GameManager.cs line 75]

FrozenRing: Destroy may not be called from edit mode! Use DestroyImmediate instead.
Destroying an object in edit mode destroys it permanently
UnityEngine.Debug:ExtractStackTraceNoAlloc (byte*,int,string)
UnityEngine.StackTraceUtility:ExtractStackTrace ()
UnityEngine.Object:Destroy (UnityEngine.Object,single)
UnityEngine.Object:Destroy (UnityEngine.Object)
QuizBattle.Arena.CharacterToken:CreateFrozenIndicator (UnityEngine.Transform) (at Assets/Scripts/Arena/CharacterToken.cs:88)
QuizBattle.Arena.CharacterToken:Create (string,QuizBattle.Characters.CharacterVisual&,UnityEngine.Vector3) (at Assets/Scripts/Arena/CharacterToken.cs:62)
QuizBattle.GameState.GameManager:RunAutoPlayMatch (int,int) (at Assets/Scripts/GameState/GameManager.cs:75)
ArenaDemoRunner:RunScenario (string,int,int,string) (at Assets/Editor/ArenaDemoRunner.cs:40)
ArenaDemoRunner:Run () (at Assets/Editor/ArenaDemoRunner.cs:22)

[Assets/Scripts/GameState/GameManager.cs line 75]

EmberLeft: Destroy may not be called from edit mode! Use DestroyImmediate instead.
Destroying an object in edit mode destroys it permanently
UnityEngine.Debug:ExtractStackTraceNoAlloc (byte*,int,string)
UnityEngine.StackTraceUtility:ExtractStackTrace ()
UnityEngine.Object:Destroy (UnityEngine.Object,single)
UnityEngine.Object:Destroy (UnityEngine.Object)
QuizBattle.Arena.Visuals.CharacterVisualBuilder:CreatePrimitivePart (UnityEngine.Transform,string,UnityEngine.PrimitiveType,UnityEngine.Vector3,UnityEngine.Quaternion,UnityEngine.Vector3,UnityEngine.Material,System.Collections.Generic.List`1<UnityEngine.Renderer>) (at Assets/Scripts/Arena/Visuals/CharacterVisualBuilder.cs:317)
QuizBattle.Arena.Visuals.CharacterVisualBuilder:BuildFire (UnityEngine.Transform,QuizBattle.Characters.CharacterVisual&,System.Collections.Generic.List`1<UnityEngine.Renderer>,QuizBattle.Arena.Visuals.TokenIdleAnimator) (at Assets/Scripts/Arena/Visuals/CharacterVisualBuilder.cs:216)
QuizBattle.Arena.Visuals.CharacterVisualBuilder:Build (QuizBattle.Characters.CharacterVisual&,UnityEngine.Transform) (at Assets/Scripts/Arena/Visuals/CharacterVisualBuilder.cs:53)
QuizBattle.Arena.CharacterToken:Create (string,QuizBattle.Characters.CharacterVisual&,UnityEngine.Vector3) (at Assets/Scripts/Arena/CharacterToken.cs:53)
QuizBattle.GameState.GameManager:RunAutoPlayMatch (int,int) (at Assets/Scripts/GameState/GameManager.cs:75)
ArenaDemoRunner:RunScenario (string,int,int,string) (at Assets/Editor/ArenaDemoRunner.cs:40)
ArenaDemoRunner:Run () (at Assets/Editor/ArenaDemoRunner.cs:22)

[Assets/Scripts/GameState/GameManager.cs line 75]

EmberRight: Destroy may not be called from edit mode! Use DestroyImmediate instead.
Destroying an object in edit mode destroys it permanently
UnityEngine.Debug:ExtractStackTraceNoAlloc (byte*,int,string)
UnityEngine.StackTraceUtility:ExtractStackTrace ()
UnityEngine.Object:Destroy (UnityEngine.Object,single)
UnityEngine.Object:Destroy (UnityEngine.Object)
QuizBattle.Arena.Visuals.CharacterVisualBuilder:CreatePrimitivePart (UnityEngine.Transform,string,UnityEngine.PrimitiveType,UnityEngine.Vector3,UnityEngine.Quaternion,UnityEngine.Vector3,UnityEngine.Material,System.Collections.Generic.List`1<UnityEngine.Renderer>) (at Assets/Scripts/Arena/Visuals/CharacterVisualBuilder.cs:317)
QuizBattle.Arena.Visuals.CharacterVisualBuilder:BuildFire (UnityEngine.Transform,QuizBattle.Characters.CharacterVisual&,System.Collections.Generic.List`1<UnityEngine.Renderer>,QuizBattle.Arena.Visuals.TokenIdleAnimator) (at Assets/Scripts/Arena/Visuals/CharacterVisualBuilder.cs:217)
QuizBattle.Arena.Visuals.CharacterVisualBuilder:Build (QuizBattle.Characters.CharacterVisual&,UnityEngine.Transform) (at Assets/Scripts/Arena/Visuals/CharacterVisualBuilder.cs:53)
QuizBattle.Arena.CharacterToken:Create (string,QuizBattle.Characters.CharacterVisual&,UnityEngine.Vector3) (at Assets/Scripts/Arena/CharacterToken.cs:53)
QuizBattle.GameState.GameManager:RunAutoPlayMatch (int,int) (at Assets/Scripts/GameState/GameManager.cs:75)
ArenaDemoRunner:RunScenario (string,int,int,string) (at Assets/Editor/ArenaDemoRunner.cs:40)
ArenaDemoRunner:Run () (at Assets/Editor/ArenaDemoRunner.cs:22)

[Assets/Scripts/GameState/GameManager.cs line 75]

BlobShadow: Destroy may not be called from edit mode! Use DestroyImmediate instead.
Destroying an object in edit mode destroys it permanently
UnityEngine.Debug:ExtractStackTraceNoAlloc (byte*,int,string)
UnityEngine.StackTraceUtility:ExtractStackTrace ()
UnityEngine.Object:Destroy (UnityEngine.Object,single)
UnityEngine.Object:Destroy (UnityEngine.Object)
QuizBattle.Arena.Visuals.CharacterVisualBuilder:CreatePrimitivePart (UnityEngine.Transform,string,UnityEngine.PrimitiveType,UnityEngine.Vector3,UnityEngine.Quaternion,UnityEngine.Vector3,UnityEngine.Material,System.Collections.Generic.List`1<UnityEngine.Renderer>) (at Assets/Scripts/Arena/Visuals/CharacterVisualBuilder.cs:317)
QuizBattle.Arena.Visuals.CharacterVisualBuilder:AddGroundDisc (UnityEngine.Transform,UnityEngine.Color,System.Collections.Generic.List`1<UnityEngine.Renderer>,single) (at Assets/Scripts/Arena/Visuals/CharacterVisualBuilder.cs:284)
QuizBattle.Arena.Visuals.CharacterVisualBuilder:BuildFire (UnityEngine.Transform,QuizBattle.Characters.CharacterVisual&,System.Collections.Generic.List`1<UnityEngine.Renderer>,QuizBattle.Arena.Visuals.TokenIdleAnimator) (at Assets/Scripts/Arena/Visuals/CharacterVisualBuilder.cs:221)
QuizBattle.Arena.Visuals.CharacterVisualBuilder:Build (QuizBattle.Characters.CharacterVisual&,UnityEngine.Transform) (at Assets/Scripts/Arena/Visuals/CharacterVisualBuilder.cs:53)
QuizBattle.Arena.CharacterToken:Create (string,QuizBattle.Characters.CharacterVisual&,UnityEngine.Vector3) (at Assets/Scripts/Arena/CharacterToken.cs:53)
QuizBattle.GameState.GameManager:RunAutoPlayMatch (int,int) (at Assets/Scripts/GameState/GameManager.cs:75)
ArenaDemoRunner:RunScenario (string,int,int,string) (at Assets/Editor/ArenaDemoRunner.cs:40)
ArenaDemoRunner:Run () (at Assets/Editor/ArenaDemoRunner.cs:22)

[Assets/Scripts/GameState/GameManager.cs line 75]

Instantiating material due to calling renderer.material during edit mode. This will leak materials into the scene. You most likely want to use renderer.sharedMaterial instead.
UnityEngine.Debug:ExtractStackTraceNoAlloc (byte*,int,string)
UnityEngine.StackTraceUtility:ExtractStackTrace ()
UnityEngine.Renderer:GetMaterial ()
UnityEngine.Renderer:get_material ()
TMPro.TextMeshPro:SetOutlineThickness (single) (at ./Library/PackageCache/com.unity.ugui@67707a67a4ab/Runtime/TMP/TextMeshPro.cs:1318)
TMPro.TMP_Text:set_outlineWidth (single) (at ./Library/PackageCache/com.unity.ugui@67707a67a4ab/Runtime/TMP/TMP_Text.cs:450)
QuizBattle.Arena.CharacterToken:CreateNameLabel (UnityEngine.Transform) (at Assets/Scripts/Arena/CharacterToken.cs:106)
QuizBattle.Arena.CharacterToken:Create (string,QuizBattle.Characters.CharacterVisual&,UnityEngine.Vector3) (at Assets/Scripts/Arena/CharacterToken.cs:60)
QuizBattle.GameState.GameManager:RunAutoPlayMatch (int,int) (at Assets/Scripts/GameState/GameManager.cs:75)
ArenaDemoRunner:RunScenario (string,int,int,string) (at Assets/Editor/ArenaDemoRunner.cs:40)
ArenaDemoRunner:Run () (at Assets/Editor/ArenaDemoRunner.cs:22)

[Assets/Scripts/GameState/GameManager.cs line 75]

HpBarFrame: Destroy may not be called from edit mode! Use DestroyImmediate instead.
Destroying an object in edit mode destroys it permanently
UnityEngine.Debug:ExtractStackTraceNoAlloc (byte*,int,string)
UnityEngine.StackTraceUtility:ExtractStackTrace ()
UnityEngine.Object:Destroy (UnityEngine.Object,single)
UnityEngine.Object:Destroy (UnityEngine.Object)
QuizBattle.Arena.CharacterToken:CreateHpBar (UnityEngine.Transform,UnityEngine.Color) (at Assets/Scripts/Arena/CharacterToken.cs:123)
QuizBattle.Arena.CharacterToken:Create (string,QuizBattle.Characters.CharacterVisual&,UnityEngine.Vector3) (at Assets/Scripts/Arena/CharacterToken.cs:61)
QuizBattle.GameState.GameManager:RunAutoPlayMatch (int,int) (at Assets/Scripts/GameState/GameManager.cs:75)
ArenaDemoRunner:RunScenario (string,int,int,string) (at Assets/Editor/ArenaDemoRunner.cs:40)
ArenaDemoRunner:Run () (at Assets/Editor/ArenaDemoRunner.cs:22)

[Assets/Scripts/GameState/GameManager.cs line 75]

HpBarBg: Destroy may not be called from edit mode! Use DestroyImmediate instead.
Destroying an object in edit mode destroys it permanently
UnityEngine.Debug:ExtractStackTraceNoAlloc (byte*,int,string)
UnityEngine.StackTraceUtility:ExtractStackTrace ()
UnityEngine.Object:Destroy (UnityEngine.Object,single)
UnityEngine.Object:Destroy (UnityEngine.Object)
QuizBattle.Arena.CharacterToken:CreateHpBar (UnityEngine.Transform,UnityEngine.Color) (at Assets/Scripts/Arena/CharacterToken.cs:142)
QuizBattle.Arena.CharacterToken:Create (string,QuizBattle.Characters.CharacterVisual&,UnityEngine.Vector3) (at Assets/Scripts/Arena/CharacterToken.cs:61)
QuizBattle.GameState.GameManager:RunAutoPlayMatch (int,int) (at Assets/Scripts/GameState/GameManager.cs:75)
ArenaDemoRunner:RunScenario (string,int,int,string) (at Assets/Editor/ArenaDemoRunner.cs:40)
ArenaDemoRunner:Run () (at Assets/Editor/ArenaDemoRunner.cs:22)

[Assets/Scripts/GameState/GameManager.cs line 75]

HpBarFill: Destroy may not be called from edit mode! Use DestroyImmediate instead.
Destroying an object in edit mode destroys it permanently
UnityEngine.Debug:ExtractStackTraceNoAlloc (byte*,int,string)
UnityEngine.StackTraceUtility:ExtractStackTrace ()
UnityEngine.Object:Destroy (UnityEngine.Object,single)
UnityEngine.Object:Destroy (UnityEngine.Object)
QuizBattle.Arena.CharacterToken:CreateHpBar (UnityEngine.Transform,UnityEngine.Color) (at Assets/Scripts/Arena/CharacterToken.cs:165)
QuizBattle.Arena.CharacterToken:Create (string,QuizBattle.Characters.CharacterVisual&,UnityEngine.Vector3) (at Assets/Scripts/Arena/CharacterToken.cs:61)
QuizBattle.GameState.GameManager:RunAutoPlayMatch (int,int) (at Assets/Scripts/GameState/GameManager.cs:75)
ArenaDemoRunner:RunScenario (string,int,int,string) (at Assets/Editor/ArenaDemoRunner.cs:40)
ArenaDemoRunner:Run () (at Assets/Editor/ArenaDemoRunner.cs:22)

[Assets/Scripts/GameState/GameManager.cs line 75]

FrozenRing: Destroy may not be called from edit mode! Use DestroyImmediate instead.
Destroying an object in edit mode destroys it permanently
UnityEngine.Debug:ExtractStackTraceNoAlloc (byte*,int,string)
UnityEngine.StackTraceUtility:ExtractStackTrace ()
UnityEngine.Object:Destroy (UnityEngine.Object,single)
UnityEngine.Object:Destroy (UnityEngine.Object)
QuizBattle.Arena.CharacterToken:CreateFrozenIndicator (UnityEngine.Transform) (at Assets/Scripts/Arena/CharacterToken.cs:88)
QuizBattle.Arena.CharacterToken:Create (string,QuizBattle.Characters.CharacterVisual&,UnityEngine.Vector3) (at Assets/Scripts/Arena/CharacterToken.cs:62)
QuizBattle.GameState.GameManager:RunAutoPlayMatch (int,int) (at Assets/Scripts/GameState/GameManager.cs:75)
ArenaDemoRunner:RunScenario (string,int,int,string) (at Assets/Editor/ArenaDemoRunner.cs:40)
ArenaDemoRunner:Run () (at Assets/Editor/ArenaDemoRunner.cs:22)

[Assets/Scripts/GameState/GameManager.cs line 75]

Orb: Destroy may not be called from edit mode! Use DestroyImmediate instead.
Destroying an object in edit mode destroys it permanently
UnityEngine.Debug:ExtractStackTraceNoAlloc (byte*,int,string)
UnityEngine.StackTraceUtility:ExtractStackTrace ()
UnityEngine.Object:Destroy (UnityEngine.Object,single)
UnityEngine.Object:Destroy (UnityEngine.Object)
QuizBattle.Arena.Visuals.CharacterVisualBuilder:CreatePrimitivePart (UnityEngine.Transform,string,UnityEngine.PrimitiveType,UnityEngine.Vector3,UnityEngine.Quaternion,UnityEngine.Vector3,UnityEngine.Material,System.Collections.Generic.List`1<UnityEngine.Renderer>) (at Assets/Scripts/Arena/Visuals/CharacterVisualBuilder.cs:317)
QuizBattle.Arena.Visuals.CharacterVisualBuilder:BuildArcane (UnityEngine.Transform,QuizBattle.Characters.CharacterVisual&,System.Collections.Generic.List`1<UnityEngine.Renderer>,QuizBattle.Arena.Visuals.TokenIdleAnimator) (at Assets/Scripts/Arena/Visuals/CharacterVisualBuilder.cs:274)
QuizBattle.Arena.Visuals.CharacterVisualBuilder:Build (QuizBattle.Characters.CharacterVisual&,UnityEngine.Transform) (at Assets/Scripts/Arena/Visuals/CharacterVisualBuilder.cs:62)
QuizBattle.Arena.CharacterToken:Create (string,QuizBattle.Characters.CharacterVisual&,UnityEngine.Vector3) (at Assets/Scripts/Arena/CharacterToken.cs:53)
QuizBattle.GameState.GameManager:RunAutoPlayMatch (int,int) (at Assets/Scripts/GameState/GameManager.cs:75)
ArenaDemoRunner:RunScenario (string,int,int,string) (at Assets/Editor/ArenaDemoRunner.cs:40)
ArenaDemoRunner:Run () (at Assets/Editor/ArenaDemoRunner.cs:22)

[Assets/Scripts/GameState/GameManager.cs line 75]

BlobShadow: Destroy may not be called from edit mode! Use DestroyImmediate instead.
Destroying an object in edit mode destroys it permanently
UnityEngine.Debug:ExtractStackTraceNoAlloc (byte*,int,string)
UnityEngine.StackTraceUtility:ExtractStackTrace ()
UnityEngine.Object:Destroy (UnityEngine.Object,single)
UnityEngine.Object:Destroy (UnityEngine.Object)
QuizBattle.Arena.Visuals.CharacterVisualBuilder:CreatePrimitivePart (UnityEngine.Transform,string,UnityEngine.PrimitiveType,UnityEngine.Vector3,UnityEngine.Quaternion,UnityEngine.Vector3,UnityEngine.Material,System.Collections.Generic.List`1<UnityEngine.Renderer>) (at Assets/Scripts/Arena/Visuals/CharacterVisualBuilder.cs:317)
QuizBattle.Arena.Visuals.CharacterVisualBuilder:AddGroundDisc (UnityEngine.Transform,UnityEngine.Color,System.Collections.Generic.List`1<UnityEngine.Renderer>,single) (at Assets/Scripts/Arena/Visuals/CharacterVisualBuilder.cs:284)
QuizBattle.Arena.Visuals.CharacterVisualBuilder:BuildArcane (UnityEngine.Transform,QuizBattle.Characters.CharacterVisual&,System.Collections.Generic.List`1<UnityEngine.Renderer>,QuizBattle.Arena.Visuals.TokenIdleAnimator) (at Assets/Scripts/Arena/Visuals/CharacterVisualBuilder.cs:277)
QuizBattle.Arena.Visuals.CharacterVisualBuilder:Build (QuizBattle.Characters.CharacterVisual&,UnityEngine.Transform) (at Assets/Scripts/Arena/Visuals/CharacterVisualBuilder.cs:62)
QuizBattle.Arena.CharacterToken:Create (string,QuizBattle.Characters.CharacterVisual&,UnityEngine.Vector3) (at Assets/Scripts/Arena/CharacterToken.cs:53)
QuizBattle.GameState.GameManager:RunAutoPlayMatch (int,int) (at Assets/Scripts/GameState/GameManager.cs:75)
ArenaDemoRunner:RunScenario (string,int,int,string) (at Assets/Editor/ArenaDemoRunner.cs:40)
ArenaDemoRunner:Run () (at Assets/Editor/ArenaDemoRunner.cs:22)

[Assets/Scripts/GameState/GameManager.cs line 75]

Instantiating material due to calling renderer.material during edit mode. This will leak materials into the scene. You most likely want to use renderer.sharedMaterial instead.
UnityEngine.Debug:ExtractStackTraceNoAlloc (byte*,int,string)
UnityEngine.StackTraceUtility:ExtractStackTrace ()
UnityEngine.Renderer:GetMaterial ()
UnityEngine.Renderer:get_material ()
TMPro.TextMeshPro:SetOutlineThickness (single) (at ./Library/PackageCache/com.unity.ugui@67707a67a4ab/Runtime/TMP/TextMeshPro.cs:1318)
TMPro.TMP_Text:set_outlineWidth (single) (at ./Library/PackageCache/com.unity.ugui@67707a67a4ab/Runtime/TMP/TMP_Text.cs:450)
QuizBattle.Arena.CharacterToken:CreateNameLabel (UnityEngine.Transform) (at Assets/Scripts/Arena/CharacterToken.cs:106)
QuizBattle.Arena.CharacterToken:Create (string,QuizBattle.Characters.CharacterVisual&,UnityEngine.Vector3) (at Assets/Scripts/Arena/CharacterToken.cs:60)
QuizBattle.GameState.GameManager:RunAutoPlayMatch (int,int) (at Assets/Scripts/GameState/GameManager.cs:75)
ArenaDemoRunner:RunScenario (string,int,int,string) (at Assets/Editor/ArenaDemoRunner.cs:40)
ArenaDemoRunner:Run () (at Assets/Editor/ArenaDemoRunner.cs:22)

[Assets/Scripts/GameState/GameManager.cs line 75]

HpBarFrame: Destroy may not be called from edit mode! Use DestroyImmediate instead.
Destroying an object in edit mode destroys it permanently
UnityEngine.Debug:ExtractStackTraceNoAlloc (byte*,int,string)
UnityEngine.StackTraceUtility:ExtractStackTrace ()
UnityEngine.Object:Destroy (UnityEngine.Object,single)
UnityEngine.Object:Destroy (UnityEngine.Object)
QuizBattle.Arena.CharacterToken:CreateHpBar (UnityEngine.Transform,UnityEngine.Color) (at Assets/Scripts/Arena/CharacterToken.cs:123)
QuizBattle.Arena.CharacterToken:Create (string,QuizBattle.Characters.CharacterVisual&,UnityEngine.Vector3) (at Assets/Scripts/Arena/CharacterToken.cs:61)
QuizBattle.GameState.GameManager:RunAutoPlayMatch (int,int) (at Assets/Scripts/GameState/GameManager.cs:75)
ArenaDemoRunner:RunScenario (string,int,int,string) (at Assets/Editor/ArenaDemoRunner.cs:40)
ArenaDemoRunner:Run () (at Assets/Editor/ArenaDemoRunner.cs:22)

[Assets/Scripts/GameState/GameManager.cs line 75]

HpBarBg: Destroy may not be called from edit mode! Use DestroyImmediate instead.
Destroying an object in edit mode destroys it permanently
UnityEngine.Debug:ExtractStackTraceNoAlloc (byte*,int,string)
UnityEngine.StackTraceUtility:ExtractStackTrace ()
UnityEngine.Object:Destroy (UnityEngine.Object,single)
UnityEngine.Object:Destroy (UnityEngine.Object)
QuizBattle.Arena.CharacterToken:CreateHpBar (UnityEngine.Transform,UnityEngine.Color) (at Assets/Scripts/Arena/CharacterToken.cs:142)
QuizBattle.Arena.CharacterToken:Create (string,QuizBattle.Characters.CharacterVisual&,UnityEngine.Vector3) (at Assets/Scripts/Arena/CharacterToken.cs:61)
QuizBattle.GameState.GameManager:RunAutoPlayMatch (int,int) (at Assets/Scripts/GameState/GameManager.cs:75)
ArenaDemoRunner:RunScenario (string,int,int,string) (at Assets/Editor/ArenaDemoRunner.cs:40)
ArenaDemoRunner:Run () (at Assets/Editor/ArenaDemoRunner.cs:22)

[Assets/Scripts/GameState/GameManager.cs line 75]

HpBarFill: Destroy may not be called from edit mode! Use DestroyImmediate instead.
Destroying an object in edit mode destroys it permanently
UnityEngine.Debug:ExtractStackTraceNoAlloc (byte*,int,string)
UnityEngine.StackTraceUtility:ExtractStackTrace ()
UnityEngine.Object:Destroy (UnityEngine.Object,single)
UnityEngine.Object:Destroy (UnityEngine.Object)
QuizBattle.Arena.CharacterToken:CreateHpBar (UnityEngine.Transform,UnityEngine.Color) (at Assets/Scripts/Arena/CharacterToken.cs:165)
QuizBattle.Arena.CharacterToken:Create (string,QuizBattle.Characters.CharacterVisual&,UnityEngine.Vector3) (at Assets/Scripts/Arena/CharacterToken.cs:61)
QuizBattle.GameState.GameManager:RunAutoPlayMatch (int,int) (at Assets/Scripts/GameState/GameManager.cs:75)
ArenaDemoRunner:RunScenario (string,int,int,string) (at Assets/Editor/ArenaDemoRunner.cs:40)
ArenaDemoRunner:Run () (at Assets/Editor/ArenaDemoRunner.cs:22)

[Assets/Scripts/GameState/GameManager.cs line 75]

FrozenRing: Destroy may not be called from edit mode! Use DestroyImmediate instead.
Destroying an object in edit mode destroys it permanently
UnityEngine.Debug:ExtractStackTraceNoAlloc (byte*,int,string)
UnityEngine.StackTraceUtility:ExtractStackTrace ()
UnityEngine.Object:Destroy (UnityEngine.Object,single)
UnityEngine.Object:Destroy (UnityEngine.Object)
QuizBattle.Arena.CharacterToken:CreateFrozenIndicator (UnityEngine.Transform) (at Assets/Scripts/Arena/CharacterToken.cs:88)
QuizBattle.Arena.CharacterToken:Create (string,QuizBattle.Characters.CharacterVisual&,UnityEngine.Vector3) (at Assets/Scripts/Arena/CharacterToken.cs:62)
QuizBattle.GameState.GameManager:RunAutoPlayMatch (int,int) (at Assets/Scripts/GameState/GameManager.cs:75)
ArenaDemoRunner:RunScenario (string,int,int,string) (at Assets/Editor/ArenaDemoRunner.cs:40)
ArenaDemoRunner:Run () (at Assets/Editor/ArenaDemoRunner.cs:22)

[Assets/Scripts/GameState/GameManager.cs line 75]

BlobShadow: Destroy may not be called from edit mode! Use DestroyImmediate instead.
Destroying an object in edit mode destroys it permanently
UnityEngine.Debug:ExtractStackTraceNoAlloc (byte*,int,string)
UnityEngine.StackTraceUtility:ExtractStackTrace ()
UnityEngine.Object:Destroy (UnityEngine.Object,single)
UnityEngine.Object:Destroy (UnityEngine.Object)
QuizBattle.Arena.Visuals.CharacterVisualBuilder:CreatePrimitivePart (UnityEngine.Transform,string,UnityEngine.PrimitiveType,UnityEngine.Vector3,UnityEngine.Quaternion,UnityEngine.Vector3,UnityEngine.Material,System.Collections.Generic.List`1<UnityEngine.Renderer>) (at Assets/Scripts/Arena/Visuals/CharacterVisualBuilder.cs:317)
QuizBattle.Arena.Visuals.CharacterVisualBuilder:AddGroundDisc (UnityEngine.Transform,UnityEngine.Color,System.Collections.Generic.List`1<UnityEngine.Renderer>,single) (at Assets/Scripts/Arena/Visuals/CharacterVisualBuilder.cs:284)
QuizBattle.Arena.Visuals.CharacterVisualBuilder:BuildWind (UnityEngine.Transform,QuizBattle.Characters.CharacterVisual&,System.Collections.Generic.List`1<UnityEngine.Renderer>,QuizBattle.Arena.Visuals.TokenIdleAnimator) (at Assets/Scripts/Arena/Visuals/CharacterVisualBuilder.cs:258)
QuizBattle.Arena.Visuals.CharacterVisualBuilder:Build (QuizBattle.Characters.CharacterVisual&,UnityEngine.Transform) (at Assets/Scripts/Arena/Visuals/CharacterVisualBuilder.cs:59)
QuizBattle.Arena.CharacterToken:Create (string,QuizBattle.Characters.CharacterVisual&,UnityEngine.Vector3) (at Assets/Scripts/Arena/CharacterToken.cs:53)
QuizBattle.GameState.GameManager:RunAutoPlayMatch (int,int) (at Assets/Scripts/GameState/GameManager.cs:75)
ArenaDemoRunner:RunScenario (string,int,int,string) (at Assets/Editor/ArenaDemoRunner.cs:40)
ArenaDemoRunner:Run () (at Assets/Editor/ArenaDemoRunner.cs:22)

[Assets/Scripts/GameState/GameManager.cs line 75]

Instantiating material due to calling renderer.material during edit mode. This will leak materials into the scene. You most likely want to use renderer.sharedMaterial instead.
UnityEngine.Debug:ExtractStackTraceNoAlloc (byte*,int,string)
UnityEngine.StackTraceUtility:ExtractStackTrace ()
UnityEngine.Renderer:GetMaterial ()
UnityEngine.Renderer:get_material ()
TMPro.TextMeshPro:SetOutlineThickness (single) (at ./Library/PackageCache/com.unity.ugui@67707a67a4ab/Runtime/TMP/TextMeshPro.cs:1318)
TMPro.TMP_Text:set_outlineWidth (single) (at ./Library/PackageCache/com.unity.ugui@67707a67a4ab/Runtime/TMP/TMP_Text.cs:450)
QuizBattle.Arena.CharacterToken:CreateNameLabel (UnityEngine.Transform) (at Assets/Scripts/Arena/CharacterToken.cs:106)
QuizBattle.Arena.CharacterToken:Create (string,QuizBattle.Characters.CharacterVisual&,UnityEngine.Vector3) (at Assets/Scripts/Arena/CharacterToken.cs:60)
QuizBattle.GameState.GameManager:RunAutoPlayMatch (int,int) (at Assets/Scripts/GameState/GameManager.cs:75)
ArenaDemoRunner:RunScenario (string,int,int,string) (at Assets/Editor/ArenaDemoRunner.cs:40)
ArenaDemoRunner:Run () (at Assets/Editor/ArenaDemoRunner.cs:22)

[Assets/Scripts/GameState/GameManager.cs line 75]

HpBarFrame: Destroy may not be called from edit mode! Use DestroyImmediate instead.
Destroying an object in edit mode destroys it permanently
UnityEngine.Debug:ExtractStackTraceNoAlloc (byte*,int,string)
UnityEngine.StackTraceUtility:ExtractStackTrace ()
UnityEngine.Object:Destroy (UnityEngine.Object,single)
UnityEngine.Object:Destroy (UnityEngine.Object)
QuizBattle.Arena.CharacterToken:CreateHpBar (UnityEngine.Transform,UnityEngine.Color) (at Assets/Scripts/Arena/CharacterToken.cs:123)
QuizBattle.Arena.CharacterToken:Create (string,QuizBattle.Characters.CharacterVisual&,UnityEngine.Vector3) (at Assets/Scripts/Arena/CharacterToken.cs:61)
QuizBattle.GameState.GameManager:RunAutoPlayMatch (int,int) (at Assets/Scripts/GameState/GameManager.cs:75)
ArenaDemoRunner:RunScenario (string,int,int,string) (at Assets/Editor/ArenaDemoRunner.cs:40)
ArenaDemoRunner:Run () (at Assets/Editor/ArenaDemoRunner.cs:22)

[Assets/Scripts/GameState/GameManager.cs line 75]

HpBarBg: Destroy may not be called from edit mode! Use DestroyImmediate instead.
Destroying an object in edit mode destroys it permanently
UnityEngine.Debug:ExtractStackTraceNoAlloc (byte*,int,string)
UnityEngine.StackTraceUtility:ExtractStackTrace ()
UnityEngine.Object:Destroy (UnityEngine.Object,single)
UnityEngine.Object:Destroy (UnityEngine.Object)
QuizBattle.Arena.CharacterToken:CreateHpBar (UnityEngine.Transform,UnityEngine.Color) (at Assets/Scripts/Arena/CharacterToken.cs:142)
QuizBattle.Arena.CharacterToken:Create (string,QuizBattle.Characters.CharacterVisual&,UnityEngine.Vector3) (at Assets/Scripts/Arena/CharacterToken.cs:61)
QuizBattle.GameState.GameManager:RunAutoPlayMatch (int,int) (at Assets/Scripts/GameState/GameManager.cs:75)
ArenaDemoRunner:RunScenario (string,int,int,string) (at Assets/Editor/ArenaDemoRunner.cs:40)
ArenaDemoRunner:Run () (at Assets/Editor/ArenaDemoRunner.cs:22)

[Assets/Scripts/GameState/GameManager.cs line 75]

HpBarFill: Destroy may not be called from edit mode! Use DestroyImmediate instead.
Destroying an object in edit mode destroys it permanently
UnityEngine.Debug:ExtractStackTraceNoAlloc (byte*,int,string)
UnityEngine.StackTraceUtility:ExtractStackTrace ()
UnityEngine.Object:Destroy (UnityEngine.Object,single)
UnityEngine.Object:Destroy (UnityEngine.Object)
QuizBattle.Arena.CharacterToken:CreateHpBar (UnityEngine.Transform,UnityEngine.Color) (at Assets/Scripts/Arena/CharacterToken.cs:165)
QuizBattle.Arena.CharacterToken:Create (string,QuizBattle.Characters.CharacterVisual&,UnityEngine.Vector3) (at Assets/Scripts/Arena/CharacterToken.cs:61)
QuizBattle.GameState.GameManager:RunAutoPlayMatch (int,int) (at Assets/Scripts/GameState/GameManager.cs:75)
ArenaDemoRunner:RunScenario (string,int,int,string) (at Assets/Editor/ArenaDemoRunner.cs:40)
ArenaDemoRunner:Run () (at Assets/Editor/ArenaDemoRunner.cs:22)

[Assets/Scripts/GameState/GameManager.cs line 75]

FrozenRing: Destroy may not be called from edit mode! Use DestroyImmediate instead.
Destroying an object in edit mode destroys it permanently
UnityEngine.Debug:ExtractStackTraceNoAlloc (byte*,int,string)
UnityEngine.StackTraceUtility:ExtractStackTrace ()
UnityEngine.Object:Destroy (UnityEngine.Object,single)
UnityEngine.Object:Destroy (UnityEngine.Object)
QuizBattle.Arena.CharacterToken:CreateFrozenIndicator (UnityEngine.Transform) (at Assets/Scripts/Arena/CharacterToken.cs:88)
QuizBattle.Arena.CharacterToken:Create (string,QuizBattle.Characters.CharacterVisual&,UnityEngine.Vector3) (at Assets/Scripts/Arena/CharacterToken.cs:62)
QuizBattle.GameState.GameManager:RunAutoPlayMatch (int,int) (at Assets/Scripts/GameState/GameManager.cs:75)
ArenaDemoRunner:RunScenario (string,int,int,string) (at Assets/Editor/ArenaDemoRunner.cs:40)
ArenaDemoRunner:Run () (at Assets/Editor/ArenaDemoRunner.cs:22)

[Assets/Scripts/GameState/GameManager.cs line 75]

Vfx_Streaks: Destroy may not be called from edit mode! Use DestroyImmediate instead.
Destroying an object in edit mode destroys it permanently
UnityEngine.Debug:ExtractStackTraceNoAlloc (byte*,int,string)
UnityEngine.StackTraceUtility:ExtractStackTrace ()
UnityEngine.Object:Destroy (UnityEngine.Object,single)
QuizBattle.Arena.Vfx.ParticleFactory:Streaks (UnityEngine.Vector3,UnityEngine.Vector3,UnityEngine.Color,single,int) (at Assets/Scripts/Arena/Vfx/ParticleFactory.cs:103)
QuizBattle.Arena.Vfx.AbilityVfxPlayer:PlayBasicStrike (UnityEngine.Vector3,UnityEngine.Vector3,System.Collections.Generic.List`1<UnityEngine.ParticleSystem>) (at Assets/Scripts/Arena/Vfx/AbilityVfxPlayer.cs:90)
QuizBattle.Arena.Vfx.AbilityVfxPlayer:Play (string,UnityEngine.Vector3,UnityEngine.Vector3,bool) (at Assets/Scripts/Arena/Vfx/AbilityVfxPlayer.cs:40)
QuizBattle.GameState.GameManager:HandleReward (QuizBattle.GameState.MockEngine.PlayerState,QuizBattle.GameState.MockEngine.PendingReward,System.Random) (at Assets/Scripts/GameState/GameManager.cs:134)
QuizBattle.GameState.GameManager:RunAutoPlayMatch (int,int) (at Assets/Scripts/GameState/GameManager.cs:105)
ArenaDemoRunner:RunScenario (string,int,int,string) (at Assets/Editor/ArenaDemoRunner.cs:40)
ArenaDemoRunner:Run () (at Assets/Editor/ArenaDemoRunner.cs:22)

[Assets/Scripts/GameState/GameManager.cs line 134]

Vfx_Burst: Destroy may not be called from edit mode! Use DestroyImmediate instead.
Destroying an object in edit mode destroys it permanently
UnityEngine.Debug:ExtractStackTraceNoAlloc (byte*,int,string)
UnityEngine.StackTraceUtility:ExtractStackTrace ()
UnityEngine.Object:Destroy (UnityEngine.Object,single)
QuizBattle.Arena.Vfx.ParticleFactory:Burst (UnityEngine.Vector3,UnityEngine.Color,single,int,single,single) (at Assets/Scripts/Arena/Vfx/ParticleFactory.cs:51)
QuizBattle.Arena.Vfx.AbilityVfxPlayer:PlayBasicStrike (UnityEngine.Vector3,UnityEngine.Vector3,System.Collections.Generic.List`1<UnityEngine.ParticleSystem>) (at Assets/Scripts/Arena/Vfx/AbilityVfxPlayer.cs:91)
QuizBattle.Arena.Vfx.AbilityVfxPlayer:Play (string,UnityEngine.Vector3,UnityEngine.Vector3,bool) (at Assets/Scripts/Arena/Vfx/AbilityVfxPlayer.cs:40)
QuizBattle.GameState.GameManager:HandleReward (QuizBattle.GameState.MockEngine.PlayerState,QuizBattle.GameState.MockEngine.PendingReward,System.Random) (at Assets/Scripts/GameState/GameManager.cs:134)
QuizBattle.GameState.GameManager:RunAutoPlayMatch (int,int) (at Assets/Scripts/GameState/GameManager.cs:105)
ArenaDemoRunner:RunScenario (string,int,int,string) (at Assets/Editor/ArenaDemoRunner.cs:40)
ArenaDemoRunner:Run () (at Assets/Editor/ArenaDemoRunner.cs:22)

[Assets/Scripts/GameState/GameManager.cs line 134]

[ArenaDemoRunner:progress-tiebreak-path] PASSED — winner=1 reason=Progress
UnityEngine.Debug:ExtractStackTraceNoAlloc (byte*,int,string)
UnityEngine.StackTraceUtility:ExtractStackTrace ()
UnityEngine.DebugLogHandler:Internal_Log (UnityEngine.LogType,UnityEngine.LogOption,string,UnityEngine.Object)
UnityEngine.DebugLogHandler:LogFormat (UnityEngine.LogType,UnityEngine.Object,string,object[])
UnityEngine.Logger:Log (UnityEngine.LogType,object)
UnityEngine.Debug:Log (object)
ArenaDemoRunner:RunScenario (string,int,int,string) (at Assets/Editor/ArenaDemoRunner.cs:48)
ArenaDemoRunner:Run () (at Assets/Editor/ArenaDemoRunner.cs:22)

(Filename: Assets/Editor/ArenaDemoRunner.cs Line: 48)

[ArenaDemoRunner] screenshot saved to D:/temp\arena-demo-progress-tiebreak-path.png
UnityEngine.Debug:ExtractStackTraceNoAlloc (byte*,int,string)
UnityEngine.StackTraceUtility:ExtractStackTrace ()
UnityEngine.DebugLogHandler:Internal_Log (UnityEngine.LogType,UnityEngine.LogOption,string,UnityEngine.Object)
UnityEngine.DebugLogHandler:LogFormat (UnityEngine.LogType,UnityEngine.Object,string,object[])
UnityEngine.Logger:Log (UnityEngine.LogType,object)
UnityEngine.Debug:Log (object)
ArenaDemoRunner:CaptureScreenshot (string) (at Assets/Editor/ArenaDemoRunner.cs:137)
ArenaDemoRunner:RunScenario (string,int,int,string) (at Assets/Editor/ArenaDemoRunner.cs:50)
ArenaDemoRunner:Run () (at Assets/Editor/ArenaDemoRunner.cs:22)

(Filename: Assets/Editor/ArenaDemoRunner.cs Line: 137)

Unloading 29 Unused Serialized files (Serialized files now loaded: 0)
Unloading 1165 unused Assets / (0.7 MB). Loaded Objects now: 4454.
Memory consumption went from 362.2 MB to 361.6 MB.
Total: 13.731100 ms (FindLiveObjects: 0.461000 ms CreateObjectMapping: 0.933000 ms MarkObjects: 11.231700 ms  DeleteObjects: 1.104300 ms)

Tile_0_0: Destroy may not be called from edit mode! Use DestroyImmediate instead.
Destroying an object in edit mode destroys it permanently
UnityEngine.Debug:ExtractStackTraceNoAlloc (byte*,int,string)
UnityEngine.StackTraceUtility:ExtractStackTrace ()
UnityEngine.Object:Destroy (UnityEngine.Object,single)
UnityEngine.Object:Destroy (UnityEngine.Object)
QuizBattle.Arena.GridController:CreateTile (int,int,UnityEngine.Color) (at Assets/Scripts/Arena/GridController.cs:59)
QuizBattle.Arena.GridController:BuildGrid (int,int,int) (at Assets/Scripts/Arena/GridController.cs:42)
ArenaDemoRunner:RunVfxShowcase () (at Assets/Editor/ArenaDemoRunner.cs:68)
ArenaDemoRunner:Run () (at Assets/Editor/ArenaDemoRunner.cs:23)

[Assets/Scripts/Arena/GridController.cs line 42]

Tile_0_1: Destroy may not be called from edit mode! Use DestroyImmediate instead.
Destroying an object in edit mode destroys it permanently
UnityEngine.Debug:ExtractStackTraceNoAlloc (byte*,int,string)
UnityEngine.StackTraceUtility:ExtractStackTrace ()
UnityEngine.Object:Destroy (UnityEngine.Object,single)
UnityEngine.Object:Destroy (UnityEngine.Object)
QuizBattle.Arena.GridController:CreateTile (int,int,UnityEngine.Color) (at Assets/Scripts/Arena/GridController.cs:59)
QuizBattle.Arena.GridController:BuildGrid (int,int,int) (at Assets/Scripts/Arena/GridController.cs:42)
ArenaDemoRunner:RunVfxShowcase () (at Assets/Editor/ArenaDemoRunner.cs:68)
ArenaDemoRunner:Run () (at Assets/Editor/ArenaDemoRunner.cs:23)

[Assets/Scripts/Arena/GridController.cs line 42]

Tile_0_2: Destroy may not be called from edit mode! Use DestroyImmediate instead.
Destroying an object in edit mode destroys it permanently
UnityEngine.Debug:ExtractStackTraceNoAlloc (byte*,int,string)
UnityEngine.StackTraceUtility:ExtractStackTrace ()
UnityEngine.Object:Destroy (UnityEngine.Object,single)
UnityEngine.Object:Destroy (UnityEngine.Object)
QuizBattle.Arena.GridController:CreateTile (int,int,UnityEngine.Color) (at Assets/Scripts/Arena/GridController.cs:59)
QuizBattle.Arena.GridController:BuildGrid (int,int,int) (at Assets/Scripts/Arena/GridController.cs:42)
ArenaDemoRunner:RunVfxShowcase () (at Assets/Editor/ArenaDemoRunner.cs:68)
ArenaDemoRunner:Run () (at Assets/Editor/ArenaDemoRunner.cs:23)

[Assets/Scripts/Arena/GridController.cs line 42]

Tile_0_3: Destroy may not be called from edit mode! Use DestroyImmediate instead.
Destroying an object in edit mode destroys it permanently
UnityEngine.Debug:ExtractStackTraceNoAlloc (byte*,int,string)
UnityEngine.StackTraceUtility:ExtractStackTrace ()
UnityEngine.Object:Destroy (UnityEngine.Object,single)
UnityEngine.Object:Destroy (UnityEngine.Object)
QuizBattle.Arena.GridController:CreateTile (int,int,UnityEngine.Color) (at Assets/Scripts/Arena/GridController.cs:59)
QuizBattle.Arena.GridController:BuildGrid (int,int,int) (at Assets/Scripts/Arena/GridController.cs:42)
ArenaDemoRunner:RunVfxShowcase () (at Assets/Editor/ArenaDemoRunner.cs:68)
ArenaDemoRunner:Run () (at Assets/Editor/ArenaDemoRunner.cs:23)

[Assets/Scripts/Arena/GridController.cs line 42]

Tile_0_4: Destroy may not be called from edit mode! Use DestroyImmediate instead.
Destroying an object in edit mode destroys it permanently
UnityEngine.Debug:ExtractStackTraceNoAlloc (byte*,int,string)
UnityEngine.StackTraceUtility:ExtractStackTrace ()
UnityEngine.Object:Destroy (UnityEngine.Object,single)
UnityEngine.Object:Destroy (UnityEngine.Object)
QuizBattle.Arena.GridController:CreateTile (int,int,UnityEngine.Color) (at Assets/Scripts/Arena/GridController.cs:59)
QuizBattle.Arena.GridController:BuildGrid (int,int,int) (at Assets/Scripts/Arena/GridController.cs:42)
ArenaDemoRunner:RunVfxShowcase () (at Assets/Editor/ArenaDemoRunner.cs:68)
ArenaDemoRunner:Run () (at Assets/Editor/ArenaDemoRunner.cs:23)

[Assets/Scripts/Arena/GridController.cs line 42]

Tile_0_5: Destroy may not be called from edit mode! Use DestroyImmediate instead.
Destroying an object in edit mode destroys it permanently
UnityEngine.Debug:ExtractStackTraceNoAlloc (byte*,int,string)
UnityEngine.StackTraceUtility:ExtractStackTrace ()
UnityEngine.Object:Destroy (UnityEngine.Object,single)
UnityEngine.Object:Destroy (UnityEngine.Object)
QuizBattle.Arena.GridController:CreateTile (int,int,UnityEngine.Color) (at Assets/Scripts/Arena/GridController.cs:59)
QuizBattle.Arena.GridController:BuildGrid (int,int,int) (at Assets/Scripts/Arena/GridController.cs:42)
ArenaDemoRunner:RunVfxShowcase () (at Assets/Editor/ArenaDemoRunner.cs:68)
ArenaDemoRunner:Run () (at Assets/Editor/ArenaDemoRunner.cs:23)

[Assets/Scripts/Arena/GridController.cs line 42]

ZoneGlow_0_5: Destroy may not be called from edit mode! Use DestroyImmediate instead.
Destroying an object in edit mode destroys it permanently
UnityEngine.Debug:ExtractStackTraceNoAlloc (byte*,int,string)
UnityEngine.StackTraceUtility:ExtractStackTrace ()
UnityEngine.Object:Destroy (UnityEngine.Object,single)
UnityEngine.Object:Destroy (UnityEngine.Object)
QuizBattle.Arena.GridController:CreateZoneGlow (int,int,bool,bool) (at Assets/Scripts/Arena/GridController.cs:100)
QuizBattle.Arena.GridController:BuildGrid (int,int,int) (at Assets/Scripts/Arena/GridController.cs:43)
ArenaDemoRunner:RunVfxShowcase () (at Assets/Editor/ArenaDemoRunner.cs:68)
ArenaDemoRunner:Run () (at Assets/Editor/ArenaDemoRunner.cs:23)

[Assets/Scripts/Arena/GridController.cs line 100]

Pillar: Destroy may not be called from edit mode! Use DestroyImmediate instead.
Destroying an object in edit mode destroys it permanently
UnityEngine.Debug:ExtractStackTraceNoAlloc (byte*,int,string)
UnityEngine.StackTraceUtility:ExtractStackTrace ()
UnityEngine.Object:Destroy (UnityEngine.Object,single)
UnityEngine.Object:Destroy (UnityEngine.Object)
QuizBattle.Arena.GridController:CreateGoalPost (int,int,bool) (at Assets/Scripts/Arena/GridController.cs:127)
QuizBattle.Arena.GridController:CreateZoneGlow (int,int,bool,bool) (at Assets/Scripts/Arena/GridController.cs:107)
QuizBattle.Arena.GridController:BuildGrid (int,int,int) (at Assets/Scripts/Arena/GridController.cs:43)
ArenaDemoRunner:RunVfxShowcase () (at Assets/Editor/ArenaDemoRunner.cs:68)
ArenaDemoRunner:Run () (at Assets/Editor/ArenaDemoRunner.cs:23)

[Assets/Scripts/Arena/GridController.cs line 127]

CrownCap: Destroy may not be called from edit mode! Use DestroyImmediate instead.
Destroying an object in edit mode destroys it permanently
UnityEngine.Debug:ExtractStackTraceNoAlloc (byte*,int,string)
UnityEngine.StackTraceUtility:ExtractStackTrace ()
UnityEngine.Object:Destroy (UnityEngine.Object,single)
UnityEngine.Object:Destroy (UnityEngine.Object)
QuizBattle.Arena.GridController:CreateGoalPost (int,int,bool) (at Assets/Scripts/Arena/GridController.cs:136)
QuizBattle.Arena.GridController:CreateZoneGlow (int,int,bool,bool) (at Assets/Scripts/Arena/GridController.cs:107)
QuizBattle.Arena.GridController:BuildGrid (int,int,int) (at Assets/Scripts/Arena/GridController.cs:43)
ArenaDemoRunner:RunVfxShowcase () (at Assets/Editor/ArenaDemoRunner.cs:68)
ArenaDemoRunner:Run () (at Assets/Editor/ArenaDemoRunner.cs:23)

[Assets/Scripts/Arena/GridController.cs line 136]

Tile_1_0: Destroy may not be called from edit mode! Use DestroyImmediate instead.
Destroying an object in edit mode destroys it permanently
UnityEngine.Debug:ExtractStackTraceNoAlloc (byte*,int,string)
UnityEngine.StackTraceUtility:ExtractStackTrace ()
UnityEngine.Object:Destroy (UnityEngine.Object,single)
UnityEngine.Object:Destroy (UnityEngine.Object)
QuizBattle.Arena.GridController:CreateTile (int,int,UnityEngine.Color) (at Assets/Scripts/Arena/GridController.cs:59)
QuizBattle.Arena.GridController:BuildGrid (int,int,int) (at Assets/Scripts/Arena/GridController.cs:42)
ArenaDemoRunner:RunVfxShowcase () (at Assets/Editor/ArenaDemoRunner.cs:68)
ArenaDemoRunner:Run () (at Assets/Editor/ArenaDemoRunner.cs:23)

[Assets/Scripts/Arena/GridController.cs line 42]

Tile_1_1: Destroy may not be called from edit mode! Use DestroyImmediate instead.
Destroying an object in edit mode destroys it permanently
UnityEngine.Debug:ExtractStackTraceNoAlloc (byte*,int,string)
UnityEngine.StackTraceUtility:ExtractStackTrace ()
UnityEngine.Object:Destroy (UnityEngine.Object,single)
UnityEngine.Object:Destroy (UnityEngine.Object)
QuizBattle.Arena.GridController:CreateTile (int,int,UnityEngine.Color) (at Assets/Scripts/Arena/GridController.cs:59)
QuizBattle.Arena.GridController:BuildGrid (int,int,int) (at Assets/Scripts/Arena/GridController.cs:42)
ArenaDemoRunner:RunVfxShowcase () (at Assets/Editor/ArenaDemoRunner.cs:68)
ArenaDemoRunner:Run () (at Assets/Editor/ArenaDemoRunner.cs:23)

[Assets/Scripts/Arena/GridController.cs line 42]

Tile_1_2: Destroy may not be called from edit mode! Use DestroyImmediate instead.
Destroying an object in edit mode destroys it permanently
UnityEngine.Debug:ExtractStackTraceNoAlloc (byte*,int,string)
UnityEngine.StackTraceUtility:ExtractStackTrace ()
UnityEngine.Object:Destroy (UnityEngine.Object,single)
UnityEngine.Object:Destroy (UnityEngine.Object)
QuizBattle.Arena.GridController:CreateTile (int,int,UnityEngine.Color) (at Assets/Scripts/Arena/GridController.cs:59)
QuizBattle.Arena.GridController:BuildGrid (int,int,int) (at Assets/Scripts/Arena/GridController.cs:42)
ArenaDemoRunner:RunVfxShowcase () (at Assets/Editor/ArenaDemoRunner.cs:68)
ArenaDemoRunner:Run () (at Assets/Editor/ArenaDemoRunner.cs:23)

[Assets/Scripts/Arena/GridController.cs line 42]

Tile_1_3: Destroy may not be called from edit mode! Use DestroyImmediate instead.
Destroying an object in edit mode destroys it permanently
UnityEngine.Debug:ExtractStackTraceNoAlloc (byte*,int,string)
UnityEngine.StackTraceUtility:ExtractStackTrace ()
UnityEngine.Object:Destroy (UnityEngine.Object,single)
UnityEngine.Object:Destroy (UnityEngine.Object)
QuizBattle.Arena.GridController:CreateTile (int,int,UnityEngine.Color) (at Assets/Scripts/Arena/GridController.cs:59)
QuizBattle.Arena.GridController:BuildGrid (int,int,int) (at Assets/Scripts/Arena/GridController.cs:42)
ArenaDemoRunner:RunVfxShowcase () (at Assets/Editor/ArenaDemoRunner.cs:68)
ArenaDemoRunner:Run () (at Assets/Editor/ArenaDemoRunner.cs:23)

[Assets/Scripts/Arena/GridController.cs line 42]

Tile_1_4: Destroy may not be called from edit mode! Use DestroyImmediate instead.
Destroying an object in edit mode destroys it permanently
UnityEngine.Debug:ExtractStackTraceNoAlloc (byte*,int,string)
UnityEngine.StackTraceUtility:ExtractStackTrace ()
UnityEngine.Object:Destroy (UnityEngine.Object,single)
UnityEngine.Object:Destroy (UnityEngine.Object)
QuizBattle.Arena.GridController:CreateTile (int,int,UnityEngine.Color) (at Assets/Scripts/Arena/GridController.cs:59)
QuizBattle.Arena.GridController:BuildGrid (int,int,int) (at Assets/Scripts/Arena/GridController.cs:42)
ArenaDemoRunner:RunVfxShowcase () (at Assets/Editor/ArenaDemoRunner.cs:68)
ArenaDemoRunner:Run () (at Assets/Editor/ArenaDemoRunner.cs:23)

[Assets/Scripts/Arena/GridController.cs line 42]

Tile_1_5: Destroy may not be called from edit mode! Use DestroyImmediate instead.
Destroying an object in edit mode destroys it permanently
UnityEngine.Debug:ExtractStackTraceNoAlloc (byte*,int,string)
UnityEngine.StackTraceUtility:ExtractStackTrace ()
UnityEngine.Object:Destroy (UnityEngine.Object,single)
UnityEngine.Object:Destroy (UnityEngine.Object)
QuizBattle.Arena.GridController:CreateTile (int,int,UnityEngine.Color) (at Assets/Scripts/Arena/GridController.cs:59)
QuizBattle.Arena.GridController:BuildGrid (int,int,int) (at Assets/Scripts/Arena/GridController.cs:42)
ArenaDemoRunner:RunVfxShowcase () (at Assets/Editor/ArenaDemoRunner.cs:68)
ArenaDemoRunner:Run () (at Assets/Editor/ArenaDemoRunner.cs:23)

[Assets/Scripts/Arena/GridController.cs line 42]

ZoneGlow_1_5: Destroy may not be called from edit mode! Use DestroyImmediate instead.
Destroying an object in edit mode destroys it permanently
UnityEngine.Debug:ExtractStackTraceNoAlloc (byte*,int,string)
UnityEngine.StackTraceUtility:ExtractStackTrace ()
UnityEngine.Object:Destroy (UnityEngine.Object,single)
UnityEngine.Object:Destroy (UnityEngine.Object)
QuizBattle.Arena.GridController:CreateZoneGlow (int,int,bool,bool) (at Assets/Scripts/Arena/GridController.cs:100)
QuizBattle.Arena.GridController:BuildGrid (int,int,int) (at Assets/Scripts/Arena/GridController.cs:43)
ArenaDemoRunner:RunVfxShowcase () (at Assets/Editor/ArenaDemoRunner.cs:68)
ArenaDemoRunner:Run () (at Assets/Editor/ArenaDemoRunner.cs:23)

[Assets/Scripts/Arena/GridController.cs line 100]

Tile_2_0: Destroy may not be called from edit mode! Use DestroyImmediate instead.
Destroying an object in edit mode destroys it permanently
UnityEngine.Debug:ExtractStackTraceNoAlloc (byte*,int,string)
UnityEngine.StackTraceUtility:ExtractStackTrace ()
UnityEngine.Object:Destroy (UnityEngine.Object,single)
UnityEngine.Object:Destroy (UnityEngine.Object)
QuizBattle.Arena.GridController:CreateTile (int,int,UnityEngine.Color) (at Assets/Scripts/Arena/GridController.cs:59)
QuizBattle.Arena.GridController:BuildGrid (int,int,int) (at Assets/Scripts/Arena/GridController.cs:42)
ArenaDemoRunner:RunVfxShowcase () (at Assets/Editor/ArenaDemoRunner.cs:68)
ArenaDemoRunner:Run () (at Assets/Editor/ArenaDemoRunner.cs:23)

[Assets/Scripts/Arena/GridController.cs line 42]

Tile_2_1: Destroy may not be called from edit mode! Use DestroyImmediate instead.
Destroying an object in edit mode destroys it permanently
UnityEngine.Debug:ExtractStackTraceNoAlloc (byte*,int,string)
UnityEngine.StackTraceUtility:ExtractStackTrace ()
UnityEngine.Object:Destroy (UnityEngine.Object,single)
UnityEngine.Object:Destroy (UnityEngine.Object)
QuizBattle.Arena.GridController:CreateTile (int,int,UnityEngine.Color) (at Assets/Scripts/Arena/GridController.cs:59)
QuizBattle.Arena.GridController:BuildGrid (int,int,int) (at Assets/Scripts/Arena/GridController.cs:42)
ArenaDemoRunner:RunVfxShowcase () (at Assets/Editor/ArenaDemoRunner.cs:68)
ArenaDemoRunner:Run () (at Assets/Editor/ArenaDemoRunner.cs:23)

[Assets/Scripts/Arena/GridController.cs line 42]

Tile_2_2: Destroy may not be called from edit mode! Use DestroyImmediate instead.
Destroying an object in edit mode destroys it permanently
UnityEngine.Debug:ExtractStackTraceNoAlloc (byte*,int,string)
UnityEngine.StackTraceUtility:ExtractStackTrace ()
UnityEngine.Object:Destroy (UnityEngine.Object,single)
UnityEngine.Object:Destroy (UnityEngine.Object)
QuizBattle.Arena.GridController:CreateTile (int,int,UnityEngine.Color) (at Assets/Scripts/Arena/GridController.cs:59)
QuizBattle.Arena.GridController:BuildGrid (int,int,int) (at Assets/Scripts/Arena/GridController.cs:42)
ArenaDemoRunner:RunVfxShowcase () (at Assets/Editor/ArenaDemoRunner.cs:68)
ArenaDemoRunner:Run () (at Assets/Editor/ArenaDemoRunner.cs:23)

[Assets/Scripts/Arena/GridController.cs line 42]

Tile_2_3: Destroy may not be called from edit mode! Use DestroyImmediate instead.
Destroying an object in edit mode destroys it permanently
UnityEngine.Debug:ExtractStackTraceNoAlloc (byte*,int,string)
UnityEngine.StackTraceUtility:ExtractStackTrace ()
UnityEngine.Object:Destroy (UnityEngine.Object,single)
UnityEngine.Object:Destroy (UnityEngine.Object)
QuizBattle.Arena.GridController:CreateTile (int,int,UnityEngine.Color) (at Assets/Scripts/Arena/GridController.cs:59)
QuizBattle.Arena.GridController:BuildGrid (int,int,int) (at Assets/Scripts/Arena/GridController.cs:42)
ArenaDemoRunner:RunVfxShowcase () (at Assets/Editor/ArenaDemoRunner.cs:68)
ArenaDemoRunner:Run () (at Assets/Editor/ArenaDemoRunner.cs:23)

[Assets/Scripts/Arena/GridController.cs line 42]

Tile_2_4: Destroy may not be called from edit mode! Use DestroyImmediate instead.
Destroying an object in edit mode destroys it permanently
UnityEngine.Debug:ExtractStackTraceNoAlloc (byte*,int,string)
UnityEngine.StackTraceUtility:ExtractStackTrace ()
UnityEngine.Object:Destroy (UnityEngine.Object,single)
UnityEngine.Object:Destroy (UnityEngine.Object)
QuizBattle.Arena.GridController:CreateTile (int,int,UnityEngine.Color) (at Assets/Scripts/Arena/GridController.cs:59)
QuizBattle.Arena.GridController:BuildGrid (int,int,int) (at Assets/Scripts/Arena/GridController.cs:42)
ArenaDemoRunner:RunVfxShowcase () (at Assets/Editor/ArenaDemoRunner.cs:68)
ArenaDemoRunner:Run () (at Assets/Editor/ArenaDemoRunner.cs:23)

[Assets/Scripts/Arena/GridController.cs line 42]

Tile_2_5: Destroy may not be called from edit mode! Use DestroyImmediate instead.
Destroying an object in edit mode destroys it permanently
UnityEngine.Debug:ExtractStackTraceNoAlloc (byte*,int,string)
UnityEngine.StackTraceUtility:ExtractStackTrace ()
UnityEngine.Object:Destroy (UnityEngine.Object,single)
UnityEngine.Object:Destroy (UnityEngine.Object)
QuizBattle.Arena.GridController:CreateTile (int,int,UnityEngine.Color) (at Assets/Scripts/Arena/GridController.cs:59)
QuizBattle.Arena.GridController:BuildGrid (int,int,int) (at Assets/Scripts/Arena/GridController.cs:42)
ArenaDemoRunner:RunVfxShowcase () (at Assets/Editor/ArenaDemoRunner.cs:68)
ArenaDemoRunner:Run () (at Assets/Editor/ArenaDemoRunner.cs:23)

[Assets/Scripts/Arena/GridController.cs line 42]

ZoneGlow_2_5: Destroy may not be called from edit mode! Use DestroyImmediate instead.
Destroying an object in edit mode destroys it permanently
UnityEngine.Debug:ExtractStackTraceNoAlloc (byte*,int,string)
UnityEngine.StackTraceUtility:ExtractStackTrace ()
UnityEngine.Object:Destroy (UnityEngine.Object,single)
UnityEngine.Object:Destroy (UnityEngine.Object)
QuizBattle.Arena.GridController:CreateZoneGlow (int,int,bool,bool) (at Assets/Scripts/Arena/GridController.cs:100)
QuizBattle.Arena.GridController:BuildGrid (int,int,int) (at Assets/Scripts/Arena/GridController.cs:43)
ArenaDemoRunner:RunVfxShowcase () (at Assets/Editor/ArenaDemoRunner.cs:68)
ArenaDemoRunner:Run () (at Assets/Editor/ArenaDemoRunner.cs:23)

[Assets/Scripts/Arena/GridController.cs line 100]

Tile_3_0: Destroy may not be called from edit mode! Use DestroyImmediate instead.
Destroying an object in edit mode destroys it permanently
UnityEngine.Debug:ExtractStackTraceNoAlloc (byte*,int,string)
UnityEngine.StackTraceUtility:ExtractStackTrace ()
UnityEngine.Object:Destroy (UnityEngine.Object,single)
UnityEngine.Object:Destroy (UnityEngine.Object)
QuizBattle.Arena.GridController:CreateTile (int,int,UnityEngine.Color) (at Assets/Scripts/Arena/GridController.cs:59)
QuizBattle.Arena.GridController:BuildGrid (int,int,int) (at Assets/Scripts/Arena/GridController.cs:42)
ArenaDemoRunner:RunVfxShowcase () (at Assets/Editor/ArenaDemoRunner.cs:68)
ArenaDemoRunner:Run () (at Assets/Editor/ArenaDemoRunner.cs:23)

[Assets/Scripts/Arena/GridController.cs line 42]

Tile_3_1: Destroy may not be called from edit mode! Use DestroyImmediate instead.
Destroying an object in edit mode destroys it permanently
UnityEngine.Debug:ExtractStackTraceNoAlloc (byte*,int,string)
UnityEngine.StackTraceUtility:ExtractStackTrace ()
UnityEngine.Object:Destroy (UnityEngine.Object,single)
UnityEngine.Object:Destroy (UnityEngine.Object)
QuizBattle.Arena.GridController:CreateTile (int,int,UnityEngine.Color) (at Assets/Scripts/Arena/GridController.cs:59)
QuizBattle.Arena.GridController:BuildGrid (int,int,int) (at Assets/Scripts/Arena/GridController.cs:42)
ArenaDemoRunner:RunVfxShowcase () (at Assets/Editor/ArenaDemoRunner.cs:68)
ArenaDemoRunner:Run () (at Assets/Editor/ArenaDemoRunner.cs:23)

[Assets/Scripts/Arena/GridController.cs line 42]

Tile_3_2: Destroy may not be called from edit mode! Use DestroyImmediate instead.
Destroying an object in edit mode destroys it permanently
UnityEngine.Debug:ExtractStackTraceNoAlloc (byte*,int,string)
UnityEngine.StackTraceUtility:ExtractStackTrace ()
UnityEngine.Object:Destroy (UnityEngine.Object,single)
UnityEngine.Object:Destroy (UnityEngine.Object)
QuizBattle.Arena.GridController:CreateTile (int,int,UnityEngine.Color) (at Assets/Scripts/Arena/GridController.cs:59)
QuizBattle.Arena.GridController:BuildGrid (int,int,int) (at Assets/Scripts/Arena/GridController.cs:42)
ArenaDemoRunner:RunVfxShowcase () (at Assets/Editor/ArenaDemoRunner.cs:68)
ArenaDemoRunner:Run () (at Assets/Editor/ArenaDemoRunner.cs:23)

[Assets/Scripts/Arena/GridController.cs line 42]

Tile_3_3: Destroy may not be called from edit mode! Use DestroyImmediate instead.
Destroying an object in edit mode destroys it permanently
UnityEngine.Debug:ExtractStackTraceNoAlloc (byte*,int,string)
UnityEngine.StackTraceUtility:ExtractStackTrace ()
UnityEngine.Object:Destroy (UnityEngine.Object,single)
UnityEngine.Object:Destroy (UnityEngine.Object)
QuizBattle.Arena.GridController:CreateTile (int,int,UnityEngine.Color) (at Assets/Scripts/Arena/GridController.cs:59)
QuizBattle.Arena.GridController:BuildGrid (int,int,int) (at Assets/Scripts/Arena/GridController.cs:42)
ArenaDemoRunner:RunVfxShowcase () (at Assets/Editor/ArenaDemoRunner.cs:68)
ArenaDemoRunner:Run () (at Assets/Editor/ArenaDemoRunner.cs:23)

[Assets/Scripts/Arena/GridController.cs line 42]

Tile_3_4: Destroy may not be called from edit mode! Use DestroyImmediate instead.
Destroying an object in edit mode destroys it permanently
UnityEngine.Debug:ExtractStackTraceNoAlloc (byte*,int,string)
UnityEngine.StackTraceUtility:ExtractStackTrace ()
UnityEngine.Object:Destroy (UnityEngine.Object,single)
UnityEngine.Object:Destroy (UnityEngine.Object)
QuizBattle.Arena.GridController:CreateTile (int,int,UnityEngine.Color) (at Assets/Scripts/Arena/GridController.cs:59)
QuizBattle.Arena.GridController:BuildGrid (int,int,int) (at Assets/Scripts/Arena/GridController.cs:42)
ArenaDemoRunner:RunVfxShowcase () (at Assets/Editor/ArenaDemoRunner.cs:68)
ArenaDemoRunner:Run () (at Assets/Editor/ArenaDemoRunner.cs:23)

[Assets/Scripts/Arena/GridController.cs line 42]

Tile_3_5: Destroy may not be called from edit mode! Use DestroyImmediate instead.
Destroying an object in edit mode destroys it permanently
UnityEngine.Debug:ExtractStackTraceNoAlloc (byte*,int,string)
UnityEngine.StackTraceUtility:ExtractStackTrace ()
UnityEngine.Object:Destroy (UnityEngine.Object,single)
UnityEngine.Object:Destroy (UnityEngine.Object)
QuizBattle.Arena.GridController:CreateTile (int,int,UnityEngine.Color) (at Assets/Scripts/Arena/GridController.cs:59)
QuizBattle.Arena.GridController:BuildGrid (int,int,int) (at Assets/Scripts/Arena/GridController.cs:42)
ArenaDemoRunner:RunVfxShowcase () (at Assets/Editor/ArenaDemoRunner.cs:68)
ArenaDemoRunner:Run () (at Assets/Editor/ArenaDemoRunner.cs:23)

[Assets/Scripts/Arena/GridController.cs line 42]

ZoneGlow_3_5: Destroy may not be called from edit mode! Use DestroyImmediate instead.
Destroying an object in edit mode destroys it permanently
UnityEngine.Debug:ExtractStackTraceNoAlloc (byte*,int,string)
UnityEngine.StackTraceUtility:ExtractStackTrace ()
UnityEngine.Object:Destroy (UnityEngine.Object,single)
UnityEngine.Object:Destroy (UnityEngine.Object)
QuizBattle.Arena.GridController:CreateZoneGlow (int,int,bool,bool) (at Assets/Scripts/Arena/GridController.cs:100)
QuizBattle.Arena.GridController:BuildGrid (int,int,int) (at Assets/Scripts/Arena/GridController.cs:43)
ArenaDemoRunner:RunVfxShowcase () (at Assets/Editor/ArenaDemoRunner.cs:68)
ArenaDemoRunner:Run () (at Assets/Editor/ArenaDemoRunner.cs:23)

[Assets/Scripts/Arena/GridController.cs line 100]

Tile_4_0: Destroy may not be called from edit mode! Use DestroyImmediate instead.
Destroying an object in edit mode destroys it permanently
UnityEngine.Debug:ExtractStackTraceNoAlloc (byte*,int,string)
UnityEngine.StackTraceUtility:ExtractStackTrace ()
UnityEngine.Object:Destroy (UnityEngine.Object,single)
UnityEngine.Object:Destroy (UnityEngine.Object)
QuizBattle.Arena.GridController:CreateTile (int,int,UnityEngine.Color) (at Assets/Scripts/Arena/GridController.cs:59)
QuizBattle.Arena.GridController:BuildGrid (int,int,int) (at Assets/Scripts/Arena/GridController.cs:42)
ArenaDemoRunner:RunVfxShowcase () (at Assets/Editor/ArenaDemoRunner.cs:68)
ArenaDemoRunner:Run () (at Assets/Editor/ArenaDemoRunner.cs:23)

[Assets/Scripts/Arena/GridController.cs line 42]

Tile_4_1: Destroy may not be called from edit mode! Use DestroyImmediate instead.
Destroying an object in edit mode destroys it permanently
UnityEngine.Debug:ExtractStackTraceNoAlloc (byte*,int,string)
UnityEngine.StackTraceUtility:ExtractStackTrace ()
UnityEngine.Object:Destroy (UnityEngine.Object,single)
UnityEngine.Object:Destroy (UnityEngine.Object)
QuizBattle.Arena.GridController:CreateTile (int,int,UnityEngine.Color) (at Assets/Scripts/Arena/GridController.cs:59)
QuizBattle.Arena.GridController:BuildGrid (int,int,int) (at Assets/Scripts/Arena/GridController.cs:42)
ArenaDemoRunner:RunVfxShowcase () (at Assets/Editor/ArenaDemoRunner.cs:68)
ArenaDemoRunner:Run () (at Assets/Editor/ArenaDemoRunner.cs:23)

[Assets/Scripts/Arena/GridController.cs line 42]

Tile_4_2: Destroy may not be called from edit mode! Use DestroyImmediate instead.
Destroying an object in edit mode destroys it permanently
UnityEngine.Debug:ExtractStackTraceNoAlloc (byte*,int,string)
UnityEngine.StackTraceUtility:ExtractStackTrace ()
UnityEngine.Object:Destroy (UnityEngine.Object,single)
UnityEngine.Object:Destroy (UnityEngine.Object)
QuizBattle.Arena.GridController:CreateTile (int,int,UnityEngine.Color) (at Assets/Scripts/Arena/GridController.cs:59)
QuizBattle.Arena.GridController:BuildGrid (int,int,int) (at Assets/Scripts/Arena/GridController.cs:42)
ArenaDemoRunner:RunVfxShowcase () (at Assets/Editor/ArenaDemoRunner.cs:68)
ArenaDemoRunner:Run () (at Assets/Editor/ArenaDemoRunner.cs:23)

[Assets/Scripts/Arena/GridController.cs line 42]

Tile_4_3: Destroy may not be called from edit mode! Use DestroyImmediate instead.
Destroying an object in edit mode destroys it permanently
UnityEngine.Debug:ExtractStackTraceNoAlloc (byte*,int,string)
UnityEngine.StackTraceUtility:ExtractStackTrace ()
UnityEngine.Object:Destroy (UnityEngine.Object,single)
UnityEngine.Object:Destroy (UnityEngine.Object)
QuizBattle.Arena.GridController:CreateTile (int,int,UnityEngine.Color) (at Assets/Scripts/Arena/GridController.cs:59)
QuizBattle.Arena.GridController:BuildGrid (int,int,int) (at Assets/Scripts/Arena/GridController.cs:42)
ArenaDemoRunner:RunVfxShowcase () (at Assets/Editor/ArenaDemoRunner.cs:68)
ArenaDemoRunner:Run () (at Assets/Editor/ArenaDemoRunner.cs:23)

[Assets/Scripts/Arena/GridController.cs line 42]

Tile_4_4: Destroy may not be called from edit mode! Use DestroyImmediate instead.
Destroying an object in edit mode destroys it permanently
UnityEngine.Debug:ExtractStackTraceNoAlloc (byte*,int,string)
UnityEngine.StackTraceUtility:ExtractStackTrace ()
UnityEngine.Object:Destroy (UnityEngine.Object,single)
UnityEngine.Object:Destroy (UnityEngine.Object)
QuizBattle.Arena.GridController:CreateTile (int,int,UnityEngine.Color) (at Assets/Scripts/Arena/GridController.cs:59)
QuizBattle.Arena.GridController:BuildGrid (int,int,int) (at Assets/Scripts/Arena/GridController.cs:42)
ArenaDemoRunner:RunVfxShowcase () (at Assets/Editor/ArenaDemoRunner.cs:68)
ArenaDemoRunner:Run () (at Assets/Editor/ArenaDemoRunner.cs:23)

[Assets/Scripts/Arena/GridController.cs line 42]

Tile_4_5: Destroy may not be called from edit mode! Use DestroyImmediate instead.
Destroying an object in edit mode destroys it permanently
UnityEngine.Debug:ExtractStackTraceNoAlloc (byte*,int,string)
UnityEngine.StackTraceUtility:ExtractStackTrace ()
UnityEngine.Object:Destroy (UnityEngine.Object,single)
UnityEngine.Object:Destroy (UnityEngine.Object)
QuizBattle.Arena.GridController:CreateTile (int,int,UnityEngine.Color) (at Assets/Scripts/Arena/GridController.cs:59)
QuizBattle.Arena.GridController:BuildGrid (int,int,int) (at Assets/Scripts/Arena/GridController.cs:42)
ArenaDemoRunner:RunVfxShowcase () (at Assets/Editor/ArenaDemoRunner.cs:68)
ArenaDemoRunner:Run () (at Assets/Editor/ArenaDemoRunner.cs:23)

[Assets/Scripts/Arena/GridController.cs line 42]

ZoneGlow_4_5: Destroy may not be called from edit mode! Use DestroyImmediate instead.
Destroying an object in edit mode destroys it permanently
UnityEngine.Debug:ExtractStackTraceNoAlloc (byte*,int,string)
UnityEngine.StackTraceUtility:ExtractStackTrace ()
UnityEngine.Object:Destroy (UnityEngine.Object,single)
UnityEngine.Object:Destroy (UnityEngine.Object)
QuizBattle.Arena.GridController:CreateZoneGlow (int,int,bool,bool) (at Assets/Scripts/Arena/GridController.cs:100)
QuizBattle.Arena.GridController:BuildGrid (int,int,int) (at Assets/Scripts/Arena/GridController.cs:43)
ArenaDemoRunner:RunVfxShowcase () (at Assets/Editor/ArenaDemoRunner.cs:68)
ArenaDemoRunner:Run () (at Assets/Editor/ArenaDemoRunner.cs:23)

[Assets/Scripts/Arena/GridController.cs line 100]

Tile_5_0: Destroy may not be called from edit mode! Use DestroyImmediate instead.
Destroying an object in edit mode destroys it permanently
UnityEngine.Debug:ExtractStackTraceNoAlloc (byte*,int,string)
UnityEngine.StackTraceUtility:ExtractStackTrace ()
UnityEngine.Object:Destroy (UnityEngine.Object,single)
UnityEngine.Object:Destroy (UnityEngine.Object)
QuizBattle.Arena.GridController:CreateTile (int,int,UnityEngine.Color) (at Assets/Scripts/Arena/GridController.cs:59)
QuizBattle.Arena.GridController:BuildGrid (int,int,int) (at Assets/Scripts/Arena/GridController.cs:42)
ArenaDemoRunner:RunVfxShowcase () (at Assets/Editor/ArenaDemoRunner.cs:68)
ArenaDemoRunner:Run () (at Assets/Editor/ArenaDemoRunner.cs:23)

[Assets/Scripts/Arena/GridController.cs line 42]

Tile_5_1: Destroy may not be called from edit mode! Use DestroyImmediate instead.
Destroying an object in edit mode destroys it permanently
UnityEngine.Debug:ExtractStackTraceNoAlloc (byte*,int,string)
UnityEngine.StackTraceUtility:ExtractStackTrace ()
UnityEngine.Object:Destroy (UnityEngine.Object,single)
UnityEngine.Object:Destroy (UnityEngine.Object)
QuizBattle.Arena.GridController:CreateTile (int,int,UnityEngine.Color) (at Assets/Scripts/Arena/GridController.cs:59)
QuizBattle.Arena.GridController:BuildGrid (int,int,int) (at Assets/Scripts/Arena/GridController.cs:42)
ArenaDemoRunner:RunVfxShowcase () (at Assets/Editor/ArenaDemoRunner.cs:68)
ArenaDemoRunner:Run () (at Assets/Editor/ArenaDemoRunner.cs:23)

[Assets/Scripts/Arena/GridController.cs line 42]

Tile_5_2: Destroy may not be called from edit mode! Use DestroyImmediate instead.
Destroying an object in edit mode destroys it permanently
UnityEngine.Debug:ExtractStackTraceNoAlloc (byte*,int,string)
UnityEngine.StackTraceUtility:ExtractStackTrace ()
UnityEngine.Object:Destroy (UnityEngine.Object,single)
UnityEngine.Object:Destroy (UnityEngine.Object)
QuizBattle.Arena.GridController:CreateTile (int,int,UnityEngine.Color) (at Assets/Scripts/Arena/GridController.cs:59)
QuizBattle.Arena.GridController:BuildGrid (int,int,int) (at Assets/Scripts/Arena/GridController.cs:42)
ArenaDemoRunner:RunVfxShowcase () (at Assets/Editor/ArenaDemoRunner.cs:68)
ArenaDemoRunner:Run () (at Assets/Editor/ArenaDemoRunner.cs:23)

[Assets/Scripts/Arena/GridController.cs line 42]

Tile_5_3: Destroy may not be called from edit mode! Use DestroyImmediate instead.
Destroying an object in edit mode destroys it permanently
UnityEngine.Debug:ExtractStackTraceNoAlloc (byte*,int,string)
UnityEngine.StackTraceUtility:ExtractStackTrace ()
UnityEngine.Object:Destroy (UnityEngine.Object,single)
UnityEngine.Object:Destroy (UnityEngine.Object)
QuizBattle.Arena.GridController:CreateTile (int,int,UnityEngine.Color) (at Assets/Scripts/Arena/GridController.cs:59)
QuizBattle.Arena.GridController:BuildGrid (int,int,int) (at Assets/Scripts/Arena/GridController.cs:42)
ArenaDemoRunner:RunVfxShowcase () (at Assets/Editor/ArenaDemoRunner.cs:68)
ArenaDemoRunner:Run () (at Assets/Editor/ArenaDemoRunner.cs:23)

[Assets/Scripts/Arena/GridController.cs line 42]

Tile_5_4: Destroy may not be called from edit mode! Use DestroyImmediate instead.
Destroying an object in edit mode destroys it permanently
UnityEngine.Debug:ExtractStackTraceNoAlloc (byte*,int,string)
UnityEngine.StackTraceUtility:ExtractStackTrace ()
UnityEngine.Object:Destroy (UnityEngine.Object,single)
UnityEngine.Object:Destroy (UnityEngine.Object)
QuizBattle.Arena.GridController:CreateTile (int,int,UnityEngine.Color) (at Assets/Scripts/Arena/GridController.cs:59)
QuizBattle.Arena.GridController:BuildGrid (int,int,int) (at Assets/Scripts/Arena/GridController.cs:42)
ArenaDemoRunner:RunVfxShowcase () (at Assets/Editor/ArenaDemoRunner.cs:68)
ArenaDemoRunner:Run () (at Assets/Editor/ArenaDemoRunner.cs:23)

[Assets/Scripts/Arena/GridController.cs line 42]

Tile_5_5: Destroy may not be called from edit mode! Use DestroyImmediate instead.
Destroying an object in edit mode destroys it permanently
UnityEngine.Debug:ExtractStackTraceNoAlloc (byte*,int,string)
UnityEngine.StackTraceUtility:ExtractStackTrace ()
UnityEngine.Object:Destroy (UnityEngine.Object,single)
UnityEngine.Object:Destroy (UnityEngine.Object)
QuizBattle.Arena.GridController:CreateTile (int,int,UnityEngine.Color) (at Assets/Scripts/Arena/GridController.cs:59)
QuizBattle.Arena.GridController:BuildGrid (int,int,int) (at Assets/Scripts/Arena/GridController.cs:42)
ArenaDemoRunner:RunVfxShowcase () (at Assets/Editor/ArenaDemoRunner.cs:68)
ArenaDemoRunner:Run () (at Assets/Editor/ArenaDemoRunner.cs:23)

[Assets/Scripts/Arena/GridController.cs line 42]

ZoneGlow_5_5: Destroy may not be called from edit mode! Use DestroyImmediate instead.
Destroying an object in edit mode destroys it permanently
UnityEngine.Debug:ExtractStackTraceNoAlloc (byte*,int,string)
UnityEngine.StackTraceUtility:ExtractStackTrace ()
UnityEngine.Object:Destroy (UnityEngine.Object,single)
UnityEngine.Object:Destroy (UnityEngine.Object)
QuizBattle.Arena.GridController:CreateZoneGlow (int,int,bool,bool) (at Assets/Scripts/Arena/GridController.cs:100)
QuizBattle.Arena.GridController:BuildGrid (int,int,int) (at Assets/Scripts/Arena/GridController.cs:43)
ArenaDemoRunner:RunVfxShowcase () (at Assets/Editor/ArenaDemoRunner.cs:68)
ArenaDemoRunner:Run () (at Assets/Editor/ArenaDemoRunner.cs:23)

[Assets/Scripts/Arena/GridController.cs line 100]

Tile_6_0: Destroy may not be called from edit mode! Use DestroyImmediate instead.
Destroying an object in edit mode destroys it permanently
UnityEngine.Debug:ExtractStackTraceNoAlloc (byte*,int,string)
UnityEngine.StackTraceUtility:ExtractStackTrace ()
UnityEngine.Object:Destroy (UnityEngine.Object,single)
UnityEngine.Object:Destroy (UnityEngine.Object)
QuizBattle.Arena.GridController:CreateTile (int,int,UnityEngine.Color) (at Assets/Scripts/Arena/GridController.cs:59)
QuizBattle.Arena.GridController:BuildGrid (int,int,int) (at Assets/Scripts/Arena/GridController.cs:42)
ArenaDemoRunner:RunVfxShowcase () (at Assets/Editor/ArenaDemoRunner.cs:68)
ArenaDemoRunner:Run () (at Assets/Editor/ArenaDemoRunner.cs:23)

[Assets/Scripts/Arena/GridController.cs line 42]

Tile_6_1: Destroy may not be called from edit mode! Use DestroyImmediate instead.
Destroying an object in edit mode destroys it permanently
UnityEngine.Debug:ExtractStackTraceNoAlloc (byte*,int,string)
UnityEngine.StackTraceUtility:ExtractStackTrace ()
UnityEngine.Object:Destroy (UnityEngine.Object,single)
UnityEngine.Object:Destroy (UnityEngine.Object)
QuizBattle.Arena.GridController:CreateTile (int,int,UnityEngine.Color) (at Assets/Scripts/Arena/GridController.cs:59)
QuizBattle.Arena.GridController:BuildGrid (int,int,int) (at Assets/Scripts/Arena/GridController.cs:42)
ArenaDemoRunner:RunVfxShowcase () (at Assets/Editor/ArenaDemoRunner.cs:68)
ArenaDemoRunner:Run () (at Assets/Editor/ArenaDemoRunner.cs:23)

[Assets/Scripts/Arena/GridController.cs line 42]

Tile_6_2: Destroy may not be called from edit mode! Use DestroyImmediate instead.
Destroying an object in edit mode destroys it permanently
UnityEngine.Debug:ExtractStackTraceNoAlloc (byte*,int,string)
UnityEngine.StackTraceUtility:ExtractStackTrace ()
UnityEngine.Object:Destroy (UnityEngine.Object,single)
UnityEngine.Object:Destroy (UnityEngine.Object)
QuizBattle.Arena.GridController:CreateTile (int,int,UnityEngine.Color) (at Assets/Scripts/Arena/GridController.cs:59)
QuizBattle.Arena.GridController:BuildGrid (int,int,int) (at Assets/Scripts/Arena/GridController.cs:42)
ArenaDemoRunner:RunVfxShowcase () (at Assets/Editor/ArenaDemoRunner.cs:68)
ArenaDemoRunner:Run () (at Assets/Editor/ArenaDemoRunner.cs:23)

[Assets/Scripts/Arena/GridController.cs line 42]

Tile_6_3: Destroy may not be called from edit mode! Use DestroyImmediate instead.
Destroying an object in edit mode destroys it permanently
UnityEngine.Debug:ExtractStackTraceNoAlloc (byte*,int,string)
UnityEngine.StackTraceUtility:ExtractStackTrace ()
UnityEngine.Object:Destroy (UnityEngine.Object,single)
UnityEngine.Object:Destroy (UnityEngine.Object)
QuizBattle.Arena.GridController:CreateTile (int,int,UnityEngine.Color) (at Assets/Scripts/Arena/GridController.cs:59)
QuizBattle.Arena.GridController:BuildGrid (int,int,int) (at Assets/Scripts/Arena/GridController.cs:42)
ArenaDemoRunner:RunVfxShowcase () (at Assets/Editor/ArenaDemoRunner.cs:68)
ArenaDemoRunner:Run () (at Assets/Editor/ArenaDemoRunner.cs:23)

[Assets/Scripts/Arena/GridController.cs line 42]

Tile_6_4: Destroy may not be called from edit mode! Use DestroyImmediate instead.
Destroying an object in edit mode destroys it permanently
UnityEngine.Debug:ExtractStackTraceNoAlloc (byte*,int,string)
UnityEngine.StackTraceUtility:ExtractStackTrace ()
UnityEngine.Object:Destroy (UnityEngine.Object,single)
UnityEngine.Object:Destroy (UnityEngine.Object)
QuizBattle.Arena.GridController:CreateTile (int,int,UnityEngine.Color) (at Assets/Scripts/Arena/GridController.cs:59)
QuizBattle.Arena.GridController:BuildGrid (int,int,int) (at Assets/Scripts/Arena/GridController.cs:42)
ArenaDemoRunner:RunVfxShowcase () (at Assets/Editor/ArenaDemoRunner.cs:68)
ArenaDemoRunner:Run () (at Assets/Editor/ArenaDemoRunner.cs:23)

[Assets/Scripts/Arena/GridController.cs line 42]

Tile_6_5: Destroy may not be called from edit mode! Use DestroyImmediate instead.
Destroying an object in edit mode destroys it permanently
UnityEngine.Debug:ExtractStackTraceNoAlloc (byte*,int,string)
UnityEngine.StackTraceUtility:ExtractStackTrace ()
UnityEngine.Object:Destroy (UnityEngine.Object,single)
UnityEngine.Object:Destroy (UnityEngine.Object)
QuizBattle.Arena.GridController:CreateTile (int,int,UnityEngine.Color) (at Assets/Scripts/Arena/GridController.cs:59)
QuizBattle.Arena.GridController:BuildGrid (int,int,int) (at Assets/Scripts/Arena/GridController.cs:42)
ArenaDemoRunner:RunVfxShowcase () (at Assets/Editor/ArenaDemoRunner.cs:68)
ArenaDemoRunner:Run () (at Assets/Editor/ArenaDemoRunner.cs:23)

[Assets/Scripts/Arena/GridController.cs line 42]

ZoneGlow_6_5: Destroy may not be called from edit mode! Use DestroyImmediate instead.
Destroying an object in edit mode destroys it permanently
UnityEngine.Debug:ExtractStackTraceNoAlloc (byte*,int,string)
UnityEngine.StackTraceUtility:ExtractStackTrace ()
UnityEngine.Object:Destroy (UnityEngine.Object,single)
UnityEngine.Object:Destroy (UnityEngine.Object)
QuizBattle.Arena.GridController:CreateZoneGlow (int,int,bool,bool) (at Assets/Scripts/Arena/GridController.cs:100)
QuizBattle.Arena.GridController:BuildGrid (int,int,int) (at Assets/Scripts/Arena/GridController.cs:43)
ArenaDemoRunner:RunVfxShowcase () (at Assets/Editor/ArenaDemoRunner.cs:68)
ArenaDemoRunner:Run () (at Assets/Editor/ArenaDemoRunner.cs:23)

[Assets/Scripts/Arena/GridController.cs line 100]

Tile_7_0: Destroy may not be called from edit mode! Use DestroyImmediate instead.
Destroying an object in edit mode destroys it permanently
UnityEngine.Debug:ExtractStackTraceNoAlloc (byte*,int,string)
UnityEngine.StackTraceUtility:ExtractStackTrace ()
UnityEngine.Object:Destroy (UnityEngine.Object,single)
UnityEngine.Object:Destroy (UnityEngine.Object)
QuizBattle.Arena.GridController:CreateTile (int,int,UnityEngine.Color) (at Assets/Scripts/Arena/GridController.cs:59)
QuizBattle.Arena.GridController:BuildGrid (int,int,int) (at Assets/Scripts/Arena/GridController.cs:42)
ArenaDemoRunner:RunVfxShowcase () (at Assets/Editor/ArenaDemoRunner.cs:68)
ArenaDemoRunner:Run () (at Assets/Editor/ArenaDemoRunner.cs:23)

[Assets/Scripts/Arena/GridController.cs line 42]

Tile_7_1: Destroy may not be called from edit mode! Use DestroyImmediate instead.
Destroying an object in edit mode destroys it permanently
UnityEngine.Debug:ExtractStackTraceNoAlloc (byte*,int,string)
UnityEngine.StackTraceUtility:ExtractStackTrace ()
UnityEngine.Object:Destroy (UnityEngine.Object,single)
UnityEngine.Object:Destroy (UnityEngine.Object)
QuizBattle.Arena.GridController:CreateTile (int,int,UnityEngine.Color) (at Assets/Scripts/Arena/GridController.cs:59)
QuizBattle.Arena.GridController:BuildGrid (int,int,int) (at Assets/Scripts/Arena/GridController.cs:42)
ArenaDemoRunner:RunVfxShowcase () (at Assets/Editor/ArenaDemoRunner.cs:68)
ArenaDemoRunner:Run () (at Assets/Editor/ArenaDemoRunner.cs:23)

[Assets/Scripts/Arena/GridController.cs line 42]

Tile_7_2: Destroy may not be called from edit mode! Use DestroyImmediate instead.
Destroying an object in edit mode destroys it permanently
UnityEngine.Debug:ExtractStackTraceNoAlloc (byte*,int,string)
UnityEngine.StackTraceUtility:ExtractStackTrace ()
UnityEngine.Object:Destroy (UnityEngine.Object,single)
UnityEngine.Object:Destroy (UnityEngine.Object)
QuizBattle.Arena.GridController:CreateTile (int,int,UnityEngine.Color) (at Assets/Scripts/Arena/GridController.cs:59)
QuizBattle.Arena.GridController:BuildGrid (int,int,int) (at Assets/Scripts/Arena/GridController.cs:42)
ArenaDemoRunner:RunVfxShowcase () (at Assets/Editor/ArenaDemoRunner.cs:68)
ArenaDemoRunner:Run () (at Assets/Editor/ArenaDemoRunner.cs:23)

[Assets/Scripts/Arena/GridController.cs line 42]

Tile_7_3: Destroy may not be called from edit mode! Use DestroyImmediate instead.
Destroying an object in edit mode destroys it permanently
UnityEngine.Debug:ExtractStackTraceNoAlloc (byte*,int,string)
UnityEngine.StackTraceUtility:ExtractStackTrace ()
UnityEngine.Object:Destroy (UnityEngine.Object,single)
UnityEngine.Object:Destroy (UnityEngine.Object)
QuizBattle.Arena.GridController:CreateTile (int,int,UnityEngine.Color) (at Assets/Scripts/Arena/GridController.cs:59)
QuizBattle.Arena.GridController:BuildGrid (int,int,int) (at Assets/Scripts/Arena/GridController.cs:42)
ArenaDemoRunner:RunVfxShowcase () (at Assets/Editor/ArenaDemoRunner.cs:68)
ArenaDemoRunner:Run () (at Assets/Editor/ArenaDemoRunner.cs:23)

[Assets/Scripts/Arena/GridController.cs line 42]

Tile_7_4: Destroy may not be called from edit mode! Use DestroyImmediate instead.
Destroying an object in edit mode destroys it permanently
UnityEngine.Debug:ExtractStackTraceNoAlloc (byte*,int,string)
UnityEngine.StackTraceUtility:ExtractStackTrace ()
UnityEngine.Object:Destroy (UnityEngine.Object,single)
UnityEngine.Object:Destroy (UnityEngine.Object)
QuizBattle.Arena.GridController:CreateTile (int,int,UnityEngine.Color) (at Assets/Scripts/Arena/GridController.cs:59)
QuizBattle.Arena.GridController:BuildGrid (int,int,int) (at Assets/Scripts/Arena/GridController.cs:42)
ArenaDemoRunner:RunVfxShowcase () (at Assets/Editor/ArenaDemoRunner.cs:68)
ArenaDemoRunner:Run () (at Assets/Editor/ArenaDemoRunner.cs:23)

[Assets/Scripts/Arena/GridController.cs line 42]

Tile_7_5: Destroy may not be called from edit mode! Use DestroyImmediate instead.
Destroying an object in edit mode destroys it permanently
UnityEngine.Debug:ExtractStackTraceNoAlloc (byte*,int,string)
UnityEngine.StackTraceUtility:ExtractStackTrace ()
UnityEngine.Object:Destroy (UnityEngine.Object,single)
UnityEngine.Object:Destroy (UnityEngine.Object)
QuizBattle.Arena.GridController:CreateTile (int,int,UnityEngine.Color) (at Assets/Scripts/Arena/GridController.cs:59)
QuizBattle.Arena.GridController:BuildGrid (int,int,int) (at Assets/Scripts/Arena/GridController.cs:42)
ArenaDemoRunner:RunVfxShowcase () (at Assets/Editor/ArenaDemoRunner.cs:68)
ArenaDemoRunner:Run () (at Assets/Editor/ArenaDemoRunner.cs:23)

[Assets/Scripts/Arena/GridController.cs line 42]

ZoneGlow_7_5: Destroy may not be called from edit mode! Use DestroyImmediate instead.
Destroying an object in edit mode destroys it permanently
UnityEngine.Debug:ExtractStackTraceNoAlloc (byte*,int,string)
UnityEngine.StackTraceUtility:ExtractStackTrace ()
UnityEngine.Object:Destroy (UnityEngine.Object,single)
UnityEngine.Object:Destroy (UnityEngine.Object)
QuizBattle.Arena.GridController:CreateZoneGlow (int,int,bool,bool) (at Assets/Scripts/Arena/GridController.cs:100)
QuizBattle.Arena.GridController:BuildGrid (int,int,int) (at Assets/Scripts/Arena/GridController.cs:43)
ArenaDemoRunner:RunVfxShowcase () (at Assets/Editor/ArenaDemoRunner.cs:68)
ArenaDemoRunner:Run () (at Assets/Editor/ArenaDemoRunner.cs:23)

[Assets/Scripts/Arena/GridController.cs line 100]

Pillar: Destroy may not be called from edit mode! Use DestroyImmediate instead.
Destroying an object in edit mode destroys it permanently
UnityEngine.Debug:ExtractStackTraceNoAlloc (byte*,int,string)
UnityEngine.StackTraceUtility:ExtractStackTrace ()
UnityEngine.Object:Destroy (UnityEngine.Object,single)
UnityEngine.Object:Destroy (UnityEngine.Object)
QuizBattle.Arena.GridController:CreateGoalPost (int,int,bool) (at Assets/Scripts/Arena/GridController.cs:127)
QuizBattle.Arena.GridController:CreateZoneGlow (int,int,bool,bool) (at Assets/Scripts/Arena/GridController.cs:107)
QuizBattle.Arena.GridController:BuildGrid (int,int,int) (at Assets/Scripts/Arena/GridController.cs:43)
ArenaDemoRunner:RunVfxShowcase () (at Assets/Editor/ArenaDemoRunner.cs:68)
ArenaDemoRunner:Run () (at Assets/Editor/ArenaDemoRunner.cs:23)

[Assets/Scripts/Arena/GridController.cs line 127]

CrownCap: Destroy may not be called from edit mode! Use DestroyImmediate instead.
Destroying an object in edit mode destroys it permanently
UnityEngine.Debug:ExtractStackTraceNoAlloc (byte*,int,string)
UnityEngine.StackTraceUtility:ExtractStackTrace ()
UnityEngine.Object:Destroy (UnityEngine.Object,single)
UnityEngine.Object:Destroy (UnityEngine.Object)
QuizBattle.Arena.GridController:CreateGoalPost (int,int,bool) (at Assets/Scripts/Arena/GridController.cs:136)
QuizBattle.Arena.GridController:CreateZoneGlow (int,int,bool,bool) (at Assets/Scripts/Arena/GridController.cs:107)
QuizBattle.Arena.GridController:BuildGrid (int,int,int) (at Assets/Scripts/Arena/GridController.cs:43)
ArenaDemoRunner:RunVfxShowcase () (at Assets/Editor/ArenaDemoRunner.cs:68)
ArenaDemoRunner:Run () (at Assets/Editor/ArenaDemoRunner.cs:23)

[Assets/Scripts/Arena/GridController.cs line 136]

Curb: Destroy may not be called from edit mode! Use DestroyImmediate instead.
Destroying an object in edit mode destroys it permanently
UnityEngine.Debug:ExtractStackTraceNoAlloc (byte*,int,string)
UnityEngine.StackTraceUtility:ExtractStackTrace ()
UnityEngine.Object:Destroy (UnityEngine.Object,single)
UnityEngine.Object:Destroy (UnityEngine.Object)
QuizBattle.Arena.GridController:CreateCurbSegment (UnityEngine.Transform,UnityEngine.Vector3,UnityEngine.Vector3,UnityEngine.Material) (at Assets/Scripts/Arena/GridController.cs:188)
QuizBattle.Arena.GridController:CreateCurbBorder (int,int) (at Assets/Scripts/Arena/GridController.cs:156)
QuizBattle.Arena.GridController:BuildGrid (int,int,int) (at Assets/Scripts/Arena/GridController.cs:47)
ArenaDemoRunner:RunVfxShowcase () (at Assets/Editor/ArenaDemoRunner.cs:68)
ArenaDemoRunner:Run () (at Assets/Editor/ArenaDemoRunner.cs:23)

[Assets/Scripts/Arena/GridController.cs line 156]

Curb: Destroy may not be called from edit mode! Use DestroyImmediate instead.
Destroying an object in edit mode destroys it permanently
UnityEngine.Debug:ExtractStackTraceNoAlloc (byte*,int,string)
UnityEngine.StackTraceUtility:ExtractStackTrace ()
UnityEngine.Object:Destroy (UnityEngine.Object,single)
UnityEngine.Object:Destroy (UnityEngine.Object)
QuizBattle.Arena.GridController:CreateCurbSegment (UnityEngine.Transform,UnityEngine.Vector3,UnityEngine.Vector3,UnityEngine.Material) (at Assets/Scripts/Arena/GridController.cs:188)
QuizBattle.Arena.GridController:CreateCurbBorder (int,int) (at Assets/Scripts/Arena/GridController.cs:157)
QuizBattle.Arena.GridController:BuildGrid (int,int,int) (at Assets/Scripts/Arena/GridController.cs:47)
ArenaDemoRunner:RunVfxShowcase () (at Assets/Editor/ArenaDemoRunner.cs:68)
ArenaDemoRunner:Run () (at Assets/Editor/ArenaDemoRunner.cs:23)

[Assets/Scripts/Arena/GridController.cs line 157]

Curb: Destroy may not be called from edit mode! Use DestroyImmediate instead.
Destroying an object in edit mode destroys it permanently
UnityEngine.Debug:ExtractStackTraceNoAlloc (byte*,int,string)
UnityEngine.StackTraceUtility:ExtractStackTrace ()
UnityEngine.Object:Destroy (UnityEngine.Object,single)
UnityEngine.Object:Destroy (UnityEngine.Object)
QuizBattle.Arena.GridController:CreateCurbSegment (UnityEngine.Transform,UnityEngine.Vector3,UnityEngine.Vector3,UnityEngine.Material) (at Assets/Scripts/Arena/GridController.cs:188)
QuizBattle.Arena.GridController:CreateCurbBorder (int,int) (at Assets/Scripts/Arena/GridController.cs:158)
QuizBattle.Arena.GridController:BuildGrid (int,int,int) (at Assets/Scripts/Arena/GridController.cs:47)
ArenaDemoRunner:RunVfxShowcase () (at Assets/Editor/ArenaDemoRunner.cs:68)
ArenaDemoRunner:Run () (at Assets/Editor/ArenaDemoRunner.cs:23)

[Assets/Scripts/Arena/GridController.cs line 158]

Curb: Destroy may not be called from edit mode! Use DestroyImmediate instead.
Destroying an object in edit mode destroys it permanently
UnityEngine.Debug:ExtractStackTraceNoAlloc (byte*,int,string)
UnityEngine.StackTraceUtility:ExtractStackTrace ()
UnityEngine.Object:Destroy (UnityEngine.Object,single)
UnityEngine.Object:Destroy (UnityEngine.Object)
QuizBattle.Arena.GridController:CreateCurbSegment (UnityEngine.Transform,UnityEngine.Vector3,UnityEngine.Vector3,UnityEngine.Material) (at Assets/Scripts/Arena/GridController.cs:188)
QuizBattle.Arena.GridController:CreateCurbBorder (int,int) (at Assets/Scripts/Arena/GridController.cs:159)
QuizBattle.Arena.GridController:BuildGrid (int,int,int) (at Assets/Scripts/Arena/GridController.cs:47)
ArenaDemoRunner:RunVfxShowcase () (at Assets/Editor/ArenaDemoRunner.cs:68)
ArenaDemoRunner:Run () (at Assets/Editor/ArenaDemoRunner.cs:23)

[Assets/Scripts/Arena/GridController.cs line 159]

CornerStud: Destroy may not be called from edit mode! Use DestroyImmediate instead.
Destroying an object in edit mode destroys it permanently
UnityEngine.Debug:ExtractStackTraceNoAlloc (byte*,int,string)
UnityEngine.StackTraceUtility:ExtractStackTrace ()
UnityEngine.Object:Destroy (UnityEngine.Object,single)
UnityEngine.Object:Destroy (UnityEngine.Object)
QuizBattle.Arena.GridController:CreateCurbBorder (int,int) (at Assets/Scripts/Arena/GridController.cs:176)
QuizBattle.Arena.GridController:BuildGrid (int,int,int) (at Assets/Scripts/Arena/GridController.cs:47)
ArenaDemoRunner:RunVfxShowcase () (at Assets/Editor/ArenaDemoRunner.cs:68)
ArenaDemoRunner:Run () (at Assets/Editor/ArenaDemoRunner.cs:23)

[Assets/Scripts/Arena/GridController.cs line 176]

CornerStud: Destroy may not be called from edit mode! Use DestroyImmediate instead.
Destroying an object in edit mode destroys it permanently
UnityEngine.Debug:ExtractStackTraceNoAlloc (byte*,int,string)
UnityEngine.StackTraceUtility:ExtractStackTrace ()
UnityEngine.Object:Destroy (UnityEngine.Object,single)
UnityEngine.Object:Destroy (UnityEngine.Object)
QuizBattle.Arena.GridController:CreateCurbBorder (int,int) (at Assets/Scripts/Arena/GridController.cs:176)
QuizBattle.Arena.GridController:BuildGrid (int,int,int) (at Assets/Scripts/Arena/GridController.cs:47)
ArenaDemoRunner:RunVfxShowcase () (at Assets/Editor/ArenaDemoRunner.cs:68)
ArenaDemoRunner:Run () (at Assets/Editor/ArenaDemoRunner.cs:23)

[Assets/Scripts/Arena/GridController.cs line 176]

CornerStud: Destroy may not be called from edit mode! Use DestroyImmediate instead.
Destroying an object in edit mode destroys it permanently
UnityEngine.Debug:ExtractStackTraceNoAlloc (byte*,int,string)
UnityEngine.StackTraceUtility:ExtractStackTrace ()
UnityEngine.Object:Destroy (UnityEngine.Object,single)
UnityEngine.Object:Destroy (UnityEngine.Object)
QuizBattle.Arena.GridController:CreateCurbBorder (int,int) (at Assets/Scripts/Arena/GridController.cs:176)
QuizBattle.Arena.GridController:BuildGrid (int,int,int) (at Assets/Scripts/Arena/GridController.cs:47)
ArenaDemoRunner:RunVfxShowcase () (at Assets/Editor/ArenaDemoRunner.cs:68)
ArenaDemoRunner:Run () (at Assets/Editor/ArenaDemoRunner.cs:23)

[Assets/Scripts/Arena/GridController.cs line 176]

CornerStud: Destroy may not be called from edit mode! Use DestroyImmediate instead.
Destroying an object in edit mode destroys it permanently
UnityEngine.Debug:ExtractStackTraceNoAlloc (byte*,int,string)
UnityEngine.StackTraceUtility:ExtractStackTrace ()
UnityEngine.Object:Destroy (UnityEngine.Object,single)
UnityEngine.Object:Destroy (UnityEngine.Object)
QuizBattle.Arena.GridController:CreateCurbBorder (int,int) (at Assets/Scripts/Arena/GridController.cs:176)
QuizBattle.Arena.GridController:BuildGrid (int,int,int) (at Assets/Scripts/Arena/GridController.cs:47)
ArenaDemoRunner:RunVfxShowcase () (at Assets/Editor/ArenaDemoRunner.cs:68)
ArenaDemoRunner:Run () (at Assets/Editor/ArenaDemoRunner.cs:23)

[Assets/Scripts/Arena/GridController.cs line 176]

Plinth_Tier1: Destroy may not be called from edit mode! Use DestroyImmediate instead.
Destroying an object in edit mode destroys it permanently
UnityEngine.Debug:ExtractStackTraceNoAlloc (byte*,int,string)
UnityEngine.StackTraceUtility:ExtractStackTrace ()
UnityEngine.Object:Destroy (UnityEngine.Object,single)
UnityEngine.Object:Destroy (UnityEngine.Object)
QuizBattle.Arena.GridController:CreatePlinth (int,int) (at Assets/Scripts/Arena/GridController.cs:231)
QuizBattle.Arena.GridController:BuildGrid (int,int,int) (at Assets/Scripts/Arena/GridController.cs:48)
ArenaDemoRunner:RunVfxShowcase () (at Assets/Editor/ArenaDemoRunner.cs:68)
ArenaDemoRunner:Run () (at Assets/Editor/ArenaDemoRunner.cs:23)

[Assets/Scripts/Arena/GridController.cs line 231]

Plinth_Tier2: Destroy may not be called from edit mode! Use DestroyImmediate instead.
Destroying an object in edit mode destroys it permanently
UnityEngine.Debug:ExtractStackTraceNoAlloc (byte*,int,string)
UnityEngine.StackTraceUtility:ExtractStackTrace ()
UnityEngine.Object:Destroy (UnityEngine.Object,single)
UnityEngine.Object:Destroy (UnityEngine.Object)
QuizBattle.Arena.GridController:CreatePlinth (int,int) (at Assets/Scripts/Arena/GridController.cs:240)
QuizBattle.Arena.GridController:BuildGrid (int,int,int) (at Assets/Scripts/Arena/GridController.cs:48)
ArenaDemoRunner:RunVfxShowcase () (at Assets/Editor/ArenaDemoRunner.cs:68)
ArenaDemoRunner:Run () (at Assets/Editor/ArenaDemoRunner.cs:23)

[Assets/Scripts/Arena/GridController.cs line 240]

SkyDome: Destroy may not be called from edit mode! Use DestroyImmediate instead.
Destroying an object in edit mode destroys it permanently
UnityEngine.Debug:ExtractStackTraceNoAlloc (byte*,int,string)
UnityEngine.StackTraceUtility:ExtractStackTrace ()
UnityEngine.Object:Destroy (UnityEngine.Object,single)
UnityEngine.Object:Destroy (UnityEngine.Object)
QuizBattle.Arena.Visuals.ArenaColosseumBuilder:CreateSkyAndClouds (UnityEngine.Transform,UnityEngine.Vector3,single) (at Assets/Scripts/Arena/Visuals/ArenaColosseumBuilder.cs:49)
QuizBattle.Arena.Visuals.ArenaColosseumBuilder:Build (UnityEngine.Transform,int,int,single) (at Assets/Scripts/Arena/Visuals/ArenaColosseumBuilder.cs:25)
QuizBattle.Arena.GridController:BuildGrid (int,int,int) (at Assets/Scripts/Arena/GridController.cs:49)
ArenaDemoRunner:RunVfxShowcase () (at Assets/Editor/ArenaDemoRunner.cs:68)
ArenaDemoRunner:Run () (at Assets/Editor/ArenaDemoRunner.cs:23)

[Assets/Scripts/Arena/GridController.cs line 49]

Sphere: Destroy may not be called from edit mode! Use DestroyImmediate instead.
Destroying an object in edit mode destroys it permanently
UnityEngine.Debug:ExtractStackTraceNoAlloc (byte*,int,string)
UnityEngine.StackTraceUtility:ExtractStackTrace ()
UnityEngine.Object:Destroy (UnityEngine.Object,single)
UnityEngine.Object:Destroy (UnityEngine.Object)
QuizBattle.Arena.Visuals.ArenaColosseumBuilder:CreateCloud (UnityEngine.Transform,UnityEngine.Vector3,single) (at Assets/Scripts/Arena/Visuals/ArenaColosseumBuilder.cs:122)
QuizBattle.Arena.Visuals.ArenaColosseumBuilder:CreateSkyAndClouds (UnityEngine.Transform,UnityEngine.Vector3,single) (at Assets/Scripts/Arena/Visuals/ArenaColosseumBuilder.cs:78)
QuizBattle.Arena.Visuals.ArenaColosseumBuilder:Build (UnityEngine.Transform,int,int,single) (at Assets/Scripts/Arena/Visuals/ArenaColosseumBuilder.cs:25)
QuizBattle.Arena.GridController:BuildGrid (int,int,int) (at Assets/Scripts/Arena/GridController.cs:49)
ArenaDemoRunner:RunVfxShowcase () (at Assets/Editor/ArenaDemoRunner.cs:68)
ArenaDemoRunner:Run () (at Assets/Editor/ArenaDemoRunner.cs:23)

[Assets/Scripts/Arena/GridController.cs line 49]

Sphere: Destroy may not be called from edit mode! Use DestroyImmediate instead.
Destroying an object in edit mode destroys it permanently
UnityEngine.Debug:ExtractStackTraceNoAlloc (byte*,int,string)
UnityEngine.StackTraceUtility:ExtractStackTrace ()
UnityEngine.Object:Destroy (UnityEngine.Object,single)
UnityEngine.Object:Destroy (UnityEngine.Object)
QuizBattle.Arena.Visuals.ArenaColosseumBuilder:CreateCloud (UnityEngine.Transform,UnityEngine.Vector3,single) (at Assets/Scripts/Arena/Visuals/ArenaColosseumBuilder.cs:122)
QuizBattle.Arena.Visuals.ArenaColosseumBuilder:CreateSkyAndClouds (UnityEngine.Transform,UnityEngine.Vector3,single) (at Assets/Scripts/Arena/Visuals/ArenaColosseumBuilder.cs:78)
QuizBattle.Arena.Visuals.ArenaColosseumBuilder:Build (UnityEngine.Transform,int,int,single) (at Assets/Scripts/Arena/Visuals/ArenaColosseumBuilder.cs:25)
QuizBattle.Arena.GridController:BuildGrid (int,int,int) (at Assets/Scripts/Arena/GridController.cs:49)
ArenaDemoRunner:RunVfxShowcase () (at Assets/Editor/ArenaDemoRunner.cs:68)
ArenaDemoRunner:Run () (at Assets/Editor/ArenaDemoRunner.cs:23)

[Assets/Scripts/Arena/GridController.cs line 49]

Sphere: Destroy may not be called from edit mode! Use DestroyImmediate instead.
Destroying an object in edit mode destroys it permanently
UnityEngine.Debug:ExtractStackTraceNoAlloc (byte*,int,string)
UnityEngine.StackTraceUtility:ExtractStackTrace ()
UnityEngine.Object:Destroy (UnityEngine.Object,single)
UnityEngine.Object:Destroy (UnityEngine.Object)
QuizBattle.Arena.Visuals.ArenaColosseumBuilder:CreateCloud (UnityEngine.Transform,UnityEngine.Vector3,single) (at Assets/Scripts/Arena/Visuals/ArenaColosseumBuilder.cs:122)
QuizBattle.Arena.Visuals.ArenaColosseumBuilder:CreateSkyAndClouds (UnityEngine.Transform,UnityEngine.Vector3,single) (at Assets/Scripts/Arena/Visuals/ArenaColosseumBuilder.cs:78)
QuizBattle.Arena.Visuals.ArenaColosseumBuilder:Build (UnityEngine.Transform,int,int,single) (at Assets/Scripts/Arena/Visuals/ArenaColosseumBuilder.cs:25)
QuizBattle.Arena.GridController:BuildGrid (int,int,int) (at Assets/Scripts/Arena/GridController.cs:49)
ArenaDemoRunner:RunVfxShowcase () (at Assets/Editor/ArenaDemoRunner.cs:68)
ArenaDemoRunner:Run () (at Assets/Editor/ArenaDemoRunner.cs:23)

[Assets/Scripts/Arena/GridController.cs line 49]

Sphere: Destroy may not be called from edit mode! Use DestroyImmediate instead.
Destroying an object in edit mode destroys it permanently
UnityEngine.Debug:ExtractStackTraceNoAlloc (byte*,int,string)
UnityEngine.StackTraceUtility:ExtractStackTrace ()
UnityEngine.Object:Destroy (UnityEngine.Object,single)
UnityEngine.Object:Destroy (UnityEngine.Object)
QuizBattle.Arena.Visuals.ArenaColosseumBuilder:CreateCloud (UnityEngine.Transform,UnityEngine.Vector3,single) (at Assets/Scripts/Arena/Visuals/ArenaColosseumBuilder.cs:122)
QuizBattle.Arena.Visuals.ArenaColosseumBuilder:CreateSkyAndClouds (UnityEngine.Transform,UnityEngine.Vector3,single) (at Assets/Scripts/Arena/Visuals/ArenaColosseumBuilder.cs:78)
QuizBattle.Arena.Visuals.ArenaColosseumBuilder:Build (UnityEngine.Transform,int,int,single) (at Assets/Scripts/Arena/Visuals/ArenaColosseumBuilder.cs:25)
QuizBattle.Arena.GridController:BuildGrid (int,int,int) (at Assets/Scripts/Arena/GridController.cs:49)
ArenaDemoRunner:RunVfxShowcase () (at Assets/Editor/ArenaDemoRunner.cs:68)
ArenaDemoRunner:Run () (at Assets/Editor/ArenaDemoRunner.cs:23)

[Assets/Scripts/Arena/GridController.cs line 49]

Sphere: Destroy may not be called from edit mode! Use DestroyImmediate instead.
Destroying an object in edit mode destroys it permanently
UnityEngine.Debug:ExtractStackTraceNoAlloc (byte*,int,string)
UnityEngine.StackTraceUtility:ExtractStackTrace ()
UnityEngine.Object:Destroy (UnityEngine.Object,single)
UnityEngine.Object:Destroy (UnityEngine.Object)
QuizBattle.Arena.Visuals.ArenaColosseumBuilder:CreateCloud (UnityEngine.Transform,UnityEngine.Vector3,single) (at Assets/Scripts/Arena/Visuals/ArenaColosseumBuilder.cs:122)
QuizBattle.Arena.Visuals.ArenaColosseumBuilder:CreateSkyAndClouds (UnityEngine.Transform,UnityEngine.Vector3,single) (at Assets/Scripts/Arena/Visuals/ArenaColosseumBuilder.cs:78)
QuizBattle.Arena.Visuals.ArenaColosseumBuilder:Build (UnityEngine.Transform,int,int,single) (at Assets/Scripts/Arena/Visuals/ArenaColosseumBuilder.cs:25)
QuizBattle.Arena.GridController:BuildGrid (int,int,int) (at Assets/Scripts/Arena/GridController.cs:49)
ArenaDemoRunner:RunVfxShowcase () (at Assets/Editor/ArenaDemoRunner.cs:68)
ArenaDemoRunner:Run () (at Assets/Editor/ArenaDemoRunner.cs:23)

[Assets/Scripts/Arena/GridController.cs line 49]

Sphere: Destroy may not be called from edit mode! Use DestroyImmediate instead.
Destroying an object in edit mode destroys it permanently
UnityEngine.Debug:ExtractStackTraceNoAlloc (byte*,int,string)
UnityEngine.StackTraceUtility:ExtractStackTrace ()
UnityEngine.Object:Destroy (UnityEngine.Object,single)
UnityEngine.Object:Destroy (UnityEngine.Object)
QuizBattle.Arena.Visuals.ArenaColosseumBuilder:CreateCloud (UnityEngine.Transform,UnityEngine.Vector3,single) (at Assets/Scripts/Arena/Visuals/ArenaColosseumBuilder.cs:122)
QuizBattle.Arena.Visuals.ArenaColosseumBuilder:CreateSkyAndClouds (UnityEngine.Transform,UnityEngine.Vector3,single) (at Assets/Scripts/Arena/Visuals/ArenaColosseumBuilder.cs:78)
QuizBattle.Arena.Visuals.ArenaColosseumBuilder:Build (UnityEngine.Transform,int,int,single) (at Assets/Scripts/Arena/Visuals/ArenaColosseumBuilder.cs:25)
QuizBattle.Arena.GridController:BuildGrid (int,int,int) (at Assets/Scripts/Arena/GridController.cs:49)
ArenaDemoRunner:RunVfxShowcase () (at Assets/Editor/ArenaDemoRunner.cs:68)
ArenaDemoRunner:Run () (at Assets/Editor/ArenaDemoRunner.cs:23)

[Assets/Scripts/Arena/GridController.cs line 49]

Sphere: Destroy may not be called from edit mode! Use DestroyImmediate instead.
Destroying an object in edit mode destroys it permanently
UnityEngine.Debug:ExtractStackTraceNoAlloc (byte*,int,string)
UnityEngine.StackTraceUtility:ExtractStackTrace ()
UnityEngine.Object:Destroy (UnityEngine.Object,single)
UnityEngine.Object:Destroy (UnityEngine.Object)
QuizBattle.Arena.Visuals.ArenaColosseumBuilder:CreateCloud (UnityEngine.Transform,UnityEngine.Vector3,single) (at Assets/Scripts/Arena/Visuals/ArenaColosseumBuilder.cs:122)
QuizBattle.Arena.Visuals.ArenaColosseumBuilder:CreateSkyAndClouds (UnityEngine.Transform,UnityEngine.Vector3,single) (at Assets/Scripts/Arena/Visuals/ArenaColosseumBuilder.cs:78)
QuizBattle.Arena.Visuals.ArenaColosseumBuilder:Build (UnityEngine.Transform,int,int,single) (at Assets/Scripts/Arena/Visuals/ArenaColosseumBuilder.cs:25)
QuizBattle.Arena.GridController:BuildGrid (int,int,int) (at Assets/Scripts/Arena/GridController.cs:49)
ArenaDemoRunner:RunVfxShowcase () (at Assets/Editor/ArenaDemoRunner.cs:68)
ArenaDemoRunner:Run () (at Assets/Editor/ArenaDemoRunner.cs:23)

[Assets/Scripts/Arena/GridController.cs line 49]

Sphere: Destroy may not be called from edit mode! Use DestroyImmediate instead.
Destroying an object in edit mode destroys it permanently
UnityEngine.Debug:ExtractStackTraceNoAlloc (byte*,int,string)
UnityEngine.StackTraceUtility:ExtractStackTrace ()
UnityEngine.Object:Destroy (UnityEngine.Object,single)
UnityEngine.Object:Destroy (UnityEngine.Object)
QuizBattle.Arena.Visuals.ArenaColosseumBuilder:CreateCloud (UnityEngine.Transform,UnityEngine.Vector3,single) (at Assets/Scripts/Arena/Visuals/ArenaColosseumBuilder.cs:122)
QuizBattle.Arena.Visuals.ArenaColosseumBuilder:CreateSkyAndClouds (UnityEngine.Transform,UnityEngine.Vector3,single) (at Assets/Scripts/Arena/Visuals/ArenaColosseumBuilder.cs:78)
QuizBattle.Arena.Visuals.ArenaColosseumBuilder:Build (UnityEngine.Transform,int,int,single) (at Assets/Scripts/Arena/Visuals/ArenaColosseumBuilder.cs:25)
QuizBattle.Arena.GridController:BuildGrid (int,int,int) (at Assets/Scripts/Arena/GridController.cs:49)
ArenaDemoRunner:RunVfxShowcase () (at Assets/Editor/ArenaDemoRunner.cs:68)
ArenaDemoRunner:Run () (at Assets/Editor/ArenaDemoRunner.cs:23)

[Assets/Scripts/Arena/GridController.cs line 49]

Sphere: Destroy may not be called from edit mode! Use DestroyImmediate instead.
Destroying an object in edit mode destroys it permanently
UnityEngine.Debug:ExtractStackTraceNoAlloc (byte*,int,string)
UnityEngine.StackTraceUtility:ExtractStackTrace ()
UnityEngine.Object:Destroy (UnityEngine.Object,single)
UnityEngine.Object:Destroy (UnityEngine.Object)
QuizBattle.Arena.Visuals.ArenaColosseumBuilder:CreateCloud (UnityEngine.Transform,UnityEngine.Vector3,single) (at Assets/Scripts/Arena/Visuals/ArenaColosseumBuilder.cs:122)
QuizBattle.Arena.Visuals.ArenaColosseumBuilder:CreateSkyAndClouds (UnityEngine.Transform,UnityEngine.Vector3,single) (at Assets/Scripts/Arena/Visuals/ArenaColosseumBuilder.cs:78)
QuizBattle.Arena.Visuals.ArenaColosseumBuilder:Build (UnityEngine.Transform,int,int,single) (at Assets/Scripts/Arena/Visuals/ArenaColosseumBuilder.cs:25)
QuizBattle.Arena.GridController:BuildGrid (int,int,int) (at Assets/Scripts/Arena/GridController.cs:49)
ArenaDemoRunner:RunVfxShowcase () (at Assets/Editor/ArenaDemoRunner.cs:68)
ArenaDemoRunner:Run () (at Assets/Editor/ArenaDemoRunner.cs:23)

[Assets/Scripts/Arena/GridController.cs line 49]

Sphere: Destroy may not be called from edit mode! Use DestroyImmediate instead.
Destroying an object in edit mode destroys it permanently
UnityEngine.Debug:ExtractStackTraceNoAlloc (byte*,int,string)
UnityEngine.StackTraceUtility:ExtractStackTrace ()
UnityEngine.Object:Destroy (UnityEngine.Object,single)
UnityEngine.Object:Destroy (UnityEngine.Object)
QuizBattle.Arena.Visuals.ArenaColosseumBuilder:CreateCloud (UnityEngine.Transform,UnityEngine.Vector3,single) (at Assets/Scripts/Arena/Visuals/ArenaColosseumBuilder.cs:122)
QuizBattle.Arena.Visuals.ArenaColosseumBuilder:CreateSkyAndClouds (UnityEngine.Transform,UnityEngine.Vector3,single) (at Assets/Scripts/Arena/Visuals/ArenaColosseumBuilder.cs:78)
QuizBattle.Arena.Visuals.ArenaColosseumBuilder:Build (UnityEngine.Transform,int,int,single) (at Assets/Scripts/Arena/Visuals/ArenaColosseumBuilder.cs:25)
QuizBattle.Arena.GridController:BuildGrid (int,int,int) (at Assets/Scripts/Arena/GridController.cs:49)
ArenaDemoRunner:RunVfxShowcase () (at Assets/Editor/ArenaDemoRunner.cs:68)
ArenaDemoRunner:Run () (at Assets/Editor/ArenaDemoRunner.cs:23)

[Assets/Scripts/Arena/GridController.cs line 49]

Sphere: Destroy may not be called from edit mode! Use DestroyImmediate instead.
Destroying an object in edit mode destroys it permanently
UnityEngine.Debug:ExtractStackTraceNoAlloc (byte*,int,string)
UnityEngine.StackTraceUtility:ExtractStackTrace ()
UnityEngine.Object:Destroy (UnityEngine.Object,single)
UnityEngine.Object:Destroy (UnityEngine.Object)
QuizBattle.Arena.Visuals.ArenaColosseumBuilder:CreateCloud (UnityEngine.Transform,UnityEngine.Vector3,single) (at Assets/Scripts/Arena/Visuals/ArenaColosseumBuilder.cs:122)
QuizBattle.Arena.Visuals.ArenaColosseumBuilder:CreateSkyAndClouds (UnityEngine.Transform,UnityEngine.Vector3,single) (at Assets/Scripts/Arena/Visuals/ArenaColosseumBuilder.cs:78)
QuizBattle.Arena.Visuals.ArenaColosseumBuilder:Build (UnityEngine.Transform,int,int,single) (at Assets/Scripts/Arena/Visuals/ArenaColosseumBuilder.cs:25)
QuizBattle.Arena.GridController:BuildGrid (int,int,int) (at Assets/Scripts/Arena/GridController.cs:49)
ArenaDemoRunner:RunVfxShowcase () (at Assets/Editor/ArenaDemoRunner.cs:68)
ArenaDemoRunner:Run () (at Assets/Editor/ArenaDemoRunner.cs:23)

[Assets/Scripts/Arena/GridController.cs line 49]

Sphere: Destroy may not be called from edit mode! Use DestroyImmediate instead.
Destroying an object in edit mode destroys it permanently
UnityEngine.Debug:ExtractStackTraceNoAlloc (byte*,int,string)
UnityEngine.StackTraceUtility:ExtractStackTrace ()
UnityEngine.Object:Destroy (UnityEngine.Object,single)
UnityEngine.Object:Destroy (UnityEngine.Object)
QuizBattle.Arena.Visuals.ArenaColosseumBuilder:CreateCloud (UnityEngine.Transform,UnityEngine.Vector3,single) (at Assets/Scripts/Arena/Visuals/ArenaColosseumBuilder.cs:122)
QuizBattle.Arena.Visuals.ArenaColosseumBuilder:CreateSkyAndClouds (UnityEngine.Transform,UnityEngine.Vector3,single) (at Assets/Scripts/Arena/Visuals/ArenaColosseumBuilder.cs:78)
QuizBattle.Arena.Visuals.ArenaColosseumBuilder:Build (UnityEngine.Transform,int,int,single) (at Assets/Scripts/Arena/Visuals/ArenaColosseumBuilder.cs:25)
QuizBattle.Arena.GridController:BuildGrid (int,int,int) (at Assets/Scripts/Arena/GridController.cs:49)
ArenaDemoRunner:RunVfxShowcase () (at Assets/Editor/ArenaDemoRunner.cs:68)
ArenaDemoRunner:Run () (at Assets/Editor/ArenaDemoRunner.cs:23)

[Assets/Scripts/Arena/GridController.cs line 49]

Sphere: Destroy may not be called from edit mode! Use DestroyImmediate instead.
Destroying an object in edit mode destroys it permanently
UnityEngine.Debug:ExtractStackTraceNoAlloc (byte*,int,string)
UnityEngine.StackTraceUtility:ExtractStackTrace ()
UnityEngine.Object:Destroy (UnityEngine.Object,single)
UnityEngine.Object:Destroy (UnityEngine.Object)
QuizBattle.Arena.Visuals.ArenaColosseumBuilder:CreateCloud (UnityEngine.Transform,UnityEngine.Vector3,single) (at Assets/Scripts/Arena/Visuals/ArenaColosseumBuilder.cs:122)
QuizBattle.Arena.Visuals.ArenaColosseumBuilder:CreateSkyAndClouds (UnityEngine.Transform,UnityEngine.Vector3,single) (at Assets/Scripts/Arena/Visuals/ArenaColosseumBuilder.cs:78)
QuizBattle.Arena.Visuals.ArenaColosseumBuilder:Build (UnityEngine.Transform,int,int,single) (at Assets/Scripts/Arena/Visuals/ArenaColosseumBuilder.cs:25)
QuizBattle.Arena.GridController:BuildGrid (int,int,int) (at Assets/Scripts/Arena/GridController.cs:49)
ArenaDemoRunner:RunVfxShowcase () (at Assets/Editor/ArenaDemoRunner.cs:68)
ArenaDemoRunner:Run () (at Assets/Editor/ArenaDemoRunner.cs:23)

[Assets/Scripts/Arena/GridController.cs line 49]

Sphere: Destroy may not be called from edit mode! Use DestroyImmediate instead.
Destroying an object in edit mode destroys it permanently
UnityEngine.Debug:ExtractStackTraceNoAlloc (byte*,int,string)
UnityEngine.StackTraceUtility:ExtractStackTrace ()
UnityEngine.Object:Destroy (UnityEngine.Object,single)
UnityEngine.Object:Destroy (UnityEngine.Object)
QuizBattle.Arena.Visuals.ArenaColosseumBuilder:CreateCloud (UnityEngine.Transform,UnityEngine.Vector3,single) (at Assets/Scripts/Arena/Visuals/ArenaColosseumBuilder.cs:122)
QuizBattle.Arena.Visuals.ArenaColosseumBuilder:CreateSkyAndClouds (UnityEngine.Transform,UnityEngine.Vector3,single) (at Assets/Scripts/Arena/Visuals/ArenaColosseumBuilder.cs:78)
QuizBattle.Arena.Visuals.ArenaColosseumBuilder:Build (UnityEngine.Transform,int,int,single) (at Assets/Scripts/Arena/Visuals/ArenaColosseumBuilder.cs:25)
QuizBattle.Arena.GridController:BuildGrid (int,int,int) (at Assets/Scripts/Arena/GridController.cs:49)
ArenaDemoRunner:RunVfxShowcase () (at Assets/Editor/ArenaDemoRunner.cs:68)
ArenaDemoRunner:Run () (at Assets/Editor/ArenaDemoRunner.cs:23)

[Assets/Scripts/Arena/GridController.cs line 49]

Sphere: Destroy may not be called from edit mode! Use DestroyImmediate instead.
Destroying an object in edit mode destroys it permanently
UnityEngine.Debug:ExtractStackTraceNoAlloc (byte*,int,string)
UnityEngine.StackTraceUtility:ExtractStackTrace ()
UnityEngine.Object:Destroy (UnityEngine.Object,single)
UnityEngine.Object:Destroy (UnityEngine.Object)
QuizBattle.Arena.Visuals.ArenaColosseumBuilder:CreateCloud (UnityEngine.Transform,UnityEngine.Vector3,single) (at Assets/Scripts/Arena/Visuals/ArenaColosseumBuilder.cs:122)
QuizBattle.Arena.Visuals.ArenaColosseumBuilder:CreateSkyAndClouds (UnityEngine.Transform,UnityEngine.Vector3,single) (at Assets/Scripts/Arena/Visuals/ArenaColosseumBuilder.cs:78)
QuizBattle.Arena.Visuals.ArenaColosseumBuilder:Build (UnityEngine.Transform,int,int,single) (at Assets/Scripts/Arena/Visuals/ArenaColosseumBuilder.cs:25)
QuizBattle.Arena.GridController:BuildGrid (int,int,int) (at Assets/Scripts/Arena/GridController.cs:49)
ArenaDemoRunner:RunVfxShowcase () (at Assets/Editor/ArenaDemoRunner.cs:68)
ArenaDemoRunner:Run () (at Assets/Editor/ArenaDemoRunner.cs:23)

[Assets/Scripts/Arena/GridController.cs line 49]

Sphere: Destroy may not be called from edit mode! Use DestroyImmediate instead.
Destroying an object in edit mode destroys it permanently
UnityEngine.Debug:ExtractStackTraceNoAlloc (byte*,int,string)
UnityEngine.StackTraceUtility:ExtractStackTrace ()
UnityEngine.Object:Destroy (UnityEngine.Object,single)
UnityEngine.Object:Destroy (UnityEngine.Object)
QuizBattle.Arena.Visuals.ArenaColosseumBuilder:CreateCloud (UnityEngine.Transform,UnityEngine.Vector3,single) (at Assets/Scripts/Arena/Visuals/ArenaColosseumBuilder.cs:122)
QuizBattle.Arena.Visuals.ArenaColosseumBuilder:CreateSkyAndClouds (UnityEngine.Transform,UnityEngine.Vector3,single) (at Assets/Scripts/Arena/Visuals/ArenaColosseumBuilder.cs:78)
QuizBattle.Arena.Visuals.ArenaColosseumBuilder:Build (UnityEngine.Transform,int,int,single) (at Assets/Scripts/Arena/Visuals/ArenaColosseumBuilder.cs:25)
QuizBattle.Arena.GridController:BuildGrid (int,int,int) (at Assets/Scripts/Arena/GridController.cs:49)
ArenaDemoRunner:RunVfxShowcase () (at Assets/Editor/ArenaDemoRunner.cs:68)
ArenaDemoRunner:Run () (at Assets/Editor/ArenaDemoRunner.cs:23)

[Assets/Scripts/Arena/GridController.cs line 49]

Sphere: Destroy may not be called from edit mode! Use DestroyImmediate instead.
Destroying an object in edit mode destroys it permanently
UnityEngine.Debug:ExtractStackTraceNoAlloc (byte*,int,string)
UnityEngine.StackTraceUtility:ExtractStackTrace ()
UnityEngine.Object:Destroy (UnityEngine.Object,single)
UnityEngine.Object:Destroy (UnityEngine.Object)
QuizBattle.Arena.Visuals.ArenaColosseumBuilder:CreateCloud (UnityEngine.Transform,UnityEngine.Vector3,single) (at Assets/Scripts/Arena/Visuals/ArenaColosseumBuilder.cs:122)
QuizBattle.Arena.Visuals.ArenaColosseumBuilder:CreateSkyAndClouds (UnityEngine.Transform,UnityEngine.Vector3,single) (at Assets/Scripts/Arena/Visuals/ArenaColosseumBuilder.cs:78)
QuizBattle.Arena.Visuals.ArenaColosseumBuilder:Build (UnityEngine.Transform,int,int,single) (at Assets/Scripts/Arena/Visuals/ArenaColosseumBuilder.cs:25)
QuizBattle.Arena.GridController:BuildGrid (int,int,int) (at Assets/Scripts/Arena/GridController.cs:49)
ArenaDemoRunner:RunVfxShowcase () (at Assets/Editor/ArenaDemoRunner.cs:68)
ArenaDemoRunner:Run () (at Assets/Editor/ArenaDemoRunner.cs:23)

[Assets/Scripts/Arena/GridController.cs line 49]

Sphere: Destroy may not be called from edit mode! Use DestroyImmediate instead.
Destroying an object in edit mode destroys it permanently
UnityEngine.Debug:ExtractStackTraceNoAlloc (byte*,int,string)
UnityEngine.StackTraceUtility:ExtractStackTrace ()
UnityEngine.Object:Destroy (UnityEngine.Object,single)
UnityEngine.Object:Destroy (UnityEngine.Object)
QuizBattle.Arena.Visuals.ArenaColosseumBuilder:CreateCloud (UnityEngine.Transform,UnityEngine.Vector3,single) (at Assets/Scripts/Arena/Visuals/ArenaColosseumBuilder.cs:122)
QuizBattle.Arena.Visuals.ArenaColosseumBuilder:CreateSkyAndClouds (UnityEngine.Transform,UnityEngine.Vector3,single) (at Assets/Scripts/Arena/Visuals/ArenaColosseumBuilder.cs:78)
QuizBattle.Arena.Visuals.ArenaColosseumBuilder:Build (UnityEngine.Transform,int,int,single) (at Assets/Scripts/Arena/Visuals/ArenaColosseumBuilder.cs:25)
QuizBattle.Arena.GridController:BuildGrid (int,int,int) (at Assets/Scripts/Arena/GridController.cs:49)
ArenaDemoRunner:RunVfxShowcase () (at Assets/Editor/ArenaDemoRunner.cs:68)
ArenaDemoRunner:Run () (at Assets/Editor/ArenaDemoRunner.cs:23)

[Assets/Scripts/Arena/GridController.cs line 49]

Sphere: Destroy may not be called from edit mode! Use DestroyImmediate instead.
Destroying an object in edit mode destroys it permanently
UnityEngine.Debug:ExtractStackTraceNoAlloc (byte*,int,string)
UnityEngine.StackTraceUtility:ExtractStackTrace ()
UnityEngine.Object:Destroy (UnityEngine.Object,single)
UnityEngine.Object:Destroy (UnityEngine.Object)
QuizBattle.Arena.Visuals.ArenaColosseumBuilder:CreateCloud (UnityEngine.Transform,UnityEngine.Vector3,single) (at Assets/Scripts/Arena/Visuals/ArenaColosseumBuilder.cs:122)
QuizBattle.Arena.Visuals.ArenaColosseumBuilder:CreateSkyAndClouds (UnityEngine.Transform,UnityEngine.Vector3,single) (at Assets/Scripts/Arena/Visuals/ArenaColosseumBuilder.cs:78)
QuizBattle.Arena.Visuals.ArenaColosseumBuilder:Build (UnityEngine.Transform,int,int,single) (at Assets/Scripts/Arena/Visuals/ArenaColosseumBuilder.cs:25)
QuizBattle.Arena.GridController:BuildGrid (int,int,int) (at Assets/Scripts/Arena/GridController.cs:49)
ArenaDemoRunner:RunVfxShowcase () (at Assets/Editor/ArenaDemoRunner.cs:68)
ArenaDemoRunner:Run () (at Assets/Editor/ArenaDemoRunner.cs:23)

[Assets/Scripts/Arena/GridController.cs line 49]

Sphere: Destroy may not be called from edit mode! Use DestroyImmediate instead.
Destroying an object in edit mode destroys it permanently
UnityEngine.Debug:ExtractStackTraceNoAlloc (byte*,int,string)
UnityEngine.StackTraceUtility:ExtractStackTrace ()
UnityEngine.Object:Destroy (UnityEngine.Object,single)
UnityEngine.Object:Destroy (UnityEngine.Object)
QuizBattle.Arena.Visuals.ArenaColosseumBuilder:CreateCloud (UnityEngine.Transform,UnityEngine.Vector3,single) (at Assets/Scripts/Arena/Visuals/ArenaColosseumBuilder.cs:122)
QuizBattle.Arena.Visuals.ArenaColosseumBuilder:CreateSkyAndClouds (UnityEngine.Transform,UnityEngine.Vector3,single) (at Assets/Scripts/Arena/Visuals/ArenaColosseumBuilder.cs:78)
QuizBattle.Arena.Visuals.ArenaColosseumBuilder:Build (UnityEngine.Transform,int,int,single) (at Assets/Scripts/Arena/Visuals/ArenaColosseumBuilder.cs:25)
QuizBattle.Arena.GridController:BuildGrid (int,int,int) (at Assets/Scripts/Arena/GridController.cs:49)
ArenaDemoRunner:RunVfxShowcase () (at Assets/Editor/ArenaDemoRunner.cs:68)
ArenaDemoRunner:Run () (at Assets/Editor/ArenaDemoRunner.cs:23)

[Assets/Scripts/Arena/GridController.cs line 49]

WallSection: Destroy may not be called from edit mode! Use DestroyImmediate instead.
Destroying an object in edit mode destroys it permanently
UnityEngine.Debug:ExtractStackTraceNoAlloc (byte*,int,string)
UnityEngine.StackTraceUtility:ExtractStackTrace ()
UnityEngine.Object:Destroy (UnityEngine.Object,single)
UnityEngine.Object:Destroy (UnityEngine.Object)
QuizBattle.Arena.Visuals.ArenaColosseumBuilder:CreateWallSection (UnityEngine.Transform,UnityEngine.Vector3,UnityEngine.Vector3,UnityEngine.Material,bool) (at Assets/Scripts/Arena/Visuals/ArenaColosseumBuilder.cs:213)
QuizBattle.Arena.Visuals.ArenaColosseumBuilder:CreateStadiumWallsAndTowers (UnityEngine.Transform,UnityEngine.Vector3,single,single) (at Assets/Scripts/Arena/Visuals/ArenaColosseumBuilder.cs:172)
QuizBattle.Arena.Visuals.ArenaColosseumBuilder:Build (UnityEngine.Transform,int,int,single) (at Assets/Scripts/Arena/Visuals/ArenaColosseumBuilder.cs:26)
QuizBattle.Arena.GridController:BuildGrid (int,int,int) (at Assets/Scripts/Arena/GridController.cs:49)
ArenaDemoRunner:RunVfxShowcase () (at Assets/Editor/ArenaDemoRunner.cs:68)
ArenaDemoRunner:Run () (at Assets/Editor/ArenaDemoRunner.cs:23)

[Assets/Scripts/Arena/GridController.cs line 49]

Crenellation: Destroy may not be called from edit mode! Use DestroyImmediate instead.
Destroying an object in edit mode destroys it permanently
UnityEngine.Debug:ExtractStackTraceNoAlloc (byte*,int,string)
UnityEngine.StackTraceUtility:ExtractStackTrace ()
UnityEngine.Object:Destroy (UnityEngine.Object,single)
UnityEngine.Object:Destroy (UnityEngine.Object)
QuizBattle.Arena.Visuals.ArenaColosseumBuilder:CreateWallSection (UnityEngine.Transform,UnityEngine.Vector3,UnityEngine.Vector3,UnityEngine.Material,bool) (at Assets/Scripts/Arena/Visuals/ArenaColosseumBuilder.cs:229)
QuizBattle.Arena.Visuals.ArenaColosseumBuilder:CreateStadiumWallsAndTowers (UnityEngine.Transform,UnityEngine.Vector3,single,single) (at Assets/Scripts/Arena/Visuals/ArenaColosseumBuilder.cs:172)
QuizBattle.Arena.Visuals.ArenaColosseumBuilder:Build (UnityEngine.Transform,int,int,single) (at Assets/Scripts/Arena/Visuals/ArenaColosseumBuilder.cs:26)
QuizBattle.Arena.GridController:BuildGrid (int,int,int) (at Assets/Scripts/Arena/GridController.cs:49)
ArenaDemoRunner:RunVfxShowcase () (at Assets/Editor/ArenaDemoRunner.cs:68)
ArenaDemoRunner:Run () (at Assets/Editor/ArenaDemoRunner.cs:23)

[Assets/Scripts/Arena/GridController.cs line 49]

Crenellation: Destroy may not be called from edit mode! Use DestroyImmediate instead.
Destroying an object in edit mode destroys it permanently
UnityEngine.Debug:ExtractStackTraceNoAlloc (byte*,int,string)
UnityEngine.StackTraceUtility:ExtractStackTrace ()
UnityEngine.Object:Destroy (UnityEngine.Object,single)
UnityEngine.Object:Destroy (UnityEngine.Object)
QuizBattle.Arena.Visuals.ArenaColosseumBuilder:CreateWallSection (UnityEngine.Transform,UnityEngine.Vector3,UnityEngine.Vector3,UnityEngine.Material,bool) (at Assets/Scripts/Arena/Visuals/ArenaColosseumBuilder.cs:229)
QuizBattle.Arena.Visuals.ArenaColosseumBuilder:CreateStadiumWallsAndTowers (UnityEngine.Transform,UnityEngine.Vector3,single,single) (at Assets/Scripts/Arena/Visuals/ArenaColosseumBuilder.cs:172)
QuizBattle.Arena.Visuals.ArenaColosseumBuilder:Build (UnityEngine.Transform,int,int,single) (at Assets/Scripts/Arena/Visuals/ArenaColosseumBuilder.cs:26)
QuizBattle.Arena.GridController:BuildGrid (int,int,int) (at Assets/Scripts/Arena/GridController.cs:49)
ArenaDemoRunner:RunVfxShowcase () (at Assets/Editor/ArenaDemoRunner.cs:68)
ArenaDemoRunner:Run () (at Assets/Editor/ArenaDemoRunner.cs:23)

[Assets/Scripts/Arena/GridController.cs line 49]

Crenellation: Destroy may not be called from edit mode! Use DestroyImmediate instead.
Destroying an object in edit mode destroys it permanently
UnityEngine.Debug:ExtractStackTraceNoAlloc (byte*,int,string)
UnityEngine.StackTraceUtility:ExtractStackTrace ()
UnityEngine.Object:Destroy (UnityEngine.Object,single)
UnityEngine.Object:Destroy (UnityEngine.Object)
QuizBattle.Arena.Visuals.ArenaColosseumBuilder:CreateWallSection (UnityEngine.Transform,UnityEngine.Vector3,UnityEngine.Vector3,UnityEngine.Material,bool) (at Assets/Scripts/Arena/Visuals/ArenaColosseumBuilder.cs:229)
QuizBattle.Arena.Visuals.ArenaColosseumBuilder:CreateStadiumWallsAndTowers (UnityEngine.Transform,UnityEngine.Vector3,single,single) (at Assets/Scripts/Arena/Visuals/ArenaColosseumBuilder.cs:172)
QuizBattle.Arena.Visuals.ArenaColosseumBuilder:Build (UnityEngine.Transform,int,int,single) (at Assets/Scripts/Arena/Visuals/ArenaColosseumBuilder.cs:26)
QuizBattle.Arena.GridController:BuildGrid (int,int,int) (at Assets/Scripts/Arena/GridController.cs:49)
ArenaDemoRunner:RunVfxShowcase () (at Assets/Editor/ArenaDemoRunner.cs:68)
ArenaDemoRunner:Run () (at Assets/Editor/ArenaDemoRunner.cs:23)

[Assets/Scripts/Arena/GridController.cs line 49]

Crenellation: Destroy may not be called from edit mode! Use DestroyImmediate instead.
Destroying an object in edit mode destroys it permanently
UnityEngine.Debug:ExtractStackTraceNoAlloc (byte*,int,string)
UnityEngine.StackTraceUtility:ExtractStackTrace ()
UnityEngine.Object:Destroy (UnityEngine.Object,single)
UnityEngine.Object:Destroy (UnityEngine.Object)
QuizBattle.Arena.Visuals.ArenaColosseumBuilder:CreateWallSection (UnityEngine.Transform,UnityEngine.Vector3,UnityEngine.Vector3,UnityEngine.Material,bool) (at Assets/Scripts/Arena/Visuals/ArenaColosseumBuilder.cs:229)
QuizBattle.Arena.Visuals.ArenaColosseumBuilder:CreateStadiumWallsAndTowers (UnityEngine.Transform,UnityEngine.Vector3,single,single) (at Assets/Scripts/Arena/Visuals/ArenaColosseumBuilder.cs:172)
QuizBattle.Arena.Visuals.ArenaColosseumBuilder:Build (UnityEngine.Transform,int,int,single) (at Assets/Scripts/Arena/Visuals/ArenaColosseumBuilder.cs:26)
QuizBattle.Arena.GridController:BuildGrid (int,int,int) (at Assets/Scripts/Arena/GridController.cs:49)
ArenaDemoRunner:RunVfxShowcase () (at Assets/Editor/ArenaDemoRunner.cs:68)
ArenaDemoRunner:Run () (at Assets/Editor/ArenaDemoRunner.cs:23)

[Assets/Scripts/Arena/GridController.cs line 49]

Crenellation: Destroy may not be called from edit mode! Use DestroyImmediate instead.
Destroying an object in edit mode destroys it permanently
UnityEngine.Debug:ExtractStackTraceNoAlloc (byte*,int,string)
UnityEngine.StackTraceUtility:ExtractStackTrace ()
UnityEngine.Object:Destroy (UnityEngine.Object,single)
UnityEngine.Object:Destroy (UnityEngine.Object)
QuizBattle.Arena.Visuals.ArenaColosseumBuilder:CreateWallSection (UnityEngine.Transform,UnityEngine.Vector3,UnityEngine.Vector3,UnityEngine.Material,bool) (at Assets/Scripts/Arena/Visuals/ArenaColosseumBuilder.cs:229)
QuizBattle.Arena.Visuals.ArenaColosseumBuilder:CreateStadiumWallsAndTowers (UnityEngine.Transform,UnityEngine.Vector3,single,single) (at Assets/Scripts/Arena/Visuals/ArenaColosseumBuilder.cs:172)
QuizBattle.Arena.Visuals.ArenaColosseumBuilder:Build (UnityEngine.Transform,int,int,single) (at Assets/Scripts/Arena/Visuals/ArenaColosseumBuilder.cs:26)
QuizBattle.Arena.GridController:BuildGrid (int,int,int) (at Assets/Scripts/Arena/GridController.cs:49)
ArenaDemoRunner:RunVfxShowcase () (at Assets/Editor/ArenaDemoRunner.cs:68)
ArenaDemoRunner:Run () (at Assets/Editor/ArenaDemoRunner.cs:23)

[Assets/Scripts/Arena/GridController.cs line 49]

WallSection: Destroy may not be called from edit mode! Use DestroyImmediate instead.
Destroying an object in edit mode destroys it permanently
UnityEngine.Debug:ExtractStackTraceNoAlloc (byte*,int,string)
UnityEngine.StackTraceUtility:ExtractStackTrace ()
UnityEngine.Object:Destroy (UnityEngine.Object,single)
UnityEngine.Object:Destroy (UnityEngine.Object)
QuizBattle.Arena.Visuals.ArenaColosseumBuilder:CreateWallSection (UnityEngine.Transform,UnityEngine.Vector3,UnityEngine.Vector3,UnityEngine.Material,bool) (at Assets/Scripts/Arena/Visuals/ArenaColosseumBuilder.cs:213)
QuizBattle.Arena.Visuals.ArenaColosseumBuilder:CreateStadiumWallsAndTowers (UnityEngine.Transform,UnityEngine.Vector3,single,single) (at Assets/Scripts/Arena/Visuals/ArenaColosseumBuilder.cs:176)
QuizBattle.Arena.Visuals.ArenaColosseumBuilder:Build (UnityEngine.Transform,int,int,single) (at Assets/Scripts/Arena/Visuals/ArenaColosseumBuilder.cs:26)
QuizBattle.Arena.GridController:BuildGrid (int,int,int) (at Assets/Scripts/Arena/GridController.cs:49)
ArenaDemoRunner:RunVfxShowcase () (at Assets/Editor/ArenaDemoRunner.cs:68)
ArenaDemoRunner:Run () (at Assets/Editor/ArenaDemoRunner.cs:23)

[Assets/Scripts/Arena/GridController.cs line 49]

Crenellation: Destroy may not be called from edit mode! Use DestroyImmediate instead.
Destroying an object in edit mode destroys it permanently
UnityEngine.Debug:ExtractStackTraceNoAlloc (byte*,int,string)
UnityEngine.StackTraceUtility:ExtractStackTrace ()
UnityEngine.Object:Destroy (UnityEngine.Object,single)
UnityEngine.Object:Destroy (UnityEngine.Object)
QuizBattle.Arena.Visuals.ArenaColosseumBuilder:CreateWallSection (UnityEngine.Transform,UnityEngine.Vector3,UnityEngine.Vector3,UnityEngine.Material,bool) (at Assets/Scripts/Arena/Visuals/ArenaColosseumBuilder.cs:229)
QuizBattle.Arena.Visuals.ArenaColosseumBuilder:CreateStadiumWallsAndTowers (UnityEngine.Transform,UnityEngine.Vector3,single,single) (at Assets/Scripts/Arena/Visuals/ArenaColosseumBuilder.cs:176)
QuizBattle.Arena.Visuals.ArenaColosseumBuilder:Build (UnityEngine.Transform,int,int,single) (at Assets/Scripts/Arena/Visuals/ArenaColosseumBuilder.cs:26)
QuizBattle.Arena.GridController:BuildGrid (int,int,int) (at Assets/Scripts/Arena/GridController.cs:49)
ArenaDemoRunner:RunVfxShowcase () (at Assets/Editor/ArenaDemoRunner.cs:68)
ArenaDemoRunner:Run () (at Assets/Editor/ArenaDemoRunner.cs:23)

[Assets/Scripts/Arena/GridController.cs line 49]

Crenellation: Destroy may not be called from edit mode! Use DestroyImmediate instead.
Destroying an object in edit mode destroys it permanently
UnityEngine.Debug:ExtractStackTraceNoAlloc (byte*,int,string)
UnityEngine.StackTraceUtility:ExtractStackTrace ()
UnityEngine.Object:Destroy (UnityEngine.Object,single)
UnityEngine.Object:Destroy (UnityEngine.Object)
QuizBattle.Arena.Visuals.ArenaColosseumBuilder:CreateWallSection (UnityEngine.Transform,UnityEngine.Vector3,UnityEngine.Vector3,UnityEngine.Material,bool) (at Assets/Scripts/Arena/Visuals/ArenaColosseumBuilder.cs:229)
QuizBattle.Arena.Visuals.ArenaColosseumBuilder:CreateStadiumWallsAndTowers (UnityEngine.Transform,UnityEngine.Vector3,single,single) (at Assets/Scripts/Arena/Visuals/ArenaColosseumBuilder.cs:176)
QuizBattle.Arena.Visuals.ArenaColosseumBuilder:Build (UnityEngine.Transform,int,int,single) (at Assets/Scripts/Arena/Visuals/ArenaColosseumBuilder.cs:26)
QuizBattle.Arena.GridController:BuildGrid (int,int,int) (at Assets/Scripts/Arena/GridController.cs:49)
ArenaDemoRunner:RunVfxShowcase () (at Assets/Editor/ArenaDemoRunner.cs:68)
ArenaDemoRunner:Run () (at Assets/Editor/ArenaDemoRunner.cs:23)

[Assets/Scripts/Arena/GridController.cs line 49]

Crenellation: Destroy may not be called from edit mode! Use DestroyImmediate instead.
Destroying an object in edit mode destroys it permanently
UnityEngine.Debug:ExtractStackTraceNoAlloc (byte*,int,string)
UnityEngine.StackTraceUtility:ExtractStackTrace ()
UnityEngine.Object:Destroy (UnityEngine.Object,single)
UnityEngine.Object:Destroy (UnityEngine.Object)
QuizBattle.Arena.Visuals.ArenaColosseumBuilder:CreateWallSection (UnityEngine.Transform,UnityEngine.Vector3,UnityEngine.Vector3,UnityEngine.Material,bool) (at Assets/Scripts/Arena/Visuals/ArenaColosseumBuilder.cs:229)
QuizBattle.Arena.Visuals.ArenaColosseumBuilder:CreateStadiumWallsAndTowers (UnityEngine.Transform,UnityEngine.Vector3,single,single) (at Assets/Scripts/Arena/Visuals/ArenaColosseumBuilder.cs:176)
QuizBattle.Arena.Visuals.ArenaColosseumBuilder:Build (UnityEngine.Transform,int,int,single) (at Assets/Scripts/Arena/Visuals/ArenaColosseumBuilder.cs:26)
QuizBattle.Arena.GridController:BuildGrid (int,int,int) (at Assets/Scripts/Arena/GridController.cs:49)
ArenaDemoRunner:RunVfxShowcase () (at Assets/Editor/ArenaDemoRunner.cs:68)
ArenaDemoRunner:Run () (at Assets/Editor/ArenaDemoRunner.cs:23)

[Assets/Scripts/Arena/GridController.cs line 49]

Crenellation: Destroy may not be called from edit mode! Use DestroyImmediate instead.
Destroying an object in edit mode destroys it permanently
UnityEngine.Debug:ExtractStackTraceNoAlloc (byte*,int,string)
UnityEngine.StackTraceUtility:ExtractStackTrace ()
UnityEngine.Object:Destroy (UnityEngine.Object,single)
UnityEngine.Object:Destroy (UnityEngine.Object)
QuizBattle.Arena.Visuals.ArenaColosseumBuilder:CreateWallSection (UnityEngine.Transform,UnityEngine.Vector3,UnityEngine.Vector3,UnityEngine.Material,bool) (at Assets/Scripts/Arena/Visuals/ArenaColosseumBuilder.cs:229)
QuizBattle.Arena.Visuals.ArenaColosseumBuilder:CreateStadiumWallsAndTowers (UnityEngine.Transform,UnityEngine.Vector3,single,single) (at Assets/Scripts/Arena/Visuals/ArenaColosseumBuilder.cs:176)
QuizBattle.Arena.Visuals.ArenaColosseumBuilder:Build (UnityEngine.Transform,int,int,single) (at Assets/Scripts/Arena/Visuals/ArenaColosseumBuilder.cs:26)
QuizBattle.Arena.GridController:BuildGrid (int,int,int) (at Assets/Scripts/Arena/GridController.cs:49)
ArenaDemoRunner:RunVfxShowcase () (at Assets/Editor/ArenaDemoRunner.cs:68)
ArenaDemoRunner:Run () (at Assets/Editor/ArenaDemoRunner.cs:23)

[Assets/Scripts/Arena/GridController.cs line 49]

Crenellation: Destroy may not be called from edit mode! Use DestroyImmediate instead.
Destroying an object in edit mode destroys it permanently
UnityEngine.Debug:ExtractStackTraceNoAlloc (byte*,int,string)
UnityEngine.StackTraceUtility:ExtractStackTrace ()
UnityEngine.Object:Destroy (UnityEngine.Object,single)
UnityEngine.Object:Destroy (UnityEngine.Object)
QuizBattle.Arena.Visuals.ArenaColosseumBuilder:CreateWallSection (UnityEngine.Transform,UnityEngine.Vector3,UnityEngine.Vector3,UnityEngine.Material,bool) (at Assets/Scripts/Arena/Visuals/ArenaColosseumBuilder.cs:229)
QuizBattle.Arena.Visuals.ArenaColosseumBuilder:CreateStadiumWallsAndTowers (UnityEngine.Transform,UnityEngine.Vector3,single,single) (at Assets/Scripts/Arena/Visuals/ArenaColosseumBuilder.cs:176)
QuizBattle.Arena.Visuals.ArenaColosseumBuilder:Build (UnityEngine.Transform,int,int,single) (at Assets/Scripts/Arena/Visuals/ArenaColosseumBuilder.cs:26)
QuizBattle.Arena.GridController:BuildGrid (int,int,int) (at Assets/Scripts/Arena/GridController.cs:49)
ArenaDemoRunner:RunVfxShowcase () (at Assets/Editor/ArenaDemoRunner.cs:68)
ArenaDemoRunner:Run () (at Assets/Editor/ArenaDemoRunner.cs:23)

[Assets/Scripts/Arena/GridController.cs line 49]

WallSection: Destroy may not be called from edit mode! Use DestroyImmediate instead.
Destroying an object in edit mode destroys it permanently
UnityEngine.Debug:ExtractStackTraceNoAlloc (byte*,int,string)
UnityEngine.StackTraceUtility:ExtractStackTrace ()
UnityEngine.Object:Destroy (UnityEngine.Object,single)
UnityEngine.Object:Destroy (UnityEngine.Object)
QuizBattle.Arena.Visuals.ArenaColosseumBuilder:CreateWallSection (UnityEngine.Transform,UnityEngine.Vector3,UnityEngine.Vector3,UnityEngine.Material,bool) (at Assets/Scripts/Arena/Visuals/ArenaColosseumBuilder.cs:213)
QuizBattle.Arena.Visuals.ArenaColosseumBuilder:CreateStadiumWallsAndTowers (UnityEngine.Transform,UnityEngine.Vector3,single,single) (at Assets/Scripts/Arena/Visuals/ArenaColosseumBuilder.cs:180)
QuizBattle.Arena.Visuals.ArenaColosseumBuilder:Build (UnityEngine.Transform,int,int,single) (at Assets/Scripts/Arena/Visuals/ArenaColosseumBuilder.cs:26)
QuizBattle.Arena.GridController:BuildGrid (int,int,int) (at Assets/Scripts/Arena/GridController.cs:49)
ArenaDemoRunner:RunVfxShowcase () (at Assets/Editor/ArenaDemoRunner.cs:68)
ArenaDemoRunner:Run () (at Assets/Editor/ArenaDemoRunner.cs:23)

[Assets/Scripts/Arena/GridController.cs line 49]

WallSection: Destroy may not be called from edit mode! Use DestroyImmediate instead.
Destroying an object in edit mode destroys it permanently
UnityEngine.Debug:ExtractStackTraceNoAlloc (byte*,int,string)
UnityEngine.StackTraceUtility:ExtractStackTrace ()
UnityEngine.Object:Destroy (UnityEngine.Object,single)
UnityEngine.Object:Destroy (UnityEngine.Object)
QuizBattle.Arena.Visuals.ArenaColosseumBuilder:CreateWallSection (UnityEngine.Transform,UnityEngine.Vector3,UnityEngine.Vector3,UnityEngine.Material,bool) (at Assets/Scripts/Arena/Visuals/ArenaColosseumBuilder.cs:213)
QuizBattle.Arena.Visuals.ArenaColosseumBuilder:CreateStadiumWallsAndTowers (UnityEngine.Transform,UnityEngine.Vector3,single,single) (at Assets/Scripts/Arena/Visuals/ArenaColosseumBuilder.cs:183)
QuizBattle.Arena.Visuals.ArenaColosseumBuilder:Build (UnityEngine.Transform,int,int,single) (at Assets/Scripts/Arena/Visuals/ArenaColosseumBuilder.cs:26)
QuizBattle.Arena.GridController:BuildGrid (int,int,int) (at Assets/Scripts/Arena/GridController.cs:49)
ArenaDemoRunner:RunVfxShowcase () (at Assets/Editor/ArenaDemoRunner.cs:68)
ArenaDemoRunner:Run () (at Assets/Editor/ArenaDemoRunner.cs:23)

[Assets/Scripts/Arena/GridController.cs line 49]

Bench_Tier_0: Destroy may not be called from edit mode! Use DestroyImmediate instead.
Destroying an object in edit mode destroys it permanently
UnityEngine.Debug:ExtractStackTraceNoAlloc (byte*,int,string)
UnityEngine.StackTraceUtility:ExtractStackTrace ()
UnityEngine.Object:Destroy (UnityEngine.Object,single)
UnityEngine.Object:Destroy (UnityEngine.Object)
QuizBattle.Arena.Visuals.ArenaColosseumBuilder:CreateSpectatorBenches (UnityEngine.Transform,UnityEngine.Vector3,single,UnityEngine.Material,bool) (at Assets/Scripts/Arena/Visuals/ArenaColosseumBuilder.cs:249)
QuizBattle.Arena.Visuals.ArenaColosseumBuilder:CreateStadiumWallsAndTowers (UnityEngine.Transform,UnityEngine.Vector3,single,single) (at Assets/Scripts/Arena/Visuals/ArenaColosseumBuilder.cs:187)
QuizBattle.Arena.Visuals.ArenaColosseumBuilder:Build (UnityEngine.Transform,int,int,single) (at Assets/Scripts/Arena/Visuals/ArenaColosseumBuilder.cs:26)
QuizBattle.Arena.GridController:BuildGrid (int,int,int) (at Assets/Scripts/Arena/GridController.cs:49)
ArenaDemoRunner:RunVfxShowcase () (at Assets/Editor/ArenaDemoRunner.cs:68)
ArenaDemoRunner:Run () (at Assets/Editor/ArenaDemoRunner.cs:23)

[Assets/Scripts/Arena/GridController.cs line 49]

Bench_Tier_1: Destroy may not be called from edit mode! Use DestroyImmediate instead.
Destroying an object in edit mode destroys it permanently
UnityEngine.Debug:ExtractStackTraceNoAlloc (byte*,int,string)
UnityEngine.StackTraceUtility:ExtractStackTrace ()
UnityEngine.Object:Destroy (UnityEngine.Object,single)
UnityEngine.Object:Destroy (UnityEngine.Object)
QuizBattle.Arena.Visuals.ArenaColosseumBuilder:CreateSpectatorBenches (UnityEngine.Transform,UnityEngine.Vector3,single,UnityEngine.Material,bool) (at Assets/Scripts/Arena/Visuals/ArenaColosseumBuilder.cs:249)
QuizBattle.Arena.Visuals.ArenaColosseumBuilder:CreateStadiumWallsAndTowers (UnityEngine.Transform,UnityEngine.Vector3,single,single) (at Assets/Scripts/Arena/Visuals/ArenaColosseumBuilder.cs:187)
QuizBattle.Arena.Visuals.ArenaColosseumBuilder:Build (UnityEngine.Transform,int,int,single) (at Assets/Scripts/Arena/Visuals/ArenaColosseumBuilder.cs:26)
QuizBattle.Arena.GridController:BuildGrid (int,int,int) (at Assets/Scripts/Arena/GridController.cs:49)
ArenaDemoRunner:RunVfxShowcase () (at Assets/Editor/ArenaDemoRunner.cs:68)
ArenaDemoRunner:Run () (at Assets/Editor/ArenaDemoRunner.cs:23)

[Assets/Scripts/Arena/GridController.cs line 49]

Bench_Tier_2: Destroy may not be called from edit mode! Use DestroyImmediate instead.
Destroying an object in edit mode destroys it permanently
UnityEngine.Debug:ExtractStackTraceNoAlloc (byte*,int,string)
UnityEngine.StackTraceUtility:ExtractStackTrace ()
UnityEngine.Object:Destroy (UnityEngine.Object,single)
UnityEngine.Object:Destroy (UnityEngine.Object)
QuizBattle.Arena.Visuals.ArenaColosseumBuilder:CreateSpectatorBenches (UnityEngine.Transform,UnityEngine.Vector3,single,UnityEngine.Material,bool) (at Assets/Scripts/Arena/Visuals/ArenaColosseumBuilder.cs:249)
QuizBattle.Arena.Visuals.ArenaColosseumBuilder:CreateStadiumWallsAndTowers (UnityEngine.Transform,UnityEngine.Vector3,single,single) (at Assets/Scripts/Arena/Visuals/ArenaColosseumBuilder.cs:187)
QuizBattle.Arena.Visuals.ArenaColosseumBuilder:Build (UnityEngine.Transform,int,int,single) (at Assets/Scripts/Arena/Visuals/ArenaColosseumBuilder.cs:26)
QuizBattle.Arena.GridController:BuildGrid (int,int,int) (at Assets/Scripts/Arena/GridController.cs:49)
ArenaDemoRunner:RunVfxShowcase () (at Assets/Editor/ArenaDemoRunner.cs:68)
ArenaDemoRunner:Run () (at Assets/Editor/ArenaDemoRunner.cs:23)

[Assets/Scripts/Arena/GridController.cs line 49]

Bench_Tier_0: Destroy may not be called from edit mode! Use DestroyImmediate instead.
Destroying an object in edit mode destroys it permanently
UnityEngine.Debug:ExtractStackTraceNoAlloc (byte*,int,string)
UnityEngine.StackTraceUtility:ExtractStackTrace ()
UnityEngine.Object:Destroy (UnityEngine.Object,single)
UnityEngine.Object:Destroy (UnityEngine.Object)
QuizBattle.Arena.Visuals.ArenaColosseumBuilder:CreateSpectatorBenches (UnityEngine.Transform,UnityEngine.Vector3,single,UnityEngine.Material,bool) (at Assets/Scripts/Arena/Visuals/ArenaColosseumBuilder.cs:249)
QuizBattle.Arena.Visuals.ArenaColosseumBuilder:CreateStadiumWallsAndTowers (UnityEngine.Transform,UnityEngine.Vector3,single,single) (at Assets/Scripts/Arena/Visuals/ArenaColosseumBuilder.cs:188)
QuizBattle.Arena.Visuals.ArenaColosseumBuilder:Build (UnityEngine.Transform,int,int,single) (at Assets/Scripts/Arena/Visuals/ArenaColosseumBuilder.cs:26)
QuizBattle.Arena.GridController:BuildGrid (int,int,int) (at Assets/Scripts/Arena/GridController.cs:49)
ArenaDemoRunner:RunVfxShowcase () (at Assets/Editor/ArenaDemoRunner.cs:68)
ArenaDemoRunner:Run () (at Assets/Editor/ArenaDemoRunner.cs:23)

[Assets/Scripts/Arena/GridController.cs line 49]

Bench_Tier_1: Destroy may not be called from edit mode! Use DestroyImmediate instead.
Destroying an object in edit mode destroys it permanently
UnityEngine.Debug:ExtractStackTraceNoAlloc (byte*,int,string)
UnityEngine.StackTraceUtility:ExtractStackTrace ()
UnityEngine.Object:Destroy (UnityEngine.Object,single)
UnityEngine.Object:Destroy (UnityEngine.Object)
QuizBattle.Arena.Visuals.ArenaColosseumBuilder:CreateSpectatorBenches (UnityEngine.Transform,UnityEngine.Vector3,single,UnityEngine.Material,bool) (at Assets/Scripts/Arena/Visuals/ArenaColosseumBuilder.cs:249)
QuizBattle.Arena.Visuals.ArenaColosseumBuilder:CreateStadiumWallsAndTowers (UnityEngine.Transform,UnityEngine.Vector3,single,single) (at Assets/Scripts/Arena/Visuals/ArenaColosseumBuilder.cs:188)
QuizBattle.Arena.Visuals.ArenaColosseumBuilder:Build (UnityEngine.Transform,int,int,single) (at Assets/Scripts/Arena/Visuals/ArenaColosseumBuilder.cs:26)
QuizBattle.Arena.GridController:BuildGrid (int,int,int) (at Assets/Scripts/Arena/GridController.cs:49)
ArenaDemoRunner:RunVfxShowcase () (at Assets/Editor/ArenaDemoRunner.cs:68)
ArenaDemoRunner:Run () (at Assets/Editor/ArenaDemoRunner.cs:23)

[Assets/Scripts/Arena/GridController.cs line 49]

Bench_Tier_2: Destroy may not be called from edit mode! Use DestroyImmediate instead.
Destroying an object in edit mode destroys it permanently
UnityEngine.Debug:ExtractStackTraceNoAlloc (byte*,int,string)
UnityEngine.StackTraceUtility:ExtractStackTrace ()
UnityEngine.Object:Destroy (UnityEngine.Object,single)
UnityEngine.Object:Destroy (UnityEngine.Object)
QuizBattle.Arena.Visuals.ArenaColosseumBuilder:CreateSpectatorBenches (UnityEngine.Transform,UnityEngine.Vector3,single,UnityEngine.Material,bool) (at Assets/Scripts/Arena/Visuals/ArenaColosseumBuilder.cs:249)
QuizBattle.Arena.Visuals.ArenaColosseumBuilder:CreateStadiumWallsAndTowers (UnityEngine.Transform,UnityEngine.Vector3,single,single) (at Assets/Scripts/Arena/Visuals/ArenaColosseumBuilder.cs:188)
QuizBattle.Arena.Visuals.ArenaColosseumBuilder:Build (UnityEngine.Transform,int,int,single) (at Assets/Scripts/Arena/Visuals/ArenaColosseumBuilder.cs:26)
QuizBattle.Arena.GridController:BuildGrid (int,int,int) (at Assets/Scripts/Arena/GridController.cs:49)
ArenaDemoRunner:RunVfxShowcase () (at Assets/Editor/ArenaDemoRunner.cs:68)
ArenaDemoRunner:Run () (at Assets/Editor/ArenaDemoRunner.cs:23)

[Assets/Scripts/Arena/GridController.cs line 49]

TowerShaft: Destroy may not be called from edit mode! Use DestroyImmediate instead.
Destroying an object in edit mode destroys it permanently
UnityEngine.Debug:ExtractStackTraceNoAlloc (byte*,int,string)
UnityEngine.StackTraceUtility:ExtractStackTrace ()
UnityEngine.Object:Destroy (UnityEngine.Object,single)
UnityEngine.Object:Destroy (UnityEngine.Object)
QuizBattle.Arena.Visuals.ArenaColosseumBuilder:CreateTower (UnityEngine.Transform,UnityEngine.Vector3,UnityEngine.Material,UnityEngine.Color) (at Assets/Scripts/Arena/Visuals/ArenaColosseumBuilder.cs:266)
QuizBattle.Arena.Visuals.ArenaColosseumBuilder:CreateStadiumWallsAndTowers (UnityEngine.Transform,UnityEngine.Vector3,single,single) (at Assets/Scripts/Arena/Visuals/ArenaColosseumBuilder.cs:202)
QuizBattle.Arena.Visuals.ArenaColosseumBuilder:Build (UnityEngine.Transform,int,int,single) (at Assets/Scripts/Arena/Visuals/ArenaColosseumBuilder.cs:26)
QuizBattle.Arena.GridController:BuildGrid (int,int,int) (at Assets/Scripts/Arena/GridController.cs:49)
ArenaDemoRunner:RunVfxShowcase () (at Assets/Editor/ArenaDemoRunner.cs:68)
ArenaDemoRunner:Run () (at Assets/Editor/ArenaDemoRunner.cs:23)

[Assets/Scripts/Arena/GridController.cs line 49]

TowerRim: Destroy may not be called from edit mode! Use DestroyImmediate instead.
Destroying an object in edit mode destroys it permanently
UnityEngine.Debug:ExtractStackTraceNoAlloc (byte*,int,string)
UnityEngine.StackTraceUtility:ExtractStackTrace ()
UnityEngine.Object:Destroy (UnityEngine.Object,single)
UnityEngine.Object:Destroy (UnityEngine.Object)
QuizBattle.Arena.Visuals.ArenaColosseumBuilder:CreateTower (UnityEngine.Transform,UnityEngine.Vector3,UnityEngine.Material,UnityEngine.Color) (at Assets/Scripts/Arena/Visuals/ArenaColosseumBuilder.cs:275)
QuizBattle.Arena.Visuals.ArenaColosseumBuilder:CreateStadiumWallsAndTowers (UnityEngine.Transform,UnityEngine.Vector3,single,single) (at Assets/Scripts/Arena/Visuals/ArenaColosseumBuilder.cs:202)
QuizBattle.Arena.Visuals.ArenaColosseumBuilder:Build (UnityEngine.Transform,int,int,single) (at Assets/Scripts/Arena/Visuals/ArenaColosseumBuilder.cs:26)
QuizBattle.Arena.GridController:BuildGrid (int,int,int) (at Assets/Scripts/Arena/GridController.cs:49)
ArenaDemoRunner:RunVfxShowcase () (at Assets/Editor/ArenaDemoRunner.cs:68)
ArenaDemoRunner:Run () (at Assets/Editor/ArenaDemoRunner.cs:23)

[Assets/Scripts/Arena/GridController.cs line 49]

GoldSpire: Destroy may not be called from edit mode! Use DestroyImmediate instead.
Destroying an object in edit mode destroys it permanently
UnityEngine.Debug:ExtractStackTraceNoAlloc (byte*,int,string)
UnityEngine.StackTraceUtility:ExtractStackTrace ()
UnityEngine.Object:Destroy (UnityEngine.Object,single)
UnityEngine.Object:Destroy (UnityEngine.Object)
QuizBattle.Arena.Visuals.ArenaColosseumBuilder:CreateTower (UnityEngine.Transform,UnityEngine.Vector3,UnityEngine.Material,UnityEngine.Color) (at Assets/Scripts/Arena/Visuals/ArenaColosseumBuilder.cs:305)
QuizBattle.Arena.Visuals.ArenaColosseumBuilder:CreateStadiumWallsAndTowers (UnityEngine.Transform,UnityEngine.Vector3,single,single) (at Assets/Scripts/Arena/Visuals/ArenaColosseumBuilder.cs:202)
QuizBattle.Arena.Visuals.ArenaColosseumBuilder:Build (UnityEngine.Transform,int,int,single) (at Assets/Scripts/Arena/Visuals/ArenaColosseumBuilder.cs:26)
QuizBattle.Arena.GridController:BuildGrid (int,int,int) (at Assets/Scripts/Arena/GridController.cs:49)
ArenaDemoRunner:RunVfxShowcase () (at Assets/Editor/ArenaDemoRunner.cs:68)
ArenaDemoRunner:Run () (at Assets/Editor/ArenaDemoRunner.cs:23)

[Assets/Scripts/Arena/GridController.cs line 49]

TowerShaft: Destroy may not be called from edit mode! Use DestroyImmediate instead.
Destroying an object in edit mode destroys it permanently
UnityEngine.Debug:ExtractStackTraceNoAlloc (byte*,int,string)
UnityEngine.StackTraceUtility:ExtractStackTrace ()
UnityEngine.Object:Destroy (UnityEngine.Object,single)
UnityEngine.Object:Destroy (UnityEngine.Object)
QuizBattle.Arena.Visuals.ArenaColosseumBuilder:CreateTower (UnityEngine.Transform,UnityEngine.Vector3,UnityEngine.Material,UnityEngine.Color) (at Assets/Scripts/Arena/Visuals/ArenaColosseumBuilder.cs:266)
QuizBattle.Arena.Visuals.ArenaColosseumBuilder:CreateStadiumWallsAndTowers (UnityEngine.Transform,UnityEngine.Vector3,single,single) (at Assets/Scripts/Arena/Visuals/ArenaColosseumBuilder.cs:202)
QuizBattle.Arena.Visuals.ArenaColosseumBuilder:Build (UnityEngine.Transform,int,int,single) (at Assets/Scripts/Arena/Visuals/ArenaColosseumBuilder.cs:26)
QuizBattle.Arena.GridController:BuildGrid (int,int,int) (at Assets/Scripts/Arena/GridController.cs:49)
ArenaDemoRunner:RunVfxShowcase () (at Assets/Editor/ArenaDemoRunner.cs:68)
ArenaDemoRunner:Run () (at Assets/Editor/ArenaDemoRunner.cs:23)

[Assets/Scripts/Arena/GridController.cs line 49]

TowerRim: Destroy may not be called from edit mode! Use DestroyImmediate instead.
Destroying an object in edit mode destroys it permanently
UnityEngine.Debug:ExtractStackTraceNoAlloc (byte*,int,string)
UnityEngine.StackTraceUtility:ExtractStackTrace ()
UnityEngine.Object:Destroy (UnityEngine.Object,single)
UnityEngine.Object:Destroy (UnityEngine.Object)
QuizBattle.Arena.Visuals.ArenaColosseumBuilder:CreateTower (UnityEngine.Transform,UnityEngine.Vector3,UnityEngine.Material,UnityEngine.Color) (at Assets/Scripts/Arena/Visuals/ArenaColosseumBuilder.cs:275)
QuizBattle.Arena.Visuals.ArenaColosseumBuilder:CreateStadiumWallsAndTowers (UnityEngine.Transform,UnityEngine.Vector3,single,single) (at Assets/Scripts/Arena/Visuals/ArenaColosseumBuilder.cs:202)
QuizBattle.Arena.Visuals.ArenaColosseumBuilder:Build (UnityEngine.Transform,int,int,single) (at Assets/Scripts/Arena/Visuals/ArenaColosseumBuilder.cs:26)
QuizBattle.Arena.GridController:BuildGrid (int,int,int) (at Assets/Scripts/Arena/GridController.cs:49)
ArenaDemoRunner:RunVfxShowcase () (at Assets/Editor/ArenaDemoRunner.cs:68)
ArenaDemoRunner:Run () (at Assets/Editor/ArenaDemoRunner.cs:23)

[Assets/Scripts/Arena/GridController.cs line 49]

GoldSpire: Destroy may not be called from edit mode! Use DestroyImmediate instead.
Destroying an object in edit mode destroys it permanently
UnityEngine.Debug:ExtractStackTraceNoAlloc (byte*,int,string)
UnityEngine.StackTraceUtility:ExtractStackTrace ()
UnityEngine.Object:Destroy (UnityEngine.Object,single)
UnityEngine.Object:Destroy (UnityEngine.Object)
QuizBattle.Arena.Visuals.ArenaColosseumBuilder:CreateTower (UnityEngine.Transform,UnityEngine.Vector3,UnityEngine.Material,UnityEngine.Color) (at Assets/Scripts/Arena/Visuals/ArenaColosseumBuilder.cs:305)
QuizBattle.Arena.Visuals.ArenaColosseumBuilder:CreateStadiumWallsAndTowers (UnityEngine.Transform,UnityEngine.Vector3,single,single) (at Assets/Scripts/Arena/Visuals/ArenaColosseumBuilder.cs:202)
QuizBattle.Arena.Visuals.ArenaColosseumBuilder:Build (UnityEngine.Transform,int,int,single) (at Assets/Scripts/Arena/Visuals/ArenaColosseumBuilder.cs:26)
QuizBattle.Arena.GridController:BuildGrid (int,int,int) (at Assets/Scripts/Arena/GridController.cs:49)
ArenaDemoRunner:RunVfxShowcase () (at Assets/Editor/ArenaDemoRunner.cs:68)
ArenaDemoRunner:Run () (at Assets/Editor/ArenaDemoRunner.cs:23)

[Assets/Scripts/Arena/GridController.cs line 49]

TowerShaft: Destroy may not be called from edit mode! Use DestroyImmediate instead.
Destroying an object in edit mode destroys it permanently
UnityEngine.Debug:ExtractStackTraceNoAlloc (byte*,int,string)
UnityEngine.StackTraceUtility:ExtractStackTrace ()
UnityEngine.Object:Destroy (UnityEngine.Object,single)
UnityEngine.Object:Destroy (UnityEngine.Object)
QuizBattle.Arena.Visuals.ArenaColosseumBuilder:CreateTower (UnityEngine.Transform,UnityEngine.Vector3,UnityEngine.Material,UnityEngine.Color) (at Assets/Scripts/Arena/Visuals/ArenaColosseumBuilder.cs:266)
QuizBattle.Arena.Visuals.ArenaColosseumBuilder:CreateStadiumWallsAndTowers (UnityEngine.Transform,UnityEngine.Vector3,single,single) (at Assets/Scripts/Arena/Visuals/ArenaColosseumBuilder.cs:202)
QuizBattle.Arena.Visuals.ArenaColosseumBuilder:Build (UnityEngine.Transform,int,int,single) (at Assets/Scripts/Arena/Visuals/ArenaColosseumBuilder.cs:26)
QuizBattle.Arena.GridController:BuildGrid (int,int,int) (at Assets/Scripts/Arena/GridController.cs:49)
ArenaDemoRunner:RunVfxShowcase () (at Assets/Editor/ArenaDemoRunner.cs:68)
ArenaDemoRunner:Run () (at Assets/Editor/ArenaDemoRunner.cs:23)

[Assets/Scripts/Arena/GridController.cs line 49]

TowerRim: Destroy may not be called from edit mode! Use DestroyImmediate instead.
Destroying an object in edit mode destroys it permanently
UnityEngine.Debug:ExtractStackTraceNoAlloc (byte*,int,string)
UnityEngine.StackTraceUtility:ExtractStackTrace ()
UnityEngine.Object:Destroy (UnityEngine.Object,single)
UnityEngine.Object:Destroy (UnityEngine.Object)
QuizBattle.Arena.Visuals.ArenaColosseumBuilder:CreateTower (UnityEngine.Transform,UnityEngine.Vector3,UnityEngine.Material,UnityEngine.Color) (at Assets/Scripts/Arena/Visuals/ArenaColosseumBuilder.cs:275)
QuizBattle.Arena.Visuals.ArenaColosseumBuilder:CreateStadiumWallsAndTowers (UnityEngine.Transform,UnityEngine.Vector3,single,single) (at Assets/Scripts/Arena/Visuals/ArenaColosseumBuilder.cs:202)
QuizBattle.Arena.Visuals.ArenaColosseumBuilder:Build (UnityEngine.Transform,int,int,single) (at Assets/Scripts/Arena/Visuals/ArenaColosseumBuilder.cs:26)
QuizBattle.Arena.GridController:BuildGrid (int,int,int) (at Assets/Scripts/Arena/GridController.cs:49)
ArenaDemoRunner:RunVfxShowcase () (at Assets/Editor/ArenaDemoRunner.cs:68)
ArenaDemoRunner:Run () (at Assets/Editor/ArenaDemoRunner.cs:23)

[Assets/Scripts/Arena/GridController.cs line 49]

GoldSpire: Destroy may not be called from edit mode! Use DestroyImmediate instead.
Destroying an object in edit mode destroys it permanently
UnityEngine.Debug:ExtractStackTraceNoAlloc (byte*,int,string)
UnityEngine.StackTraceUtility:ExtractStackTrace ()
UnityEngine.Object:Destroy (UnityEngine.Object,single)
UnityEngine.Object:Destroy (UnityEngine.Object)
QuizBattle.Arena.Visuals.ArenaColosseumBuilder:CreateTower (UnityEngine.Transform,UnityEngine.Vector3,UnityEngine.Material,UnityEngine.Color) (at Assets/Scripts/Arena/Visuals/ArenaColosseumBuilder.cs:305)
QuizBattle.Arena.Visuals.ArenaColosseumBuilder:CreateStadiumWallsAndTowers (UnityEngine.Transform,UnityEngine.Vector3,single,single) (at Assets/Scripts/Arena/Visuals/ArenaColosseumBuilder.cs:202)
QuizBattle.Arena.Visuals.ArenaColosseumBuilder:Build (UnityEngine.Transform,int,int,single) (at Assets/Scripts/Arena/Visuals/ArenaColosseumBuilder.cs:26)
QuizBattle.Arena.GridController:BuildGrid (int,int,int) (at Assets/Scripts/Arena/GridController.cs:49)
ArenaDemoRunner:RunVfxShowcase () (at Assets/Editor/ArenaDemoRunner.cs:68)
ArenaDemoRunner:Run () (at Assets/Editor/ArenaDemoRunner.cs:23)

[Assets/Scripts/Arena/GridController.cs line 49]

TowerShaft: Destroy may not be called from edit mode! Use DestroyImmediate instead.
Destroying an object in edit mode destroys it permanently
UnityEngine.Debug:ExtractStackTraceNoAlloc (byte*,int,string)
UnityEngine.StackTraceUtility:ExtractStackTrace ()
UnityEngine.Object:Destroy (UnityEngine.Object,single)
UnityEngine.Object:Destroy (UnityEngine.Object)
QuizBattle.Arena.Visuals.ArenaColosseumBuilder:CreateTower (UnityEngine.Transform,UnityEngine.Vector3,UnityEngine.Material,UnityEngine.Color) (at Assets/Scripts/Arena/Visuals/ArenaColosseumBuilder.cs:266)
QuizBattle.Arena.Visuals.ArenaColosseumBuilder:CreateStadiumWallsAndTowers (UnityEngine.Transform,UnityEngine.Vector3,single,single) (at Assets/Scripts/Arena/Visuals/ArenaColosseumBuilder.cs:202)
QuizBattle.Arena.Visuals.ArenaColosseumBuilder:Build (UnityEngine.Transform,int,int,single) (at Assets/Scripts/Arena/Visuals/ArenaColosseumBuilder.cs:26)
QuizBattle.Arena.GridController:BuildGrid (int,int,int) (at Assets/Scripts/Arena/GridController.cs:49)
ArenaDemoRunner:RunVfxShowcase () (at Assets/Editor/ArenaDemoRunner.cs:68)
ArenaDemoRunner:Run () (at Assets/Editor/ArenaDemoRunner.cs:23)

[Assets/Scripts/Arena/GridController.cs line 49]

TowerRim: Destroy may not be called from edit mode! Use DestroyImmediate instead.
Destroying an object in edit mode destroys it permanently
UnityEngine.Debug:ExtractStackTraceNoAlloc (byte*,int,string)
UnityEngine.StackTraceUtility:ExtractStackTrace ()
UnityEngine.Object:Destroy (UnityEngine.Object,single)
UnityEngine.Object:Destroy (UnityEngine.Object)
QuizBattle.Arena.Visuals.ArenaColosseumBuilder:CreateTower (UnityEngine.Transform,UnityEngine.Vector3,UnityEngine.Material,UnityEngine.Color) (at Assets/Scripts/Arena/Visuals/ArenaColosseumBuilder.cs:275)
QuizBattle.Arena.Visuals.ArenaColosseumBuilder:CreateStadiumWallsAndTowers (UnityEngine.Transform,UnityEngine.Vector3,single,single) (at Assets/Scripts/Arena/Visuals/ArenaColosseumBuilder.cs:202)
QuizBattle.Arena.Visuals.ArenaColosseumBuilder:Build (UnityEngine.Transform,int,int,single) (at Assets/Scripts/Arena/Visuals/ArenaColosseumBuilder.cs:26)
QuizBattle.Arena.GridController:BuildGrid (int,int,int) (at Assets/Scripts/Arena/GridController.cs:49)
ArenaDemoRunner:RunVfxShowcase () (at Assets/Editor/ArenaDemoRunner.cs:68)
ArenaDemoRunner:Run () (at Assets/Editor/ArenaDemoRunner.cs:23)

[Assets/Scripts/Arena/GridController.cs line 49]

GoldSpire: Destroy may not be called from edit mode! Use DestroyImmediate instead.
Destroying an object in edit mode destroys it permanently
UnityEngine.Debug:ExtractStackTraceNoAlloc (byte*,int,string)
UnityEngine.StackTraceUtility:ExtractStackTrace ()
UnityEngine.Object:Destroy (UnityEngine.Object,single)
UnityEngine.Object:Destroy (UnityEngine.Object)
QuizBattle.Arena.Visuals.ArenaColosseumBuilder:CreateTower (UnityEngine.Transform,UnityEngine.Vector3,UnityEngine.Material,UnityEngine.Color) (at Assets/Scripts/Arena/Visuals/ArenaColosseumBuilder.cs:305)
QuizBattle.Arena.Visuals.ArenaColosseumBuilder:CreateStadiumWallsAndTowers (UnityEngine.Transform,UnityEngine.Vector3,single,single) (at Assets/Scripts/Arena/Visuals/ArenaColosseumBuilder.cs:202)
QuizBattle.Arena.Visuals.ArenaColosseumBuilder:Build (UnityEngine.Transform,int,int,single) (at Assets/Scripts/Arena/Visuals/ArenaColosseumBuilder.cs:26)
QuizBattle.Arena.GridController:BuildGrid (int,int,int) (at Assets/Scripts/Arena/GridController.cs:49)
ArenaDemoRunner:RunVfxShowcase () (at Assets/Editor/ArenaDemoRunner.cs:68)
ArenaDemoRunner:Run () (at Assets/Editor/ArenaDemoRunner.cs:23)

[Assets/Scripts/Arena/GridController.cs line 49]

Cloth: Destroy may not be called from edit mode! Use DestroyImmediate instead.
Destroying an object in edit mode destroys it permanently
UnityEngine.Debug:ExtractStackTraceNoAlloc (byte*,int,string)
UnityEngine.StackTraceUtility:ExtractStackTrace ()
UnityEngine.Object:Destroy (UnityEngine.Object,single)
UnityEngine.Object:Destroy (UnityEngine.Object)
QuizBattle.Arena.Visuals.ArenaColosseumBuilder:CreateBanner (UnityEngine.Transform,UnityEngine.Vector3,UnityEngine.Color,bool) (at Assets/Scripts/Arena/Visuals/ArenaColosseumBuilder.cs:355)
QuizBattle.Arena.Visuals.ArenaColosseumBuilder:CreateRoyalBanners (UnityEngine.Transform,UnityEngine.Vector3,single,single) (at Assets/Scripts/Arena/Visuals/ArenaColosseumBuilder.cs:321)
QuizBattle.Arena.Visuals.ArenaColosseumBuilder:Build (UnityEngine.Transform,int,int,single) (at Assets/Scripts/Arena/Visuals/ArenaColosseumBuilder.cs:27)
QuizBattle.Arena.GridController:BuildGrid (int,int,int) (at Assets/Scripts/Arena/GridController.cs:49)
ArenaDemoRunner:RunVfxShowcase () (at Assets/Editor/ArenaDemoRunner.cs:68)
ArenaDemoRunner:Run () (at Assets/Editor/ArenaDemoRunner.cs:23)

[Assets/Scripts/Arena/GridController.cs line 49]

Rod: Destroy may not be called from edit mode! Use DestroyImmediate instead.
Destroying an object in edit mode destroys it permanently
UnityEngine.Debug:ExtractStackTraceNoAlloc (byte*,int,string)
UnityEngine.StackTraceUtility:ExtractStackTrace ()
UnityEngine.Object:Destroy (UnityEngine.Object,single)
UnityEngine.Object:Destroy (UnityEngine.Object)
QuizBattle.Arena.Visuals.ArenaColosseumBuilder:CreateBanner (UnityEngine.Transform,UnityEngine.Vector3,UnityEngine.Color,bool) (at Assets/Scripts/Arena/Visuals/ArenaColosseumBuilder.cs:365)
QuizBattle.Arena.Visuals.ArenaColosseumBuilder:CreateRoyalBanners (UnityEngine.Transform,UnityEngine.Vector3,single,single) (at Assets/Scripts/Arena/Visuals/ArenaColosseumBuilder.cs:321)
QuizBattle.Arena.Visuals.ArenaColosseumBuilder:Build (UnityEngine.Transform,int,int,single) (at Assets/Scripts/Arena/Visuals/ArenaColosseumBuilder.cs:27)
QuizBattle.Arena.GridController:BuildGrid (int,int,int) (at Assets/Scripts/Arena/GridController.cs:49)
ArenaDemoRunner:RunVfxShowcase () (at Assets/Editor/ArenaDemoRunner.cs:68)
ArenaDemoRunner:Run () (at Assets/Editor/ArenaDemoRunner.cs:23)

[Assets/Scripts/Arena/GridController.cs line 49]

Emblem: Destroy may not be called from edit mode! Use DestroyImmediate instead.
Destroying an object in edit mode destroys it permanently
UnityEngine.Debug:ExtractStackTraceNoAlloc (byte*,int,string)
UnityEngine.StackTraceUtility:ExtractStackTrace ()
UnityEngine.Object:Destroy (UnityEngine.Object,single)
UnityEngine.Object:Destroy (UnityEngine.Object)
QuizBattle.Arena.Visuals.ArenaColosseumBuilder:CreateBanner (UnityEngine.Transform,UnityEngine.Vector3,UnityEngine.Color,bool) (at Assets/Scripts/Arena/Visuals/ArenaColosseumBuilder.cs:375)
QuizBattle.Arena.Visuals.ArenaColosseumBuilder:CreateRoyalBanners (UnityEngine.Transform,UnityEngine.Vector3,single,single) (at Assets/Scripts/Arena/Visuals/ArenaColosseumBuilder.cs:321)
QuizBattle.Arena.Visuals.ArenaColosseumBuilder:Build (UnityEngine.Transform,int,int,single) (at Assets/Scripts/Arena/Visuals/ArenaColosseumBuilder.cs:27)
QuizBattle.Arena.GridController:BuildGrid (int,int,int) (at Assets/Scripts/Arena/GridController.cs:49)
ArenaDemoRunner:RunVfxShowcase () (at Assets/Editor/ArenaDemoRunner.cs:68)
ArenaDemoRunner:Run () (at Assets/Editor/ArenaDemoRunner.cs:23)

[Assets/Scripts/Arena/GridController.cs line 49]

Cloth: Destroy may not be called from edit mode! Use DestroyImmediate instead.
Destroying an object in edit mode destroys it permanently
UnityEngine.Debug:ExtractStackTraceNoAlloc (byte*,int,string)
UnityEngine.StackTraceUtility:ExtractStackTrace ()
UnityEngine.Object:Destroy (UnityEngine.Object,single)
UnityEngine.Object:Destroy (UnityEngine.Object)
QuizBattle.Arena.Visuals.ArenaColosseumBuilder:CreateBanner (UnityEngine.Transform,UnityEngine.Vector3,UnityEngine.Color,bool) (at Assets/Scripts/Arena/Visuals/ArenaColosseumBuilder.cs:355)
QuizBattle.Arena.Visuals.ArenaColosseumBuilder:CreateRoyalBanners (UnityEngine.Transform,UnityEngine.Vector3,single,single) (at Assets/Scripts/Arena/Visuals/ArenaColosseumBuilder.cs:322)
QuizBattle.Arena.Visuals.ArenaColosseumBuilder:Build (UnityEngine.Transform,int,int,single) (at Assets/Scripts/Arena/Visuals/ArenaColosseumBuilder.cs:27)
QuizBattle.Arena.GridController:BuildGrid (int,int,int) (at Assets/Scripts/Arena/GridController.cs:49)
ArenaDemoRunner:RunVfxShowcase () (at Assets/Editor/ArenaDemoRunner.cs:68)
ArenaDemoRunner:Run () (at Assets/Editor/ArenaDemoRunner.cs:23)

[Assets/Scripts/Arena/GridController.cs line 49]

Rod: Destroy may not be called from edit mode! Use DestroyImmediate instead.
Destroying an object in edit mode destroys it permanently
UnityEngine.Debug:ExtractStackTraceNoAlloc (byte*,int,string)
UnityEngine.StackTraceUtility:ExtractStackTrace ()
UnityEngine.Object:Destroy (UnityEngine.Object,single)
UnityEngine.Object:Destroy (UnityEngine.Object)
QuizBattle.Arena.Visuals.ArenaColosseumBuilder:CreateBanner (UnityEngine.Transform,UnityEngine.Vector3,UnityEngine.Color,bool) (at Assets/Scripts/Arena/Visuals/ArenaColosseumBuilder.cs:365)
QuizBattle.Arena.Visuals.ArenaColosseumBuilder:CreateRoyalBanners (UnityEngine.Transform,UnityEngine.Vector3,single,single) (at Assets/Scripts/Arena/Visuals/ArenaColosseumBuilder.cs:322)
QuizBattle.Arena.Visuals.ArenaColosseumBuilder:Build (UnityEngine.Transform,int,int,single) (at Assets/Scripts/Arena/Visuals/ArenaColosseumBuilder.cs:27)
QuizBattle.Arena.GridController:BuildGrid (int,int,int) (at Assets/Scripts/Arena/GridController.cs:49)
ArenaDemoRunner:RunVfxShowcase () (at Assets/Editor/ArenaDemoRunner.cs:68)
ArenaDemoRunner:Run () (at Assets/Editor/ArenaDemoRunner.cs:23)

[Assets/Scripts/Arena/GridController.cs line 49]

Emblem: Destroy may not be called from edit mode! Use DestroyImmediate instead.
Destroying an object in edit mode destroys it permanently
UnityEngine.Debug:ExtractStackTraceNoAlloc (byte*,int,string)
UnityEngine.StackTraceUtility:ExtractStackTrace ()
UnityEngine.Object:Destroy (UnityEngine.Object,single)
UnityEngine.Object:Destroy (UnityEngine.Object)
QuizBattle.Arena.Visuals.ArenaColosseumBuilder:CreateBanner (UnityEngine.Transform,UnityEngine.Vector3,UnityEngine.Color,bool) (at Assets/Scripts/Arena/Visuals/ArenaColosseumBuilder.cs:375)
QuizBattle.Arena.Visuals.ArenaColosseumBuilder:CreateRoyalBanners (UnityEngine.Transform,UnityEngine.Vector3,single,single) (at Assets/Scripts/Arena/Visuals/ArenaColosseumBuilder.cs:322)
QuizBattle.Arena.Visuals.ArenaColosseumBuilder:Build (UnityEngine.Transform,int,int,single) (at Assets/Scripts/Arena/Visuals/ArenaColosseumBuilder.cs:27)
QuizBattle.Arena.GridController:BuildGrid (int,int,int) (at Assets/Scripts/Arena/GridController.cs:49)
ArenaDemoRunner:RunVfxShowcase () (at Assets/Editor/ArenaDemoRunner.cs:68)
ArenaDemoRunner:Run () (at Assets/Editor/ArenaDemoRunner.cs:23)

[Assets/Scripts/Arena/GridController.cs line 49]

Cloth: Destroy may not be called from edit mode! Use DestroyImmediate instead.
Destroying an object in edit mode destroys it permanently
UnityEngine.Debug:ExtractStackTraceNoAlloc (byte*,int,string)
UnityEngine.StackTraceUtility:ExtractStackTrace ()
UnityEngine.Object:Destroy (UnityEngine.Object,single)
UnityEngine.Object:Destroy (UnityEngine.Object)
QuizBattle.Arena.Visuals.ArenaColosseumBuilder:CreateBanner (UnityEngine.Transform,UnityEngine.Vector3,UnityEngine.Color,bool) (at Assets/Scripts/Arena/Visuals/ArenaColosseumBuilder.cs:355)
QuizBattle.Arena.Visuals.ArenaColosseumBuilder:CreateRoyalBanners (UnityEngine.Transform,UnityEngine.Vector3,single,single) (at Assets/Scripts/Arena/Visuals/ArenaColosseumBuilder.cs:325)
QuizBattle.Arena.Visuals.ArenaColosseumBuilder:Build (UnityEngine.Transform,int,int,single) (at Assets/Scripts/Arena/Visuals/ArenaColosseumBuilder.cs:27)
QuizBattle.Arena.GridController:BuildGrid (int,int,int) (at Assets/Scripts/Arena/GridController.cs:49)
ArenaDemoRunner:RunVfxShowcase () (at Assets/Editor/ArenaDemoRunner.cs:68)
ArenaDemoRunner:Run () (at Assets/Editor/ArenaDemoRunner.cs:23)

[Assets/Scripts/Arena/GridController.cs line 49]

Rod: Destroy may not be called from edit mode! Use DestroyImmediate instead.
Destroying an object in edit mode destroys it permanently
UnityEngine.Debug:ExtractStackTraceNoAlloc (byte*,int,string)
UnityEngine.StackTraceUtility:ExtractStackTrace ()
UnityEngine.Object:Destroy (UnityEngine.Object,single)
UnityEngine.Object:Destroy (UnityEngine.Object)
QuizBattle.Arena.Visuals.ArenaColosseumBuilder:CreateBanner (UnityEngine.Transform,UnityEngine.Vector3,UnityEngine.Color,bool) (at Assets/Scripts/Arena/Visuals/ArenaColosseumBuilder.cs:365)
QuizBattle.Arena.Visuals.ArenaColosseumBuilder:CreateRoyalBanners (UnityEngine.Transform,UnityEngine.Vector3,single,single) (at Assets/Scripts/Arena/Visuals/ArenaColosseumBuilder.cs:325)
QuizBattle.Arena.Visuals.ArenaColosseumBuilder:Build (UnityEngine.Transform,int,int,single) (at Assets/Scripts/Arena/Visuals/ArenaColosseumBuilder.cs:27)
QuizBattle.Arena.GridController:BuildGrid (int,int,int) (at Assets/Scripts/Arena/GridController.cs:49)
ArenaDemoRunner:RunVfxShowcase () (at Assets/Editor/ArenaDemoRunner.cs:68)
ArenaDemoRunner:Run () (at Assets/Editor/ArenaDemoRunner.cs:23)

[Assets/Scripts/Arena/GridController.cs line 49]

Emblem: Destroy may not be called from edit mode! Use DestroyImmediate instead.
Destroying an object in edit mode destroys it permanently
UnityEngine.Debug:ExtractStackTraceNoAlloc (byte*,int,string)
UnityEngine.StackTraceUtility:ExtractStackTrace ()
UnityEngine.Object:Destroy (UnityEngine.Object,single)
UnityEngine.Object:Destroy (UnityEngine.Object)
QuizBattle.Arena.Visuals.ArenaColosseumBuilder:CreateBanner (UnityEngine.Transform,UnityEngine.Vector3,UnityEngine.Color,bool) (at Assets/Scripts/Arena/Visuals/ArenaColosseumBuilder.cs:375)
QuizBattle.Arena.Visuals.ArenaColosseumBuilder:CreateRoyalBanners (UnityEngine.Transform,UnityEngine.Vector3,single,single) (at Assets/Scripts/Arena/Visuals/ArenaColosseumBuilder.cs:325)
QuizBattle.Arena.Visuals.ArenaColosseumBuilder:Build (UnityEngine.Transform,int,int,single) (at Assets/Scripts/Arena/Visuals/ArenaColosseumBuilder.cs:27)
QuizBattle.Arena.GridController:BuildGrid (int,int,int) (at Assets/Scripts/Arena/GridController.cs:49)
ArenaDemoRunner:RunVfxShowcase () (at Assets/Editor/ArenaDemoRunner.cs:68)
ArenaDemoRunner:Run () (at Assets/Editor/ArenaDemoRunner.cs:23)

[Assets/Scripts/Arena/GridController.cs line 49]

Cloth: Destroy may not be called from edit mode! Use DestroyImmediate instead.
Destroying an object in edit mode destroys it permanently
UnityEngine.Debug:ExtractStackTraceNoAlloc (byte*,int,string)
UnityEngine.StackTraceUtility:ExtractStackTrace ()
UnityEngine.Object:Destroy (UnityEngine.Object,single)
UnityEngine.Object:Destroy (UnityEngine.Object)
QuizBattle.Arena.Visuals.ArenaColosseumBuilder:CreateBanner (UnityEngine.Transform,UnityEngine.Vector3,UnityEngine.Color,bool) (at Assets/Scripts/Arena/Visuals/ArenaColosseumBuilder.cs:355)
QuizBattle.Arena.Visuals.ArenaColosseumBuilder:CreateRoyalBanners (UnityEngine.Transform,UnityEngine.Vector3,single,single) (at Assets/Scripts/Arena/Visuals/ArenaColosseumBuilder.cs:326)
QuizBattle.Arena.Visuals.ArenaColosseumBuilder:Build (UnityEngine.Transform,int,int,single) (at Assets/Scripts/Arena/Visuals/ArenaColosseumBuilder.cs:27)
QuizBattle.Arena.GridController:BuildGrid (int,int,int) (at Assets/Scripts/Arena/GridController.cs:49)
ArenaDemoRunner:RunVfxShowcase () (at Assets/Editor/ArenaDemoRunner.cs:68)
ArenaDemoRunner:Run () (at Assets/Editor/ArenaDemoRunner.cs:23)

[Assets/Scripts/Arena/GridController.cs line 49]

Rod: Destroy may not be called from edit mode! Use DestroyImmediate instead.
Destroying an object in edit mode destroys it permanently
UnityEngine.Debug:ExtractStackTraceNoAlloc (byte*,int,string)
UnityEngine.StackTraceUtility:ExtractStackTrace ()
UnityEngine.Object:Destroy (UnityEngine.Object,single)
UnityEngine.Object:Destroy (UnityEngine.Object)
QuizBattle.Arena.Visuals.ArenaColosseumBuilder:CreateBanner (UnityEngine.Transform,UnityEngine.Vector3,UnityEngine.Color,bool) (at Assets/Scripts/Arena/Visuals/ArenaColosseumBuilder.cs:365)
QuizBattle.Arena.Visuals.ArenaColosseumBuilder:CreateRoyalBanners (UnityEngine.Transform,UnityEngine.Vector3,single,single) (at Assets/Scripts/Arena/Visuals/ArenaColosseumBuilder.cs:326)
QuizBattle.Arena.Visuals.ArenaColosseumBuilder:Build (UnityEngine.Transform,int,int,single) (at Assets/Scripts/Arena/Visuals/ArenaColosseumBuilder.cs:27)
QuizBattle.Arena.GridController:BuildGrid (int,int,int) (at Assets/Scripts/Arena/GridController.cs:49)
ArenaDemoRunner:RunVfxShowcase () (at Assets/Editor/ArenaDemoRunner.cs:68)
ArenaDemoRunner:Run () (at Assets/Editor/ArenaDemoRunner.cs:23)

[Assets/Scripts/Arena/GridController.cs line 49]

Emblem: Destroy may not be called from edit mode! Use DestroyImmediate instead.
Destroying an object in edit mode destroys it permanently
UnityEngine.Debug:ExtractStackTraceNoAlloc (byte*,int,string)
UnityEngine.StackTraceUtility:ExtractStackTrace ()
UnityEngine.Object:Destroy (UnityEngine.Object,single)
UnityEngine.Object:Destroy (UnityEngine.Object)
QuizBattle.Arena.Visuals.ArenaColosseumBuilder:CreateBanner (UnityEngine.Transform,UnityEngine.Vector3,UnityEngine.Color,bool) (at Assets/Scripts/Arena/Visuals/ArenaColosseumBuilder.cs:375)
QuizBattle.Arena.Visuals.ArenaColosseumBuilder:CreateRoyalBanners (UnityEngine.Transform,UnityEngine.Vector3,single,single) (at Assets/Scripts/Arena/Visuals/ArenaColosseumBuilder.cs:326)
QuizBattle.Arena.Visuals.ArenaColosseumBuilder:Build (UnityEngine.Transform,int,int,single) (at Assets/Scripts/Arena/Visuals/ArenaColosseumBuilder.cs:27)
QuizBattle.Arena.GridController:BuildGrid (int,int,int) (at Assets/Scripts/Arena/GridController.cs:49)
ArenaDemoRunner:RunVfxShowcase () (at Assets/Editor/ArenaDemoRunner.cs:68)
ArenaDemoRunner:Run () (at Assets/Editor/ArenaDemoRunner.cs:23)

[Assets/Scripts/Arena/GridController.cs line 49]

Base: Destroy may not be called from edit mode! Use DestroyImmediate instead.
Destroying an object in edit mode destroys it permanently
UnityEngine.Debug:ExtractStackTraceNoAlloc (byte*,int,string)
UnityEngine.StackTraceUtility:ExtractStackTrace ()
UnityEngine.Object:Destroy (UnityEngine.Object,single)
UnityEngine.Object:Destroy (UnityEngine.Object)
QuizBattle.Arena.Visuals.ArenaColosseumBuilder:CreateBrazier (UnityEngine.Transform,UnityEngine.Vector3) (at Assets/Scripts/Arena/Visuals/ArenaColosseumBuilder.cs:419)
QuizBattle.Arena.Visuals.ArenaColosseumBuilder:CreateCornerBraziers (UnityEngine.Transform,UnityEngine.Vector3,single,single) (at Assets/Scripts/Arena/Visuals/ArenaColosseumBuilder.cs:400)
QuizBattle.Arena.Visuals.ArenaColosseumBuilder:Build (UnityEngine.Transform,int,int,single) (at Assets/Scripts/Arena/Visuals/ArenaColosseumBuilder.cs:28)
QuizBattle.Arena.GridController:BuildGrid (int,int,int) (at Assets/Scripts/Arena/GridController.cs:49)
ArenaDemoRunner:RunVfxShowcase () (at Assets/Editor/ArenaDemoRunner.cs:68)
ArenaDemoRunner:Run () (at Assets/Editor/ArenaDemoRunner.cs:23)

[Assets/Scripts/Arena/GridController.cs line 49]

Pillar: Destroy may not be called from edit mode! Use DestroyImmediate instead.
Destroying an object in edit mode destroys it permanently
UnityEngine.Debug:ExtractStackTraceNoAlloc (byte*,int,string)
UnityEngine.StackTraceUtility:ExtractStackTrace ()
UnityEngine.Object:Destroy (UnityEngine.Object,single)
UnityEngine.Object:Destroy (UnityEngine.Object)
QuizBattle.Arena.Visuals.ArenaColosseumBuilder:CreateBrazier (UnityEngine.Transform,UnityEngine.Vector3) (at Assets/Scripts/Arena/Visuals/ArenaColosseumBuilder.cs:428)
QuizBattle.Arena.Visuals.ArenaColosseumBuilder:CreateCornerBraziers (UnityEngine.Transform,UnityEngine.Vector3,single,single) (at Assets/Scripts/Arena/Visuals/ArenaColosseumBuilder.cs:400)
QuizBattle.Arena.Visuals.ArenaColosseumBuilder:Build (UnityEngine.Transform,int,int,single) (at Assets/Scripts/Arena/Visuals/ArenaColosseumBuilder.cs:28)
QuizBattle.Arena.GridController:BuildGrid (int,int,int) (at Assets/Scripts/Arena/GridController.cs:49)
ArenaDemoRunner:RunVfxShowcase () (at Assets/Editor/ArenaDemoRunner.cs:68)
ArenaDemoRunner:Run () (at Assets/Editor/ArenaDemoRunner.cs:23)

[Assets/Scripts/Arena/GridController.cs line 49]

Bowl: Destroy may not be called from edit mode! Use DestroyImmediate instead.
Destroying an object in edit mode destroys it permanently
UnityEngine.Debug:ExtractStackTraceNoAlloc (byte*,int,string)
UnityEngine.StackTraceUtility:ExtractStackTrace ()
UnityEngine.Object:Destroy (UnityEngine.Object,single)
UnityEngine.Object:Destroy (UnityEngine.Object)
QuizBattle.Arena.Visuals.ArenaColosseumBuilder:CreateBrazier (UnityEngine.Transform,UnityEngine.Vector3) (at Assets/Scripts/Arena/Visuals/ArenaColosseumBuilder.cs:437)
QuizBattle.Arena.Visuals.ArenaColosseumBuilder:CreateCornerBraziers (UnityEngine.Transform,UnityEngine.Vector3,single,single) (at Assets/Scripts/Arena/Visuals/ArenaColosseumBuilder.cs:400)
QuizBattle.Arena.Visuals.ArenaColosseumBuilder:Build (UnityEngine.Transform,int,int,single) (at Assets/Scripts/Arena/Visuals/ArenaColosseumBuilder.cs:28)
QuizBattle.Arena.GridController:BuildGrid (int,int,int) (at Assets/Scripts/Arena/GridController.cs:49)
ArenaDemoRunner:RunVfxShowcase () (at Assets/Editor/ArenaDemoRunner.cs:68)
ArenaDemoRunner:Run () (at Assets/Editor/ArenaDemoRunner.cs:23)

[Assets/Scripts/Arena/GridController.cs line 49]

FireCore: Destroy may not be called from edit mode! Use DestroyImmediate instead.
Destroying an object in edit mode destroys it permanently
UnityEngine.Debug:ExtractStackTraceNoAlloc (byte*,int,string)
UnityEngine.StackTraceUtility:ExtractStackTrace ()
UnityEngine.Object:Destroy (UnityEngine.Object,single)
UnityEngine.Object:Destroy (UnityEngine.Object)
QuizBattle.Arena.Visuals.ArenaColosseumBuilder:CreateBrazier (UnityEngine.Transform,UnityEngine.Vector3) (at Assets/Scripts/Arena/Visuals/ArenaColosseumBuilder.cs:446)
QuizBattle.Arena.Visuals.ArenaColosseumBuilder:CreateCornerBraziers (UnityEngine.Transform,UnityEngine.Vector3,single,single) (at Assets/Scripts/Arena/Visuals/ArenaColosseumBuilder.cs:400)
QuizBattle.Arena.Visuals.ArenaColosseumBuilder:Build (UnityEngine.Transform,int,int,single) (at Assets/Scripts/Arena/Visuals/ArenaColosseumBuilder.cs:28)
QuizBattle.Arena.GridController:BuildGrid (int,int,int) (at Assets/Scripts/Arena/GridController.cs:49)
ArenaDemoRunner:RunVfxShowcase () (at Assets/Editor/ArenaDemoRunner.cs:68)
ArenaDemoRunner:Run () (at Assets/Editor/ArenaDemoRunner.cs:23)

[Assets/Scripts/Arena/GridController.cs line 49]

Base: Destroy may not be called from edit mode! Use DestroyImmediate instead.
Destroying an object in edit mode destroys it permanently
UnityEngine.Debug:ExtractStackTraceNoAlloc (byte*,int,string)
UnityEngine.StackTraceUtility:ExtractStackTrace ()
UnityEngine.Object:Destroy (UnityEngine.Object,single)
UnityEngine.Object:Destroy (UnityEngine.Object)
QuizBattle.Arena.Visuals.ArenaColosseumBuilder:CreateBrazier (UnityEngine.Transform,UnityEngine.Vector3) (at Assets/Scripts/Arena/Visuals/ArenaColosseumBuilder.cs:419)
QuizBattle.Arena.Visuals.ArenaColosseumBuilder:CreateCornerBraziers (UnityEngine.Transform,UnityEngine.Vector3,single,single) (at Assets/Scripts/Arena/Visuals/ArenaColosseumBuilder.cs:400)
QuizBattle.Arena.Visuals.ArenaColosseumBuilder:Build (UnityEngine.Transform,int,int,single) (at Assets/Scripts/Arena/Visuals/ArenaColosseumBuilder.cs:28)
QuizBattle.Arena.GridController:BuildGrid (int,int,int) (at Assets/Scripts/Arena/GridController.cs:49)
ArenaDemoRunner:RunVfxShowcase () (at Assets/Editor/ArenaDemoRunner.cs:68)
ArenaDemoRunner:Run () (at Assets/Editor/ArenaDemoRunner.cs:23)

[Assets/Scripts/Arena/GridController.cs line 49]

Pillar: Destroy may not be called from edit mode! Use DestroyImmediate instead.
Destroying an object in edit mode destroys it permanently
UnityEngine.Debug:ExtractStackTraceNoAlloc (byte*,int,string)
UnityEngine.StackTraceUtility:ExtractStackTrace ()
UnityEngine.Object:Destroy (UnityEngine.Object,single)
UnityEngine.Object:Destroy (UnityEngine.Object)
QuizBattle.Arena.Visuals.ArenaColosseumBuilder:CreateBrazier (UnityEngine.Transform,UnityEngine.Vector3) (at Assets/Scripts/Arena/Visuals/ArenaColosseumBuilder.cs:428)
QuizBattle.Arena.Visuals.ArenaColosseumBuilder:CreateCornerBraziers (UnityEngine.Transform,UnityEngine.Vector3,single,single) (at Assets/Scripts/Arena/Visuals/ArenaColosseumBuilder.cs:400)
QuizBattle.Arena.Visuals.ArenaColosseumBuilder:Build (UnityEngine.Transform,int,int,single) (at Assets/Scripts/Arena/Visuals/ArenaColosseumBuilder.cs:28)
QuizBattle.Arena.GridController:BuildGrid (int,int,int) (at Assets/Scripts/Arena/GridController.cs:49)
ArenaDemoRunner:RunVfxShowcase () (at Assets/Editor/ArenaDemoRunner.cs:68)
ArenaDemoRunner:Run () (at Assets/Editor/ArenaDemoRunner.cs:23)

[Assets/Scripts/Arena/GridController.cs line 49]

Bowl: Destroy may not be called from edit mode! Use DestroyImmediate instead.
Destroying an object in edit mode destroys it permanently
UnityEngine.Debug:ExtractStackTraceNoAlloc (byte*,int,string)
UnityEngine.StackTraceUtility:ExtractStackTrace ()
UnityEngine.Object:Destroy (UnityEngine.Object,single)
UnityEngine.Object:Destroy (UnityEngine.Object)
QuizBattle.Arena.Visuals.ArenaColosseumBuilder:CreateBrazier (UnityEngine.Transform,UnityEngine.Vector3) (at Assets/Scripts/Arena/Visuals/ArenaColosseumBuilder.cs:437)
QuizBattle.Arena.Visuals.ArenaColosseumBuilder:CreateCornerBraziers (UnityEngine.Transform,UnityEngine.Vector3,single,single) (at Assets/Scripts/Arena/Visuals/ArenaColosseumBuilder.cs:400)
QuizBattle.Arena.Visuals.ArenaColosseumBuilder:Build (UnityEngine.Transform,int,int,single) (at Assets/Scripts/Arena/Visuals/ArenaColosseumBuilder.cs:28)
QuizBattle.Arena.GridController:BuildGrid (int,int,int) (at Assets/Scripts/Arena/GridController.cs:49)
ArenaDemoRunner:RunVfxShowcase () (at Assets/Editor/ArenaDemoRunner.cs:68)
ArenaDemoRunner:Run () (at Assets/Editor/ArenaDemoRunner.cs:23)

[Assets/Scripts/Arena/GridController.cs line 49]

FireCore: Destroy may not be called from edit mode! Use DestroyImmediate instead.
Destroying an object in edit mode destroys it permanently
UnityEngine.Debug:ExtractStackTraceNoAlloc (byte*,int,string)
UnityEngine.StackTraceUtility:ExtractStackTrace ()
UnityEngine.Object:Destroy (UnityEngine.Object,single)
UnityEngine.Object:Destroy (UnityEngine.Object)
QuizBattle.Arena.Visuals.ArenaColosseumBuilder:CreateBrazier (UnityEngine.Transform,UnityEngine.Vector3) (at Assets/Scripts/Arena/Visuals/ArenaColosseumBuilder.cs:446)
QuizBattle.Arena.Visuals.ArenaColosseumBuilder:CreateCornerBraziers (UnityEngine.Transform,UnityEngine.Vector3,single,single) (at Assets/Scripts/Arena/Visuals/ArenaColosseumBuilder.cs:400)
QuizBattle.Arena.Visuals.ArenaColosseumBuilder:Build (UnityEngine.Transform,int,int,single) (at Assets/Scripts/Arena/Visuals/ArenaColosseumBuilder.cs:28)
QuizBattle.Arena.GridController:BuildGrid (int,int,int) (at Assets/Scripts/Arena/GridController.cs:49)
ArenaDemoRunner:RunVfxShowcase () (at Assets/Editor/ArenaDemoRunner.cs:68)
ArenaDemoRunner:Run () (at Assets/Editor/ArenaDemoRunner.cs:23)

[Assets/Scripts/Arena/GridController.cs line 49]

Base: Destroy may not be called from edit mode! Use DestroyImmediate instead.
Destroying an object in edit mode destroys it permanently
UnityEngine.Debug:ExtractStackTraceNoAlloc (byte*,int,string)
UnityEngine.StackTraceUtility:ExtractStackTrace ()
UnityEngine.Object:Destroy (UnityEngine.Object,single)
UnityEngine.Object:Destroy (UnityEngine.Object)
QuizBattle.Arena.Visuals.ArenaColosseumBuilder:CreateBrazier (UnityEngine.Transform,UnityEngine.Vector3) (at Assets/Scripts/Arena/Visuals/ArenaColosseumBuilder.cs:419)
QuizBattle.Arena.Visuals.ArenaColosseumBuilder:CreateCornerBraziers (UnityEngine.Transform,UnityEngine.Vector3,single,single) (at Assets/Scripts/Arena/Visuals/ArenaColosseumBuilder.cs:400)
QuizBattle.Arena.Visuals.ArenaColosseumBuilder:Build (UnityEngine.Transform,int,int,single) (at Assets/Scripts/Arena/Visuals/ArenaColosseumBuilder.cs:28)
QuizBattle.Arena.GridController:BuildGrid (int,int,int) (at Assets/Scripts/Arena/GridController.cs:49)
ArenaDemoRunner:RunVfxShowcase () (at Assets/Editor/ArenaDemoRunner.cs:68)
ArenaDemoRunner:Run () (at Assets/Editor/ArenaDemoRunner.cs:23)

[Assets/Scripts/Arena/GridController.cs line 49]

Pillar: Destroy may not be called from edit mode! Use DestroyImmediate instead.
Destroying an object in edit mode destroys it permanently
UnityEngine.Debug:ExtractStackTraceNoAlloc (byte*,int,string)
UnityEngine.StackTraceUtility:ExtractStackTrace ()
UnityEngine.Object:Destroy (UnityEngine.Object,single)
UnityEngine.Object:Destroy (UnityEngine.Object)
QuizBattle.Arena.Visuals.ArenaColosseumBuilder:CreateBrazier (UnityEngine.Transform,UnityEngine.Vector3) (at Assets/Scripts/Arena/Visuals/ArenaColosseumBuilder.cs:428)
QuizBattle.Arena.Visuals.ArenaColosseumBuilder:CreateCornerBraziers (UnityEngine.Transform,UnityEngine.Vector3,single,single) (at Assets/Scripts/Arena/Visuals/ArenaColosseumBuilder.cs:400)
QuizBattle.Arena.Visuals.ArenaColosseumBuilder:Build (UnityEngine.Transform,int,int,single) (at Assets/Scripts/Arena/Visuals/ArenaColosseumBuilder.cs:28)
QuizBattle.Arena.GridController:BuildGrid (int,int,int) (at Assets/Scripts/Arena/GridController.cs:49)
ArenaDemoRunner:RunVfxShowcase () (at Assets/Editor/ArenaDemoRunner.cs:68)
ArenaDemoRunner:Run () (at Assets/Editor/ArenaDemoRunner.cs:23)

[Assets/Scripts/Arena/GridController.cs line 49]

Bowl: Destroy may not be called from edit mode! Use DestroyImmediate instead.
Destroying an object in edit mode destroys it permanently
UnityEngine.Debug:ExtractStackTraceNoAlloc (byte*,int,string)
UnityEngine.StackTraceUtility:ExtractStackTrace ()
UnityEngine.Object:Destroy (UnityEngine.Object,single)
UnityEngine.Object:Destroy (UnityEngine.Object)
QuizBattle.Arena.Visuals.ArenaColosseumBuilder:CreateBrazier (UnityEngine.Transform,UnityEngine.Vector3) (at Assets/Scripts/Arena/Visuals/ArenaColosseumBuilder.cs:437)
QuizBattle.Arena.Visuals.ArenaColosseumBuilder:CreateCornerBraziers (UnityEngine.Transform,UnityEngine.Vector3,single,single) (at Assets/Scripts/Arena/Visuals/ArenaColosseumBuilder.cs:400)
QuizBattle.Arena.Visuals.ArenaColosseumBuilder:Build (UnityEngine.Transform,int,int,single) (at Assets/Scripts/Arena/Visuals/ArenaColosseumBuilder.cs:28)
QuizBattle.Arena.GridController:BuildGrid (int,int,int) (at Assets/Scripts/Arena/GridController.cs:49)
ArenaDemoRunner:RunVfxShowcase () (at Assets/Editor/ArenaDemoRunner.cs:68)
ArenaDemoRunner:Run () (at Assets/Editor/ArenaDemoRunner.cs:23)

[Assets/Scripts/Arena/GridController.cs line 49]

FireCore: Destroy may not be called from edit mode! Use DestroyImmediate instead.
Destroying an object in edit mode destroys it permanently
UnityEngine.Debug:ExtractStackTraceNoAlloc (byte*,int,string)
UnityEngine.StackTraceUtility:ExtractStackTrace ()
UnityEngine.Object:Destroy (UnityEngine.Object,single)
UnityEngine.Object:Destroy (UnityEngine.Object)
QuizBattle.Arena.Visuals.ArenaColosseumBuilder:CreateBrazier (UnityEngine.Transform,UnityEngine.Vector3) (at Assets/Scripts/Arena/Visuals/ArenaColosseumBuilder.cs:446)
QuizBattle.Arena.Visuals.ArenaColosseumBuilder:CreateCornerBraziers (UnityEngine.Transform,UnityEngine.Vector3,single,single) (at Assets/Scripts/Arena/Visuals/ArenaColosseumBuilder.cs:400)
QuizBattle.Arena.Visuals.ArenaColosseumBuilder:Build (UnityEngine.Transform,int,int,single) (at Assets/Scripts/Arena/Visuals/ArenaColosseumBuilder.cs:28)
QuizBattle.Arena.GridController:BuildGrid (int,int,int) (at Assets/Scripts/Arena/GridController.cs:49)
ArenaDemoRunner:RunVfxShowcase () (at Assets/Editor/ArenaDemoRunner.cs:68)
ArenaDemoRunner:Run () (at Assets/Editor/ArenaDemoRunner.cs:23)

[Assets/Scripts/Arena/GridController.cs line 49]

Base: Destroy may not be called from edit mode! Use DestroyImmediate instead.
Destroying an object in edit mode destroys it permanently
UnityEngine.Debug:ExtractStackTraceNoAlloc (byte*,int,string)
UnityEngine.StackTraceUtility:ExtractStackTrace ()
UnityEngine.Object:Destroy (UnityEngine.Object,single)
UnityEngine.Object:Destroy (UnityEngine.Object)
QuizBattle.Arena.Visuals.ArenaColosseumBuilder:CreateBrazier (UnityEngine.Transform,UnityEngine.Vector3) (at Assets/Scripts/Arena/Visuals/ArenaColosseumBuilder.cs:419)
QuizBattle.Arena.Visuals.ArenaColosseumBuilder:CreateCornerBraziers (UnityEngine.Transform,UnityEngine.Vector3,single,single) (at Assets/Scripts/Arena/Visuals/ArenaColosseumBuilder.cs:400)
QuizBattle.Arena.Visuals.ArenaColosseumBuilder:Build (UnityEngine.Transform,int,int,single) (at Assets/Scripts/Arena/Visuals/ArenaColosseumBuilder.cs:28)
QuizBattle.Arena.GridController:BuildGrid (int,int,int) (at Assets/Scripts/Arena/GridController.cs:49)
ArenaDemoRunner:RunVfxShowcase () (at Assets/Editor/ArenaDemoRunner.cs:68)
ArenaDemoRunner:Run () (at Assets/Editor/ArenaDemoRunner.cs:23)

[Assets/Scripts/Arena/GridController.cs line 49]

Pillar: Destroy may not be called from edit mode! Use DestroyImmediate instead.
Destroying an object in edit mode destroys it permanently
UnityEngine.Debug:ExtractStackTraceNoAlloc (byte*,int,string)
UnityEngine.StackTraceUtility:ExtractStackTrace ()
UnityEngine.Object:Destroy (UnityEngine.Object,single)
UnityEngine.Object:Destroy (UnityEngine.Object)
QuizBattle.Arena.Visuals.ArenaColosseumBuilder:CreateBrazier (UnityEngine.Transform,UnityEngine.Vector3) (at Assets/Scripts/Arena/Visuals/ArenaColosseumBuilder.cs:428)
QuizBattle.Arena.Visuals.ArenaColosseumBuilder:CreateCornerBraziers (UnityEngine.Transform,UnityEngine.Vector3,single,single) (at Assets/Scripts/Arena/Visuals/ArenaColosseumBuilder.cs:400)
QuizBattle.Arena.Visuals.ArenaColosseumBuilder:Build (UnityEngine.Transform,int,int,single) (at Assets/Scripts/Arena/Visuals/ArenaColosseumBuilder.cs:28)
QuizBattle.Arena.GridController:BuildGrid (int,int,int) (at Assets/Scripts/Arena/GridController.cs:49)
ArenaDemoRunner:RunVfxShowcase () (at Assets/Editor/ArenaDemoRunner.cs:68)
ArenaDemoRunner:Run () (at Assets/Editor/ArenaDemoRunner.cs:23)

[Assets/Scripts/Arena/GridController.cs line 49]

Bowl: Destroy may not be called from edit mode! Use DestroyImmediate instead.
Destroying an object in edit mode destroys it permanently
UnityEngine.Debug:ExtractStackTraceNoAlloc (byte*,int,string)
UnityEngine.StackTraceUtility:ExtractStackTrace ()
UnityEngine.Object:Destroy (UnityEngine.Object,single)
UnityEngine.Object:Destroy (UnityEngine.Object)
QuizBattle.Arena.Visuals.ArenaColosseumBuilder:CreateBrazier (UnityEngine.Transform,UnityEngine.Vector3) (at Assets/Scripts/Arena/Visuals/ArenaColosseumBuilder.cs:437)
QuizBattle.Arena.Visuals.ArenaColosseumBuilder:CreateCornerBraziers (UnityEngine.Transform,UnityEngine.Vector3,single,single) (at Assets/Scripts/Arena/Visuals/ArenaColosseumBuilder.cs:400)
QuizBattle.Arena.Visuals.ArenaColosseumBuilder:Build (UnityEngine.Transform,int,int,single) (at Assets/Scripts/Arena/Visuals/ArenaColosseumBuilder.cs:28)
QuizBattle.Arena.GridController:BuildGrid (int,int,int) (at Assets/Scripts/Arena/GridController.cs:49)
ArenaDemoRunner:RunVfxShowcase () (at Assets/Editor/ArenaDemoRunner.cs:68)
ArenaDemoRunner:Run () (at Assets/Editor/ArenaDemoRunner.cs:23)

[Assets/Scripts/Arena/GridController.cs line 49]

FireCore: Destroy may not be called from edit mode! Use DestroyImmediate instead.
Destroying an object in edit mode destroys it permanently
UnityEngine.Debug:ExtractStackTraceNoAlloc (byte*,int,string)
UnityEngine.StackTraceUtility:ExtractStackTrace ()
UnityEngine.Object:Destroy (UnityEngine.Object,single)
UnityEngine.Object:Destroy (UnityEngine.Object)
QuizBattle.Arena.Visuals.ArenaColosseumBuilder:CreateBrazier (UnityEngine.Transform,UnityEngine.Vector3) (at Assets/Scripts/Arena/Visuals/ArenaColosseumBuilder.cs:446)
QuizBattle.Arena.Visuals.ArenaColosseumBuilder:CreateCornerBraziers (UnityEngine.Transform,UnityEngine.Vector3,single,single) (at Assets/Scripts/Arena/Visuals/ArenaColosseumBuilder.cs:400)
QuizBattle.Arena.Visuals.ArenaColosseumBuilder:Build (UnityEngine.Transform,int,int,single) (at Assets/Scripts/Arena/Visuals/ArenaColosseumBuilder.cs:28)
QuizBattle.Arena.GridController:BuildGrid (int,int,int) (at Assets/Scripts/Arena/GridController.cs:49)
ArenaDemoRunner:RunVfxShowcase () (at Assets/Editor/ArenaDemoRunner.cs:68)
ArenaDemoRunner:Run () (at Assets/Editor/ArenaDemoRunner.cs:23)

[Assets/Scripts/Arena/GridController.cs line 49]

Water: Destroy may not be called from edit mode! Use DestroyImmediate instead.
Destroying an object in edit mode destroys it permanently
UnityEngine.Debug:ExtractStackTraceNoAlloc (byte*,int,string)
UnityEngine.StackTraceUtility:ExtractStackTrace ()
UnityEngine.Object:Destroy (UnityEngine.Object,single)
UnityEngine.Object:Destroy (UnityEngine.Object)
QuizBattle.Arena.Visuals.ArenaColosseumBuilder:CreateWaterMoatAndBridges (UnityEngine.Transform,UnityEngine.Vector3,single,single) (at Assets/Scripts/Arena/Visuals/ArenaColosseumBuilder.cs:532)
QuizBattle.Arena.Visuals.ArenaColosseumBuilder:Build (UnityEngine.Transform,int,int,single) (at Assets/Scripts/Arena/Visuals/ArenaColosseumBuilder.cs:29)
QuizBattle.Arena.GridController:BuildGrid (int,int,int) (at Assets/Scripts/Arena/GridController.cs:49)
ArenaDemoRunner:RunVfxShowcase () (at Assets/Editor/ArenaDemoRunner.cs:68)
ArenaDemoRunner:Run () (at Assets/Editor/ArenaDemoRunner.cs:23)

[Assets/Scripts/Arena/GridController.cs line 49]

Planks: Destroy may not be called from edit mode! Use DestroyImmediate instead.
Destroying an object in edit mode destroys it permanently
UnityEngine.Debug:ExtractStackTraceNoAlloc (byte*,int,string)
UnityEngine.StackTraceUtility:ExtractStackTrace ()
UnityEngine.Object:Destroy (UnityEngine.Object,single)
UnityEngine.Object:Destroy (UnityEngine.Object)
QuizBattle.Arena.Visuals.ArenaColosseumBuilder:CreateBridge (UnityEngine.Transform,UnityEngine.Vector3) (at Assets/Scripts/Arena/Visuals/ArenaColosseumBuilder.cs:565)
QuizBattle.Arena.Visuals.ArenaColosseumBuilder:CreateWaterMoatAndBridges (UnityEngine.Transform,UnityEngine.Vector3,single,single) (at Assets/Scripts/Arena/Visuals/ArenaColosseumBuilder.cs:548)
QuizBattle.Arena.Visuals.ArenaColosseumBuilder:Build (UnityEngine.Transform,int,int,single) (at Assets/Scripts/Arena/Visuals/ArenaColosseumBuilder.cs:29)
QuizBattle.Arena.GridController:BuildGrid (int,int,int) (at Assets/Scripts/Arena/GridController.cs:49)
ArenaDemoRunner:RunVfxShowcase () (at Assets/Editor/ArenaDemoRunner.cs:68)
ArenaDemoRunner:Run () (at Assets/Editor/ArenaDemoRunner.cs:23)

[Assets/Scripts/Arena/GridController.cs line 49]

Rail: Destroy may not be called from edit mode! Use DestroyImmediate instead.
Destroying an object in edit mode destroys it permanently
UnityEngine.Debug:ExtractStackTraceNoAlloc (byte*,int,string)
UnityEngine.StackTraceUtility:ExtractStackTrace ()
UnityEngine.Object:Destroy (UnityEngine.Object,single)
UnityEngine.Object:Destroy (UnityEngine.Object)
QuizBattle.Arena.Visuals.ArenaColosseumBuilder:CreateBridge (UnityEngine.Transform,UnityEngine.Vector3) (at Assets/Scripts/Arena/Visuals/ArenaColosseumBuilder.cs:576)
QuizBattle.Arena.Visuals.ArenaColosseumBuilder:CreateWaterMoatAndBridges (UnityEngine.Transform,UnityEngine.Vector3,single,single) (at Assets/Scripts/Arena/Visuals/ArenaColosseumBuilder.cs:548)
QuizBattle.Arena.Visuals.ArenaColosseumBuilder:Build (UnityEngine.Transform,int,int,single) (at Assets/Scripts/Arena/Visuals/ArenaColosseumBuilder.cs:29)
QuizBattle.Arena.GridController:BuildGrid (int,int,int) (at Assets/Scripts/Arena/GridController.cs:49)
ArenaDemoRunner:RunVfxShowcase () (at Assets/Editor/ArenaDemoRunner.cs:68)
ArenaDemoRunner:Run () (at Assets/Editor/ArenaDemoRunner.cs:23)

[Assets/Scripts/Arena/GridController.cs line 49]

Rail: Destroy may not be called from edit mode! Use DestroyImmediate instead.
Destroying an object in edit mode destroys it permanently
UnityEngine.Debug:ExtractStackTraceNoAlloc (byte*,int,string)
UnityEngine.StackTraceUtility:ExtractStackTrace ()
UnityEngine.Object:Destroy (UnityEngine.Object,single)
UnityEngine.Object:Destroy (UnityEngine.Object)
QuizBattle.Arena.Visuals.ArenaColosseumBuilder:CreateBridge (UnityEngine.Transform,UnityEngine.Vector3) (at Assets/Scripts/Arena/Visuals/ArenaColosseumBuilder.cs:576)
QuizBattle.Arena.Visuals.ArenaColosseumBuilder:CreateWaterMoatAndBridges (UnityEngine.Transform,UnityEngine.Vector3,single,single) (at Assets/Scripts/Arena/Visuals/ArenaColosseumBuilder.cs:548)
QuizBattle.Arena.Visuals.ArenaColosseumBuilder:Build (UnityEngine.Transform,int,int,single) (at Assets/Scripts/Arena/Visuals/ArenaColosseumBuilder.cs:29)
QuizBattle.Arena.GridController:BuildGrid (int,int,int) (at Assets/Scripts/Arena/GridController.cs:49)
ArenaDemoRunner:RunVfxShowcase () (at Assets/Editor/ArenaDemoRunner.cs:68)
ArenaDemoRunner:Run () (at Assets/Editor/ArenaDemoRunner.cs:23)

[Assets/Scripts/Arena/GridController.cs line 49]

Planks: Destroy may not be called from edit mode! Use DestroyImmediate instead.
Destroying an object in edit mode destroys it permanently
UnityEngine.Debug:ExtractStackTraceNoAlloc (byte*,int,string)
UnityEngine.StackTraceUtility:ExtractStackTrace ()
UnityEngine.Object:Destroy (UnityEngine.Object,single)
UnityEngine.Object:Destroy (UnityEngine.Object)
QuizBattle.Arena.Visuals.ArenaColosseumBuilder:CreateBridge (UnityEngine.Transform,UnityEngine.Vector3) (at Assets/Scripts/Arena/Visuals/ArenaColosseumBuilder.cs:565)
QuizBattle.Arena.Visuals.ArenaColosseumBuilder:CreateWaterMoatAndBridges (UnityEngine.Transform,UnityEngine.Vector3,single,single) (at Assets/Scripts/Arena/Visuals/ArenaColosseumBuilder.cs:549)
QuizBattle.Arena.Visuals.ArenaColosseumBuilder:Build (UnityEngine.Transform,int,int,single) (at Assets/Scripts/Arena/Visuals/ArenaColosseumBuilder.cs:29)
QuizBattle.Arena.GridController:BuildGrid (int,int,int) (at Assets/Scripts/Arena/GridController.cs:49)
ArenaDemoRunner:RunVfxShowcase () (at Assets/Editor/ArenaDemoRunner.cs:68)
ArenaDemoRunner:Run () (at Assets/Editor/ArenaDemoRunner.cs:23)

[Assets/Scripts/Arena/GridController.cs line 49]

Rail: Destroy may not be called from edit mode! Use DestroyImmediate instead.
Destroying an object in edit mode destroys it permanently
UnityEngine.Debug:ExtractStackTraceNoAlloc (byte*,int,string)
UnityEngine.StackTraceUtility:ExtractStackTrace ()
UnityEngine.Object:Destroy (UnityEngine.Object,single)
UnityEngine.Object:Destroy (UnityEngine.Object)
QuizBattle.Arena.Visuals.ArenaColosseumBuilder:CreateBridge (UnityEngine.Transform,UnityEngine.Vector3) (at Assets/Scripts/Arena/Visuals/ArenaColosseumBuilder.cs:576)
QuizBattle.Arena.Visuals.ArenaColosseumBuilder:CreateWaterMoatAndBridges (UnityEngine.Transform,UnityEngine.Vector3,single,single) (at Assets/Scripts/Arena/Visuals/ArenaColosseumBuilder.cs:549)
QuizBattle.Arena.Visuals.ArenaColosseumBuilder:Build (UnityEngine.Transform,int,int,single) (at Assets/Scripts/Arena/Visuals/ArenaColosseumBuilder.cs:29)
QuizBattle.Arena.GridController:BuildGrid (int,int,int) (at Assets/Scripts/Arena/GridController.cs:49)
ArenaDemoRunner:RunVfxShowcase () (at Assets/Editor/ArenaDemoRunner.cs:68)
ArenaDemoRunner:Run () (at Assets/Editor/ArenaDemoRunner.cs:23)

[Assets/Scripts/Arena/GridController.cs line 49]

Rail: Destroy may not be called from edit mode! Use DestroyImmediate instead.
Destroying an object in edit mode destroys it permanently
UnityEngine.Debug:ExtractStackTraceNoAlloc (byte*,int,string)
UnityEngine.StackTraceUtility:ExtractStackTrace ()
UnityEngine.Object:Destroy (UnityEngine.Object,single)
UnityEngine.Object:Destroy (UnityEngine.Object)
QuizBattle.Arena.Visuals.ArenaColosseumBuilder:CreateBridge (UnityEngine.Transform,UnityEngine.Vector3) (at Assets/Scripts/Arena/Visuals/ArenaColosseumBuilder.cs:576)
QuizBattle.Arena.Visuals.ArenaColosseumBuilder:CreateWaterMoatAndBridges (UnityEngine.Transform,UnityEngine.Vector3,single,single) (at Assets/Scripts/Arena/Visuals/ArenaColosseumBuilder.cs:549)
QuizBattle.Arena.Visuals.ArenaColosseumBuilder:Build (UnityEngine.Transform,int,int,single) (at Assets/Scripts/Arena/Visuals/ArenaColosseumBuilder.cs:29)
QuizBattle.Arena.GridController:BuildGrid (int,int,int) (at Assets/Scripts/Arena/GridController.cs:49)
ArenaDemoRunner:RunVfxShowcase () (at Assets/Editor/ArenaDemoRunner.cs:68)
ArenaDemoRunner:Run () (at Assets/Editor/ArenaDemoRunner.cs:23)

[Assets/Scripts/Arena/GridController.cs line 49]

Trunk: Destroy may not be called from edit mode! Use DestroyImmediate instead.
Destroying an object in edit mode destroys it permanently
UnityEngine.Debug:ExtractStackTraceNoAlloc (byte*,int,string)
UnityEngine.StackTraceUtility:ExtractStackTrace ()
UnityEngine.Object:Destroy (UnityEngine.Object,single)
UnityEngine.Object:Destroy (UnityEngine.Object)
QuizBattle.Arena.Visuals.ArenaColosseumBuilder:CreateCartoonTree (UnityEngine.Transform,UnityEngine.Vector3) (at Assets/Scripts/Arena/Visuals/ArenaColosseumBuilder.cs:626)
QuizBattle.Arena.Visuals.ArenaColosseumBuilder:CreateFoliageAndProps (UnityEngine.Transform,UnityEngine.Vector3,single,single) (at Assets/Scripts/Arena/Visuals/ArenaColosseumBuilder.cs:602)
QuizBattle.Arena.Visuals.ArenaColosseumBuilder:Build (UnityEngine.Transform,int,int,single) (at Assets/Scripts/Arena/Visuals/ArenaColosseumBuilder.cs:30)
QuizBattle.Arena.GridController:BuildGrid (int,int,int) (at Assets/Scripts/Arena/GridController.cs:49)
ArenaDemoRunner:RunVfxShowcase () (at Assets/Editor/ArenaDemoRunner.cs:68)
ArenaDemoRunner:Run () (at Assets/Editor/ArenaDemoRunner.cs:23)

[Assets/Scripts/Arena/GridController.cs line 49]

FoliagePuff: Destroy may not be called from edit mode! Use DestroyImmediate instead.
Destroying an object in edit mode destroys it permanently
UnityEngine.Debug:ExtractStackTraceNoAlloc (byte*,int,string)
UnityEngine.StackTraceUtility:ExtractStackTrace ()
UnityEngine.Object:Destroy (UnityEngine.Object,single)
UnityEngine.Object:Destroy (UnityEngine.Object)
QuizBattle.Arena.Visuals.ArenaColosseumBuilder:CreateCartoonTree (UnityEngine.Transform,UnityEngine.Vector3) (at Assets/Scripts/Arena/Visuals/ArenaColosseumBuilder.cs:645)
QuizBattle.Arena.Visuals.ArenaColosseumBuilder:CreateFoliageAndProps (UnityEngine.Transform,UnityEngine.Vector3,single,single) (at Assets/Scripts/Arena/Visuals/ArenaColosseumBuilder.cs:602)
QuizBattle.Arena.Visuals.ArenaColosseumBuilder:Build (UnityEngine.Transform,int,int,single) (at Assets/Scripts/Arena/Visuals/ArenaColosseumBuilder.cs:30)
QuizBattle.Arena.GridController:BuildGrid (int,int,int) (at Assets/Scripts/Arena/GridController.cs:49)
ArenaDemoRunner:RunVfxShowcase () (at Assets/Editor/ArenaDemoRunner.cs:68)
ArenaDemoRunner:Run () (at Assets/Editor/ArenaDemoRunner.cs:23)

[Assets/Scripts/Arena/GridController.cs line 49]

FoliagePuff: Destroy may not be called from edit mode! Use DestroyImmediate instead.
Destroying an object in edit mode destroys it permanently
UnityEngine.Debug:ExtractStackTraceNoAlloc (byte*,int,string)
UnityEngine.StackTraceUtility:ExtractStackTrace ()
UnityEngine.Object:Destroy (UnityEngine.Object,single)
UnityEngine.Object:Destroy (UnityEngine.Object)
QuizBattle.Arena.Visuals.ArenaColosseumBuilder:CreateCartoonTree (UnityEngine.Transform,UnityEngine.Vector3) (at Assets/Scripts/Arena/Visuals/ArenaColosseumBuilder.cs:645)
QuizBattle.Arena.Visuals.ArenaColosseumBuilder:CreateFoliageAndProps (UnityEngine.Transform,UnityEngine.Vector3,single,single) (at Assets/Scripts/Arena/Visuals/ArenaColosseumBuilder.cs:602)
QuizBattle.Arena.Visuals.ArenaColosseumBuilder:Build (UnityEngine.Transform,int,int,single) (at Assets/Scripts/Arena/Visuals/ArenaColosseumBuilder.cs:30)
QuizBattle.Arena.GridController:BuildGrid (int,int,int) (at Assets/Scripts/Arena/GridController.cs:49)
ArenaDemoRunner:RunVfxShowcase () (at Assets/Editor/ArenaDemoRunner.cs:68)
ArenaDemoRunner:Run () (at Assets/Editor/ArenaDemoRunner.cs:23)

[Assets/Scripts/Arena/GridController.cs line 49]

FoliagePuff: Destroy may not be called from edit mode! Use DestroyImmediate instead.
Destroying an object in edit mode destroys it permanently
UnityEngine.Debug:ExtractStackTraceNoAlloc (byte*,int,string)
UnityEngine.StackTraceUtility:ExtractStackTrace ()
UnityEngine.Object:Destroy (UnityEngine.Object,single)
UnityEngine.Object:Destroy (UnityEngine.Object)
QuizBattle.Arena.Visuals.ArenaColosseumBuilder:CreateCartoonTree (UnityEngine.Transform,UnityEngine.Vector3) (at Assets/Scripts/Arena/Visuals/ArenaColosseumBuilder.cs:645)
QuizBattle.Arena.Visuals.ArenaColosseumBuilder:CreateFoliageAndProps (UnityEngine.Transform,UnityEngine.Vector3,single,single) (at Assets/Scripts/Arena/Visuals/ArenaColosseumBuilder.cs:602)
QuizBattle.Arena.Visuals.ArenaColosseumBuilder:Build (UnityEngine.Transform,int,int,single) (at Assets/Scripts/Arena/Visuals/ArenaColosseumBuilder.cs:30)
QuizBattle.Arena.GridController:BuildGrid (int,int,int) (at Assets/Scripts/Arena/GridController.cs:49)
ArenaDemoRunner:RunVfxShowcase () (at Assets/Editor/ArenaDemoRunner.cs:68)
ArenaDemoRunner:Run () (at Assets/Editor/ArenaDemoRunner.cs:23)

[Assets/Scripts/Arena/GridController.cs line 49]

FoliagePuff: Destroy may not be called from edit mode! Use DestroyImmediate instead.
Destroying an object in edit mode destroys it permanently
UnityEngine.Debug:ExtractStackTraceNoAlloc (byte*,int,string)
UnityEngine.StackTraceUtility:ExtractStackTrace ()
UnityEngine.Object:Destroy (UnityEngine.Object,single)
UnityEngine.Object:Destroy (UnityEngine.Object)
QuizBattle.Arena.Visuals.ArenaColosseumBuilder:CreateCartoonTree (UnityEngine.Transform,UnityEngine.Vector3) (at Assets/Scripts/Arena/Visuals/ArenaColosseumBuilder.cs:645)
QuizBattle.Arena.Visuals.ArenaColosseumBuilder:CreateFoliageAndProps (UnityEngine.Transform,UnityEngine.Vector3,single,single) (at Assets/Scripts/Arena/Visuals/ArenaColosseumBuilder.cs:602)
QuizBattle.Arena.Visuals.ArenaColosseumBuilder:Build (UnityEngine.Transform,int,int,single) (at Assets/Scripts/Arena/Visuals/ArenaColosseumBuilder.cs:30)
QuizBattle.Arena.GridController:BuildGrid (int,int,int) (at Assets/Scripts/Arena/GridController.cs:49)
ArenaDemoRunner:RunVfxShowcase () (at Assets/Editor/ArenaDemoRunner.cs:68)
ArenaDemoRunner:Run () (at Assets/Editor/ArenaDemoRunner.cs:23)

[Assets/Scripts/Arena/GridController.cs line 49]

Trunk: Destroy may not be called from edit mode! Use DestroyImmediate instead.
Destroying an object in edit mode destroys it permanently
UnityEngine.Debug:ExtractStackTraceNoAlloc (byte*,int,string)
UnityEngine.StackTraceUtility:ExtractStackTrace ()
UnityEngine.Object:Destroy (UnityEngine.Object,single)
UnityEngine.Object:Destroy (UnityEngine.Object)
QuizBattle.Arena.Visuals.ArenaColosseumBuilder:CreateCartoonTree (UnityEngine.Transform,UnityEngine.Vector3) (at Assets/Scripts/Arena/Visuals/ArenaColosseumBuilder.cs:626)
QuizBattle.Arena.Visuals.ArenaColosseumBuilder:CreateFoliageAndProps (UnityEngine.Transform,UnityEngine.Vector3,single,single) (at Assets/Scripts/Arena/Visuals/ArenaColosseumBuilder.cs:602)
QuizBattle.Arena.Visuals.ArenaColosseumBuilder:Build (UnityEngine.Transform,int,int,single) (at Assets/Scripts/Arena/Visuals/ArenaColosseumBuilder.cs:30)
QuizBattle.Arena.GridController:BuildGrid (int,int,int) (at Assets/Scripts/Arena/GridController.cs:49)
ArenaDemoRunner:RunVfxShowcase () (at Assets/Editor/ArenaDemoRunner.cs:68)
ArenaDemoRunner:Run () (at Assets/Editor/ArenaDemoRunner.cs:23)

[Assets/Scripts/Arena/GridController.cs line 49]

FoliagePuff: Destroy may not be called from edit mode! Use DestroyImmediate instead.
Destroying an object in edit mode destroys it permanently
UnityEngine.Debug:ExtractStackTraceNoAlloc (byte*,int,string)
UnityEngine.StackTraceUtility:ExtractStackTrace ()
UnityEngine.Object:Destroy (UnityEngine.Object,single)
UnityEngine.Object:Destroy (UnityEngine.Object)
QuizBattle.Arena.Visuals.ArenaColosseumBuilder:CreateCartoonTree (UnityEngine.Transform,UnityEngine.Vector3) (at Assets/Scripts/Arena/Visuals/ArenaColosseumBuilder.cs:645)
QuizBattle.Arena.Visuals.ArenaColosseumBuilder:CreateFoliageAndProps (UnityEngine.Transform,UnityEngine.Vector3,single,single) (at Assets/Scripts/Arena/Visuals/ArenaColosseumBuilder.cs:602)
QuizBattle.Arena.Visuals.ArenaColosseumBuilder:Build (UnityEngine.Transform,int,int,single) (at Assets/Scripts/Arena/Visuals/ArenaColosseumBuilder.cs:30)
QuizBattle.Arena.GridController:BuildGrid (int,int,int) (at Assets/Scripts/Arena/GridController.cs:49)
ArenaDemoRunner:RunVfxShowcase () (at Assets/Editor/ArenaDemoRunner.cs:68)
ArenaDemoRunner:Run () (at Assets/Editor/ArenaDemoRunner.cs:23)

[Assets/Scripts/Arena/GridController.cs line 49]

FoliagePuff: Destroy may not be called from edit mode! Use DestroyImmediate instead.
Destroying an object in edit mode destroys it permanently
UnityEngine.Debug:ExtractStackTraceNoAlloc (byte*,int,string)
UnityEngine.StackTraceUtility:ExtractStackTrace ()
UnityEngine.Object:Destroy (UnityEngine.Object,single)
UnityEngine.Object:Destroy (UnityEngine.Object)
QuizBattle.Arena.Visuals.ArenaColosseumBuilder:CreateCartoonTree (UnityEngine.Transform,UnityEngine.Vector3) (at Assets/Scripts/Arena/Visuals/ArenaColosseumBuilder.cs:645)
QuizBattle.Arena.Visuals.ArenaColosseumBuilder:CreateFoliageAndProps (UnityEngine.Transform,UnityEngine.Vector3,single,single) (at Assets/Scripts/Arena/Visuals/ArenaColosseumBuilder.cs:602)
QuizBattle.Arena.Visuals.ArenaColosseumBuilder:Build (UnityEngine.Transform,int,int,single) (at Assets/Scripts/Arena/Visuals/ArenaColosseumBuilder.cs:30)
QuizBattle.Arena.GridController:BuildGrid (int,int,int) (at Assets/Scripts/Arena/GridController.cs:49)
ArenaDemoRunner:RunVfxShowcase () (at Assets/Editor/ArenaDemoRunner.cs:68)
ArenaDemoRunner:Run () (at Assets/Editor/ArenaDemoRunner.cs:23)

[Assets/Scripts/Arena/GridController.cs line 49]

FoliagePuff: Destroy may not be called from edit mode! Use DestroyImmediate instead.
Destroying an object in edit mode destroys it permanently
UnityEngine.Debug:ExtractStackTraceNoAlloc (byte*,int,string)
UnityEngine.StackTraceUtility:ExtractStackTrace ()
UnityEngine.Object:Destroy (UnityEngine.Object,single)
UnityEngine.Object:Destroy (UnityEngine.Object)
QuizBattle.Arena.Visuals.ArenaColosseumBuilder:CreateCartoonTree (UnityEngine.Transform,UnityEngine.Vector3) (at Assets/Scripts/Arena/Visuals/ArenaColosseumBuilder.cs:645)
QuizBattle.Arena.Visuals.ArenaColosseumBuilder:CreateFoliageAndProps (UnityEngine.Transform,UnityEngine.Vector3,single,single) (at Assets/Scripts/Arena/Visuals/ArenaColosseumBuilder.cs:602)
QuizBattle.Arena.Visuals.ArenaColosseumBuilder:Build (UnityEngine.Transform,int,int,single) (at Assets/Scripts/Arena/Visuals/ArenaColosseumBuilder.cs:30)
QuizBattle.Arena.GridController:BuildGrid (int,int,int) (at Assets/Scripts/Arena/GridController.cs:49)
ArenaDemoRunner:RunVfxShowcase () (at Assets/Editor/ArenaDemoRunner.cs:68)
ArenaDemoRunner:Run () (at Assets/Editor/ArenaDemoRunner.cs:23)

[Assets/Scripts/Arena/GridController.cs line 49]

FoliagePuff: Destroy may not be called from edit mode! Use DestroyImmediate instead.
Destroying an object in edit mode destroys it permanently
UnityEngine.Debug:ExtractStackTraceNoAlloc (byte*,int,string)
UnityEngine.StackTraceUtility:ExtractStackTrace ()
UnityEngine.Object:Destroy (UnityEngine.Object,single)
UnityEngine.Object:Destroy (UnityEngine.Object)
QuizBattle.Arena.Visuals.ArenaColosseumBuilder:CreateCartoonTree (UnityEngine.Transform,UnityEngine.Vector3) (at Assets/Scripts/Arena/Visuals/ArenaColosseumBuilder.cs:645)
QuizBattle.Arena.Visuals.ArenaColosseumBuilder:CreateFoliageAndProps (UnityEngine.Transform,UnityEngine.Vector3,single,single) (at Assets/Scripts/Arena/Visuals/ArenaColosseumBuilder.cs:602)
QuizBattle.Arena.Visuals.ArenaColosseumBuilder:Build (UnityEngine.Transform,int,int,single) (at Assets/Scripts/Arena/Visuals/ArenaColosseumBuilder.cs:30)
QuizBattle.Arena.GridController:BuildGrid (int,int,int) (at Assets/Scripts/Arena/GridController.cs:49)
ArenaDemoRunner:RunVfxShowcase () (at Assets/Editor/ArenaDemoRunner.cs:68)
ArenaDemoRunner:Run () (at Assets/Editor/ArenaDemoRunner.cs:23)

[Assets/Scripts/Arena/GridController.cs line 49]

Trunk: Destroy may not be called from edit mode! Use DestroyImmediate instead.
Destroying an object in edit mode destroys it permanently
UnityEngine.Debug:ExtractStackTraceNoAlloc (byte*,int,string)
UnityEngine.StackTraceUtility:ExtractStackTrace ()
UnityEngine.Object:Destroy (UnityEngine.Object,single)
UnityEngine.Object:Destroy (UnityEngine.Object)
QuizBattle.Arena.Visuals.ArenaColosseumBuilder:CreateCartoonTree (UnityEngine.Transform,UnityEngine.Vector3) (at Assets/Scripts/Arena/Visuals/ArenaColosseumBuilder.cs:626)
QuizBattle.Arena.Visuals.ArenaColosseumBuilder:CreateFoliageAndProps (UnityEngine.Transform,UnityEngine.Vector3,single,single) (at Assets/Scripts/Arena/Visuals/ArenaColosseumBuilder.cs:602)
QuizBattle.Arena.Visuals.ArenaColosseumBuilder:Build (UnityEngine.Transform,int,int,single) (at Assets/Scripts/Arena/Visuals/ArenaColosseumBuilder.cs:30)
QuizBattle.Arena.GridController:BuildGrid (int,int,int) (at Assets/Scripts/Arena/GridController.cs:49)
ArenaDemoRunner:RunVfxShowcase () (at Assets/Editor/ArenaDemoRunner.cs:68)
ArenaDemoRunner:Run () (at Assets/Editor/ArenaDemoRunner.cs:23)

[Assets/Scripts/Arena/GridController.cs line 49]

FoliagePuff: Destroy may not be called from edit mode! Use DestroyImmediate instead.
Destroying an object in edit mode destroys it permanently
UnityEngine.Debug:ExtractStackTraceNoAlloc (byte*,int,string)
UnityEngine.StackTraceUtility:ExtractStackTrace ()
UnityEngine.Object:Destroy (UnityEngine.Object,single)
UnityEngine.Object:Destroy (UnityEngine.Object)
QuizBattle.Arena.Visuals.ArenaColosseumBuilder:CreateCartoonTree (UnityEngine.Transform,UnityEngine.Vector3) (at Assets/Scripts/Arena/Visuals/ArenaColosseumBuilder.cs:645)
QuizBattle.Arena.Visuals.ArenaColosseumBuilder:CreateFoliageAndProps (UnityEngine.Transform,UnityEngine.Vector3,single,single) (at Assets/Scripts/Arena/Visuals/ArenaColosseumBuilder.cs:602)
QuizBattle.Arena.Visuals.ArenaColosseumBuilder:Build (UnityEngine.Transform,int,int,single) (at Assets/Scripts/Arena/Visuals/ArenaColosseumBuilder.cs:30)
QuizBattle.Arena.GridController:BuildGrid (int,int,int) (at Assets/Scripts/Arena/GridController.cs:49)
ArenaDemoRunner:RunVfxShowcase () (at Assets/Editor/ArenaDemoRunner.cs:68)
ArenaDemoRunner:Run () (at Assets/Editor/ArenaDemoRunner.cs:23)

[Assets/Scripts/Arena/GridController.cs line 49]

FoliagePuff: Destroy may not be called from edit mode! Use DestroyImmediate instead.
Destroying an object in edit mode destroys it permanently
UnityEngine.Debug:ExtractStackTraceNoAlloc (byte*,int,string)
UnityEngine.StackTraceUtility:ExtractStackTrace ()
UnityEngine.Object:Destroy (UnityEngine.Object,single)
UnityEngine.Object:Destroy (UnityEngine.Object)
QuizBattle.Arena.Visuals.ArenaColosseumBuilder:CreateCartoonTree (UnityEngine.Transform,UnityEngine.Vector3) (at Assets/Scripts/Arena/Visuals/ArenaColosseumBuilder.cs:645)
QuizBattle.Arena.Visuals.ArenaColosseumBuilder:CreateFoliageAndProps (UnityEngine.Transform,UnityEngine.Vector3,single,single) (at Assets/Scripts/Arena/Visuals/ArenaColosseumBuilder.cs:602)
QuizBattle.Arena.Visuals.ArenaColosseumBuilder:Build (UnityEngine.Transform,int,int,single) (at Assets/Scripts/Arena/Visuals/ArenaColosseumBuilder.cs:30)
QuizBattle.Arena.GridController:BuildGrid (int,int,int) (at Assets/Scripts/Arena/GridController.cs:49)
ArenaDemoRunner:RunVfxShowcase () (at Assets/Editor/ArenaDemoRunner.cs:68)
ArenaDemoRunner:Run () (at Assets/Editor/ArenaDemoRunner.cs:23)

[Assets/Scripts/Arena/GridController.cs line 49]

FoliagePuff: Destroy may not be called from edit mode! Use DestroyImmediate instead.
Destroying an object in edit mode destroys it permanently
UnityEngine.Debug:ExtractStackTraceNoAlloc (byte*,int,string)
UnityEngine.StackTraceUtility:ExtractStackTrace ()
UnityEngine.Object:Destroy (UnityEngine.Object,single)
UnityEngine.Object:Destroy (UnityEngine.Object)
QuizBattle.Arena.Visuals.ArenaColosseumBuilder:CreateCartoonTree (UnityEngine.Transform,UnityEngine.Vector3) (at Assets/Scripts/Arena/Visuals/ArenaColosseumBuilder.cs:645)
QuizBattle.Arena.Visuals.ArenaColosseumBuilder:CreateFoliageAndProps (UnityEngine.Transform,UnityEngine.Vector3,single,single) (at Assets/Scripts/Arena/Visuals/ArenaColosseumBuilder.cs:602)
QuizBattle.Arena.Visuals.ArenaColosseumBuilder:Build (UnityEngine.Transform,int,int,single) (at Assets/Scripts/Arena/Visuals/ArenaColosseumBuilder.cs:30)
QuizBattle.Arena.GridController:BuildGrid (int,int,int) (at Assets/Scripts/Arena/GridController.cs:49)
ArenaDemoRunner:RunVfxShowcase () (at Assets/Editor/ArenaDemoRunner.cs:68)
ArenaDemoRunner:Run () (at Assets/Editor/ArenaDemoRunner.cs:23)

[Assets/Scripts/Arena/GridController.cs line 49]

FoliagePuff: Destroy may not be called from edit mode! Use DestroyImmediate instead.
Destroying an object in edit mode destroys it permanently
UnityEngine.Debug:ExtractStackTraceNoAlloc (byte*,int,string)
UnityEngine.StackTraceUtility:ExtractStackTrace ()
UnityEngine.Object:Destroy (UnityEngine.Object,single)
UnityEngine.Object:Destroy (UnityEngine.Object)
QuizBattle.Arena.Visuals.ArenaColosseumBuilder:CreateCartoonTree (UnityEngine.Transform,UnityEngine.Vector3) (at Assets/Scripts/Arena/Visuals/ArenaColosseumBuilder.cs:645)
QuizBattle.Arena.Visuals.ArenaColosseumBuilder:CreateFoliageAndProps (UnityEngine.Transform,UnityEngine.Vector3,single,single) (at Assets/Scripts/Arena/Visuals/ArenaColosseumBuilder.cs:602)
QuizBattle.Arena.Visuals.ArenaColosseumBuilder:Build (UnityEngine.Transform,int,int,single) (at Assets/Scripts/Arena/Visuals/ArenaColosseumBuilder.cs:30)
QuizBattle.Arena.GridController:BuildGrid (int,int,int) (at Assets/Scripts/Arena/GridController.cs:49)
ArenaDemoRunner:RunVfxShowcase () (at Assets/Editor/ArenaDemoRunner.cs:68)
ArenaDemoRunner:Run () (at Assets/Editor/ArenaDemoRunner.cs:23)

[Assets/Scripts/Arena/GridController.cs line 49]

Trunk: Destroy may not be called from edit mode! Use DestroyImmediate instead.
Destroying an object in edit mode destroys it permanently
UnityEngine.Debug:ExtractStackTraceNoAlloc (byte*,int,string)
UnityEngine.StackTraceUtility:ExtractStackTrace ()
UnityEngine.Object:Destroy (UnityEngine.Object,single)
UnityEngine.Object:Destroy (UnityEngine.Object)
QuizBattle.Arena.Visuals.ArenaColosseumBuilder:CreateCartoonTree (UnityEngine.Transform,UnityEngine.Vector3) (at Assets/Scripts/Arena/Visuals/ArenaColosseumBuilder.cs:626)
QuizBattle.Arena.Visuals.ArenaColosseumBuilder:CreateFoliageAndProps (UnityEngine.Transform,UnityEngine.Vector3,single,single) (at Assets/Scripts/Arena/Visuals/ArenaColosseumBuilder.cs:602)
QuizBattle.Arena.Visuals.ArenaColosseumBuilder:Build (UnityEngine.Transform,int,int,single) (at Assets/Scripts/Arena/Visuals/ArenaColosseumBuilder.cs:30)
QuizBattle.Arena.GridController:BuildGrid (int,int,int) (at Assets/Scripts/Arena/GridController.cs:49)
ArenaDemoRunner:RunVfxShowcase () (at Assets/Editor/ArenaDemoRunner.cs:68)
ArenaDemoRunner:Run () (at Assets/Editor/ArenaDemoRunner.cs:23)

[Assets/Scripts/Arena/GridController.cs line 49]

FoliagePuff: Destroy may not be called from edit mode! Use DestroyImmediate instead.
Destroying an object in edit mode destroys it permanently
UnityEngine.Debug:ExtractStackTraceNoAlloc (byte*,int,string)
UnityEngine.StackTraceUtility:ExtractStackTrace ()
UnityEngine.Object:Destroy (UnityEngine.Object,single)
UnityEngine.Object:Destroy (UnityEngine.Object)
QuizBattle.Arena.Visuals.ArenaColosseumBuilder:CreateCartoonTree (UnityEngine.Transform,UnityEngine.Vector3) (at Assets/Scripts/Arena/Visuals/ArenaColosseumBuilder.cs:645)
QuizBattle.Arena.Visuals.ArenaColosseumBuilder:CreateFoliageAndProps (UnityEngine.Transform,UnityEngine.Vector3,single,single) (at Assets/Scripts/Arena/Visuals/ArenaColosseumBuilder.cs:602)
QuizBattle.Arena.Visuals.ArenaColosseumBuilder:Build (UnityEngine.Transform,int,int,single) (at Assets/Scripts/Arena/Visuals/ArenaColosseumBuilder.cs:30)
QuizBattle.Arena.GridController:BuildGrid (int,int,int) (at Assets/Scripts/Arena/GridController.cs:49)
ArenaDemoRunner:RunVfxShowcase () (at Assets/Editor/ArenaDemoRunner.cs:68)
ArenaDemoRunner:Run () (at Assets/Editor/ArenaDemoRunner.cs:23)

[Assets/Scripts/Arena/GridController.cs line 49]

FoliagePuff: Destroy may not be called from edit mode! Use DestroyImmediate instead.
Destroying an object in edit mode destroys it permanently
UnityEngine.Debug:ExtractStackTraceNoAlloc (byte*,int,string)
UnityEngine.StackTraceUtility:ExtractStackTrace ()
UnityEngine.Object:Destroy (UnityEngine.Object,single)
UnityEngine.Object:Destroy (UnityEngine.Object)
QuizBattle.Arena.Visuals.ArenaColosseumBuilder:CreateCartoonTree (UnityEngine.Transform,UnityEngine.Vector3) (at Assets/Scripts/Arena/Visuals/ArenaColosseumBuilder.cs:645)
QuizBattle.Arena.Visuals.ArenaColosseumBuilder:CreateFoliageAndProps (UnityEngine.Transform,UnityEngine.Vector3,single,single) (at Assets/Scripts/Arena/Visuals/ArenaColosseumBuilder.cs:602)
QuizBattle.Arena.Visuals.ArenaColosseumBuilder:Build (UnityEngine.Transform,int,int,single) (at Assets/Scripts/Arena/Visuals/ArenaColosseumBuilder.cs:30)
QuizBattle.Arena.GridController:BuildGrid (int,int,int) (at Assets/Scripts/Arena/GridController.cs:49)
ArenaDemoRunner:RunVfxShowcase () (at Assets/Editor/ArenaDemoRunner.cs:68)
ArenaDemoRunner:Run () (at Assets/Editor/ArenaDemoRunner.cs:23)

[Assets/Scripts/Arena/GridController.cs line 49]

FoliagePuff: Destroy may not be called from edit mode! Use DestroyImmediate instead.
Destroying an object in edit mode destroys it permanently
UnityEngine.Debug:ExtractStackTraceNoAlloc (byte*,int,string)
UnityEngine.StackTraceUtility:ExtractStackTrace ()
UnityEngine.Object:Destroy (UnityEngine.Object,single)
UnityEngine.Object:Destroy (UnityEngine.Object)
QuizBattle.Arena.Visuals.ArenaColosseumBuilder:CreateCartoonTree (UnityEngine.Transform,UnityEngine.Vector3) (at Assets/Scripts/Arena/Visuals/ArenaColosseumBuilder.cs:645)
QuizBattle.Arena.Visuals.ArenaColosseumBuilder:CreateFoliageAndProps (UnityEngine.Transform,UnityEngine.Vector3,single,single) (at Assets/Scripts/Arena/Visuals/ArenaColosseumBuilder.cs:602)
QuizBattle.Arena.Visuals.ArenaColosseumBuilder:Build (UnityEngine.Transform,int,int,single) (at Assets/Scripts/Arena/Visuals/ArenaColosseumBuilder.cs:30)
QuizBattle.Arena.GridController:BuildGrid (int,int,int) (at Assets/Scripts/Arena/GridController.cs:49)
ArenaDemoRunner:RunVfxShowcase () (at Assets/Editor/ArenaDemoRunner.cs:68)
ArenaDemoRunner:Run () (at Assets/Editor/ArenaDemoRunner.cs:23)

[Assets/Scripts/Arena/GridController.cs line 49]

FoliagePuff: Destroy may not be called from edit mode! Use DestroyImmediate instead.
Destroying an object in edit mode destroys it permanently
UnityEngine.Debug:ExtractStackTraceNoAlloc (byte*,int,string)
UnityEngine.StackTraceUtility:ExtractStackTrace ()
UnityEngine.Object:Destroy (UnityEngine.Object,single)
UnityEngine.Object:Destroy (UnityEngine.Object)
QuizBattle.Arena.Visuals.ArenaColosseumBuilder:CreateCartoonTree (UnityEngine.Transform,UnityEngine.Vector3) (at Assets/Scripts/Arena/Visuals/ArenaColosseumBuilder.cs:645)
QuizBattle.Arena.Visuals.ArenaColosseumBuilder:CreateFoliageAndProps (UnityEngine.Transform,UnityEngine.Vector3,single,single) (at Assets/Scripts/Arena/Visuals/ArenaColosseumBuilder.cs:602)
QuizBattle.Arena.Visuals.ArenaColosseumBuilder:Build (UnityEngine.Transform,int,int,single) (at Assets/Scripts/Arena/Visuals/ArenaColosseumBuilder.cs:30)
QuizBattle.Arena.GridController:BuildGrid (int,int,int) (at Assets/Scripts/Arena/GridController.cs:49)
ArenaDemoRunner:RunVfxShowcase () (at Assets/Editor/ArenaDemoRunner.cs:68)
ArenaDemoRunner:Run () (at Assets/Editor/ArenaDemoRunner.cs:23)

[Assets/Scripts/Arena/GridController.cs line 49]

Trunk: Destroy may not be called from edit mode! Use DestroyImmediate instead.
Destroying an object in edit mode destroys it permanently
UnityEngine.Debug:ExtractStackTraceNoAlloc (byte*,int,string)
UnityEngine.StackTraceUtility:ExtractStackTrace ()
UnityEngine.Object:Destroy (UnityEngine.Object,single)
UnityEngine.Object:Destroy (UnityEngine.Object)
QuizBattle.Arena.Visuals.ArenaColosseumBuilder:CreateCartoonTree (UnityEngine.Transform,UnityEngine.Vector3) (at Assets/Scripts/Arena/Visuals/ArenaColosseumBuilder.cs:626)
QuizBattle.Arena.Visuals.ArenaColosseumBuilder:CreateFoliageAndProps (UnityEngine.Transform,UnityEngine.Vector3,single,single) (at Assets/Scripts/Arena/Visuals/ArenaColosseumBuilder.cs:602)
QuizBattle.Arena.Visuals.ArenaColosseumBuilder:Build (UnityEngine.Transform,int,int,single) (at Assets/Scripts/Arena/Visuals/ArenaColosseumBuilder.cs:30)
QuizBattle.Arena.GridController:BuildGrid (int,int,int) (at Assets/Scripts/Arena/GridController.cs:49)
ArenaDemoRunner:RunVfxShowcase () (at Assets/Editor/ArenaDemoRunner.cs:68)
ArenaDemoRunner:Run () (at Assets/Editor/ArenaDemoRunner.cs:23)

[Assets/Scripts/Arena/GridController.cs line 49]

FoliagePuff: Destroy may not be called from edit mode! Use DestroyImmediate instead.
Destroying an object in edit mode destroys it permanently
UnityEngine.Debug:ExtractStackTraceNoAlloc (byte*,int,string)
UnityEngine.StackTraceUtility:ExtractStackTrace ()
UnityEngine.Object:Destroy (UnityEngine.Object,single)
UnityEngine.Object:Destroy (UnityEngine.Object)
QuizBattle.Arena.Visuals.ArenaColosseumBuilder:CreateCartoonTree (UnityEngine.Transform,UnityEngine.Vector3) (at Assets/Scripts/Arena/Visuals/ArenaColosseumBuilder.cs:645)
QuizBattle.Arena.Visuals.ArenaColosseumBuilder:CreateFoliageAndProps (UnityEngine.Transform,UnityEngine.Vector3,single,single) (at Assets/Scripts/Arena/Visuals/ArenaColosseumBuilder.cs:602)
QuizBattle.Arena.Visuals.ArenaColosseumBuilder:Build (UnityEngine.Transform,int,int,single) (at Assets/Scripts/Arena/Visuals/ArenaColosseumBuilder.cs:30)
QuizBattle.Arena.GridController:BuildGrid (int,int,int) (at Assets/Scripts/Arena/GridController.cs:49)
ArenaDemoRunner:RunVfxShowcase () (at Assets/Editor/ArenaDemoRunner.cs:68)
ArenaDemoRunner:Run () (at Assets/Editor/ArenaDemoRunner.cs:23)

[Assets/Scripts/Arena/GridController.cs line 49]

FoliagePuff: Destroy may not be called from edit mode! Use DestroyImmediate instead.
Destroying an object in edit mode destroys it permanently
UnityEngine.Debug:ExtractStackTraceNoAlloc (byte*,int,string)
UnityEngine.StackTraceUtility:ExtractStackTrace ()
UnityEngine.Object:Destroy (UnityEngine.Object,single)
UnityEngine.Object:Destroy (UnityEngine.Object)
QuizBattle.Arena.Visuals.ArenaColosseumBuilder:CreateCartoonTree (UnityEngine.Transform,UnityEngine.Vector3) (at Assets/Scripts/Arena/Visuals/ArenaColosseumBuilder.cs:645)
QuizBattle.Arena.Visuals.ArenaColosseumBuilder:CreateFoliageAndProps (UnityEngine.Transform,UnityEngine.Vector3,single,single) (at Assets/Scripts/Arena/Visuals/ArenaColosseumBuilder.cs:602)
QuizBattle.Arena.Visuals.ArenaColosseumBuilder:Build (UnityEngine.Transform,int,int,single) (at Assets/Scripts/Arena/Visuals/ArenaColosseumBuilder.cs:30)
QuizBattle.Arena.GridController:BuildGrid (int,int,int) (at Assets/Scripts/Arena/GridController.cs:49)
ArenaDemoRunner:RunVfxShowcase () (at Assets/Editor/ArenaDemoRunner.cs:68)
ArenaDemoRunner:Run () (at Assets/Editor/ArenaDemoRunner.cs:23)

[Assets/Scripts/Arena/GridController.cs line 49]

FoliagePuff: Destroy may not be called from edit mode! Use DestroyImmediate instead.
Destroying an object in edit mode destroys it permanently
UnityEngine.Debug:ExtractStackTraceNoAlloc (byte*,int,string)
UnityEngine.StackTraceUtility:ExtractStackTrace ()
UnityEngine.Object:Destroy (UnityEngine.Object,single)
UnityEngine.Object:Destroy (UnityEngine.Object)
QuizBattle.Arena.Visuals.ArenaColosseumBuilder:CreateCartoonTree (UnityEngine.Transform,UnityEngine.Vector3) (at Assets/Scripts/Arena/Visuals/ArenaColosseumBuilder.cs:645)
QuizBattle.Arena.Visuals.ArenaColosseumBuilder:CreateFoliageAndProps (UnityEngine.Transform,UnityEngine.Vector3,single,single) (at Assets/Scripts/Arena/Visuals/ArenaColosseumBuilder.cs:602)
QuizBattle.Arena.Visuals.ArenaColosseumBuilder:Build (UnityEngine.Transform,int,int,single) (at Assets/Scripts/Arena/Visuals/ArenaColosseumBuilder.cs:30)
QuizBattle.Arena.GridController:BuildGrid (int,int,int) (at Assets/Scripts/Arena/GridController.cs:49)
ArenaDemoRunner:RunVfxShowcase () (at Assets/Editor/ArenaDemoRunner.cs:68)
ArenaDemoRunner:Run () (at Assets/Editor/ArenaDemoRunner.cs:23)

[Assets/Scripts/Arena/GridController.cs line 49]

FoliagePuff: Destroy may not be called from edit mode! Use DestroyImmediate instead.
Destroying an object in edit mode destroys it permanently
UnityEngine.Debug:ExtractStackTraceNoAlloc (byte*,int,string)
UnityEngine.StackTraceUtility:ExtractStackTrace ()
UnityEngine.Object:Destroy (UnityEngine.Object,single)
UnityEngine.Object:Destroy (UnityEngine.Object)
QuizBattle.Arena.Visuals.ArenaColosseumBuilder:CreateCartoonTree (UnityEngine.Transform,UnityEngine.Vector3) (at Assets/Scripts/Arena/Visuals/ArenaColosseumBuilder.cs:645)
QuizBattle.Arena.Visuals.ArenaColosseumBuilder:CreateFoliageAndProps (UnityEngine.Transform,UnityEngine.Vector3,single,single) (at Assets/Scripts/Arena/Visuals/ArenaColosseumBuilder.cs:602)
QuizBattle.Arena.Visuals.ArenaColosseumBuilder:Build (UnityEngine.Transform,int,int,single) (at Assets/Scripts/Arena/Visuals/ArenaColosseumBuilder.cs:30)
QuizBattle.Arena.GridController:BuildGrid (int,int,int) (at Assets/Scripts/Arena/GridController.cs:49)
ArenaDemoRunner:RunVfxShowcase () (at Assets/Editor/ArenaDemoRunner.cs:68)
ArenaDemoRunner:Run () (at Assets/Editor/ArenaDemoRunner.cs:23)

[Assets/Scripts/Arena/GridController.cs line 49]

Trunk: Destroy may not be called from edit mode! Use DestroyImmediate instead.
Destroying an object in edit mode destroys it permanently
UnityEngine.Debug:ExtractStackTraceNoAlloc (byte*,int,string)
UnityEngine.StackTraceUtility:ExtractStackTrace ()
UnityEngine.Object:Destroy (UnityEngine.Object,single)
UnityEngine.Object:Destroy (UnityEngine.Object)
QuizBattle.Arena.Visuals.ArenaColosseumBuilder:CreateCartoonTree (UnityEngine.Transform,UnityEngine.Vector3) (at Assets/Scripts/Arena/Visuals/ArenaColosseumBuilder.cs:626)
QuizBattle.Arena.Visuals.ArenaColosseumBuilder:CreateFoliageAndProps (UnityEngine.Transform,UnityEngine.Vector3,single,single) (at Assets/Scripts/Arena/Visuals/ArenaColosseumBuilder.cs:602)
QuizBattle.Arena.Visuals.ArenaColosseumBuilder:Build (UnityEngine.Transform,int,int,single) (at Assets/Scripts/Arena/Visuals/ArenaColosseumBuilder.cs:30)
QuizBattle.Arena.GridController:BuildGrid (int,int,int) (at Assets/Scripts/Arena/GridController.cs:49)
ArenaDemoRunner:RunVfxShowcase () (at Assets/Editor/ArenaDemoRunner.cs:68)
ArenaDemoRunner:Run () (at Assets/Editor/ArenaDemoRunner.cs:23)

[Assets/Scripts/Arena/GridController.cs line 49]

FoliagePuff: Destroy may not be called from edit mode! Use DestroyImmediate instead.
Destroying an object in edit mode destroys it permanently
UnityEngine.Debug:ExtractStackTraceNoAlloc (byte*,int,string)
UnityEngine.StackTraceUtility:ExtractStackTrace ()
UnityEngine.Object:Destroy (UnityEngine.Object,single)
UnityEngine.Object:Destroy (UnityEngine.Object)
QuizBattle.Arena.Visuals.ArenaColosseumBuilder:CreateCartoonTree (UnityEngine.Transform,UnityEngine.Vector3) (at Assets/Scripts/Arena/Visuals/ArenaColosseumBuilder.cs:645)
QuizBattle.Arena.Visuals.ArenaColosseumBuilder:CreateFoliageAndProps (UnityEngine.Transform,UnityEngine.Vector3,single,single) (at Assets/Scripts/Arena/Visuals/ArenaColosseumBuilder.cs:602)
QuizBattle.Arena.Visuals.ArenaColosseumBuilder:Build (UnityEngine.Transform,int,int,single) (at Assets/Scripts/Arena/Visuals/ArenaColosseumBuilder.cs:30)
QuizBattle.Arena.GridController:BuildGrid (int,int,int) (at Assets/Scripts/Arena/GridController.cs:49)
ArenaDemoRunner:RunVfxShowcase () (at Assets/Editor/ArenaDemoRunner.cs:68)
ArenaDemoRunner:Run () (at Assets/Editor/ArenaDemoRunner.cs:23)

[Assets/Scripts/Arena/GridController.cs line 49]

FoliagePuff: Destroy may not be called from edit mode! Use DestroyImmediate instead.
Destroying an object in edit mode destroys it permanently
UnityEngine.Debug:ExtractStackTraceNoAlloc (byte*,int,string)
UnityEngine.StackTraceUtility:ExtractStackTrace ()
UnityEngine.Object:Destroy (UnityEngine.Object,single)
UnityEngine.Object:Destroy (UnityEngine.Object)
QuizBattle.Arena.Visuals.ArenaColosseumBuilder:CreateCartoonTree (UnityEngine.Transform,UnityEngine.Vector3) (at Assets/Scripts/Arena/Visuals/ArenaColosseumBuilder.cs:645)
QuizBattle.Arena.Visuals.ArenaColosseumBuilder:CreateFoliageAndProps (UnityEngine.Transform,UnityEngine.Vector3,single,single) (at Assets/Scripts/Arena/Visuals/ArenaColosseumBuilder.cs:602)
QuizBattle.Arena.Visuals.ArenaColosseumBuilder:Build (UnityEngine.Transform,int,int,single) (at Assets/Scripts/Arena/Visuals/ArenaColosseumBuilder.cs:30)
QuizBattle.Arena.GridController:BuildGrid (int,int,int) (at Assets/Scripts/Arena/GridController.cs:49)
ArenaDemoRunner:RunVfxShowcase () (at Assets/Editor/ArenaDemoRunner.cs:68)
ArenaDemoRunner:Run () (at Assets/Editor/ArenaDemoRunner.cs:23)

[Assets/Scripts/Arena/GridController.cs line 49]

FoliagePuff: Destroy may not be called from edit mode! Use DestroyImmediate instead.
Destroying an object in edit mode destroys it permanently
UnityEngine.Debug:ExtractStackTraceNoAlloc (byte*,int,string)
UnityEngine.StackTraceUtility:ExtractStackTrace ()
UnityEngine.Object:Destroy (UnityEngine.Object,single)
UnityEngine.Object:Destroy (UnityEngine.Object)
QuizBattle.Arena.Visuals.ArenaColosseumBuilder:CreateCartoonTree (UnityEngine.Transform,UnityEngine.Vector3) (at Assets/Scripts/Arena/Visuals/ArenaColosseumBuilder.cs:645)
QuizBattle.Arena.Visuals.ArenaColosseumBuilder:CreateFoliageAndProps (UnityEngine.Transform,UnityEngine.Vector3,single,single) (at Assets/Scripts/Arena/Visuals/ArenaColosseumBuilder.cs:602)
QuizBattle.Arena.Visuals.ArenaColosseumBuilder:Build (UnityEngine.Transform,int,int,single) (at Assets/Scripts/Arena/Visuals/ArenaColosseumBuilder.cs:30)
QuizBattle.Arena.GridController:BuildGrid (int,int,int) (at Assets/Scripts/Arena/GridController.cs:49)
ArenaDemoRunner:RunVfxShowcase () (at Assets/Editor/ArenaDemoRunner.cs:68)
ArenaDemoRunner:Run () (at Assets/Editor/ArenaDemoRunner.cs:23)

[Assets/Scripts/Arena/GridController.cs line 49]

FoliagePuff: Destroy may not be called from edit mode! Use DestroyImmediate instead.
Destroying an object in edit mode destroys it permanently
UnityEngine.Debug:ExtractStackTraceNoAlloc (byte*,int,string)
UnityEngine.StackTraceUtility:ExtractStackTrace ()
UnityEngine.Object:Destroy (UnityEngine.Object,single)
UnityEngine.Object:Destroy (UnityEngine.Object)
QuizBattle.Arena.Visuals.ArenaColosseumBuilder:CreateCartoonTree (UnityEngine.Transform,UnityEngine.Vector3) (at Assets/Scripts/Arena/Visuals/ArenaColosseumBuilder.cs:645)
QuizBattle.Arena.Visuals.ArenaColosseumBuilder:CreateFoliageAndProps (UnityEngine.Transform,UnityEngine.Vector3,single,single) (at Assets/Scripts/Arena/Visuals/ArenaColosseumBuilder.cs:602)
QuizBattle.Arena.Visuals.ArenaColosseumBuilder:Build (UnityEngine.Transform,int,int,single) (at Assets/Scripts/Arena/Visuals/ArenaColosseumBuilder.cs:30)
QuizBattle.Arena.GridController:BuildGrid (int,int,int) (at Assets/Scripts/Arena/GridController.cs:49)
ArenaDemoRunner:RunVfxShowcase () (at Assets/Editor/ArenaDemoRunner.cs:68)
ArenaDemoRunner:Run () (at Assets/Editor/ArenaDemoRunner.cs:23)

[Assets/Scripts/Arena/GridController.cs line 49]

WoodenBarrel: Destroy may not be called from edit mode! Use DestroyImmediate instead.
Destroying an object in edit mode destroys it permanently
UnityEngine.Debug:ExtractStackTraceNoAlloc (byte*,int,string)
UnityEngine.StackTraceUtility:ExtractStackTrace ()
UnityEngine.Object:Destroy (UnityEngine.Object,single)
UnityEngine.Object:Destroy (UnityEngine.Object)
QuizBattle.Arena.Visuals.ArenaColosseumBuilder:CreateBarrel (UnityEngine.Transform,UnityEngine.Vector3) (at Assets/Scripts/Arena/Visuals/ArenaColosseumBuilder.cs:657)
QuizBattle.Arena.Visuals.ArenaColosseumBuilder:CreateFoliageAndProps (UnityEngine.Transform,UnityEngine.Vector3,single,single) (at Assets/Scripts/Arena/Visuals/ArenaColosseumBuilder.cs:606)
QuizBattle.Arena.Visuals.ArenaColosseumBuilder:Build (UnityEngine.Transform,int,int,single) (at Assets/Scripts/Arena/Visuals/ArenaColosseumBuilder.cs:30)
QuizBattle.Arena.GridController:BuildGrid (int,int,int) (at Assets/Scripts/Arena/GridController.cs:49)
ArenaDemoRunner:RunVfxShowcase () (at Assets/Editor/ArenaDemoRunner.cs:68)
ArenaDemoRunner:Run () (at Assets/Editor/ArenaDemoRunner.cs:23)

[Assets/Scripts/Arena/GridController.cs line 49]

WoodenCrate: Destroy may not be called from edit mode! Use DestroyImmediate instead.
Destroying an object in edit mode destroys it permanently
UnityEngine.Debug:ExtractStackTraceNoAlloc (byte*,int,string)
UnityEngine.StackTraceUtility:ExtractStackTrace ()
UnityEngine.Object:Destroy (UnityEngine.Object,single)
UnityEngine.Object:Destroy (UnityEngine.Object)
QuizBattle.Arena.Visuals.ArenaColosseumBuilder:CreateCrate (UnityEngine.Transform,UnityEngine.Vector3) (at Assets/Scripts/Arena/Visuals/ArenaColosseumBuilder.cs:668)
QuizBattle.Arena.Visuals.ArenaColosseumBuilder:CreateFoliageAndProps (UnityEngine.Transform,UnityEngine.Vector3,single,single) (at Assets/Scripts/Arena/Visuals/ArenaColosseumBuilder.cs:607)
QuizBattle.Arena.Visuals.ArenaColosseumBuilder:Build (UnityEngine.Transform,int,int,single) (at Assets/Scripts/Arena/Visuals/ArenaColosseumBuilder.cs:30)
QuizBattle.Arena.GridController:BuildGrid (int,int,int) (at Assets/Scripts/Arena/GridController.cs:49)
ArenaDemoRunner:RunVfxShowcase () (at Assets/Editor/ArenaDemoRunner.cs:68)
ArenaDemoRunner:Run () (at Assets/Editor/ArenaDemoRunner.cs:23)

[Assets/Scripts/Arena/GridController.cs line 49]

WoodenBarrel: Destroy may not be called from edit mode! Use DestroyImmediate instead.
Destroying an object in edit mode destroys it permanently
UnityEngine.Debug:ExtractStackTraceNoAlloc (byte*,int,string)
UnityEngine.StackTraceUtility:ExtractStackTrace ()
UnityEngine.Object:Destroy (UnityEngine.Object,single)
UnityEngine.Object:Destroy (UnityEngine.Object)
QuizBattle.Arena.Visuals.ArenaColosseumBuilder:CreateBarrel (UnityEngine.Transform,UnityEngine.Vector3) (at Assets/Scripts/Arena/Visuals/ArenaColosseumBuilder.cs:657)
QuizBattle.Arena.Visuals.ArenaColosseumBuilder:CreateFoliageAndProps (UnityEngine.Transform,UnityEngine.Vector3,single,single) (at Assets/Scripts/Arena/Visuals/ArenaColosseumBuilder.cs:608)
QuizBattle.Arena.Visuals.ArenaColosseumBuilder:Build (UnityEngine.Transform,int,int,single) (at Assets/Scripts/Arena/Visuals/ArenaColosseumBuilder.cs:30)
QuizBattle.Arena.GridController:BuildGrid (int,int,int) (at Assets/Scripts/Arena/GridController.cs:49)
ArenaDemoRunner:RunVfxShowcase () (at Assets/Editor/ArenaDemoRunner.cs:68)
ArenaDemoRunner:Run () (at Assets/Editor/ArenaDemoRunner.cs:23)

[Assets/Scripts/Arena/GridController.cs line 49]

Vfx_Streaks: Destroy may not be called from edit mode! Use DestroyImmediate instead.
Destroying an object in edit mode destroys it permanently
UnityEngine.Debug:ExtractStackTraceNoAlloc (byte*,int,string)
UnityEngine.StackTraceUtility:ExtractStackTrace ()
UnityEngine.Object:Destroy (UnityEngine.Object,single)
QuizBattle.Arena.Vfx.ParticleFactory:Streaks (UnityEngine.Vector3,UnityEngine.Vector3,UnityEngine.Color,single,int) (at Assets/Scripts/Arena/Vfx/ParticleFactory.cs:103)
QuizBattle.Arena.Vfx.AbilityVfxPlayer:PlayFireball (UnityEngine.Vector3,UnityEngine.Vector3,System.Collections.Generic.List`1<UnityEngine.ParticleSystem>) (at Assets/Scripts/Arena/Vfx/AbilityVfxPlayer.cs:52)
QuizBattle.Arena.Vfx.AbilityVfxPlayer:Play (string,UnityEngine.Vector3,UnityEngine.Vector3,bool) (at Assets/Scripts/Arena/Vfx/AbilityVfxPlayer.cs:24)
ArenaDemoRunner:RunVfxShowcase () (at Assets/Editor/ArenaDemoRunner.cs:72)
ArenaDemoRunner:Run () (at Assets/Editor/ArenaDemoRunner.cs:23)

[Assets/Editor/ArenaDemoRunner.cs line 72]

Vfx_Burst: Destroy may not be called from edit mode! Use DestroyImmediate instead.
Destroying an object in edit mode destroys it permanently
UnityEngine.Debug:ExtractStackTraceNoAlloc (byte*,int,string)
UnityEngine.StackTraceUtility:ExtractStackTrace ()
UnityEngine.Object:Destroy (UnityEngine.Object,single)
QuizBattle.Arena.Vfx.ParticleFactory:Burst (UnityEngine.Vector3,UnityEngine.Color,single,int,single,single) (at Assets/Scripts/Arena/Vfx/ParticleFactory.cs:51)
QuizBattle.Arena.Vfx.AbilityVfxPlayer:PlayFireball (UnityEngine.Vector3,UnityEngine.Vector3,System.Collections.Generic.List`1<UnityEngine.ParticleSystem>) (at Assets/Scripts/Arena/Vfx/AbilityVfxPlayer.cs:53)
QuizBattle.Arena.Vfx.AbilityVfxPlayer:Play (string,UnityEngine.Vector3,UnityEngine.Vector3,bool) (at Assets/Scripts/Arena/Vfx/AbilityVfxPlayer.cs:24)
ArenaDemoRunner:RunVfxShowcase () (at Assets/Editor/ArenaDemoRunner.cs:72)
ArenaDemoRunner:Run () (at Assets/Editor/ArenaDemoRunner.cs:23)

[Assets/Editor/ArenaDemoRunner.cs line 72]

Vfx_RingWave: Destroy may not be called from edit mode! Use DestroyImmediate instead.
Destroying an object in edit mode destroys it permanently
UnityEngine.Debug:ExtractStackTraceNoAlloc (byte*,int,string)
UnityEngine.StackTraceUtility:ExtractStackTrace ()
UnityEngine.Object:Destroy (UnityEngine.Object,single)
QuizBattle.Arena.Vfx.ParticleFactory:RingWave (UnityEngine.Vector3,UnityEngine.Color,single,single,single,bool) (at Assets/Scripts/Arena/Vfx/ParticleFactory.cs:151)
QuizBattle.Arena.Vfx.AbilityVfxPlayer:PlayShieldShimmer (UnityEngine.Vector3,System.Collections.Generic.List`1<UnityEngine.ParticleSystem>) (at Assets/Scripts/Arena/Vfx/AbilityVfxPlayer.cs:59)
QuizBattle.Arena.Vfx.AbilityVfxPlayer:Play (string,UnityEngine.Vector3,UnityEngine.Vector3,bool) (at Assets/Scripts/Arena/Vfx/AbilityVfxPlayer.cs:27)
ArenaDemoRunner:RunVfxShowcase () (at Assets/Editor/ArenaDemoRunner.cs:73)
ArenaDemoRunner:Run () (at Assets/Editor/ArenaDemoRunner.cs:23)

[Assets/Editor/ArenaDemoRunner.cs line 73]

Vfx_Streaks: Destroy may not be called from edit mode! Use DestroyImmediate instead.
Destroying an object in edit mode destroys it permanently
UnityEngine.Debug:ExtractStackTraceNoAlloc (byte*,int,string)
UnityEngine.StackTraceUtility:ExtractStackTrace ()
UnityEngine.Object:Destroy (UnityEngine.Object,single)
QuizBattle.Arena.Vfx.ParticleFactory:Streaks (UnityEngine.Vector3,UnityEngine.Vector3,UnityEngine.Color,single,int) (at Assets/Scripts/Arena/Vfx/ParticleFactory.cs:103)
QuizBattle.Arena.Vfx.AbilityVfxPlayer:PlayWindTrail (UnityEngine.Vector3,UnityEngine.Vector3,System.Collections.Generic.List`1<UnityEngine.ParticleSystem>) (at Assets/Scripts/Arena/Vfx/AbilityVfxPlayer.cs:65)
QuizBattle.Arena.Vfx.AbilityVfxPlayer:Play (string,UnityEngine.Vector3,UnityEngine.Vector3,bool) (at Assets/Scripts/Arena/Vfx/AbilityVfxPlayer.cs:30)
ArenaDemoRunner:RunVfxShowcase () (at Assets/Editor/ArenaDemoRunner.cs:74)
ArenaDemoRunner:Run () (at Assets/Editor/ArenaDemoRunner.cs:23)

[Assets/Editor/ArenaDemoRunner.cs line 74]

Vfx_RingWave: Destroy may not be called from edit mode! Use DestroyImmediate instead.
Destroying an object in edit mode destroys it permanently
UnityEngine.Debug:ExtractStackTraceNoAlloc (byte*,int,string)
UnityEngine.StackTraceUtility:ExtractStackTrace ()
UnityEngine.Object:Destroy (UnityEngine.Object,single)
QuizBattle.Arena.Vfx.ParticleFactory:RingWave (UnityEngine.Vector3,UnityEngine.Color,single,single,single,bool) (at Assets/Scripts/Arena/Vfx/ParticleFactory.cs:151)
QuizBattle.Arena.Vfx.AbilityVfxPlayer:PlayWindTrail (UnityEngine.Vector3,UnityEngine.Vector3,System.Collections.Generic.List`1<UnityEngine.ParticleSystem>) (at Assets/Scripts/Arena/Vfx/AbilityVfxPlayer.cs:66)
QuizBattle.Arena.Vfx.AbilityVfxPlayer:Play (string,UnityEngine.Vector3,UnityEngine.Vector3,bool) (at Assets/Scripts/Arena/Vfx/AbilityVfxPlayer.cs:30)
ArenaDemoRunner:RunVfxShowcase () (at Assets/Editor/ArenaDemoRunner.cs:74)
ArenaDemoRunner:Run () (at Assets/Editor/ArenaDemoRunner.cs:23)

[Assets/Editor/ArenaDemoRunner.cs line 74]

Vfx_Beam: Destroy may not be called from edit mode! Use DestroyImmediate instead.
Destroying an object in edit mode destroys it permanently
UnityEngine.Debug:ExtractStackTraceNoAlloc (byte*,int,string)
UnityEngine.StackTraceUtility:ExtractStackTrace ()
UnityEngine.Object:Destroy (UnityEngine.Object,single)
UnityEngine.Object:Destroy (UnityEngine.Object)
QuizBattle.Arena.Vfx.ParticleFactory:Beam (UnityEngine.Vector3,UnityEngine.Vector3,UnityEngine.Color,single,single) (at Assets/Scripts/Arena/Vfx/ParticleFactory.cs:162)
QuizBattle.Arena.Vfx.AbilityVfxPlayer:PlayLifeDrain (UnityEngine.Vector3,UnityEngine.Vector3,System.Collections.Generic.List`1<UnityEngine.ParticleSystem>) (at Assets/Scripts/Arena/Vfx/AbilityVfxPlayer.cs:73)
QuizBattle.Arena.Vfx.AbilityVfxPlayer:Play (string,UnityEngine.Vector3,UnityEngine.Vector3,bool) (at Assets/Scripts/Arena/Vfx/AbilityVfxPlayer.cs:33)
ArenaDemoRunner:RunVfxShowcase () (at Assets/Editor/ArenaDemoRunner.cs:75)
ArenaDemoRunner:Run () (at Assets/Editor/ArenaDemoRunner.cs:23)

[Assets/Editor/ArenaDemoRunner.cs line 75]

Vfx_Beam: Destroy may not be called from edit mode! Use DestroyImmediate instead.
Destroying an object in edit mode destroys it permanently
UnityEngine.Debug:ExtractStackTraceNoAlloc (byte*,int,string)
UnityEngine.StackTraceUtility:ExtractStackTrace ()
UnityEngine.Object:Destroy (UnityEngine.Object,single)
QuizBattle.Arena.Vfx.ParticleFactory:Beam (UnityEngine.Vector3,UnityEngine.Vector3,UnityEngine.Color,single,single) (at Assets/Scripts/Arena/Vfx/ParticleFactory.cs:177)
QuizBattle.Arena.Vfx.AbilityVfxPlayer:PlayLifeDrain (UnityEngine.Vector3,UnityEngine.Vector3,System.Collections.Generic.List`1<UnityEngine.ParticleSystem>) (at Assets/Scripts/Arena/Vfx/AbilityVfxPlayer.cs:73)
QuizBattle.Arena.Vfx.AbilityVfxPlayer:Play (string,UnityEngine.Vector3,UnityEngine.Vector3,bool) (at Assets/Scripts/Arena/Vfx/AbilityVfxPlayer.cs:33)
ArenaDemoRunner:RunVfxShowcase () (at Assets/Editor/ArenaDemoRunner.cs:75)
ArenaDemoRunner:Run () (at Assets/Editor/ArenaDemoRunner.cs:23)

[Assets/Editor/ArenaDemoRunner.cs line 75]

Vfx_Burst: Destroy may not be called from edit mode! Use DestroyImmediate instead.
Destroying an object in edit mode destroys it permanently
UnityEngine.Debug:ExtractStackTraceNoAlloc (byte*,int,string)
UnityEngine.StackTraceUtility:ExtractStackTrace ()
UnityEngine.Object:Destroy (UnityEngine.Object,single)
QuizBattle.Arena.Vfx.ParticleFactory:Burst (UnityEngine.Vector3,UnityEngine.Color,single,int,single,single) (at Assets/Scripts/Arena/Vfx/ParticleFactory.cs:51)
QuizBattle.Arena.Vfx.AbilityVfxPlayer:PlayLifeDrain (UnityEngine.Vector3,UnityEngine.Vector3,System.Collections.Generic.List`1<UnityEngine.ParticleSystem>) (at Assets/Scripts/Arena/Vfx/AbilityVfxPlayer.cs:74)
QuizBattle.Arena.Vfx.AbilityVfxPlayer:Play (string,UnityEngine.Vector3,UnityEngine.Vector3,bool) (at Assets/Scripts/Arena/Vfx/AbilityVfxPlayer.cs:33)
ArenaDemoRunner:RunVfxShowcase () (at Assets/Editor/ArenaDemoRunner.cs:75)
ArenaDemoRunner:Run () (at Assets/Editor/ArenaDemoRunner.cs:23)

[Assets/Editor/ArenaDemoRunner.cs line 75]

Vfx_Streaks: Destroy may not be called from edit mode! Use DestroyImmediate instead.
Destroying an object in edit mode destroys it permanently
UnityEngine.Debug:ExtractStackTraceNoAlloc (byte*,int,string)
UnityEngine.StackTraceUtility:ExtractStackTrace ()
UnityEngine.Object:Destroy (UnityEngine.Object,single)
QuizBattle.Arena.Vfx.ParticleFactory:Streaks (UnityEngine.Vector3,UnityEngine.Vector3,UnityEngine.Color,single,int) (at Assets/Scripts/Arena/Vfx/ParticleFactory.cs:103)
QuizBattle.Arena.Vfx.AbilityVfxPlayer:PlayBasicStrike (UnityEngine.Vector3,UnityEngine.Vector3,System.Collections.Generic.List`1<UnityEngine.ParticleSystem>) (at Assets/Scripts/Arena/Vfx/AbilityVfxPlayer.cs:90)
QuizBattle.Arena.Vfx.AbilityVfxPlayer:Play (string,UnityEngine.Vector3,UnityEngine.Vector3,bool) (at Assets/Scripts/Arena/Vfx/AbilityVfxPlayer.cs:40)
ArenaDemoRunner:RunVfxShowcase () (at Assets/Editor/ArenaDemoRunner.cs:76)
ArenaDemoRunner:Run () (at Assets/Editor/ArenaDemoRunner.cs:23)

[Assets/Editor/ArenaDemoRunner.cs line 76]

Vfx_Burst: Destroy may not be called from edit mode! Use DestroyImmediate instead.
Destroying an object in edit mode destroys it permanently
UnityEngine.Debug:ExtractStackTraceNoAlloc (byte*,int,string)
UnityEngine.StackTraceUtility:ExtractStackTrace ()
UnityEngine.Object:Destroy (UnityEngine.Object,single)
QuizBattle.Arena.Vfx.ParticleFactory:Burst (UnityEngine.Vector3,UnityEngine.Color,single,int,single,single) (at Assets/Scripts/Arena/Vfx/ParticleFactory.cs:51)
QuizBattle.Arena.Vfx.AbilityVfxPlayer:PlayBasicStrike (UnityEngine.Vector3,UnityEngine.Vector3,System.Collections.Generic.List`1<UnityEngine.ParticleSystem>) (at Assets/Scripts/Arena/Vfx/AbilityVfxPlayer.cs:91)
QuizBattle.Arena.Vfx.AbilityVfxPlayer:Play (string,UnityEngine.Vector3,UnityEngine.Vector3,bool) (at Assets/Scripts/Arena/Vfx/AbilityVfxPlayer.cs:40)
ArenaDemoRunner:RunVfxShowcase () (at Assets/Editor/ArenaDemoRunner.cs:76)
ArenaDemoRunner:Run () (at Assets/Editor/ArenaDemoRunner.cs:23)

[Assets/Editor/ArenaDemoRunner.cs line 76]

Vfx_Burst: Destroy may not be called from edit mode! Use DestroyImmediate instead.
Destroying an object in edit mode destroys it permanently
UnityEngine.Debug:ExtractStackTraceNoAlloc (byte*,int,string)
UnityEngine.StackTraceUtility:ExtractStackTrace ()
UnityEngine.Object:Destroy (UnityEngine.Object,single)
QuizBattle.Arena.Vfx.ParticleFactory:Burst (UnityEngine.Vector3,UnityEngine.Color,single,int,single,single) (at Assets/Scripts/Arena/Vfx/ParticleFactory.cs:51)
QuizBattle.Arena.Vfx.AbilityVfxPlayer:PlayEliminated (UnityEngine.Vector3,System.Collections.Generic.List`1<UnityEngine.ParticleSystem>) (at Assets/Scripts/Arena/Vfx/AbilityVfxPlayer.cs:96)
QuizBattle.Arena.Vfx.AbilityVfxPlayer:Play (string,UnityEngine.Vector3,UnityEngine.Vector3,bool) (at Assets/Scripts/Arena/Vfx/AbilityVfxPlayer.cs:44)
ArenaDemoRunner:RunVfxShowcase () (at Assets/Editor/ArenaDemoRunner.cs:76)
ArenaDemoRunner:Run () (at Assets/Editor/ArenaDemoRunner.cs:23)

[Assets/Editor/ArenaDemoRunner.cs line 76]

Vfx_Streaks: Destroy may not be called from edit mode! Use DestroyImmediate instead.
Destroying an object in edit mode destroys it permanently
UnityEngine.Debug:ExtractStackTraceNoAlloc (byte*,int,string)
UnityEngine.StackTraceUtility:ExtractStackTrace ()
UnityEngine.Object:Destroy (UnityEngine.Object,single)
QuizBattle.Arena.Vfx.ParticleFactory:Streaks (UnityEngine.Vector3,UnityEngine.Vector3,UnityEngine.Color,single,int) (at Assets/Scripts/Arena/Vfx/ParticleFactory.cs:103)
QuizBattle.Arena.Vfx.AbilityVfxPlayer:PlayFreeze (UnityEngine.Vector3,UnityEngine.Vector3,System.Collections.Generic.List`1<UnityEngine.ParticleSystem>) (at Assets/Scripts/Arena/Vfx/AbilityVfxPlayer.cs:80)
QuizBattle.Arena.Vfx.AbilityVfxPlayer:Play (string,UnityEngine.Vector3,UnityEngine.Vector3,bool) (at Assets/Scripts/Arena/Vfx/AbilityVfxPlayer.cs:36)
ArenaDemoRunner:RunVfxShowcase () (at Assets/Editor/ArenaDemoRunner.cs:77)
ArenaDemoRunner:Run () (at Assets/Editor/ArenaDemoRunner.cs:23)

[Assets/Editor/ArenaDemoRunner.cs line 77]

Vfx_RingWave: Destroy may not be called from edit mode! Use DestroyImmediate instead.
Destroying an object in edit mode destroys it permanently
UnityEngine.Debug:ExtractStackTraceNoAlloc (byte*,int,string)
UnityEngine.StackTraceUtility:ExtractStackTrace ()
UnityEngine.Object:Destroy (UnityEngine.Object,single)
QuizBattle.Arena.Vfx.ParticleFactory:RingWave (UnityEngine.Vector3,UnityEngine.Color,single,single,single,bool) (at Assets/Scripts/Arena/Vfx/ParticleFactory.cs:151)
QuizBattle.Arena.Vfx.AbilityVfxPlayer:PlayFreeze (UnityEngine.Vector3,UnityEngine.Vector3,System.Collections.Generic.List`1<UnityEngine.ParticleSystem>) (at Assets/Scripts/Arena/Vfx/AbilityVfxPlayer.cs:81)
QuizBattle.Arena.Vfx.AbilityVfxPlayer:Play (string,UnityEngine.Vector3,UnityEngine.Vector3,bool) (at Assets/Scripts/Arena/Vfx/AbilityVfxPlayer.cs:36)
ArenaDemoRunner:RunVfxShowcase () (at Assets/Editor/ArenaDemoRunner.cs:77)
ArenaDemoRunner:Run () (at Assets/Editor/ArenaDemoRunner.cs:23)

[Assets/Editor/ArenaDemoRunner.cs line 77]

[ArenaDemoRunner:vfx-showcase] spawned 11 particle systems across 6 ability tags
UnityEngine.Debug:ExtractStackTraceNoAlloc (byte*,int,string)
UnityEngine.StackTraceUtility:ExtractStackTrace ()
UnityEngine.DebugLogHandler:Internal_Log (UnityEngine.LogType,UnityEngine.LogOption,string,UnityEngine.Object)
UnityEngine.DebugLogHandler:LogFormat (UnityEngine.LogType,UnityEngine.Object,string,object[])
UnityEngine.Logger:Log (UnityEngine.LogType,object)
UnityEngine.Debug:Log (object)
ArenaDemoRunner:RunVfxShowcase () (at Assets/Editor/ArenaDemoRunner.cs:81)
ArenaDemoRunner:Run () (at Assets/Editor/ArenaDemoRunner.cs:23)

(Filename: Assets/Editor/ArenaDemoRunner.cs Line: 81)

[ArenaDemoRunner] screenshot saved to D:/temp\vfx-showcase.png
UnityEngine.Debug:ExtractStackTraceNoAlloc (byte*,int,string)
UnityEngine.StackTraceUtility:ExtractStackTrace ()
UnityEngine.DebugLogHandler:Internal_Log (UnityEngine.LogType,UnityEngine.LogOption,string,UnityEngine.Object)
UnityEngine.DebugLogHandler:LogFormat (UnityEngine.LogType,UnityEngine.Object,string,object[])
UnityEngine.Logger:Log (UnityEngine.LogType,object)
UnityEngine.Debug:Log (object)
ArenaDemoRunner:CaptureScreenshot (string) (at Assets/Editor/ArenaDemoRunner.cs:137)
ArenaDemoRunner:RunVfxShowcase () (at Assets/Editor/ArenaDemoRunner.cs:82)
ArenaDemoRunner:Run () (at Assets/Editor/ArenaDemoRunner.cs:23)

(Filename: Assets/Editor/ArenaDemoRunner.cs Line: 137)

MonoPathRemapper: Attempts to remap: 19345; Successful remaps: 0
Serialized file version minimum: 23, current 23
Killing ADB server in 2.0995595 seconds.
[Physics::Module] Cleanup current backend.
[Physics::Module] Id: 0xf2b8ea05
Input System module state changed to: ShutdownInProgress.
Input Polling Thread exited.
Input System module state changed to: Shutdown.
[Licensing::IpcConnector] LicenseClient-engmh-6000.5.7-notifications channel disconnected successfully.
[Licensing::IpcConnector] LicenseClient-engmh-6000.5.7 channel disconnected successfully.
AcceleratorClientConnectionCallback - disconnected - :0
Cleanup mono
CodeReloadManager destroyed
Checking for leaked weakptr:
  Found no leaked weakptrs.
[Package Manager] Server process was shutdown
##utp:{"type":"MemoryLeaks","version":2,"phase":"Immediate","time":1786926702540,"processId":22160,"allocatedMemory":17499479,"memoryLabels":[{"Default":224540},{"Permanent":15516},{"NewDelete":66843},{"Thread":4205176},{"Manager":819461},{"VertexData":8},{"Geometry":816},{"Texture":24},{"Shader":848986},{"Material":24},{"GfxDevice":58688},{"Animation":61304},{"Audio":1544},{"FreeType":8},{"FontEngine":736},{"Physics":2146},{"Physics2D":16},{"Serialization":4280},{"Input":42840},{"JobScheduler":256},{"TextLib":280},{"Mono":48},{"MonoCode":64},{"ScriptingNativeRuntime":1634444},{"BaseObject":1623080},{"Resource":1208},{"Renderer":3080},{"Transform":4685},{"File":1032},{"WebCam":616},{"Culling":32},{"Terrain":11442},{"Wind":24},{"STL":40},{"String":15642},{"StaticString":3808},{"Utility":2673238},{"Curl":2559},{"PoolAlloc":2360},{"AI":80},{"TypeTree":25285},{"CodeReload":448},{"RuntimeInitializeOnLoadManager":64},{"Sprites":102},{"SpriteAtlas":120},{"GI":7816},{"CloudService":8360},{"WebRequest":552},{"VR":47114},{"SceneManager":608},{"Video":64},{"LazyScriptCache":32},{"Camera":17},{"Secure":2377},{"SerializationCache":1576},{"APIUpdating":10320},{"Subsystems":336},{"VirtualTexturing":57888},{"StaticSafetyDebugInfo":278528},{"Analytics":552},{"Hierarchy":1176},{"UIElements":72},{"CoreStats":13688},{"Identifiers":6768},{"Gui":128},{"EditorUtility":128243},{"VersionControl":8},{"Undo":931},{"AssetDatabase":4571594},{"AssetImporter":40},{"EditorGi":328},{"UnityConnect":38905},{"Upm":1912},{"UpmDiagnostics":8},{"AssetCompliance":64},{"DrivenProperties":72},{"LocalIPC":211},{"ProfilerEditor":9746},{"CoreBusinessMetrics":3428},{"Windowing":456},{"Licensing":664},{"AssetReference":32},{"IPCStream":32}]}
