[Licensing::Module] Trying to connect to existing licensing client channel...
Built from '6000.5/staging' branch; Version is '6000.5.7f1 (017862109af0) revision 96354'; Using compiler version '194234433'; Build Type 'Release'
OS: 'Windows 11  (10.0.26200) Professional' Language: 'en' Physical Memory: 32368 MB
[Licensing::IpcConnector] Successfully connected to: "LicenseClient-engmh" at "2026-08-16T04:45:11.1689823Z"
BatchMode: 1, IsHumanControllingUs: 0, StartBugReporterOnCrash: 0, Is64bit: 1
System  architecture: x64
Process architecture: x64
Date: 2026-08-16T04:45:11Z

COMMAND LINE ARGUMENTS:
D:\Program Files\Editor\6000.5.7f1\Editor\Unity.exe
-batchmode
-projectPath
D:\game\game-client
-buildTarget
WebGL
-executeMethod
QuizBattle.EditorTools.Graphics.WebGLBuildCheck.Run
-quit
-logFile
D:\game\unity-webgl-build-14.log
Successfully changed project path to: D:\game\game-client
D:/game/game-client
[UnityMemory] Configuration Parameters - Can be set up in boot.config
    "memorysetup-temp-allocator-size-gi-baking-worker=262144"
    "memorysetup-temp-allocator-size-gi-baking-worker=262144"
    "memorysetup-temp-allocator-size-gi-baking-worker=262144"
    "memorysetup-temp-allocator-size-gi-baking-worker=262144"
    "memorysetup-temp-allocator-size-gi-baking-worker=262144"
    "memorysetup-temp-allocator-size-nav-mesh-worker=65536"
    "memorysetup-temp-allocator-size-audio-worker=65536"
    "memorysetup-temp-allocator-size-cloud-worker=32768"
    "memorysetup-temp-allocator-size-gfx=262144"
    "memorysetup-temp-allocator-size-preload-manager=33554432"
    "memorysetup-allocator-temp-initial-block-size-main=262144"
    "memorysetup-allocator-temp-initial-block-size-worker=262144"
    "memorysetup-temp-allocator-size-job-worker=262144"
    "memorysetup-temp-allocator-size-background-worker=32768"
    "memorysetup-bucket-allocator-granularity=16"
    "memorysetup-bucket-allocator-bucket-count=8"
    "memorysetup-bucket-allocator-block-size=33554432"
    "memorysetup-bucket-allocator-block-count=8"
    "memorysetup-main-allocator-block-size=16777216"
    "memorysetup-thread-allocator-block-size=16777216"
    "memorysetup-main-allocator-mimalloc-enabled=0"
    "memorysetup-gfx-main-allocator-block-size=16777216"
    "memorysetup-gfx-thread-allocator-block-size=16777216"
    "memorysetup-cache-allocator-block-size=4194304"
    "memorysetup-typetree-allocator-block-size=2097152"
    "memorysetup-profiler-bucket-allocator-granularity=16"
    "memorysetup-profiler-bucket-allocator-bucket-count=8"
    "memorysetup-profiler-bucket-allocator-block-size=33554432"
    "memorysetup-profiler-bucket-allocator-block-count=8"
    "memorysetup-profiler-allocator-block-size=16777216"
    "memorysetup-profiler-editor-allocator-block-size=1048576"
    "memorysetup-temp-allocator-size-main=16777216"
    "memorysetup-job-temp-allocator-block-size=2097152"
    "memorysetup-job-temp-allocator-block-size-background=1048576"
    "memorysetup-job-temp-allocator-reduction-small-platforms=262144"
Logging is directed to a specific file, skipping project log.Player connection [10980]  Target information:

Player connection [10980]  * "[IP] 10.0.0.111 [Port] 55504 [Flags] 2 [Guid] 593747744 [EditorId] 593747744 [Version] 1048832 [Id] WindowsEditor(7,DESKTOP-VJHN5MG) [Debug] 1 [PackageName] WindowsEditor [ProjectName] Editor" 

Player connection [10980] Host joined multi-casting on [225.0.0.222:54997]...
Player connection [10980] Host joined alternative multi-casting on [225.0.0.222:34997]...
Input System module state changed to: Initialized.
[Physics::Module] Initialized fallback backend.
[Physics::Module] Id: 0xdecafbad
[Package Manager] Connected to IPC stream "Upm-29564" after 0.5 seconds.
[Licensing::Module] Licensing is not yet initialized.
[Licensing::Client] Error: HandshakeResponse reported an error:
	ResponseCode: 505
	ResponseStatus: Unsupported protocol version '1.18.1'.
[Licensing::Module] Error: Failed to handshake to channel: "LicenseClient-engmh"
[Licensing::IpcConnector] LicenseClient-engmh channel disconnected successfully.
[Licensing::IpcConnector] Channel LicenseClient-engmh-6000.5.7 doesn't exist
[Licensing::Module] Successfully launched the LicensingClient (PId: 30480)
Starting IPC server.
Waiting for clients to connect on \\.\pipe\Unity-LicenseClient-engmh-6000.5.7, press Ctrl-C to exit.
[Licensing::IpcConnector] Successfully connected to: "LicenseClient-engmh-6000.5.7" at "2026-08-16T04:45:13.7706667Z"
[Licensing::Client] Code 10 while verifying Licensing Client signature (process Id: 30480, path: "D:/Program Files/Editor/6000.5.7f1/Editor/Data/Resources/Licensing/Client/Unity.Licensing.Client.exe")
[Licensing::Module] LicensingClient has failed validation; ignoring
[Licensing::Client] Handshaking with LicensingClient:
  Version:                 1.18.1+9fbee8e
  Session Id:              9bb167f42f1f4d9495ee91e7aeb0e536
  Correlation Id:          d9ade0017a6c45ea3b80b290c6e0bebe
  External correlation Id: 2495407628515403138
  Machine Id:              BvCvD9V+nLWzZG/D2RgCqRIYhiE=
[Licensing::Module] Successfully connected to LicensingClient on channel: "LicenseClient-engmh-6000.5.7" (connect: 0.37s, validation: 0.32s, handshake: 0.01s)
[Licensing::IpcConnector] Successfully connected to: "LicenseClient-engmh-6000.5.7-notifications" at "2026-08-16T04:45:14.1033511Z"
[Licensing::Module] Connected to LicensingClient (PId: 30480, launch time: 0.00, total connection time: 0.71s)
[Licensing::Module] Error: Access token is unavailable; failed to update
[Licensing::Client] Successfully resolved entitlement details
[Licensing::Module] License group:
  Id: 3574445819494-UnityPersXXXX
  Product: Unity Personal
  Type: Assigned
  Expiration: Unlimited
[Licensing::Client] Successfully updated license, isAsync: True, time: 0.02
[Licensing::Client] Successfully resolved entitlement details
[Licensing::Module] Licensing Background thread has ended after 3.02s
[Licensing::Module] Licensing is initialized (took 2.21s).
[Licensing::Client] Successfully resolved entitlement details
Library Redirect Path: Library/
[Physics::Module] Selected backend.
[Physics::Module] Name: PhysX
[Physics::Module] Id: 0xf2b8ea05
[Physics::Module] SDK Version: 4.1.2
[Physics::Module] Integration Version: 1.0.0
[Physics::Module] Threading Mode: Multi-Threaded
Targeting platform: WebGL
Initialize engine version: 6000.5.7f1 (017862109af0)
[Subsystems] Discovering subsystems at path D:/Program Files/Editor/6000.5.7f1/Editor/Data/Resources/UnitySubsystems
[Subsystems] Discovering subsystems at path D:/game/game-client/Assets
GfxDevice: creating device client; kGfxThreadingModeNonThreaded
d3d12: failed to query info queue interface (0x80004002).
Direct3D:
    Version:         Direct3D 12 [level 12.1]
    Renderer:        Intel(R) UHD Graphics (ID=0x9bca)
    Vendor:          Intel
    VRAM:            16184 MB
    App VRAM Budget: 15416 MB
    Driver:          31.0.101.2135
    Unified Memory Architecture
    Cache Coherent UMA
Initialize mono
Mono path[0] = 'D:/Program Files/Editor/6000.5.7f1/Editor/Data/Managed'
Mono path[1] = 'D:/Program Files/Editor/6000.5.7f1/Editor/Data/BCLExtensions/runtime/netstandard2.1'
Mono path[2] = 'D:/Program Files/Editor/6000.5.7f1/Editor/Data/MonoBleedingEdge/lib/mono/unityjit-win32'
Mono config path = 'D:/Program Files/Editor/6000.5.7f1/Editor/Data/MonoBleedingEdge/etc'
Using monoOptions --debugger-agent=transport=dt_socket,embedding=1,server=y,suspend=n,address=127.0.0.1:56564
CodeReloadManager initialized
ImportWorker Server TCP listen port: 0
AcceleratorClientConnectionCallback - disconnected - :0
Begin MonoManager ReloadAssembly
Registering precompiled unity dll's ...
Register platform support module: D:/Program Files/Editor/6000.5.7f1/Editor/Data/PlaybackEngines/WebGLSupport/UnityEditor.WebGL.Extensions.dll
Register platform support module: D:/Program Files/Editor/6000.5.7f1/Editor/Data/PlaybackEngines/WindowsStandaloneSupport/UnityEditor.WindowsStandalone.Extensions.dll
[Licensing::Client] Successfully resolved entitlement details
Register platform support module: D:/Program Files/Editor/6000.5.7f1/Editor/Data/PlaybackEngines/MetroSupport/UnityEditor.UWP.Extensions.dll
[Licensing::Client] Successfully resolved entitlement details
Register platform support module: D:/Program Files/Editor/6000.5.7f1/Editor/Data/PlaybackEngines/AndroidPlayer/UnityEditor.Android.Extensions.dll
Registered in 0.014529 seconds.
Native extension for Android target not found
Native extension for UWP target not found
Native extension for WindowsStandalone target not found
Native extension for WebGL target not found
Package Manager log level set to [2]
ScheduleIndexationOnStartup MainProcess:False IndexOnStartup:True
Mono: successfully reloaded assembly
- Finished resetting the current domain, in  0.743 seconds
Domain Reload Profiling: 1791ms
	BeginReloadAssembly (221ms)
		CreateAndSetChildDomain (6ms)
	RebuildCommonClasses (11ms)
	RebuildNativeTypeToScriptingClass (39ms)
	initialDomainReloadingComplete (150ms)
	LoadAllAssembliesAndSetupDomain (621ms)
		LoadAssemblies (215ms)
		AnalyzeDomain (469ms)
			TypeCache.Refresh (466ms)
				TypeCache.ScanAssembly (436ms)
	FinalizeReload (749ms)
		SetupLoadedEditorAssemblies (0ms)
			InitializePlatformSupportModulesInManaged (84ms)
			BeforeProcessingInitializeOnLoad (167ms)
			ProcessInitializeOnLoadAttributes (163ms)
			ProcessInitializeOnLoadMethodAttributes (189ms)
[Licensing::Client] Successfully resolved entitlement details
Application.AssetDatabase Initial Refresh Start
[Package Manager] Restoring resolved packages state from cache
[Licensing::Client] Successfully resolved entitlement details
[Package Manager] Registered 54 packages:
  Packages from [https://packages.unity.com]:
    com.unity.nuget.newtonsoft-json@3.2.1 (location: D:\game\game-client\Library\PackageCache\com.unity.nuget.newtonsoft-json@74deb55db2a0)
    com.unity.postprocessing@3.5.4 (location: D:\game\game-client\Library\PackageCache\com.unity.postprocessing@141166b789e3)
    com.unity.searcher@4.9.4 (location: D:\game\game-client\Library\PackageCache\com.unity.searcher@d45a78918735)
    com.unity.burst@1.8.30 (location: D:\game\game-client\Library\PackageCache\com.unity.burst@2f3d916873ea)
    com.unity.nuget.mono-cecil@1.11.6 (location: D:\game\game-client\Library\PackageCache\com.unity.nuget.mono-cecil@ecb9724e46ff)
    com.unity.test-framework.performance@3.5.0 (location: D:\game\game-client\Library\PackageCache\com.unity.test-framework.performance@8b56083ec0f0)
  Built-in packages:
    com.unity.multiplayer.center@1.0.1 (location: D:\game\game-client\Library\PackageCache\com.unity.multiplayer.center@b860850997d0)
    com.unity.render-pipelines.universal@17.5.0 (location: D:\game\game-client\Library\PackageCache\com.unity.render-pipelines.universal@73b4c4ff130e)
    com.unity.test-framework@1.7.0 (location: D:\game\game-client\Library\PackageCache\com.unity.test-framework@1405238725ab)
    com.unity.textmeshpro@5.0.0 (location: D:\game\game-client\Library\PackageCache\com.unity.textmeshpro@53f43edfd2e0)
    com.unity.modules.accessibility@1.0.0 (location: D:\game\game-client\Library\PackageCache\com.unity.modules.accessibility)
    com.unity.modules.adaptiveperformance@1.0.0 (location: D:\game\game-client\Library\PackageCache\com.unity.modules.adaptiveperformance)
    com.unity.modules.ai@1.0.0 (location: D:\game\game-client\Library\PackageCache\com.unity.modules.ai)
    com.unity.modules.androidjni@1.0.0 (location: D:\game\game-client\Library\PackageCache\com.unity.modules.androidjni)
    com.unity.modules.animation@1.0.0 (location: D:\game\game-client\Library\PackageCache\com.unity.modules.animation)
    com.unity.modules.assetbundle@1.0.0 (location: D:\game\game-client\Library\PackageCache\com.unity.modules.assetbundle)
    com.unity.modules.audio@1.0.0 (location: D:\game\game-client\Library\PackageCache\com.unity.modules.audio)
    com.unity.modules.cloth@1.0.0 (location: D:\game\game-client\Library\PackageCache\com.unity.modules.cloth)
    com.unity.modules.director@1.0.0 (location: D:\game\game-client\Library\PackageCache\com.unity.modules.director)
    com.unity.modules.imageconversion@1.0.0 (location: D:\game\game-client\Library\PackageCache\com.unity.modules.imageconversion)
    com.unity.modules.imgui@1.0.0 (location: D:\game\game-client\Library\PackageCache\com.unity.modules.imgui)
    com.unity.modules.jsonserialize@1.0.0 (location: D:\game\game-client\Library\PackageCache\com.unity.modules.jsonserialize)
    com.unity.modules.particlesystem@1.0.0 (location: D:\game\game-client\Library\PackageCache\com.unity.modules.particlesystem)
    com.unity.modules.physics@1.0.0 (location: D:\game\game-client\Library\PackageCache\com.unity.modules.physics)
    com.unity.modules.physics2d@1.0.0 (location: D:\game\game-client\Library\PackageCache\com.unity.modules.physics2d)
    com.unity.modules.physicscore2d@1.0.0 (location: D:\game\game-client\Library\PackageCache\com.unity.modules.physicscore2d)
    com.unity.modules.screencapture@1.0.0 (location: D:\game\game-client\Library\PackageCache\com.unity.modules.screencapture)
    com.unity.modules.terrain@1.0.0 (location: D:\game\game-client\Library\PackageCache\com.unity.modules.terrain)
    com.unity.modules.terrainphysics@1.0.0 (location: D:\game\game-client\Library\PackageCache\com.unity.modules.terrainphysics)
    com.unity.modules.tilemap@1.0.0 (location: D:\game\game-client\Library\PackageCache\com.unity.modules.tilemap)
    com.unity.modules.ui@1.0.0 (location: D:\game\game-client\Library\PackageCache\com.unity.modules.ui)
    com.unity.modules.uielements@1.0.0 (location: D:\game\game-client\Library\PackageCache\com.unity.modules.uielements)
    com.unity.modules.umbra@1.0.0 (location: D:\game\game-client\Library\PackageCache\com.unity.modules.umbra)
    com.unity.modules.unityanalytics@1.0.0 (location: D:\game\game-client\Library\PackageCache\com.unity.modules.unityanalytics)
    com.unity.modules.unitywebrequest@1.0.0 (location: D:\game\game-client\Library\PackageCache\com.unity.modules.unitywebrequest)
    com.unity.modules.unitywebrequestassetbundle@1.0.0 (location: D:\game\game-client\Library\PackageCache\com.unity.modules.unitywebrequestassetbundle)
    com.unity.modules.unitywebrequestaudio@1.0.0 (location: D:\game\game-client\Library\PackageCache\com.unity.modules.unitywebrequestaudio)
    com.unity.modules.unitywebrequesttexture@1.0.0 (location: D:\game\game-client\Library\PackageCache\com.unity.modules.unitywebrequesttexture)
    com.unity.modules.unitywebrequestwww@1.0.0 (location: D:\game\game-client\Library\PackageCache\com.unity.modules.unitywebrequestwww)
    com.unity.modules.vectorgraphics@1.0.0 (location: D:\game\game-client\Library\PackageCache\com.unity.modules.vectorgraphics)
    com.unity.modules.vehicles@1.0.0 (location: D:\game\game-client\Library\PackageCache\com.unity.modules.vehicles)
    com.unity.modules.video@1.0.0 (location: D:\game\game-client\Library\PackageCache\com.unity.modules.video)
    com.unity.modules.wind@1.0.0 (location: D:\game\game-client\Library\PackageCache\com.unity.modules.wind)
    com.unity.modules.xr@1.0.0 (location: D:\game\game-client\Library\PackageCache\com.unity.modules.xr)
    com.unity.modules.subsystems@1.0.0 (location: D:\game\game-client\Library\PackageCache\com.unity.modules.subsystems)
    com.unity.modules.hierarchycore@1.0.0 (location: D:\game\game-client\Library\PackageCache\com.unity.modules.hierarchycore)
    com.unity.ugui@2.5.0 (location: D:\game\game-client\Library\PackageCache\com.unity.ugui@67707a67a4ab)
    com.unity.ext.nunit@2.1.0 (location: D:\game\game-client\Library\PackageCache\com.unity.ext.nunit@44f7d31723bd)
    com.unity.render-pipelines.core@17.5.0 (location: D:\game\game-client\Library\PackageCache\com.unity.render-pipelines.core@645717f21c5f)
    com.unity.shadergraph@17.5.0 (location: D:\game\game-client\Library\PackageCache\com.unity.shadergraph@8d7376ec43ee)
    com.unity.render-pipelines.universal-config@17.5.0 (location: D:\game\game-client\Library\PackageCache\com.unity.render-pipelines.universal-config@fdda01c80fe3)
    com.unity.collections@6.5.0 (location: D:\game\game-client\Library\PackageCache\com.unity.collections@ec2c217e4cb2)
    com.unity.mathematics@1.4.0 (location: D:\game\game-client\Library\PackageCache\com.unity.mathematics@981956d94fb6)
  Git packages:
    com.endel.nativewebsocket@https://github.com/endel/NativeWebSocket.git#upm (location: D:\game\game-client\Library\PackageCache\com.endel.nativewebsocket@ea014c9ae534)
[Package Manager] com.unity.textmeshpro is deprecated: This package is no longer supported. TextMeshPro functionalities are now included in the com.unity.ugui package. To continue using them, consider adding it to your project dependencies.
[Subsystems] No new subsystems found in resolved package list.
[Package Manager] Done registering packages in 0.03 seconds
info: Microsoft.Hosting.Lifetime[14]
      Now listening on: http://localhost:80
info: Microsoft.Hosting.Lifetime[0]
      Application started. Press Ctrl+C to shut down.
info: Microsoft.Hosting.Lifetime[0]
      Hosting environment: Production
info: Microsoft.Hosting.Lifetime[0]
      Content root path: D:\game\game-client
info: Microsoft.AspNetCore.Hosting.Diagnostics[1]
      Request starting HTTP/2 POST http://ilpp/UnityILPP.PostProcessing/Ping - application/grpc -
info: Microsoft.AspNetCore.Routing.EndpointMiddleware[0]
      Executing endpoint 'gRPC - /UnityILPP.PostProcessing/Ping'
info: Microsoft.AspNetCore.Routing.EndpointMiddleware[1]
      Executed endpoint 'gRPC - /UnityILPP.PostProcessing/Ping'
info: Microsoft.AspNetCore.Hosting.Diagnostics[2]
      Request finished HTTP/2 POST http://ilpp/UnityILPP.PostProcessing/Ping - 200 - application/grpc 55.0590ms
Starting: D:\Program Files\Editor\6000.5.7f1\Editor\Data\Tools\BuildPipeline\bee_backend.exe --ipc --defer-dag-verification --dagfile="Library/Bee/2000b0aE.dag" --continue-on-failure --profile="Library/Bee/backend1.traceevents" ScriptAssemblies
WorkingDir: D:/game/game-client
info: Microsoft.AspNetCore.Hosting.Diagnostics[1]
      Request starting HTTP/2 POST http://ilpp/UnityILPP.PostProcessing/ConfigurePostProcessors - application/grpc -
info: Microsoft.AspNetCore.Routing.EndpointMiddleware[0]
      Executing endpoint 'gRPC - /UnityILPP.PostProcessing/ConfigurePostProcessors'
warn: Unity.ILPP.Runner.PostProcessingAssemblyLoadContext[0]
      Assembly system.runtime.interopservices.windowsruntime has duplicate hint path. Ignoring "D:\Program Files\Editor\6000.5.7f1\Editor\Data\UnityReferenceAssemblies\unity-4.8-api\Facades\System.Runtime.InteropServices.WindowsRuntime.dll" in favor of "D:\Program Files\Editor\6000.5.7f1\Editor\Data\NetStandard\Extensions\2.0.0\System.Runtime.InteropServices.WindowsRuntime.dll"
warn: Unity.ILPP.Runner.PostProcessingAssemblyLoadContext[0]
      Assembly system.componentmodel.composition has duplicate hint path. Ignoring "D:\Program Files\Editor\6000.5.7f1\Editor\Data\UnityReferenceAssemblies\unity-4.8-api\System.ComponentModel.Composition.dll" in favor of "D:\Program Files\Editor\6000.5.7f1\Editor\Data\NetStandard\compat\2.1.0\shims\netfx\System.ComponentModel.Composition.dll"
DisplayProgressbar: Compiling Scripts
info: Unity.ILPP.Runner.PostProcessingAssemblyLoadContext[0]
      Resolved Unity.Burst.Cecil, Version=0.11.6.0, Culture=neutral, PublicKeyToken=50cebf1cceb9d05e with Library\PackageCache\com.unity.burst@2f3d916873ea\Unity.Burst.CodeGen\Unity.Burst.Cecil.dll
info: Unity.ILPP.Runner.PostProcessingAssemblyLoadContext[0]
      Resolved Mono.Cecil, Version=0.11.5.0, Culture=neutral, PublicKeyToken=50cebf1cceb9d05e with Library\PackageCache\com.unity.nuget.mono-cecil@ecb9724e46ff\Mono.Cecil.dll
info: Microsoft.AspNetCore.Routing.EndpointMiddleware[1]
      Executed endpoint 'gRPC - /UnityILPP.PostProcessing/ConfigurePostProcessors'
info: Microsoft.AspNetCore.Hosting.Diagnostics[2]
      Request finished HTTP/2 POST http://ilpp/UnityILPP.PostProcessing/ConfigurePostProcessors - 200 - application/grpc 105.1910ms
info: Microsoft.AspNetCore.Hosting.Diagnostics[1]
      Request starting HTTP/2 POST http://ilpp/UnityILPP.PostProcessing/PostProcessAssembly - application/grpc -
info: Microsoft.AspNetCore.Routing.EndpointMiddleware[0]
      Executing endpoint 'gRPC - /UnityILPP.PostProcessing/PostProcessAssembly'
info: Unity.ILPP.Runner.PostProcessingPipeline[0]
      Processing assembly Library/Bee/artifacts/2000b0aE.dag/QuizBattle.Runtime.dll, with 117 defines and 290 references
info: Unity.ILPP.Runner.PostProcessingPipeline[0]
      processors: Unity.Jobs.CodeGen.JobsILPostProcessor, zzzUnity.Burst.CodeGen.BurstILPostProcessor
info: Unity.ILPP.Runner.PostProcessingPipeline[0]
      running Unity.Jobs.CodeGen.JobsILPostProcessor
info: Unity.ILPP.Runner.PostProcessingPipeline[0]
      running zzzUnity.Burst.CodeGen.BurstILPostProcessor
info: Microsoft.AspNetCore.Routing.EndpointMiddleware[1]
      Executed endpoint 'gRPC - /UnityILPP.PostProcessing/PostProcessAssembly'
info: Microsoft.AspNetCore.Hosting.Diagnostics[2]
      Request finished HTTP/2 POST http://ilpp/UnityILPP.PostProcessing/PostProcessAssembly - 200 - application/grpc 23.6692ms
info: Microsoft.AspNetCore.Hosting.Diagnostics[1]
      Request starting HTTP/2 POST http://ilpp/UnityILPP.PostProcessing/PostProcessAssembly - application/grpc -
info: Microsoft.AspNetCore.Routing.EndpointMiddleware[0]
      Executing endpoint 'gRPC - /UnityILPP.PostProcessing/PostProcessAssembly'
info: Unity.ILPP.Runner.PostProcessingPipeline[0]
      Processing assembly Library/Bee/artifacts/2000b0aE.dag/QuizBattle.Tests.EditMode.dll, with 115 defines and 297 references
info: Unity.ILPP.Runner.PostProcessingPipeline[0]
      processors: Unity.Jobs.CodeGen.JobsILPostProcessor, zzzUnity.Burst.CodeGen.BurstILPostProcessor
info: Unity.ILPP.Runner.PostProcessingPipeline[0]
      running Unity.Jobs.CodeGen.JobsILPostProcessor
info: Unity.ILPP.Runner.PostProcessingPipeline[0]
      running zzzUnity.Burst.CodeGen.BurstILPostProcessor
info: Microsoft.AspNetCore.Routing.EndpointMiddleware[1]
      Executed endpoint 'gRPC - /UnityILPP.PostProcessing/PostProcessAssembly'
info: Microsoft.AspNetCore.Hosting.Diagnostics[2]
      Request finished HTTP/2 POST http://ilpp/UnityILPP.PostProcessing/PostProcessAssembly - 200 - application/grpc 6.7435ms
info: Microsoft.AspNetCore.Hosting.Diagnostics[1]
      Request starting HTTP/2 POST http://ilpp/UnityILPP.PostProcessing/PostProcessAssembly - application/grpc -
info: Microsoft.AspNetCore.Routing.EndpointMiddleware[0]
      Executing endpoint 'gRPC - /UnityILPP.PostProcessing/PostProcessAssembly'
info: Unity.ILPP.Runner.PostProcessingPipeline[0]
      Processing assembly Library/Bee/artifacts/2000b0aE.dag/Assembly-CSharp-Editor.dll, with 115 defines and 342 references
info: Unity.ILPP.Runner.PostProcessingPipeline[0]
      processors: Unity.Jobs.CodeGen.JobsILPostProcessor, zzzUnity.Burst.CodeGen.BurstILPostProcessor
info: Unity.ILPP.Runner.PostProcessingPipeline[0]
      running Unity.Jobs.CodeGen.JobsILPostProcessor
info: Unity.ILPP.Runner.PostProcessingAssemblyLoadContext[0]
      Resolved Unity.Collections, Version=0.0.0.0, Culture=neutral, PublicKeyToken=null with Library\Bee\artifacts\2000b0aE.dag\Unity.Collections.dll
info: Unity.ILPP.Runner.PostProcessingAssemblyLoadContext[0]
      Resolved UnityEditor.CoreModule, Version=0.0.0.0, Culture=neutral, PublicKeyToken=null with D:\Program Files\Editor\6000.5.7f1\Editor\Data\Managed\UnityEngine\UnityEditor.CoreModule.dll
info: Unity.ILPP.Runner.PostProcessingAssemblyLoadContext[0]
      Resolved UnityEngine.CoreModule, Version=0.0.0.0, Culture=neutral, PublicKeyToken=null with D:\Program Files\Editor\6000.5.7f1\Editor\Data\Managed\UnityEngine\UnityEngine.CoreModule.dll
info: Unity.ILPP.Runner.PostProcessingAssemblyLoadContext[0]
      Resolved Unity.Scripting, Version=0.0.0.0, Culture=neutral, PublicKeyToken=null with D:\Program Files\Editor\6000.5.7f1\Editor\Data\Managed\UnityEngine\Unity.Scripting.dll
info: Unity.ILPP.Runner.PostProcessingPipeline[0]
      running zzzUnity.Burst.CodeGen.BurstILPostProcessor
info: Unity.ILPP.Runner.PostProcessingAssemblyLoadContext[0]
      Resolved Unity.Burst.Cecil.Rocks, Version=0.11.6.0, Culture=neutral, PublicKeyToken=50cebf1cceb9d05e with Library\PackageCache\com.unity.burst@2f3d916873ea\Unity.Burst.CodeGen\Unity.Burst.Cecil.Rocks.dll
info: Microsoft.AspNetCore.Routing.EndpointMiddleware[1]
      Executed endpoint 'gRPC - /UnityILPP.PostProcessing/PostProcessAssembly'
info: Microsoft.AspNetCore.Hosting.Diagnostics[2]
      Request finished HTTP/2 POST http://ilpp/UnityILPP.PostProcessing/PostProcessAssembly - 200 - application/grpc 724.7065ms
ExitCode: 0 Duration: 6s288ms
[422/721    0s] WriteResponseFile Library/Bee/artifacts/rsp/4747638433968585886.rsp
[573/721    0s] ILPP-Configuration Library/ilpp-configuration.nevergeneratedoutput
[709/721    3s] Csc Library/Bee/artifacts/2000b0aE.dag/QuizBattle.Runtime.dll (+2 others)
Assets\Scripts\UI\UiFactory.cs(33,17): warning CS0618: 'Object.FindFirstObjectByType<T>()' is obsolete: 'FindFirstObjectByType has been deprecated because it relies on instance ID ordering. Use FindAnyObjectByType instead, which does not depend on ordering.'

Assets\Scripts\UI\UiFactory.cs(61,13): warning CS0618: 'TMP_Text.enableWordWrapping' is obsolete: 'The enabledWordWrapping property is now obsolete. Please use the textWrappingMode property instead.'

Assets\Scripts\Arena\ArenaEnvironment.cs(81,76): warning CS0618: 'FindObjectsSortMode' is obsolete: 'FindObjectsSortMode has been deprecated. Use the FindObjectsByType overloads that do not take a FindObjectsSortMode parameter.'

Assets\Scripts\Arena\ArenaEnvironment.cs(81,35): warning CS0618: 'Object.FindObjectsByType<T>(FindObjectsSortMode)' is obsolete: 'FindObjectsByType with FindObjectsSortMode parameter has been deprecated. Use FindObjectsByType<T>() or FindObjectsByType<T>(FindObjectsInactive) instead. InstanceID will be replaced in the future with EntityId and previous sort order cannot be maintained.'

Assets\Scripts\Arena\CharacterToken.cs(98,13): warning CS0618: 'TMP_Text.enableWordWrapping' is obsolete: 'The enabledWordWrapping property is now obsolete. Please use the textWrappingMode property instead.'

Assets\Scripts\Arena\ArenaEnvironment.cs(109,67): warning CS0618: 'FindObjectsSortMode' is obsolete: 'FindObjectsSortMode has been deprecated. Use the FindObjectsByType overloads that do not take a FindObjectsSortMode parameter.'

Assets\Scripts\Arena\ArenaEnvironment.cs(109,35): warning CS0618: 'Object.FindObjectsByType<T>(FindObjectsSortMode)' is obsolete: 'FindObjectsByType with FindObjectsSortMode parameter has been deprecated. Use FindObjectsByType<T>() or FindObjectsByType<T>(FindObjectsInactive) instead. InstanceID will be replaced in the future with EntityId and previous sort order cannot be maintained.'

Assets\Scripts\Arena\ArenaEnvironment.cs(157,28): warning CS0618: 'Object.FindFirstObjectByType<T>()' is obsolete: 'FindFirstObjectByType has been deprecated because it relies on instance ID ordering. Use FindAnyObjectByType instead, which does not depend on ordering.'
[710/721    0s] ILPostProcess Library/Bee/artifacts/2000b0aE.dag/post-processed/QuizBattle.Runtime.dll (+pdb)
Processing assembly Library/Bee/artifacts/2000b0aE.dag/QuizBattle.Runtime.dll, with 117 defines and 290 references

processors: Unity.Jobs.CodeGen.JobsILPostProcessor, zzzUnity.Burst.CodeGen.BurstILPostProcessor

running Unity.Jobs.CodeGen.JobsILPostProcessor

running zzzUnity.Burst.CodeGen.BurstILPostProcessor
[711/721    0s] CopyFiles Library/ScriptAssemblies/QuizBattle.Runtime.pdb
[712/721    0s] Csc Library/Bee/artifacts/2000b0aE.dag/QuizBattle.Tests.EditMode.dll (+2 others)
[713/721    0s] ILPostProcess Library/Bee/artifacts/2000b0aE.dag/post-processed/QuizBattle.Tests.EditMode.dll (+pdb)
Processing assembly Library/Bee/artifacts/2000b0aE.dag/QuizBattle.Tests.EditMode.dll, with 115 defines and 297 references

processors: Unity.Jobs.CodeGen.JobsILPostProcessor, zzzUnity.Burst.CodeGen.BurstILPostProcessor

running Unity.Jobs.CodeGen.JobsILPostProcessor

running zzzUnity.Burst.CodeGen.BurstILPostProcessor
[714/721    0s] CopyFiles Library/ScriptAssemblies/QuizBattle.Tests.EditMode.pdb
[715/721    0s] CopyFiles Library/ScriptAssemblies/QuizBattle.Runtime.dll
[716/721    0s] CopyFiles Library/ScriptAssemblies/QuizBattle.Tests.EditMode.dll
[717/721    0s] Csc Library/Bee/artifacts/2000b0aE.dag/Assembly-CSharp-Editor.dll (+2 others)
Assets\Editor\ArenaDemoRunner.cs(111,72): warning CS0618: 'FindObjectsSortMode' is obsolete: 'FindObjectsSortMode has been deprecated. Use the FindObjectsByType overloads that do not take a FindObjectsSortMode parameter.'

Assets\Editor\ArenaDemoRunner.cs(111,31): warning CS0618: 'Object.FindObjectsByType<T>(FindObjectsSortMode)' is obsolete: 'FindObjectsByType with FindObjectsSortMode parameter has been deprecated. Use FindObjectsByType<T>() or FindObjectsByType<T>(FindObjectsInactive) instead. InstanceID will be replaced in the future with EntityId and previous sort order cannot be maintained.'

Assets\Editor\NetworkedMatchDemoRunner.cs(203,84): warning CS0618: 'FindObjectsSortMode' is obsolete: 'FindObjectsSortMode has been deprecated. Use the FindObjectsByType overloads that do not take a FindObjectsSortMode parameter.'

Assets\Editor\NetworkedMatchDemoRunner.cs(203,31): warning CS0618: 'Object.FindObjectsByType<T>(FindObjectsSortMode)' is obsolete: 'FindObjectsByType with FindObjectsSortMode parameter has been deprecated. Use FindObjectsByType<T>() or FindObjectsByType<T>(FindObjectsInactive) instead. InstanceID will be replaced in the future with EntityId and previous sort order cannot be maintained.'
[718/721    0s] ILPostProcess Library/Bee/artifacts/2000b0aE.dag/post-processed/Assembly-CSharp-Editor.dll (+pdb)
Processing assembly Library/Bee/artifacts/2000b0aE.dag/Assembly-CSharp-Editor.dll, with 115 defines and 342 references

processors: Unity.Jobs.CodeGen.JobsILPostProcessor, zzzUnity.Burst.CodeGen.BurstILPostProcessor

running Unity.Jobs.CodeGen.JobsILPostProcessor

running zzzUnity.Burst.CodeGen.BurstILPostProcessor
[719/721    0s] CopyFiles Library/ScriptAssemblies/Assembly-CSharp-Editor.pdb
[720/721    0s] CopyFiles Library/ScriptAssemblies/Assembly-CSharp-Editor.dll
*** Tundra build success (6.23 seconds), 14 items updated, 721 evaluated
Assets\Scripts\UI\UiFactory.cs(33,17): warning CS0618: 'Object.FindFirstObjectByType<T>()' is obsolete: 'FindFirstObjectByType has been deprecated because it relies on instance ID ordering. Use FindAnyObjectByType instead, which does not depend on ordering.'
Assets\Scripts\UI\UiFactory.cs(61,13): warning CS0618: 'TMP_Text.enableWordWrapping' is obsolete: 'The enabledWordWrapping property is now obsolete. Please use the textWrappingMode property instead.'
Assets\Scripts\Arena\ArenaEnvironment.cs(81,76): warning CS0618: 'FindObjectsSortMode' is obsolete: 'FindObjectsSortMode has been deprecated. Use the FindObjectsByType overloads that do not take a FindObjectsSortMode parameter.'
Assets\Scripts\Arena\ArenaEnvironment.cs(81,35): warning CS0618: 'Object.FindObjectsByType<T>(FindObjectsSortMode)' is obsolete: 'FindObjectsByType with FindObjectsSortMode parameter has been deprecated. Use FindObjectsByType<T>() or FindObjectsByType<T>(FindObjectsInactive) instead. InstanceID will be replaced in the future with EntityId and previous sort order cannot be maintained.'
Assets\Scripts\Arena\CharacterToken.cs(98,13): warning CS0618: 'TMP_Text.enableWordWrapping' is obsolete: 'The enabledWordWrapping property is now obsolete. Please use the textWrappingMode property instead.'
Assets\Scripts\Arena\ArenaEnvironment.cs(109,67): warning CS0618: 'FindObjectsSortMode' is obsolete: 'FindObjectsSortMode has been deprecated. Use the FindObjectsByType overloads that do not take a FindObjectsSortMode parameter.'
Assets\Scripts\Arena\ArenaEnvironment.cs(109,35): warning CS0618: 'Object.FindObjectsByType<T>(FindObjectsSortMode)' is obsolete: 'FindObjectsByType with FindObjectsSortMode parameter has been deprecated. Use FindObjectsByType<T>() or FindObjectsByType<T>(FindObjectsInactive) instead. InstanceID will be replaced in the future with EntityId and previous sort order cannot be maintained.'
Assets\Scripts\Arena\ArenaEnvironment.cs(157,28): warning CS0618: 'Object.FindFirstObjectByType<T>()' is obsolete: 'FindFirstObjectByType has been deprecated because it relies on instance ID ordering. Use FindAnyObjectByType instead, which does not depend on ordering.'
Assets\Editor\ArenaDemoRunner.cs(111,72): warning CS0618: 'FindObjectsSortMode' is obsolete: 'FindObjectsSortMode has been deprecated. Use the FindObjectsByType overloads that do not take a FindObjectsSortMode parameter.'
Assets\Editor\ArenaDemoRunner.cs(111,31): warning CS0618: 'Object.FindObjectsByType<T>(FindObjectsSortMode)' is obsolete: 'FindObjectsByType with FindObjectsSortMode parameter has been deprecated. Use FindObjectsByType<T>() or FindObjectsByType<T>(FindObjectsInactive) instead. InstanceID will be replaced in the future with EntityId and previous sort order cannot be maintained.'
Assets\Editor\NetworkedMatchDemoRunner.cs(203,84): warning CS0618: 'FindObjectsSortMode' is obsolete: 'FindObjectsSortMode has been deprecated. Use the FindObjectsByType overloads that do not take a FindObjectsSortMode parameter.'
Assets\Editor\NetworkedMatchDemoRunner.cs(203,31): warning CS0618: 'Object.FindObjectsByType<T>(FindObjectsSortMode)' is obsolete: 'FindObjectsByType with FindObjectsSortMode parameter has been deprecated. Use FindObjectsByType<T>() or FindObjectsByType<T>(FindObjectsInactive) instead. InstanceID will be replaced in the future with EntityId and previous sort order cannot be maintained.'
Total cache size 187449023
Total cache size after purge 187449023, took 00:00:00.3120316
AssetDatabase: script compilation time: 7.617177s
Begin MonoManager ReloadAssembly
Symbol file LoadedFromMemory is not a mono symbol file
Native extension for Android target not found
Native extension for UWP target not found
Native extension for WindowsStandalone target not found
Native extension for WebGL target not found
ScheduleIndexationOnStartup MainProcess:True IndexOnStartup:True
Mono: successfully reloaded assembly
- Finished resetting the current domain, in  5.011 seconds
Domain Reload Profiling: 6313ms
	BeginReloadAssembly (419ms)
		DisableScriptedObjects (50ms)
		CreateAndSetChildDomain (82ms)
	RebuildCommonClasses (17ms)
	RebuildNativeTypeToScriptingClass (33ms)
	initialDomainReloadingComplete (78ms)
	LoadAllAssembliesAndSetupDomain (752ms)
		LoadAssemblies (488ms)
		AnalyzeDomain (265ms)
			TypeCache.Refresh (172ms)
				TypeCache.ScanAssembly (152ms)
			BuildScriptInfoCaches (76ms)
			ResolveRequiredComponents (12ms)
	FinalizeReload (5014ms)
		SetupLoadedEditorAssemblies (0ms)
			InitializePlatformSupportModulesInManaged (28ms)
			BeforeProcessingInitializeOnLoad (195ms)
			ProcessInitializeOnLoadAttributes (3639ms)
			ProcessInitializeOnLoadMethodAttributes (596ms)
			AfterProcessingInitializeOnLoad (5ms)
		AwakeInstancesAfterBackupRestoration (63ms)
Starting new worker id: 0 with log in D:/game/game-client/Logs/AssetImportWorkerHW0.log

Asset Pipeline Refresh (id=dbd10ebc1df63314481ecb588d23b4b5): Total: 14.785 seconds - Initiated by InitialRefreshV2(ForceSynchronousImport)
	(Values over 0.05ms)
	Summary:
		Imports: total=0 (actual=0, local cache=0, cache server=0)
		Asset DB Process Time: managed=0 ms, native=5631 ms
		Asset DB Callback time: managed=65 ms, native=38 ms
		Scripting: domain reloads=1, domain reload time=1356 ms, compile time=7620 ms, other=72 ms
		Project Asset Count: scripts=950, non-scripts=1812
		Asset File Changes: new=0, changed=0, moved=0, deleted=0
		Scan Filter Count: 0
	InvokePackagesCallback: 40.908ms
	ApplyChangesToAssetFolders: 0.941ms
	Scan: 133.215ms
	Collect global state as custom dependencies: 39.996ms
	CategorizeScriptCompilationAssets: 36.628ms
	ProcessAssetsWithTransientArtifactChanges: 71.562ms
	CategorizeAssets: 73.781ms
	CompileScripts: 7619.734ms
	ImportOutOfDateAssets: 5119.159ms (5032.561ms without children)
		UnloadImportedAssets: 1.202ms
		EnsureUptoDateAssetsAreRegisteredWithGuidPM: 0.784ms
		ImportSchedulerStart: 84.561ms
	PostProcessAllAssets: 65.921ms
		MonoPostProcessAllAssets: 65.806ms
			UniversalRenderPipelineGlobalSettingsPostprocessor.OnPostprocessAllAssets 27.471ms
			SpeedTree9Postprocessor.OnPostprocessAllAssets 4.096ms
			WindowAssetPostprocessingWatcher.OnPostprocessAllAssets 4.068ms
			SyncVS.PostprocessSyncProject 2.414ms
			EditModeScopePostprocessor.OnPostprocessAllAssets 1.936ms
			RenderPipelineGlobalSettingsPostprocessor.OnPostprocessAllAssets 1.364ms
			ShaderReflectionAssetPostProcessor.OnPostprocessAllAssets 0.680ms
			ReferencedClipsPostProcessor.OnPostprocessAllAssets 0.643ms
			TerrainToolbarOverlayPostProcessor.OnPostprocessAllAssets 0.458ms
			AssetDatabaseCallbacks.OnPostprocessAllAssets 0.343ms
	UnloadStreamsBegin: 6.630ms
	PersistCurrentRevisions: 0.220ms
	GenerateScriptTypeHashes: 2.351ms
	GenerateScriptTypeSerializationHashes: 4.103ms
	Untracked: 1569.920ms

Application.AssetDatabase Initial Refresh End
Launched and connected shader compiler UnityShaderCompiler.exe after 0.02 seconds
Scanning for USB devices : 6.243ms
Initializing Unity extensions:
[MODES] ModeService[none].Initialize
[MODES] ModeService[none].LoadModes
[MODES] Loading mode Default (0) for mode-current-id-game-client
Unloading 38 Unused Serialized files (Serialized files now loaded: 0)
Unloading 3432 unused Assets / (8.2 MB). Loaded Objects now: 4402.
Memory consumption went from 346.5 MB to 338.4 MB.
Total: 21.036900 ms (FindLiveObjects: 0.746100 ms CreateObjectMapping: 1.800100 ms MarkObjects: 10.460300 ms  DeleteObjects: 8.019000 ms)

Importing 'GUID: cf2342422fda8d04eaa4f9b0f45e364e - Path: Assets/Settings/QuizBattle_URP.asset' with importer (NativeFormatImporter)
Imported 'GUID: cf2342422fda8d04eaa4f9b0f45e364e' -> (Import Result ID: 'fd584a0ebb756d0e6b4c5aed8396a28b') in 0.012 seconds [static dependencies only]. Details - ImportResultOutputID=bd7714e165152afead7b5d18422af6cf DependenciesID=3918f9fffe4d19d916e62da0bd3558fd StaticDependenciesID=4ca6397c2d058c4a771e6f0071d07488 

Asset Pipeline Refresh (id=1d308a87a1cd5644d9ce72a87f2b5b38): Total: 0.334 seconds - Initiated by StopAssetImportingV2(NoUpdateAssetOptions)
	(Values over 0.05ms)
	Summary:
		Imports: total=1 (actual=1, local cache=0, cache server=0)
		Asset DB Process Time: managed=3 ms, native=154 ms
		Asset DB Callback time: managed=173 ms, native=2 ms
		Scripting: domain reloads=0, domain reload time=0 ms, compile time=0 ms, other=0 ms
		Project Asset Count: scripts=950, non-scripts=1812
		Asset File Changes: new=0, changed=0, moved=0, deleted=0
		Scan Filter Count: 3
	ApplyChangesToAssetFolders: 0.207ms
	Scan: 20.631ms
	Collect global state as custom dependencies: 0.403ms
	ProcessAssetsWithTransientArtifactChanges: 0.054ms
	CategorizeAssets: 55.809ms
	ImportOutOfDateAssets: 75.408ms (9.398ms without children)
		ImportManagerImport: 14.404ms (1.714ms without children)
		UnloadImportedAssets: 0.329ms
		EnsureUptoDateAssetsAreRegisteredWithGuidPM: 0.744ms
		ImportSchedulerStart: 50.480ms
	PostProcessAllAssets: 175.174ms
		XRBuildSystem.XRAssetImported 0.778ms
		MonoPostProcessAllAssets: 173.712ms
			AssetPostprocessor.OnPostprocessAllAssets 107.205ms
			StyleCatalogPostProcessor.OnPostprocessAllAssets 29.903ms
			BuilderAssetPostprocessor.OnPostprocessAllAssets 11.888ms
			AssetChangedListener.OnPostprocessAllAssets 4.452ms
			ShaderGraphAssetPostProcessor.OnPostprocessAllAssets 3.826ms
			RetainedModeAssetPostprocessor.OnPostprocessAllAssets 3.459ms
			MaterialPostprocessor.OnPostprocessAllAssets 1.702ms
			CubeLutAssetImporter.OnPostprocessAllAssets 1.310ms
			TMPro_TexturePostProcessor.OnPostprocessAllAssets 1.135ms
			ArtifactBrowserPostProcessor.OnPostprocessAllAssets 0.972ms
			TextAssetPostProcessor.OnPostprocessAllAssets 0.946ms
			SampleDependencyImporterPostProcessor.OnPostprocessAllAssets 0.700ms
			AudioMixerPostprocessor.OnPostprocessAllAssets 0.647ms
			PostProcessor.OnPostprocessAllAssets 0.615ms
			AssetEvents.OnPostprocessAllAssets 0.479ms
			SpeedTreePostProcessor.OnPostprocessAllAssets 0.383ms
			ConfigAssetsTracker.OnPostprocessAllAssets 0.300ms
			ScenarioDriftAssetsTracker.OnPostprocessAllAssets 0.281ms
			RenderPipelineGlobalSettingsPostprocessor.OnPostprocessAllAssets 0.147ms
			AudioContainerPostProcessor.OnPostprocessAllAssets 0.143ms
			UniversalRenderPipelineGlobalSettingsPostprocessor.OnPostprocessAllAssets 0.073ms
			SyncVS.PostprocessSyncProject 0.066ms
	PostAssetChangesProfiler: 0.693ms
	GatherAllCurrentPrimaryImportResultRevisions: 0.271ms
	UnloadStreamsBegin: 0.097ms
	PersistCurrentRevisions: 0.178ms
	Untracked: 4.652ms

1 URP assets included in build
- QuizBattle_URP - Assets/Settings/QuizBattle_URP.asset
	 - QuizBattle_Renderer - Assets/Settings/QuizBattle_Renderer.asset - UnityEngine.Rendering.Universal.UniversalRendererData
UnityEngine.Debug:ExtractStackTraceNoAlloc (byte*,int,string)
UnityEngine.StackTraceUtility:ExtractStackTrace ()
UnityEngine.DebugLogHandler:Internal_Log (UnityEngine.LogType,UnityEngine.LogOption,string,UnityEngine.Object)
UnityEngine.DebugLogHandler:LogFormat (UnityEngine.LogType,UnityEngine.Object,string,object[])
UnityEngine.Logger:Log (UnityEngine.LogType,object)
UnityEngine.Debug:Log (object)
UnityEditor.Rendering.Universal.URPPreprocessBuild:LogIncludedAssets (System.Collections.Generic.List`1<UnityEngine.Rendering.Universal.UniversalRenderPipelineAsset>) (at ./Library/PackageCache/com.unity.render-pipelines.universal@73b4c4ff130e/Editor/BuildProcessors/URPPreprocessBuild.cs:73)
UnityEditor.Rendering.Universal.URPPreprocessBuild:OnPreprocessBuild (UnityEditor.Build.Reporting.BuildReport) (at ./Library/PackageCache/com.unity.render-pipelines.universal@73b4c4ff130e/Editor/BuildProcessors/URPPreprocessBuild.cs:32)
UnityEditor.Build.BuildPipelineInterfaces/<>c__DisplayClass17_0:<OnBuildPreProcess>b__1 (UnityEditor.Build.IPreprocessBuildWithReport)
UnityEditor.Build.BuildPipelineInterfaces:InvokeCallbackInterfacesPair<UnityEditor.Build.IPreprocessBuild, UnityEditor.Build.IPreprocessBuildWithReport> (System.Collections.Generic.List`1<UnityEditor.Build.IPreprocessBuild>,System.Action`1<UnityEditor.Build.IPreprocessBuild>,System.Collections.Generic.List`1<UnityEditor.Build.IPreprocessBuildWithReport>,System.Action`1<UnityEditor.Build.IPreprocessBuildWithReport>,bool)
UnityEditor.Build.BuildPipelineInterfaces:OnBuildPreProcess (UnityEditor.Build.Reporting.BuildReport)
UnityEditor.BuildPipeline:BuildPlayerInternal (string[],string,string,UnityEditor.BuildTargetGroup,UnityEditor.BuildTarget,int,UnityEditor.BuildOptions,string[],string[],bool)
UnityEditor.BuildPipeline:BuildPlayer (UnityEditor.BuildPlayerOptions)
QuizBattle.EditorTools.Graphics.WebGLBuildCheck:Run () (at Assets/Editor/Graphics/WebGLBuildCheck.cs:44)

(Filename: ./Library/PackageCache/com.unity.render-pipelines.universal@73b4c4ff130e/Editor/BuildProcessors/URPPreprocessBuild.cs Line: 73)

Importing 'GUID: cf2342422fda8d04eaa4f9b0f45e364e - Path: Assets/Settings/QuizBattle_URP.asset' with importer (NativeFormatImporter)
Imported 'GUID: cf2342422fda8d04eaa4f9b0f45e364e' -> (Import Result ID: 'fd584a0ebb756d0e6b4c5aed8396a28b') in 0.003 seconds [static dependencies only]. Details - ImportResultOutputID=bd7714e165152afead7b5d18422af6cf DependenciesID=3918f9fffe4d19d916e62da0bd3558fd StaticDependenciesID=4ca6397c2d058c4a771e6f0071d07488 
Asset Pipeline Refresh (id=7391f8964eb99d14b8529dd446fde509): Total: 0.099 seconds - Initiated by StopAssetImportingV2(NoUpdateAssetOptions)
Importing 'GUID: 00000000000000004000000000000000 - Path: ProjectSettings/ProjectSettings.asset' with importer (LibraryAssetImporter)
Imported 'GUID: 00000000000000004000000000000000' -> (Import Result ID: 'ac65388548131073a0f91330c0740bd0') in 0.003 seconds [static dependencies only]. Details - ImportResultOutputID=276a810dac73e1f29404d5e5f692e214 DependenciesID=d67c55fc4f16df85b19c0fb0baceb5a2 StaticDependenciesID=89da505abba325f5bd2a7f6c87d88cd5 
Importing 'GUID: 00000000000000006100000000000000 - Path: ProjectSettings/GraphicsSettings.asset' with importer (LibraryAssetImporter)
Imported 'GUID: 00000000000000006100000000000000' -> (Import Result ID: '917dab962521ffd745c5319654cd247d') in 0.001 seconds [static dependencies only]. Details - ImportResultOutputID=f9600466f06a676b7a4f639f6629ea48 DependenciesID=1b66da579ce9cfd02b12e2f794434bd1 StaticDependenciesID=abefacc7d477d32a1addf770cdf6f39c 
Importing 'GUID: c05740c4af7833e41afeedbba91446e4 - Path: Assets/UniversalRenderPipelineGlobalSettings.asset' with importer (NativeFormatImporter)
Imported 'GUID: c05740c4af7833e41afeedbba91446e4' -> (Import Result ID: 'bd18a8358771e2c109b3c626b361dc97') in 0.002 seconds [static dependencies only]. Details - ImportResultOutputID=2bd3fa82ca71d1e86d7a87a3d88ca2fe DependenciesID=cff2fe16b23661deaba4a45b39ed4637 StaticDependenciesID=8ace4b5fb269e7d2cf206c0c4f4515a1 
Asset Pipeline Refresh (id=3ef335e3bbd5c4143a9bd4580e64f887): Total: 0.093 seconds - Initiated by StopAssetImportingV2(NoUpdateAssetOptions)
info: Microsoft.AspNetCore.Hosting.Diagnostics[1]
      Request starting HTTP/2 POST http://ilpp/UnityILPP.PostProcessing/Ping - application/grpc -
info: Microsoft.AspNetCore.Routing.EndpointMiddleware[0]
      Executing endpoint 'gRPC - /UnityILPP.PostProcessing/Ping'
info: Microsoft.AspNetCore.Routing.EndpointMiddleware[1]
      Executed endpoint 'gRPC - /UnityILPP.PostProcessing/Ping'
info: Microsoft.AspNetCore.Hosting.Diagnostics[2]
      Request finished HTTP/2 POST http://ilpp/UnityILPP.PostProcessing/Ping - 200 - application/grpc 0.3451ms
Starting: D:\Program Files\Editor\6000.5.7f1\Editor\Data\Tools\BuildPipeline\bee_backend.exe --ipc --defer-dag-verification --dagfile="Library/Bee/2000b0aESkipCompile.dag" --continue-on-failure --profile="Library/Bee/backend1.traceevents" ScriptAssembliesAndTypeDB
WorkingDir: D:/game/game-client
Worker ready: AssetImportWorkerHW0 0
ExitCode: 0 Duration: 1s941ms
[2/3        1s] BuildPlayerDataGenerator Library/BuildPlayerData/Editor/TypeDb-All.json
*** Tundra build success (1.88 seconds), 1 items updated, 3 evaluated
Asset Pipeline Refresh (id=fa9c675759eb04049ab82fa625e8fcc1): Total: 0.015 seconds - Initiated by RefreshV2(NoUpdateAssetOptions)
[ScriptCompilation] Requested script compilation because: Recompiling scripts for player build.
BuildPlayer: start building target 20
info: Microsoft.AspNetCore.Hosting.Diagnostics[1]
      Request starting HTTP/2 POST http://ilpp/UnityILPP.PostProcessing/Ping - application/grpc -
info: Microsoft.AspNetCore.Routing.EndpointMiddleware[0]
      Executing endpoint 'gRPC - /UnityILPP.PostProcessing/Ping'
info: Microsoft.AspNetCore.Routing.EndpointMiddleware[1]
      Executed endpoint 'gRPC - /UnityILPP.PostProcessing/Ping'
info: Microsoft.AspNetCore.Hosting.Diagnostics[2]
      Request finished HTTP/2 POST http://ilpp/UnityILPP.PostProcessing/Ping - 200 - application/grpc 0.2895ms
Starting: D:\Program Files\Editor\6000.5.7f1\Editor\Data\Tools\BuildPipeline\bee_backend.exe --ipc --defer-dag-verification --dagfile="Library/Bee/2000b0aP.dag" --continue-on-failure --profile="Library/Bee/backend1.traceevents" ScriptAssembliesAndTypeDB
WorkingDir: D:/game/game-client
Total cache size 187449023
Total cache size after purge 187449023, took 00:00:00.3725783
info: Microsoft.AspNetCore.Hosting.Diagnostics[1]
      Request starting HTTP/2 POST http://ilpp/UnityILPP.PostProcessing/ConfigurePostProcessors - application/grpc -
info: Microsoft.AspNetCore.Routing.EndpointMiddleware[0]
      Executing endpoint 'gRPC - /UnityILPP.PostProcessing/ConfigurePostProcessors'
info: Unity.ILPP.Runner.PostProcessingAssemblyLoadContext[0]
      ALC ILPP context 1 is unloading
warn: Unity.ILPP.Runner.PostProcessingAssemblyLoadContext[0]
      Assembly system.runtime.interopservices.windowsruntime has duplicate hint path. Ignoring "D:\Program Files\Editor\6000.5.7f1\Editor\Data\UnityReferenceAssemblies\unity-4.8-api\Facades\System.Runtime.InteropServices.WindowsRuntime.dll" in favor of "D:\Program Files\Editor\6000.5.7f1\Editor\Data\NetStandard\Extensions\2.0.0\System.Runtime.InteropServices.WindowsRuntime.dll"
warn: Unity.ILPP.Runner.PostProcessingAssemblyLoadContext[0]
      Assembly system.componentmodel.composition has duplicate hint path. Ignoring "D:\Program Files\Editor\6000.5.7f1\Editor\Data\UnityReferenceAssemblies\unity-4.8-api\System.ComponentModel.Composition.dll" in favor of "D:\Program Files\Editor\6000.5.7f1\Editor\Data\NetStandard\compat\2.1.0\shims\netfx\System.ComponentModel.Composition.dll"
info: Unity.ILPP.Runner.PostProcessingAssemblyLoadContext[0]
      Resolved Unity.Burst.Cecil, Version=0.11.6.0, Culture=neutral, PublicKeyToken=50cebf1cceb9d05e with Library\PackageCache\com.unity.burst@2f3d916873ea\Unity.Burst.CodeGen\Unity.Burst.Cecil.dll
info: Unity.ILPP.Runner.PostProcessingAssemblyLoadContext[0]
      Resolved Mono.Cecil, Version=0.11.5.0, Culture=neutral, PublicKeyToken=50cebf1cceb9d05e with Library\PackageCache\com.unity.nuget.mono-cecil@ecb9724e46ff\Mono.Cecil.dll
info: Microsoft.AspNetCore.Routing.EndpointMiddleware[1]
      Executed endpoint 'gRPC - /UnityILPP.PostProcessing/ConfigurePostProcessors'
info: Microsoft.AspNetCore.Hosting.Diagnostics[2]
      Request finished HTTP/2 POST http://ilpp/UnityILPP.PostProcessing/ConfigurePostProcessors - 200 - application/grpc 23.6736ms
info: Microsoft.AspNetCore.Hosting.Diagnostics[1]
      Request starting HTTP/2 POST http://ilpp/UnityILPP.PostProcessing/PostProcessAssembly - application/grpc -
info: Microsoft.AspNetCore.Routing.EndpointMiddleware[0]
      Executing endpoint 'gRPC - /UnityILPP.PostProcessing/PostProcessAssembly'
info: Unity.ILPP.Runner.PostProcessingPipeline[0]
      Processing assembly Library/Bee/artifacts/2000b0aP.dag/QuizBattle.Runtime.dll, with 106 defines and 218 references
info: Unity.ILPP.Runner.PostProcessingPipeline[0]
      processors: Unity.Jobs.CodeGen.JobsILPostProcessor, zzzUnity.Burst.CodeGen.BurstILPostProcessor
info: Unity.ILPP.Runner.PostProcessingPipeline[0]
      running Unity.Jobs.CodeGen.JobsILPostProcessor
info: Unity.ILPP.Runner.PostProcessingPipeline[0]
      running zzzUnity.Burst.CodeGen.BurstILPostProcessor
info: Microsoft.AspNetCore.Routing.EndpointMiddleware[1]
      Executed endpoint 'gRPC - /UnityILPP.PostProcessing/PostProcessAssembly'
info: Microsoft.AspNetCore.Hosting.Diagnostics[2]
      Request finished HTTP/2 POST http://ilpp/UnityILPP.PostProcessing/PostProcessAssembly - 200 - application/grpc 6.1395ms
ExitCode: 0 Duration: 5s279ms
[395/550    0s] WriteResponseFile Library/Bee/artifacts/rsp/4747638433968585886.rsp
[477/550    0s] ILPP-Configuration Library/ilpp-configuration.nevergeneratedoutput
[500/550    0s] CopyFiles Library/Bee/PlayerScriptAssemblies/Unity.RenderPipelines.Universal.Config.Runtime.dll
[501/550    0s] CopyFiles Library/Bee/PlayerScriptAssemblies/Unity.RenderPipeline.Universal.ShaderLibrary.dll
[502/550    0s] CopyFiles Library/Bee/PlayerScriptAssemblies/Unity.SurfaceCache.Runtime.dll
[503/550    0s] CopyFiles Library/Bee/PlayerScriptAssemblies/Unity.Postprocessing.Runtime.dll
[504/550    0s] CopyFiles Library/Bee/PlayerScriptAssemblies/Unity.RenderPipelines.Core.Runtime.Shared.dll
[505/550    0s] CopyFiles Library/Bee/PlayerScriptAssemblies/ithappy.Creative_Characters_FREE.dll
[506/550    0s] CopyFiles Library/Bee/PlayerScriptAssemblies/Unity.Mathematics.dll
[507/550    0s] CopyFiles Library/Bee/PlayerScriptAssemblies/Unity.Multiplayer.Center.Common.dll
[508/550    0s] CopyFiles Library/Bee/PlayerScriptAssemblies/Unity.TextMeshPro.dll
[509/550    0s] CopyFiles Library/Bee/PlayerScriptAssemblies/Unity.RenderPipelines.Core.Runtime.dll
[510/550    0s] CopyFiles Library/Bee/PlayerScriptAssemblies/Unity.RenderPipelines.Universal.Runtime.dll
[511/550    0s] CopyFiles Library/Bee/PlayerScriptAssemblies/Unity.RenderPipelines.Core.ShaderLibrary.dll
[512/550    0s] CopyFiles Library/Bee/PlayerScriptAssemblies/Unity.InternalAPIEngineBridge.RenderPipelines.Core.Runtime.Shared.dll
[513/550    0s] CopyFiles Library/Bee/PlayerScriptAssemblies/Unity.RenderPipelines.GPUDriven.Runtime.dll
[514/550    0s] CopyFiles Library/Bee/PlayerScriptAssemblies/UnityEngine.UI.dll
[515/550    0s] CopyFiles Library/Bee/PlayerScriptAssemblies/Unity.InternalAPIEngineBridge.004.dll
[516/550    0s] CopyFiles Library/Bee/PlayerScriptAssemblies/Unity.Collections.dll
[517/550    0s] CopyFiles Library/Bee/PlayerScriptAssemblies/Unity.RenderPipelines.Universal.Shaders.dll
[518/550    0s] CopyFiles Library/Bee/PlayerScriptAssemblies/Unity.Burst.dll
[519/550    0s] CopyFiles Library/Bee/PlayerScriptAssemblies/Unity.RenderPipelines.Universal.2D.Runtime.dll
[520/550    0s] CopyFiles Library/Bee/PlayerScriptAssemblies/Unity.RenderPipelines.Core.ShaderLibrary.pdb
[521/550    0s] CopyFiles Library/Bee/PlayerScriptAssemblies/endel.nativewebsocket.dll
[522/550    0s] CopyFiles Library/Bee/PlayerScriptAssemblies/Unity.RenderPipelines.ShaderGraph.ShaderGraphLibrary.dll
[523/550    0s] CopyFiles Library/Bee/PlayerScriptAssemblies/Unity.SurfaceCache.Runtime.pdb
[524/550    0s] CopyFiles Library/Bee/PlayerScriptAssemblies/Unity.Multiplayer.Center.Common.pdb
[525/550    0s] CopyFiles Library/Bee/PlayerScriptAssemblies/Unity.RenderPipelines.Core.Runtime.Shared.pdb
[526/550    0s] CopyFiles Library/Bee/PlayerScriptAssemblies/Unity.RenderPipelines.Universal.Runtime.pdb
[527/550    0s] CopyFiles Library/Bee/PlayerScriptAssemblies/Unity.RenderPipelines.Core.Runtime.pdb
[528/550    0s] CopyFiles Library/Bee/PlayerScriptAssemblies/Unity.Mathematics.pdb
[529/550    0s] CopyFiles Library/Bee/PlayerScriptAssemblies/ithappy.Creative_Characters_FREE.pdb
[530/550    0s] CopyFiles Library/Bee/PlayerScriptAssemblies/Unity.RenderPipeline.Universal.ShaderLibrary.pdb
[531/550    0s] CopyFiles Library/Bee/PlayerScriptAssemblies/Unity.RenderPipelines.Universal.Config.Runtime.pdb
[532/550    0s] CopyFiles Library/Bee/PlayerScriptAssemblies/Unity.RenderPipelines.Universal.2D.Runtime.pdb
[533/550    0s] CopyFiles Library/Bee/PlayerScriptAssemblies/Unity.RenderPipelines.Universal.Shaders.pdb
[534/550    0s] CopyFiles Library/Bee/PlayerScriptAssemblies/Unity.Postprocessing.Runtime.pdb
[535/550    0s] CopyFiles Library/Bee/PlayerScriptAssemblies/Unity.Collections.pdb
[536/550    0s] CopyFiles Library/Bee/PlayerScriptAssemblies/Unity.RenderPipelines.GPUDriven.Runtime.pdb
[537/550    0s] CopyFiles Library/Bee/PlayerScriptAssemblies/UnityEngine.UI.pdb
[538/550    0s] CopyFiles Library/Bee/PlayerScriptAssemblies/Unity.RenderPipelines.ShaderGraph.ShaderGraphLibrary.pdb
[539/550    0s] CopyFiles Library/Bee/PlayerScriptAssemblies/Unity.InternalAPIEngineBridge.RenderPipelines.Core.Runtime.Shared.pdb
[540/550    0s] CopyFiles Library/Bee/PlayerScriptAssemblies/Unity.TextMeshPro.pdb
[541/550    0s] CopyFiles Library/Bee/PlayerScriptAssemblies/Unity.Burst.pdb
[542/550    0s] CopyFiles Library/Bee/PlayerScriptAssemblies/endel.nativewebsocket.pdb
[543/550    0s] CopyFiles Library/Bee/PlayerScriptAssemblies/Unity.InternalAPIEngineBridge.004.pdb
[544/550    1s] Csc Library/Bee/artifacts/2000b0aP.dag/QuizBattle.Runtime.dll (+2 others)
Assets\Scripts\UI\UiFactory.cs(33,17): warning CS0618: 'Object.FindFirstObjectByType<T>()' is obsolete: 'FindFirstObjectByType has been deprecated because it relies on instance ID ordering. Use FindAnyObjectByType instead, which does not depend on ordering.'

Assets\Scripts\Arena\CharacterToken.cs(98,13): warning CS0618: 'TMP_Text.enableWordWrapping' is obsolete: 'The enabledWordWrapping property is now obsolete. Please use the textWrappingMode property instead.'

Assets\Scripts\UI\UiFactory.cs(61,13): warning CS0618: 'TMP_Text.enableWordWrapping' is obsolete: 'The enabledWordWrapping property is now obsolete. Please use the textWrappingMode property instead.'

Assets\Scripts\Arena\ArenaEnvironment.cs(81,76): warning CS0618: 'FindObjectsSortMode' is obsolete: 'FindObjectsSortMode has been deprecated. Use the FindObjectsByType overloads that do not take a FindObjectsSortMode parameter.'

Assets\Scripts\Arena\ArenaEnvironment.cs(81,35): warning CS0618: 'Object.FindObjectsByType<T>(FindObjectsSortMode)' is obsolete: 'FindObjectsByType with FindObjectsSortMode parameter has been deprecated. Use FindObjectsByType<T>() or FindObjectsByType<T>(FindObjectsInactive) instead. InstanceID will be replaced in the future with EntityId and previous sort order cannot be maintained.'

Assets\Scripts\Arena\ArenaEnvironment.cs(109,67): warning CS0618: 'FindObjectsSortMode' is obsolete: 'FindObjectsSortMode has been deprecated. Use the FindObjectsByType overloads that do not take a FindObjectsSortMode parameter.'

Assets\Scripts\Arena\ArenaEnvironment.cs(109,35): warning CS0618: 'Object.FindObjectsByType<T>(FindObjectsSortMode)' is obsolete: 'FindObjectsByType with FindObjectsSortMode parameter has been deprecated. Use FindObjectsByType<T>() or FindObjectsByType<T>(FindObjectsInactive) instead. InstanceID will be replaced in the future with EntityId and previous sort order cannot be maintained.'

Assets\Scripts\Arena\ArenaEnvironment.cs(157,28): warning CS0618: 'Object.FindFirstObjectByType<T>()' is obsolete: 'FindFirstObjectByType has been deprecated because it relies on instance ID ordering. Use FindAnyObjectByType instead, which does not depend on ordering.'
[545/550    0s] ILPostProcess Library/Bee/artifacts/2000b0aP.dag/post-processed/QuizBattle.Runtime.dll (+pdb)
Processing assembly Library/Bee/artifacts/2000b0aP.dag/QuizBattle.Runtime.dll, with 106 defines and 218 references

processors: Unity.Jobs.CodeGen.JobsILPostProcessor, zzzUnity.Burst.CodeGen.BurstILPostProcessor

running Unity.Jobs.CodeGen.JobsILPostProcessor

running zzzUnity.Burst.CodeGen.BurstILPostProcessor
[546/550    0s] CopyFiles Library/Bee/PlayerScriptAssemblies/QuizBattle.Runtime.pdb
[547/550    0s] CopyFiles Library/Bee/PlayerScriptAssemblies/QuizBattle.Runtime.dll
[549/550    1s] BuildPlayerDataGenerator Library/BuildPlayerData/Player/RuntimeInitializeOnLoads.json (+1 other)
*** Tundra build success (5.23 seconds), 51 items updated, 550 evaluated
Assets\Scripts\UI\UiFactory.cs(33,17): warning CS0618: 'Object.FindFirstObjectByType<T>()' is obsolete: 'FindFirstObjectByType has been deprecated because it relies on instance ID ordering. Use FindAnyObjectByType instead, which does not depend on ordering.'
Assets\Scripts\Arena\CharacterToken.cs(98,13): warning CS0618: 'TMP_Text.enableWordWrapping' is obsolete: 'The enabledWordWrapping property is now obsolete. Please use the textWrappingMode property instead.'
Assets\Scripts\UI\UiFactory.cs(61,13): warning CS0618: 'TMP_Text.enableWordWrapping' is obsolete: 'The enabledWordWrapping property is now obsolete. Please use the textWrappingMode property instead.'
Assets\Scripts\Arena\ArenaEnvironment.cs(81,76): warning CS0618: 'FindObjectsSortMode' is obsolete: 'FindObjectsSortMode has been deprecated. Use the FindObjectsByType overloads that do not take a FindObjectsSortMode parameter.'
Assets\Scripts\Arena\ArenaEnvironment.cs(81,35): warning CS0618: 'Object.FindObjectsByType<T>(FindObjectsSortMode)' is obsolete: 'FindObjectsByType with FindObjectsSortMode parameter has been deprecated. Use FindObjectsByType<T>() or FindObjectsByType<T>(FindObjectsInactive) instead. InstanceID will be replaced in the future with EntityId and previous sort order cannot be maintained.'
Assets\Scripts\Arena\ArenaEnvironment.cs(109,67): warning CS0618: 'FindObjectsSortMode' is obsolete: 'FindObjectsSortMode has been deprecated. Use the FindObjectsByType overloads that do not take a FindObjectsSortMode parameter.'
Assets\Scripts\Arena\ArenaEnvironment.cs(109,35): warning CS0618: 'Object.FindObjectsByType<T>(FindObjectsSortMode)' is obsolete: 'FindObjectsByType with FindObjectsSortMode parameter has been deprecated. Use FindObjectsByType<T>() or FindObjectsByType<T>(FindObjectsInactive) instead. InstanceID will be replaced in the future with EntityId and previous sort order cannot be maintained.'
Assets\Scripts\Arena\ArenaEnvironment.cs(157,28): warning CS0618: 'Object.FindFirstObjectByType<T>()' is obsolete: 'FindFirstObjectByType has been deprecated because it relies on instance ID ordering. Use FindAnyObjectByType instead, which does not depend on ordering.'
Total cache size 187449023
Total cache size after purge 187449023, took 00:00:00.4045818
Not rebuilding Data files -- no changes


Mono dependencies included in the build
Dependency assembly - System.ValueTuple.dll
Dependency assembly - System.Linq.Expressions.dll
Dependency assembly - System.DirectoryServices.Protocols.dll
Dependency assembly - System.IO.dll
Dependency assembly - System.ComponentModel.EventBasedAsync.dll
Dependency assembly - Microsoft.Extensions.Logging.Abstractions.dll
Dependency assembly - System.Linq.dll
Dependency assembly - System.Design.dll
Dependency assembly - System.Net.Utilities.dll
Dependency assembly - System.Resources.ReaderWriter.dll
Dependency assembly - Unity.InternalAPIEngineBridge.004.dll
Dependency assembly - Mono.Data.Sqlite.dll
Dependency assembly - System.Runtime.DurableInstancing.dll
Dependency assembly - System.Threading.Thread.dll
Dependency assembly - System.Net.WebSockets.Client.dll
Dependency assembly - System.Security.Cryptography.X509Certificates.dll
Dependency assembly - System.Net.NetworkInformation.dll
Dependency assembly - System.ComponentModel.Annotations.dll
Dependency assembly - System.Text.Encoding.dll
Dependency assembly - Unity.RenderPipelines.Core.ShaderLibrary.dll
Dependency assembly - Unity.RenderPipeline.Universal.ShaderLibrary.dll
Dependency assembly - System.Threading.Tasks.dll
Dependency assembly - I18N.MidEast.dll
Dependency assembly - Mono.Data.Tds.dll
Dependency assembly - System.Data.dll
Dependency assembly - System.Diagnostics.StackTrace.dll
Dependency assembly - System.Xml.XPath.XDocument.dll
Dependency assembly - System.Windows.Forms.DataVisualization.dll
Dependency assembly - Unity.RenderPipelines.GPUDriven.Runtime.dll
Dependency assembly - System.Reflection.TypeExtensions.dll
Dependency assembly - System.Security.Cryptography.Primitives.dll
Dependency assembly - System.Security.Cryptography.Hashing.dll
Dependency assembly - mscorlib.dll
Dependency assembly - System.Runtime.CompilerServices.Unsafe.dll
Dependency assembly - System.Security.Cryptography.Pkcs.dll
Dependency assembly - System.Collections.Concurrent.dll
Dependency assembly - System.Diagnostics.TraceEvent.dll
Dependency assembly - System.ObjectModel.dll
Dependency assembly - System.IO.FileSystem.DriveInfo.dll
Dependency assembly - System.Xml.Xsl.Primitives.dll
Dependency assembly - System.Text.RegularExpressions.dll
Dependency assembly - System.Security.dll
Dependency assembly - System.Net.AuthenticationManager.dll
Dependency assembly - System.Xml.XPath.dll
Dependency assembly - Microsoft.Bcl.AsyncInterfaces.dll
Dependency assembly - System.Net.WebHeaderCollection.dll
Dependency assembly - System.Net.dll
Dependency assembly - System.Reflection.Metadata.dll
Dependency assembly - Microsoft.Extensions.DependencyInjection.Abstractions.dll
Dependency assembly - System.Net.Primitives.dll
Dependency assembly - QuizBattle.Runtime.dll
Dependency assembly - System.Net.NameResolution.dll
Dependency assembly - System.Threading.dll
Dependency assembly - System.ServiceModel.Internals.dll
Dependency assembly - System.Net.Security.dll
Dependency assembly - System.Net.HttpListener.dll
Dependency assembly - System.Diagnostics.TraceSource.dll
Dependency assembly - System.Runtime.Serialization.Json.dll
Dependency assembly - System.Diagnostics.Tools.dll
Dependency assembly - System.Reflection.dll
Dependency assembly - System.ServiceProcess.dll
Dependency assembly - System.Web.Extensions.Design.dll
Dependency assembly - System.Reflection.Extensions.dll
Dependency assembly - I18N.Other.dll
Dependency assembly - System.Web.ApplicationServices.dll
Dependency assembly - System.Runtime.Caching.dll
Dependency assembly - System.ServiceModel.dll
Dependency assembly - System.EnterpriseServices.dll
Dependency assembly - Microsoft.Win32.Registry.AccessControl.dll
Dependency assembly - System.Web.Services.dll
Dependency assembly - System.IdentityModel.Selectors.dll
Dependency assembly - System.Security.Cryptography.RandomNumberGenerator.dll
Dependency assembly - System.Management.dll
Dependency assembly - System.Net.Http.WebRequest.dll
Dependency assembly - System.Diagnostics.Process.dll
Dependency assembly - System.IO.FileSystem.Primitives.dll
Dependency assembly - System.Drawing.Design.dll
Dependency assembly - System.Runtime.Serialization.Xml.dll
Dependency assembly - System.Data.Services.dll
Dependency assembly - System.IO.Hashing.dll
Dependency assembly - System.ServiceModel.Security.dll
Dependency assembly - System.Xml.Linq.dll
Dependency assembly - System.Runtime.InteropServices.dll
Dependency assembly - System.Console.dll
Dependency assembly - System.Net.Requests.dll
Dependency assembly - System.Xaml.dll
Dependency assembly - Microsoft.Win32.Primitives.dll
Dependency assembly - System.Drawing.dll
Dependency assembly - System.IO.FileSystem.dll
Dependency assembly - System.Collections.Immutable.dll
Dependency assembly - System.Messaging.dll
Dependency assembly - System.Net.Mail.dll
Dependency assembly - System.Xml.ReaderWriter.dll
Dependency assembly - System.Runtime.dll
Dependency assembly - Unity.InternalAPIEngineBridge.RenderPipelines.Core.Runtime.Shared.dll
Dependency assembly - System.Reflection.Emit.ILGeneration.dll
Dependency assembly - Unity.RenderPipelines.Universal.Runtime.dll
Dependency assembly - System.Data.Services.Client.dll
Dependency assembly - Unity.Postprocessing.Runtime.dll
Dependency assembly - I18N.West.dll
Dependency assembly - netstandard.dll
Dependency assembly - Unity.RenderPipelines.Core.Runtime.Shared.dll
Dependency assembly - Unity.RenderPipelines.ShaderGraph.ShaderGraphLibrary.dll
Dependency assembly - Unity.RenderPipelines.Universal.Shaders.dll
Dependency assembly - System.Diagnostics.FileVersionInfo.dll
Dependency assembly - System.ServiceModel.Http.dll
Dependency assembly - Unity.Burst.Unsafe.dll
Dependency assembly - System.Security.Cryptography.Encryption.ECDsa.dll
Dependency assembly - System.Text.Encodings.Web.dll
Dependency assembly - System.Security.Cryptography.Encryption.Aes.dll
Dependency assembly - System.Runtime.Handles.dll
Dependency assembly - System.Net.WebSockets.dll
Dependency assembly - System.ComponentModel.Composition.dll
Dependency assembly - System.Runtime.Remoting.dll
Dependency assembly - System.Reflection.Context.dll
Dependency assembly - System.Threading.Tasks.Extensions.dll
Dependency assembly - System.Reflection.Emit.dll
Dependency assembly - System.Net.Sockets.dll
Dependency assembly - System.Security.AccessControl.dll
Dependency assembly - System.ComponentModel.dll
Dependency assembly - System.Security.Principal.Windows.dll
Dependency assembly - System.Resources.Writer.dll
Dependency assembly - System.Threading.Overlapped.dll
Dependency assembly - System.Runtime.InteropServices.RuntimeInformation.dll
Dependency assembly - System.Diagnostics.TextWriterTraceListener.dll
Dependency assembly - I18N.CJK.dll
Dependency assembly - Mono.Security.dll
Dependency assembly - System.Threading.AccessControl.dll
Dependency assembly - System.ServiceModel.NetTcp.dll
Dependency assembly - System.Net.Ping.dll
Dependency assembly - System.Globalization.Calendars.dll
Dependency assembly - System.ServiceModel.Activation.dll
Dependency assembly - System.Diagnostics.Tracing.dll
Dependency assembly - Microsoft.CSharp.dll
Dependency assembly - System.Reflection.Emit.Lightweight.dll
Dependency assembly - System.Globalization.Extensions.dll
Dependency assembly - System.IO.FileSystem.Watcher.dll
Dependency assembly - endel.nativewebsocket.dll
Dependency assembly - Unity.SurfaceCache.Runtime.dll
Dependency assembly - System.Text.Json.dll
Dependency assembly - System.ServiceModel.Web.dll
Dependency assembly - System.Web.RegularExpressions.dll
Dependency assembly - Unity.Multiplayer.Center.Common.dll
Dependency assembly - System.Transactions.dll
Dependency assembly - System.Drawing.Primitives.dll
Dependency assembly - System.Data.Common.dll
Dependency assembly - System.Threading.Timer.dll
Dependency assembly - System.ComponentModel.DataAnnotations.dll
Dependency assembly - System.Collections.NonGeneric.dll
Dependency assembly - System.Windows.Forms.dll
Dependency assembly - System.IO.MemoryMappedFiles.dll
Dependency assembly - Accessibility.dll
Dependency assembly - System.Runtime.Serialization.Primitives.dll
Dependency assembly - System.Security.Cryptography.Encryption.dll
Dependency assembly - System.Reflection.DispatchProxy.dll
Dependency assembly - System.Globalization.dll
Dependency assembly - System.Runtime.Serialization.Formatters.Soap.dll
Dependency assembly - System.Security.Principal.dll
Dependency assembly - System.Data.OracleClient.dll
Dependency assembly - System.IO.Compression.FileSystem.dll
Dependency assembly - System.Web.DynamicData.dll
Dependency assembly - System.Web.Extensions.dll
Dependency assembly - System.Diagnostics.DiagnosticSource.dll
Dependency assembly - System.ServiceModel.Primitives.dll
Dependency assembly - System.Security.Cryptography.Hashing.Algorithms.dll
Dependency assembly - UnityEngine.UI.dll
Dependency assembly - Unity.Collections.dll
Dependency assembly - System.Windows.dll
Dependency assembly - I18N.dll
Dependency assembly - System.Runtime.Extensions.dll
Dependency assembly - System.Security.Cryptography.Encryption.ECDiffieHellman.dll
Dependency assembly - System.Security.Cryptography.ProtectedData.dll
Dependency assembly - System.IO.UnmanagedMemoryStream.dll
Dependency assembly - System.Runtime.Serialization.dll
Dependency assembly - System.Core.dll
Dependency assembly - Unity.RenderPipelines.Universal.Config.Runtime.dll
Dependency assembly - ithappy.Creative_Characters_FREE.dll
Dependency assembly - System.Diagnostics.Debug.dll
Dependency assembly - System.Resources.Reader.dll
Dependency assembly - System.ServiceProcess.ServiceController.dll
Dependency assembly - System.DirectoryServices.dll
Dependency assembly - System.ServiceModel.Routing.dll
Dependency assembly - Unity.TextMeshPro.dll
Dependency assembly - System.Security.Cryptography.OpenSsl.dll
Dependency assembly - System.IO.Compression.dll
Dependency assembly - System.Xml.dll
Dependency assembly - System.IO.IsolatedStorage.dll
Dependency assembly - System.Linq.Parallel.dll
Dependency assembly - System.IO.Compression.ZipFile.dll
Dependency assembly - System.ServiceModel.Duplex.dll
Dependency assembly - System.Collections.Specialized.dll
Dependency assembly - System.Security.Cryptography.DeriveBytes.dll
Dependency assembly - System.Json.dll
Dependency assembly - System.Runtime.CompilerServices.VisualC.dll
Dependency assembly - System.Numerics.dll
Dependency assembly - System.Security.Cryptography.Csp.dll
Dependency assembly - System.Threading.ThreadPool.dll
Dependency assembly - System.Reflection.Primitives.dll
Dependency assembly - System.IO.Pipes.dll
Dependency assembly - System.Net.ServicePoint.dll
Dependency assembly - Unity.Burst.dll
Dependency assembly - System.Configuration.Install.dll
Dependency assembly - System.Security.Cryptography.Cng.dll
Dependency assembly - System.IdentityModel.dll
Dependency assembly - System.Security.Claims.dll
Dependency assembly - Unity.RenderPipelines.Universal.2D.Runtime.dll
Dependency assembly - System.ComponentModel.TypeConverter.dll
Dependency assembly - System.AppContext.dll
Dependency assembly - System.Memory.dll
Dependency assembly - System.Xml.XmlDocument.dll
Dependency assembly - System.Net.Cache.dll
Dependency assembly - System.dll
Dependency assembly - System.Resources.ResourceManager.dll
Dependency assembly - System.Data.Linq.dll
Dependency assembly - Unity.Collections.LowLevel.ILSupport.dll
Dependency assembly - System.Web.dll
Dependency assembly - System.Threading.Tasks.Parallel.dll
Dependency assembly - System.ComponentModel.Primitives.dll
Dependency assembly - System.IO.FileSystem.AccessControl.dll
Dependency assembly - System.Data.SqlClient.dll
Dependency assembly - System.Numerics.Vectors.dll
Dependency assembly - System.Collections.dll
Dependency assembly - System.Runtime.Loader.dll
Dependency assembly - System.Text.Encoding.Extensions.dll
Dependency assembly - System.Xml.XPath.XmlDocument.dll
Dependency assembly - System.Runtime.InteropServices.WindowsRuntime.dll
Dependency assembly - Unity.RenderPipelines.Core.Runtime.dll
Dependency assembly - Unity.Mathematics.dll
Dependency assembly - System.Xml.XmlSerializer.dll
Dependency assembly - System.Dynamic.Runtime.dll
Dependency assembly - System.Data.DataSetExtensions.dll
Dependency assembly - I18N.Rare.dll
Dependency assembly - System.Linq.Queryable.dll
Dependency assembly - System.Xml.Serialization.dll
Dependency assembly - System.Xml.XDocument.dll
Dependency assembly - System.Security.Cryptography.RSA.dll
Dependency assembly - System.Data.Entity.dll
Dependency assembly - Microsoft.Win32.Registry.dll
Dependency assembly - Newtonsoft.Json.dll
Dependency assembly - System.Security.Cryptography.Algorithms.dll
Dependency assembly - System.Runtime.Serialization.Formatters.dll
Dependency assembly - System.Net.Http.dll
Dependency assembly - System.Buffers.dll
Dependency assembly - System.ServiceModel.Discovery.dll
Dependency assembly - System.Security.SecureString.dll
Dependency assembly - System.Text.Encoding.CodePages.dll
Dependency assembly - System.Configuration.dll
Dependency assembly - System.Runtime.Numerics.dll
Dependency assembly - System.Security.Cryptography.Encoding.dll
Dependency assembly - System.Diagnostics.Contracts.dll

info: Microsoft.AspNetCore.Hosting.Diagnostics[1]
      Request starting HTTP/2 POST http://ilpp/UnityILPP.PostProcessing/Ping - application/grpc -
info: Microsoft.AspNetCore.Routing.EndpointMiddleware[0]
      Executing endpoint 'gRPC - /UnityILPP.PostProcessing/Ping'
info: Microsoft.AspNetCore.Routing.EndpointMiddleware[1]
      Executed endpoint 'gRPC - /UnityILPP.PostProcessing/Ping'
info: Microsoft.AspNetCore.Hosting.Diagnostics[2]
      Request finished HTTP/2 POST http://ilpp/UnityILPP.PostProcessing/Ping - 200 - application/grpc 0.2598ms
Starting: D:\Program Files\Editor\6000.5.7f1\Editor\Data\Tools\BuildPipeline\bee_backend.exe --ipc --dagfile="Library/Bee/Playera8274c52.dag" --profile="Library/Bee/backend1.traceevents" Player
WorkingDir: D:/game/game-client
DisplayProgressbar: Incremental Player Build
[           0s] ComputeLeafInputSignature Lib_WebGL_wasm Library/Bee/artifacts/WebGL/il2cpp/release_WebGL_wasm/il2cpp.a [pending dependencies]
[           0s] ComputeLeafInputSignature Lib_WebGL_wasm Library/Bee/artifacts/WebGL/il2cpp/release_WebGL_wasm/il2cpp.a [success b3297ab7ba06bc2a51229dc6b3006616]
[ 12/516    0s] AddBootConfigGUID Library/Bee/artifacts/WebGL/boot.config
[BUSY       6s] UnityLinker D:/game/game-client/Library/Bee/artifacts/unitylinker_ber2.traceevents
[ 13/516   10s] UnityLinker D:/game/game-client/Library/Bee/artifacts/unitylinker_ber2.traceevents
D:\Program Files\Editor\6000.5.7f1\Editor\Data\il2cpp\build\deploy\UnityLinker.exe @Library\Bee\artifacts\rsp\11027898364839482070.rsp
[ 16/516    0s] CopyFiles Temp/EditorBuildOutput/UnityLinkerToEditorData.json
[BUSY       6s] IL2CPP_CodeGen D:/game/game-client/Library/Bee/artifacts/il2cpp_conv_9ga0.traceevents
[ 19/516   16s] IL2CPP_CodeGen D:/game/game-client/Library/Bee/artifacts/il2cpp_conv_9ga0.traceevents
D:\Program Files\Editor\6000.5.7f1\Editor\Data\il2cpp\build\deploy\il2cpp.exe --convert-to-cpp --assembly=Library/Bee/artifacts/WebGL/ManagedStripped/endel.nativewebsocket.dll --assembly=Library/Bee/artifacts/WebGL/ManagedStripped/ithappy.Creative_Characters_FREE.dll --assembly=Library/Bee/artifacts/WebGL/ManagedStripped/Mono.Security.dll --assembly=Library/Bee/artifacts/WebGL/ManagedStripped/mscorlib.dll --assembly=Library/Bee/artifacts/WebGL/ManagedStripped/Newtonsoft.Json.dll --assembly=Library/Bee/artifacts/WebGL/ManagedStripped/QuizBattle.Runtime.dll --assembly=Library/Bee/artifacts/WebGL/ManagedStripped/System.Configuration.dll --assembly=Library/Bee/artifacts/WebGL/ManagedStripped/System.Core.dll --assembly=Library/Bee/artifacts/WebGL/ManagedStripped/System.Data.dll --assembly=Library/Bee/artifacts/WebGL/ManagedStripped/System.dll --assembly=Library/Bee/artifacts/WebGL/ManagedStripped/System.Drawing.dll --assembly=Library/Bee/artifacts/WebGL/ManagedStripped/System.Net.Http.dll --assembly=Library/Bee/artifacts/WebGL/ManagedStripped/System.Numerics.dll --assembly=Library/Bee/artifacts/WebGL/ManagedStripped/System.Runtime.CompilerServices.Unsafe.dll --assembly=Library/Bee/artifacts/WebGL/ManagedStripped/System.Runtime.Serialization.dll --assembly=Library/Bee/artifacts/WebGL/ManagedStripped/System.Xml.dll --assembly=Library/Bee/artifacts/WebGL/ManagedStripped/System.Xml.Linq.dll --assembly=Library/Bee/artifacts/WebGL/ManagedStripped/Unity.Burst.dll --assembly=Library/Bee/artifacts/WebGL/ManagedStripped/Unity.Burst.Unsafe.dll --assembly=Library/Bee/artifacts/WebGL/ManagedStripped/Unity.Collections.dll --assembly=Library/Bee/artifacts/WebGL/ManagedStripped/Unity.Collections.LowLevel.ILSupport.dll --assembly=Library/Bee/artifacts/WebGL/ManagedStripped/Unity.InternalAPIEngineBridge.004.dll --assembly=Library/Bee/artifacts/WebGL/ManagedStripped/Unity.RenderPipeline.Universal.ShaderLibrary.dll --assembly=Library/Bee/artifacts/WebGL/ManagedStripped/Unity.RenderPipelines.Core.Runtime.dll --assembly=Library/Bee/artifacts/WebGL/ManagedStripped/Unity.RenderPipelines.Core.Runtime.Shared.dll --assembly=Library/Bee/artifacts/WebGL/ManagedStripped/Unity.RenderPipelines.GPUDriven.Runtime.dll --assembly=Library/Bee/artifacts/WebGL/ManagedStripped/Unity.RenderPipelines.Universal.Runtime.dll --assembly=Library/Bee/artifacts/WebGL/ManagedStripped/Unity.Scripting.dll --assembly=Library/Bee/artifacts/WebGL/ManagedStripped/Unity.TextMeshPro.dll --assembly=Library/Bee/artifacts/WebGL/ManagedStripped/UnityEngine.AdaptivePerformanceModule.dll --assembly=Library/Bee/artifacts/WebGL/ManagedStripped/UnityEngine.AnimationModule.dll --assembly=Library/Bee/artifacts/WebGL/ManagedStripped/UnityEngine.AudioModule.dll --assembly=Library/Bee/artifacts/WebGL/ManagedStripped/UnityEngine.ContentLoadModule.dll --assembly=Library/Bee/artifacts/WebGL/ManagedStripped/UnityEngine.CoreModule.dll --assembly=Library/Bee/artifacts/WebGL/ManagedStripped/UnityEngine.dll --assembly=Library/Bee/artifacts/WebGL/ManagedStripped/UnityEngine.GridModule.dll --assembly=Library/Bee/artifacts/WebGL/ManagedStripped/UnityEngine.HierarchyCoreModule.dll --assembly=Library/Bee/artifacts/WebGL/ManagedStripped/UnityEngine.IMGUIModule.dll --assembly=Library/Bee/artifacts/WebGL/ManagedStripped/UnityEngine.InputForUIModule.dll --assembly=Library/Bee/artifacts/WebGL/ManagedStripped/UnityEngine.InputLegacyModule.dll --assembly=Library/Bee/artifacts/WebGL/ManagedStripped/UnityEngine.InputModule.dll --assembly=Library/Bee/artifacts/WebGL/ManagedStripped/UnityEngine.JSONSerializeModule.dll --assembly=Library/Bee/artifacts/WebGL/ManagedStripped/UnityEngine.MathematicsModule.dll --assembly=Library/Bee/artifacts/WebGL/ManagedStripped/UnityEngine.ParticleSystemModule.dll --assembly=Library/Bee/artifacts/WebGL/ManagedStripped/UnityEngine.Physics2DModule.dll --assembly=Library/Bee/artifacts/WebGL/ManagedStripped/UnityEngine.PhysicsModule.dll --assembly=Library/Bee/artifacts/WebGL/ManagedStripped/UnityEngine.PropertiesModule.dll --assembly=Library/Bee/artifacts/WebGL/ManagedStripped/UnityEngine.ScriptingModule.dll --assembly=Library/Bee/artifacts/WebGL/ManagedStripped/UnityEngine.SharedInternalsModule.dll --assembly=Library/Bee/artifacts/WebGL/ManagedStripped/UnityEngine.SpriteShapeModule.dll --assembly=Library/Bee/artifacts/WebGL/ManagedStripped/UnityEngine.SubsystemsModule.dll --assembly=Library/Bee/artifacts/WebGL/ManagedStripped/UnityEngine.TerrainModule.dll --assembly=Library/Bee/artifacts/WebGL/ManagedStripped/UnityEngine.TextCoreFontEngineModule.dll --assembly=Library/Bee/artifacts/WebGL/ManagedStripped/UnityEngine.TextCoreTextEngineModule.dll --assembly=Library/Bee/artifacts/WebGL/ManagedStripped/UnityEngine.TextRenderingModule.dll --assembly=Library/Bee/artifacts/WebGL/ManagedStripped/UnityEngine.TilemapModule.dll --assembly=Library/Bee/artifacts/WebGL/ManagedStripped/UnityEngine.UI.dll --assembly=Library/Bee/artifacts/WebGL/ManagedStripped/UnityEngine.UIElementsModule.dll --assembly=Library/Bee/artifacts/WebGL/ManagedStripped/UnityEngine.UIModule.dll --assembly=Library/Bee/artifacts/WebGL/ManagedStripped/UnityEngine.UnityAnalyticsCommonModule.dll --assembly=Library/Bee/artifacts/WebGL/ManagedStripped/UnityEngine.UnityWebRequestModule.dll --assembly=Library/Bee/artifacts/WebGL/ManagedStripped/UnityEngine.VFXModule.dll --assembly=Library/Bee/artifacts/WebGL/ManagedStripped/UnityEngine.XRModule.dll --generatedcppdir=D:/game/game-client/Library/Bee/artifacts/WebGL/il2cppOutput/cpp --symbols-folder=D:/game/game-client/Library/Bee/artifacts/WebGL/il2cppOutput/cpp/Symbols --enable-analytics --emit-method-map --dotnetprofile=unityaot-linux --usymtool-path=D:/Program Files/Editor/6000.5.7f1/Editor/Data/Tools\usymtool.exe --profiler-report --profiler-output-file=D:/game/game-client/Library/Bee/artifacts/il2cpp_conv_9ga0.traceevents --print-command-line --static-lib-il2-cpp --data-folder=D:/game/game-client/Library/Bee/artifacts/WebGL/il2cppOutput/data
Warning: [Unity.TextMeshPro] - System.Void TMPro.TMP_TextParsingUtilities::.cctor() - Method was given it's own cpp file because it is large and costly to compile
Warning: [Unity.TextMeshPro] - System.Void TMPro.TextMeshPro::GenerateTextMesh() - Method was given it's own cpp file because it is large and costly to compile
Warning: [Unity.TextMeshPro] - System.Void TMPro.TextMeshProUGUI::GenerateTextMesh() - Method was given it's own cpp file because it is large and costly to compile
[337/516    1s] C_WebGL_wasm Library/Bee/artifacts/WebGL/GameAssembly/release_WebGL_wasm/rvity3rvmkmi.o
[401/516    3s] C_WebGL_wasm Library/Bee/artifacts/WebGL/GameAssembly/release_WebGL_wasm/f79xe1i4np14.o
[473/516    2s] C_WebGL_wasm Library/Bee/artifacts/WebGL/GameAssembly/release_WebGL_wasm/808wb43vb9of.o
[475/516    0s] CopyFiles D:/game/game-client/Library/Bee/artifacts/WebGL/il2cppOutput/build/Data/Metadata/global-metadata.dat
[476/516    0s] CopyFiles D:/game/game-client/Library/Bee/artifacts/WebGL/il2cppOutput/build/Data/Resources/Newtonsoft.Json.dll-resources.dat
[477/516    0s] CopyFiles D:/game/game-client/Library/Bee/artifacts/WebGL/il2cppOutput/build/Data/Resources/mscorlib.dll-resources.dat
[478/516    0s] CopyFiles D:/game/game-client/Library/Bee/artifacts/WebGL/il2cppOutput/build/Data/Resources/System.Data.dll-resources.dat
[479/516    0s] CopyFiles D:/game/game-client/Library/Bee/artifacts/WebGL/il2cppOutput/build/Data/Resources/System.Drawing.dll-resources.dat
[480/516    0s] Assemble WebGL Data Library/Bee/artifacts/WebGL/webgl.data
[481/516    0s] CopyFiles Temp/EditorBuildOutput/MethodMap.tsv
[482/516    5s] C_WebGL_wasm Library/Bee/artifacts/WebGL/GameAssembly/release_WebGL_wasm/exafyn7ki3vv.o
[483/516    6s] C_WebGL_wasm Library/Bee/artifacts/WebGL/GameAssembly/release_WebGL_wasm/r7oltu17diqq.o
[484/516    7s] C_WebGL_wasm Library/Bee/artifacts/WebGL/GameAssembly/release_WebGL_wasm/54n7qo2s8uhh.o
[485/516    8s] C_WebGL_wasm Library/Bee/artifacts/WebGL/GameAssembly/release_WebGL_wasm/5qxe6gq2roth.o
[486/516    7s] C_WebGL_wasm Library/Bee/artifacts/WebGL/GameAssD:/game/game-client/Library/PackageCache/com.unity.burst@2f3d916873ea/.Runtime\bcl.exe exited after 12097 ms.
stdout:
Starting 1 library requests
Done
stderr:

embly/release_WebGL_wasm/t9sr3ntmlv3u.o
[487/516   11s] C_WebGL_wasm Library/Bee/artifacts/WebGL/GameAssembly/release_WebGL_wasm/mzcl9fxbhp6i.o
[488/516   12s] GenerateNativePluginsForAssemblies Library/Bee/artifacts/WebGL/AsyncPluginsFromLinker
[491/516   14s] C_WebGL_wasm Library/Bee/artifacts/WebGL/GameAssembly/release_WebGL_wasm/ty2yi9saex24.o
[492/516   14s] C_WebGL_wasm Library/Bee/artifacts/WebGL/GameAssembly/release_WebGL_wasm/u2eauevwt7fe.o
[493/516   17s] C_WebGL_wasm Library/Bee/artifacts/WebGL/GameAssembly/release_WebGL_wasm/c34l8pcnzhg2.o
[BUSY      24s] C_WebGL_wasm Library/Bee/artifacts/WebGL/GameAssembly/release_WebGL_wasm/c3tk96g7sjvk.o
[BUSY      34s] C_WebGL_wasm Library/Bee/artifacts/WebGL/GameAssembly/release_WebGL_wasm/c3tk96g7sjvk.o
[BUSY      44s] C_WebGL_wasm Library/Bee/artifacts/WebGL/GameAssembly/release_WebGL_wasm/c3tk96g7sjvk.o
[BUSY      54s] C_WebGL_wasm Library/Bee/artifacts/WebGL/GameAssembly/release_WebGL_wasm/c3tk96g7sjvk.o
[BUSY      64s] C_WebGL_wasm Library/Bee/artifacts/WebGL/GameAssembly/release_WebGL_wasm/c3tk96g7sjvk.o
[BUSY      74s] C_WebGL_wasm Library/Bee/artifacts/WebGL/GameAssembly/release_WebGL_wasm/c3tk96g7sjvk.o
[BUSY      84s] C_WebGL_wasm Library/Bee/artifacts/WebGL/GameAssembly/release_WebGL_wasm/c3tk96g7sjvk.o
[BUSY      94s] C_WebGL_wasm Library/Bee/artifacts/WebGL/GameAssembly/release_WebGL_wasm/c3tk96g7sjvk.o
[494/516   99s] C_WebGL_wasm Library/Bee/artifacts/WebGL/GameAssembly/release_WebGL_wasm/c3tk96g7sjvk.o
[495/516    1s] Lib_WebGL_wasm Library/Bee/artifacts/WebGL/GameAssembly/release_WebGL_wasm/GameAssembly.a
[496/516    0s] CopyFiles D:/game/game-client/Library/Bee/artifacts/WebGL/il2cppOutput/build/GameAssembly.a
[BUSY       6s] Link_WebGL_wasm Library/Bee/artifacts/WebGL/build/debug_WebGL_wasm/build.js (+wasm)
[BUSY      17s] Link_WebGL_wasm Library/Bee/artifacts/WebGL/build/debug_WebGL_wasm/build.js (+wasm)
[BUSY      27s] Link_WebGL_wasm Library/Bee/artifacts/WebGL/build/debug_WebGL_wasm/build.js (+wasm)
[BUSY      37s] Link_WebGL_wasm Library/Bee/artifacts/WebGL/build/debug_WebGL_wasm/build.js (+wasm)
[BUSY      47s] Link_WebGL_wasm Library/Bee/artifacts/WebGL/build/debug_WebGL_wasm/build.js (+wasm)
[BUSY      57s] Link_WebGL_wasm Library/Bee/artifacts/WebGL/build/debug_WebGL_wasm/build.js (+wasm)
[BUSY      67s] Link_WebGL_wasm Library/Bee/artifacts/WebGL/build/debug_WebGL_wasm/build.js (+wasm)
[BUSY      77s] Link_WebGL_wasm Library/Bee/artifacts/WebGL/build/debug_WebGL_wasm/build.js (+wasm)
[BUSY      88s] Link_WebGL_wasm Library/Bee/artifacts/WebGL/build/debug_WebGL_wasm/build.js (+wasm)
[BUSY      98s] Link_WebGL_wasm Library/Bee/artifacts/WebGL/build/debug_WebGL_wasm/build.js (+wasm)
[BUSY     108s] Link_WebGL_wasm Library/Bee/artifacts/WebGL/build/debug_WebGL_wasm/build.js (+wasm)
[BUSY     118s] Link_WebGL_wasm Library/Bee/artifacts/WebGL/build/debug_WebGL_wasm/build.js (+wasm)
[BUSY     128s] Link_WebGL_wasm Library/Bee/artifacts/WebGL/build/debug_WebGL_wasm/build.js (+wasm)
[BUSY     138s] Link_WebGL_wasm Library/Bee/artifacts/WebGL/build/debug_WebGL_wasm/build.js (+wasm)
[BUSY     149s] Link_WebGL_wasm Library/Bee/artifacts/WebGL/build/debug_WebGL_wasm/build.js (+wasm)
[BUSY     159s] Link_WebGL_wasm Library/Bee/artifacts/WebGL/build/debug_WebGL_wasm/build.js (+wasm)
[BUSY     169s] Link_WebGL_wasm Library/Bee/artifacts/WebGL/build/debug_WebGL_wasm/build.js (+wasm)
[BUSY     179s] Link_WebGL_wasm Library/Bee/artifacts/WebGL/build/debug_WebGL_wasm/build.js (+wasm)
[BUSY     189s] Link_WebGL_wasm Library/Bee/artifacts/WebGL/build/debug_WebGL_wasm/build.js (+wasm)
[BUSY     199s] Link_WebGL_wasm Library/Bee/artifacts/WebGL/build/debug_WebGL_wasm/build.js (+wasm)
[BUSY     209s] Link_WebGL_wasm Library/Bee/artifacts/WebGL/build/debug_WebGL_wasm/build.js (+wasm)
[BUSY     220s] Link_WebGL_wasm Library/Bee/artifacts/WebGL/build/debug_WebGL_wasm/build.js (+wasm)
[BUSY     230s] Link_WebGL_wasm Library/Bee/artifacts/WebGL/build/debug_WebGL_wasm/build.js (+wasm)
[BUSY     240s] Link_WebGL_wasm Library/Bee/artifacts/WebGL/build/debug_WebGL_wasm/build.js (+wasm)
[BUSY     250s] Link_WebGL_wasm Library/Bee/artifacts/WebGL/build/debug_WebGL_wasm/build.js (+wasm)
[BUSY     260s] Link_WebGL_wasm Library/Bee/artifacts/WebGL/build/debug_WebGL_wasm/build.js (+wasm)
[BUSY     270s] Link_WebGL_wasm Library/Bee/artifacts/WebGL/build/debug_WebGL_wasm/build.js (+wasm)
[BUSY     280s] Link_WebGL_wasm Library/Bee/artifacts/WebGL/build/debug_WebGL_wasm/build.js (+wasm)
[BUSY     290s] Link_WebGL_wasm Library/Bee/artifacts/WebGL/build/debug_WebGL_wasm/build.js (+wasm)
[497/516   293s] Link_WebGL_wasm Library/Bee/artifacts/WebGL/build/debug_WebGL_wasm/build.js (+wasm)
warning: D:/Program Files/Editor/6000.5.7f1/Editor/Data/PlaybackEngines/WebGLSupport/BuildTools/lib/lib_webgpu.js:7: #warning "Firefox browser before version 149 has issues with WebGPU (e.g. https://bugzilla.mozilla.org/show_bug.cgi?id=2023423 )"
warning: D:/Program Files/Editor/6000.5.7f1/Editor/Data/PlaybackEngines/WebGLSupport/BuildTools/lib/lib_webgpu.js:7: #warning "Firefox browser before version 149 has issues with WebGPU (e.g. https://bugzilla.mozilla.org/show_bug.cgi?id=2023423 )"
warning: JS library symbol '$stackTrace' is deprecated. Please open a bug if you have a continuing need for this symbol [-Wdeprecated]
emcc: warning: warnings in JS library compilation [-Wjs-compiler]
*** Tundra requires additional run (422.01 seconds - 0:07:02), 28 items updated, 516 evaluated
*** Additional run caused by: timestamp change of Library/Bee/artifacts/WebGL/webgl.data
ExitCode: 4 Duration: 7m:02s
Starting: D:\Program Files\Editor\6000.5.7f1\Editor\Data\netcorerun\netcorerun.exe "D:\Program Files\Editor\6000.5.7f1\Editor\Data\PlaybackEngines\WebGLSupport\WebGLPlayerBuildProgram.exe" "D:/Program Files/Editor/6000.5.7f1/Editor/Data/PlaybackEngines/WebGLSupport/Bee;D:/Program Files/Editor/6000.5.7f1/Editor/Data/Tools/BuildPipeline" "Library/Bee/Playera8274c52.dag.json" "Library/Bee/Playera8274c52-inputdata.json" "Library\Bee\buildprogram0.traceevents"
WorkingDir: D:/game/game-client
ExitCode: 0 Duration: 0s909ms
Starting: D:\Program Files\Editor\6000.5.7f1\Editor\Data\Tools\BuildPipeline\bee_backend.exe --ipc --dagfile="Library/Bee/Playera8274c52.dag" --dagfilejson="Library\Bee\Playera8274c52.dag.json" --profile="Library/Bee/backend2.traceevents" Player
WorkingDir: D:/game/game-client
Finished compiling graph: 707 nodes, 1927 flattened edges (1915 ToBuild, 6 ToUse), maximum node priority 2147483647
[           0s] ComputeLeafInputSignature Lib_WebGL_wasm Library/Bee/artifacts/WebGL/il2cpp/release_WebGL_wasm/il2cpp.a [pending dependencies]
[493/516    0s] CopyFiles webgl-build/Build/webgl-build.data
[           0s] ComputeLeafInputSignature Lib_WebGL_wasm Library/Bee/artifacts/WebGL/il2cpp/release_WebGL_wasm/il2cpp.a [success b3297ab7ba06bc2a51229dc6b3006616]
[498/516    0s] CopyFiles webgl-build/Build/webgl-build.wasm
[499/516    0s] Merging JavaScript Code Library/Bee/artifacts/WebGL/build/debug_WebGL_wasm/build.framework.js
[500/516    0s] PreprocessJS Library/Bee/artifacts/WebGLwebgl-build.loader.js
*** Tundra requires additional run (1.13 seconds), 4 items updated, 516 evaluated
*** Additional run caused by: timestamp change of Library/Bee/artifacts/WebGLwebgl-build.loader.js
Starting: D:\Program Files\Editor\6000.5.7f1\Editor\Data\netcorerun\netcorerun.exe "D:\Program Files\Editor\6000.5.7f1\Editor\Data\PlaybackEngines\WebGLSupport\WebGLPlayerBuildProgram.exe" "D:/Program Files/Editor/6000.5.7f1/Editor/Data/PlaybackEngines/WebGLSupport/Bee;D:/Program Files/Editor/6000.5.7f1/Editor/Data/Tools/BuildPipeline" "Library/Bee/Playera8274c52.dag.json" "Library/Bee/Playera8274c52-inputdata.json" "Library\Bee\buildprogram1.traceevents"
WorkingDir: D:/game/game-client
ExitCode: 4 Duration: 1s167ms
ExitCode: 0 Duration: 0s972ms
Starting: D:\Program Files\Editor\6000.5.7f1\Editor\Data\Tools\BuildPipeline\bee_backend.exe --ipc --dagfile="Library/Bee/Playera8274c52.dag" --dagfilejson="Library\Bee\Playera8274c52.dag.json" --profile="Library/Bee/backend3.traceevents" Player
WorkingDir: D:/game/game-client
Finished compiling graph: 707 nodes, 1927 flattened edges (1915 ToBuild, 6 ToUse), maximum node priority 2147483647
[           0s] ComputeLeafInputSignature Lib_WebGL_wasm Library/Bee/artifacts/WebGL/il2cpp/release_WebGL_wasm/il2cpp.a [pending dependencies]
[           0s] ComputeLeafInputSignature Lib_WebGL_wasm Library/Bee/artifacts/WebGL/il2cpp/release_WebGL_wasm/il2cpp.a [success b3297ab7ba06bc2a51229dc6b3006616]
[501/516    0s] CopyFiles webgl-build/Build/webgl-build.framework.js
[515/516    0s] CopyFiles webgl-build/Build/webgl-build.loader.js
*** Tundra build success (0.27 seconds), 2 items updated, 516 evaluated
ExitCode: 0 Duration: 0s299ms
D:\game\game-client\Library\Bee\artifacts\WebGL\il2cppOutput\cpp: [Unity.TextMeshPro] - System.Void TMPro.TMP_TextParsingUtilities::.cctor() - Method was given it's own cpp file because it is large and costly to compile
UnityEngine.Debug:ExtractStackTraceNoAlloc (byte*,int,string)
UnityEngine.StackTraceUtility:ExtractStackTrace ()
UnityEngine.DebugLogHandler:Internal_Log (UnityEngine.LogType,UnityEngine.LogOption,string,UnityEngine.Object)
UnityEngine.DebugLogHandler:LogFormat (UnityEngine.LogType,UnityEngine.Object,string,object[])
UnityEngine.Logger:Log (UnityEngine.LogType,object)
UnityEngine.Debug:LogWarning (object)
UnityEditor.Modules.BeeBuildPostprocessor:DefaultResultProcessor (Bee.BinLog.NodeFinishedMessage,bool,bool)
UnityEditor.Modules.BeeBuildPostprocessor:PrintStdoutOnErrorProcessor (Bee.BinLog.NodeFinishedMessage)
UnityEditor.Modules.BeeBuildPostprocessor:ReportBuildResults ()
UnityEditor.Modules.BeeBuildPostprocessor:PostProcess (UnityEditor.Modules.BuildPostProcessArgs)
UnityEditor.WebGL.WebGlBuildPostprocessor:PostProcess (UnityEditor.Modules.BuildPostProcessArgs) (at /home/bokken/build/output/unity/unity/PlatformDependent/WebGL/Extensions/Unity.WebGL.extensions/BuildPostprocessor.cs:252)
UnityEditor.Modules.BeeBuildPostprocessor:PostProcess (UnityEditor.Modules.BuildPostProcessArgs,UnityEditor.BuildProperties&)
UnityEditor.PostprocessBuildPlayer:Postprocess (UnityEditor.BuildTarget,int,string,string,string,UnityEditor.BuildOptions,UnityEditor.RuntimeClassRegistry,UnityEditor.Build.Reporting.BuildReport)
UnityEditor.BuildPipeline:BuildPlayerInternal (string[],string,string,UnityEditor.BuildTargetGroup,UnityEditor.BuildTarget,int,UnityEditor.BuildOptions,string[],string[],bool)
UnityEditor.BuildPipeline:BuildPlayer (UnityEditor.BuildPlayerOptions)
QuizBattle.EditorTools.Graphics.WebGLBuildCheck:Run () (at Assets/Editor/Graphics/WebGLBuildCheck.cs:44)

(Filename: /home/bokken/build/output/unity/unity/PlatformDependent/WebGL/Extensions/Unity.WebGL.extensions/BuildPostprocessor.cs Line: 252)

D:\game\game-client\Library\Bee\artifacts\WebGL\il2cppOutput\cpp: [Unity.TextMeshPro] - System.Void TMPro.TextMeshPro::GenerateTextMesh() - Method was given it's own cpp file because it is large and costly to compile
UnityEngine.Debug:ExtractStackTraceNoAlloc (byte*,int,string)
UnityEngine.StackTraceUtility:ExtractStackTrace ()
UnityEngine.DebugLogHandler:Internal_Log (UnityEngine.LogType,UnityEngine.LogOption,string,UnityEngine.Object)
UnityEngine.DebugLogHandler:LogFormat (UnityEngine.LogType,UnityEngine.Object,string,object[])
UnityEngine.Logger:Log (UnityEngine.LogType,object)
UnityEngine.Debug:LogWarning (object)
UnityEditor.Modules.BeeBuildPostprocessor:DefaultResultProcessor (Bee.BinLog.NodeFinishedMessage,bool,bool)
UnityEditor.Modules.BeeBuildPostprocessor:PrintStdoutOnErrorProcessor (Bee.BinLog.NodeFinishedMessage)
UnityEditor.Modules.BeeBuildPostprocessor:ReportBuildResults ()
UnityEditor.Modules.BeeBuildPostprocessor:PostProcess (UnityEditor.Modules.BuildPostProcessArgs)
UnityEditor.WebGL.WebGlBuildPostprocessor:PostProcess (UnityEditor.Modules.BuildPostProcessArgs) (at /home/bokken/build/output/unity/unity/PlatformDependent/WebGL/Extensions/Unity.WebGL.extensions/BuildPostprocessor.cs:252)
UnityEditor.Modules.BeeBuildPostprocessor:PostProcess (UnityEditor.Modules.BuildPostProcessArgs,UnityEditor.BuildProperties&)
UnityEditor.PostprocessBuildPlayer:Postprocess (UnityEditor.BuildTarget,int,string,string,string,UnityEditor.BuildOptions,UnityEditor.RuntimeClassRegistry,UnityEditor.Build.Reporting.BuildReport)
UnityEditor.BuildPipeline:BuildPlayerInternal (string[],string,string,UnityEditor.BuildTargetGroup,UnityEditor.BuildTarget,int,UnityEditor.BuildOptions,string[],string[],bool)
UnityEditor.BuildPipeline:BuildPlayer (UnityEditor.BuildPlayerOptions)
QuizBattle.EditorTools.Graphics.WebGLBuildCheck:Run () (at Assets/Editor/Graphics/WebGLBuildCheck.cs:44)

(Filename: /home/bokken/build/output/unity/unity/PlatformDependent/WebGL/Extensions/Unity.WebGL.extensions/BuildPostprocessor.cs Line: 252)

D:\game\game-client\Library\Bee\artifacts\WebGL\il2cppOutput\cpp: [Unity.TextMeshPro] - System.Void TMPro.TextMeshProUGUI::GenerateTextMesh() - Method was given it's own cpp file because it is large and costly to compile
UnityEngine.Debug:ExtractStackTraceNoAlloc (byte*,int,string)
UnityEngine.StackTraceUtility:ExtractStackTrace ()
UnityEngine.DebugLogHandler:Internal_Log (UnityEngine.LogType,UnityEngine.LogOption,string,UnityEngine.Object)
UnityEngine.DebugLogHandler:LogFormat (UnityEngine.LogType,UnityEngine.Object,string,object[])
UnityEngine.Logger:Log (UnityEngine.LogType,object)
UnityEngine.Debug:LogWarning (object)
UnityEditor.Modules.BeeBuildPostprocessor:DefaultResultProcessor (Bee.BinLog.NodeFinishedMessage,bool,bool)
UnityEditor.Modules.BeeBuildPostprocessor:PrintStdoutOnErrorProcessor (Bee.BinLog.NodeFinishedMessage)
UnityEditor.Modules.BeeBuildPostprocessor:ReportBuildResults ()
UnityEditor.Modules.BeeBuildPostprocessor:PostProcess (UnityEditor.Modules.BuildPostProcessArgs)
UnityEditor.WebGL.WebGlBuildPostprocessor:PostProcess (UnityEditor.Modules.BuildPostProcessArgs) (at /home/bokken/build/output/unity/unity/PlatformDependent/WebGL/Extensions/Unity.WebGL.extensions/BuildPostprocessor.cs:252)
UnityEditor.Modules.BeeBuildPostprocessor:PostProcess (UnityEditor.Modules.BuildPostProcessArgs,UnityEditor.BuildProperties&)
UnityEditor.PostprocessBuildPlayer:Postprocess (UnityEditor.BuildTarget,int,string,string,string,UnityEditor.BuildOptions,UnityEditor.RuntimeClassRegistry,UnityEditor.Build.Reporting.BuildReport)
UnityEditor.BuildPipeline:BuildPlayerInternal (string[],string,string,UnityEditor.BuildTargetGroup,UnityEditor.BuildTarget,int,UnityEditor.BuildOptions,string[],string[],bool)
UnityEditor.BuildPipeline:BuildPlayer (UnityEditor.BuildPlayerOptions)
QuizBattle.EditorTools.Graphics.WebGLBuildCheck:Run () (at Assets/Editor/Graphics/WebGLBuildCheck.cs:44)

(Filename: /home/bokken/build/output/unity/unity/PlatformDependent/WebGL/Extensions/Unity.WebGL.extensions/BuildPostprocessor.cs Line: 252)

[websockify wrapper] Start node and websockify.js
[websockify wrapper] Proxying from :35020 to localhost:34999
Asset Pipeline Refresh (id=c18572fee72f21c409268ce364769cbc): Total: 0.159 seconds - Initiated by RefreshV2(NoUpdateAssetOptions)
[Licensing::Client] Successfully resolved entitlement details
[Licensing::Client] Successfully resolved entitlement details
Total cache size 187449023
Total cache size after purge 187449023, took 00:00:00.2586725

-------------------------------------------------------------------------------
Build Report
Information on used Assets is not available, since player data was not rebuilt.
Do a clean build to view the Asset build report information.
-------------------------------------------------------------------------------
[Licensing::Client] Successfully resolved entitlement details
Unloading 0 Unused Serialized files (Serialized files now loaded: 0)
Unloading 57 unused Assets / (0.7 MB). Loaded Objects now: 4427.
Memory consumption went from 351.3 MB to 350.6 MB.
Total: 17.554000 ms (FindLiveObjects: 0.374200 ms CreateObjectMapping: 0.686700 ms MarkObjects: 14.962200 ms  DeleteObjects: 1.529200 ms)

DisplayProgressNotification: Build Successful
Build Finished, Result: Success.
##utp:{"success":true,"type":"PlayerBuildInfo","version":2,"phase":"Immediate","time":1786855970597,"processId":29564,"steps":[{"description":"Preprocess Player","duration":626},{"description":"Prepare For Build","duration":1},{"description":"ProducePlayerScriptAssemblies","duration":7775},{"description":"Verify Build setup","duration":314},{"description":"Prepare assets for target platform","duration":3},{"description":"Prepare splash screen","duration":1},{"description":"Run script only build","duration":57},{"description":"Build scripts DLLs","duration":22},{"description":"Postprocess built player","duration":426266}],"duration":435065}
Unloading 0 Unused Serialized files (Serialized files now loaded: 0)
Loaded scene 'Temp/__Backupscenes/0.backup'
	Deserialize:            0.765 ms
	Integration:            233.245 ms
	Integration of assets:  0.002 ms
	Thread Wait Time:       0.026 ms
	Total Operation Time:   234.038 ms
Unloading 0 unused Assets / (1.1 KB). Loaded Objects now: 4426.
Memory consumption went from 350.9 MB to 350.9 MB.
Total: 12.165000 ms (FindLiveObjects: 0.339600 ms CreateObjectMapping: 0.616500 ms MarkObjects: 11.194900 ms  DeleteObjects: 0.012700 ms)

[WebGLBuildCheck] result=Succeeded errors=0 warnings=11 size=117247221
UnityEngine.Debug:ExtractStackTraceNoAlloc (byte*,int,string)
UnityEngine.StackTraceUtility:ExtractStackTrace ()
UnityEngine.DebugLogHandler:Internal_Log (UnityEngine.LogType,UnityEngine.LogOption,string,UnityEngine.Object)
UnityEngine.DebugLogHandler:LogFormat (UnityEngine.LogType,UnityEngine.Object,string,object[])
UnityEngine.Logger:Log (UnityEngine.LogType,object)
UnityEngine.Debug:Log (object)
QuizBattle.EditorTools.Graphics.WebGLBuildCheck:Run () (at Assets/Editor/Graphics/WebGLBuildCheck.cs:46)

(Filename: Assets/Editor/Graphics/WebGLBuildCheck.cs Line: 46)

MonoPathRemapper: Attempts to remap: 33075; Successful remaps: 1714
Serialized file version minimum: 23, current 23
[websockify wrapper] Kill
[websockify wrapper] Process killed
Killing ADB server in 2.0807587 seconds.
[Physics::Module] Cleanup current backend.
[Physics::Module] Id: 0xf2b8ea05
Input System module state changed to: ShutdownInProgress.
Input Polling Thread exited.
Input System module state changed to: Shutdown.
[Licensing::IpcConnector] LicenseClient-engmh-6000.5.7-notifications channel disconnected successfully.
[Licensing::IpcConnector] LicenseClient-engmh-6000.5.7 channel disconnected successfully.
Shut down.
AcceleratorClientConnectionCallback - disconnected - :0
Cleanup mono
CodeReloadManager destroyed
[websockify wrapper] Kill
abort_threads: Failed aborting id: 00000000000075AC, mono_thread_manage will ignore it

abort_threads: Failed aborting id: 00000000000049C0, mono_thread_manage will ignore it

abort_threads: Failed aborting id: 00000000000075AC, mono_thread_manage will ignore it

abort_threads: Failed aborting id: 00000000000049C0, mono_thread_manage will ignore it

debugger-agent: Unable to listen on 3560
Checking for leaked weakptr:
  Found no leaked weakptrs.
[Package Manager] Server process was shutdown
##utp:{"type":"MemoryLeaks","version":2,"phase":"Immediate","time":1786855974665,"processId":29564,"allocatedMemory":16813555,"memoryLabels":[{"Default":213476},{"Permanent":15516},{"NewDelete":68427},{"Thread":4205216},{"Manager":33125},{"VertexData":8},{"Geometry":816},{"Texture":24},{"Shader":848986},{"Material":24},{"GfxDevice":57368},{"Animation":952},{"Audio":1544},{"FreeType":8},{"FontEngine":736},{"Physics":2146},{"Physics2D":16},{"Serialization":504},{"Input":42840},{"JobScheduler":256},{"TextLib":280},{"Mono":48},{"MonoCode":320},{"ScriptingNativeRuntime":1760964},{"BaseObject":1622152},{"Resource":1208},{"Renderer":3080},{"Transform":4685},{"File":1032},{"WebCam":616},{"Culling":32},{"Terrain":11442},{"Wind":24},{"STL":40},{"String":13355},{"StaticString":3808},{"Utility":2673238},{"Curl":2559},{"PoolAlloc":2264},{"AI":80},{"TypeTree":25285},{"CodeReload":448},{"RuntimeInitializeOnLoadManager":64},{"Sprites":102},{"SpriteAtlas":120},{"GI":7816},{"Director":8296},{"CloudService":7064},{"WebRequest":4567},{"VR":47114},{"SceneManager":608},{"Video":64},{"LazyScriptCache":32},{"Camera":17},{"Secure":2377},{"SerializationCache":1576},{"APIUpdating":10320},{"Subsystems":336},{"VirtualTexturing":57888},{"StaticSafetyDebugInfo":278528},{"Analytics":552},{"Hierarchy":1176},{"UIElements":72},{"CoreStats":13688},{"Identifiers":6768},{"Gui":128},{"EditorUtility":116891},{"VersionControl":8},{"Undo":931},{"AssetDatabase":4571710},{"AssetImporter":40},{"EditorGi":328},{"UnityConnect":38905},{"Upm":1912},{"UpmDiagnostics":8},{"AssetCompliance":64},{"DrivenProperties":72},{"LocalIPC":211},{"ProfilerEditor":9746},{"CoreBusinessMetrics":3428},{"Windowing":456},{"Licensing":664},{"AssetReference":32},{"IPCStream":32}]}
~StackAllocator(ALLOC_TEMP_MAIN) m_LastAlloc not NULL. Did you forget to call FreeAllStackAllocations()? To get more information, run app with -diag-temp-memory-leak-validation cmd line argument
