[Licensing::Module] Trying to connect to existing licensing client channel...
Built from '6000.5/staging' branch; Version is '6000.5.7f1 (017862109af0) revision 96354'; Using compiler version '194234433'; Build Type 'Release'
[Licensing::IpcConnector] Channel LicenseClient-engmh doesn't exist
OS: 'Windows 11  (10.0.26200) Professional' Language: 'en' Physical Memory: 32368 MB
BatchMode: 1, IsHumanControllingUs: 0, StartBugReporterOnCrash: 0, Is64bit: 1
System  architecture: x64
Process architecture: x64
Date: 2026-08-27T21:05:27Z
[Licensing::Module] Successfully launched the LicensingClient (PId: 33200)

COMMAND LINE ARGUMENTS:
D:\Program Files\Editor\6000.5.7f1\Editor\Unity.exe
-batchmode
-projectPath
D:\game\game-client
-executeMethod
CaptureCurrentArena.Capture
-quit
-logFile
D:\game\unity-capture-clean.log
Successfully changed project path to: D:\game\game-client
D:/game/game-client
[UnityMemory] Configuration Parameters - Can be set up in boot.config
    "memorysetup-temp-allocator-size-gi-baking-worker=262144"
    "memorysetup-temp-allocator-size-gi-baking-worker=262144"
    "memorysetup-temp-allocator-size-gi-baking-worker=262144"
    "memorysetup-temp-allocator-size-gi-baking-worker=262144"
    "memorysetup-temp-allocator-size-gi-baking-worker=262144"
    "memorysetup-temp-allocator-size-nav-mesh-worker=65536"
    "memorysetup-temp-allocator-size-audio-worker=65536"
    "memorysetup-temp-allocator-size-cloud-worker=32768"
    "memorysetup-temp-allocator-size-gfx=262144"
    "memorysetup-temp-allocator-size-preload-manager=33554432"
    "memorysetup-allocator-temp-initial-block-size-main=262144"
    "memorysetup-allocator-temp-initial-block-size-worker=262144"
    "memorysetup-temp-allocator-size-job-worker=262144"
    "memorysetup-temp-allocator-size-background-worker=32768"
    "memorysetup-bucket-allocator-granularity=16"
    "memorysetup-bucket-allocator-bucket-count=8"
    "memorysetup-bucket-allocator-block-size=33554432"
    "memorysetup-bucket-allocator-block-count=8"
    "memorysetup-main-allocator-block-size=16777216"
    "memorysetup-thread-allocator-block-size=16777216"
    "memorysetup-main-allocator-mimalloc-enabled=0"
    "memorysetup-gfx-main-allocator-block-size=16777216"
    "memorysetup-gfx-thread-allocator-block-size=16777216"
    "memorysetup-cache-allocator-block-size=4194304"
    "memorysetup-typetree-allocator-block-size=2097152"
    "memorysetup-profiler-bucket-allocator-granularity=16"
    "memorysetup-profiler-bucket-allocator-bucket-count=8"
    "memorysetup-profiler-bucket-allocator-block-size=33554432"
    "memorysetup-profiler-bucket-allocator-block-count=8"
    "memorysetup-profiler-allocator-block-size=16777216"
    "memorysetup-profiler-editor-allocator-block-size=1048576"
    "memorysetup-temp-allocator-size-main=16777216"
    "memorysetup-job-temp-allocator-block-size=2097152"
    "memorysetup-job-temp-allocator-block-size-background=1048576"
    "memorysetup-job-temp-allocator-reduction-small-platforms=262144"
Logging is directed to a specific file, skipping project log.Player connection [24228]  Target information:

Player connection [24228]  * "[IP] 10.0.0.111 [Port] 55504 [Flags] 2 [Guid] 2620441223 [EditorId] 2620441223 [Version] 1048832 [Id] WindowsEditor(7,DESKTOP-VJHN5MG) [Debug] 1 [PackageName] WindowsEditor [ProjectName] Editor" 

Player connection [24228] Host joined multi-casting on [225.0.0.222:54997]...
Player connection [24228] Host joined alternative multi-casting on [225.0.0.222:34997]...
Input System module state changed to: Initialized.
[Physics::Module] Initialized fallback backend.
[Physics::Module] Id: 0xdecafbad
Starting IPC server.
Waiting for clients to connect on \\.\pipe\Unity-LicenseClient-engmh, press Ctrl-C to exit.
[Licensing::IpcConnector] Successfully connected to: "LicenseClient-engmh" at "2026-08-27T21:05:27.8547744Z"
[Licensing::Client] Code 10 while verifying Licensing Client signature (process Id: 33200, path: "D:/Program Files/Editor/6000.5.7f1/Editor/Data/Resources/Licensing/Client/Unity.Licensing.Client.exe")
[Licensing::Module] LicensingClient has failed validation; ignoring
[Licensing::Client] Handshaking with LicensingClient:
  Version:                 1.18.1+9fbee8e
  Session Id:              7d7143bba9bd4fe2960c512345131a69
  Correlation Id:          519db20c0d11462e74a4223f66d4ba7e
  External correlation Id: 1957419391865800904
  Machine Id:              BvCvD9V+nLWzZG/D2RgCqRIYhiE=
[Licensing::Module] Successfully connected to LicensingClient on channel: "LicenseClient-engmh" (connect: 0.38s, validation: 0.27s, handshake: 0.07s)
[Licensing::IpcConnector] Successfully connected to: "LicenseClient-engmh-notifications" at "2026-08-27T21:05:28.1952768Z"
[Licensing::Module] Connected to LicensingClient (PId: 33200, launch time: 0.01, total connection time: 0.72s)
[Licensing::Module] Error: Access token is unavailable; failed to update
[Licensing::Client] Successfully resolved entitlement details
[Licensing::Module] License group:
  Id: 3574445819494-UnityPersXXXX
  Product: Unity Personal
  Type: Assigned
  Expiration: Unlimited
[Package Manager] Connected to IPC stream "Upm-34328" after 0.5 seconds.
[Licensing::Module] Licensing is not yet initialized.
[Licensing::Client] Successfully updated license, isAsync: True, time: 0.02
[Licensing::Client] Successfully resolved entitlement details
[Licensing::Module] Licensing Background thread has ended after 0.81s
[Licensing::Module] Licensing is initialized (took 0.01s).
[Licensing::Client] Successfully resolved entitlement details
Library Redirect Path: Library/
[Physics::Module] Selected backend.
[Physics::Module] Name: PhysX
[Physics::Module] Id: 0xf2b8ea05
[Physics::Module] SDK Version: 4.1.2
[Physics::Module] Integration Version: 1.0.0
[Physics::Module] Threading Mode: Multi-Threaded
Initialize engine version: 6000.5.7f1 (017862109af0)
[Subsystems] Discovering subsystems at path D:/Program Files/Editor/6000.5.7f1/Editor/Data/Resources/UnitySubsystems
[Subsystems] Discovering subsystems at path D:/game/game-client/Assets
GfxDevice: creating device client; kGfxThreadingModeNonThreaded
d3d12: failed to query info queue interface (0x80004002).
Direct3D:
    Version:         Direct3D 12 [level 12.1]
    Renderer:        Intel(R) UHD Graphics (ID=0x9bca)
    Vendor:          Intel
    VRAM:            16184 MB
    App VRAM Budget: 15416 MB
    Driver:          31.0.101.2135
    Unified Memory Architecture
    Cache Coherent UMA
Initialize mono
Mono path[0] = 'D:/Program Files/Editor/6000.5.7f1/Editor/Data/Managed'
Mono path[1] = 'D:/Program Files/Editor/6000.5.7f1/Editor/Data/BCLExtensions/runtime/netstandard2.1'
Mono path[2] = 'D:/Program Files/Editor/6000.5.7f1/Editor/Data/MonoBleedingEdge/lib/mono/unityjit-win32'
Mono config path = 'D:/Program Files/Editor/6000.5.7f1/Editor/Data/MonoBleedingEdge/etc'
Using monoOptions --debugger-agent=transport=dt_socket,embedding=1,server=y,suspend=n,address=127.0.0.1:56328
CodeReloadManager initialized
ImportWorker Server TCP listen port: 0
AcceleratorClientConnectionCallback - disconnected - :0
Begin MonoManager ReloadAssembly
Registering precompiled unity dll's ...
Register platform support module: D:/Program Files/Editor/6000.5.7f1/Editor/Data/PlaybackEngines/WebGLSupport/UnityEditor.WebGL.Extensions.dll
Register platform support module: D:/Program Files/Editor/6000.5.7f1/Editor/Data/PlaybackEngines/WindowsStandaloneSupport/UnityEditor.WindowsStandalone.Extensions.dll
[Licensing::Client] Successfully resolved entitlement details
Register platform support module: D:/Program Files/Editor/6000.5.7f1/Editor/Data/PlaybackEngines/MetroSupport/UnityEditor.UWP.Extensions.dll
[Licensing::Client] Successfully resolved entitlement details
Register platform support module: D:/Program Files/Editor/6000.5.7f1/Editor/Data/PlaybackEngines/AndroidPlayer/UnityEditor.Android.Extensions.dll
Registered in 0.007816 seconds.
Native extension for Android target not found
Native extension for UWP target not found
Native extension for WindowsStandalone target not found
Native extension for WebGL target not found
Package Manager log level set to [2]
ScheduleIndexationOnStartup MainProcess:False IndexOnStartup:True
Mono: successfully reloaded assembly
- Finished resetting the current domain, in  0.615 seconds
Domain Reload Profiling: 1347ms
	BeginReloadAssembly (173ms)
		CreateAndSetChildDomain (11ms)
	RebuildCommonClasses (7ms)
	RebuildNativeTypeToScriptingClass (24ms)
	initialDomainReloadingComplete (86ms)
	LoadAllAssembliesAndSetupDomain (438ms)
		LoadAssemblies (163ms)
		AnalyzeDomain (332ms)
			TypeCache.Refresh (330ms)
				TypeCache.ScanAssembly (310ms)
	FinalizeReload (619ms)
		SetupLoadedEditorAssemblies (0ms)
			InitializePlatformSupportModulesInManaged (68ms)
			BeforeProcessingInitializeOnLoad (136ms)
			ProcessInitializeOnLoadAttributes (139ms)
			ProcessInitializeOnLoadMethodAttributes (155ms)
[Licensing::Client] Successfully resolved entitlement details
Application.AssetDatabase Initial Refresh Start
[Package Manager] Restoring resolved packages state from cache
[Licensing::Client] Successfully resolved entitlement details
[Package Manager] Registered 54 packages:
  Packages from [https://packages.unity.com]:
    com.unity.nuget.newtonsoft-json@3.2.1 (location: D:\game\game-client\Library\PackageCache\com.unity.nuget.newtonsoft-json@74deb55db2a0)
    com.unity.postprocessing@3.5.4 (location: D:\game\game-client\Library\PackageCache\com.unity.postprocessing@141166b789e3)
    com.unity.searcher@4.9.4 (location: D:\game\game-client\Library\PackageCache\com.unity.searcher@d45a78918735)
    com.unity.burst@1.8.30 (location: D:\game\game-client\Library\PackageCache\com.unity.burst@2f3d916873ea)
    com.unity.nuget.mono-cecil@1.11.6 (location: D:\game\game-client\Library\PackageCache\com.unity.nuget.mono-cecil@ecb9724e46ff)
    com.unity.test-framework.performance@3.5.0 (location: D:\game\game-client\Library\PackageCache\com.unity.test-framework.performance@8b56083ec0f0)
  Built-in packages:
    com.unity.multiplayer.center@1.0.1 (location: D:\game\game-client\Library\PackageCache\com.unity.multiplayer.center@b860850997d0)
    com.unity.render-pipelines.universal@17.5.0 (location: D:\game\game-client\Library\PackageCache\com.unity.render-pipelines.universal@73b4c4ff130e)
    com.unity.test-framework@1.7.0 (location: D:\game\game-client\Library\PackageCache\com.unity.test-framework@1405238725ab)
    com.unity.textmeshpro@5.0.0 (location: D:\game\game-client\Library\PackageCache\com.unity.textmeshpro@53f43edfd2e0)
    com.unity.modules.accessibility@1.0.0 (location: D:\game\game-client\Library\PackageCache\com.unity.modules.accessibility)
    com.unity.modules.adaptiveperformance@1.0.0 (location: D:\game\game-client\Library\PackageCache\com.unity.modules.adaptiveperformance)
    com.unity.modules.ai@1.0.0 (location: D:\game\game-client\Library\PackageCache\com.unity.modules.ai)
    com.unity.modules.androidjni@1.0.0 (location: D:\game\game-client\Library\PackageCache\com.unity.modules.androidjni)
    com.unity.modules.animation@1.0.0 (location: D:\game\game-client\Library\PackageCache\com.unity.modules.animation)
    com.unity.modules.assetbundle@1.0.0 (location: D:\game\game-client\Library\PackageCache\com.unity.modules.assetbundle)
    com.unity.modules.audio@1.0.0 (location: D:\game\game-client\Library\PackageCache\com.unity.modules.audio)
    com.unity.modules.cloth@1.0.0 (location: D:\game\game-client\Library\PackageCache\com.unity.modules.cloth)
    com.unity.modules.director@1.0.0 (location: D:\game\game-client\Library\PackageCache\com.unity.modules.director)
    com.unity.modules.imageconversion@1.0.0 (location: D:\game\game-client\Library\PackageCache\com.unity.modules.imageconversion)
    com.unity.modules.imgui@1.0.0 (location: D:\game\game-client\Library\PackageCache\com.unity.modules.imgui)
    com.unity.modules.jsonserialize@1.0.0 (location: D:\game\game-client\Library\PackageCache\com.unity.modules.jsonserialize)
    com.unity.modules.particlesystem@1.0.0 (location: D:\game\game-client\Library\PackageCache\com.unity.modules.particlesystem)
    com.unity.modules.physics@1.0.0 (location: D:\game\game-client\Library\PackageCache\com.unity.modules.physics)
    com.unity.modules.physics2d@1.0.0 (location: D:\game\game-client\Library\PackageCache\com.unity.modules.physics2d)
    com.unity.modules.physicscore2d@1.0.0 (location: D:\game\game-client\Library\PackageCache\com.unity.modules.physicscore2d)
    com.unity.modules.screencapture@1.0.0 (location: D:\game\game-client\Library\PackageCache\com.unity.modules.screencapture)
    com.unity.modules.terrain@1.0.0 (location: D:\game\game-client\Library\PackageCache\com.unity.modules.terrain)
    com.unity.modules.terrainphysics@1.0.0 (location: D:\game\game-client\Library\PackageCache\com.unity.modules.terrainphysics)
    com.unity.modules.tilemap@1.0.0 (location: D:\game\game-client\Library\PackageCache\com.unity.modules.tilemap)
    com.unity.modules.ui@1.0.0 (location: D:\game\game-client\Library\PackageCache\com.unity.modules.ui)
    com.unity.modules.uielements@1.0.0 (location: D:\game\game-client\Library\PackageCache\com.unity.modules.uielements)
    com.unity.modules.umbra@1.0.0 (location: D:\game\game-client\Library\PackageCache\com.unity.modules.umbra)
    com.unity.modules.unityanalytics@1.0.0 (location: D:\game\game-client\Library\PackageCache\com.unity.modules.unityanalytics)
    com.unity.modules.unitywebrequest@1.0.0 (location: D:\game\game-client\Library\PackageCache\com.unity.modules.unitywebrequest)
    com.unity.modules.unitywebrequestassetbundle@1.0.0 (location: D:\game\game-client\Library\PackageCache\com.unity.modules.unitywebrequestassetbundle)
    com.unity.modules.unitywebrequestaudio@1.0.0 (location: D:\game\game-client\Library\PackageCache\com.unity.modules.unitywebrequestaudio)
    com.unity.modules.unitywebrequesttexture@1.0.0 (location: D:\game\game-client\Library\PackageCache\com.unity.modules.unitywebrequesttexture)
    com.unity.modules.unitywebrequestwww@1.0.0 (location: D:\game\game-client\Library\PackageCache\com.unity.modules.unitywebrequestwww)
    com.unity.modules.vectorgraphics@1.0.0 (location: D:\game\game-client\Library\PackageCache\com.unity.modules.vectorgraphics)
    com.unity.modules.vehicles@1.0.0 (location: D:\game\game-client\Library\PackageCache\com.unity.modules.vehicles)
    com.unity.modules.video@1.0.0 (location: D:\game\game-client\Library\PackageCache\com.unity.modules.video)
    com.unity.modules.wind@1.0.0 (location: D:\game\game-client\Library\PackageCache\com.unity.modules.wind)
    com.unity.modules.xr@1.0.0 (location: D:\game\game-client\Library\PackageCache\com.unity.modules.xr)
    com.unity.modules.subsystems@1.0.0 (location: D:\game\game-client\Library\PackageCache\com.unity.modules.subsystems)
    com.unity.modules.hierarchycore@1.0.0 (location: D:\game\game-client\Library\PackageCache\com.unity.modules.hierarchycore)
    com.unity.ugui@2.5.0 (location: D:\game\game-client\Library\PackageCache\com.unity.ugui@67707a67a4ab)
    com.unity.ext.nunit@2.1.0 (location: D:\game\game-client\Library\PackageCache\com.unity.ext.nunit@44f7d31723bd)
    com.unity.render-pipelines.core@17.5.0 (location: D:\game\game-client\Library\PackageCache\com.unity.render-pipelines.core@645717f21c5f)
    com.unity.shadergraph@17.5.0 (location: D:\game\game-client\Library\PackageCache\com.unity.shadergraph@8d7376ec43ee)
    com.unity.render-pipelines.universal-config@17.5.0 (location: D:\game\game-client\Library\PackageCache\com.unity.render-pipelines.universal-config@fdda01c80fe3)
    com.unity.collections@6.5.0 (location: D:\game\game-client\Library\PackageCache\com.unity.collections@ec2c217e4cb2)
    com.unity.mathematics@1.4.0 (location: D:\game\game-client\Library\PackageCache\com.unity.mathematics@981956d94fb6)
  Git packages:
    com.endel.nativewebsocket@https://github.com/endel/NativeWebSocket.git#upm (location: D:\game\game-client\Library\PackageCache\com.endel.nativewebsocket@ea014c9ae534)
[Package Manager] com.unity.textmeshpro is deprecated: This package is no longer supported. TextMeshPro functionalities are now included in the com.unity.ugui package. To continue using them, consider adding it to your project dependencies.
[Subsystems] No new subsystems found in resolved package list.
[Package Manager] Done registering packages in 0.03 seconds
info: Microsoft.Hosting.Lifetime[14]
      Now listening on: http://localhost:80
info: Microsoft.Hosting.Lifetime[0]
      Application started. Press Ctrl+C to shut down.
info: Microsoft.Hosting.Lifetime[0]
      Hosting environment: Production
info: Microsoft.Hosting.Lifetime[0]
      Content root path: D:\game\game-client
info: Microsoft.AspNetCore.Hosting.Diagnostics[1]
      Request starting HTTP/2 POST http://ilpp/UnityILPP.PostProcessing/Ping - application/grpc -
info: Microsoft.AspNetCore.Routing.EndpointMiddleware[0]
      Executing endpoint 'gRPC - /UnityILPP.PostProcessing/Ping'
info: Microsoft.AspNetCore.Routing.EndpointMiddleware[1]
      Executed endpoint 'gRPC - /UnityILPP.PostProcessing/Ping'
info: Microsoft.AspNetCore.Hosting.Diagnostics[2]
      Request finished HTTP/2 POST http://ilpp/UnityILPP.PostProcessing/Ping - 200 - application/grpc 45.6595ms
Starting: D:\Program Files\Editor\6000.5.7f1\Editor\Data\Tools\BuildPipeline\bee_backend.exe --ipc --defer-dag-verification --dagfile="Library/Bee/2000b0aE.dag" --continue-on-failure --profile="Library/Bee/backend1.traceevents" ScriptAssemblies
WorkingDir: D:/game/game-client
DisplayProgressbar: Compiling Scripts
info: Microsoft.AspNetCore.Hosting.Diagnostics[1]
      Request starting HTTP/2 POST http://ilpp/UnityILPP.PostProcessing/ConfigurePostProcessors - application/grpc -
info: Microsoft.AspNetCore.Routing.EndpointMiddleware[0]
      Executing endpoint 'gRPC - /UnityILPP.PostProcessing/ConfigurePostProcessors'
warn: Unity.ILPP.Runner.PostProcessingAssemblyLoadContext[0]
      Assembly system.runtime.interopservices.windowsruntime has duplicate hint path. Ignoring "D:\Program Files\Editor\6000.5.7f1\Editor\Data\UnityReferenceAssemblies\unity-4.8-api\Facades\System.Runtime.InteropServices.WindowsRuntime.dll" in favor of "D:\Program Files\Editor\6000.5.7f1\Editor\Data\NetStandard\Extensions\2.0.0\System.Runtime.InteropServices.WindowsRuntime.dll"
warn: Unity.ILPP.Runner.PostProcessingAssemblyLoadContext[0]
      Assembly system.componentmodel.composition has duplicate hint path. Ignoring "D:\Program Files\Editor\6000.5.7f1\Editor\Data\UnityReferenceAssemblies\unity-4.8-api\System.ComponentModel.Composition.dll" in favor of "D:\Program Files\Editor\6000.5.7f1\Editor\Data\NetStandard\compat\2.1.0\shims\netfx\System.ComponentModel.Composition.dll"
info: Unity.ILPP.Runner.PostProcessingAssemblyLoadContext[0]
      Resolved Unity.Burst.Cecil, Version=0.11.6.0, Culture=neutral, PublicKeyToken=50cebf1cceb9d05e with Library\PackageCache\com.unity.burst@2f3d916873ea\Unity.Burst.CodeGen\Unity.Burst.Cecil.dll
info: Unity.ILPP.Runner.PostProcessingAssemblyLoadContext[0]
      Resolved Mono.Cecil, Version=0.11.5.0, Culture=neutral, PublicKeyToken=50cebf1cceb9d05e with Library\PackageCache\com.unity.nuget.mono-cecil@ecb9724e46ff\Mono.Cecil.dll
info: Microsoft.AspNetCore.Routing.EndpointMiddleware[1]
      Executed endpoint 'gRPC - /UnityILPP.PostProcessing/ConfigurePostProcessors'
info: Microsoft.AspNetCore.Hosting.Diagnostics[2]
      Request finished HTTP/2 POST http://ilpp/UnityILPP.PostProcessing/ConfigurePostProcessors - 200 - application/grpc 209.2584ms
info: Microsoft.AspNetCore.Hosting.Diagnostics[1]
      Request starting HTTP/2 POST http://ilpp/UnityILPP.PostProcessing/PostProcessAssembly - application/grpc -
info: Microsoft.AspNetCore.Routing.EndpointMiddleware[0]
      Executing endpoint 'gRPC - /UnityILPP.PostProcessing/PostProcessAssembly'
info: Microsoft.AspNetCore.Hosting.Diagnostics[1]
      Request starting HTTP/2 POST http://ilpp/UnityILPP.PostProcessing/PostProcessAssembly - application/grpc -
info: Microsoft.AspNetCore.Routing.EndpointMiddleware[0]
      Executing endpoint 'gRPC - /UnityILPP.PostProcessing/PostProcessAssembly'
info: Unity.ILPP.Runner.PostProcessingPipeline[0]
      Processing assembly Library/Bee/artifacts/2000b0aE.dag/UnityEngine.UI.dll, with 122 defines and 284 references
info: Unity.ILPP.Runner.PostProcessingPipeline[0]
      processors: Unity.Jobs.CodeGen.JobsILPostProcessor, zzzUnity.Burst.CodeGen.BurstILPostProcessor
info: Unity.ILPP.Runner.PostProcessingPipeline[0]
      Processing assembly Library/Bee/artifacts/2000b0aE.dag/Unity.RenderPipelines.ShaderGraph.ShaderGraphLibrary.dll, with 117 defines and 286 references
info: Unity.ILPP.Runner.PostProcessingPipeline[0]
      processors: Unity.Jobs.CodeGen.JobsILPostProcessor, zzzUnity.Burst.CodeGen.BurstILPostProcessor
info: Microsoft.AspNetCore.Hosting.Diagnostics[1]
      Request starting HTTP/2 POST http://ilpp/UnityILPP.PostProcessing/PostProcessAssembly - application/grpc -
info: Microsoft.AspNetCore.Routing.EndpointMiddleware[0]
      Executing endpoint 'gRPC - /UnityILPP.PostProcessing/PostProcessAssembly'
info: Unity.ILPP.Runner.PostProcessingPipeline[0]
      running Unity.Jobs.CodeGen.JobsILPostProcessor
info: Unity.ILPP.Runner.PostProcessingPipeline[0]
      running Unity.Jobs.CodeGen.JobsILPostProcessor
info: Unity.ILPP.Runner.PostProcessingPipeline[0]
      running zzzUnity.Burst.CodeGen.BurstILPostProcessor
info: Unity.ILPP.Runner.PostProcessingPipeline[0]
      running zzzUnity.Burst.CodeGen.BurstILPostProcessor
info: Unity.ILPP.Runner.PostProcessingPipeline[0]
      Processing assembly Library/Bee/artifacts/2000b0aE.dag/Unity.Mathematics.dll, with 117 defines and 286 references
info: Unity.ILPP.Runner.PostProcessingPipeline[0]
      processors: Unity.Jobs.CodeGen.JobsILPostProcessor, zzzUnity.Burst.CodeGen.BurstILPostProcessor
info: Unity.ILPP.Runner.PostProcessingPipeline[0]
      running Unity.Jobs.CodeGen.JobsILPostProcessor
info: Unity.ILPP.Runner.PostProcessingPipeline[0]
      running zzzUnity.Burst.CodeGen.BurstILPostProcessor
info: Microsoft.AspNetCore.Routing.EndpointMiddleware[1]
      Executed endpoint 'gRPC - /UnityILPP.PostProcessing/PostProcessAssembly'
info: Microsoft.AspNetCore.Hosting.Diagnostics[2]
      Request finished HTTP/2 POST http://ilpp/UnityILPP.PostProcessing/PostProcessAssembly - 200 - application/grpc 234.3800ms
info: Microsoft.AspNetCore.Hosting.Diagnostics[1]
      Request starting HTTP/2 POST http://ilpp/UnityILPP.PostProcessing/PostProcessAssembly - application/grpc -
info: Microsoft.AspNetCore.Routing.EndpointMiddleware[0]
      Executing endpoint 'gRPC - /UnityILPP.PostProcessing/PostProcessAssembly'
info: Unity.ILPP.Runner.PostProcessingPipeline[0]
      Processing assembly Library/Bee/artifacts/2000b0aE.dag/Unity.TextMeshPro.dll, with 118 defines and 287 references
info: Unity.ILPP.Runner.PostProcessingPipeline[0]
      processors: Unity.Jobs.CodeGen.JobsILPostProcessor, zzzUnity.Burst.CodeGen.BurstILPostProcessor
info: Microsoft.AspNetCore.Routing.EndpointMiddleware[1]
      Executed endpoint 'gRPC - /UnityILPP.PostProcessing/PostProcessAssembly'
info: Microsoft.AspNetCore.Hosting.Diagnostics[2]
      Request finished HTTP/2 POST http://ilpp/UnityILPP.PostProcessing/PostProcessAssembly - 200 - application/grpc 313.7831ms
info: Microsoft.AspNetCore.Routing.EndpointMiddleware[1]
      Executed endpoint 'gRPC - /UnityILPP.PostProcessing/PostProcessAssembly'
info: Microsoft.AspNetCore.Hosting.Diagnostics[2]
      Request finished HTTP/2 POST http://ilpp/UnityILPP.PostProcessing/PostProcessAssembly - 200 - application/grpc 276.2157ms
info: Microsoft.AspNetCore.Hosting.Diagnostics[1]
      Request starting HTTP/2 POST http://ilpp/UnityILPP.PostProcessing/PostProcessAssembly - application/grpc -
info: Microsoft.AspNetCore.Routing.EndpointMiddleware[0]
      Executing endpoint 'gRPC - /UnityILPP.PostProcessing/PostProcessAssembly'
info: Unity.ILPP.Runner.PostProcessingPipeline[0]
      Processing assembly Library/Bee/artifacts/2000b0aE.dag/Unity.InternalAPIEngineBridge.RenderPipelines.Core.Runtime.Shared.dll, with 117 defines and 286 references
info: Unity.ILPP.Runner.PostProcessingPipeline[0]
      processors: Unity.Jobs.CodeGen.JobsILPostProcessor, zzzUnity.Burst.CodeGen.BurstILPostProcessor
info: Unity.ILPP.Runner.PostProcessingPipeline[0]
      running Unity.Jobs.CodeGen.JobsILPostProcessor
info: Unity.ILPP.Runner.PostProcessingPipeline[0]
      running zzzUnity.Burst.CodeGen.BurstILPostProcessor
info: Unity.ILPP.Runner.PostProcessingPipeline[0]
      running Unity.Jobs.CodeGen.JobsILPostProcessor
info: Unity.ILPP.Runner.PostProcessingPipeline[0]
      running zzzUnity.Burst.CodeGen.BurstILPostProcessor
info: Microsoft.AspNetCore.Routing.EndpointMiddleware[1]
      Executed endpoint 'gRPC - /UnityILPP.PostProcessing/PostProcessAssembly'
info: Microsoft.AspNetCore.Hosting.Diagnostics[2]
      Request finished HTTP/2 POST http://ilpp/UnityILPP.PostProcessing/PostProcessAssembly - 200 - application/grpc 176.0273ms
info: Microsoft.AspNetCore.Hosting.Diagnostics[1]
      Request starting HTTP/2 POST http://ilpp/UnityILPP.PostProcessing/PostProcessAssembly - application/grpc -
info: Microsoft.AspNetCore.Routing.EndpointMiddleware[0]
      Executing endpoint 'gRPC - /UnityILPP.PostProcessing/PostProcessAssembly'
info: Unity.ILPP.Runner.PostProcessingPipeline[0]
      Processing assembly Library/Bee/artifacts/2000b0aE.dag/Unity.RenderPipelines.GPUDriven.Runtime.dll, with 117 defines and 290 references
info: Unity.ILPP.Runner.PostProcessingPipeline[0]
      processors: Unity.Jobs.CodeGen.JobsILPostProcessor, zzzUnity.Burst.CodeGen.BurstILPostProcessor
info: Unity.ILPP.Runner.PostProcessingPipeline[0]
      running Unity.Jobs.CodeGen.JobsILPostProcessor
info: Microsoft.AspNetCore.Hosting.Diagnostics[1]
      Request starting HTTP/2 POST http://ilpp/UnityILPP.PostProcessing/PostProcessAssembly - application/grpc -
info: Microsoft.AspNetCore.Routing.EndpointMiddleware[0]
      Executing endpoint 'gRPC - /UnityILPP.PostProcessing/PostProcessAssembly'
info: Microsoft.AspNetCore.Routing.EndpointMiddleware[1]
      Executed endpoint 'gRPC - /UnityILPP.PostProcessing/PostProcessAssembly'
info: Microsoft.AspNetCore.Hosting.Diagnostics[2]
      Request finished HTTP/2 POST http://ilpp/UnityILPP.PostProcessing/PostProcessAssembly - 200 - application/grpc 204.6767ms
info: Unity.ILPP.Runner.PostProcessingPipeline[0]
      Processing assembly Library/Bee/artifacts/2000b0aE.dag/Unity.RenderPipelines.Universal.Config.Runtime.dll, with 117 defines and 287 references
info: Unity.ILPP.Runner.PostProcessingPipeline[0]
      processors: Unity.Jobs.CodeGen.JobsILPostProcessor, zzzUnity.Burst.CodeGen.BurstILPostProcessor
info: Microsoft.AspNetCore.Hosting.Diagnostics[1]
      Request starting HTTP/2 POST http://ilpp/UnityILPP.PostProcessing/PostProcessAssembly - application/grpc -
info: Microsoft.AspNetCore.Routing.EndpointMiddleware[0]
      Executing endpoint 'gRPC - /UnityILPP.PostProcessing/PostProcessAssembly'
info: Microsoft.AspNetCore.Hosting.Diagnostics[1]
      Request starting HTTP/2 POST http://ilpp/UnityILPP.PostProcessing/PostProcessAssembly - application/grpc -
info: Microsoft.AspNetCore.Routing.EndpointMiddleware[0]
      Executing endpoint 'gRPC - /UnityILPP.PostProcessing/PostProcessAssembly'
info: Unity.ILPP.Runner.PostProcessingPipeline[0]
      Processing assembly Library/Bee/artifacts/2000b0aE.dag/Unity.Burst.dll, with 117 defines and 283 references
info: Unity.ILPP.Runner.PostProcessingPipeline[0]
      processors: Unity.Jobs.CodeGen.JobsILPostProcessor, zzzUnity.Burst.CodeGen.BurstILPostProcessor
info: Microsoft.AspNetCore.Hosting.Diagnostics[1]
      Request starting HTTP/2 POST http://ilpp/UnityILPP.PostProcessing/PostProcessAssembly - application/grpc -
info: Microsoft.AspNetCore.Routing.EndpointMiddleware[0]
      Executing endpoint 'gRPC - /UnityILPP.PostProcessing/PostProcessAssembly'
info: Unity.ILPP.Runner.PostProcessingPipeline[0]
      Processing assembly Library/Bee/artifacts/2000b0aE.dag/Unity.UnifiedRayTracing.Runtime.dll, with 118 defines and 289 references
info: Unity.ILPP.Runner.PostProcessingPipeline[0]
      processors: Unity.Jobs.CodeGen.JobsILPostProcessor, zzzUnity.Burst.CodeGen.BurstILPostProcessor
info: Unity.ILPP.Runner.PostProcessingPipeline[0]
      Processing assembly Library/Bee/artifacts/2000b0aE.dag/Unity.RenderPipeline.Universal.ShaderLibrary.dll, with 117 defines and 287 references
info: Unity.ILPP.Runner.PostProcessingPipeline[0]
      processors: Unity.Jobs.CodeGen.JobsILPostProcessor, zzzUnity.Burst.CodeGen.BurstILPostProcessor
info: Unity.ILPP.Runner.PostProcessingPipeline[0]
      running Unity.Jobs.CodeGen.JobsILPostProcessor
info: Unity.ILPP.Runner.PostProcessingPipeline[0]
      running zzzUnity.Burst.CodeGen.BurstILPostProcessor
info: Unity.ILPP.Runner.PostProcessingPipeline[0]
      running Unity.Jobs.CodeGen.JobsILPostProcessor
info: Unity.ILPP.Runner.PostProcessingPipeline[0]
      running Unity.Jobs.CodeGen.JobsILPostProcessor
info: Unity.ILPP.Runner.PostProcessingPipeline[0]
      running zzzUnity.Burst.CodeGen.BurstILPostProcessor
info: Microsoft.AspNetCore.Routing.EndpointMiddleware[1]
      Executed endpoint 'gRPC - /UnityILPP.PostProcessing/PostProcessAssembly'
info: Microsoft.AspNetCore.Hosting.Diagnostics[2]
      Request finished HTTP/2 POST http://ilpp/UnityILPP.PostProcessing/PostProcessAssembly - 200 - application/grpc 119.9443ms
info: Unity.ILPP.Runner.PostProcessingPipeline[0]
      running Unity.Jobs.CodeGen.JobsILPostProcessor
info: Unity.ILPP.Runner.PostProcessingPipeline[0]
      running zzzUnity.Burst.CodeGen.BurstILPostProcessor
info: Microsoft.AspNetCore.Routing.EndpointMiddleware[1]
      Executed endpoint 'gRPC - /UnityILPP.PostProcessing/PostProcessAssembly'
info: Microsoft.AspNetCore.Hosting.Diagnostics[2]
      Request finished HTTP/2 POST http://ilpp/UnityILPP.PostProcessing/PostProcessAssembly - 200 - application/grpc 215.2652ms
info: Microsoft.AspNetCore.Hosting.Diagnostics[1]
      Request starting HTTP/2 POST http://ilpp/UnityILPP.PostProcessing/PostProcessAssembly - application/grpc -
info: Microsoft.AspNetCore.Routing.EndpointMiddleware[0]
      Executing endpoint 'gRPC - /UnityILPP.PostProcessing/PostProcessAssembly'
info: Microsoft.AspNetCore.Hosting.Diagnostics[1]
      Request starting HTTP/2 POST http://ilpp/UnityILPP.PostProcessing/PostProcessAssembly - application/grpc -
info: Microsoft.AspNetCore.Routing.EndpointMiddleware[0]
      Executing endpoint 'gRPC - /UnityILPP.PostProcessing/PostProcessAssembly'
info: Unity.ILPP.Runner.PostProcessingPipeline[0]
      Processing assembly Library/Bee/artifacts/2000b0aE.dag/Unity.RenderPipelines.Core.ShaderLibrary.dll, with 117 defines and 286 references
info: Unity.ILPP.Runner.PostProcessingPipeline[0]
      processors: Unity.Jobs.CodeGen.JobsILPostProcessor, zzzUnity.Burst.CodeGen.BurstILPostProcessor
info: Unity.ILPP.Runner.PostProcessingPipeline[0]
      Processing assembly Library/Bee/artifacts/2000b0aE.dag/Unity.Collections.dll, with 119 defines and 288 references
info: Unity.ILPP.Runner.PostProcessingPipeline[0]
      processors: Unity.Jobs.CodeGen.JobsILPostProcessor, zzzUnity.Burst.CodeGen.BurstILPostProcessor
info: Unity.ILPP.Runner.PostProcessingPipeline[0]
      running Unity.Jobs.CodeGen.JobsILPostProcessor
info: Unity.ILPP.Runner.PostProcessingPipeline[0]
      running zzzUnity.Burst.CodeGen.BurstILPostProcessor
info: Microsoft.AspNetCore.Routing.EndpointMiddleware[1]
      Executed endpoint 'gRPC - /UnityILPP.PostProcessing/PostProcessAssembly'
info: Microsoft.AspNetCore.Hosting.Diagnostics[2]
      Request finished HTTP/2 POST http://ilpp/UnityILPP.PostProcessing/PostProcessAssembly - 200 - application/grpc 34.4913ms
info: Unity.ILPP.Runner.PostProcessingAssemblyLoadContext[0]
      Resolved Unity.Collections, Version=0.0.0.0, Culture=neutral, PublicKeyToken=null with Library\Bee\artifacts\2000b0aE.dag\Unity.Collections.dll
info: Microsoft.AspNetCore.Hosting.Diagnostics[1]
      Request starting HTTP/2 POST http://ilpp/UnityILPP.PostProcessing/PostProcessAssembly - application/grpc -
info: Microsoft.AspNetCore.Routing.EndpointMiddleware[0]
      Executing endpoint 'gRPC - /UnityILPP.PostProcessing/PostProcessAssembly'
info: Unity.ILPP.Runner.PostProcessingPipeline[0]
      Processing assembly Library/Bee/artifacts/2000b0aE.dag/Unity.Multiplayer.Center.Common.dll, with 117 defines and 286 references
info: Unity.ILPP.Runner.PostProcessingPipeline[0]
      processors: Unity.Jobs.CodeGen.JobsILPostProcessor, zzzUnity.Burst.CodeGen.BurstILPostProcessor
info: Unity.ILPP.Runner.PostProcessingPipeline[0]
      running Unity.Jobs.CodeGen.JobsILPostProcessor
info: Unity.ILPP.Runner.PostProcessingPipeline[0]
      running Unity.Jobs.CodeGen.JobsILPostProcessor
info: Unity.ILPP.Runner.PostProcessingPipeline[0]
      running zzzUnity.Burst.CodeGen.BurstILPostProcessor
info: Microsoft.AspNetCore.Hosting.Diagnostics[1]
      Request starting HTTP/2 POST http://ilpp/UnityILPP.PostProcessing/PostProcessAssembly - application/grpc -
info: Microsoft.AspNetCore.Routing.EndpointMiddleware[0]
      Executing endpoint 'gRPC - /UnityILPP.PostProcessing/PostProcessAssembly'
info: Unity.ILPP.Runner.PostProcessingPipeline[0]
      Processing assembly Library/Bee/artifacts/2000b0aE.dag/Unity.PerformanceTesting.dll, with 118 defines and 279 references
info: Unity.ILPP.Runner.PostProcessingPipeline[0]
      processors: Unity.Jobs.CodeGen.JobsILPostProcessor, zzzUnity.Burst.CodeGen.BurstILPostProcessor
info: Microsoft.AspNetCore.Routing.EndpointMiddleware[1]
      Executed endpoint 'gRPC - /UnityILPP.PostProcessing/PostProcessAssembly'
info: Microsoft.AspNetCore.Hosting.Diagnostics[2]
      Request finished HTTP/2 POST http://ilpp/UnityILPP.PostProcessing/PostProcessAssembly - 200 - application/grpc 328.9317ms
info: Unity.ILPP.Runner.PostProcessingPipeline[0]
      running Unity.Jobs.CodeGen.JobsILPostProcessor
info: Unity.ILPP.Runner.PostProcessingPipeline[0]
      running zzzUnity.Burst.CodeGen.BurstILPostProcessor
info: Microsoft.AspNetCore.Routing.EndpointMiddleware[1]
      Executed endpoint 'gRPC - /UnityILPP.PostProcessing/PostProcessAssembly'
info: Microsoft.AspNetCore.Hosting.Diagnostics[2]
      Request finished HTTP/2 POST http://ilpp/UnityILPP.PostProcessing/PostProcessAssembly - 200 - application/grpc 25.2949ms
info: Microsoft.AspNetCore.Hosting.Diagnostics[1]
      Request starting HTTP/2 POST http://ilpp/UnityILPP.PostProcessing/PostProcessAssembly - application/grpc -
info: Microsoft.AspNetCore.Routing.EndpointMiddleware[0]
      Executing endpoint 'gRPC - /UnityILPP.PostProcessing/PostProcessAssembly'
info: Microsoft.AspNetCore.Hosting.Diagnostics[1]
      Request starting HTTP/2 POST http://ilpp/UnityILPP.PostProcessing/PostProcessAssembly - application/grpc -
info: Microsoft.AspNetCore.Routing.EndpointMiddleware[0]
      Executing endpoint 'gRPC - /UnityILPP.PostProcessing/PostProcessAssembly'
info: Microsoft.AspNetCore.Hosting.Diagnostics[1]
      Request starting HTTP/2 POST http://ilpp/UnityILPP.PostProcessing/PostProcessAssembly - application/grpc -
info: Microsoft.AspNetCore.Routing.EndpointMiddleware[0]
      Executing endpoint 'gRPC - /UnityILPP.PostProcessing/PostProcessAssembly'
info: Unity.ILPP.Runner.PostProcessingPipeline[0]
      Processing assembly Library/Bee/artifacts/2000b0aE.dag/Unity.PathTracing.Runtime.dll, with 118 defines and 290 references
info: Unity.ILPP.Runner.PostProcessingPipeline[0]
      Processing assembly Library/Bee/artifacts/2000b0aE.dag/Unity.SurfaceCache.Runtime.dll, with 117 defines and 290 references
info: Unity.ILPP.Runner.PostProcessingPipeline[0]
      Processing assembly Library/Bee/artifacts/2000b0aE.dag/Unity.InternalAPIEngineBridge.004.dll, with 117 defines and 286 references
info: Unity.ILPP.Runner.PostProcessingPipeline[0]
      processors: Unity.Jobs.CodeGen.JobsILPostProcessor, zzzUnity.Burst.CodeGen.BurstILPostProcessor
info: Unity.ILPP.Runner.PostProcessingPipeline[0]
      processors: Unity.Jobs.CodeGen.JobsILPostProcessor, zzzUnity.Burst.CodeGen.BurstILPostProcessor
info: Unity.ILPP.Runner.PostProcessingPipeline[0]
      processors: Unity.Jobs.CodeGen.JobsILPostProcessor, zzzUnity.Burst.CodeGen.BurstILPostProcessor
info: Microsoft.AspNetCore.Hosting.Diagnostics[1]
      Request starting HTTP/2 POST http://ilpp/UnityILPP.PostProcessing/PostProcessAssembly - application/grpc -
info: Microsoft.AspNetCore.Routing.EndpointMiddleware[0]
      Executing endpoint 'gRPC - /UnityILPP.PostProcessing/PostProcessAssembly'
info: Unity.ILPP.Runner.PostProcessingPipeline[0]
      Processing assembly Library/Bee/artifacts/2000b0aE.dag/Unity.RenderPipelines.Universal.Shaders.dll, with 117 defines and 286 references
info: Unity.ILPP.Runner.PostProcessingPipeline[0]
      processors: Unity.Jobs.CodeGen.JobsILPostProcessor, zzzUnity.Burst.CodeGen.BurstILPostProcessor
info: Unity.ILPP.Runner.PostProcessingPipeline[0]
      running Unity.Jobs.CodeGen.JobsILPostProcessor
info: Unity.ILPP.Runner.PostProcessingPipeline[0]
      running zzzUnity.Burst.CodeGen.BurstILPostProcessor
info: Unity.ILPP.Runner.PostProcessingPipeline[0]
      running Unity.Jobs.CodeGen.JobsILPostProcessor
info: Unity.ILPP.Runner.PostProcessingPipeline[0]
      running Unity.Jobs.CodeGen.JobsILPostProcessor
info: Unity.ILPP.Runner.PostProcessingPipeline[0]
      running zzzUnity.Burst.CodeGen.BurstILPostProcessor
info: Unity.ILPP.Runner.PostProcessingPipeline[0]
      running zzzUnity.Burst.CodeGen.BurstILPostProcessor
info: Unity.ILPP.Runner.PostProcessingPipeline[0]
      running Unity.Jobs.CodeGen.JobsILPostProcessor
info: Microsoft.AspNetCore.Routing.EndpointMiddleware[1]
      Executed endpoint 'gRPC - /UnityILPP.PostProcessing/PostProcessAssembly'
info: Microsoft.AspNetCore.Hosting.Diagnostics[2]
      Request finished HTTP/2 POST http://ilpp/UnityILPP.PostProcessing/PostProcessAssembly - 200 - application/grpc 47.8584ms
info: Microsoft.AspNetCore.Routing.EndpointMiddleware[1]
      Executed endpoint 'gRPC - /UnityILPP.PostProcessing/PostProcessAssembly'
info: Microsoft.AspNetCore.Hosting.Diagnostics[2]
      Request finished HTTP/2 POST http://ilpp/UnityILPP.PostProcessing/PostProcessAssembly - 200 - application/grpc 68.4241ms
info: Microsoft.AspNetCore.Routing.EndpointMiddleware[1]
      Executed endpoint 'gRPC - /UnityILPP.PostProcessing/PostProcessAssembly'
info: Microsoft.AspNetCore.Hosting.Diagnostics[2]
      Request finished HTTP/2 POST http://ilpp/UnityILPP.PostProcessing/PostProcessAssembly - 200 - application/grpc 85.5865ms
info: Microsoft.AspNetCore.Hosting.Diagnostics[1]
      Request starting HTTP/2 POST http://ilpp/UnityILPP.PostProcessing/PostProcessAssembly - application/grpc -
info: Microsoft.AspNetCore.Routing.EndpointMiddleware[0]
      Executing endpoint 'gRPC - /UnityILPP.PostProcessing/PostProcessAssembly'
info: Unity.ILPP.Runner.PostProcessingPipeline[0]
      Processing assembly Library/Bee/artifacts/2000b0aE.dag/Unity.RenderPipelines.Universal.2D.Runtime.dll, with 119 defines and 291 references
info: Unity.ILPP.Runner.PostProcessingPipeline[0]
      processors: Unity.Jobs.CodeGen.JobsILPostProcessor, zzzUnity.Burst.CodeGen.BurstILPostProcessor
info: Unity.ILPP.Runner.PostProcessingPipeline[0]
      running Unity.Jobs.CodeGen.JobsILPostProcessor
info: Unity.ILPP.Runner.PostProcessingPipeline[0]
      running zzzUnity.Burst.CodeGen.BurstILPostProcessor
info: Microsoft.AspNetCore.Hosting.Diagnostics[1]
      Request starting HTTP/2 POST http://ilpp/UnityILPP.PostProcessing/PostProcessAssembly - application/grpc -
info: Microsoft.AspNetCore.Routing.EndpointMiddleware[0]
      Executing endpoint 'gRPC - /UnityILPP.PostProcessing/PostProcessAssembly'
info: Microsoft.AspNetCore.Hosting.Diagnostics[1]
      Request starting HTTP/2 POST http://ilpp/UnityILPP.PostProcessing/PostProcessAssembly - application/grpc -
info: Microsoft.AspNetCore.Routing.EndpointMiddleware[0]
      Executing endpoint 'gRPC - /UnityILPP.PostProcessing/PostProcessAssembly'
info: Unity.ILPP.Runner.PostProcessingPipeline[0]
      Processing assembly Library/Bee/artifacts/2000b0aE.dag/Unity.RenderPipelines.Core.Runtime.Shared.dll, with 117 defines and 289 references
info: Unity.ILPP.Runner.PostProcessingPipeline[0]
      processors: Unity.Jobs.CodeGen.JobsILPostProcessor, zzzUnity.Burst.CodeGen.BurstILPostProcessor
info: Unity.ILPP.Runner.PostProcessingPipeline[0]
      Processing assembly Library/Bee/artifacts/2000b0aE.dag/Unity.RenderPipelines.Universal.Runtime.dll, with 122 defines and 296 references
info: Unity.ILPP.Runner.PostProcessingPipeline[0]
      processors: Unity.Jobs.CodeGen.JobsILPostProcessor, zzzUnity.Burst.CodeGen.BurstILPostProcessor
info: Microsoft.AspNetCore.Hosting.Diagnostics[1]
      Request starting HTTP/2 POST http://ilpp/UnityILPP.PostProcessing/PostProcessAssembly - application/grpc -
info: Microsoft.AspNetCore.Routing.EndpointMiddleware[0]
      Executing endpoint 'gRPC - /UnityILPP.PostProcessing/PostProcessAssembly'
info: Unity.ILPP.Runner.PostProcessingPipeline[0]
      running Unity.Jobs.CodeGen.JobsILPostProcessor
info: Unity.ILPP.Runner.PostProcessingPipeline[0]
      running Unity.Jobs.CodeGen.JobsILPostProcessor
info: Unity.ILPP.Runner.PostProcessingPipeline[0]
      running zzzUnity.Burst.CodeGen.BurstILPostProcessor
info: Unity.ILPP.Runner.PostProcessingAssemblyLoadContext[0]
      Resolved UnityEditor.CoreModule, Version=0.0.0.0, Culture=neutral, PublicKeyToken=null with D:\Program Files\Editor\6000.5.7f1\Editor\Data\Managed\UnityEngine\UnityEditor.CoreModule.dll
info: Unity.ILPP.Runner.PostProcessingAssemblyLoadContext[0]
      Resolved Unity.Burst.Cecil.Rocks, Version=0.11.6.0, Culture=neutral, PublicKeyToken=50cebf1cceb9d05e with Library\PackageCache\com.unity.burst@2f3d916873ea\Unity.Burst.CodeGen\Unity.Burst.Cecil.Rocks.dll
info: Microsoft.AspNetCore.Routing.EndpointMiddleware[1]
      Executed endpoint 'gRPC - /UnityILPP.PostProcessing/PostProcessAssembly'
info: Microsoft.AspNetCore.Hosting.Diagnostics[2]
      Request finished HTTP/2 POST http://ilpp/UnityILPP.PostProcessing/PostProcessAssembly - 200 - application/grpc 2454.9636ms
info: Unity.ILPP.Runner.PostProcessingPipeline[0]
      Processing assembly Library/Bee/artifacts/2000b0aE.dag/Unity.RenderPipelines.Core.Runtime.dll, with 120 defines and 289 references
info: Unity.ILPP.Runner.PostProcessingPipeline[0]
      processors: Unity.Jobs.CodeGen.JobsILPostProcessor, zzzUnity.Burst.CodeGen.BurstILPostProcessor
info: Microsoft.AspNetCore.Hosting.Diagnostics[1]
      Request starting HTTP/2 POST http://ilpp/UnityILPP.PostProcessing/PostProcessAssembly - application/grpc -
info: Microsoft.AspNetCore.Routing.EndpointMiddleware[0]
      Executing endpoint 'gRPC - /UnityILPP.PostProcessing/PostProcessAssembly'
info: Unity.ILPP.Runner.PostProcessingPipeline[0]
      Processing assembly Library/Bee/artifacts/2000b0aE.dag/Unity.Postprocessing.Runtime.dll, with 119 defines and 286 references
info: Unity.ILPP.Runner.PostProcessingPipeline[0]
      processors: Unity.Jobs.CodeGen.JobsILPostProcessor, zzzUnity.Burst.CodeGen.BurstILPostProcessor
info: Unity.ILPP.Runner.PostProcessingAssemblyLoadContext[0]
      Resolved UnityEngine.CoreModule, Version=0.0.0.0, Culture=neutral, PublicKeyToken=null with D:\Program Files\Editor\6000.5.7f1\Editor\Data\Managed\UnityEngine\UnityEngine.CoreModule.dll
info: Unity.ILPP.Runner.PostProcessingAssemblyLoadContext[0]
      Resolved Unity.Scripting, Version=0.0.0.0, Culture=neutral, PublicKeyToken=null with D:\Program Files\Editor\6000.5.7f1\Editor\Data\Managed\UnityEngine\Unity.Scripting.dll
info: Unity.ILPP.Runner.PostProcessingPipeline[0]
      running zzzUnity.Burst.CodeGen.BurstILPostProcessor
info: Microsoft.AspNetCore.Routing.EndpointMiddleware[1]
      Executed endpoint 'gRPC - /UnityILPP.PostProcessing/PostProcessAssembly'
info: Microsoft.AspNetCore.Hosting.Diagnostics[2]
      Request finished HTTP/2 POST http://ilpp/UnityILPP.PostProcessing/PostProcessAssembly - 200 - application/grpc 2882.7761ms
info: Unity.ILPP.Runner.PostProcessingPipeline[0]
      running Unity.Jobs.CodeGen.JobsILPostProcessor
info: Unity.ILPP.Runner.PostProcessingPipeline[0]
      running Unity.Jobs.CodeGen.JobsILPostProcessor
info: Unity.ILPP.Runner.PostProcessingPipeline[0]
      running zzzUnity.Burst.CodeGen.BurstILPostProcessor
info: Microsoft.AspNetCore.Routing.EndpointMiddleware[1]
      Executed endpoint 'gRPC - /UnityILPP.PostProcessing/PostProcessAssembly'
info: Microsoft.AspNetCore.Hosting.Diagnostics[2]
      Request finished HTTP/2 POST http://ilpp/UnityILPP.PostProcessing/PostProcessAssembly - 200 - application/grpc 464.0738ms
info: Microsoft.AspNetCore.Hosting.Diagnostics[1]
      Request starting HTTP/2 POST http://ilpp/UnityILPP.PostProcessing/PostProcessAssembly - application/grpc -
info: Microsoft.AspNetCore.Routing.EndpointMiddleware[0]
      Executing endpoint 'gRPC - /UnityILPP.PostProcessing/PostProcessAssembly'
info: Unity.ILPP.Runner.PostProcessingPipeline[0]
      Processing assembly Library/Bee/artifacts/2000b0aE.dag/endel.nativewebsocket.dll, with 117 defines and 286 references
info: Unity.ILPP.Runner.PostProcessingPipeline[0]
      processors: Unity.Jobs.CodeGen.JobsILPostProcessor, zzzUnity.Burst.CodeGen.BurstILPostProcessor
info: Unity.ILPP.Runner.PostProcessingPipeline[0]
      running Unity.Jobs.CodeGen.JobsILPostProcessor
info: Unity.ILPP.Runner.PostProcessingPipeline[0]
      running zzzUnity.Burst.CodeGen.BurstILPostProcessor
info: Microsoft.AspNetCore.Routing.EndpointMiddleware[1]
      Executed endpoint 'gRPC - /UnityILPP.PostProcessing/PostProcessAssembly'
info: Microsoft.AspNetCore.Hosting.Diagnostics[2]
      Request finished HTTP/2 POST http://ilpp/UnityILPP.PostProcessing/PostProcessAssembly - 200 - application/grpc 33.9975ms
info: Unity.ILPP.Runner.PostProcessingAssemblyLoadContext[0]
      Resolved Mono.Cecil.Rocks, Version=0.11.5.0, Culture=neutral, PublicKeyToken=50cebf1cceb9d05e with Library\PackageCache\com.unity.nuget.mono-cecil@ecb9724e46ff\Mono.Cecil.Rocks.dll
info: Microsoft.AspNetCore.Routing.EndpointMiddleware[1]
      Executed endpoint 'gRPC - /UnityILPP.PostProcessing/PostProcessAssembly'
info: Microsoft.AspNetCore.Hosting.Diagnostics[2]
      Request finished HTTP/2 POST http://ilpp/UnityILPP.PostProcessing/PostProcessAssembly - 200 - application/grpc 3326.4426ms
info: Microsoft.AspNetCore.Routing.EndpointMiddleware[1]
      Executed endpoint 'gRPC - /UnityILPP.PostProcessing/PostProcessAssembly'
info: Microsoft.AspNetCore.Hosting.Diagnostics[2]
      Request finished HTTP/2 POST http://ilpp/UnityILPP.PostProcessing/PostProcessAssembly - 200 - application/grpc 4312.8125ms
info: Microsoft.AspNetCore.Hosting.Diagnostics[1]
      Request starting HTTP/2 POST http://ilpp/UnityILPP.PostProcessing/PostProcessAssembly - application/grpc -
info: Microsoft.AspNetCore.Routing.EndpointMiddleware[0]
      Executing endpoint 'gRPC - /UnityILPP.PostProcessing/PostProcessAssembly'
info: Unity.ILPP.Runner.PostProcessingPipeline[0]
      Processing assembly Library/Bee/artifacts/2000b0aE.dag/UnityEditor.UI.Analytics.dll, with 115 defines and 301 references
info: Unity.ILPP.Runner.PostProcessingPipeline[0]
      processors: Unity.Jobs.CodeGen.JobsILPostProcessor, zzzUnity.Burst.CodeGen.BurstILPostProcessor
info: Microsoft.AspNetCore.Hosting.Diagnostics[1]
      Request starting HTTP/2 POST http://ilpp/UnityILPP.PostProcessing/PostProcessAssembly - application/grpc -
info: Microsoft.AspNetCore.Routing.EndpointMiddleware[0]
      Executing endpoint 'gRPC - /UnityILPP.PostProcessing/PostProcessAssembly'
info: Unity.ILPP.Runner.PostProcessingPipeline[0]
      Processing assembly Library/Bee/artifacts/2000b0aE.dag/Unity.Collections.Editor.dll, with 116 defines and 301 references
info: Unity.ILPP.Runner.PostProcessingPipeline[0]
      processors: Unity.Jobs.CodeGen.JobsILPostProcessor, zzzUnity.Burst.CodeGen.BurstILPostProcessor
info: Unity.ILPP.Runner.PostProcessingPipeline[0]
      running Unity.Jobs.CodeGen.JobsILPostProcessor
info: Unity.ILPP.Runner.PostProcessingPipeline[0]
      running zzzUnity.Burst.CodeGen.BurstILPostProcessor
info: Microsoft.AspNetCore.Routing.EndpointMiddleware[1]
      Executed endpoint 'gRPC - /UnityILPP.PostProcessing/PostProcessAssembly'
info: Microsoft.AspNetCore.Hosting.Diagnostics[2]
      Request finished HTTP/2 POST http://ilpp/UnityILPP.PostProcessing/PostProcessAssembly - 200 - application/grpc 52.8889ms
info: Unity.ILPP.Runner.PostProcessingPipeline[0]
      running Unity.Jobs.CodeGen.JobsILPostProcessor
info: Unity.ILPP.Runner.PostProcessingPipeline[0]
      running zzzUnity.Burst.CodeGen.BurstILPostProcessor
info: Unity.ILPP.Runner.PostProcessingPipeline[0]
      running zzzUnity.Burst.CodeGen.BurstILPostProcessor
info: Microsoft.AspNetCore.Routing.EndpointMiddleware[1]
      Executed endpoint 'gRPC - /UnityILPP.PostProcessing/PostProcessAssembly'
info: Microsoft.AspNetCore.Hosting.Diagnostics[2]
      Request finished HTTP/2 POST http://ilpp/UnityILPP.PostProcessing/PostProcessAssembly - 200 - application/grpc 639.6717ms
info: Microsoft.AspNetCore.Hosting.Diagnostics[1]
      Request starting HTTP/2 POST http://ilpp/UnityILPP.PostProcessing/PostProcessAssembly - application/grpc -
info: Microsoft.AspNetCore.Routing.EndpointMiddleware[0]
      Executing endpoint 'gRPC - /UnityILPP.PostProcessing/PostProcessAssembly'
info: Unity.ILPP.Runner.PostProcessingPipeline[0]
      Processing assembly Library/Bee/artifacts/2000b0aE.dag/Unity.Postprocessing.Editor.dll, with 116 defines and 301 references
info: Unity.ILPP.Runner.PostProcessingPipeline[0]
      processors: Unity.Jobs.CodeGen.JobsILPostProcessor, zzzUnity.Burst.CodeGen.BurstILPostProcessor
info: Unity.ILPP.Runner.PostProcessingPipeline[0]
      running Unity.Jobs.CodeGen.JobsILPostProcessor
info: Unity.ILPP.Runner.PostProcessingPipeline[0]
      running zzzUnity.Burst.CodeGen.BurstILPostProcessor
info: Microsoft.AspNetCore.Routing.EndpointMiddleware[1]
      Executed endpoint 'gRPC - /UnityILPP.PostProcessing/PostProcessAssembly'
info: Microsoft.AspNetCore.Hosting.Diagnostics[2]
      Request finished HTTP/2 POST http://ilpp/UnityILPP.PostProcessing/PostProcessAssembly - 200 - application/grpc 39.3448ms
info: Microsoft.AspNetCore.Routing.EndpointMiddleware[1]
      Executed endpoint 'gRPC - /UnityILPP.PostProcessing/PostProcessAssembly'
info: Microsoft.AspNetCore.Hosting.Diagnostics[2]
      Request finished HTTP/2 POST http://ilpp/UnityILPP.PostProcessing/PostProcessAssembly - 200 - application/grpc 4231.3751ms
info: Microsoft.AspNetCore.Hosting.Diagnostics[1]
      Request starting HTTP/2 POST http://ilpp/UnityILPP.PostProcessing/PostProcessAssembly - application/grpc -
info: Microsoft.AspNetCore.Routing.EndpointMiddleware[0]
      Executing endpoint 'gRPC - /UnityILPP.PostProcessing/PostProcessAssembly'
info: Unity.ILPP.Runner.PostProcessingPipeline[0]
      Processing assembly Library/Bee/artifacts/2000b0aE.dag/Unity.Burst.Editor.dll, with 115 defines and 301 references
info: Unity.ILPP.Runner.PostProcessingPipeline[0]
      processors: Unity.Jobs.CodeGen.JobsILPostProcessor, zzzUnity.Burst.CodeGen.BurstILPostProcessor
info: Unity.ILPP.Runner.PostProcessingPipeline[0]
      running Unity.Jobs.CodeGen.JobsILPostProcessor
info: Unity.ILPP.Runner.PostProcessingPipeline[0]
      running zzzUnity.Burst.CodeGen.BurstILPostProcessor
info: Unity.ILPP.Runner.PostProcessingPipeline[0]
      running zzzUnity.Burst.CodeGen.BurstILPostProcessor
info: Unity.ILPP.Runner.PostProcessingPipeline[0]
      running zzzUnity.Burst.CodeGen.BurstILPostProcessor
info: Unity.ILPP.Runner.PostProcessingPipeline[0]
      running zzzUnity.Burst.CodeGen.BurstILPostProcessor
info: Microsoft.AspNetCore.Hosting.Diagnostics[1]
      Request starting HTTP/2 POST http://ilpp/UnityILPP.PostProcessing/PostProcessAssembly - application/grpc -
info: Microsoft.AspNetCore.Routing.EndpointMiddleware[0]
      Executing endpoint 'gRPC - /UnityILPP.PostProcessing/PostProcessAssembly'
info: Unity.ILPP.Runner.PostProcessingPipeline[0]
      Processing assembly Library/Bee/artifacts/2000b0aE.dag/Unity.RenderPipelines.Core.Editor.dll, with 118 defines and 309 references
info: Unity.ILPP.Runner.PostProcessingPipeline[0]
      processors: Unity.Jobs.CodeGen.JobsILPostProcessor, zzzUnity.Burst.CodeGen.BurstILPostProcessor
info: Unity.ILPP.Runner.PostProcessingPipeline[0]
      running zzzUnity.Burst.CodeGen.BurstILPostProcessor
info: Unity.ILPP.Runner.PostProcessingPipeline[0]
      running Unity.Jobs.CodeGen.JobsILPostProcessor
info: Microsoft.AspNetCore.Routing.EndpointMiddleware[1]
      Executed endpoint 'gRPC - /UnityILPP.PostProcessing/PostProcessAssembly'
info: Microsoft.AspNetCore.Hosting.Diagnostics[2]
      Request finished HTTP/2 POST http://ilpp/UnityILPP.PostProcessing/PostProcessAssembly - 200 - application/grpc 4934.7460ms
info: Microsoft.AspNetCore.Hosting.Diagnostics[1]
      Request starting HTTP/2 POST http://ilpp/UnityILPP.PostProcessing/PostProcessAssembly - application/grpc -
info: Microsoft.AspNetCore.Routing.EndpointMiddleware[0]
      Executing endpoint 'gRPC - /UnityILPP.PostProcessing/PostProcessAssembly'
info: Unity.ILPP.Runner.PostProcessingPipeline[0]
      Processing assembly Library/Bee/artifacts/2000b0aE.dag/Unity.Searcher.Editor.dll, with 115 defines and 300 references
info: Unity.ILPP.Runner.PostProcessingPipeline[0]
      processors: Unity.Jobs.CodeGen.JobsILPostProcessor, zzzUnity.Burst.CodeGen.BurstILPostProcessor
info: Microsoft.AspNetCore.Hosting.Diagnostics[1]
      Request starting HTTP/2 POST http://ilpp/UnityILPP.PostProcessing/PostProcessAssembly - application/grpc -
info: Microsoft.AspNetCore.Routing.EndpointMiddleware[0]
      Executing endpoint 'gRPC - /UnityILPP.PostProcessing/PostProcessAssembly'
info: Unity.ILPP.Runner.PostProcessingPipeline[0]
      Processing assembly Library/Bee/artifacts/2000b0aE.dag/Unity.RenderPipelines.Core.Editor.Shared.dll, with 115 defines and 307 references
info: Unity.ILPP.Runner.PostProcessingPipeline[0]
      processors: Unity.Jobs.CodeGen.JobsILPostProcessor, zzzUnity.Burst.CodeGen.BurstILPostProcessor
info: Unity.ILPP.Runner.PostProcessingPipeline[0]
      running Unity.Jobs.CodeGen.JobsILPostProcessor
info: Unity.ILPP.Runner.PostProcessingPipeline[0]
      running zzzUnity.Burst.CodeGen.BurstILPostProcessor
info: Unity.ILPP.Runner.PostProcessingPipeline[0]
      running Unity.Jobs.CodeGen.JobsILPostProcessor
info: Unity.ILPP.Runner.PostProcessingPipeline[0]
      running zzzUnity.Burst.CodeGen.BurstILPostProcessor
info: Microsoft.AspNetCore.Routing.EndpointMiddleware[1]
      Executed endpoint 'gRPC - /UnityILPP.PostProcessing/PostProcessAssembly'
info: Microsoft.AspNetCore.Hosting.Diagnostics[2]
      Request finished HTTP/2 POST http://ilpp/UnityILPP.PostProcessing/PostProcessAssembly - 200 - application/grpc 513.0861ms
info: Microsoft.AspNetCore.Hosting.Diagnostics[1]
      Request starting HTTP/2 POST http://ilpp/UnityILPP.PostProcessing/PostProcessAssembly - application/grpc -
info: Microsoft.AspNetCore.Routing.EndpointMiddleware[0]
      Executing endpoint 'gRPC - /UnityILPP.PostProcessing/PostProcessAssembly'
info: Microsoft.AspNetCore.Routing.EndpointMiddleware[1]
      Executed endpoint 'gRPC - /UnityILPP.PostProcessing/PostProcessAssembly'
info: Microsoft.AspNetCore.Hosting.Diagnostics[2]
      Request finished HTTP/2 POST http://ilpp/UnityILPP.PostProcessing/PostProcessAssembly - 200 - application/grpc 6031.8483ms
info: Microsoft.AspNetCore.Routing.EndpointMiddleware[1]
      Executed endpoint 'gRPC - /UnityILPP.PostProcessing/PostProcessAssembly'
info: Microsoft.AspNetCore.Hosting.Diagnostics[2]
      Request finished HTTP/2 POST http://ilpp/UnityILPP.PostProcessing/PostProcessAssembly - 200 - application/grpc 157.6977ms
info: Unity.ILPP.Runner.PostProcessingPipeline[0]
      Processing assembly Library/Bee/artifacts/2000b0aE.dag/Unity.PerformanceTesting.Editor.dll, with 116 defines and 297 references
info: Unity.ILPP.Runner.PostProcessingPipeline[0]
      processors: Unity.Jobs.CodeGen.JobsILPostProcessor, zzzUnity.Burst.CodeGen.BurstILPostProcessor
info: Microsoft.AspNetCore.Routing.EndpointMiddleware[1]
      Executed endpoint 'gRPC - /UnityILPP.PostProcessing/PostProcessAssembly'
info: Microsoft.AspNetCore.Hosting.Diagnostics[2]
      Request finished HTTP/2 POST http://ilpp/UnityILPP.PostProcessing/PostProcessAssembly - 200 - application/grpc 450.4550ms
info: Unity.ILPP.Runner.PostProcessingPipeline[0]
      running Unity.Jobs.CodeGen.JobsILPostProcessor
info: Unity.ILPP.Runner.PostProcessingPipeline[0]
      running zzzUnity.Burst.CodeGen.BurstILPostProcessor
info: Microsoft.AspNetCore.Hosting.Diagnostics[1]
      Request starting HTTP/2 POST http://ilpp/UnityILPP.PostProcessing/PostProcessAssembly - application/grpc -
info: Microsoft.AspNetCore.Routing.EndpointMiddleware[0]
      Executing endpoint 'gRPC - /UnityILPP.PostProcessing/PostProcessAssembly'
info: Microsoft.AspNetCore.Routing.EndpointMiddleware[1]
      Executed endpoint 'gRPC - /UnityILPP.PostProcessing/PostProcessAssembly'
info: Microsoft.AspNetCore.Hosting.Diagnostics[2]
      Request finished HTTP/2 POST http://ilpp/UnityILPP.PostProcessing/PostProcessAssembly - 200 - application/grpc 366.4808ms
info: Microsoft.AspNetCore.Hosting.Diagnostics[1]
      Request starting HTTP/2 POST http://ilpp/UnityILPP.PostProcessing/PostProcessAssembly - application/grpc -
info: Microsoft.AspNetCore.Routing.EndpointMiddleware[0]
      Executing endpoint 'gRPC - /UnityILPP.PostProcessing/PostProcessAssembly'
info: Unity.ILPP.Runner.PostProcessingPipeline[0]
      Processing assembly Library/Bee/artifacts/2000b0aE.dag/Unity.InternalAPIEditorBridge.ShaderGraph.Editor.dll, with 115 defines and 300 references
info: Unity.ILPP.Runner.PostProcessingPipeline[0]
      processors: Unity.Jobs.CodeGen.JobsILPostProcessor, zzzUnity.Burst.CodeGen.BurstILPostProcessor
info: Unity.ILPP.Runner.PostProcessingPipeline[0]
      Processing assembly Library/Bee/artifacts/2000b0aE.dag/Unity.InternalAPIEngineBridge.RenderPipelines.Core.Editor.dll, with 115 defines and 300 references
info: Unity.ILPP.Runner.PostProcessingPipeline[0]
      processors: Unity.Jobs.CodeGen.JobsILPostProcessor, zzzUnity.Burst.CodeGen.BurstILPostProcessor
info: Unity.ILPP.Runner.PostProcessingPipeline[0]
      running Unity.Jobs.CodeGen.JobsILPostProcessor
info: Unity.ILPP.Runner.PostProcessingPipeline[0]
      running zzzUnity.Burst.CodeGen.BurstILPostProcessor
info: Microsoft.AspNetCore.Routing.EndpointMiddleware[1]
      Executed endpoint 'gRPC - /UnityILPP.PostProcessing/PostProcessAssembly'
info: Microsoft.AspNetCore.Hosting.Diagnostics[2]
      Request finished HTTP/2 POST http://ilpp/UnityILPP.PostProcessing/PostProcessAssembly - 200 - application/grpc 466.9143ms
info: Microsoft.AspNetCore.Hosting.Diagnostics[1]
      Request starting HTTP/2 POST http://ilpp/UnityILPP.PostProcessing/PostProcessAssembly - application/grpc -
info: Microsoft.AspNetCore.Routing.EndpointMiddleware[0]
      Executing endpoint 'gRPC - /UnityILPP.PostProcessing/PostProcessAssembly'
info: Microsoft.AspNetCore.Hosting.Diagnostics[1]
      Request starting HTTP/2 POST http://ilpp/UnityILPP.PostProcessing/PostProcessAssembly - application/grpc -
info: Microsoft.AspNetCore.Routing.EndpointMiddleware[0]
      Executing endpoint 'gRPC - /UnityILPP.PostProcessing/PostProcessAssembly'
info: Unity.ILPP.Runner.PostProcessingPipeline[0]
      running Unity.Jobs.CodeGen.JobsILPostProcessor
info: Unity.ILPP.Runner.PostProcessingPipeline[0]
      running zzzUnity.Burst.CodeGen.BurstILPostProcessor
info: Microsoft.AspNetCore.Routing.EndpointMiddleware[1]
      Executed endpoint 'gRPC - /UnityILPP.PostProcessing/PostProcessAssembly'
info: Microsoft.AspNetCore.Hosting.Diagnostics[2]
      Request finished HTTP/2 POST http://ilpp/UnityILPP.PostProcessing/PostProcessAssembly - 200 - application/grpc 669.0094ms
info: Unity.ILPP.Runner.PostProcessingPipeline[0]
      Processing assembly Library/Bee/artifacts/2000b0aE.dag/Unity.PathTracing.Editor.dll, with 116 defines and 304 references
info: Unity.ILPP.Runner.PostProcessingPipeline[0]
      processors: Unity.Jobs.CodeGen.JobsILPostProcessor, zzzUnity.Burst.CodeGen.BurstILPostProcessor
info: Microsoft.AspNetCore.Hosting.Diagnostics[1]
      Request starting HTTP/2 POST http://ilpp/UnityILPP.PostProcessing/PostProcessAssembly - application/grpc -
info: Microsoft.AspNetCore.Routing.EndpointMiddleware[0]
      Executing endpoint 'gRPC - /UnityILPP.PostProcessing/PostProcessAssembly'
info: Microsoft.AspNetCore.Hosting.Diagnostics[1]
      Request starting HTTP/2 POST http://ilpp/UnityILPP.PostProcessing/PostProcessAssembly - application/grpc -
info: Microsoft.AspNetCore.Routing.EndpointMiddleware[0]
      Executing endpoint 'gRPC - /UnityILPP.PostProcessing/PostProcessAssembly'
info: Unity.ILPP.Runner.PostProcessingPipeline[0]
      Processing assembly Library/Bee/artifacts/2000b0aE.dag/Unity.RenderPipelines.Universal.Editor.dll, with 118 defines and 315 references
info: Unity.ILPP.Runner.PostProcessingPipeline[0]
      processors: Unity.Jobs.CodeGen.JobsILPostProcessor, zzzUnity.Burst.CodeGen.BurstILPostProcessor
info: Unity.ILPP.Runner.PostProcessingPipeline[0]
      Processing assembly Library/Bee/artifacts/2000b0aE.dag/Unity.TextMeshPro.Editor.dll, with 115 defines and 302 references
info: Unity.ILPP.Runner.PostProcessingPipeline[0]
      processors: Unity.Jobs.CodeGen.JobsILPostProcessor, zzzUnity.Burst.CodeGen.BurstILPostProcessor
info: Microsoft.AspNetCore.Hosting.Diagnostics[1]
      Request starting HTTP/2 POST http://ilpp/UnityILPP.PostProcessing/PostProcessAssembly - application/grpc -
info: Microsoft.AspNetCore.Routing.EndpointMiddleware[0]
      Executing endpoint 'gRPC - /UnityILPP.PostProcessing/PostProcessAssembly'
info: Unity.ILPP.Runner.PostProcessingPipeline[0]
      Processing assembly Library/Bee/artifacts/2000b0aE.dag/Unity.RenderPipelines.Universal.2D.Editor.Overrides.dll, with 116 defines and 311 references
info: Unity.ILPP.Runner.PostProcessingPipeline[0]
      processors: Unity.Jobs.CodeGen.JobsILPostProcessor, zzzUnity.Burst.CodeGen.BurstILPostProcessor
info: Unity.ILPP.Runner.PostProcessingPipeline[0]
      Processing assembly Library/Bee/artifacts/2000b0aE.dag/Unity.Rendering.LightTransport.Editor.dll, with 115 defines and 300 references
info: Unity.ILPP.Runner.PostProcessingPipeline[0]
      processors: Unity.Jobs.CodeGen.JobsILPostProcessor, zzzUnity.Burst.CodeGen.BurstILPostProcessor
info: Unity.ILPP.Runner.PostProcessingPipeline[0]
      running Unity.Jobs.CodeGen.JobsILPostProcessor
info: Unity.ILPP.Runner.PostProcessingPipeline[0]
      running Unity.Jobs.CodeGen.JobsILPostProcessor
info: Unity.ILPP.Runner.PostProcessingPipeline[0]
      running zzzUnity.Burst.CodeGen.BurstILPostProcessor
info: Unity.ILPP.Runner.PostProcessingPipeline[0]
      running zzzUnity.Burst.CodeGen.BurstILPostProcessor
info: Unity.ILPP.Runner.PostProcessingPipeline[0]
      running Unity.Jobs.CodeGen.JobsILPostProcessor
info: Unity.ILPP.Runner.PostProcessingPipeline[0]
      running zzzUnity.Burst.CodeGen.BurstILPostProcessor
info: Unity.ILPP.Runner.PostProcessingPipeline[0]
      running Unity.Jobs.CodeGen.JobsILPostProcessor
info: Unity.ILPP.Runner.PostProcessingPipeline[0]
      running zzzUnity.Burst.CodeGen.BurstILPostProcessor
info: Unity.ILPP.Runner.PostProcessingPipeline[0]
      running Unity.Jobs.CodeGen.JobsILPostProcessor
info: Unity.ILPP.Runner.PostProcessingPipeline[0]
      running zzzUnity.Burst.CodeGen.BurstILPostProcessor
info: Microsoft.AspNetCore.Routing.EndpointMiddleware[1]
      Executed endpoint 'gRPC - /UnityILPP.PostProcessing/PostProcessAssembly'
info: Microsoft.AspNetCore.Hosting.Diagnostics[2]
      Request finished HTTP/2 POST http://ilpp/UnityILPP.PostProcessing/PostProcessAssembly - 200 - application/grpc 257.7798ms
info: Microsoft.AspNetCore.Routing.EndpointMiddleware[1]
      Executed endpoint 'gRPC - /UnityILPP.PostProcessing/PostProcessAssembly'
info: Microsoft.AspNetCore.Hosting.Diagnostics[2]
      Request finished HTTP/2 POST http://ilpp/UnityILPP.PostProcessing/PostProcessAssembly - 200 - application/grpc 209.4175ms
info: Microsoft.AspNetCore.Routing.EndpointMiddleware[1]
      Executed endpoint 'gRPC - /UnityILPP.PostProcessing/PostProcessAssembly'
info: Microsoft.AspNetCore.Hosting.Diagnostics[2]
      Request finished HTTP/2 POST http://ilpp/UnityILPP.PostProcessing/PostProcessAssembly - 200 - application/grpc 456.5202ms
info: Microsoft.AspNetCore.Routing.EndpointMiddleware[1]
      Executed endpoint 'gRPC - /UnityILPP.PostProcessing/PostProcessAssembly'
info: Microsoft.AspNetCore.Hosting.Diagnostics[2]
      Request finished HTTP/2 POST http://ilpp/UnityILPP.PostProcessing/PostProcessAssembly - 200 - application/grpc 259.7766ms
info: Microsoft.AspNetCore.Routing.EndpointMiddleware[1]
      Executed endpoint 'gRPC - /UnityILPP.PostProcessing/PostProcessAssembly'
info: Microsoft.AspNetCore.Hosting.Diagnostics[2]
      Request finished HTTP/2 POST http://ilpp/UnityILPP.PostProcessing/PostProcessAssembly - 200 - application/grpc 296.8585ms
info: Microsoft.AspNetCore.Hosting.Diagnostics[1]
      Request starting HTTP/2 POST http://ilpp/UnityILPP.PostProcessing/PostProcessAssembly - application/grpc -
info: Microsoft.AspNetCore.Routing.EndpointMiddleware[0]
      Executing endpoint 'gRPC - /UnityILPP.PostProcessing/PostProcessAssembly'
info: Unity.ILPP.Runner.PostProcessingPipeline[0]
      Processing assembly Library/Bee/artifacts/2000b0aE.dag/Unity.ShaderGraph.Utilities.dll, with 115 defines and 300 references
info: Unity.ILPP.Runner.PostProcessingPipeline[0]
      processors: Unity.Jobs.CodeGen.JobsILPostProcessor, zzzUnity.Burst.CodeGen.BurstILPostProcessor
info: Microsoft.AspNetCore.Hosting.Diagnostics[1]
      Request starting HTTP/2 POST http://ilpp/UnityILPP.PostProcessing/PostProcessAssembly - application/grpc -
info: Microsoft.AspNetCore.Routing.EndpointMiddleware[0]
      Executing endpoint 'gRPC - /UnityILPP.PostProcessing/PostProcessAssembly'
info: Unity.ILPP.Runner.PostProcessingPipeline[0]
      running Unity.Jobs.CodeGen.JobsILPostProcessor
info: Unity.ILPP.Runner.PostProcessingPipeline[0]
      running zzzUnity.Burst.CodeGen.BurstILPostProcessor
info: Microsoft.AspNetCore.Routing.EndpointMiddleware[1]
      Executed endpoint 'gRPC - /UnityILPP.PostProcessing/PostProcessAssembly'
info: Microsoft.AspNetCore.Hosting.Diagnostics[2]
      Request finished HTTP/2 POST http://ilpp/UnityILPP.PostProcessing/PostProcessAssembly - 200 - application/grpc 154.1632ms
info: Unity.ILPP.Runner.PostProcessingPipeline[0]
      Processing assembly Library/Bee/artifacts/2000b0aE.dag/UnityEditor.UI.dll, with 118 defines and 299 references
info: Unity.ILPP.Runner.PostProcessingPipeline[0]
      processors: Unity.Jobs.CodeGen.JobsILPostProcessor, zzzUnity.Burst.CodeGen.BurstILPostProcessor
info: Microsoft.AspNetCore.Hosting.Diagnostics[1]
      Request starting HTTP/2 POST http://ilpp/UnityILPP.PostProcessing/PostProcessAssembly - application/grpc -
info: Microsoft.AspNetCore.Routing.EndpointMiddleware[0]
      Executing endpoint 'gRPC - /UnityILPP.PostProcessing/PostProcessAssembly'
info: Unity.ILPP.Runner.PostProcessingPipeline[0]
      Processing assembly Library/Bee/artifacts/2000b0aE.dag/Unity.ShaderGraph.Editor.dll, with 115 defines and 305 references
info: Unity.ILPP.Runner.PostProcessingPipeline[0]
      processors: Unity.Jobs.CodeGen.JobsILPostProcessor, zzzUnity.Burst.CodeGen.BurstILPostProcessor
info: Unity.ILPP.Runner.PostProcessingPipeline[0]
      running Unity.Jobs.CodeGen.JobsILPostProcessor
info: Microsoft.AspNetCore.Hosting.Diagnostics[1]
      Request starting HTTP/2 POST http://ilpp/UnityILPP.PostProcessing/PostProcessAssembly - application/grpc -
info: Microsoft.AspNetCore.Routing.EndpointMiddleware[0]
      Executing endpoint 'gRPC - /UnityILPP.PostProcessing/PostProcessAssembly'
info: Unity.ILPP.Runner.PostProcessingPipeline[0]
      running zzzUnity.Burst.CodeGen.BurstILPostProcessor
info: Unity.ILPP.Runner.PostProcessingPipeline[0]
      Processing assembly Library/Bee/artifacts/2000b0aE.dag/Unity.Multiplayer.Center.Editor.dll, with 115 defines and 301 references
info: Unity.ILPP.Runner.PostProcessingPipeline[0]
      processors: Unity.Jobs.CodeGen.JobsILPostProcessor, zzzUnity.Burst.CodeGen.BurstILPostProcessor
info: Unity.ILPP.Runner.PostProcessingPipeline[0]
      running Unity.Jobs.CodeGen.JobsILPostProcessor
info: Unity.ILPP.Runner.PostProcessingPipeline[0]
      running zzzUnity.Burst.CodeGen.BurstILPostProcessor
info: Unity.ILPP.Runner.PostProcessingPipeline[0]
      running Unity.Jobs.CodeGen.JobsILPostProcessor
info: Unity.ILPP.Runner.PostProcessingPipeline[0]
      running zzzUnity.Burst.CodeGen.BurstILPostProcessor
info: Microsoft.AspNetCore.Routing.EndpointMiddleware[1]
      Executed endpoint 'gRPC - /UnityILPP.PostProcessing/PostProcessAssembly'
info: Microsoft.AspNetCore.Hosting.Diagnostics[2]
      Request finished HTTP/2 POST http://ilpp/UnityILPP.PostProcessing/PostProcessAssembly - 200 - application/grpc 7859.8470ms
info: Microsoft.AspNetCore.Routing.EndpointMiddleware[1]
      Executed endpoint 'gRPC - /UnityILPP.PostProcessing/PostProcessAssembly'
info: Microsoft.AspNetCore.Hosting.Diagnostics[2]
      Request finished HTTP/2 POST http://ilpp/UnityILPP.PostProcessing/PostProcessAssembly - 200 - application/grpc 227.0671ms
info: Microsoft.AspNetCore.Routing.EndpointMiddleware[1]
      Executed endpoint 'gRPC - /UnityILPP.PostProcessing/PostProcessAssembly'
info: Microsoft.AspNetCore.Hosting.Diagnostics[2]
      Request finished HTTP/2 POST http://ilpp/UnityILPP.PostProcessing/PostProcessAssembly - 200 - application/grpc 295.0701ms
info: Microsoft.AspNetCore.Routing.EndpointMiddleware[1]
      Executed endpoint 'gRPC - /UnityILPP.PostProcessing/PostProcessAssembly'
info: Microsoft.AspNetCore.Hosting.Diagnostics[2]
      Request finished HTTP/2 POST http://ilpp/UnityILPP.PostProcessing/PostProcessAssembly - 200 - application/grpc 212.6648ms
info: Unity.ILPP.Runner.PostProcessingPipeline[0]
      running zzzUnity.Burst.CodeGen.BurstILPostProcessor
info: Microsoft.AspNetCore.Routing.EndpointMiddleware[1]
      Executed endpoint 'gRPC - /UnityILPP.PostProcessing/PostProcessAssembly'
info: Microsoft.AspNetCore.Hosting.Diagnostics[2]
      Request finished HTTP/2 POST http://ilpp/UnityILPP.PostProcessing/PostProcessAssembly - 200 - application/grpc 7690.1440ms
info: Microsoft.AspNetCore.Routing.EndpointMiddleware[1]
      Executed endpoint 'gRPC - /UnityILPP.PostProcessing/PostProcessAssembly'
info: Microsoft.AspNetCore.Hosting.Diagnostics[2]
      Request finished HTTP/2 POST http://ilpp/UnityILPP.PostProcessing/PostProcessAssembly - 200 - application/grpc 2364.2135ms
info: Microsoft.AspNetCore.Hosting.Diagnostics[1]
      Request starting HTTP/2 POST http://ilpp/UnityILPP.PostProcessing/PostProcessAssembly - application/grpc -
info: Microsoft.AspNetCore.Routing.EndpointMiddleware[0]
      Executing endpoint 'gRPC - /UnityILPP.PostProcessing/PostProcessAssembly'
info: Unity.ILPP.Runner.PostProcessingPipeline[0]
      Processing assembly Library/Bee/artifacts/2000b0aE.dag/ithappy.Creative_Characters_FREE.dll, with 117 defines and 286 references
info: Unity.ILPP.Runner.PostProcessingPipeline[0]
      processors: Unity.Jobs.CodeGen.JobsILPostProcessor, zzzUnity.Burst.CodeGen.BurstILPostProcessor
info: Unity.ILPP.Runner.PostProcessingPipeline[0]
      running Unity.Jobs.CodeGen.JobsILPostProcessor
info: Unity.ILPP.Runner.PostProcessingPipeline[0]
      running zzzUnity.Burst.CodeGen.BurstILPostProcessor
info: Microsoft.AspNetCore.Routing.EndpointMiddleware[1]
      Executed endpoint 'gRPC - /UnityILPP.PostProcessing/PostProcessAssembly'
info: Microsoft.AspNetCore.Hosting.Diagnostics[2]
      Request finished HTTP/2 POST http://ilpp/UnityILPP.PostProcessing/PostProcessAssembly - 200 - application/grpc 4.2774ms
info: Microsoft.AspNetCore.Hosting.Diagnostics[1]
      Request starting HTTP/2 POST http://ilpp/UnityILPP.PostProcessing/PostProcessAssembly - application/grpc -
info: Microsoft.AspNetCore.Routing.EndpointMiddleware[0]
      Executing endpoint 'gRPC - /UnityILPP.PostProcessing/PostProcessAssembly'
info: Unity.ILPP.Runner.PostProcessingPipeline[0]
      Processing assembly Library/Bee/artifacts/2000b0aE.dag/QuizBattle.Runtime.dll, with 117 defines and 290 references
info: Unity.ILPP.Runner.PostProcessingPipeline[0]
      processors: Unity.Jobs.CodeGen.JobsILPostProcessor, zzzUnity.Burst.CodeGen.BurstILPostProcessor
info: Unity.ILPP.Runner.PostProcessingPipeline[0]
      running Unity.Jobs.CodeGen.JobsILPostProcessor
info: Unity.ILPP.Runner.PostProcessingPipeline[0]
      running zzzUnity.Burst.CodeGen.BurstILPostProcessor
info: Microsoft.AspNetCore.Routing.EndpointMiddleware[1]
      Executed endpoint 'gRPC - /UnityILPP.PostProcessing/PostProcessAssembly'
info: Microsoft.AspNetCore.Hosting.Diagnostics[2]
      Request finished HTTP/2 POST http://ilpp/UnityILPP.PostProcessing/PostProcessAssembly - 200 - application/grpc 2.6810ms
info: Microsoft.AspNetCore.Hosting.Diagnostics[1]
      Request starting HTTP/2 POST http://ilpp/UnityILPP.PostProcessing/PostProcessAssembly - application/grpc -
info: Microsoft.AspNetCore.Routing.EndpointMiddleware[0]
      Executing endpoint 'gRPC - /UnityILPP.PostProcessing/PostProcessAssembly'
info: Unity.ILPP.Runner.PostProcessingPipeline[0]
      Processing assembly Library/Bee/artifacts/2000b0aE.dag/QuizBattle.Tests.EditMode.dll, with 115 defines and 297 references
info: Unity.ILPP.Runner.PostProcessingPipeline[0]
      processors: Unity.Jobs.CodeGen.JobsILPostProcessor, zzzUnity.Burst.CodeGen.BurstILPostProcessor
info: Unity.ILPP.Runner.PostProcessingPipeline[0]
      running Unity.Jobs.CodeGen.JobsILPostProcessor
info: Unity.ILPP.Runner.PostProcessingPipeline[0]
      running zzzUnity.Burst.CodeGen.BurstILPostProcessor
info: Microsoft.AspNetCore.Routing.EndpointMiddleware[1]
      Executed endpoint 'gRPC - /UnityILPP.PostProcessing/PostProcessAssembly'
info: Microsoft.AspNetCore.Hosting.Diagnostics[2]
      Request finished HTTP/2 POST http://ilpp/UnityILPP.PostProcessing/PostProcessAssembly - 200 - application/grpc 3.3587ms
info: Microsoft.AspNetCore.Hosting.Diagnostics[1]
      Request starting HTTP/2 POST http://ilpp/UnityILPP.PostProcessing/PostProcessAssembly - application/grpc -
info: Microsoft.AspNetCore.Routing.EndpointMiddleware[0]
      Executing endpoint 'gRPC - /UnityILPP.PostProcessing/PostProcessAssembly'
info: Unity.ILPP.Runner.PostProcessingPipeline[0]
      Processing assembly Library/Bee/artifacts/2000b0aE.dag/ithappy.Creative_Characters_FREE.Editor.dll, with 115 defines and 301 references
info: Unity.ILPP.Runner.PostProcessingPipeline[0]
      processors: Unity.Jobs.CodeGen.JobsILPostProcessor, zzzUnity.Burst.CodeGen.BurstILPostProcessor
info: Unity.ILPP.Runner.PostProcessingPipeline[0]
      running Unity.Jobs.CodeGen.JobsILPostProcessor
info: Unity.ILPP.Runner.PostProcessingPipeline[0]
      running zzzUnity.Burst.CodeGen.BurstILPostProcessor
info: Microsoft.AspNetCore.Routing.EndpointMiddleware[1]
      Executed endpoint 'gRPC - /UnityILPP.PostProcessing/PostProcessAssembly'
info: Microsoft.AspNetCore.Hosting.Diagnostics[2]
      Request finished HTTP/2 POST http://ilpp/UnityILPP.PostProcessing/PostProcessAssembly - 200 - application/grpc 5.7261ms
info: Microsoft.AspNetCore.Hosting.Diagnostics[1]
      Request starting HTTP/2 POST http://ilpp/UnityILPP.PostProcessing/PostProcessAssembly - application/grpc -
info: Microsoft.AspNetCore.Routing.EndpointMiddleware[0]
      Executing endpoint 'gRPC - /UnityILPP.PostProcessing/PostProcessAssembly'
info: Unity.ILPP.Runner.PostProcessingPipeline[0]
      Processing assembly Library/Bee/artifacts/2000b0aE.dag/Assembly-CSharp-Editor.dll, with 115 defines and 342 references
info: Unity.ILPP.Runner.PostProcessingPipeline[0]
      processors: Unity.Jobs.CodeGen.JobsILPostProcessor, zzzUnity.Burst.CodeGen.BurstILPostProcessor
info: Unity.ILPP.Runner.PostProcessingPipeline[0]
      running Unity.Jobs.CodeGen.JobsILPostProcessor
info: Unity.ILPP.Runner.PostProcessingPipeline[0]
      running zzzUnity.Burst.CodeGen.BurstILPostProcessor
info: Microsoft.AspNetCore.Routing.EndpointMiddleware[1]
      Executed endpoint 'gRPC - /UnityILPP.PostProcessing/PostProcessAssembly'
info: Microsoft.AspNetCore.Hosting.Diagnostics[2]
      Request finished HTTP/2 POST http://ilpp/UnityILPP.PostProcessing/PostProcessAssembly - 200 - application/grpc 30.2618ms
ExitCode: 0 Duration: 23s
[115/721    0s] WriteText Library/Bee/artifacts/2000b0aE.dag/UnityEngine.TestRunner.rsp2
[137/721    0s] WriteText Library/Bee/artifacts/2000b0aE.dag/UnityEngine.TestRunner.UnityAdditionalFile.txt
[160/721    0s] WriteText Library/Bee/artifacts/2000b0aE.dag/UnityEngine.UI.UnityAdditionalFile.txt
[161/721    0s] WriteText Library/Bee/artifacts/2000b0aE.dag/UnityEngine.UI.rsp2
[162/721    0s] WriteText Library/Bee/artifacts/2000b0aE.dag/UnityEngine.TestRunner.dll.mvfrm.rsp
[163/721    0s] WriteText Library/Bee/artifacts/2000b0aE.dag/UnityEditor.TestRunner.UnityAdditionalFile.txt
[164/721    0s] WriteText Library/Bee/artifacts/2000b0aE.dag/UnityEngine.UI.dll.mvfrm.rsp
[165/721    0s] WriteText Library/Bee/artifacts/2000b0aE.dag/UnityEditor.TestRunner.rsp2
[166/721    0s] WriteText Library/Bee/artifacts/2000b0aE.dag/UnityEditor.UI.UnityAdditionalFile.txt
[167/721    0s] WriteText Library/Bee/artifacts/2000b0aE.dag/UnityEngine.TestRunner.rsp
[168/721    0s] WriteText Library/Bee/artifacts/2000b0aE.dag/UnityEditor.UI.dll.mvfrm.rsp
[170/721    0s] WriteText Library/Bee/artifacts/2000b0aE.dag/Unity.Mathematics.UnityAdditionalFile.txt
[171/721    0s] WriteText Library/Bee/artifacts/2000b0aE.dag/Unity.Mathematics.rsp2
[172/721    0s] WriteText Library/Bee/artifacts/2000b0aE.dag/Unity.Mathematics.dll.mvfrm.rsp
[173/721    0s] WriteText Library/Bee/artifacts/2000b0aE.dag/Unity.Burst.rsp
[174/721    0s] WriteText Library/Bee/artifacts/2000b0aE.dag/UnityEditor.UI.rsp2
[175/721    0s] WriteText Library/Bee/artifacts/2000b0aE.dag/UnityEditor.TestRunner.dll.mvfrm.rsp
[176/721    0s] WriteText Library/Bee/artifacts/2000b0aE.dag/UnityEngine.UI.rsp
[177/721    0s] WriteText Library/Bee/artifacts/2000b0aE.dag/Unity.Collections.UnityAdditionalFile.txt
[178/721    0s] WriteText Library/Bee/artifacts/2000b0aE.dag/Unity.Burst.rsp2
[179/721    0s] WriteText Library/Bee/artifacts/2000b0aE.dag/Unity.Collections.rsp2
[180/721    0s] WriteText Library/Bee/artifacts/2000b0aE.dag/Unity.Burst.UnityAdditionalFile.txt
[181/721    0s] WriteText Library/Bee/artifacts/2000b0aE.dag/UnityEditor.UI.rsp
[182/721    0s] WriteText Library/Bee/artifacts/2000b0aE.dag/UnityEditor.TestRunner.rsp
[183/721    0s] WriteText Library/Bee/artifacts/2000b0aE.dag/Unity.Burst.dll.mvfrm.rsp
[184/721    0s] WriteText Library/Bee/artifacts/2000b0aE.dag/Unity.RenderPipelines.Core.Runtime.rsp2
[185/721    0s] WriteText Library/Bee/artifacts/2000b0aE.dag/Unity.Mathematics.rsp
[186/721    0s] WriteText Library/Bee/artifacts/2000b0aE.dag/Unity.Collections.dll.mvfrm.rsp
[187/721    0s] WriteText Library/Bee/artifacts/2000b0aE.dag/Unity.RenderPipelines.Core.Runtime.UnityAdditionalFile.txt
[188/721    0s] WriteText Library/Bee/artifacts/2000b0aE.dag/Unity.Collections.rsp
[189/721    0s] WriteText Library/Bee/artifacts/2000b0aE.dag/Unity.RenderPipelines.Core.Runtime.dll.mvfrm.rsp
[190/721    0s] WriteText Library/Bee/artifacts/2000b0aE.dag/Unity.UnifiedRayTracing.Runtime.rsp2
[191/721    0s] WriteText Library/Bee/artifacts/2000b0aE.dag/Unity.Collections.CodeGen.UnityAdditionalFile.txt
[192/721    0s] WriteText Library/Bee/artifacts/2000b0aE.dag/Unity.UnifiedRayTracing.Runtime.rsp
[193/721    0s] WriteText Library/Bee/artifacts/2000b0aE.dag/Unity.UnifiedRayTracing.Runtime.dll.mvfrm.rsp
[194/721    0s] WriteText Library/Bee/artifacts/2000b0aE.dag/Unity.RenderPipelines.Core.Runtime.rsp
[200/721    0s] WriteText Library/Bee/artifacts/2000b0aE.dag/Unity.UnifiedRayTracing.Runtime.UnityAdditionalFile.txt
[201/721    0s] WriteText Library/Bee/artifacts/2000b0aE.dag/Unity.PathTracing.Runtime.UnityAdditionalFile.txt
[202/721    0s] WriteText Library/Bee/artifacts/2000b0aE.dag/Unity.Collections.CodeGen.rsp2
[203/721    0s] WriteText Library/Bee/artifacts/2000b0aE.dag/Unity.PathTracing.Runtime.rsp2
[204/721    0s] WriteText Library/Bee/artifacts/2000b0aE.dag/Unity.Collections.CodeGen.dll.mvfrm.rsp
[205/721    0s] WriteText Library/Bee/artifacts/2000b0aE.dag/Unity.Burst.CodeGen.UnityAdditionalFile.txt
[206/721    0s] WriteText Library/Bee/artifacts/2000b0aE.dag/Unity.PathTracing.Runtime.dll.mvfrm.rsp
[207/721    0s] WriteText Library/Bee/artifacts/2000b0aE.dag/Unity.InternalAPIEngineBridge.RenderPipelines.Core.Runtime.Shared.rsp2
[208/721    0s] WriteText Library/Bee/artifacts/2000b0aE.dag/Unity.RenderPipelines.GPUDriven.Runtime.UnityAdditionalFile.txt
[209/721    0s] WriteText Library/Bee/artifacts/2000b0aE.dag/Unity.Burst.CodeGen.dll.mvfrm.rsp
[210/721    0s] WriteText Library/Bee/artifacts/2000b0aE.dag/Unity.RenderPipelines.GPUDriven.Runtime.rsp2
[211/721    0s] WriteText Library/Bee/artifacts/2000b0aE.dag/Unity.InternalAPIEngineBridge.RenderPipelines.Core.Runtime.Shared.UnityAdditionalFile.txt
[212/721    0s] WriteText Library/Bee/artifacts/2000b0aE.dag/Unity.Burst.CodeGen.rsp2
[213/721    0s] WriteText Library/Bee/artifacts/2000b0aE.dag/Unity.InternalAPIEngineBridge.RenderPipelines.Core.Runtime.Shared.dll.mvfrm.rsp
[214/721    0s] WriteText Library/Bee/artifacts/2000b0aE.dag/Unity.Burst.CodeGen.rsp
[215/721    0s] WriteText Library/Bee/artifacts/2000b0aE.dag/Unity.PathTracing.Runtime.rsp
[216/721    0s] WriteText Library/Bee/artifacts/2000b0aE.dag/Unity.RenderPipelines.Core.Runtime.Shared.rsp2
[217/721    0s] WriteText Library/Bee/artifacts/2000b0aE.dag/Unity.InternalAPIEngineBridge.RenderPipelines.Core.Runtime.Shared.rsp
[218/721    0s] WriteText Library/Bee/artifacts/2000b0aE.dag/Unity.RenderPipeline.Universal.ShaderLibrary.rsp2
[219/721    0s] WriteText Library/Bee/artifacts/2000b0aE.dag/Unity.InternalAPIEngineBridge.RenderPipelines.Core.Editor.rsp2
[220/721    0s] WriteText Library/Bee/artifacts/2000b0aE.dag/Unity.RenderPipelines.Core.Runtime.Shared.UnityAdditionalFile.txt
[221/721    0s] WriteText Library/Bee/artifacts/2000b0aE.dag/Unity.Collections.CodeGen.rsp
[222/721    0s] WriteText Library/Bee/artifacts/2000b0aE.dag/Unity.RenderPipeline.Universal.ShaderLibrary.UnityAdditionalFile.txt
[223/721    0s] WriteText Library/Bee/artifacts/2000b0aE.dag/Unity.SurfaceCache.Runtime.UnityAdditionalFile.txt
[224/721    0s] WriteText Library/Bee/artifacts/2000b0aE.dag/Unity.RenderPipelines.GPUDriven.Runtime.dll.mvfrm.rsp
[225/721    0s] WriteText Library/Bee/artifacts/2000b0aE.dag/Unity.SurfaceCache.Runtime.rsp2
[226/721    0s] WriteText Library/Bee/artifacts/2000b0aE.dag/Unity.RenderPipelines.Universal.Config.Runtime.UnityAdditionalFile.txt
[227/721    0s] WriteText Library/Bee/artifacts/2000b0aE.dag/Unity.PathTracing.Editor.UnityAdditionalFile.txt
[228/721    0s] WriteText Library/Bee/artifacts/2000b0aE.dag/Unity.PathTracing.Editor.rsp2
[229/721    0s] WriteText Library/Bee/artifacts/2000b0aE.dag/Unity.RenderPipelines.Universal.Config.Runtime.rsp2
[230/721    0s] WriteText Library/Bee/artifacts/2000b0aE.dag/Unity.RenderPipeline.Universal.ShaderLibrary.dll.mvfrm.rsp
[231/721    0s] WriteText Library/Bee/artifacts/2000b0aE.dag/Unity.InternalAPIEngineBridge.RenderPipelines.Core.Editor.UnityAdditionalFile.txt
[232/721    0s] WriteText Library/Bee/artifacts/2000b0aE.dag/Unity.InternalAPIEngineBridge.RenderPipelines.Core.Editor.dll.mvfrm.rsp
[233/721    0s] WriteText Library/Bee/artifacts/2000b0aE.dag/Unity.RenderPipelines.GPUDriven.Runtime.rsp
[234/721    0s] WriteText Library/Bee/artifacts/2000b0aE.dag/Unity.RenderPipelines.Core.Runtime.Shared.rsp
[235/721    0s] WriteText Library/Bee/artifacts/2000b0aE.dag/Unity.RenderPipelines.Core.Runtime.Shared.dll.mvfrm.rsp
[236/721    0s] WriteText Library/Bee/artifacts/2000b0aE.dag/Unity.InternalAPIEngineBridge.RenderPipelines.Core.Editor.rsp
[237/721    0s] WriteText Library/Bee/artifacts/2000b0aE.dag/Unity.PathTracing.Editor.dll.mvfrm.rsp
[238/721    0s] WriteText Library/Bee/artifacts/2000b0aE.dag/Unity.RenderPipelines.Universal.Config.Runtime.dll.mvfrm.rsp
[239/721    0s] WriteText Library/Bee/artifacts/2000b0aE.dag/Unity.SurfaceCache.Runtime.dll.mvfrm.rsp
[240/721    0s] WriteText Library/Bee/artifacts/2000b0aE.dag/Unity.PathTracing.Editor.rsp
[241/721    0s] WriteText Library/Bee/artifacts/2000b0aE.dag/Unity.RenderPipeline.Universal.ShaderLibrary.rsp
[242/721    0s] WriteText Library/Bee/artifacts/2000b0aE.dag/Unity.RenderPipelines.Universal.Config.Runtime.rsp
[243/721    0s] WriteText Library/Bee/artifacts/2000b0aE.dag/Unity.SurfaceCache.Runtime.rsp
[244/721    0s] WriteText Library/Bee/artifacts/2000b0aE.dag/Unity.InternalAPIEngineBridge.004.UnityAdditionalFile.txt
[245/721    0s] WriteText Library/Bee/artifacts/2000b0aE.dag/Unity.Postprocessing.Runtime.rsp2
[246/721    0s] WriteText Library/Bee/artifacts/2000b0aE.dag/Unity.RenderPipelines.Core.Editor.rsp2
[247/721    0s] WriteText Library/Bee/artifacts/2000b0aE.dag/Unity.InternalAPIEngineBridge.004.rsp2
[248/721    0s] WriteText Library/Bee/artifacts/2000b0aE.dag/Unity.RenderPipelines.Core.Editor.UnityAdditionalFile.txt
[249/721    0s] WriteText Library/Bee/artifacts/2000b0aE.dag/Unity.RenderPipelines.Universal.Runtime.UnityAdditionalFile.txt
[250/721    0s] WriteText Library/Bee/artifacts/2000b0aE.dag/Unity.RenderPipelines.Universal.Runtime.dll.mvfrm.rsp
[251/721    0s] WriteText Library/Bee/artifacts/2000b0aE.dag/Unity.RenderPipelines.Universal.Runtime.rsp2
[252/721    0s] WriteText Library/Bee/artifacts/2000b0aE.dag/Unity.Postprocessing.Runtime.UnityAdditionalFile.txt
[254/721    0s] WriteText Library/Bee/artifacts/2000b0aE.dag/Unity.Searcher.Editor.UnityAdditionalFile.txt
[255/721    0s] WriteText Library/Bee/artifacts/2000b0aE.dag/Unity.RenderPipelines.Core.Editor.dll.mvfrm.rsp
[256/721    0s] WriteText Library/Bee/artifacts/2000b0aE.dag/Unity.InternalAPIEngineBridge.004.dll.mvfrm.rsp
[257/721    0s] WriteText Library/Bee/artifacts/2000b0aE.dag/Unity.InternalAPIEditorBridge.ShaderGraph.Editor.UnityAdditionalFile.txt
[258/721    0s] WriteText Library/Bee/artifacts/2000b0aE.dag/Unity.Searcher.Editor.rsp2
[259/721    0s] WriteText Library/Bee/artifacts/2000b0aE.dag/Unity.InternalAPIEditorBridge.ShaderGraph.Editor.rsp2
[260/721    0s] WriteText Library/Bee/artifacts/2000b0aE.dag/Unity.RenderPipelines.Universal.Runtime.rsp
[261/721    0s] WriteText Library/Bee/artifacts/2000b0aE.dag/Unity.InternalAPIEngineBridge.004.rsp
[262/721    0s] WriteText Library/Bee/artifacts/2000b0aE.dag/Unity.Postprocessing.Runtime.dll.mvfrm.rsp
[263/721    0s] WriteText Library/Bee/artifacts/2000b0aE.dag/Unity.ShaderGraph.Utilities.UnityAdditionalFile.txt
[264/721    0s] WriteText Library/Bee/artifacts/2000b0aE.dag/Unity.RenderPipelines.Core.Editor.rsp
[265/721    0s] WriteText Library/Bee/artifacts/2000b0aE.dag/Unity.ShaderGraph.Utilities.rsp2
[266/721    0s] WriteText Library/Bee/artifacts/2000b0aE.dag/Unity.Postprocessing.Runtime.rsp
[267/721    0s] WriteText Library/Bee/artifacts/2000b0aE.dag/Unity.TextMeshPro.rsp2
[268/721    0s] WriteText Library/Bee/artifacts/2000b0aE.dag/Unity.TextMeshPro.UnityAdditionalFile.txt
[269/721    0s] WriteText Library/Bee/artifacts/2000b0aE.dag/Unity.InternalAPIEditorBridge.ShaderGraph.Editor.dll.mvfrm.rsp
[270/721    0s] WriteText Library/Bee/artifacts/2000b0aE.dag/Unity.InternalAPIEditorBridge.ShaderGraph.Editor.rsp
[271/721    0s] WriteText Library/Bee/artifacts/2000b0aE.dag/Unity.ShaderGraph.Utilities.dll.mvfrm.rsp
[272/721    0s] WriteText Library/Bee/artifacts/2000b0aE.dag/Unity.Searcher.Editor.rsp
[273/721    0s] WriteText Library/Bee/artifacts/2000b0aE.dag/Unity.ShaderGraph.Editor.UnityAdditionalFile.txt
[274/721    0s] WriteText Library/Bee/artifacts/2000b0aE.dag/Unity.Searcher.Editor.dll.mvfrm.rsp
[275/721    0s] WriteText Library/Bee/artifacts/2000b0aE.dag/Unity.Burst.Editor.rsp2
[276/721    0s] WriteText Library/Bee/artifacts/2000b0aE.dag/Unity.Postprocessing.Editor.rsp2
[277/721    0s] WriteText Library/Bee/artifacts/2000b0aE.dag/Unity.Burst.Editor.UnityAdditionalFile.txt
[278/721    0s] WriteText Library/Bee/artifacts/2000b0aE.dag/Unity.ShaderGraph.Utilities.rsp
[279/721    0s] WriteText Library/Bee/artifacts/2000b0aE.dag/Unity.RenderPipelines.Universal.2D.Runtime.rsp2
[280/721    0s] WriteText Library/Bee/artifacts/2000b0aE.dag/Unity.RenderPipelines.Core.Editor.Shared.UnityAdditionalFile.txt
[281/721    0s] WriteText Library/Bee/artifacts/2000b0aE.dag/Unity.ShaderGraph.Editor.rsp2
[282/721    0s] WriteText Library/Bee/artifacts/2000b0aE.dag/Unity.Postprocessing.Editor.UnityAdditionalFile.txt
[283/721    0s] WriteText Library/Bee/artifacts/2000b0aE.dag/Unity.RenderPipelines.Core.Editor.Shared.rsp2
[284/721    0s] WriteText Library/Bee/artifacts/2000b0aE.dag/Unity.RenderPipelines.Universal.2D.Runtime.UnityAdditionalFile.txt
[285/721    0s] WriteText Library/Bee/artifacts/2000b0aE.dag/Unity.Multiplayer.Center.Common.rsp2
[286/721    0s] WriteText Library/Bee/artifacts/2000b0aE.dag/Unity.TextMeshPro.dll.mvfrm.rsp
[287/721    0s] WriteText Library/Bee/artifacts/2000b0aE.dag/Unity.TextMeshPro.rsp
[288/721    0s] WriteText Library/Bee/artifacts/2000b0aE.dag/Unity.ShaderGraph.Editor.dll.mvfrm.rsp
[289/721    0s] WriteText Library/Bee/artifacts/2000b0aE.dag/Unity.Multiplayer.Center.Common.UnityAdditionalFile.txt
[290/721    0s] WriteText Library/Bee/artifacts/2000b0aE.dag/Unity.Burst.Editor.dll.mvfrm.rsp
[291/721    0s] WriteText Library/Bee/artifacts/2000b0aE.dag/Unity.RenderPipelines.Core.Editor.Shared.dll.mvfrm.rsp
[292/721    0s] WriteText Library/Bee/artifacts/2000b0aE.dag/Unity.RenderPipelines.Universal.2D.Runtime.rsp
[293/721    0s] WriteText Library/Bee/artifacts/2000b0aE.dag/Unity.Postprocessing.Editor.rsp
[294/721    0s] WriteText Library/Bee/artifacts/2000b0aE.dag/Unity.Postprocessing.Editor.dll.mvfrm.rsp
[295/721    0s] WriteText Library/Bee/artifacts/2000b0aE.dag/Unity.RenderPipelines.Universal.2D.Runtime.dll.mvfrm.rsp
[296/721    0s] WriteText Library/Bee/artifacts/2000b0aE.dag/Unity.Burst.Editor.rsp
[297/721    0s] WriteText Library/Bee/artifacts/2000b0aE.dag/Unity.ShaderGraph.Editor.rsp
[298/721    0s] WriteText Library/Bee/artifacts/2000b0aE.dag/endel.nativewebsocket.UnityAdditionalFile.txt
[299/721    0s] WriteText Library/Bee/artifacts/2000b0aE.dag/endel.nativewebsocket.dll.mvfrm.rsp
[300/721    0s] WriteText Library/Bee/artifacts/2000b0aE.dag/endel.nativewebsocket.rsp2
[301/721    0s] WriteText Library/Bee/artifacts/2000b0aE.dag/Unity.RenderPipelines.Core.Editor.Shared.rsp
[302/721    0s] WriteText Library/Bee/artifacts/2000b0aE.dag/Unity.Multiplayer.Center.Common.dll.mvfrm.rsp
[303/721    0s] WriteText Library/Bee/artifacts/2000b0aE.dag/QuizBattle.Runtime.rsp2
[304/721    0s] WriteText Library/Bee/artifacts/2000b0aE.dag/QuizBattle.Runtime.UnityAdditionalFile.txt
[305/721    0s] WriteText Library/Bee/artifacts/2000b0aE.dag/Unity.RenderPipelines.Universal.2D.Editor.Overrides.UnityAdditionalFile.txt
[306/721    0s] WriteText Library/Bee/artifacts/2000b0aE.dag/Unity.RenderPipelines.Universal.Editor.rsp2
[307/721    0s] WriteText Library/Bee/artifacts/2000b0aE.dag/ithappy.Creative_Characters_FREE.rsp2
[308/721    0s] WriteText Library/Bee/artifacts/2000b0aE.dag/Unity.Multiplayer.Center.Common.rsp
[309/721    0s] WriteText Library/Bee/artifacts/2000b0aE.dag/Unity.RenderPipelines.Universal.Shaders.UnityAdditionalFile.txt
[310/721    0s] WriteText Library/Bee/artifacts/2000b0aE.dag/Unity.RenderPipelines.Universal.Editor.UnityAdditionalFile.txt
[311/721    0s] WriteText Library/Bee/artifacts/2000b0aE.dag/Unity.RenderPipelines.Universal.2D.Editor.Overrides.rsp2
[312/721    0s] WriteText Library/Bee/artifacts/2000b0aE.dag/Unity.Rendering.LightTransport.Editor.rsp2
[313/721    0s] WriteText Library/Bee/artifacts/2000b0aE.dag/Unity.Rendering.LightTransport.Editor.UnityAdditionalFile.txt
[314/721    0s] WriteText Library/Bee/artifacts/2000b0aE.dag/UnityEditor.UI.Analytics.UnityAdditionalFile.txt
[315/721    0s] WriteText Library/Bee/artifacts/2000b0aE.dag/Unity.TextMeshPro.Editor.rsp2
[316/721    0s] WriteText Library/Bee/artifacts/2000b0aE.dag/Unity.RenderPipelines.Universal.Shaders.rsp2
[317/721    0s] WriteText Library/Bee/artifacts/2000b0aE.dag/ithappy.Creative_Characters_FREE.UnityAdditionalFile.txt
[318/721    0s] WriteText Library/Bee/artifacts/2000b0aE.dag/Unity.PerformanceTesting.rsp2
[319/721    0s] WriteText Library/Bee/artifacts/2000b0aE.dag/Unity.PerformanceTesting.UnityAdditionalFile.txt
[320/721    0s] WriteText Library/Bee/artifacts/2000b0aE.dag/UnityEditor.UI.Analytics.rsp2
[321/721    0s] WriteText Library/Bee/artifacts/2000b0aE.dag/Unity.Multiplayer.Center.Editor.rsp2
[322/721    0s] WriteText Library/Bee/artifacts/2000b0aE.dag/Unity.Collections.Editor.UnityAdditionalFile.txt
[323/721    0s] WriteText Library/Bee/artifacts/2000b0aE.dag/Unity.Collections.Editor.rsp2
[324/721    0s] WriteText Library/Bee/artifacts/2000b0aE.dag/Unity.RenderPipelines.ShaderGraph.ShaderGraphLibrary.UnityAdditionalFile.txt
[325/721    0s] WriteText Library/Bee/artifacts/2000b0aE.dag/Unity.RenderPipelines.Core.ShaderLibrary.UnityAdditionalFile.txt
[326/721    0s] WriteText Library/Bee/artifacts/2000b0aE.dag/Unity.RenderPipelines.ShaderGraph.ShaderGraphLibrary.rsp2
[327/721    0s] WriteText Library/Bee/artifacts/2000b0aE.dag/Unity.TextMeshPro.Editor.UnityAdditionalFile.txt
[328/721    0s] WriteText Library/Bee/artifacts/2000b0aE.dag/Unity.RenderPipelines.Universal.2D.Editor.Overrides.dll.mvfrm.rsp
[329/721    0s] WriteText Library/Bee/artifacts/2000b0aE.dag/Unity.Multiplayer.Center.Editor.UnityAdditionalFile.txt
[330/721    0s] WriteText Library/Bee/artifacts/2000b0aE.dag/Unity.TextMeshPro.Editor.dll.mvfrm.rsp
[331/721    0s] WriteText Library/Bee/artifacts/2000b0aE.dag/Unity.RenderPipelines.ShaderGraph.ShaderGraphLibrary.dll.mvfrm.rsp
[332/721    0s] WriteText Library/Bee/artifacts/2000b0aE.dag/UnityEditor.UI.Analytics.dll.mvfrm.rsp
[333/721    0s] WriteText Library/Bee/artifacts/2000b0aE.dag/Unity.RenderPipelines.Core.ShaderLibrary.dll.mvfrm.rsp
[334/721    0s] WriteText Library/Bee/artifacts/2000b0aE.dag/QuizBattle.Runtime.dll.mvfrm.rsp
[335/721    0s] WriteText Library/Bee/artifacts/2000b0aE.dag/Unity.Multiplayer.Center.Editor.dll.mvfrm.rsp
[336/721    0s] WriteText Library/Bee/artifacts/2000b0aE.dag/Unity.PerformanceTesting.dll.mvfrm.rsp
[337/721    0s] WriteText Library/Bee/artifacts/2000b0aE.dag/endel.nativewebsocket.rsp
[338/721    0s] WriteText Library/Bee/artifacts/2000b0aE.dag/Unity.Collections.Editor.dll.mvfrm.rsp
[339/721    0s] WriteText Library/Bee/artifacts/2000b0aE.dag/ithappy.Creative_Characters_FREE.dll.mvfrm.rsp
[340/721    0s] WriteText Library/Bee/artifacts/2000b0aE.dag/Unity.RenderPipelines.Universal.2D.Editor.Overrides.rsp
[341/721    0s] WriteText Library/Bee/artifacts/2000b0aE.dag/Unity.Rendering.LightTransport.Editor.dll.mvfrm.rsp
[342/721    0s] WriteText Library/Bee/artifacts/2000b0aE.dag/Unity.RenderPipelines.Universal.Shaders.dll.mvfrm.rsp
[343/721    0s] WriteText Library/Bee/artifacts/2000b0aE.dag/Unity.RenderPipelines.Universal.Editor.rsp
[344/721    0s] WriteText Library/Bee/artifacts/2000b0aE.dag/Unity.RenderPipelines.Universal.Editor.dll.mvfrm.rsp
[345/721    0s] WriteText Library/Bee/artifacts/2000b0aE.dag/Unity.RenderPipelines.ShaderGraph.ShaderGraphLibrary.rsp
[346/721    0s] WriteText Library/Bee/artifacts/2000b0aE.dag/Unity.RenderPipelines.Universal.Shaders.rsp
[347/721    0s] WriteText Library/Bee/artifacts/2000b0aE.dag/UnityEditor.UI.Analytics.rsp
[348/721    0s] WriteText Library/Bee/artifacts/2000b0aE.dag/Unity.TextMeshPro.Editor.rsp
[349/721    0s] WriteText Library/Bee/artifacts/2000b0aE.dag/ithappy.Creative_Characters_FREE.rsp
[350/721    0s] WriteText Library/Bee/artifacts/2000b0aE.dag/Unity.PerformanceTesting.rsp
[351/721    0s] WriteText Library/Bee/artifacts/2000b0aE.dag/Unity.Multiplayer.Center.Editor.rsp
[352/721    0s] WriteText Library/Bee/artifacts/2000b0aE.dag/QuizBattle.Runtime.rsp
[353/721    0s] WriteText Library/Bee/artifacts/2000b0aE.dag/QuizBattle.Tests.EditMode.UnityAdditionalFile.txt
[354/721    0s] WriteText Library/Bee/artifacts/2000b0aE.dag/Unity.RenderPipelines.Core.ShaderLibrary.rsp
[355/721    0s] WriteText Library/Bee/artifacts/2000b0aE.dag/ithappy.Creative_Characters_FREE.Editor.dll.mvfrm.rsp
[356/721    0s] WriteText Library/Bee/artifacts/2000b0aE.dag/ithappy.Creative_Characters_FREE.Editor.rsp2
[357/721    0s] WriteText Library/Bee/artifacts/2000b0aE.dag/ithappy.Creative_Characters_FREE.Editor.UnityAdditionalFile.txt
[358/721    0s] WriteText Library/Bee/artifacts/2000b0aE.dag/QuizBattle.Tests.EditMode.rsp
[359/721    0s] WriteText Library/Bee/artifacts/2000b0aE.dag/Assembly-CSharp-Editor.dll.mvfrm.rsp
[360/721    0s] WriteText Library/Bee/artifacts/2000b0aE.dag/Unity.Collections.Editor.rsp
[361/721    0s] WriteText Library/Bee/artifacts/2000b0aE.dag/QuizBattle.Tests.EditMode.rsp2
[362/721    0s] WriteText Library/Bee/artifacts/2000b0aE.dag/QuizBattle.Tests.EditMode.dll.mvfrm.rsp
[363/721    0s] WriteText Library/Bee/artifacts/2000b0aE.dag/Assembly-CSharp-Editor.rsp2
[372/721    0s] WriteText Library/Bee/artifacts/2000b0aE.dag/Unity.PerformanceTesting.Editor.dll.mvfrm.rsp
[374/721    0s] WriteText Library/Bee/artifacts/2000b0aE.dag/Assembly-CSharp-Editor.UnityAdditionalFile.txt
[388/721    0s] WriteText Library/Bee/artifacts/2000b0aE.dag/Unity.PerformanceTesting.Editor.UnityAdditionalFile.txt
[392/721    0s] WriteText Library/Bee/artifacts/2000b0aE.dag/ithappy.Creative_Characters_FREE.Editor.rsp
[404/721    0s] WriteText Library/Bee/artifacts/2000b0aE.dag/Unity.RenderPipelines.Core.ShaderLibrary.rsp2
[407/721    0s] WriteText Library/Bee/artifacts/2000b0aE.dag/Assembly-CSharp-Editor.rsp
[418/721    0s] WriteText Library/Bee/artifacts/2000b0aE.dag/Unity.Rendering.LightTransport.Editor.rsp
[419/721    0s] WriteText Library/Bee/artifacts/2000b0aE.dag/Unity.PerformanceTesting.Editor.rsp
[420/721    0s] WriteText Library/Bee/artifacts/2000b0aE.dag/Unity.PerformanceTesting.Editor.rsp2
[421/721    0s] MovedFromExtractor-Combine Library/Bee/artifacts/2000b0aE.dag/UnityEngine.TestRunner.dll.mvfrm
[422/721    0s] MovedFromExtractor-Combine Library/Bee/artifacts/2000b0aE.dag/UnityEngine.UI.dll.mvfrm
[422/721    0s] Csc Library/Bee/artifacts/2000b0aE.dag/UnityEngine.UI.dll (+2 others) [CacheHit 0acd76d586d52c8557669ea99ef9c72500000000000000000000000000000006]
[423/721    0s] Csc Library/Bee/artifacts/2000b0aE.dag/UnityEngine.UI.dll (+2 others)
[423/721    0s] Csc Library/Bee/artifacts/2000b0aE.dag/UnityEngine.TestRunner.dll (+2 others) [CacheHit 83991247b62737b60bb3c61be6004bd100000000000000000000000000000006]
[425/721    0s] Csc Library/Bee/artifacts/2000b0aE.dag/UnityEngine.TestRunner.dll (+2 others)
[427/721    0s] CopyFiles Library/ScriptAssemblies/UnityEngine.TestRunner.pdb
[430/721    0s] MovedFromExtractor-Combine Library/Bee/artifacts/2000b0aE.dag/UnityEditor.TestRunner.dll.mvfrm
[431/721    0s] CopyFiles Library/ScriptAssemblies/UnityEngine.TestRunner.dll
[429/721    0s] Csc Library/Bee/artifacts/2000b0aE.dag/UnityEditor.TestRunner.dll (+2 others) [CacheHit b65bd8f4f2b3d815c945836a474b0bac00000000000000000000000000000006]
[432/721    0s] Csc Library/Bee/artifacts/2000b0aE.dag/UnityEditor.TestRunner.dll (+2 others)
[434/721    0s] CopyFiles Library/ScriptAssemblies/UnityEditor.TestRunner.pdb
[436/721    0s] MovedFromExtractor-Combine Library/Bee/artifacts/2000b0aE.dag/UnityEditor.UI.dll.mvfrm
[433/721    0s] Csc Library/Bee/artifacts/2000b0aE.dag/UnityEditor.UI.dll (+2 others) [CacheHit 75cfbf876a8fcf2bc2b410afa1b18daa00000000000000000000000000000006]
[437/721    0s] Csc Library/Bee/artifacts/2000b0aE.dag/UnityEditor.UI.dll (+2 others)
[439/721    0s] CopyFiles Library/ScriptAssemblies/UnityEditor.TestRunner.dll
[441/721    0s] MovedFromExtractor-Combine Library/Bee/artifacts/2000b0aE.dag/Unity.RenderPipelines.Universal.Shaders.dll.mvfrm
[442/721    0s] MovedFromExtractor-Combine Library/Bee/artifacts/2000b0aE.dag/Unity.Mathematics.dll.mvfrm
[443/721    0s] MovedFromExtractor-Combine Library/Bee/artifacts/2000b0aE.dag/Unity.Multiplayer.Center.Common.dll.mvfrm
[444/721    0s] MovedFromExtractor-Combine Library/Bee/artifacts/2000b0aE.dag/Unity.InternalAPIEngineBridge.004.dll.mvfrm
[445/721    0s] MovedFromExtractor-Combine Library/Bee/artifacts/2000b0aE.dag/Unity.Burst.dll.mvfrm
[446/721    0s] MovedFromExtractor-Combine Library/Bee/artifacts/2000b0aE.dag/endel.nativewebsocket.dll.mvfrm
[447/721    0s] MovedFromExtractor-Combine Library/Bee/artifacts/2000b0aE.dag/Unity.Postprocessing.Runtime.dll.mvfrm
[448/721    0s] MovedFromExtractor-Combine Library/Bee/artifacts/2000b0aE.dag/Unity.InternalAPIEditorBridge.ShaderGraph.Editor.dll.mvfrm
[449/721    0s] MovedFromExtractor-Combine Library/Bee/artifacts/2000b0aE.dag/Unity.InternalAPIEngineBridge.RenderPipelines.Core.Runtime.Shared.dll.mvfrm
[450/721    0s] MovedFromExtractor-Combine Library/Bee/artifacts/2000b0aE.dag/Unity.Searcher.Editor.dll.mvfrm
[451/721    0s] MovedFromExtractor-Combine Library/Bee/artifacts/2000b0aE.dag/Unity.InternalAPIEngineBridge.RenderPipelines.Core.Editor.dll.mvfrm
[447/721    0s] Csc Library/Bee/artifacts/2000b0aE.dag/Unity.Multiplayer.Center.Common.dll (+2 others) [CacheHit 54768a66b6397e3434ad9c374ccfdfc300000000000000000000000000000006]
[452/721    0s] Csc Library/Bee/artifacts/2000b0aE.dag/Unity.Multiplayer.Center.Common.dll (+2 others)
[448/721    0s] Csc Library/Bee/artifacts/2000b0aE.dag/Unity.Mathematics.dll (+2 others) [CacheHit a890b1765d11bad77db8274bdb464b9400000000000000000000000000000006]
[454/721    0s] Csc Library/Bee/artifacts/2000b0aE.dag/Unity.Mathematics.dll (+2 others)
[449/721    0s] Csc Library/Bee/artifacts/2000b0aE.dag/Unity.InternalAPIEngineBridge.004.dll (+2 others) [CacheHit 18aa78b74ca8e36e184a0063d1d6e96a00000000000000000000000000000006]
[456/721    0s] Csc Library/Bee/artifacts/2000b0aE.dag/Unity.InternalAPIEngineBridge.004.dll (+2 others)
[458/721    0s] MovedFromExtractor-Combine Library/Bee/artifacts/2000b0aE.dag/Unity.ShaderGraph.Utilities.dll.mvfrm
[451/721    0s] Csc Library/Bee/artifacts/2000b0aE.dag/Unity.Burst.dll (+2 others) [CacheHit 093f5e79e755b36ceb4e845ff0c1ef2100000000000000000000000000000006]
[459/721    0s] Csc Library/Bee/artifacts/2000b0aE.dag/Unity.Burst.dll (+2 others)
[452/721    0s] Csc Library/Bee/artifacts/2000b0aE.dag/Unity.InternalAPIEditorBridge.ShaderGraph.Editor.dll (+2 others) [CacheHit 871da05c2857e52c4b91342e5fdfac8200000000000000000000000000000006]
[461/721    0s] Csc Library/Bee/artifacts/2000b0aE.dag/Unity.InternalAPIEditorBridge.ShaderGraph.Editor.dll (+2 others)
[456/721    0s] Csc Library/Bee/artifacts/2000b0aE.dag/Unity.InternalAPIEngineBridge.RenderPipelines.Core.Runtime.Shared.dll (+2 others) [CacheHit 48655293c9428825cbccacc454bace8000000000000000000000000000000006]
[466/721    0s] Csc Library/Bee/artifacts/2000b0aE.dag/Unity.InternalAPIEngineBridge.RenderPipelines.Core.Runtime.Shared.dll (+2 others)
[457/721    0s] Csc Library/Bee/artifacts/2000b0aE.dag/Unity.Postprocessing.Runtime.dll (+2 others) [CacheHit 8b7832f17b639fb61af182dd93991d1400000000000000000000000000000006]
[468/721    0s] Csc Library/Bee/artifacts/2000b0aE.dag/Unity.Postprocessing.Runtime.dll (+2 others)
[458/721    0s] Csc Library/Bee/artifacts/2000b0aE.dag/endel.nativewebsocket.dll (+2 others) [CacheHit ae498da3bc35514e91dca086de3d554000000000000000000000000000000006]
[470/721    0s] Csc Library/Bee/artifacts/2000b0aE.dag/endel.nativewebsocket.dll (+2 others)
[462/721    0s] Csc Library/Bee/artifacts/2000b0aE.dag/Unity.Searcher.Editor.dll (+2 others) [CacheHit 6e9e016b6cb88be790a8afddf9879a6b00000000000000000000000000000006]
[475/721    0s] Csc Library/Bee/artifacts/2000b0aE.dag/Unity.Searcher.Editor.dll (+2 others)
[464/721    0s] Csc Library/Bee/artifacts/2000b0aE.dag/Unity.InternalAPIEngineBridge.RenderPipelines.Core.Editor.dll (+2 others) [CacheHit a899a9b86471fde0a5d19ae2ff2cc97a00000000000000000000000000000006]
[478/721    0s] Csc Library/Bee/artifacts/2000b0aE.dag/Unity.InternalAPIEngineBridge.RenderPipelines.Core.Editor.dll (+2 others)
[466/721    0s] Csc Library/Bee/artifacts/2000b0aE.dag/Unity.ShaderGraph.Utilities.dll (+2 others) [CacheHit daccbabcaf61f6cb167e559443cecf2500000000000000000000000000000006]
[481/721    0s] Csc Library/Bee/artifacts/2000b0aE.dag/Unity.ShaderGraph.Utilities.dll (+2 others)
[485/721    0s] MovedFromExtractor-Combine Library/Bee/artifacts/2000b0aE.dag/Unity.PerformanceTesting.dll.mvfrm
[486/721    0s] MovedFromExtractor-Combine Library/Bee/artifacts/2000b0aE.dag/Unity.RenderPipelines.Core.ShaderLibrary.dll.mvfrm
[471/721    0s] Csc Library/Bee/artifacts/2000b0aE.dag/Unity.RenderPipelines.Universal.Shaders.dll (+2 others) [CacheHit 4ce5248c2124183a8ee45f79150a688f00000000000000000000000000000006]
[487/721    0s] Csc Library/Bee/artifacts/2000b0aE.dag/Unity.RenderPipelines.Universal.Shaders.dll (+2 others)
[489/721    0s] MovedFromExtractor-Combine Library/Bee/artifacts/2000b0aE.dag/Unity.Rendering.LightTransport.Editor.dll.mvfrm
[473/721    0s] Csc Library/Bee/artifacts/2000b0aE.dag/Unity.PerformanceTesting.dll (+2 others) [CacheHit 19e26cb48399ed5c0e284c685696f6af00000000000000000000000000000006]
[490/721    0s] Csc Library/Bee/artifacts/2000b0aE.dag/Unity.PerformanceTesting.dll (+2 others)
[492/721    0s] MovedFromExtractor-Combine Library/Bee/artifacts/2000b0aE.dag/Unity.Multiplayer.Center.Editor.dll.mvfrm
[493/721    0s] MovedFromExtractor-Combine Library/Bee/artifacts/2000b0aE.dag/Unity.RenderPipelines.ShaderGraph.ShaderGraphLibrary.dll.mvfrm
[494/721    0s] MovedFromExtractor-Combine Library/Bee/artifacts/2000b0aE.dag/Unity.Burst.CodeGen.dll.mvfrm
[495/721    0s] MovedFromExtractor-Combine Library/Bee/artifacts/2000b0aE.dag/Unity.Collections.dll.mvfrm
[496/721    0s] MovedFromExtractor-Combine Library/Bee/artifacts/2000b0aE.dag/Unity.TextMeshPro.dll.mvfrm
[497/721    0s] MovedFromExtractor-Combine Library/Bee/artifacts/2000b0aE.dag/Unity.Postprocessing.Editor.dll.mvfrm
[480/721    0s] Csc Library/Bee/artifacts/2000b0aE.dag/Unity.RenderPipelines.Core.ShaderLibrary.dll (+2 others) [CacheHit b2ecc5c8d9d85bc7662e1de139afddcc00000000000000000000000000000006]
[498/721    0s] Csc Library/Bee/artifacts/2000b0aE.dag/Unity.RenderPipelines.Core.ShaderLibrary.dll (+2 others)
[481/721    0s] Csc Library/Bee/artifacts/2000b0aE.dag/Unity.Rendering.LightTransport.Editor.dll (+2 others) [CacheHit 39a3d305a66105d930c04c9f2640af2600000000000000000000000000000006]
[500/721    0s] Csc Library/Bee/artifacts/2000b0aE.dag/Unity.Rendering.LightTransport.Editor.dll (+2 others)
[482/721    0s] Csc Library/Bee/artifacts/2000b0aE.dag/Unity.Multiplayer.Center.Editor.dll (+2 others) [CacheHit 712cfb73dc5a4ffee76c8ba83eaa467300000000000000000000000000000006]
[502/721    0s] Csc Library/Bee/artifacts/2000b0aE.dag/Unity.Multiplayer.Center.Editor.dll (+2 others)
[504/721    0s] MovedFromExtractor-Combine Library/Bee/artifacts/2000b0aE.dag/Unity.Burst.Editor.dll.mvfrm
[505/721    0s] MovedFromExtractor-Combine Library/Bee/artifacts/2000b0aE.dag/ithappy.Creative_Characters_FREE.dll.mvfrm
[487/721    0s] Csc Library/Bee/artifacts/2000b0aE.dag/Unity.RenderPipelines.ShaderGraph.ShaderGraphLibrary.dll (+2 others) [CacheHit 10ecbc2102516b630357bb5c48238bdf00000000000000000000000000000006]
[508/721    0s] Csc Library/Bee/artifacts/2000b0aE.dag/Unity.RenderPipelines.ShaderGraph.ShaderGraphLibrary.dll (+2 others)
[489/721    0s] Csc Library/Bee/artifacts/2000b0aE.dag/Unity.Burst.CodeGen.dll (+2 others) [CacheHit 1676fb7b4daaf9d7eccb4d94b86bbf9400000000000000000000000000000006]
[511/721    0s] Csc Library/Bee/artifacts/2000b0aE.dag/Unity.Burst.CodeGen.dll (+2 others)
[493/721    0s] Csc Library/Bee/artifacts/2000b0aE.dag/Unity.Collections.dll (+2 others) [CacheHit 3216fa699a952e53c0c555ec89902e2700000000000000000000000000000006]
[516/721    0s] Csc Library/Bee/artifacts/2000b0aE.dag/Unity.Collections.dll (+2 others)
[518/721    0s] CopyFiles Library/ScriptAssemblies/Unity.Burst.CodeGen.pdb
[495/721    0s] Csc Library/Bee/artifacts/2000b0aE.dag/Unity.TextMeshPro.dll (+2 others) [CacheHit 84fc1b56674275fa813c8d295e7cf5fa00000000000000000000000000000006]
[519/721    0s] Csc Library/Bee/artifacts/2000b0aE.dag/Unity.TextMeshPro.dll (+2 others)
[496/721    0s] Csc Library/Bee/artifacts/2000b0aE.dag/Unity.Postprocessing.Editor.dll (+2 others) [CacheHit 25b426dbc7a65b93a28f0338a2a6d15300000000000000000000000000000006]
[521/721    0s] Csc Library/Bee/artifacts/2000b0aE.dag/Unity.Postprocessing.Editor.dll (+2 others)
[526/721    0s] MovedFromExtractor-Combine Library/Bee/artifacts/2000b0aE.dag/ithappy.Creative_Characters_FREE.Editor.dll.mvfrm
[527/721    0s] MovedFromExtractor-Combine Library/Bee/artifacts/2000b0aE.dag/QuizBattle.Tests.EditMode.dll.mvfrm
[502/721    0s] Csc Library/Bee/artifacts/2000b0aE.dag/Unity.Burst.Editor.dll (+2 others) [CacheHit 09767fa6a59e7af990f5caed5ff0aaab00000000000000000000000000000006]
[528/721    0s] Csc Library/Bee/artifacts/2000b0aE.dag/Unity.Burst.Editor.dll (+2 others)
[531/721    0s] MovedFromExtractor-Combine Library/Bee/artifacts/2000b0aE.dag/Unity.PerformanceTesting.Editor.dll.mvfrm
[532/721    0s] CopyFiles Library/ScriptAssemblies/Unity.Burst.CodeGen.dll
[533/721    0s] MovedFromExtractor-Combine Library/Bee/artifacts/2000b0aE.dag/Unity.RenderPipelines.Core.Runtime.dll.mvfrm
[534/721    0s] MovedFromExtractor-Combine Library/Bee/artifacts/2000b0aE.dag/Unity.Collections.CodeGen.dll.mvfrm
[535/721    0s] MovedFromExtractor-Combine Library/Bee/artifacts/2000b0aE.dag/Unity.UnifiedRayTracing.Runtime.dll.mvfrm
[536/721    0s] MovedFromExtractor-Combine Library/Bee/artifacts/2000b0aE.dag/Unity.Collections.Editor.dll.mvfrm
[537/721    0s] MovedFromExtractor-Combine Library/Bee/artifacts/2000b0aE.dag/UnityEditor.UI.Analytics.dll.mvfrm
[511/721    0s] Csc Library/Bee/artifacts/2000b0aE.dag/Unity.PerformanceTesting.Editor.dll (+2 others) [CacheHit 8e46ee2f8e425c54c3fffa07467a174f00000000000000000000000000000006]
[538/721    0s] Csc Library/Bee/artifacts/2000b0aE.dag/Unity.PerformanceTesting.Editor.dll (+2 others)
[512/721    0s] Csc Library/Bee/artifacts/2000b0aE.dag/Unity.UnifiedRayTracing.Runtime.dll (+2 others) [CacheHit 80bdbe837828a7e43be6b3688b15a94000000000000000000000000000000006]
[540/721    0s] Csc Library/Bee/artifacts/2000b0aE.dag/Unity.UnifiedRayTracing.Runtime.dll (+2 others)
[513/721    0s] Csc Library/Bee/artifacts/2000b0aE.dag/Unity.Collections.CodeGen.dll (+2 others) [CacheHit 6c1fa4e2c977d38457b7a99c89fc99a700000000000000000000000000000006]
[542/721    0s] Csc Library/Bee/artifacts/2000b0aE.dag/Unity.Collections.CodeGen.dll (+2 others)
[514/721    0s] Csc Library/Bee/artifacts/2000b0aE.dag/Unity.Collections.Editor.dll (+2 others) [CacheHit 5becdb427e1c6451e1f2f907bc90254a00000000000000000000000000000006]
[544/721    0s] Csc Library/Bee/artifacts/2000b0aE.dag/Unity.Collections.Editor.dll (+2 others)
[515/721    0s] Csc Library/Bee/artifacts/2000b0aE.dag/Unity.RenderPipelines.Core.Runtime.dll (+2 others) [CacheHit fc79141e1b10364490c2befbf987106f00000000000000000000000000000006]
[546/721    0s] Csc Library/Bee/artifacts/2000b0aE.dag/Unity.RenderPipelines.Core.Runtime.dll (+2 others)
[548/721    0s] CopyFiles Library/ScriptAssemblies/Unity.Collections.CodeGen.pdb
[517/721    0s] Csc Library/Bee/artifacts/2000b0aE.dag/UnityEditor.UI.Analytics.dll (+2 others) [CacheHit c1da931164a26a3d4eecc3d3e827bba500000000000000000000000000000006]
[549/721    0s] Csc Library/Bee/artifacts/2000b0aE.dag/UnityEditor.UI.Analytics.dll (+2 others)
[555/721    0s] CopyFiles Library/ScriptAssemblies/Unity.Collections.CodeGen.dll
[556/721    0s] MovedFromExtractor-Combine Library/Bee/artifacts/2000b0aE.dag/Unity.RenderPipeline.Universal.ShaderLibrary.dll.mvfrm
[557/721    0s] MovedFromExtractor-Combine Library/Bee/artifacts/2000b0aE.dag/Unity.RenderPipelines.Core.Runtime.Shared.dll.mvfrm
[558/721    0s] MovedFromExtractor-Combine Library/Bee/artifacts/2000b0aE.dag/Unity.RenderPipelines.Universal.Config.Runtime.dll.mvfrm
[559/721    0s] MovedFromExtractor-Combine Library/Bee/artifacts/2000b0aE.dag/Unity.RenderPipelines.GPUDriven.Runtime.dll.mvfrm
[560/721    0s] MovedFromExtractor-Combine Library/Bee/artifacts/2000b0aE.dag/Unity.TextMeshPro.Editor.dll.mvfrm
[561/721    0s] MovedFromExtractor-Combine Library/Bee/artifacts/2000b0aE.dag/Unity.PathTracing.Runtime.dll.mvfrm
[529/721    0s] Csc Library/Bee/artifacts/2000b0aE.dag/Unity.RenderPipelines.Core.Runtime.Shared.dll (+2 others) [CacheHit ccd8873c911f146924cdb36c89ecbc7a00000000000000000000000000000006]
[562/721    0s] Csc Library/Bee/artifacts/2000b0aE.dag/Unity.RenderPipelines.Core.Runtime.Shared.dll (+2 others)
[530/721    0s] Csc Library/Bee/artifacts/2000b0aE.dag/Unity.RenderPipelines.GPUDriven.Runtime.dll (+2 others) [CacheHit 0d1d3b20c207e8e56ad5bd151057a7c200000000000000000000000000000006]
[564/721    0s] Csc Library/Bee/artifacts/2000b0aE.dag/Unity.RenderPipelines.GPUDriven.Runtime.dll (+2 others)
[531/721    0s] Csc Library/Bee/artifacts/2000b0aE.dag/Unity.RenderPipeline.Universal.ShaderLibrary.dll (+2 others) [CacheHit 81c505965a90eaba3983a73eaeeafc4500000000000000000000000000000006]
[566/721    0s] Csc Library/Bee/artifacts/2000b0aE.dag/Unity.RenderPipeline.Universal.ShaderLibrary.dll (+2 others)
[532/721    0s] Csc Library/Bee/artifacts/2000b0aE.dag/Unity.RenderPipelines.Universal.Config.Runtime.dll (+2 others) [CacheHit 6e01ac98f29b77749211c39498740f7900000000000000000000000000000006]
[568/721    0s] Csc Library/Bee/artifacts/2000b0aE.dag/Unity.RenderPipelines.Universal.Config.Runtime.dll (+2 others)
[533/721    0s] Csc Library/Bee/artifacts/2000b0aE.dag/Unity.PathTracing.Runtime.dll (+2 others) [CacheHit 49a409dfcb8902e9075733078918571600000000000000000000000000000006]
[570/721    0s] Csc Library/Bee/artifacts/2000b0aE.dag/Unity.PathTracing.Runtime.dll (+2 others)
[534/721    0s] Csc Library/Bee/artifacts/2000b0aE.dag/Unity.TextMeshPro.Editor.dll (+2 others) [CacheHit ba4734441fee971738b200e8ff36e6cc00000000000000000000000000000006]
[572/721    0s] Csc Library/Bee/artifacts/2000b0aE.dag/Unity.TextMeshPro.Editor.dll (+2 others)
[580/721    0s] MovedFromExtractor-Combine Library/Bee/artifacts/2000b0aE.dag/Unity.SurfaceCache.Runtime.dll.mvfrm
[581/721    0s] MovedFromExtractor-Combine Library/Bee/artifacts/2000b0aE.dag/Unity.PathTracing.Editor.dll.mvfrm
[543/721    0s] Csc Library/Bee/artifacts/2000b0aE.dag/Unity.PathTracing.Editor.dll (+2 others) [CacheHit 1e3da8a616f0cca2a4b56a0a5983b27700000000000000000000000000000006]
[582/721    0s] Csc Library/Bee/artifacts/2000b0aE.dag/Unity.PathTracing.Editor.dll (+2 others)
[544/721    0s] Csc Library/Bee/artifacts/2000b0aE.dag/Unity.SurfaceCache.Runtime.dll (+2 others) [CacheHit dc2e870ae633e4d5e1e73383c9fa5be900000000000000000000000000000006]
[584/721    0s] Csc Library/Bee/artifacts/2000b0aE.dag/Unity.SurfaceCache.Runtime.dll (+2 others)
[588/721    0s] MovedFromExtractor-Combine Library/Bee/artifacts/2000b0aE.dag/Unity.RenderPipelines.Universal.Runtime.dll.mvfrm
[589/721    0s] MovedFromExtractor-Combine Library/Bee/artifacts/2000b0aE.dag/Unity.RenderPipelines.Core.Editor.dll.mvfrm
[549/721    0s] Csc Library/Bee/artifacts/2000b0aE.dag/Unity.RenderPipelines.Universal.Runtime.dll (+2 others) [CacheHit 51a69b05f3994152358bb00572b5b2d700000000000000000000000000000006]
[590/721    0s] Csc Library/Bee/artifacts/2000b0aE.dag/Unity.RenderPipelines.Universal.Runtime.dll (+2 others)
[550/721    0s] Csc Library/Bee/artifacts/2000b0aE.dag/Unity.RenderPipelines.Core.Editor.dll (+2 others) [CacheHit 9124d22d136b2eae52bb657bb9aecb5a00000000000000000000000000000006]
[592/721    0s] Csc Library/Bee/artifacts/2000b0aE.dag/Unity.RenderPipelines.Core.Editor.dll (+2 others)
[596/721    0s] MovedFromExtractor-Combine Library/Bee/artifacts/2000b0aE.dag/QuizBattle.Runtime.dll.mvfrm
[597/721    0s] MovedFromExtractor-Combine Library/Bee/artifacts/2000b0aE.dag/Unity.RenderPipelines.Universal.2D.Runtime.dll.mvfrm
[598/721    0s] MovedFromExtractor-Combine Library/Bee/artifacts/2000b0aE.dag/Unity.ShaderGraph.Editor.dll.mvfrm
[599/721    0s] MovedFromExtractor-Combine Library/Bee/artifacts/2000b0aE.dag/Unity.RenderPipelines.Core.Editor.Shared.dll.mvfrm
[557/721    0s] Csc Library/Bee/artifacts/2000b0aE.dag/Unity.RenderPipelines.Universal.2D.Runtime.dll (+2 others) [CacheHit f1c4ce0cb989b09b6088a12b36029cd700000000000000000000000000000006]
[600/721    0s] Csc Library/Bee/artifacts/2000b0aE.dag/Unity.RenderPipelines.Universal.2D.Runtime.dll (+2 others)
[558/721    0s] Csc Library/Bee/artifacts/2000b0aE.dag/Unity.RenderPipelines.Core.Editor.Shared.dll (+2 others) [CacheHit 9edbf3209afdc244c99cf5055f7f8fab00000000000000000000000000000006]
[602/721    0s] Csc Library/Bee/artifacts/2000b0aE.dag/Unity.RenderPipelines.Core.Editor.Shared.dll (+2 others)
[559/721    0s] Csc Library/Bee/artifacts/2000b0aE.dag/Unity.ShaderGraph.Editor.dll (+2 others) [CacheHit 03c404c1f63c8d59f78dc2b9c7274f7f00000000000000000000000000000006]
[604/721    0s] Csc Library/Bee/artifacts/2000b0aE.dag/Unity.ShaderGraph.Editor.dll (+2 others)
[609/721    0s] ILPP-Configuration Library/ilpp-configuration.nevergeneratedoutput
[610/721    0s] MovedFromExtractor-Combine Library/Bee/artifacts/2000b0aE.dag/Unity.RenderPipelines.Universal.Editor.dll.mvfrm
[611/721    0s] MovedFromExtractor-Combine Library/Bee/artifacts/2000b0aE.dag/Unity.RenderPipelines.Universal.2D.Editor.Overrides.dll.mvfrm
[566/721    0s] Csc Library/Bee/artifacts/2000b0aE.dag/Unity.RenderPipelines.Universal.2D.Editor.Overrides.dll (+2 others) [CacheHit eee00a32c1a23fb9115512ea9c421b0600000000000000000000000000000006]
[612/721    0s] Csc Library/Bee/artifacts/2000b0aE.dag/Unity.RenderPipelines.Universal.2D.Editor.Overrides.dll (+2 others)
[567/721    0s] Csc Library/Bee/artifacts/2000b0aE.dag/Unity.RenderPipelines.Universal.Editor.dll (+2 others) [CacheHit d476e7b5ab5608a90a6a39049fbc27b800000000000000000000000000000006]
[614/721    0s] Csc Library/Bee/artifacts/2000b0aE.dag/Unity.RenderPipelines.Universal.Editor.dll (+2 others)
[618/721    0s] ILPostProcess Library/Bee/artifacts/2000b0aE.dag/post-processed/UnityEngine.UI.dll (+pdb)
Processing assembly Library/Bee/artifacts/2000b0aE.dag/UnityEngine.UI.dll, with 122 defines and 284 references

processors: Unity.Jobs.CodeGen.JobsILPostProcessor, zzzUnity.Burst.CodeGen.BurstILPostProcessor

running Unity.Jobs.CodeGen.JobsILPostProcessor

running zzzUnity.Burst.CodeGen.BurstILPostProcessor
[619/721    0s] ILPostProcess Library/Bee/artifacts/2000b0aE.dag/post-processed/Unity.RenderPipelines.ShaderGraph.ShaderGraphLibrary.dll (+pdb)
Processing assembly Library/Bee/artifacts/2000b0aE.dag/Unity.RenderPipelines.ShaderGraph.ShaderGraphLibrary.dll, with 117 defines and 286 references

processors: Unity.Jobs.CodeGen.JobsILPostProcessor, zzzUnity.Burst.CodeGen.BurstILPostProcessor

running Unity.Jobs.CodeGen.JobsILPostProcessor

running zzzUnity.Burst.CodeGen.BurstILPostProcessor
[620/721    0s] ILPostProcess Library/Bee/artifacts/2000b0aE.dag/post-processed/Unity.Mathematics.dll (+pdb)
Processing assembly Library/Bee/artifacts/2000b0aE.dag/Unity.Mathematics.dll, with 117 defines and 286 references

processors: Unity.Jobs.CodeGen.JobsILPostProcessor, zzzUnity.Burst.CodeGen.BurstILPostProcessor

running Unity.Jobs.CodeGen.JobsILPostProcessor

running zzzUnity.Burst.CodeGen.BurstILPostProcessor
[621/721    0s] MovedFromExtractor-Combine Library/Bee/artifacts/2000b0aE.dag/Assembly-CSharp-Editor.dll.mvfrm
[622/721    0s] ILPostProcess Library/Bee/artifacts/2000b0aE.dag/post-processed/Unity.TextMeshPro.dll (+pdb)
Processing assembly Library/Bee/artifacts/2000b0aE.dag/Unity.TextMeshPro.dll, with 118 defines and 287 references

processors: Unity.Jobs.CodeGen.JobsILPostProcessor, zzzUnity.Burst.CodeGen.BurstILPostProcessor

running Unity.Jobs.CodeGen.JobsILPostProcessor

running zzzUnity.Burst.CodeGen.BurstILPostProcessor
[623/721    0s] ILPostProcess Library/Bee/artifacts/2000b0aE.dag/post-processed/Unity.InternalAPIEngineBridge.RenderPipelines.Core.Runtime.Shared.dll (+pdb)
Processing assembly Library/Bee/artifacts/2000b0aE.dag/Unity.InternalAPIEngineBridge.RenderPipelines.Core.Runtime.Shared.dll, with 117 defines and 286 references

processors: Unity.Jobs.CodeGen.JobsILPostProcessor, zzzUnity.Burst.CodeGen.BurstILPostProcessor

running Unity.Jobs.CodeGen.JobsILPostProcessor

running zzzUnity.Burst.CodeGen.BurstILPostProcessor
[624/721    0s] ILPostProcess Library/Bee/artifacts/2000b0aE.dag/post-processed/Unity.RenderPipelines.Universal.Config.Runtime.dll (+pdb)
Processing assembly Library/Bee/artifacts/2000b0aE.dag/Unity.RenderPipelines.Universal.Config.Runtime.dll, with 117 defines and 287 references

processors: Unity.Jobs.CodeGen.JobsILPostProcessor, zzzUnity.Burst.CodeGen.BurstILPostProcessor

running Unity.Jobs.CodeGen.JobsILPostProcessor

running zzzUnity.Burst.CodeGen.BurstILPostProcessor
[625/721    0s] ILPostProcess Library/Bee/artifacts/2000b0aE.dag/post-processed/Unity.RenderPipeline.Universal.ShaderLibrary.dll (+pdb)
Processing assembly Library/Bee/artifacts/2000b0aE.dag/Unity.RenderPipeline.Universal.ShaderLibrary.dll, with 117 defines and 287 references

processors: Unity.Jobs.CodeGen.JobsILPostProcessor, zzzUnity.Burst.CodeGen.BurstILPostProcessor

running Unity.Jobs.CodeGen.JobsILPostProcessor

running zzzUnity.Burst.CodeGen.BurstILPostProcessor
[626/721    0s] ILPostProcess Library/Bee/artifacts/2000b0aE.dag/post-processed/Unity.RenderPipelines.Core.ShaderLibrary.dll (+pdb)
Processing assembly Library/Bee/artifacts/2000b0aE.dag/Unity.RenderPipelines.Core.ShaderLibrary.dll, with 117 defines and 286 references

processors: Unity.Jobs.CodeGen.JobsILPostProcessor, zzzUnity.Burst.CodeGen.BurstILPostProcessor

running Unity.Jobs.CodeGen.JobsILPostProcessor

running zzzUnity.Burst.CodeGen.BurstILPostProcessor
[627/721    0s] ILPostProcess Library/Bee/artifacts/2000b0aE.dag/post-processed/Unity.Multiplayer.Center.Common.dll (+pdb)
Processing assembly Library/Bee/artifacts/2000b0aE.dag/Unity.Multiplayer.Center.Common.dll, with 117 defines and 286 references

processors: Unity.Jobs.CodeGen.JobsILPostProcessor, zzzUnity.Burst.CodeGen.BurstILPostProcessor

running Unity.Jobs.CodeGen.JobsILPostProcessor

running zzzUnity.Burst.CodeGen.BurstILPostProcessor
[628/721    0s] ILPostProcess Library/Bee/artifacts/2000b0aE.dag/post-processed/Unity.PerformanceTesting.dll (+pdb)
Processing assembly Library/Bee/artifacts/2000b0aE.dag/Unity.PerformanceTesting.dll, with 118 defines and 279 references

processors: Unity.Jobs.CodeGen.JobsILPostProcessor, zzzUnity.Burst.CodeGen.BurstILPostProcessor

running Unity.Jobs.CodeGen.JobsILPostProcessor

running zzzUnity.Burst.CodeGen.BurstILPostProcessor
[629/721    0s] ILPostProcess Library/Bee/artifacts/2000b0aE.dag/post-processed/Unity.InternalAPIEngineBridge.004.dll (+pdb)
Processing assembly Library/Bee/artifacts/2000b0aE.dag/Unity.InternalAPIEngineBridge.004.dll, with 117 defines and 286 references

processors: Unity.Jobs.CodeGen.JobsILPostProcessor, zzzUnity.Burst.CodeGen.BurstILPostProcessor

running Unity.Jobs.CodeGen.JobsILPostProcessor

running zzzUnity.Burst.CodeGen.BurstILPostProcessor
[630/721    0s] ILPostProcess Library/Bee/artifacts/2000b0aE.dag/post-processed/Unity.SurfaceCache.Runtime.dll (+pdb)
Processing assembly Library/Bee/artifacts/2000b0aE.dag/Unity.SurfaceCache.Runtime.dll, with 117 defines and 290 references

processors: Unity.Jobs.CodeGen.JobsILPostProcessor, zzzUnity.Burst.CodeGen.BurstILPostProcessor

running Unity.Jobs.CodeGen.JobsILPostProcessor

running zzzUnity.Burst.CodeGen.BurstILPostProcessor
[631/721    0s] ILPostProcess Library/Bee/artifacts/2000b0aE.dag/post-processed/Unity.RenderPipelines.Universal.Shaders.dll (+pdb)
Processing assembly Library/Bee/artifacts/2000b0aE.dag/Unity.RenderPipelines.Universal.Shaders.dll, with 117 defines and 286 references

processors: Unity.Jobs.CodeGen.JobsILPostProcessor, zzzUnity.Burst.CodeGen.BurstILPostProcessor

running Unity.Jobs.CodeGen.JobsILPostProcessor

running zzzUnity.Burst.CodeGen.BurstILPostProcessor
[632/721    2s] ILPostProcess Library/Bee/artifacts/2000b0aE.dag/post-processed/Unity.RenderPipelines.Universal.Runtime.dll (+pdb)
Processing assembly Library/Bee/artifacts/2000b0aE.dag/Unity.RenderPipelines.Universal.Runtime.dll, with 122 defines and 296 references

processors: Unity.Jobs.CodeGen.JobsILPostProcessor, zzzUnity.Burst.CodeGen.BurstILPostProcessor

running Unity.Jobs.CodeGen.JobsILPostProcessor

running zzzUnity.Burst.CodeGen.BurstILPostProcessor
[633/721    3s] ILPostProcess Library/Bee/artifacts/2000b0aE.dag/post-processed/Unity.RenderPipelines.Core.Runtime.Shared.dll (+pdb)
Processing assembly Library/Bee/artifacts/2000b0aE.dag/Unity.RenderPipelines.Core.Runtime.Shared.dll, with 117 defines and 289 references

processors: Unity.Jobs.CodeGen.JobsILPostProcessor, zzzUnity.Burst.CodeGen.BurstILPostProcessor

running Unity.Jobs.CodeGen.JobsILPostProcessor

running zzzUnity.Burst.CodeGen.BurstILPostProcessor
[634/721    2s] ILPostProcess Library/Bee/artifacts/2000b0aE.dag/post-processed/Unity.Postprocessing.Runtime.dll (+pdb)
Processing assembly Library/Bee/artifacts/2000b0aE.dag/Unity.Postprocessing.Runtime.dll, with 119 defines and 286 references

processors: Unity.Jobs.CodeGen.JobsILPostProcessor, zzzUnity.Burst.CodeGen.BurstILPostProcessor

running Unity.Jobs.CodeGen.JobsILPostProcessor

running zzzUnity.Burst.CodeGen.BurstILPostProcessor
[635/721    0s] ILPostProcess Library/Bee/artifacts/2000b0aE.dag/post-processed/endel.nativewebsocket.dll (+pdb)
Processing assembly Library/Bee/artifacts/2000b0aE.dag/endel.nativewebsocket.dll, with 117 defines and 286 references

processors: Unity.Jobs.CodeGen.JobsILPostProcessor, zzzUnity.Burst.CodeGen.BurstILPostProcessor

running Unity.Jobs.CodeGen.JobsILPostProcessor

running zzzUnity.Burst.CodeGen.BurstILPostProcessor
[636/721    3s] ILPostProcess Library/Bee/artifacts/2000b0aE.dag/post-processed/Unity.RenderPipelines.Universal.2D.Runtime.dll (+pdb)
Processing assembly Library/Bee/artifacts/2000b0aE.dag/Unity.RenderPipelines.Universal.2D.Runtime.dll, with 119 defines and 291 references

processors: Unity.Jobs.CodeGen.JobsILPostProcessor, zzzUnity.Burst.CodeGen.BurstILPostProcessor

running Unity.Jobs.CodeGen.JobsILPostProcessor

running zzzUnity.Burst.CodeGen.BurstILPostProcessor
[637/721    4s] ILPostProcess Library/Bee/artifacts/2000b0aE.dag/post-processed/Unity.Burst.dll (+pdb)
Processing assembly Library/Bee/artifacts/2000b0aE.dag/Unity.Burst.dll, with 117 defines and 283 references

processors: Unity.Jobs.CodeGen.JobsILPostProcessor, zzzUnity.Burst.CodeGen.BurstILPostProcessor

running Unity.Jobs.CodeGen.JobsILPostProcessor

running zzzUnity.Burst.CodeGen.BurstILPostProcessor
[638/721    0s] ILPostProcess Library/Bee/artifacts/2000b0aE.dag/post-processed/UnityEditor.UI.Analytics.dll (+pdb)
Processing assembly Library/Bee/artifacts/2000b0aE.dag/UnityEditor.UI.Analytics.dll, with 115 defines and 301 references

processors: Unity.Jobs.CodeGen.JobsILPostProcessor, zzzUnity.Burst.CodeGen.BurstILPostProcessor

running Unity.Jobs.CodeGen.JobsILPostProcessor

running zzzUnity.Burst.CodeGen.BurstILPostProcessor
[639/721    0s] ILPostProcess Library/Bee/artifacts/2000b0aE.dag/post-processed/Unity.Collections.Editor.dll (+pdb)
Processing assembly Library/Bee/artifacts/2000b0aE.dag/Unity.Collections.Editor.dll, with 116 defines and 301 references

processors: Unity.Jobs.CodeGen.JobsILPostProcessor, zzzUnity.Burst.CodeGen.BurstILPostProcessor

running Unity.Jobs.CodeGen.JobsILPostProcessor

running zzzUnity.Burst.CodeGen.BurstILPostProcessor
[640/721    0s] ILPostProcess Library/Bee/artifacts/2000b0aE.dag/post-processed/Unity.Postprocessing.Editor.dll (+pdb)
Processing assembly Library/Bee/artifacts/2000b0aE.dag/Unity.Postprocessing.Editor.dll, with 116 defines and 301 references

processors: Unity.Jobs.CodeGen.JobsILPostProcessor, zzzUnity.Burst.CodeGen.BurstILPostProcessor

running Unity.Jobs.CodeGen.JobsILPostProcessor

running zzzUnity.Burst.CodeGen.BurstILPostProcessor
[641/721    4s] ILPostProcess Library/Bee/artifacts/2000b0aE.dag/post-processed/Unity.RenderPipelines.Core.Runtime.dll (+pdb)
Processing assembly Library/Bee/artifacts/2000b0aE.dag/Unity.RenderPipelines.Core.Runtime.dll, with 120 defines and 289 references

processors: Unity.Jobs.CodeGen.JobsILPostProcessor, zzzUnity.Burst.CodeGen.BurstILPostProcessor

running Unity.Jobs.CodeGen.JobsILPostProcessor

running zzzUnity.Burst.CodeGen.BurstILPostProcessor
[642/721    5s] ILPostProcess Library/Bee/artifacts/2000b0aE.dag/post-processed/Unity.PathTracing.Runtime.dll (+pdb)
Processing assembly Library/Bee/artifacts/2000b0aE.dag/Unity.PathTracing.Runtime.dll, with 118 defines and 290 references

processors: Unity.Jobs.CodeGen.JobsILPostProcessor, zzzUnity.Burst.CodeGen.BurstILPostProcessor

running Unity.Jobs.CodeGen.JobsILPostProcessor

running zzzUnity.Burst.CodeGen.BurstILPostProcessor
[643/721    0s] ILPostProcess Library/Bee/artifacts/2000b0aE.dag/post-processed/Unity.Burst.Editor.dll (+pdb)
Processing assembly Library/Bee/artifacts/2000b0aE.dag/Unity.Burst.Editor.dll, with 115 defines and 301 references

processors: Unity.Jobs.CodeGen.JobsILPostProcessor, zzzUnity.Burst.CodeGen.BurstILPostProcessor

running Unity.Jobs.CodeGen.JobsILPostProcessor

running zzzUnity.Burst.CodeGen.BurstILPostProcessor
[644/721    6s] ILPostProcess Library/Bee/artifacts/2000b0aE.dag/post-processed/Unity.UnifiedRayTracing.Runtime.dll (+pdb)
Processing assembly Library/Bee/artifacts/2000b0aE.dag/Unity.UnifiedRayTracing.Runtime.dll, with 118 defines and 289 references

processors: Unity.Jobs.CodeGen.JobsILPostProcessor, zzzUnity.Burst.CodeGen.BurstILPostProcessor

running Unity.Jobs.CodeGen.JobsILPostProcessor

running zzzUnity.Burst.CodeGen.BurstILPostProcessor
[645/721    0s] ILPostProcess Library/Bee/artifacts/2000b0aE.dag/post-processed/Unity.RenderPipelines.Core.Editor.Shared.dll (+pdb)
Processing assembly Library/Bee/artifacts/2000b0aE.dag/Unity.RenderPipelines.Core.Editor.Shared.dll, with 115 defines and 307 references

processors: Unity.Jobs.CodeGen.JobsILPostProcessor, zzzUnity.Burst.CodeGen.BurstILPostProcessor

running Unity.Jobs.CodeGen.JobsILPostProcessor

running zzzUnity.Burst.CodeGen.BurstILPostProcessor
[646/721    0s] ILPostProcess Library/Bee/artifacts/2000b0aE.dag/post-processed/Unity.Searcher.Editor.dll (+pdb)
Processing assembly Library/Bee/artifacts/2000b0aE.dag/Unity.Searcher.Editor.dll, with 115 defines and 300 references

processors: Unity.Jobs.CodeGen.JobsILPostProcessor, zzzUnity.Burst.CodeGen.BurstILPostProcessor

running Unity.Jobs.CodeGen.JobsILPostProcessor

running zzzUnity.Burst.CodeGen.BurstILPostProcessor
[647/721    0s] ILPostProcess Library/Bee/artifacts/2000b0aE.dag/post-processed/Unity.PerformanceTesting.Editor.dll (+pdb)
Processing assembly Library/Bee/artifacts/2000b0aE.dag/Unity.PerformanceTesting.Editor.dll, with 116 defines and 297 references

processors: Unity.Jobs.CodeGen.JobsILPostProcessor, zzzUnity.Burst.CodeGen.BurstILPostProcessor

running Unity.Jobs.CodeGen.JobsILPostProcessor

running zzzUnity.Burst.CodeGen.BurstILPostProcessor
[648/721    0s] ILPostProcess Library/Bee/artifacts/2000b0aE.dag/post-processed/Unity.InternalAPIEditorBridge.ShaderGraph.Editor.dll (+pdb)
Processing assembly Library/Bee/artifacts/2000b0aE.dag/Unity.InternalAPIEditorBridge.ShaderGraph.Editor.dll, with 115 defines and 300 references

processors: Unity.Jobs.CodeGen.JobsILPostProcessor, zzzUnity.Burst.CodeGen.BurstILPostProcessor

running Unity.Jobs.CodeGen.JobsILPostProcessor

running zzzUnity.Burst.CodeGen.BurstILPostProcessor
[649/721    0s] ILPostProcess Library/Bee/artifacts/2000b0aE.dag/post-processed/Unity.InternalAPIEngineBridge.RenderPipelines.Core.Editor.dll (+pdb)
Processing assembly Library/Bee/artifacts/2000b0aE.dag/Unity.InternalAPIEngineBridge.RenderPipelines.Core.Editor.dll, with 115 defines and 300 references

processors: Unity.Jobs.CodeGen.JobsILPostProcessor, zzzUnity.Burst.CodeGen.BurstILPostProcessor

running Unity.Jobs.CodeGen.JobsILPostProcessor

running zzzUnity.Burst.CodeGen.BurstILPostProcessor
[650/721    0s] ILPostProcess Library/Bee/artifacts/2000b0aE.dag/post-processed/Unity.PathTracing.Editor.dll (+pdb)
Processing assembly Library/Bee/artifacts/2000b0aE.dag/Unity.PathTracing.Editor.dll, with 116 defines and 304 references

processors: Unity.Jobs.CodeGen.JobsILPostProcessor, zzzUnity.Burst.CodeGen.BurstILPostProcessor

running Unity.Jobs.CodeGen.JobsILPostProcessor

running zzzUnity.Burst.CodeGen.BurstILPostProcessor
[651/721    0s] ILPostProcess Library/Bee/artifacts/2000b0aE.dag/post-processed/Unity.TextMeshPro.Editor.dll (+pdb)
Processing assembly Library/Bee/artifacts/2000b0aE.dag/Unity.TextMeshPro.Editor.dll, with 115 defines and 302 references

processors: Unity.Jobs.CodeGen.JobsILPostProcessor, zzzUnity.Burst.CodeGen.BurstILPostProcessor

running Unity.Jobs.CodeGen.JobsILPostProcessor

running zzzUnity.Burst.CodeGen.BurstILPostProcessor
[652/721    0s] ILPostProcess Library/Bee/artifacts/2000b0aE.dag/post-processed/Unity.RenderPipelines.Universal.2D.Editor.Overrides.dll (+pdb)
Processing assembly Library/Bee/artifacts/2000b0aE.dag/Unity.RenderPipelines.Universal.2D.Editor.Overrides.dll, with 116 defines and 311 references

processors: Unity.Jobs.CodeGen.JobsILPostProcessor, zzzUnity.Burst.CodeGen.BurstILPostProcessor

running Unity.Jobs.CodeGen.JobsILPostProcessor

running zzzUnity.Burst.CodeGen.BurstILPostProcessor
[653/721    0s] ILPostProcess Library/Bee/artifacts/2000b0aE.dag/post-processed/Unity.Rendering.LightTransport.Editor.dll (+pdb)
Processing assembly Library/Bee/artifacts/2000b0aE.dag/Unity.Rendering.LightTransport.Editor.dll, with 115 defines and 300 references

processors: Unity.Jobs.CodeGen.JobsILPostProcessor, zzzUnity.Burst.CodeGen.BurstILPostProcessor

running Unity.Jobs.CodeGen.JobsILPostProcessor

running zzzUnity.Burst.CodeGen.BurstILPostProcessor
[654/721    0s] CopyFiles Library/ScriptAssemblies/Unity.InternalAPIEngineBridge.004.dll
[655/721    0s] CopyFiles Library/ScriptAssemblies/Unity.Mathematics.dll
[656/721    0s] CopyFiles Library/ScriptAssemblies/Unity.RenderPipeline.Universal.ShaderLibrary.dll
[657/721    0s] CopyFiles Library/ScriptAssemblies/Unity.RenderPipelines.ShaderGraph.ShaderGraphLibrary.dll
[658/721    0s] CopyFiles Library/ScriptAssemblies/Unity.RenderPipelines.Core.Runtime.Shared.dll
[659/721    0s] CopyFiles Library/ScriptAssemblies/Unity.Burst.dll
[660/721    0s] CopyFiles Library/ScriptAssemblies/endel.nativewebsocket.dll
[661/721    0s] CopyFiles Library/ScriptAssemblies/Unity.SurfaceCache.Runtime.dll
[662/721    0s] CopyFiles Library/ScriptAssemblies/Unity.RenderPipelines.Universal.2D.Runtime.dll
[663/721    0s] CopyFiles Library/ScriptAssemblies/Unity.Multiplayer.Center.Common.dll
[664/721    0s] CopyFiles Library/ScriptAssemblies/Unity.UnifiedRayTracing.Runtime.dll
[665/721    0s] CopyFiles Library/ScriptAssemblies/Unity.PerformanceTesting.dll
[666/721    0s] CopyFiles Library/ScriptAssemblies/Unity.RenderPipelines.Universal.Config.Runtime.dll
[667/721    0s] CopyFiles Library/ScriptAssemblies/Unity.RenderPipelines.Core.Runtime.dll
[668/721    0s] CopyFiles Library/ScriptAssemblies/Unity.InternalAPIEngineBridge.RenderPipelines.Core.Runtime.Shared.dll
[669/721    0s] CopyFiles Library/ScriptAssemblies/Unity.PathTracing.Runtime.dll
[670/721    0s] CopyFiles Library/ScriptAssemblies/Unity.Postprocessing.Runtime.dll
[671/721    0s] CopyFiles Library/ScriptAssemblies/UnityEngine.UI.dll
[672/721    0s] CopyFiles Library/ScriptAssemblies/Unity.RenderPipelines.Universal.Shaders.dll
[673/721    0s] ILPostProcess Library/Bee/artifacts/2000b0aE.dag/post-processed/Unity.RenderPipelines.Universal.Editor.dll (+pdb)
Processing assembly Library/Bee/artifacts/2000b0aE.dag/Unity.RenderPipelines.Universal.Editor.dll, with 118 defines and 315 references

processors: Unity.Jobs.CodeGen.JobsILPostProcessor, zzzUnity.Burst.CodeGen.BurstILPostProcessor

running Unity.Jobs.CodeGen.JobsILPostProcessor

running zzzUnity.Burst.CodeGen.BurstILPostProcessor
[674/721    0s] CopyFiles Library/ScriptAssemblies/Unity.RenderPipelines.Universal.Runtime.dll
[675/721    0s] CopyFiles Library/ScriptAssemblies/Unity.RenderPipelines.Core.ShaderLibrary.dll
[676/721    0s] CopyFiles Library/ScriptAssemblies/Unity.TextMeshPro.dll
[677/721    0s] CopyFiles Library/ScriptAssemblies/Unity.Rendering.LightTransport.Editor.dll
[678/721    0s] CopyFiles Library/ScriptAssemblies/Unity.Rendering.LightTransport.Editor.pdb
[679/721    0s] CopyFiles Library/ScriptAssemblies/Unity.RenderPipelines.Universal.2D.Editor.Overrides.pdb
[680/721    0s] CopyFiles Library/ScriptAssemblies/Unity.TextMeshPro.Editor.pdb
[681/721    0s] CopyFiles Library/ScriptAssemblies/Unity.RenderPipelines.Universal.2D.Editor.Overrides.dll
[682/721    0s] CopyFiles Library/ScriptAssemblies/Unity.PathTracing.Editor.pdb
[683/721    0s] ILPostProcess Library/Bee/artifacts/2000b0aE.dag/post-processed/Unity.ShaderGraph.Utilities.dll (+pdb)
Processing assembly Library/Bee/artifacts/2000b0aE.dag/Unity.ShaderGraph.Utilities.dll, with 115 defines and 300 references

processors: Unity.Jobs.CodeGen.JobsILPostProcessor, zzzUnity.Burst.CodeGen.BurstILPostProcessor

running Unity.Jobs.CodeGen.JobsILPostProcessor

running zzzUnity.Burst.CodeGen.BurstILPostProcessor
[684/721    0s] CopyFiles Library/ScriptAssemblies/Unity.ShaderGraph.Utilities.dll
[685/721    0s] CopyFiles Library/ScriptAssemblies/Unity.ShaderGraph.Utilities.pdb
[686/721    0s] CopyFiles Library/ScriptAssemblies/Unity.RenderPipelines.Universal.Editor.pdb
[687/721    0s] CopyFiles Library/ScriptAssemblies/Unity.InternalAPIEngineBridge.RenderPipelines.Core.Editor.dll
[688/721    0s] CopyFiles Library/ScriptAssemblies/Unity.InternalAPIEngineBridge.RenderPipelines.Core.Editor.pdb
[689/721    0s] CopyFiles Library/ScriptAssemblies/Unity.InternalAPIEditorBridge.ShaderGraph.Editor.pdb
[690/721    0s] CopyFiles Library/ScriptAssemblies/Unity.InternalAPIEditorBridge.ShaderGraph.Editor.dll
[691/721    0s] CopyFiles Library/ScriptAssemblies/Unity.PerformanceTesting.Editor.dll
[692/721    0s] CopyFiles Library/ScriptAssemblies/Unity.PerformanceTesting.Editor.pdb
[693/721    0s] CopyFiles Library/ScriptAssemblies/Unity.Searcher.Editor.pdb
[694/721    0s] CopyFiles Library/ScriptAssemblies/Unity.Searcher.Editor.dll
[695/721    0s] CopyFiles Library/ScriptAssemblies/Unity.RenderPipelines.Core.Editor.Shared.dll
[696/721    0s] CopyFiles Library/ScriptAssemblies/Unity.RenderPipelines.Core.Editor.Shared.pdb
[697/721    0s] CopyFiles Library/ScriptAssemblies/Unity.UnifiedRayTracing.Runtime.pdb
[698/721    0s] CopyFiles Library/ScriptAssemblies/Unity.Burst.Editor.dll
[699/721    0s] CopyFiles Library/ScriptAssemblies/Unity.Burst.Editor.pdb
[700/721    0s] CopyFiles Library/ScriptAssemblies/Unity.PathTracing.Runtime.pdb
[701/721    0s] CopyFiles Library/ScriptAssemblies/Unity.RenderPipelines.Core.Runtime.pdb
[702/721    0s] CopyFiles Library/ScriptAssemblies/Unity.Postprocessing.Editor.pdb
[703/721    0s] CopyFiles Library/ScriptAssemblies/Unity.Postprocessing.Editor.dll
[704/721    0s] CopyFiles Library/ScriptAssemblies/Unity.Collections.Editor.pdb
[705/721    0s] CopyFiles Library/ScriptAssemblies/Unity.Collections.Editor.dll
[706/721    0s] CopyFiles Library/ScriptAssemblies/UnityEditor.UI.Analytics.dll
[707/721    0s] CopyFiles Library/ScriptAssemblies/UnityEditor.UI.Analytics.pdb
[708/721    0s] CopyFiles Library/ScriptAssemblies/Unity.Burst.pdb
[709/721    0s] CopyFiles Library/ScriptAssemblies/Unity.RenderPipelines.Universal.2D.Runtime.pdb
[710/721    0s] CopyFiles Library/ScriptAssemblies/endel.nativewebsocket.pdb
[711/721    0s] CopyFiles Library/ScriptAssemblies/Unity.Postprocessing.Runtime.pdb
[712/721    0s] CopyFiles Library/ScriptAssemblies/Unity.RenderPipelines.Core.Runtime.Shared.pdb
[713/721    0s] CopyFiles Library/ScriptAssemblies/Unity.PathTracing.Editor.dll
[714/721    0s] CopyFiles Library/ScriptAssemblies/Unity.RenderPipelines.Universal.Runtime.pdb
[715/721    0s] CopyFiles Library/ScriptAssemblies/Unity.SurfaceCache.Runtime.pdb
[716/721    0s] CopyFiles Library/ScriptAssemblies/Unity.RenderPipelines.Universal.Shaders.pdb
[717/721    0s] CopyFiles Library/ScriptAssemblies/Unity.InternalAPIEngineBridge.004.pdb
[718/721    0s] CopyFiles Library/ScriptAssemblies/Unity.PerformanceTesting.pdb
[719/721    0s] CopyFiles Library/ScriptAssemblies/Unity.Multiplayer.Center.Common.pdb
[720/721    0s] CopyFiles Library/ScriptAssemblies/Unity.RenderPipelines.Core.ShaderLibrary.pdb
[721/721    0s] CopyFiles Library/ScriptAssemblies/Unity.RenderPipeline.Universal.ShaderLibrary.pdb
[722/721    0s] CopyFiles Library/ScriptAssemblies/Unity.RenderPipelines.Universal.Config.Runtime.pdb
[723/721    0s] CopyFiles Library/ScriptAssemblies/Unity.InternalAPIEngineBridge.RenderPipelines.Core.Runtime.Shared.pdb
[724/721    0s] CopyFiles Library/ScriptAssemblies/Unity.TextMeshPro.pdb
[725/721    0s] CopyFiles Library/ScriptAssemblies/Unity.Mathematics.pdb
[726/721    0s] CopyFiles Library/ScriptAssemblies/Unity.RenderPipelines.ShaderGraph.ShaderGraphLibrary.pdb
[727/721    0s] CopyFiles Library/ScriptAssemblies/UnityEngine.UI.pdb
[728/721    8s] ILPostProcess Library/Bee/artifacts/2000b0aE.dag/post-processed/Unity.RenderPipelines.GPUDriven.Runtime.dll (+pdb)
Processing assembly Library/Bee/artifacts/2000b0aE.dag/Unity.RenderPipelines.GPUDriven.Runtime.dll, with 117 defines and 290 references

processors: Unity.Jobs.CodeGen.JobsILPostProcessor, zzzUnity.Burst.CodeGen.BurstILPostProcessor

running Unity.Jobs.CodeGen.JobsILPostProcessor

running zzzUnity.Burst.CodeGen.BurstILPostProcessor
[729/721    0s] ILPostProcess Library/Bee/artifacts/2000b0aE.dag/post-processed/Unity.ShaderGraph.Editor.dll (+pdb)
Processing assembly Library/Bee/artifacts/2000b0aE.dag/Unity.ShaderGraph.Editor.dll, with 115 defines and 305 references

processors: Unity.Jobs.CodeGen.JobsILPostProcessor, zzzUnity.Burst.CodeGen.BurstILPostProcessor

running Unity.Jobs.CodeGen.JobsILPostProcessor

running zzzUnity.Burst.CodeGen.BurstILPostProcessor
[730/721    0s] ILPostProcess Library/Bee/artifacts/2000b0aE.dag/post-processed/Unity.Multiplayer.Center.Editor.dll (+pdb)
Processing assembly Library/Bee/artifacts/2000b0aE.dag/Unity.Multiplayer.Center.Editor.dll, with 115 defines and 301 references

processors: Unity.Jobs.CodeGen.JobsILPostProcessor, zzzUnity.Burst.CodeGen.BurstILPostProcessor

running Unity.Jobs.CodeGen.JobsILPostProcessor

running zzzUnity.Burst.CodeGen.BurstILPostProcessor
[731/721    0s] ILPostProcess Library/Bee/artifacts/2000b0aE.dag/post-processed/UnityEditor.UI.dll (+pdb)
Processing assembly Library/Bee/artifacts/2000b0aE.dag/UnityEditor.UI.dll, with 118 defines and 299 references

processors: Unity.Jobs.CodeGen.JobsILPostProcessor, zzzUnity.Burst.CodeGen.BurstILPostProcessor

running Unity.Jobs.CodeGen.JobsILPostProcessor

running zzzUnity.Burst.CodeGen.BurstILPostProcessor
[732/721    0s] CopyFiles Library/ScriptAssemblies/Unity.RenderPipelines.GPUDriven.Runtime.pdb
[733/721    0s] CopyFiles Library/ScriptAssemblies/Unity.ShaderGraph.Editor.pdb
[734/721    0s] CopyFiles Library/ScriptAssemblies/Unity.Multiplayer.Center.Editor.pdb
[735/721    0s] CopyFiles Library/ScriptAssemblies/UnityEditor.UI.pdb
[736/721    7s] ILPostProcess Library/Bee/artifacts/2000b0aE.dag/post-processed/Unity.Collections.dll (+pdb)
Processing assembly Library/Bee/artifacts/2000b0aE.dag/Unity.Collections.dll, with 119 defines and 288 references

processors: Unity.Jobs.CodeGen.JobsILPostProcessor, zzzUnity.Burst.CodeGen.BurstILPostProcessor

running Unity.Jobs.CodeGen.JobsILPostProcessor

running zzzUnity.Burst.CodeGen.BurstILPostProcessor
[737/721    0s] CopyFiles Library/ScriptAssemblies/Unity.Collections.pdb
[738/721    0s] CopyFiles Library/ScriptAssemblies/Unity.Collections.dll
[739/721    0s] CopyFiles Library/ScriptAssemblies/Unity.RenderPipelines.Universal.Editor.dll
[740/721    0s] CopyFiles Library/ScriptAssemblies/Unity.RenderPipelines.GPUDriven.Runtime.dll
[741/721    0s] CopyFiles Library/ScriptAssemblies/Unity.Multiplayer.Center.Editor.dll
[742/721    2s] ILPostProcess Library/Bee/artifacts/2000b0aE.dag/post-processed/Unity.RenderPipelines.Core.Editor.dll (+pdb)
Processing assembly Library/Bee/artifacts/2000b0aE.dag/Unity.RenderPipelines.Core.Editor.dll, with 118 defines and 309 references

processors: Unity.Jobs.CodeGen.JobsILPostProcessor, zzzUnity.Burst.CodeGen.BurstILPostProcessor

running Unity.Jobs.CodeGen.JobsILPostProcessor

running zzzUnity.Burst.CodeGen.BurstILPostProcessor
[743/721    0s] CopyFiles Library/ScriptAssemblies/Unity.RenderPipelines.Core.Editor.pdb
[744/721    0s] CopyFiles Library/ScriptAssemblies/UnityEditor.UI.dll
[745/721    0s] CopyFiles Library/ScriptAssemblies/Unity.ShaderGraph.Editor.dll
[746/721    0s] CopyFiles Library/ScriptAssemblies/Unity.TextMeshPro.Editor.dll
[747/721    0s] CopyFiles Library/ScriptAssemblies/Unity.RenderPipelines.Core.Editor.dll
[748/721   15s] Csc Library/Bee/artifacts/2000b0aE.dag/ithappy.Creative_Characters_FREE.dll (+2 others)
[749/721   13s] Csc Library/Bee/artifacts/2000b0aE.dag/QuizBattle.Runtime.dll (+2 others)
Assets\Scripts\UI\UiFactory.cs(31,17): warning CS0618: 'Object.FindFirstObjectByType<T>()' is obsolete: 'FindFirstObjectByType has been deprecated because it relies on instance ID ordering. Use FindAnyObjectByType instead, which does not depend on ordering.'

Assets\Scripts\UI\UiFactory.cs(59,13): warning CS0618: 'TMP_Text.enableWordWrapping' is obsolete: 'The enabledWordWrapping property is now obsolete. Please use the textWrappingMode property instead.'

Assets\Scripts\Arena\ArenaEnvironment.cs(82,67): warning CS0618: 'FindObjectsSortMode' is obsolete: 'FindObjectsSortMode has been deprecated. Use the FindObjectsByType overloads that do not take a FindObjectsSortMode parameter.'

Assets\Scripts\Arena\ArenaEnvironment.cs(82,35): warning CS0618: 'Object.FindObjectsByType<T>(FindObjectsSortMode)' is obsolete: 'FindObjectsByType with FindObjectsSortMode parameter has been deprecated. Use FindObjectsByType<T>() or FindObjectsByType<T>(FindObjectsInactive) instead. InstanceID will be replaced in the future with EntityId and previous sort order cannot be maintained.'

Assets\Scripts\Arena\CharacterToken.cs(141,13): warning CS0618: 'TMP_Text.enableWordWrapping' is obsolete: 'The enabledWordWrapping property is now obsolete. Please use the textWrappingMode property instead.'

Assets\Scripts\Arena\ArenaEnvironment.cs(128,28): warning CS0618: 'Object.FindFirstObjectByType<T>()' is obsolete: 'FindFirstObjectByType has been deprecated because it relies on instance ID ordering. Use FindAnyObjectByType instead, which does not depend on ordering.'

Assets\Scripts\Arena\Vfx\VictoryFireworksController.cs(29,28): warning CS0618: 'Object.FindFirstObjectByType<T>()' is obsolete: 'FindFirstObjectByType has been deprecated because it relies on instance ID ordering. Use FindAnyObjectByType instead, which does not depend on ordering.'

Assets\Scripts\Arena\Visuals\FloatingCombatText.cs(42,13): warning CS0618: 'TMP_Text.enableWordWrapping' is obsolete: 'The enabledWordWrapping property is now obsolete. Please use the textWrappingMode property instead.'
[750/721    0s] ILPostProcess Library/Bee/artifacts/2000b0aE.dag/post-processed/ithappy.Creative_Characters_FREE.dll (+pdb)
Processing assembly Library/Bee/artifacts/2000b0aE.dag/ithappy.Creative_Characters_FREE.dll, with 117 defines and 286 references

processors: Unity.Jobs.CodeGen.JobsILPostProcessor, zzzUnity.Burst.CodeGen.BurstILPostProcessor

running Unity.Jobs.CodeGen.JobsILPostProcessor

running zzzUnity.Burst.CodeGen.BurstILPostProcessor
[751/721    0s] CopyFiles Library/ScriptAssemblies/ithappy.Creative_Characters_FREE.pdb
[752/721    0s] CopyFiles Library/ScriptAssemblies/ithappy.Creative_Characters_FREE.dll
[753/721    0s] ILPostProcess Library/Bee/artifacts/2000b0aE.dag/post-processed/QuizBattle.Runtime.dll (+pdb)
Processing assembly Library/Bee/artifacts/2000b0aE.dag/QuizBattle.Runtime.dll, with 117 defines and 290 references

processors: Unity.Jobs.CodeGen.JobsILPostProcessor, zzzUnity.Burst.CodeGen.BurstILPostProcessor

running Unity.Jobs.CodeGen.JobsILPostProcessor

running zzzUnity.Burst.CodeGen.BurstILPostProcessor
[754/721    0s] CopyFiles Library/ScriptAssemblies/QuizBattle.Runtime.pdb
[755/721    0s] CopyFiles Library/ScriptAssemblies/QuizBattle.Runtime.dll
[756/721    3s] Csc Library/Bee/artifacts/2000b0aE.dag/QuizBattle.Tests.EditMode.dll (+2 others)
[757/721    3s] Csc Library/Bee/artifacts/2000b0aE.dag/ithappy.Creative_Characters_FREE.Editor.dll (+2 others)
[758/721    0s] ILPostProcess Library/Bee/artifacts/2000b0aE.dag/post-processed/QuizBattle.Tests.EditMode.dll (+pdb)
Processing assembly Library/Bee/artifacts/2000b0aE.dag/QuizBattle.Tests.EditMode.dll, with 115 defines and 297 references

processors: Unity.Jobs.CodeGen.JobsILPostProcessor, zzzUnity.Burst.CodeGen.BurstILPostProcessor

running Unity.Jobs.CodeGen.JobsILPostProcessor

running zzzUnity.Burst.CodeGen.BurstILPostProcessor
[759/721    0s] CopyFiles Library/ScriptAssemblies/QuizBattle.Tests.EditMode.pdb
[760/721    0s] CopyFiles Library/ScriptAssemblies/QuizBattle.Tests.EditMode.dll
[761/721    0s] ILPostProcess Library/Bee/artifacts/2000b0aE.dag/post-processed/ithappy.Creative_Characters_FREE.Editor.dll (+pdb)
Processing assembly Library/Bee/artifacts/2000b0aE.dag/ithappy.Creative_Characters_FREE.Editor.dll, with 115 defines and 301 references

processors: Unity.Jobs.CodeGen.JobsILPostProcessor, zzzUnity.Burst.CodeGen.BurstILPostProcessor

running Unity.Jobs.CodeGen.JobsILPostProcessor

running zzzUnity.Burst.CodeGen.BurstILPostProcessor
[762/721    0s] CopyFiles Library/ScriptAssemblies/ithappy.Creative_Characters_FREE.Editor.pdb
[763/721    0s] Csc Library/Bee/artifacts/2000b0aE.dag/Assembly-CSharp-Editor.dll (+2 others)
Assets\Editor\ArenaDemoRunner.cs(71,20): warning CS0618: 'Object.FindFirstObjectByType<T>()' is obsolete: 'FindFirstObjectByType has been deprecated because it relies on instance ID ordering. Use FindAnyObjectByType instead, which does not depend on ordering.'

Assets\Editor\CaptureCurrentArena.cs(24,20): warning CS0618: 'Object.FindFirstObjectByType<T>()' is obsolete: 'FindFirstObjectByType has been deprecated because it relies on instance ID ordering. Use FindAnyObjectByType instead, which does not depend on ordering.'

Assets\Editor\CaptureCurrentArena.cs(34,72): warning CS0618: 'FindObjectsSortMode' is obsolete: 'FindObjectsSortMode has been deprecated. Use the FindObjectsByType overloads that do not take a FindObjectsSortMode parameter.'

Assets\Editor\CaptureCurrentArena.cs(34,31): warning CS0618: 'Object.FindObjectsByType<T>(FindObjectsSortMode)' is obsolete: 'FindObjectsByType with FindObjectsSortMode parameter has been deprecated. Use FindObjectsByType<T>() or FindObjectsByType<T>(FindObjectsInactive) instead. InstanceID will be replaced in the future with EntityId and previous sort order cannot be maintained.'

Assets\Editor\CaptureCurrentArena.cs(43,19): warning CS0618: 'Object.FindFirstObjectByType<T>()' is obsolete: 'FindFirstObjectByType has been deprecated because it relies on instance ID ordering. Use FindAnyObjectByType instead, which does not depend on ordering.'

Assets\Editor\CaptureCurrentArena.cs(57,72): warning CS0618: 'FindObjectsSortMode' is obsolete: 'FindObjectsSortMode has been deprecated. Use the FindObjectsByType overloads that do not take a FindObjectsSortMode parameter.'

Assets\Editor\CaptureCurrentArena.cs(57,31): warning CS0618: 'Object.FindObjectsByType<T>(FindObjectsSortMode)' is obsolete: 'FindObjectsByType with FindObjectsSortMode parameter has been deprecated. Use FindObjectsByType<T>() or FindObjectsByType<T>(FindObjectsInactive) instead. InstanceID will be replaced in the future with EntityId and previous sort order cannot be maintained.'

Assets\Editor\CaptureCurrentArena.cs(62,65): warning CS0618: 'FindObjectsSortMode' is obsolete: 'FindObjectsSortMode has been deprecated. Use the FindObjectsByType overloads that do not take a FindObjectsSortMode parameter.'

Assets\Editor\CaptureCurrentArena.cs(62,32): warning CS0618: 'Object.FindObjectsByType<T>(FindObjectsSortMode)' is obsolete: 'FindObjectsByType with FindObjectsSortMode parameter has been deprecated. Use FindObjectsByType<T>() or FindObjectsByType<T>(FindObjectsInactive) instead. InstanceID will be replaced in the future with EntityId and previous sort order cannot be maintained.'

Assets\Editor\ArenaDemoRunner.cs(153,72): warning CS0618: 'FindObjectsSortMode' is obsolete: 'FindObjectsSortMode has been deprecated. Use the FindObjectsByType overloads that do not take a FindObjectsSortMode parameter.'

Assets\Editor\ArenaDemoRunner.cs(153,31): warning CS0618: 'Object.FindObjectsByType<T>(FindObjectsSortMode)' is obsolete: 'FindObjectsByType with FindObjectsSortMode parameter has been deprecated. Use FindObjectsByType<T>() or FindObjectsByType<T>(FindObjectsInactive) instead. InstanceID will be replaced in the future with EntityId and previous sort order cannot be maintained.'

Assets\Editor\ArenaDemoRunner.cs(159,65): warning CS0618: 'FindObjectsSortMode' is obsolete: 'FindObjectsSortMode has been deprecated. Use the FindObjectsByType overloads that do not take a FindObjectsSortMode parameter.'

Assets\Editor\ArenaDemoRunner.cs(159,32): warning CS0618: 'Object.FindObjectsByType<T>(FindObjectsSortMode)' is obsolete: 'FindObjectsByType with FindObjectsSortMode parameter has been deprecated. Use FindObjectsByType<T>() or FindObjectsByType<T>(FindObjectsInactive) instead. InstanceID will be replaced in the future with EntityId and previous sort order cannot be maintained.'

Assets\Editor\NetworkedMatchDemoRunner.cs(203,84): warning CS0618: 'FindObjectsSortMode' is obsolete: 'FindObjectsSortMode has been deprecated. Use the FindObjectsByType overloads that do not take a FindObjectsSortMode parameter.'

Assets\Editor\NetworkedMatchDemoRunner.cs(203,31): warning CS0618: 'Object.FindObjectsByType<T>(FindObjectsSortMode)' is obsolete: 'FindObjectsByType with FindObjectsSortMode parameter has been deprecated. Use FindObjectsByType<T>() or FindObjectsByType<T>(FindObjectsInactive) instead. InstanceID will be replaced in the future with EntityId and previous sort order cannot be maintained.'
[764/721    0s] CopyFiles Library/ScriptAssemblies/ithappy.Creative_Characters_FREE.Editor.dll
[765/721    0s] ILPostProcess Library/Bee/artifacts/2000b0aE.dag/post-processed/Assembly-CSharp-Editor.dll (+pdb)
Processing assembly Library/Bee/artifacts/2000b0aE.dag/Assembly-CSharp-Editor.dll, with 115 defines and 342 references

processors: Unity.Jobs.CodeGen.JobsILPostProcessor, zzzUnity.Burst.CodeGen.BurstILPostProcessor

running Unity.Jobs.CodeGen.JobsILPostProcessor

running zzzUnity.Burst.CodeGen.BurstILPostProcessor
[766/721    0s] CopyFiles Library/ScriptAssemblies/Assembly-CSharp-Editor.pdb
[767/721    0s] CopyFiles Library/ScriptAssemblies/Assembly-CSharp-Editor.dll
*** Tundra build success (23.13 seconds), 418 items updated, 721 evaluated
Assets\Scripts\UI\UiFactory.cs(31,17): warning CS0618: 'Object.FindFirstObjectByType<T>()' is obsolete: 'FindFirstObjectByType has been deprecated because it relies on instance ID ordering. Use FindAnyObjectByType instead, which does not depend on ordering.'
Assets\Scripts\UI\UiFactory.cs(59,13): warning CS0618: 'TMP_Text.enableWordWrapping' is obsolete: 'The enabledWordWrapping property is now obsolete. Please use the textWrappingMode property instead.'
Assets\Scripts\Arena\ArenaEnvironment.cs(82,67): warning CS0618: 'FindObjectsSortMode' is obsolete: 'FindObjectsSortMode has been deprecated. Use the FindObjectsByType overloads that do not take a FindObjectsSortMode parameter.'
Assets\Scripts\Arena\ArenaEnvironment.cs(82,35): warning CS0618: 'Object.FindObjectsByType<T>(FindObjectsSortMode)' is obsolete: 'FindObjectsByType with FindObjectsSortMode parameter has been deprecated. Use FindObjectsByType<T>() or FindObjectsByType<T>(FindObjectsInactive) instead. InstanceID will be replaced in the future with EntityId and previous sort order cannot be maintained.'
Assets\Scripts\Arena\CharacterToken.cs(141,13): warning CS0618: 'TMP_Text.enableWordWrapping' is obsolete: 'The enabledWordWrapping property is now obsolete. Please use the textWrappingMode property instead.'
Assets\Scripts\Arena\ArenaEnvironment.cs(128,28): warning CS0618: 'Object.FindFirstObjectByType<T>()' is obsolete: 'FindFirstObjectByType has been deprecated because it relies on instance ID ordering. Use FindAnyObjectByType instead, which does not depend on ordering.'
Assets\Scripts\Arena\Vfx\VictoryFireworksController.cs(29,28): warning CS0618: 'Object.FindFirstObjectByType<T>()' is obsolete: 'FindFirstObjectByType has been deprecated because it relies on instance ID ordering. Use FindAnyObjectByType instead, which does not depend on ordering.'
Assets\Scripts\Arena\Visuals\FloatingCombatText.cs(42,13): warning CS0618: 'TMP_Text.enableWordWrapping' is obsolete: 'The enabledWordWrapping property is now obsolete. Please use the textWrappingMode property instead.'
Assets\Editor\ArenaDemoRunner.cs(71,20): warning CS0618: 'Object.FindFirstObjectByType<T>()' is obsolete: 'FindFirstObjectByType has been deprecated because it relies on instance ID ordering. Use FindAnyObjectByType instead, which does not depend on ordering.'
Assets\Editor\CaptureCurrentArena.cs(24,20): warning CS0618: 'Object.FindFirstObjectByType<T>()' is obsolete: 'FindFirstObjectByType has been deprecated because it relies on instance ID ordering. Use FindAnyObjectByType instead, which does not depend on ordering.'
Assets\Editor\CaptureCurrentArena.cs(34,72): warning CS0618: 'FindObjectsSortMode' is obsolete: 'FindObjectsSortMode has been deprecated. Use the FindObjectsByType overloads that do not take a FindObjectsSortMode parameter.'
Assets\Editor\CaptureCurrentArena.cs(34,31): warning CS0618: 'Object.FindObjectsByType<T>(FindObjectsSortMode)' is obsolete: 'FindObjectsByType with FindObjectsSortMode parameter has been deprecated. Use FindObjectsByType<T>() or FindObjectsByType<T>(FindObjectsInactive) instead. InstanceID will be replaced in the future with EntityId and previous sort order cannot be maintained.'
Assets\Editor\CaptureCurrentArena.cs(43,19): warning CS0618: 'Object.FindFirstObjectByType<T>()' is obsolete: 'FindFirstObjectByType has been deprecated because it relies on instance ID ordering. Use FindAnyObjectByType instead, which does not depend on ordering.'
Assets\Editor\CaptureCurrentArena.cs(57,72): warning CS0618: 'FindObjectsSortMode' is obsolete: 'FindObjectsSortMode has been deprecated. Use the FindObjectsByType overloads that do not take a FindObjectsSortMode parameter.'
Assets\Editor\CaptureCurrentArena.cs(57,31): warning CS0618: 'Object.FindObjectsByType<T>(FindObjectsSortMode)' is obsolete: 'FindObjectsByType with FindObjectsSortMode parameter has been deprecated. Use FindObjectsByType<T>() or FindObjectsByType<T>(FindObjectsInactive) instead. InstanceID will be replaced in the future with EntityId and previous sort order cannot be maintained.'
Assets\Editor\CaptureCurrentArena.cs(62,65): warning CS0618: 'FindObjectsSortMode' is obsolete: 'FindObjectsSortMode has been deprecated. Use the FindObjectsByType overloads that do not take a FindObjectsSortMode parameter.'
Assets\Editor\CaptureCurrentArena.cs(62,32): warning CS0618: 'Object.FindObjectsByType<T>(FindObjectsSortMode)' is obsolete: 'FindObjectsByType with FindObjectsSortMode parameter has been deprecated. Use FindObjectsByType<T>() or FindObjectsByType<T>(FindObjectsInactive) instead. InstanceID will be replaced in the future with EntityId and previous sort order cannot be maintained.'
Assets\Editor\ArenaDemoRunner.cs(153,72): warning CS0618: 'FindObjectsSortMode' is obsolete: 'FindObjectsSortMode has been deprecated. Use the FindObjectsByType overloads that do not take a FindObjectsSortMode parameter.'
Assets\Editor\ArenaDemoRunner.cs(153,31): warning CS0618: 'Object.FindObjectsByType<T>(FindObjectsSortMode)' is obsolete: 'FindObjectsByType with FindObjectsSortMode parameter has been deprecated. Use FindObjectsByType<T>() or FindObjectsByType<T>(FindObjectsInactive) instead. InstanceID will be replaced in the future with EntityId and previous sort order cannot be maintained.'
Assets\Editor\ArenaDemoRunner.cs(159,65): warning CS0618: 'FindObjectsSortMode' is obsolete: 'FindObjectsSortMode has been deprecated. Use the FindObjectsByType overloads that do not take a FindObjectsSortMode parameter.'
Assets\Editor\ArenaDemoRunner.cs(159,32): warning CS0618: 'Object.FindObjectsByType<T>(FindObjectsSortMode)' is obsolete: 'FindObjectsByType with FindObjectsSortMode parameter has been deprecated. Use FindObjectsByType<T>() or FindObjectsByType<T>(FindObjectsInactive) instead. InstanceID will be replaced in the future with EntityId and previous sort order cannot be maintained.'
Assets\Editor\NetworkedMatchDemoRunner.cs(203,84): warning CS0618: 'FindObjectsSortMode' is obsolete: 'FindObjectsSortMode has been deprecated. Use the FindObjectsByType overloads that do not take a FindObjectsSortMode parameter.'
Assets\Editor\NetworkedMatchDemoRunner.cs(203,31): warning CS0618: 'Object.FindObjectsByType<T>(FindObjectsSortMode)' is obsolete: 'FindObjectsByType with FindObjectsSortMode parameter has been deprecated. Use FindObjectsByType<T>() or FindObjectsByType<T>(FindObjectsInactive) instead. InstanceID will be replaced in the future with EntityId and previous sort order cannot be maintained.'
Total cache size 187449023
Total cache size after purge 187449023, took 00:00:00.2705651
AssetDatabase: script compilation time: 33.249961s
Begin MonoManager ReloadAssembly
Symbol file LoadedFromMemory is not a mono symbol file
Native extension for Android target not found
Native extension for UWP target not found
Native extension for WindowsStandalone target not found
Native extension for WebGL target not found
ScheduleIndexationOnStartup MainProcess:True IndexOnStartup:True
Mono: successfully reloaded assembly
- Finished resetting the current domain, in  4.737 seconds
Domain Reload Profiling: 6393ms
	BeginReloadAssembly (338ms)
		DisableScriptedObjects (37ms)
		CreateAndSetChildDomain (72ms)
	RebuildCommonClasses (14ms)
	RebuildNativeTypeToScriptingClass (27ms)
	initialDomainReloadingComplete (61ms)
	LoadAllAssembliesAndSetupDomain (1213ms)
		LoadAssemblies (936ms)
		AnalyzeDomain (262ms)
			TypeCache.Refresh (173ms)
				TypeCache.ScanAssembly (153ms)
			BuildScriptInfoCaches (73ms)
			ResolveRequiredComponents (12ms)
	FinalizeReload (4740ms)
		SetupLoadedEditorAssemblies (0ms)
			InitializePlatformSupportModulesInManaged (24ms)
			BeforeProcessingInitializeOnLoad (153ms)
			ProcessInitializeOnLoadAttributes (2998ms)
			ProcessInitializeOnLoadMethodAttributes (966ms)
			AfterProcessingInitializeOnLoad (9ms)
		AwakeInstancesAfterBackupRestoration (68ms)
Starting new worker id: 0 with log in D:/game/game-client/Logs/AssetImportWorkerHW0.log

Asset Pipeline Refresh (id=eacc56c53573f4a4c97af4a6f3c4f8bd): Total: 40.531 seconds - Initiated by InitialRefreshV2(ForceSynchronousImport)
	(Values over 0.05ms)
	Summary:
		Imports: total=0 (actual=0, local cache=0, cache server=0)
		Asset DB Process Time: managed=0 ms, native=5379 ms
		Asset DB Callback time: managed=122 ms, native=29 ms
		Scripting: domain reloads=1, domain reload time=1696 ms, compile time=33253 ms, other=49 ms
		Project Asset Count: scripts=950, non-scripts=1811
		Asset File Changes: new=0, changed=0, moved=0, deleted=0
		Scan Filter Count: 0
	InvokePackagesCallback: 31.708ms
	ApplyChangesToAssetFolders: 0.799ms
	Scan: 133.815ms
	Collect global state as custom dependencies: 32.635ms
	CategorizeScriptCompilationAssets: 29.494ms
	ProcessAssetsWithTransientArtifactChanges: 61.567ms
	CategorizeAssets: 108.424ms
	CompileScripts: 33252.984ms
	ImportOutOfDateAssets: 4876.568ms (4760.718ms without children)
		ReloadNativeAssets: 0.068ms
		UnloadImportedAssets: 1.360ms
		EnsureUptoDateAssetsAreRegisteredWithGuidPM: 0.953ms
		ImportSchedulerStart: 113.464ms
	PostProcessAllAssets: 123.006ms
		MonoPostProcessAllAssets: 122.909ms
			UniversalRenderPipelineGlobalSettingsPostprocessor.OnPostprocessAllAssets 52.725ms
			SpeedTree9Postprocessor.OnPostprocessAllAssets 5.879ms
			WindowAssetPostprocessingWatcher.OnPostprocessAllAssets 5.851ms
			EditModeScopePostprocessor.OnPostprocessAllAssets 4.836ms
			SyncVS.PostprocessSyncProject 4.220ms
			RenderPipelineGlobalSettingsPostprocessor.OnPostprocessAllAssets 1.764ms
			ShaderReflectionAssetPostProcessor.OnPostprocessAllAssets 1.286ms
			ReferencedClipsPostProcessor.OnPostprocessAllAssets 0.735ms
			TerrainToolbarOverlayPostProcessor.OnPostprocessAllAssets 0.509ms
			AssetDatabaseCallbacks.OnPostprocessAllAssets 0.425ms
	UnloadStreamsBegin: 5.536ms
	PersistCurrentRevisions: 0.212ms
	GenerateScriptTypeHashes: 4.159ms
	GenerateScriptTypeSerializationHashes: 7.265ms
	Untracked: 1867.715ms

Application.AssetDatabase Initial Refresh End
Launched and connected shader compiler UnityShaderCompiler.exe after 0.03 seconds
Scanning for USB devices : 7.725ms
Initializing Unity extensions:
[MODES] ModeService[none].Initialize
[MODES] ModeService[none].LoadModes
[MODES] Loading mode Default (0) for mode-current-id-game-client
Unloading 38 Unused Serialized files (Serialized files now loaded: 0)
Unloading 3438 unused Assets / (8.4 MB). Loaded Objects now: 4408.
Memory consumption went from 349.0 MB to 340.6 MB.
Total: 21.883000 ms (FindLiveObjects: 0.670200 ms CreateObjectMapping: 1.939800 ms MarkObjects: 11.593700 ms  DeleteObjects: 7.671700 ms)

Unloading 1 Unused Serialized files (Serialized files now loaded: 0)
Unloading 0 unused Assets / (2.2 KB). Loaded Objects now: 4410.
Memory consumption went from 329.3 MB to 329.3 MB.
Total: 13.415600 ms (FindLiveObjects: 0.376900 ms CreateObjectMapping: 0.732100 ms MarkObjects: 12.287300 ms  DeleteObjects: 0.017700 ms)

Tile_0_0: Destroy may not be called from edit mode! Use DestroyImmediate instead.
Destroying an object in edit mode destroys it permanently
UnityEngine.Debug:ExtractStackTraceNoAlloc (byte*,int,string)
UnityEngine.StackTraceUtility:ExtractStackTrace ()
UnityEngine.Object:Destroy (UnityEngine.Object,single)
UnityEngine.Object:Destroy (UnityEngine.Object)
QuizBattle.Arena.GridController:CreateTile (int,int,UnityEngine.Color,bool) (at Assets/Scripts/Arena/GridController.cs:61)
QuizBattle.Arena.GridController:BuildGrid (int,int,int) (at Assets/Scripts/Arena/GridController.cs:44)
QuizBattle.GameState.GameManager:RunAutoPlayMatch (int,int) (at Assets/Scripts/GameState/GameManager.cs:67)
CaptureCurrentArena:Capture () (at Assets/Editor/CaptureCurrentArena.cs:22)

[Assets/Scripts/Arena/GridController.cs line 44]

Tile_0_1: Destroy may not be called from edit mode! Use DestroyImmediate instead.
Destroying an object in edit mode destroys it permanently
UnityEngine.Debug:ExtractStackTraceNoAlloc (byte*,int,string)
UnityEngine.StackTraceUtility:ExtractStackTrace ()
UnityEngine.Object:Destroy (UnityEngine.Object,single)
UnityEngine.Object:Destroy (UnityEngine.Object)
QuizBattle.Arena.GridController:CreateTile (int,int,UnityEngine.Color,bool) (at Assets/Scripts/Arena/GridController.cs:61)
QuizBattle.Arena.GridController:BuildGrid (int,int,int) (at Assets/Scripts/Arena/GridController.cs:44)
QuizBattle.GameState.GameManager:RunAutoPlayMatch (int,int) (at Assets/Scripts/GameState/GameManager.cs:67)
CaptureCurrentArena:Capture () (at Assets/Editor/CaptureCurrentArena.cs:22)

[Assets/Scripts/Arena/GridController.cs line 44]

Tile_0_2: Destroy may not be called from edit mode! Use DestroyImmediate instead.
Destroying an object in edit mode destroys it permanently
UnityEngine.Debug:ExtractStackTraceNoAlloc (byte*,int,string)
UnityEngine.StackTraceUtility:ExtractStackTrace ()
UnityEngine.Object:Destroy (UnityEngine.Object,single)
UnityEngine.Object:Destroy (UnityEngine.Object)
QuizBattle.Arena.GridController:CreateTile (int,int,UnityEngine.Color,bool) (at Assets/Scripts/Arena/GridController.cs:61)
QuizBattle.Arena.GridController:BuildGrid (int,int,int) (at Assets/Scripts/Arena/GridController.cs:44)
QuizBattle.GameState.GameManager:RunAutoPlayMatch (int,int) (at Assets/Scripts/GameState/GameManager.cs:67)
CaptureCurrentArena:Capture () (at Assets/Editor/CaptureCurrentArena.cs:22)

[Assets/Scripts/Arena/GridController.cs line 44]

Tile_0_3: Destroy may not be called from edit mode! Use DestroyImmediate instead.
Destroying an object in edit mode destroys it permanently
UnityEngine.Debug:ExtractStackTraceNoAlloc (byte*,int,string)
UnityEngine.StackTraceUtility:ExtractStackTrace ()
UnityEngine.Object:Destroy (UnityEngine.Object,single)
UnityEngine.Object:Destroy (UnityEngine.Object)
QuizBattle.Arena.GridController:CreateTile (int,int,UnityEngine.Color,bool) (at Assets/Scripts/Arena/GridController.cs:61)
QuizBattle.Arena.GridController:BuildGrid (int,int,int) (at Assets/Scripts/Arena/GridController.cs:44)
QuizBattle.GameState.GameManager:RunAutoPlayMatch (int,int) (at Assets/Scripts/GameState/GameManager.cs:67)
CaptureCurrentArena:Capture () (at Assets/Editor/CaptureCurrentArena.cs:22)

[Assets/Scripts/Arena/GridController.cs line 44]

Tile_0_4: Destroy may not be called from edit mode! Use DestroyImmediate instead.
Destroying an object in edit mode destroys it permanently
UnityEngine.Debug:ExtractStackTraceNoAlloc (byte*,int,string)
UnityEngine.StackTraceUtility:ExtractStackTrace ()
UnityEngine.Object:Destroy (UnityEngine.Object,single)
UnityEngine.Object:Destroy (UnityEngine.Object)
QuizBattle.Arena.GridController:CreateTile (int,int,UnityEngine.Color,bool) (at Assets/Scripts/Arena/GridController.cs:61)
QuizBattle.Arena.GridController:BuildGrid (int,int,int) (at Assets/Scripts/Arena/GridController.cs:44)
QuizBattle.GameState.GameManager:RunAutoPlayMatch (int,int) (at Assets/Scripts/GameState/GameManager.cs:67)
CaptureCurrentArena:Capture () (at Assets/Editor/CaptureCurrentArena.cs:22)

[Assets/Scripts/Arena/GridController.cs line 44]

Tile_0_5: Destroy may not be called from edit mode! Use DestroyImmediate instead.
Destroying an object in edit mode destroys it permanently
UnityEngine.Debug:ExtractStackTraceNoAlloc (byte*,int,string)
UnityEngine.StackTraceUtility:ExtractStackTrace ()
UnityEngine.Object:Destroy (UnityEngine.Object,single)
UnityEngine.Object:Destroy (UnityEngine.Object)
QuizBattle.Arena.GridController:CreateTile (int,int,UnityEngine.Color,bool) (at Assets/Scripts/Arena/GridController.cs:61)
QuizBattle.Arena.GridController:BuildGrid (int,int,int) (at Assets/Scripts/Arena/GridController.cs:44)
QuizBattle.GameState.GameManager:RunAutoPlayMatch (int,int) (at Assets/Scripts/GameState/GameManager.cs:67)
CaptureCurrentArena:Capture () (at Assets/Editor/CaptureCurrentArena.cs:22)

[Assets/Scripts/Arena/GridController.cs line 44]

ZoneGlow_0_5: Destroy may not be called from edit mode! Use DestroyImmediate instead.
Destroying an object in edit mode destroys it permanently
UnityEngine.Debug:ExtractStackTraceNoAlloc (byte*,int,string)
UnityEngine.StackTraceUtility:ExtractStackTrace ()
UnityEngine.Object:Destroy (UnityEngine.Object,single)
UnityEngine.Object:Destroy (UnityEngine.Object)
QuizBattle.Arena.GridController:CreateZoneGlow (int,int,bool,bool) (at Assets/Scripts/Arena/GridController.cs:121)
QuizBattle.Arena.GridController:BuildGrid (int,int,int) (at Assets/Scripts/Arena/GridController.cs:45)
QuizBattle.GameState.GameManager:RunAutoPlayMatch (int,int) (at Assets/Scripts/GameState/GameManager.cs:67)
CaptureCurrentArena:Capture () (at Assets/Editor/CaptureCurrentArena.cs:22)

[Assets/Scripts/Arena/GridController.cs line 121]

SpotFan_0_5: Destroy may not be called from edit mode! Use DestroyImmediate instead.
Destroying an object in edit mode destroys it permanently
UnityEngine.Debug:ExtractStackTraceNoAlloc (byte*,int,string)
UnityEngine.StackTraceUtility:ExtractStackTrace ()
UnityEngine.Object:Destroy (UnityEngine.Object,single)
UnityEngine.Object:Destroy (UnityEngine.Object)
QuizBattle.Arena.GridController:CreateZoneGlow (int,int,bool,bool) (at Assets/Scripts/Arena/GridController.cs:145)
QuizBattle.Arena.GridController:BuildGrid (int,int,int) (at Assets/Scripts/Arena/GridController.cs:45)
QuizBattle.GameState.GameManager:RunAutoPlayMatch (int,int) (at Assets/Scripts/GameState/GameManager.cs:67)
CaptureCurrentArena:Capture () (at Assets/Editor/CaptureCurrentArena.cs:22)

[Assets/Scripts/Arena/GridController.cs line 145]

Pillar: Destroy may not be called from edit mode! Use DestroyImmediate instead.
Destroying an object in edit mode destroys it permanently
UnityEngine.Debug:ExtractStackTraceNoAlloc (byte*,int,string)
UnityEngine.StackTraceUtility:ExtractStackTrace ()
UnityEngine.Object:Destroy (UnityEngine.Object,single)
UnityEngine.Object:Destroy (UnityEngine.Object)
QuizBattle.Arena.GridController:CreateGoalPost (int,int,bool) (at Assets/Scripts/Arena/GridController.cs:182)
QuizBattle.Arena.GridController:CreateZoneGlow (int,int,bool,bool) (at Assets/Scripts/Arena/GridController.cs:163)
QuizBattle.Arena.GridController:BuildGrid (int,int,int) (at Assets/Scripts/Arena/GridController.cs:45)
QuizBattle.GameState.GameManager:RunAutoPlayMatch (int,int) (at Assets/Scripts/GameState/GameManager.cs:67)
CaptureCurrentArena:Capture () (at Assets/Editor/CaptureCurrentArena.cs:22)

[Assets/Scripts/Arena/GridController.cs line 182]

CrownCap: Destroy may not be called from edit mode! Use DestroyImmediate instead.
Destroying an object in edit mode destroys it permanently
UnityEngine.Debug:ExtractStackTraceNoAlloc (byte*,int,string)
UnityEngine.StackTraceUtility:ExtractStackTrace ()
UnityEngine.Object:Destroy (UnityEngine.Object,single)
UnityEngine.Object:Destroy (UnityEngine.Object)
QuizBattle.Arena.GridController:CreateGoalPost (int,int,bool) (at Assets/Scripts/Arena/GridController.cs:191)
QuizBattle.Arena.GridController:CreateZoneGlow (int,int,bool,bool) (at Assets/Scripts/Arena/GridController.cs:163)
QuizBattle.Arena.GridController:BuildGrid (int,int,int) (at Assets/Scripts/Arena/GridController.cs:45)
QuizBattle.GameState.GameManager:RunAutoPlayMatch (int,int) (at Assets/Scripts/GameState/GameManager.cs:67)
CaptureCurrentArena:Capture () (at Assets/Editor/CaptureCurrentArena.cs:22)

[Assets/Scripts/Arena/GridController.cs line 191]

Bracket_0: Destroy may not be called from edit mode! Use DestroyImmediate instead.
Destroying an object in edit mode destroys it permanently
UnityEngine.Debug:ExtractStackTraceNoAlloc (byte*,int,string)
UnityEngine.StackTraceUtility:ExtractStackTrace ()
UnityEngine.Object:Destroy (UnityEngine.Object,single)
UnityEngine.Object:Destroy (UnityEngine.Object)
QuizBattle.Arena.GridController:CreateGoalPost (int,int,bool) (at Assets/Scripts/Arena/GridController.cs:219)
QuizBattle.Arena.GridController:CreateZoneGlow (int,int,bool,bool) (at Assets/Scripts/Arena/GridController.cs:163)
QuizBattle.Arena.GridController:BuildGrid (int,int,int) (at Assets/Scripts/Arena/GridController.cs:45)
QuizBattle.GameState.GameManager:RunAutoPlayMatch (int,int) (at Assets/Scripts/GameState/GameManager.cs:67)
CaptureCurrentArena:Capture () (at Assets/Editor/CaptureCurrentArena.cs:22)

[Assets/Scripts/Arena/GridController.cs line 219]

Bracket_1: Destroy may not be called from edit mode! Use DestroyImmediate instead.
Destroying an object in edit mode destroys it permanently
UnityEngine.Debug:ExtractStackTraceNoAlloc (byte*,int,string)
UnityEngine.StackTraceUtility:ExtractStackTrace ()
UnityEngine.Object:Destroy (UnityEngine.Object,single)
UnityEngine.Object:Destroy (UnityEngine.Object)
QuizBattle.Arena.GridController:CreateGoalPost (int,int,bool) (at Assets/Scripts/Arena/GridController.cs:219)
QuizBattle.Arena.GridController:CreateZoneGlow (int,int,bool,bool) (at Assets/Scripts/Arena/GridController.cs:163)
QuizBattle.Arena.GridController:BuildGrid (int,int,int) (at Assets/Scripts/Arena/GridController.cs:45)
QuizBattle.GameState.GameManager:RunAutoPlayMatch (int,int) (at Assets/Scripts/GameState/GameManager.cs:67)
CaptureCurrentArena:Capture () (at Assets/Editor/CaptureCurrentArena.cs:22)

[Assets/Scripts/Arena/GridController.cs line 219]

Bracket_2: Destroy may not be called from edit mode! Use DestroyImmediate instead.
Destroying an object in edit mode destroys it permanently
UnityEngine.Debug:ExtractStackTraceNoAlloc (byte*,int,string)
UnityEngine.StackTraceUtility:ExtractStackTrace ()
UnityEngine.Object:Destroy (UnityEngine.Object,single)
UnityEngine.Object:Destroy (UnityEngine.Object)
QuizBattle.Arena.GridController:CreateGoalPost (int,int,bool) (at Assets/Scripts/Arena/GridController.cs:219)
QuizBattle.Arena.GridController:CreateZoneGlow (int,int,bool,bool) (at Assets/Scripts/Arena/GridController.cs:163)
QuizBattle.Arena.GridController:BuildGrid (int,int,int) (at Assets/Scripts/Arena/GridController.cs:45)
QuizBattle.GameState.GameManager:RunAutoPlayMatch (int,int) (at Assets/Scripts/GameState/GameManager.cs:67)
CaptureCurrentArena:Capture () (at Assets/Editor/CaptureCurrentArena.cs:22)

[Assets/Scripts/Arena/GridController.cs line 219]

Tile_1_0: Destroy may not be called from edit mode! Use DestroyImmediate instead.
Destroying an object in edit mode destroys it permanently
UnityEngine.Debug:ExtractStackTraceNoAlloc (byte*,int,string)
UnityEngine.StackTraceUtility:ExtractStackTrace ()
UnityEngine.Object:Destroy (UnityEngine.Object,single)
UnityEngine.Object:Destroy (UnityEngine.Object)
QuizBattle.Arena.GridController:CreateTile (int,int,UnityEngine.Color,bool) (at Assets/Scripts/Arena/GridController.cs:61)
QuizBattle.Arena.GridController:BuildGrid (int,int,int) (at Assets/Scripts/Arena/GridController.cs:44)
QuizBattle.GameState.GameManager:RunAutoPlayMatch (int,int) (at Assets/Scripts/GameState/GameManager.cs:67)
CaptureCurrentArena:Capture () (at Assets/Editor/CaptureCurrentArena.cs:22)

[Assets/Scripts/Arena/GridController.cs line 44]

Tile_1_1: Destroy may not be called from edit mode! Use DestroyImmediate instead.
Destroying an object in edit mode destroys it permanently
UnityEngine.Debug:ExtractStackTraceNoAlloc (byte*,int,string)
UnityEngine.StackTraceUtility:ExtractStackTrace ()
UnityEngine.Object:Destroy (UnityEngine.Object,single)
UnityEngine.Object:Destroy (UnityEngine.Object)
QuizBattle.Arena.GridController:CreateTile (int,int,UnityEngine.Color,bool) (at Assets/Scripts/Arena/GridController.cs:61)
QuizBattle.Arena.GridController:BuildGrid (int,int,int) (at Assets/Scripts/Arena/GridController.cs:44)
QuizBattle.GameState.GameManager:RunAutoPlayMatch (int,int) (at Assets/Scripts/GameState/GameManager.cs:67)
CaptureCurrentArena:Capture () (at Assets/Editor/CaptureCurrentArena.cs:22)

[Assets/Scripts/Arena/GridController.cs line 44]

Tile_1_2: Destroy may not be called from edit mode! Use DestroyImmediate instead.
Destroying an object in edit mode destroys it permanently
UnityEngine.Debug:ExtractStackTraceNoAlloc (byte*,int,string)
UnityEngine.StackTraceUtility:ExtractStackTrace ()
UnityEngine.Object:Destroy (UnityEngine.Object,single)
UnityEngine.Object:Destroy (UnityEngine.Object)
QuizBattle.Arena.GridController:CreateTile (int,int,UnityEngine.Color,bool) (at Assets/Scripts/Arena/GridController.cs:61)
QuizBattle.Arena.GridController:BuildGrid (int,int,int) (at Assets/Scripts/Arena/GridController.cs:44)
QuizBattle.GameState.GameManager:RunAutoPlayMatch (int,int) (at Assets/Scripts/GameState/GameManager.cs:67)
CaptureCurrentArena:Capture () (at Assets/Editor/CaptureCurrentArena.cs:22)

[Assets/Scripts/Arena/GridController.cs line 44]

Tile_1_3: Destroy may not be called from edit mode! Use DestroyImmediate instead.
Destroying an object in edit mode destroys it permanently
UnityEngine.Debug:ExtractStackTraceNoAlloc (byte*,int,string)
UnityEngine.StackTraceUtility:ExtractStackTrace ()
UnityEngine.Object:Destroy (UnityEngine.Object,single)
UnityEngine.Object:Destroy (UnityEngine.Object)
QuizBattle.Arena.GridController:CreateTile (int,int,UnityEngine.Color,bool) (at Assets/Scripts/Arena/GridController.cs:61)
QuizBattle.Arena.GridController:BuildGrid (int,int,int) (at Assets/Scripts/Arena/GridController.cs:44)
QuizBattle.GameState.GameManager:RunAutoPlayMatch (int,int) (at Assets/Scripts/GameState/GameManager.cs:67)
CaptureCurrentArena:Capture () (at Assets/Editor/CaptureCurrentArena.cs:22)

[Assets/Scripts/Arena/GridController.cs line 44]

Tile_1_4: Destroy may not be called from edit mode! Use DestroyImmediate instead.
Destroying an object in edit mode destroys it permanently
UnityEngine.Debug:ExtractStackTraceNoAlloc (byte*,int,string)
UnityEngine.StackTraceUtility:ExtractStackTrace ()
UnityEngine.Object:Destroy (UnityEngine.Object,single)
UnityEngine.Object:Destroy (UnityEngine.Object)
QuizBattle.Arena.GridController:CreateTile (int,int,UnityEngine.Color,bool) (at Assets/Scripts/Arena/GridController.cs:61)
QuizBattle.Arena.GridController:BuildGrid (int,int,int) (at Assets/Scripts/Arena/GridController.cs:44)
QuizBattle.GameState.GameManager:RunAutoPlayMatch (int,int) (at Assets/Scripts/GameState/GameManager.cs:67)
CaptureCurrentArena:Capture () (at Assets/Editor/CaptureCurrentArena.cs:22)

[Assets/Scripts/Arena/GridController.cs line 44]

Tile_1_5: Destroy may not be called from edit mode! Use DestroyImmediate instead.
Destroying an object in edit mode destroys it permanently
UnityEngine.Debug:ExtractStackTraceNoAlloc (byte*,int,string)
UnityEngine.StackTraceUtility:ExtractStackTrace ()
UnityEngine.Object:Destroy (UnityEngine.Object,single)
UnityEngine.Object:Destroy (UnityEngine.Object)
QuizBattle.Arena.GridController:CreateTile (int,int,UnityEngine.Color,bool) (at Assets/Scripts/Arena/GridController.cs:61)
QuizBattle.Arena.GridController:BuildGrid (int,int,int) (at Assets/Scripts/Arena/GridController.cs:44)
QuizBattle.GameState.GameManager:RunAutoPlayMatch (int,int) (at Assets/Scripts/GameState/GameManager.cs:67)
CaptureCurrentArena:Capture () (at Assets/Editor/CaptureCurrentArena.cs:22)

[Assets/Scripts/Arena/GridController.cs line 44]

ZoneGlow_1_5: Destroy may not be called from edit mode! Use DestroyImmediate instead.
Destroying an object in edit mode destroys it permanently
UnityEngine.Debug:ExtractStackTraceNoAlloc (byte*,int,string)
UnityEngine.StackTraceUtility:ExtractStackTrace ()
UnityEngine.Object:Destroy (UnityEngine.Object,single)
UnityEngine.Object:Destroy (UnityEngine.Object)
QuizBattle.Arena.GridController:CreateZoneGlow (int,int,bool,bool) (at Assets/Scripts/Arena/GridController.cs:121)
QuizBattle.Arena.GridController:BuildGrid (int,int,int) (at Assets/Scripts/Arena/GridController.cs:45)
QuizBattle.GameState.GameManager:RunAutoPlayMatch (int,int) (at Assets/Scripts/GameState/GameManager.cs:67)
CaptureCurrentArena:Capture () (at Assets/Editor/CaptureCurrentArena.cs:22)

[Assets/Scripts/Arena/GridController.cs line 121]

SpotFan_1_5: Destroy may not be called from edit mode! Use DestroyImmediate instead.
Destroying an object in edit mode destroys it permanently
UnityEngine.Debug:ExtractStackTraceNoAlloc (byte*,int,string)
UnityEngine.StackTraceUtility:ExtractStackTrace ()
UnityEngine.Object:Destroy (UnityEngine.Object,single)
UnityEngine.Object:Destroy (UnityEngine.Object)
QuizBattle.Arena.GridController:CreateZoneGlow (int,int,bool,bool) (at Assets/Scripts/Arena/GridController.cs:145)
QuizBattle.Arena.GridController:BuildGrid (int,int,int) (at Assets/Scripts/Arena/GridController.cs:45)
QuizBattle.GameState.GameManager:RunAutoPlayMatch (int,int) (at Assets/Scripts/GameState/GameManager.cs:67)
CaptureCurrentArena:Capture () (at Assets/Editor/CaptureCurrentArena.cs:22)

[Assets/Scripts/Arena/GridController.cs line 145]

Tile_2_0: Destroy may not be called from edit mode! Use DestroyImmediate instead.
Destroying an object in edit mode destroys it permanently
UnityEngine.Debug:ExtractStackTraceNoAlloc (byte*,int,string)
UnityEngine.StackTraceUtility:ExtractStackTrace ()
UnityEngine.Object:Destroy (UnityEngine.Object,single)
UnityEngine.Object:Destroy (UnityEngine.Object)
QuizBattle.Arena.GridController:CreateTile (int,int,UnityEngine.Color,bool) (at Assets/Scripts/Arena/GridController.cs:61)
QuizBattle.Arena.GridController:BuildGrid (int,int,int) (at Assets/Scripts/Arena/GridController.cs:44)
QuizBattle.GameState.GameManager:RunAutoPlayMatch (int,int) (at Assets/Scripts/GameState/GameManager.cs:67)
CaptureCurrentArena:Capture () (at Assets/Editor/CaptureCurrentArena.cs:22)

[Assets/Scripts/Arena/GridController.cs line 44]

Tile_2_1: Destroy may not be called from edit mode! Use DestroyImmediate instead.
Destroying an object in edit mode destroys it permanently
UnityEngine.Debug:ExtractStackTraceNoAlloc (byte*,int,string)
UnityEngine.StackTraceUtility:ExtractStackTrace ()
UnityEngine.Object:Destroy (UnityEngine.Object,single)
UnityEngine.Object:Destroy (UnityEngine.Object)
QuizBattle.Arena.GridController:CreateTile (int,int,UnityEngine.Color,bool) (at Assets/Scripts/Arena/GridController.cs:61)
QuizBattle.Arena.GridController:BuildGrid (int,int,int) (at Assets/Scripts/Arena/GridController.cs:44)
QuizBattle.GameState.GameManager:RunAutoPlayMatch (int,int) (at Assets/Scripts/GameState/GameManager.cs:67)
CaptureCurrentArena:Capture () (at Assets/Editor/CaptureCurrentArena.cs:22)

[Assets/Scripts/Arena/GridController.cs line 44]

Tile_2_2: Destroy may not be called from edit mode! Use DestroyImmediate instead.
Destroying an object in edit mode destroys it permanently
UnityEngine.Debug:ExtractStackTraceNoAlloc (byte*,int,string)
UnityEngine.StackTraceUtility:ExtractStackTrace ()
UnityEngine.Object:Destroy (UnityEngine.Object,single)
UnityEngine.Object:Destroy (UnityEngine.Object)
QuizBattle.Arena.GridController:CreateTile (int,int,UnityEngine.Color,bool) (at Assets/Scripts/Arena/GridController.cs:61)
QuizBattle.Arena.GridController:BuildGrid (int,int,int) (at Assets/Scripts/Arena/GridController.cs:44)
QuizBattle.GameState.GameManager:RunAutoPlayMatch (int,int) (at Assets/Scripts/GameState/GameManager.cs:67)
CaptureCurrentArena:Capture () (at Assets/Editor/CaptureCurrentArena.cs:22)

[Assets/Scripts/Arena/GridController.cs line 44]

Tile_2_3: Destroy may not be called from edit mode! Use DestroyImmediate instead.
Destroying an object in edit mode destroys it permanently
UnityEngine.Debug:ExtractStackTraceNoAlloc (byte*,int,string)
UnityEngine.StackTraceUtility:ExtractStackTrace ()
UnityEngine.Object:Destroy (UnityEngine.Object,single)
UnityEngine.Object:Destroy (UnityEngine.Object)
QuizBattle.Arena.GridController:CreateTile (int,int,UnityEngine.Color,bool) (at Assets/Scripts/Arena/GridController.cs:61)
QuizBattle.Arena.GridController:BuildGrid (int,int,int) (at Assets/Scripts/Arena/GridController.cs:44)
QuizBattle.GameState.GameManager:RunAutoPlayMatch (int,int) (at Assets/Scripts/GameState/GameManager.cs:67)
CaptureCurrentArena:Capture () (at Assets/Editor/CaptureCurrentArena.cs:22)

[Assets/Scripts/Arena/GridController.cs line 44]

Tile_2_4: Destroy may not be called from edit mode! Use DestroyImmediate instead.
Destroying an object in edit mode destroys it permanently
UnityEngine.Debug:ExtractStackTraceNoAlloc (byte*,int,string)
UnityEngine.StackTraceUtility:ExtractStackTrace ()
UnityEngine.Object:Destroy (UnityEngine.Object,single)
UnityEngine.Object:Destroy (UnityEngine.Object)
QuizBattle.Arena.GridController:CreateTile (int,int,UnityEngine.Color,bool) (at Assets/Scripts/Arena/GridController.cs:61)
QuizBattle.Arena.GridController:BuildGrid (int,int,int) (at Assets/Scripts/Arena/GridController.cs:44)
QuizBattle.GameState.GameManager:RunAutoPlayMatch (int,int) (at Assets/Scripts/GameState/GameManager.cs:67)
CaptureCurrentArena:Capture () (at Assets/Editor/CaptureCurrentArena.cs:22)

[Assets/Scripts/Arena/GridController.cs line 44]

Tile_2_5: Destroy may not be called from edit mode! Use DestroyImmediate instead.
Destroying an object in edit mode destroys it permanently
UnityEngine.Debug:ExtractStackTraceNoAlloc (byte*,int,string)
UnityEngine.StackTraceUtility:ExtractStackTrace ()
UnityEngine.Object:Destroy (UnityEngine.Object,single)
UnityEngine.Object:Destroy (UnityEngine.Object)
QuizBattle.Arena.GridController:CreateTile (int,int,UnityEngine.Color,bool) (at Assets/Scripts/Arena/GridController.cs:61)
QuizBattle.Arena.GridController:BuildGrid (int,int,int) (at Assets/Scripts/Arena/GridController.cs:44)
QuizBattle.GameState.GameManager:RunAutoPlayMatch (int,int) (at Assets/Scripts/GameState/GameManager.cs:67)
CaptureCurrentArena:Capture () (at Assets/Editor/CaptureCurrentArena.cs:22)

[Assets/Scripts/Arena/GridController.cs line 44]

ZoneGlow_2_5: Destroy may not be called from edit mode! Use DestroyImmediate instead.
Destroying an object in edit mode destroys it permanently
UnityEngine.Debug:ExtractStackTraceNoAlloc (byte*,int,string)
UnityEngine.StackTraceUtility:ExtractStackTrace ()
UnityEngine.Object:Destroy (UnityEngine.Object,single)
UnityEngine.Object:Destroy (UnityEngine.Object)
QuizBattle.Arena.GridController:CreateZoneGlow (int,int,bool,bool) (at Assets/Scripts/Arena/GridController.cs:121)
QuizBattle.Arena.GridController:BuildGrid (int,int,int) (at Assets/Scripts/Arena/GridController.cs:45)
QuizBattle.GameState.GameManager:RunAutoPlayMatch (int,int) (at Assets/Scripts/GameState/GameManager.cs:67)
CaptureCurrentArena:Capture () (at Assets/Editor/CaptureCurrentArena.cs:22)

[Assets/Scripts/Arena/GridController.cs line 121]

SpotFan_2_5: Destroy may not be called from edit mode! Use DestroyImmediate instead.
Destroying an object in edit mode destroys it permanently
UnityEngine.Debug:ExtractStackTraceNoAlloc (byte*,int,string)
UnityEngine.StackTraceUtility:ExtractStackTrace ()
UnityEngine.Object:Destroy (UnityEngine.Object,single)
UnityEngine.Object:Destroy (UnityEngine.Object)
QuizBattle.Arena.GridController:CreateZoneGlow (int,int,bool,bool) (at Assets/Scripts/Arena/GridController.cs:145)
QuizBattle.Arena.GridController:BuildGrid (int,int,int) (at Assets/Scripts/Arena/GridController.cs:45)
QuizBattle.GameState.GameManager:RunAutoPlayMatch (int,int) (at Assets/Scripts/GameState/GameManager.cs:67)
CaptureCurrentArena:Capture () (at Assets/Editor/CaptureCurrentArena.cs:22)

[Assets/Scripts/Arena/GridController.cs line 145]

Tile_3_0: Destroy may not be called from edit mode! Use DestroyImmediate instead.
Destroying an object in edit mode destroys it permanently
UnityEngine.Debug:ExtractStackTraceNoAlloc (byte*,int,string)
UnityEngine.StackTraceUtility:ExtractStackTrace ()
UnityEngine.Object:Destroy (UnityEngine.Object,single)
UnityEngine.Object:Destroy (UnityEngine.Object)
QuizBattle.Arena.GridController:CreateTile (int,int,UnityEngine.Color,bool) (at Assets/Scripts/Arena/GridController.cs:61)
QuizBattle.Arena.GridController:BuildGrid (int,int,int) (at Assets/Scripts/Arena/GridController.cs:44)
QuizBattle.GameState.GameManager:RunAutoPlayMatch (int,int) (at Assets/Scripts/GameState/GameManager.cs:67)
CaptureCurrentArena:Capture () (at Assets/Editor/CaptureCurrentArena.cs:22)

[Assets/Scripts/Arena/GridController.cs line 44]

Tile_3_1: Destroy may not be called from edit mode! Use DestroyImmediate instead.
Destroying an object in edit mode destroys it permanently
UnityEngine.Debug:ExtractStackTraceNoAlloc (byte*,int,string)
UnityEngine.StackTraceUtility:ExtractStackTrace ()
UnityEngine.Object:Destroy (UnityEngine.Object,single)
UnityEngine.Object:Destroy (UnityEngine.Object)
QuizBattle.Arena.GridController:CreateTile (int,int,UnityEngine.Color,bool) (at Assets/Scripts/Arena/GridController.cs:61)
QuizBattle.Arena.GridController:BuildGrid (int,int,int) (at Assets/Scripts/Arena/GridController.cs:44)
QuizBattle.GameState.GameManager:RunAutoPlayMatch (int,int) (at Assets/Scripts/GameState/GameManager.cs:67)
CaptureCurrentArena:Capture () (at Assets/Editor/CaptureCurrentArena.cs:22)

[Assets/Scripts/Arena/GridController.cs line 44]

Tile_3_2: Destroy may not be called from edit mode! Use DestroyImmediate instead.
Destroying an object in edit mode destroys it permanently
UnityEngine.Debug:ExtractStackTraceNoAlloc (byte*,int,string)
UnityEngine.StackTraceUtility:ExtractStackTrace ()
UnityEngine.Object:Destroy (UnityEngine.Object,single)
UnityEngine.Object:Destroy (UnityEngine.Object)
QuizBattle.Arena.GridController:CreateTile (int,int,UnityEngine.Color,bool) (at Assets/Scripts/Arena/GridController.cs:61)
QuizBattle.Arena.GridController:BuildGrid (int,int,int) (at Assets/Scripts/Arena/GridController.cs:44)
QuizBattle.GameState.GameManager:RunAutoPlayMatch (int,int) (at Assets/Scripts/GameState/GameManager.cs:67)
CaptureCurrentArena:Capture () (at Assets/Editor/CaptureCurrentArena.cs:22)

[Assets/Scripts/Arena/GridController.cs line 44]

Tile_3_3: Destroy may not be called from edit mode! Use DestroyImmediate instead.
Destroying an object in edit mode destroys it permanently
UnityEngine.Debug:ExtractStackTraceNoAlloc (byte*,int,string)
UnityEngine.StackTraceUtility:ExtractStackTrace ()
UnityEngine.Object:Destroy (UnityEngine.Object,single)
UnityEngine.Object:Destroy (UnityEngine.Object)
QuizBattle.Arena.GridController:CreateTile (int,int,UnityEngine.Color,bool) (at Assets/Scripts/Arena/GridController.cs:61)
QuizBattle.Arena.GridController:BuildGrid (int,int,int) (at Assets/Scripts/Arena/GridController.cs:44)
QuizBattle.GameState.GameManager:RunAutoPlayMatch (int,int) (at Assets/Scripts/GameState/GameManager.cs:67)
CaptureCurrentArena:Capture () (at Assets/Editor/CaptureCurrentArena.cs:22)

[Assets/Scripts/Arena/GridController.cs line 44]

Tile_3_4: Destroy may not be called from edit mode! Use DestroyImmediate instead.
Destroying an object in edit mode destroys it permanently
UnityEngine.Debug:ExtractStackTraceNoAlloc (byte*,int,string)
UnityEngine.StackTraceUtility:ExtractStackTrace ()
UnityEngine.Object:Destroy (UnityEngine.Object,single)
UnityEngine.Object:Destroy (UnityEngine.Object)
QuizBattle.Arena.GridController:CreateTile (int,int,UnityEngine.Color,bool) (at Assets/Scripts/Arena/GridController.cs:61)
QuizBattle.Arena.GridController:BuildGrid (int,int,int) (at Assets/Scripts/Arena/GridController.cs:44)
QuizBattle.GameState.GameManager:RunAutoPlayMatch (int,int) (at Assets/Scripts/GameState/GameManager.cs:67)
CaptureCurrentArena:Capture () (at Assets/Editor/CaptureCurrentArena.cs:22)

[Assets/Scripts/Arena/GridController.cs line 44]

Tile_3_5: Destroy may not be called from edit mode! Use DestroyImmediate instead.
Destroying an object in edit mode destroys it permanently
UnityEngine.Debug:ExtractStackTraceNoAlloc (byte*,int,string)
UnityEngine.StackTraceUtility:ExtractStackTrace ()
UnityEngine.Object:Destroy (UnityEngine.Object,single)
UnityEngine.Object:Destroy (UnityEngine.Object)
QuizBattle.Arena.GridController:CreateTile (int,int,UnityEngine.Color,bool) (at Assets/Scripts/Arena/GridController.cs:61)
QuizBattle.Arena.GridController:BuildGrid (int,int,int) (at Assets/Scripts/Arena/GridController.cs:44)
QuizBattle.GameState.GameManager:RunAutoPlayMatch (int,int) (at Assets/Scripts/GameState/GameManager.cs:67)
CaptureCurrentArena:Capture () (at Assets/Editor/CaptureCurrentArena.cs:22)

[Assets/Scripts/Arena/GridController.cs line 44]

ZoneGlow_3_5: Destroy may not be called from edit mode! Use DestroyImmediate instead.
Destroying an object in edit mode destroys it permanently
UnityEngine.Debug:ExtractStackTraceNoAlloc (byte*,int,string)
UnityEngine.StackTraceUtility:ExtractStackTrace ()
UnityEngine.Object:Destroy (UnityEngine.Object,single)
UnityEngine.Object:Destroy (UnityEngine.Object)
QuizBattle.Arena.GridController:CreateZoneGlow (int,int,bool,bool) (at Assets/Scripts/Arena/GridController.cs:121)
QuizBattle.Arena.GridController:BuildGrid (int,int,int) (at Assets/Scripts/Arena/GridController.cs:45)
QuizBattle.GameState.GameManager:RunAutoPlayMatch (int,int) (at Assets/Scripts/GameState/GameManager.cs:67)
CaptureCurrentArena:Capture () (at Assets/Editor/CaptureCurrentArena.cs:22)

[Assets/Scripts/Arena/GridController.cs line 121]

SpotFan_3_5: Destroy may not be called from edit mode! Use DestroyImmediate instead.
Destroying an object in edit mode destroys it permanently
UnityEngine.Debug:ExtractStackTraceNoAlloc (byte*,int,string)
UnityEngine.StackTraceUtility:ExtractStackTrace ()
UnityEngine.Object:Destroy (UnityEngine.Object,single)
UnityEngine.Object:Destroy (UnityEngine.Object)
QuizBattle.Arena.GridController:CreateZoneGlow (int,int,bool,bool) (at Assets/Scripts/Arena/GridController.cs:145)
QuizBattle.Arena.GridController:BuildGrid (int,int,int) (at Assets/Scripts/Arena/GridController.cs:45)
QuizBattle.GameState.GameManager:RunAutoPlayMatch (int,int) (at Assets/Scripts/GameState/GameManager.cs:67)
CaptureCurrentArena:Capture () (at Assets/Editor/CaptureCurrentArena.cs:22)

[Assets/Scripts/Arena/GridController.cs line 145]

Tile_4_0: Destroy may not be called from edit mode! Use DestroyImmediate instead.
Destroying an object in edit mode destroys it permanently
UnityEngine.Debug:ExtractStackTraceNoAlloc (byte*,int,string)
UnityEngine.StackTraceUtility:ExtractStackTrace ()
UnityEngine.Object:Destroy (UnityEngine.Object,single)
UnityEngine.Object:Destroy (UnityEngine.Object)
QuizBattle.Arena.GridController:CreateTile (int,int,UnityEngine.Color,bool) (at Assets/Scripts/Arena/GridController.cs:61)
QuizBattle.Arena.GridController:BuildGrid (int,int,int) (at Assets/Scripts/Arena/GridController.cs:44)
QuizBattle.GameState.GameManager:RunAutoPlayMatch (int,int) (at Assets/Scripts/GameState/GameManager.cs:67)
CaptureCurrentArena:Capture () (at Assets/Editor/CaptureCurrentArena.cs:22)

[Assets/Scripts/Arena/GridController.cs line 44]

Tile_4_1: Destroy may not be called from edit mode! Use DestroyImmediate instead.
Destroying an object in edit mode destroys it permanently
UnityEngine.Debug:ExtractStackTraceNoAlloc (byte*,int,string)
UnityEngine.StackTraceUtility:ExtractStackTrace ()
UnityEngine.Object:Destroy (UnityEngine.Object,single)
UnityEngine.Object:Destroy (UnityEngine.Object)
QuizBattle.Arena.GridController:CreateTile (int,int,UnityEngine.Color,bool) (at Assets/Scripts/Arena/GridController.cs:61)
QuizBattle.Arena.GridController:BuildGrid (int,int,int) (at Assets/Scripts/Arena/GridController.cs:44)
QuizBattle.GameState.GameManager:RunAutoPlayMatch (int,int) (at Assets/Scripts/GameState/GameManager.cs:67)
CaptureCurrentArena:Capture () (at Assets/Editor/CaptureCurrentArena.cs:22)

[Assets/Scripts/Arena/GridController.cs line 44]

Tile_4_2: Destroy may not be called from edit mode! Use DestroyImmediate instead.
Destroying an object in edit mode destroys it permanently
UnityEngine.Debug:ExtractStackTraceNoAlloc (byte*,int,string)
UnityEngine.StackTraceUtility:ExtractStackTrace ()
UnityEngine.Object:Destroy (UnityEngine.Object,single)
UnityEngine.Object:Destroy (UnityEngine.Object)
QuizBattle.Arena.GridController:CreateTile (int,int,UnityEngine.Color,bool) (at Assets/Scripts/Arena/GridController.cs:61)
QuizBattle.Arena.GridController:BuildGrid (int,int,int) (at Assets/Scripts/Arena/GridController.cs:44)
QuizBattle.GameState.GameManager:RunAutoPlayMatch (int,int) (at Assets/Scripts/GameState/GameManager.cs:67)
CaptureCurrentArena:Capture () (at Assets/Editor/CaptureCurrentArena.cs:22)

[Assets/Scripts/Arena/GridController.cs line 44]

Tile_4_3: Destroy may not be called from edit mode! Use DestroyImmediate instead.
Destroying an object in edit mode destroys it permanently
UnityEngine.Debug:ExtractStackTraceNoAlloc (byte*,int,string)
UnityEngine.StackTraceUtility:ExtractStackTrace ()
UnityEngine.Object:Destroy (UnityEngine.Object,single)
UnityEngine.Object:Destroy (UnityEngine.Object)
QuizBattle.Arena.GridController:CreateTile (int,int,UnityEngine.Color,bool) (at Assets/Scripts/Arena/GridController.cs:61)
QuizBattle.Arena.GridController:BuildGrid (int,int,int) (at Assets/Scripts/Arena/GridController.cs:44)
QuizBattle.GameState.GameManager:RunAutoPlayMatch (int,int) (at Assets/Scripts/GameState/GameManager.cs:67)
CaptureCurrentArena:Capture () (at Assets/Editor/CaptureCurrentArena.cs:22)

[Assets/Scripts/Arena/GridController.cs line 44]

Tile_4_4: Destroy may not be called from edit mode! Use DestroyImmediate instead.
Destroying an object in edit mode destroys it permanently
UnityEngine.Debug:ExtractStackTraceNoAlloc (byte*,int,string)
UnityEngine.StackTraceUtility:ExtractStackTrace ()
UnityEngine.Object:Destroy (UnityEngine.Object,single)
UnityEngine.Object:Destroy (UnityEngine.Object)
QuizBattle.Arena.GridController:CreateTile (int,int,UnityEngine.Color,bool) (at Assets/Scripts/Arena/GridController.cs:61)
QuizBattle.Arena.GridController:BuildGrid (int,int,int) (at Assets/Scripts/Arena/GridController.cs:44)
QuizBattle.GameState.GameManager:RunAutoPlayMatch (int,int) (at Assets/Scripts/GameState/GameManager.cs:67)
CaptureCurrentArena:Capture () (at Assets/Editor/CaptureCurrentArena.cs:22)

[Assets/Scripts/Arena/GridController.cs line 44]

Tile_4_5: Destroy may not be called from edit mode! Use DestroyImmediate instead.
Destroying an object in edit mode destroys it permanently
UnityEngine.Debug:ExtractStackTraceNoAlloc (byte*,int,string)
UnityEngine.StackTraceUtility:ExtractStackTrace ()
UnityEngine.Object:Destroy (UnityEngine.Object,single)
UnityEngine.Object:Destroy (UnityEngine.Object)
QuizBattle.Arena.GridController:CreateTile (int,int,UnityEngine.Color,bool) (at Assets/Scripts/Arena/GridController.cs:61)
QuizBattle.Arena.GridController:BuildGrid (int,int,int) (at Assets/Scripts/Arena/GridController.cs:44)
QuizBattle.GameState.GameManager:RunAutoPlayMatch (int,int) (at Assets/Scripts/GameState/GameManager.cs:67)
CaptureCurrentArena:Capture () (at Assets/Editor/CaptureCurrentArena.cs:22)

[Assets/Scripts/Arena/GridController.cs line 44]

ZoneGlow_4_5: Destroy may not be called from edit mode! Use DestroyImmediate instead.
Destroying an object in edit mode destroys it permanently
UnityEngine.Debug:ExtractStackTraceNoAlloc (byte*,int,string)
UnityEngine.StackTraceUtility:ExtractStackTrace ()
UnityEngine.Object:Destroy (UnityEngine.Object,single)
UnityEngine.Object:Destroy (UnityEngine.Object)
QuizBattle.Arena.GridController:CreateZoneGlow (int,int,bool,bool) (at Assets/Scripts/Arena/GridController.cs:121)
QuizBattle.Arena.GridController:BuildGrid (int,int,int) (at Assets/Scripts/Arena/GridController.cs:45)
QuizBattle.GameState.GameManager:RunAutoPlayMatch (int,int) (at Assets/Scripts/GameState/GameManager.cs:67)
CaptureCurrentArena:Capture () (at Assets/Editor/CaptureCurrentArena.cs:22)

[Assets/Scripts/Arena/GridController.cs line 121]

SpotFan_4_5: Destroy may not be called from edit mode! Use DestroyImmediate instead.
Destroying an object in edit mode destroys it permanently
UnityEngine.Debug:ExtractStackTraceNoAlloc (byte*,int,string)
UnityEngine.StackTraceUtility:ExtractStackTrace ()
UnityEngine.Object:Destroy (UnityEngine.Object,single)
UnityEngine.Object:Destroy (UnityEngine.Object)
QuizBattle.Arena.GridController:CreateZoneGlow (int,int,bool,bool) (at Assets/Scripts/Arena/GridController.cs:145)
QuizBattle.Arena.GridController:BuildGrid (int,int,int) (at Assets/Scripts/Arena/GridController.cs:45)
QuizBattle.GameState.GameManager:RunAutoPlayMatch (int,int) (at Assets/Scripts/GameState/GameManager.cs:67)
CaptureCurrentArena:Capture () (at Assets/Editor/CaptureCurrentArena.cs:22)

[Assets/Scripts/Arena/GridController.cs line 145]

Tile_5_0: Destroy may not be called from edit mode! Use DestroyImmediate instead.
Destroying an object in edit mode destroys it permanently
UnityEngine.Debug:ExtractStackTraceNoAlloc (byte*,int,string)
UnityEngine.StackTraceUtility:ExtractStackTrace ()
UnityEngine.Object:Destroy (UnityEngine.Object,single)
UnityEngine.Object:Destroy (UnityEngine.Object)
QuizBattle.Arena.GridController:CreateTile (int,int,UnityEngine.Color,bool) (at Assets/Scripts/Arena/GridController.cs:61)
QuizBattle.Arena.GridController:BuildGrid (int,int,int) (at Assets/Scripts/Arena/GridController.cs:44)
QuizBattle.GameState.GameManager:RunAutoPlayMatch (int,int) (at Assets/Scripts/GameState/GameManager.cs:67)
CaptureCurrentArena:Capture () (at Assets/Editor/CaptureCurrentArena.cs:22)

[Assets/Scripts/Arena/GridController.cs line 44]

Tile_5_1: Destroy may not be called from edit mode! Use DestroyImmediate instead.
Destroying an object in edit mode destroys it permanently
UnityEngine.Debug:ExtractStackTraceNoAlloc (byte*,int,string)
UnityEngine.StackTraceUtility:ExtractStackTrace ()
UnityEngine.Object:Destroy (UnityEngine.Object,single)
UnityEngine.Object:Destroy (UnityEngine.Object)
QuizBattle.Arena.GridController:CreateTile (int,int,UnityEngine.Color,bool) (at Assets/Scripts/Arena/GridController.cs:61)
QuizBattle.Arena.GridController:BuildGrid (int,int,int) (at Assets/Scripts/Arena/GridController.cs:44)
QuizBattle.GameState.GameManager:RunAutoPlayMatch (int,int) (at Assets/Scripts/GameState/GameManager.cs:67)
CaptureCurrentArena:Capture () (at Assets/Editor/CaptureCurrentArena.cs:22)

[Assets/Scripts/Arena/GridController.cs line 44]

Worker ready: AssetImportWorkerHW0 0
Tile_5_2: Destroy may not be called from edit mode! Use DestroyImmediate instead.
Destroying an object in edit mode destroys it permanently
UnityEngine.Debug:ExtractStackTraceNoAlloc (byte*,int,string)
UnityEngine.StackTraceUtility:ExtractStackTrace ()
UnityEngine.Object:Destroy (UnityEngine.Object,single)
UnityEngine.Object:Destroy (UnityEngine.Object)
QuizBattle.Arena.GridController:CreateTile (int,int,UnityEngine.Color,bool) (at Assets/Scripts/Arena/GridController.cs:61)
QuizBattle.Arena.GridController:BuildGrid (int,int,int) (at Assets/Scripts/Arena/GridController.cs:44)
QuizBattle.GameState.GameManager:RunAutoPlayMatch (int,int) (at Assets/Scripts/GameState/GameManager.cs:67)
CaptureCurrentArena:Capture () (at Assets/Editor/CaptureCurrentArena.cs:22)

[Assets/Scripts/Arena/GridController.cs line 44]

Tile_5_3: Destroy may not be called from edit mode! Use DestroyImmediate instead.
Destroying an object in edit mode destroys it permanently
UnityEngine.Debug:ExtractStackTraceNoAlloc (byte*,int,string)
UnityEngine.StackTraceUtility:ExtractStackTrace ()
UnityEngine.Object:Destroy (UnityEngine.Object,single)
UnityEngine.Object:Destroy (UnityEngine.Object)
QuizBattle.Arena.GridController:CreateTile (int,int,UnityEngine.Color,bool) (at Assets/Scripts/Arena/GridController.cs:61)
QuizBattle.Arena.GridController:BuildGrid (int,int,int) (at Assets/Scripts/Arena/GridController.cs:44)
QuizBattle.GameState.GameManager:RunAutoPlayMatch (int,int) (at Assets/Scripts/GameState/GameManager.cs:67)
CaptureCurrentArena:Capture () (at Assets/Editor/CaptureCurrentArena.cs:22)

[Assets/Scripts/Arena/GridController.cs line 44]

Tile_5_4: Destroy may not be called from edit mode! Use DestroyImmediate instead.
Destroying an object in edit mode destroys it permanently
UnityEngine.Debug:ExtractStackTraceNoAlloc (byte*,int,string)
UnityEngine.StackTraceUtility:ExtractStackTrace ()
UnityEngine.Object:Destroy (UnityEngine.Object,single)
UnityEngine.Object:Destroy (UnityEngine.Object)
QuizBattle.Arena.GridController:CreateTile (int,int,UnityEngine.Color,bool) (at Assets/Scripts/Arena/GridController.cs:61)
QuizBattle.Arena.GridController:BuildGrid (int,int,int) (at Assets/Scripts/Arena/GridController.cs:44)
QuizBattle.GameState.GameManager:RunAutoPlayMatch (int,int) (at Assets/Scripts/GameState/GameManager.cs:67)
CaptureCurrentArena:Capture () (at Assets/Editor/CaptureCurrentArena.cs:22)

[Assets/Scripts/Arena/GridController.cs line 44]

Tile_5_5: Destroy may not be called from edit mode! Use DestroyImmediate instead.
Destroying an object in edit mode destroys it permanently
UnityEngine.Debug:ExtractStackTraceNoAlloc (byte*,int,string)
UnityEngine.StackTraceUtility:ExtractStackTrace ()
UnityEngine.Object:Destroy (UnityEngine.Object,single)
UnityEngine.Object:Destroy (UnityEngine.Object)
QuizBattle.Arena.GridController:CreateTile (int,int,UnityEngine.Color,bool) (at Assets/Scripts/Arena/GridController.cs:61)
QuizBattle.Arena.GridController:BuildGrid (int,int,int) (at Assets/Scripts/Arena/GridController.cs:44)
QuizBattle.GameState.GameManager:RunAutoPlayMatch (int,int) (at Assets/Scripts/GameState/GameManager.cs:67)
CaptureCurrentArena:Capture () (at Assets/Editor/CaptureCurrentArena.cs:22)

[Assets/Scripts/Arena/GridController.cs line 44]

ZoneGlow_5_5: Destroy may not be called from edit mode! Use DestroyImmediate instead.
Destroying an object in edit mode destroys it permanently
UnityEngine.Debug:ExtractStackTraceNoAlloc (byte*,int,string)
UnityEngine.StackTraceUtility:ExtractStackTrace ()
UnityEngine.Object:Destroy (UnityEngine.Object,single)
UnityEngine.Object:Destroy (UnityEngine.Object)
QuizBattle.Arena.GridController:CreateZoneGlow (int,int,bool,bool) (at Assets/Scripts/Arena/GridController.cs:121)
QuizBattle.Arena.GridController:BuildGrid (int,int,int) (at Assets/Scripts/Arena/GridController.cs:45)
QuizBattle.GameState.GameManager:RunAutoPlayMatch (int,int) (at Assets/Scripts/GameState/GameManager.cs:67)
CaptureCurrentArena:Capture () (at Assets/Editor/CaptureCurrentArena.cs:22)

[Assets/Scripts/Arena/GridController.cs line 121]

SpotFan_5_5: Destroy may not be called from edit mode! Use DestroyImmediate instead.
Destroying an object in edit mode destroys it permanently
UnityEngine.Debug:ExtractStackTraceNoAlloc (byte*,int,string)
UnityEngine.StackTraceUtility:ExtractStackTrace ()
UnityEngine.Object:Destroy (UnityEngine.Object,single)
UnityEngine.Object:Destroy (UnityEngine.Object)
QuizBattle.Arena.GridController:CreateZoneGlow (int,int,bool,bool) (at Assets/Scripts/Arena/GridController.cs:145)
QuizBattle.Arena.GridController:BuildGrid (int,int,int) (at Assets/Scripts/Arena/GridController.cs:45)
QuizBattle.GameState.GameManager:RunAutoPlayMatch (int,int) (at Assets/Scripts/GameState/GameManager.cs:67)
CaptureCurrentArena:Capture () (at Assets/Editor/CaptureCurrentArena.cs:22)

[Assets/Scripts/Arena/GridController.cs line 145]

Tile_6_0: Destroy may not be called from edit mode! Use DestroyImmediate instead.
Destroying an object in edit mode destroys it permanently
UnityEngine.Debug:ExtractStackTraceNoAlloc (byte*,int,string)
UnityEngine.StackTraceUtility:ExtractStackTrace ()
UnityEngine.Object:Destroy (UnityEngine.Object,single)
UnityEngine.Object:Destroy (UnityEngine.Object)
QuizBattle.Arena.GridController:CreateTile (int,int,UnityEngine.Color,bool) (at Assets/Scripts/Arena/GridController.cs:61)
QuizBattle.Arena.GridController:BuildGrid (int,int,int) (at Assets/Scripts/Arena/GridController.cs:44)
QuizBattle.GameState.GameManager:RunAutoPlayMatch (int,int) (at Assets/Scripts/GameState/GameManager.cs:67)
CaptureCurrentArena:Capture () (at Assets/Editor/CaptureCurrentArena.cs:22)

[Assets/Scripts/Arena/GridController.cs line 44]

Tile_6_1: Destroy may not be called from edit mode! Use DestroyImmediate instead.
Destroying an object in edit mode destroys it permanently
UnityEngine.Debug:ExtractStackTraceNoAlloc (byte*,int,string)
UnityEngine.StackTraceUtility:ExtractStackTrace ()
UnityEngine.Object:Destroy (UnityEngine.Object,single)
UnityEngine.Object:Destroy (UnityEngine.Object)
QuizBattle.Arena.GridController:CreateTile (int,int,UnityEngine.Color,bool) (at Assets/Scripts/Arena/GridController.cs:61)
QuizBattle.Arena.GridController:BuildGrid (int,int,int) (at Assets/Scripts/Arena/GridController.cs:44)
QuizBattle.GameState.GameManager:RunAutoPlayMatch (int,int) (at Assets/Scripts/GameState/GameManager.cs:67)
CaptureCurrentArena:Capture () (at Assets/Editor/CaptureCurrentArena.cs:22)

[Assets/Scripts/Arena/GridController.cs line 44]

Tile_6_2: Destroy may not be called from edit mode! Use DestroyImmediate instead.
Destroying an object in edit mode destroys it permanently
UnityEngine.Debug:ExtractStackTraceNoAlloc (byte*,int,string)
UnityEngine.StackTraceUtility:ExtractStackTrace ()
UnityEngine.Object:Destroy (UnityEngine.Object,single)
UnityEngine.Object:Destroy (UnityEngine.Object)
QuizBattle.Arena.GridController:CreateTile (int,int,UnityEngine.Color,bool) (at Assets/Scripts/Arena/GridController.cs:61)
QuizBattle.Arena.GridController:BuildGrid (int,int,int) (at Assets/Scripts/Arena/GridController.cs:44)
QuizBattle.GameState.GameManager:RunAutoPlayMatch (int,int) (at Assets/Scripts/GameState/GameManager.cs:67)
CaptureCurrentArena:Capture () (at Assets/Editor/CaptureCurrentArena.cs:22)

[Assets/Scripts/Arena/GridController.cs line 44]

Tile_6_3: Destroy may not be called from edit mode! Use DestroyImmediate instead.
Destroying an object in edit mode destroys it permanently
UnityEngine.Debug:ExtractStackTraceNoAlloc (byte*,int,string)
UnityEngine.StackTraceUtility:ExtractStackTrace ()
UnityEngine.Object:Destroy (UnityEngine.Object,single)
UnityEngine.Object:Destroy (UnityEngine.Object)
QuizBattle.Arena.GridController:CreateTile (int,int,UnityEngine.Color,bool) (at Assets/Scripts/Arena/GridController.cs:61)
QuizBattle.Arena.GridController:BuildGrid (int,int,int) (at Assets/Scripts/Arena/GridController.cs:44)
QuizBattle.GameState.GameManager:RunAutoPlayMatch (int,int) (at Assets/Scripts/GameState/GameManager.cs:67)
CaptureCurrentArena:Capture () (at Assets/Editor/CaptureCurrentArena.cs:22)

[Assets/Scripts/Arena/GridController.cs line 44]

Tile_6_4: Destroy may not be called from edit mode! Use DestroyImmediate instead.
Destroying an object in edit mode destroys it permanently
UnityEngine.Debug:ExtractStackTraceNoAlloc (byte*,int,string)
UnityEngine.StackTraceUtility:ExtractStackTrace ()
UnityEngine.Object:Destroy (UnityEngine.Object,single)
UnityEngine.Object:Destroy (UnityEngine.Object)
QuizBattle.Arena.GridController:CreateTile (int,int,UnityEngine.Color,bool) (at Assets/Scripts/Arena/GridController.cs:61)
QuizBattle.Arena.GridController:BuildGrid (int,int,int) (at Assets/Scripts/Arena/GridController.cs:44)
QuizBattle.GameState.GameManager:RunAutoPlayMatch (int,int) (at Assets/Scripts/GameState/GameManager.cs:67)
CaptureCurrentArena:Capture () (at Assets/Editor/CaptureCurrentArena.cs:22)

[Assets/Scripts/Arena/GridController.cs line 44]

Tile_6_5: Destroy may not be called from edit mode! Use DestroyImmediate instead.
Destroying an object in edit mode destroys it permanently
UnityEngine.Debug:ExtractStackTraceNoAlloc (byte*,int,string)
UnityEngine.StackTraceUtility:ExtractStackTrace ()
UnityEngine.Object:Destroy (UnityEngine.Object,single)
UnityEngine.Object:Destroy (UnityEngine.Object)
QuizBattle.Arena.GridController:CreateTile (int,int,UnityEngine.Color,bool) (at Assets/Scripts/Arena/GridController.cs:61)
QuizBattle.Arena.GridController:BuildGrid (int,int,int) (at Assets/Scripts/Arena/GridController.cs:44)
QuizBattle.GameState.GameManager:RunAutoPlayMatch (int,int) (at Assets/Scripts/GameState/GameManager.cs:67)
CaptureCurrentArena:Capture () (at Assets/Editor/CaptureCurrentArena.cs:22)

[Assets/Scripts/Arena/GridController.cs line 44]

ZoneGlow_6_5: Destroy may not be called from edit mode! Use DestroyImmediate instead.
Destroying an object in edit mode destroys it permanently
UnityEngine.Debug:ExtractStackTraceNoAlloc (byte*,int,string)
UnityEngine.StackTraceUtility:ExtractStackTrace ()
UnityEngine.Object:Destroy (UnityEngine.Object,single)
UnityEngine.Object:Destroy (UnityEngine.Object)
QuizBattle.Arena.GridController:CreateZoneGlow (int,int,bool,bool) (at Assets/Scripts/Arena/GridController.cs:121)
QuizBattle.Arena.GridController:BuildGrid (int,int,int) (at Assets/Scripts/Arena/GridController.cs:45)
QuizBattle.GameState.GameManager:RunAutoPlayMatch (int,int) (at Assets/Scripts/GameState/GameManager.cs:67)
CaptureCurrentArena:Capture () (at Assets/Editor/CaptureCurrentArena.cs:22)

[Assets/Scripts/Arena/GridController.cs line 121]

SpotFan_6_5: Destroy may not be called from edit mode! Use DestroyImmediate instead.
Destroying an object in edit mode destroys it permanently
UnityEngine.Debug:ExtractStackTraceNoAlloc (byte*,int,string)
UnityEngine.StackTraceUtility:ExtractStackTrace ()
UnityEngine.Object:Destroy (UnityEngine.Object,single)
UnityEngine.Object:Destroy (UnityEngine.Object)
QuizBattle.Arena.GridController:CreateZoneGlow (int,int,bool,bool) (at Assets/Scripts/Arena/GridController.cs:145)
QuizBattle.Arena.GridController:BuildGrid (int,int,int) (at Assets/Scripts/Arena/GridController.cs:45)
QuizBattle.GameState.GameManager:RunAutoPlayMatch (int,int) (at Assets/Scripts/GameState/GameManager.cs:67)
CaptureCurrentArena:Capture () (at Assets/Editor/CaptureCurrentArena.cs:22)

[Assets/Scripts/Arena/GridController.cs line 145]

Tile_7_0: Destroy may not be called from edit mode! Use DestroyImmediate instead.
Destroying an object in edit mode destroys it permanently
UnityEngine.Debug:ExtractStackTraceNoAlloc (byte*,int,string)
UnityEngine.StackTraceUtility:ExtractStackTrace ()
UnityEngine.Object:Destroy (UnityEngine.Object,single)
UnityEngine.Object:Destroy (UnityEngine.Object)
QuizBattle.Arena.GridController:CreateTile (int,int,UnityEngine.Color,bool) (at Assets/Scripts/Arena/GridController.cs:61)
QuizBattle.Arena.GridController:BuildGrid (int,int,int) (at Assets/Scripts/Arena/GridController.cs:44)
QuizBattle.GameState.GameManager:RunAutoPlayMatch (int,int) (at Assets/Scripts/GameState/GameManager.cs:67)
CaptureCurrentArena:Capture () (at Assets/Editor/CaptureCurrentArena.cs:22)

[Assets/Scripts/Arena/GridController.cs line 44]

Tile_7_1: Destroy may not be called from edit mode! Use DestroyImmediate instead.
Destroying an object in edit mode destroys it permanently
UnityEngine.Debug:ExtractStackTraceNoAlloc (byte*,int,string)
UnityEngine.StackTraceUtility:ExtractStackTrace ()
UnityEngine.Object:Destroy (UnityEngine.Object,single)
UnityEngine.Object:Destroy (UnityEngine.Object)
QuizBattle.Arena.GridController:CreateTile (int,int,UnityEngine.Color,bool) (at Assets/Scripts/Arena/GridController.cs:61)
QuizBattle.Arena.GridController:BuildGrid (int,int,int) (at Assets/Scripts/Arena/GridController.cs:44)
QuizBattle.GameState.GameManager:RunAutoPlayMatch (int,int) (at Assets/Scripts/GameState/GameManager.cs:67)
CaptureCurrentArena:Capture () (at Assets/Editor/CaptureCurrentArena.cs:22)

[Assets/Scripts/Arena/GridController.cs line 44]

Tile_7_2: Destroy may not be called from edit mode! Use DestroyImmediate instead.
Destroying an object in edit mode destroys it permanently
UnityEngine.Debug:ExtractStackTraceNoAlloc (byte*,int,string)
UnityEngine.StackTraceUtility:ExtractStackTrace ()
UnityEngine.Object:Destroy (UnityEngine.Object,single)
UnityEngine.Object:Destroy (UnityEngine.Object)
QuizBattle.Arena.GridController:CreateTile (int,int,UnityEngine.Color,bool) (at Assets/Scripts/Arena/GridController.cs:61)
QuizBattle.Arena.GridController:BuildGrid (int,int,int) (at Assets/Scripts/Arena/GridController.cs:44)
QuizBattle.GameState.GameManager:RunAutoPlayMatch (int,int) (at Assets/Scripts/GameState/GameManager.cs:67)
CaptureCurrentArena:Capture () (at Assets/Editor/CaptureCurrentArena.cs:22)

[Assets/Scripts/Arena/GridController.cs line 44]

Tile_7_3: Destroy may not be called from edit mode! Use DestroyImmediate instead.
Destroying an object in edit mode destroys it permanently
UnityEngine.Debug:ExtractStackTraceNoAlloc (byte*,int,string)
UnityEngine.StackTraceUtility:ExtractStackTrace ()
UnityEngine.Object:Destroy (UnityEngine.Object,single)
UnityEngine.Object:Destroy (UnityEngine.Object)
QuizBattle.Arena.GridController:CreateTile (int,int,UnityEngine.Color,bool) (at Assets/Scripts/Arena/GridController.cs:61)
QuizBattle.Arena.GridController:BuildGrid (int,int,int) (at Assets/Scripts/Arena/GridController.cs:44)
QuizBattle.GameState.GameManager:RunAutoPlayMatch (int,int) (at Assets/Scripts/GameState/GameManager.cs:67)
CaptureCurrentArena:Capture () (at Assets/Editor/CaptureCurrentArena.cs:22)

[Assets/Scripts/Arena/GridController.cs line 44]

Tile_7_4: Destroy may not be called from edit mode! Use DestroyImmediate instead.
Destroying an object in edit mode destroys it permanently
UnityEngine.Debug:ExtractStackTraceNoAlloc (byte*,int,string)
UnityEngine.StackTraceUtility:ExtractStackTrace ()
UnityEngine.Object:Destroy (UnityEngine.Object,single)
UnityEngine.Object:Destroy (UnityEngine.Object)
QuizBattle.Arena.GridController:CreateTile (int,int,UnityEngine.Color,bool) (at Assets/Scripts/Arena/GridController.cs:61)
QuizBattle.Arena.GridController:BuildGrid (int,int,int) (at Assets/Scripts/Arena/GridController.cs:44)
QuizBattle.GameState.GameManager:RunAutoPlayMatch (int,int) (at Assets/Scripts/GameState/GameManager.cs:67)
CaptureCurrentArena:Capture () (at Assets/Editor/CaptureCurrentArena.cs:22)

[Assets/Scripts/Arena/GridController.cs line 44]

Tile_7_5: Destroy may not be called from edit mode! Use DestroyImmediate instead.
Destroying an object in edit mode destroys it permanently
UnityEngine.Debug:ExtractStackTraceNoAlloc (byte*,int,string)
UnityEngine.StackTraceUtility:ExtractStackTrace ()
UnityEngine.Object:Destroy (UnityEngine.Object,single)
UnityEngine.Object:Destroy (UnityEngine.Object)
QuizBattle.Arena.GridController:CreateTile (int,int,UnityEngine.Color,bool) (at Assets/Scripts/Arena/GridController.cs:61)
QuizBattle.Arena.GridController:BuildGrid (int,int,int) (at Assets/Scripts/Arena/GridController.cs:44)
QuizBattle.GameState.GameManager:RunAutoPlayMatch (int,int) (at Assets/Scripts/GameState/GameManager.cs:67)
CaptureCurrentArena:Capture () (at Assets/Editor/CaptureCurrentArena.cs:22)

[Assets/Scripts/Arena/GridController.cs line 44]

ZoneGlow_7_5: Destroy may not be called from edit mode! Use DestroyImmediate instead.
Destroying an object in edit mode destroys it permanently
UnityEngine.Debug:ExtractStackTraceNoAlloc (byte*,int,string)
UnityEngine.StackTraceUtility:ExtractStackTrace ()
UnityEngine.Object:Destroy (UnityEngine.Object,single)
UnityEngine.Object:Destroy (UnityEngine.Object)
QuizBattle.Arena.GridController:CreateZoneGlow (int,int,bool,bool) (at Assets/Scripts/Arena/GridController.cs:121)
QuizBattle.Arena.GridController:BuildGrid (int,int,int) (at Assets/Scripts/Arena/GridController.cs:45)
QuizBattle.GameState.GameManager:RunAutoPlayMatch (int,int) (at Assets/Scripts/GameState/GameManager.cs:67)
CaptureCurrentArena:Capture () (at Assets/Editor/CaptureCurrentArena.cs:22)

[Assets/Scripts/Arena/GridController.cs line 121]

SpotFan_7_5: Destroy may not be called from edit mode! Use DestroyImmediate instead.
Destroying an object in edit mode destroys it permanently
UnityEngine.Debug:ExtractStackTraceNoAlloc (byte*,int,string)
UnityEngine.StackTraceUtility:ExtractStackTrace ()
UnityEngine.Object:Destroy (UnityEngine.Object,single)
UnityEngine.Object:Destroy (UnityEngine.Object)
QuizBattle.Arena.GridController:CreateZoneGlow (int,int,bool,bool) (at Assets/Scripts/Arena/GridController.cs:145)
QuizBattle.Arena.GridController:BuildGrid (int,int,int) (at Assets/Scripts/Arena/GridController.cs:45)
QuizBattle.GameState.GameManager:RunAutoPlayMatch (int,int) (at Assets/Scripts/GameState/GameManager.cs:67)
CaptureCurrentArena:Capture () (at Assets/Editor/CaptureCurrentArena.cs:22)

[Assets/Scripts/Arena/GridController.cs line 145]

Pillar: Destroy may not be called from edit mode! Use DestroyImmediate instead.
Destroying an object in edit mode destroys it permanently
UnityEngine.Debug:ExtractStackTraceNoAlloc (byte*,int,string)
UnityEngine.StackTraceUtility:ExtractStackTrace ()
UnityEngine.Object:Destroy (UnityEngine.Object,single)
UnityEngine.Object:Destroy (UnityEngine.Object)
QuizBattle.Arena.GridController:CreateGoalPost (int,int,bool) (at Assets/Scripts/Arena/GridController.cs:182)
QuizBattle.Arena.GridController:CreateZoneGlow (int,int,bool,bool) (at Assets/Scripts/Arena/GridController.cs:163)
QuizBattle.Arena.GridController:BuildGrid (int,int,int) (at Assets/Scripts/Arena/GridController.cs:45)
QuizBattle.GameState.GameManager:RunAutoPlayMatch (int,int) (at Assets/Scripts/GameState/GameManager.cs:67)
CaptureCurrentArena:Capture () (at Assets/Editor/CaptureCurrentArena.cs:22)

[Assets/Scripts/Arena/GridController.cs line 182]

CrownCap: Destroy may not be called from edit mode! Use DestroyImmediate instead.
Destroying an object in edit mode destroys it permanently
UnityEngine.Debug:ExtractStackTraceNoAlloc (byte*,int,string)
UnityEngine.StackTraceUtility:ExtractStackTrace ()
UnityEngine.Object:Destroy (UnityEngine.Object,single)
UnityEngine.Object:Destroy (UnityEngine.Object)
QuizBattle.Arena.GridController:CreateGoalPost (int,int,bool) (at Assets/Scripts/Arena/GridController.cs:191)
QuizBattle.Arena.GridController:CreateZoneGlow (int,int,bool,bool) (at Assets/Scripts/Arena/GridController.cs:163)
QuizBattle.Arena.GridController:BuildGrid (int,int,int) (at Assets/Scripts/Arena/GridController.cs:45)
QuizBattle.GameState.GameManager:RunAutoPlayMatch (int,int) (at Assets/Scripts/GameState/GameManager.cs:67)
CaptureCurrentArena:Capture () (at Assets/Editor/CaptureCurrentArena.cs:22)

[Assets/Scripts/Arena/GridController.cs line 191]

Bracket_0: Destroy may not be called from edit mode! Use DestroyImmediate instead.
Destroying an object in edit mode destroys it permanently
UnityEngine.Debug:ExtractStackTraceNoAlloc (byte*,int,string)
UnityEngine.StackTraceUtility:ExtractStackTrace ()
UnityEngine.Object:Destroy (UnityEngine.Object,single)
UnityEngine.Object:Destroy (UnityEngine.Object)
QuizBattle.Arena.GridController:CreateGoalPost (int,int,bool) (at Assets/Scripts/Arena/GridController.cs:219)
QuizBattle.Arena.GridController:CreateZoneGlow (int,int,bool,bool) (at Assets/Scripts/Arena/GridController.cs:163)
QuizBattle.Arena.GridController:BuildGrid (int,int,int) (at Assets/Scripts/Arena/GridController.cs:45)
QuizBattle.GameState.GameManager:RunAutoPlayMatch (int,int) (at Assets/Scripts/GameState/GameManager.cs:67)
CaptureCurrentArena:Capture () (at Assets/Editor/CaptureCurrentArena.cs:22)

[Assets/Scripts/Arena/GridController.cs line 219]

Bracket_1: Destroy may not be called from edit mode! Use DestroyImmediate instead.
Destroying an object in edit mode destroys it permanently
UnityEngine.Debug:ExtractStackTraceNoAlloc (byte*,int,string)
UnityEngine.StackTraceUtility:ExtractStackTrace ()
UnityEngine.Object:Destroy (UnityEngine.Object,single)
UnityEngine.Object:Destroy (UnityEngine.Object)
QuizBattle.Arena.GridController:CreateGoalPost (int,int,bool) (at Assets/Scripts/Arena/GridController.cs:219)
QuizBattle.Arena.GridController:CreateZoneGlow (int,int,bool,bool) (at Assets/Scripts/Arena/GridController.cs:163)
QuizBattle.Arena.GridController:BuildGrid (int,int,int) (at Assets/Scripts/Arena/GridController.cs:45)
QuizBattle.GameState.GameManager:RunAutoPlayMatch (int,int) (at Assets/Scripts/GameState/GameManager.cs:67)
CaptureCurrentArena:Capture () (at Assets/Editor/CaptureCurrentArena.cs:22)

[Assets/Scripts/Arena/GridController.cs line 219]

Bracket_2: Destroy may not be called from edit mode! Use DestroyImmediate instead.
Destroying an object in edit mode destroys it permanently
UnityEngine.Debug:ExtractStackTraceNoAlloc (byte*,int,string)
UnityEngine.StackTraceUtility:ExtractStackTrace ()
UnityEngine.Object:Destroy (UnityEngine.Object,single)
UnityEngine.Object:Destroy (UnityEngine.Object)
QuizBattle.Arena.GridController:CreateGoalPost (int,int,bool) (at Assets/Scripts/Arena/GridController.cs:219)
QuizBattle.Arena.GridController:CreateZoneGlow (int,int,bool,bool) (at Assets/Scripts/Arena/GridController.cs:163)
QuizBattle.Arena.GridController:BuildGrid (int,int,int) (at Assets/Scripts/Arena/GridController.cs:45)
QuizBattle.GameState.GameManager:RunAutoPlayMatch (int,int) (at Assets/Scripts/GameState/GameManager.cs:67)
CaptureCurrentArena:Capture () (at Assets/Editor/CaptureCurrentArena.cs:22)

[Assets/Scripts/Arena/GridController.cs line 219]

Curb: Destroy may not be called from edit mode! Use DestroyImmediate instead.
Destroying an object in edit mode destroys it permanently
UnityEngine.Debug:ExtractStackTraceNoAlloc (byte*,int,string)
UnityEngine.StackTraceUtility:ExtractStackTrace ()
UnityEngine.Object:Destroy (UnityEngine.Object,single)
UnityEngine.Object:Destroy (UnityEngine.Object)
QuizBattle.Arena.GridController:CreateCurbSegment (UnityEngine.Transform,UnityEngine.Vector3,UnityEngine.Vector3,UnityEngine.Material) (at Assets/Scripts/Arena/GridController.cs:270)
QuizBattle.Arena.GridController:CreateCurbBorder (int,int) (at Assets/Scripts/Arena/GridController.cs:240)
QuizBattle.Arena.GridController:BuildGrid (int,int,int) (at Assets/Scripts/Arena/GridController.cs:49)
QuizBattle.GameState.GameManager:RunAutoPlayMatch (int,int) (at Assets/Scripts/GameState/GameManager.cs:67)
CaptureCurrentArena:Capture () (at Assets/Editor/CaptureCurrentArena.cs:22)

[Assets/Scripts/Arena/GridController.cs line 240]

Curb: Destroy may not be called from edit mode! Use DestroyImmediate instead.
Destroying an object in edit mode destroys it permanently
UnityEngine.Debug:ExtractStackTraceNoAlloc (byte*,int,string)
UnityEngine.StackTraceUtility:ExtractStackTrace ()
UnityEngine.Object:Destroy (UnityEngine.Object,single)
UnityEngine.Object:Destroy (UnityEngine.Object)
QuizBattle.Arena.GridController:CreateCurbSegment (UnityEngine.Transform,UnityEngine.Vector3,UnityEngine.Vector3,UnityEngine.Material) (at Assets/Scripts/Arena/GridController.cs:270)
QuizBattle.Arena.GridController:CreateCurbBorder (int,int) (at Assets/Scripts/Arena/GridController.cs:241)
QuizBattle.Arena.GridController:BuildGrid (int,int,int) (at Assets/Scripts/Arena/GridController.cs:49)
QuizBattle.GameState.GameManager:RunAutoPlayMatch (int,int) (at Assets/Scripts/GameState/GameManager.cs:67)
CaptureCurrentArena:Capture () (at Assets/Editor/CaptureCurrentArena.cs:22)

[Assets/Scripts/Arena/GridController.cs line 241]

Curb: Destroy may not be called from edit mode! Use DestroyImmediate instead.
Destroying an object in edit mode destroys it permanently
UnityEngine.Debug:ExtractStackTraceNoAlloc (byte*,int,string)
UnityEngine.StackTraceUtility:ExtractStackTrace ()
UnityEngine.Object:Destroy (UnityEngine.Object,single)
UnityEngine.Object:Destroy (UnityEngine.Object)
QuizBattle.Arena.GridController:CreateCurbSegment (UnityEngine.Transform,UnityEngine.Vector3,UnityEngine.Vector3,UnityEngine.Material) (at Assets/Scripts/Arena/GridController.cs:270)
QuizBattle.Arena.GridController:CreateCurbBorder (int,int) (at Assets/Scripts/Arena/GridController.cs:242)
QuizBattle.Arena.GridController:BuildGrid (int,int,int) (at Assets/Scripts/Arena/GridController.cs:49)
QuizBattle.GameState.GameManager:RunAutoPlayMatch (int,int) (at Assets/Scripts/GameState/GameManager.cs:67)
CaptureCurrentArena:Capture () (at Assets/Editor/CaptureCurrentArena.cs:22)

[Assets/Scripts/Arena/GridController.cs line 242]

Curb: Destroy may not be called from edit mode! Use DestroyImmediate instead.
Destroying an object in edit mode destroys it permanently
UnityEngine.Debug:ExtractStackTraceNoAlloc (byte*,int,string)
UnityEngine.StackTraceUtility:ExtractStackTrace ()
UnityEngine.Object:Destroy (UnityEngine.Object,single)
UnityEngine.Object:Destroy (UnityEngine.Object)
QuizBattle.Arena.GridController:CreateCurbSegment (UnityEngine.Transform,UnityEngine.Vector3,UnityEngine.Vector3,UnityEngine.Material) (at Assets/Scripts/Arena/GridController.cs:270)
QuizBattle.Arena.GridController:CreateCurbBorder (int,int) (at Assets/Scripts/Arena/GridController.cs:243)
QuizBattle.Arena.GridController:BuildGrid (int,int,int) (at Assets/Scripts/Arena/GridController.cs:49)
QuizBattle.GameState.GameManager:RunAutoPlayMatch (int,int) (at Assets/Scripts/GameState/GameManager.cs:67)
CaptureCurrentArena:Capture () (at Assets/Editor/CaptureCurrentArena.cs:22)

[Assets/Scripts/Arena/GridController.cs line 243]

CornerStud: Destroy may not be called from edit mode! Use DestroyImmediate instead.
Destroying an object in edit mode destroys it permanently
UnityEngine.Debug:ExtractStackTraceNoAlloc (byte*,int,string)
UnityEngine.StackTraceUtility:ExtractStackTrace ()
UnityEngine.Object:Destroy (UnityEngine.Object,single)
UnityEngine.Object:Destroy (UnityEngine.Object)
QuizBattle.Arena.GridController:CreateCurbBorder (int,int) (at Assets/Scripts/Arena/GridController.cs:258)
QuizBattle.Arena.GridController:BuildGrid (int,int,int) (at Assets/Scripts/Arena/GridController.cs:49)
QuizBattle.GameState.GameManager:RunAutoPlayMatch (int,int) (at Assets/Scripts/GameState/GameManager.cs:67)
CaptureCurrentArena:Capture () (at Assets/Editor/CaptureCurrentArena.cs:22)

[Assets/Scripts/Arena/GridController.cs line 258]

CornerStud: Destroy may not be called from edit mode! Use DestroyImmediate instead.
Destroying an object in edit mode destroys it permanently
UnityEngine.Debug:ExtractStackTraceNoAlloc (byte*,int,string)
UnityEngine.StackTraceUtility:ExtractStackTrace ()
UnityEngine.Object:Destroy (UnityEngine.Object,single)
UnityEngine.Object:Destroy (UnityEngine.Object)
QuizBattle.Arena.GridController:CreateCurbBorder (int,int) (at Assets/Scripts/Arena/GridController.cs:258)
QuizBattle.Arena.GridController:BuildGrid (int,int,int) (at Assets/Scripts/Arena/GridController.cs:49)
QuizBattle.GameState.GameManager:RunAutoPlayMatch (int,int) (at Assets/Scripts/GameState/GameManager.cs:67)
CaptureCurrentArena:Capture () (at Assets/Editor/CaptureCurrentArena.cs:22)

[Assets/Scripts/Arena/GridController.cs line 258]

Plinth_Tier1: Destroy may not be called from edit mode! Use DestroyImmediate instead.
Destroying an object in edit mode destroys it permanently
UnityEngine.Debug:ExtractStackTraceNoAlloc (byte*,int,string)
UnityEngine.StackTraceUtility:ExtractStackTrace ()
UnityEngine.Object:Destroy (UnityEngine.Object,single)
UnityEngine.Object:Destroy (UnityEngine.Object)
QuizBattle.Arena.GridController:CreatePlinth (int,int) (at Assets/Scripts/Arena/GridController.cs:313)
QuizBattle.Arena.GridController:BuildGrid (int,int,int) (at Assets/Scripts/Arena/GridController.cs:50)
QuizBattle.GameState.GameManager:RunAutoPlayMatch (int,int) (at Assets/Scripts/GameState/GameManager.cs:67)
CaptureCurrentArena:Capture () (at Assets/Editor/CaptureCurrentArena.cs:22)

[Assets/Scripts/Arena/GridController.cs line 313]

Plinth_Tier2: Destroy may not be called from edit mode! Use DestroyImmediate instead.
Destroying an object in edit mode destroys it permanently
UnityEngine.Debug:ExtractStackTraceNoAlloc (byte*,int,string)
UnityEngine.StackTraceUtility:ExtractStackTrace ()
UnityEngine.Object:Destroy (UnityEngine.Object,single)
UnityEngine.Object:Destroy (UnityEngine.Object)
QuizBattle.Arena.GridController:CreatePlinth (int,int) (at Assets/Scripts/Arena/GridController.cs:322)
QuizBattle.Arena.GridController:BuildGrid (int,int,int) (at Assets/Scripts/Arena/GridController.cs:50)
QuizBattle.GameState.GameManager:RunAutoPlayMatch (int,int) (at Assets/Scripts/GameState/GameManager.cs:67)
CaptureCurrentArena:Capture () (at Assets/Editor/CaptureCurrentArena.cs:22)

[Assets/Scripts/Arena/GridController.cs line 322]

ExpansiveGrassTerrain: Destroy may not be called from edit mode! Use DestroyImmediate instead.
Destroying an object in edit mode destroys it permanently
UnityEngine.Debug:ExtractStackTraceNoAlloc (byte*,int,string)
UnityEngine.StackTraceUtility:ExtractStackTrace ()
UnityEngine.Object:Destroy (UnityEngine.Object,single)
UnityEngine.Object:Destroy (UnityEngine.Object)
QuizBattle.Arena.Visuals.ArenaColosseumBuilder:CreateTerrainGround (UnityEngine.Transform,UnityEngine.Vector3,single) (at Assets/Scripts/Arena/Visuals/ArenaColosseumBuilder.cs:44)
QuizBattle.Arena.Visuals.ArenaColosseumBuilder:Build (UnityEngine.Transform,int,int,single) (at Assets/Scripts/Arena/Visuals/ArenaColosseumBuilder.cs:25)
QuizBattle.Arena.GridController:BuildGrid (int,int,int) (at Assets/Scripts/Arena/GridController.cs:51)
QuizBattle.GameState.GameManager:RunAutoPlayMatch (int,int) (at Assets/Scripts/GameState/GameManager.cs:67)
CaptureCurrentArena:Capture () (at Assets/Editor/CaptureCurrentArena.cs:22)

[Assets/Scripts/Arena/GridController.cs line 51]

SkyDome: Destroy may not be called from edit mode! Use DestroyImmediate instead.
Destroying an object in edit mode destroys it permanently
UnityEngine.Debug:ExtractStackTraceNoAlloc (byte*,int,string)
UnityEngine.StackTraceUtility:ExtractStackTrace ()
UnityEngine.Object:Destroy (UnityEngine.Object,single)
UnityEngine.Object:Destroy (UnityEngine.Object)
QuizBattle.Arena.Visuals.ArenaColosseumBuilder:CreateSkyAndClouds (UnityEngine.Transform,UnityEngine.Vector3,single) (at Assets/Scripts/Arena/Visuals/ArenaColosseumBuilder.cs:62)
QuizBattle.Arena.Visuals.ArenaColosseumBuilder:Build (UnityEngine.Transform,int,int,single) (at Assets/Scripts/Arena/Visuals/ArenaColosseumBuilder.cs:26)
QuizBattle.Arena.GridController:BuildGrid (int,int,int) (at Assets/Scripts/Arena/GridController.cs:51)
QuizBattle.GameState.GameManager:RunAutoPlayMatch (int,int) (at Assets/Scripts/GameState/GameManager.cs:67)
CaptureCurrentArena:Capture () (at Assets/Editor/CaptureCurrentArena.cs:22)

[Assets/Scripts/Arena/GridController.cs line 51]

Sphere: Destroy may not be called from edit mode! Use DestroyImmediate instead.
Destroying an object in edit mode destroys it permanently
UnityEngine.Debug:ExtractStackTraceNoAlloc (byte*,int,string)
UnityEngine.StackTraceUtility:ExtractStackTrace ()
UnityEngine.Object:Destroy (UnityEngine.Object,single)
UnityEngine.Object:Destroy (UnityEngine.Object)
QuizBattle.Arena.Visuals.ArenaColosseumBuilder:CreateCloud (UnityEngine.Transform,UnityEngine.Vector3,single) (at Assets/Scripts/Arena/Visuals/ArenaColosseumBuilder.cs:135)
QuizBattle.Arena.Visuals.ArenaColosseumBuilder:CreateSkyAndClouds (UnityEngine.Transform,UnityEngine.Vector3,single) (at Assets/Scripts/Arena/Visuals/ArenaColosseumBuilder.cs:91)
QuizBattle.Arena.Visuals.ArenaColosseumBuilder:Build (UnityEngine.Transform,int,int,single) (at Assets/Scripts/Arena/Visuals/ArenaColosseumBuilder.cs:26)
QuizBattle.Arena.GridController:BuildGrid (int,int,int) (at Assets/Scripts/Arena/GridController.cs:51)
QuizBattle.GameState.GameManager:RunAutoPlayMatch (int,int) (at Assets/Scripts/GameState/GameManager.cs:67)
CaptureCurrentArena:Capture () (at Assets/Editor/CaptureCurrentArena.cs:22)

[Assets/Scripts/Arena/GridController.cs line 51]

Sphere: Destroy may not be called from edit mode! Use DestroyImmediate instead.
Destroying an object in edit mode destroys it permanently
UnityEngine.Debug:ExtractStackTraceNoAlloc (byte*,int,string)
UnityEngine.StackTraceUtility:ExtractStackTrace ()
UnityEngine.Object:Destroy (UnityEngine.Object,single)
UnityEngine.Object:Destroy (UnityEngine.Object)
QuizBattle.Arena.Visuals.ArenaColosseumBuilder:CreateCloud (UnityEngine.Transform,UnityEngine.Vector3,single) (at Assets/Scripts/Arena/Visuals/ArenaColosseumBuilder.cs:135)
QuizBattle.Arena.Visuals.ArenaColosseumBuilder:CreateSkyAndClouds (UnityEngine.Transform,UnityEngine.Vector3,single) (at Assets/Scripts/Arena/Visuals/ArenaColosseumBuilder.cs:91)
QuizBattle.Arena.Visuals.ArenaColosseumBuilder:Build (UnityEngine.Transform,int,int,single) (at Assets/Scripts/Arena/Visuals/ArenaColosseumBuilder.cs:26)
QuizBattle.Arena.GridController:BuildGrid (int,int,int) (at Assets/Scripts/Arena/GridController.cs:51)
QuizBattle.GameState.GameManager:RunAutoPlayMatch (int,int) (at Assets/Scripts/GameState/GameManager.cs:67)
CaptureCurrentArena:Capture () (at Assets/Editor/CaptureCurrentArena.cs:22)

[Assets/Scripts/Arena/GridController.cs line 51]

Sphere: Destroy may not be called from edit mode! Use DestroyImmediate instead.
Destroying an object in edit mode destroys it permanently
UnityEngine.Debug:ExtractStackTraceNoAlloc (byte*,int,string)
UnityEngine.StackTraceUtility:ExtractStackTrace ()
UnityEngine.Object:Destroy (UnityEngine.Object,single)
UnityEngine.Object:Destroy (UnityEngine.Object)
QuizBattle.Arena.Visuals.ArenaColosseumBuilder:CreateCloud (UnityEngine.Transform,UnityEngine.Vector3,single) (at Assets/Scripts/Arena/Visuals/ArenaColosseumBuilder.cs:135)
QuizBattle.Arena.Visuals.ArenaColosseumBuilder:CreateSkyAndClouds (UnityEngine.Transform,UnityEngine.Vector3,single) (at Assets/Scripts/Arena/Visuals/ArenaColosseumBuilder.cs:91)
QuizBattle.Arena.Visuals.ArenaColosseumBuilder:Build (UnityEngine.Transform,int,int,single) (at Assets/Scripts/Arena/Visuals/ArenaColosseumBuilder.cs:26)
QuizBattle.Arena.GridController:BuildGrid (int,int,int) (at Assets/Scripts/Arena/GridController.cs:51)
QuizBattle.GameState.GameManager:RunAutoPlayMatch (int,int) (at Assets/Scripts/GameState/GameManager.cs:67)
CaptureCurrentArena:Capture () (at Assets/Editor/CaptureCurrentArena.cs:22)

[Assets/Scripts/Arena/GridController.cs line 51]

Sphere: Destroy may not be called from edit mode! Use DestroyImmediate instead.
Destroying an object in edit mode destroys it permanently
UnityEngine.Debug:ExtractStackTraceNoAlloc (byte*,int,string)
UnityEngine.StackTraceUtility:ExtractStackTrace ()
UnityEngine.Object:Destroy (UnityEngine.Object,single)
UnityEngine.Object:Destroy (UnityEngine.Object)
QuizBattle.Arena.Visuals.ArenaColosseumBuilder:CreateCloud (UnityEngine.Transform,UnityEngine.Vector3,single) (at Assets/Scripts/Arena/Visuals/ArenaColosseumBuilder.cs:135)
QuizBattle.Arena.Visuals.ArenaColosseumBuilder:CreateSkyAndClouds (UnityEngine.Transform,UnityEngine.Vector3,single) (at Assets/Scripts/Arena/Visuals/ArenaColosseumBuilder.cs:91)
QuizBattle.Arena.Visuals.ArenaColosseumBuilder:Build (UnityEngine.Transform,int,int,single) (at Assets/Scripts/Arena/Visuals/ArenaColosseumBuilder.cs:26)
QuizBattle.Arena.GridController:BuildGrid (int,int,int) (at Assets/Scripts/Arena/GridController.cs:51)
QuizBattle.GameState.GameManager:RunAutoPlayMatch (int,int) (at Assets/Scripts/GameState/GameManager.cs:67)
CaptureCurrentArena:Capture () (at Assets/Editor/CaptureCurrentArena.cs:22)

[Assets/Scripts/Arena/GridController.cs line 51]

Sphere: Destroy may not be called from edit mode! Use DestroyImmediate instead.
Destroying an object in edit mode destroys it permanently
UnityEngine.Debug:ExtractStackTraceNoAlloc (byte*,int,string)
UnityEngine.StackTraceUtility:ExtractStackTrace ()
UnityEngine.Object:Destroy (UnityEngine.Object,single)
UnityEngine.Object:Destroy (UnityEngine.Object)
QuizBattle.Arena.Visuals.ArenaColosseumBuilder:CreateCloud (UnityEngine.Transform,UnityEngine.Vector3,single) (at Assets/Scripts/Arena/Visuals/ArenaColosseumBuilder.cs:135)
QuizBattle.Arena.Visuals.ArenaColosseumBuilder:CreateSkyAndClouds (UnityEngine.Transform,UnityEngine.Vector3,single) (at Assets/Scripts/Arena/Visuals/ArenaColosseumBuilder.cs:91)
QuizBattle.Arena.Visuals.ArenaColosseumBuilder:Build (UnityEngine.Transform,int,int,single) (at Assets/Scripts/Arena/Visuals/ArenaColosseumBuilder.cs:26)
QuizBattle.Arena.GridController:BuildGrid (int,int,int) (at Assets/Scripts/Arena/GridController.cs:51)
QuizBattle.GameState.GameManager:RunAutoPlayMatch (int,int) (at Assets/Scripts/GameState/GameManager.cs:67)
CaptureCurrentArena:Capture () (at Assets/Editor/CaptureCurrentArena.cs:22)

[Assets/Scripts/Arena/GridController.cs line 51]

Sphere: Destroy may not be called from edit mode! Use DestroyImmediate instead.
Destroying an object in edit mode destroys it permanently
UnityEngine.Debug:ExtractStackTraceNoAlloc (byte*,int,string)
UnityEngine.StackTraceUtility:ExtractStackTrace ()
UnityEngine.Object:Destroy (UnityEngine.Object,single)
UnityEngine.Object:Destroy (UnityEngine.Object)
QuizBattle.Arena.Visuals.ArenaColosseumBuilder:CreateCloud (UnityEngine.Transform,UnityEngine.Vector3,single) (at Assets/Scripts/Arena/Visuals/ArenaColosseumBuilder.cs:135)
QuizBattle.Arena.Visuals.ArenaColosseumBuilder:CreateSkyAndClouds (UnityEngine.Transform,UnityEngine.Vector3,single) (at Assets/Scripts/Arena/Visuals/ArenaColosseumBuilder.cs:91)
QuizBattle.Arena.Visuals.ArenaColosseumBuilder:Build (UnityEngine.Transform,int,int,single) (at Assets/Scripts/Arena/Visuals/ArenaColosseumBuilder.cs:26)
QuizBattle.Arena.GridController:BuildGrid (int,int,int) (at Assets/Scripts/Arena/GridController.cs:51)
QuizBattle.GameState.GameManager:RunAutoPlayMatch (int,int) (at Assets/Scripts/GameState/GameManager.cs:67)
CaptureCurrentArena:Capture () (at Assets/Editor/CaptureCurrentArena.cs:22)

[Assets/Scripts/Arena/GridController.cs line 51]

Sphere: Destroy may not be called from edit mode! Use DestroyImmediate instead.
Destroying an object in edit mode destroys it permanently
UnityEngine.Debug:ExtractStackTraceNoAlloc (byte*,int,string)
UnityEngine.StackTraceUtility:ExtractStackTrace ()
UnityEngine.Object:Destroy (UnityEngine.Object,single)
UnityEngine.Object:Destroy (UnityEngine.Object)
QuizBattle.Arena.Visuals.ArenaColosseumBuilder:CreateCloud (UnityEngine.Transform,UnityEngine.Vector3,single) (at Assets/Scripts/Arena/Visuals/ArenaColosseumBuilder.cs:135)
QuizBattle.Arena.Visuals.ArenaColosseumBuilder:CreateSkyAndClouds (UnityEngine.Transform,UnityEngine.Vector3,single) (at Assets/Scripts/Arena/Visuals/ArenaColosseumBuilder.cs:91)
QuizBattle.Arena.Visuals.ArenaColosseumBuilder:Build (UnityEngine.Transform,int,int,single) (at Assets/Scripts/Arena/Visuals/ArenaColosseumBuilder.cs:26)
QuizBattle.Arena.GridController:BuildGrid (int,int,int) (at Assets/Scripts/Arena/GridController.cs:51)
QuizBattle.GameState.GameManager:RunAutoPlayMatch (int,int) (at Assets/Scripts/GameState/GameManager.cs:67)
CaptureCurrentArena:Capture () (at Assets/Editor/CaptureCurrentArena.cs:22)

[Assets/Scripts/Arena/GridController.cs line 51]

Sphere: Destroy may not be called from edit mode! Use DestroyImmediate instead.
Destroying an object in edit mode destroys it permanently
UnityEngine.Debug:ExtractStackTraceNoAlloc (byte*,int,string)
UnityEngine.StackTraceUtility:ExtractStackTrace ()
UnityEngine.Object:Destroy (UnityEngine.Object,single)
UnityEngine.Object:Destroy (UnityEngine.Object)
QuizBattle.Arena.Visuals.ArenaColosseumBuilder:CreateCloud (UnityEngine.Transform,UnityEngine.Vector3,single) (at Assets/Scripts/Arena/Visuals/ArenaColosseumBuilder.cs:135)
QuizBattle.Arena.Visuals.ArenaColosseumBuilder:CreateSkyAndClouds (UnityEngine.Transform,UnityEngine.Vector3,single) (at Assets/Scripts/Arena/Visuals/ArenaColosseumBuilder.cs:91)
QuizBattle.Arena.Visuals.ArenaColosseumBuilder:Build (UnityEngine.Transform,int,int,single) (at Assets/Scripts/Arena/Visuals/ArenaColosseumBuilder.cs:26)
QuizBattle.Arena.GridController:BuildGrid (int,int,int) (at Assets/Scripts/Arena/GridController.cs:51)
QuizBattle.GameState.GameManager:RunAutoPlayMatch (int,int) (at Assets/Scripts/GameState/GameManager.cs:67)
CaptureCurrentArena:Capture () (at Assets/Editor/CaptureCurrentArena.cs:22)

[Assets/Scripts/Arena/GridController.cs line 51]

Sphere: Destroy may not be called from edit mode! Use DestroyImmediate instead.
Destroying an object in edit mode destroys it permanently
UnityEngine.Debug:ExtractStackTraceNoAlloc (byte*,int,string)
UnityEngine.StackTraceUtility:ExtractStackTrace ()
UnityEngine.Object:Destroy (UnityEngine.Object,single)
UnityEngine.Object:Destroy (UnityEngine.Object)
QuizBattle.Arena.Visuals.ArenaColosseumBuilder:CreateCloud (UnityEngine.Transform,UnityEngine.Vector3,single) (at Assets/Scripts/Arena/Visuals/ArenaColosseumBuilder.cs:135)
QuizBattle.Arena.Visuals.ArenaColosseumBuilder:CreateSkyAndClouds (UnityEngine.Transform,UnityEngine.Vector3,single) (at Assets/Scripts/Arena/Visuals/ArenaColosseumBuilder.cs:91)
QuizBattle.Arena.Visuals.ArenaColosseumBuilder:Build (UnityEngine.Transform,int,int,single) (at Assets/Scripts/Arena/Visuals/ArenaColosseumBuilder.cs:26)
QuizBattle.Arena.GridController:BuildGrid (int,int,int) (at Assets/Scripts/Arena/GridController.cs:51)
QuizBattle.GameState.GameManager:RunAutoPlayMatch (int,int) (at Assets/Scripts/GameState/GameManager.cs:67)
CaptureCurrentArena:Capture () (at Assets/Editor/CaptureCurrentArena.cs:22)

[Assets/Scripts/Arena/GridController.cs line 51]

Sphere: Destroy may not be called from edit mode! Use DestroyImmediate instead.
Destroying an object in edit mode destroys it permanently
UnityEngine.Debug:ExtractStackTraceNoAlloc (byte*,int,string)
UnityEngine.StackTraceUtility:ExtractStackTrace ()
UnityEngine.Object:Destroy (UnityEngine.Object,single)
UnityEngine.Object:Destroy (UnityEngine.Object)
QuizBattle.Arena.Visuals.ArenaColosseumBuilder:CreateCloud (UnityEngine.Transform,UnityEngine.Vector3,single) (at Assets/Scripts/Arena/Visuals/ArenaColosseumBuilder.cs:135)
QuizBattle.Arena.Visuals.ArenaColosseumBuilder:CreateSkyAndClouds (UnityEngine.Transform,UnityEngine.Vector3,single) (at Assets/Scripts/Arena/Visuals/ArenaColosseumBuilder.cs:91)
QuizBattle.Arena.Visuals.ArenaColosseumBuilder:Build (UnityEngine.Transform,int,int,single) (at Assets/Scripts/Arena/Visuals/ArenaColosseumBuilder.cs:26)
QuizBattle.Arena.GridController:BuildGrid (int,int,int) (at Assets/Scripts/Arena/GridController.cs:51)
QuizBattle.GameState.GameManager:RunAutoPlayMatch (int,int) (at Assets/Scripts/GameState/GameManager.cs:67)
CaptureCurrentArena:Capture () (at Assets/Editor/CaptureCurrentArena.cs:22)

[Assets/Scripts/Arena/GridController.cs line 51]

Sphere: Destroy may not be called from edit mode! Use DestroyImmediate instead.
Destroying an object in edit mode destroys it permanently
UnityEngine.Debug:ExtractStackTraceNoAlloc (byte*,int,string)
UnityEngine.StackTraceUtility:ExtractStackTrace ()
UnityEngine.Object:Destroy (UnityEngine.Object,single)
UnityEngine.Object:Destroy (UnityEngine.Object)
QuizBattle.Arena.Visuals.ArenaColosseumBuilder:CreateCloud (UnityEngine.Transform,UnityEngine.Vector3,single) (at Assets/Scripts/Arena/Visuals/ArenaColosseumBuilder.cs:135)
QuizBattle.Arena.Visuals.ArenaColosseumBuilder:CreateSkyAndClouds (UnityEngine.Transform,UnityEngine.Vector3,single) (at Assets/Scripts/Arena/Visuals/ArenaColosseumBuilder.cs:91)
QuizBattle.Arena.Visuals.ArenaColosseumBuilder:Build (UnityEngine.Transform,int,int,single) (at Assets/Scripts/Arena/Visuals/ArenaColosseumBuilder.cs:26)
QuizBattle.Arena.GridController:BuildGrid (int,int,int) (at Assets/Scripts/Arena/GridController.cs:51)
QuizBattle.GameState.GameManager:RunAutoPlayMatch (int,int) (at Assets/Scripts/GameState/GameManager.cs:67)
CaptureCurrentArena:Capture () (at Assets/Editor/CaptureCurrentArena.cs:22)

[Assets/Scripts/Arena/GridController.cs line 51]

Sphere: Destroy may not be called from edit mode! Use DestroyImmediate instead.
Destroying an object in edit mode destroys it permanently
UnityEngine.Debug:ExtractStackTraceNoAlloc (byte*,int,string)
UnityEngine.StackTraceUtility:ExtractStackTrace ()
UnityEngine.Object:Destroy (UnityEngine.Object,single)
UnityEngine.Object:Destroy (UnityEngine.Object)
QuizBattle.Arena.Visuals.ArenaColosseumBuilder:CreateCloud (UnityEngine.Transform,UnityEngine.Vector3,single) (at Assets/Scripts/Arena/Visuals/ArenaColosseumBuilder.cs:135)
QuizBattle.Arena.Visuals.ArenaColosseumBuilder:CreateSkyAndClouds (UnityEngine.Transform,UnityEngine.Vector3,single) (at Assets/Scripts/Arena/Visuals/ArenaColosseumBuilder.cs:91)
QuizBattle.Arena.Visuals.ArenaColosseumBuilder:Build (UnityEngine.Transform,int,int,single) (at Assets/Scripts/Arena/Visuals/ArenaColosseumBuilder.cs:26)
QuizBattle.Arena.GridController:BuildGrid (int,int,int) (at Assets/Scripts/Arena/GridController.cs:51)
QuizBattle.GameState.GameManager:RunAutoPlayMatch (int,int) (at Assets/Scripts/GameState/GameManager.cs:67)
CaptureCurrentArena:Capture () (at Assets/Editor/CaptureCurrentArena.cs:22)

[Assets/Scripts/Arena/GridController.cs line 51]

Sphere: Destroy may not be called from edit mode! Use DestroyImmediate instead.
Destroying an object in edit mode destroys it permanently
UnityEngine.Debug:ExtractStackTraceNoAlloc (byte*,int,string)
UnityEngine.StackTraceUtility:ExtractStackTrace ()
UnityEngine.Object:Destroy (UnityEngine.Object,single)
UnityEngine.Object:Destroy (UnityEngine.Object)
QuizBattle.Arena.Visuals.ArenaColosseumBuilder:CreateCloud (UnityEngine.Transform,UnityEngine.Vector3,single) (at Assets/Scripts/Arena/Visuals/ArenaColosseumBuilder.cs:135)
QuizBattle.Arena.Visuals.ArenaColosseumBuilder:CreateSkyAndClouds (UnityEngine.Transform,UnityEngine.Vector3,single) (at Assets/Scripts/Arena/Visuals/ArenaColosseumBuilder.cs:91)
QuizBattle.Arena.Visuals.ArenaColosseumBuilder:Build (UnityEngine.Transform,int,int,single) (at Assets/Scripts/Arena/Visuals/ArenaColosseumBuilder.cs:26)
QuizBattle.Arena.GridController:BuildGrid (int,int,int) (at Assets/Scripts/Arena/GridController.cs:51)
QuizBattle.GameState.GameManager:RunAutoPlayMatch (int,int) (at Assets/Scripts/GameState/GameManager.cs:67)
CaptureCurrentArena:Capture () (at Assets/Editor/CaptureCurrentArena.cs:22)

[Assets/Scripts/Arena/GridController.cs line 51]

Sphere: Destroy may not be called from edit mode! Use DestroyImmediate instead.
Destroying an object in edit mode destroys it permanently
UnityEngine.Debug:ExtractStackTraceNoAlloc (byte*,int,string)
UnityEngine.StackTraceUtility:ExtractStackTrace ()
UnityEngine.Object:Destroy (UnityEngine.Object,single)
UnityEngine.Object:Destroy (UnityEngine.Object)
QuizBattle.Arena.Visuals.ArenaColosseumBuilder:CreateCloud (UnityEngine.Transform,UnityEngine.Vector3,single) (at Assets/Scripts/Arena/Visuals/ArenaColosseumBuilder.cs:135)
QuizBattle.Arena.Visuals.ArenaColosseumBuilder:CreateSkyAndClouds (UnityEngine.Transform,UnityEngine.Vector3,single) (at Assets/Scripts/Arena/Visuals/ArenaColosseumBuilder.cs:91)
QuizBattle.Arena.Visuals.ArenaColosseumBuilder:Build (UnityEngine.Transform,int,int,single) (at Assets/Scripts/Arena/Visuals/ArenaColosseumBuilder.cs:26)
QuizBattle.Arena.GridController:BuildGrid (int,int,int) (at Assets/Scripts/Arena/GridController.cs:51)
QuizBattle.GameState.GameManager:RunAutoPlayMatch (int,int) (at Assets/Scripts/GameState/GameManager.cs:67)
CaptureCurrentArena:Capture () (at Assets/Editor/CaptureCurrentArena.cs:22)

[Assets/Scripts/Arena/GridController.cs line 51]

Sphere: Destroy may not be called from edit mode! Use DestroyImmediate instead.
Destroying an object in edit mode destroys it permanently
UnityEngine.Debug:ExtractStackTraceNoAlloc (byte*,int,string)
UnityEngine.StackTraceUtility:ExtractStackTrace ()
UnityEngine.Object:Destroy (UnityEngine.Object,single)
UnityEngine.Object:Destroy (UnityEngine.Object)
QuizBattle.Arena.Visuals.ArenaColosseumBuilder:CreateCloud (UnityEngine.Transform,UnityEngine.Vector3,single) (at Assets/Scripts/Arena/Visuals/ArenaColosseumBuilder.cs:135)
QuizBattle.Arena.Visuals.ArenaColosseumBuilder:CreateSkyAndClouds (UnityEngine.Transform,UnityEngine.Vector3,single) (at Assets/Scripts/Arena/Visuals/ArenaColosseumBuilder.cs:91)
QuizBattle.Arena.Visuals.ArenaColosseumBuilder:Build (UnityEngine.Transform,int,int,single) (at Assets/Scripts/Arena/Visuals/ArenaColosseumBuilder.cs:26)
QuizBattle.Arena.GridController:BuildGrid (int,int,int) (at Assets/Scripts/Arena/GridController.cs:51)
QuizBattle.GameState.GameManager:RunAutoPlayMatch (int,int) (at Assets/Scripts/GameState/GameManager.cs:67)
CaptureCurrentArena:Capture () (at Assets/Editor/CaptureCurrentArena.cs:22)

[Assets/Scripts/Arena/GridController.cs line 51]

Sphere: Destroy may not be called from edit mode! Use DestroyImmediate instead.
Destroying an object in edit mode destroys it permanently
UnityEngine.Debug:ExtractStackTraceNoAlloc (byte*,int,string)
UnityEngine.StackTraceUtility:ExtractStackTrace ()
UnityEngine.Object:Destroy (UnityEngine.Object,single)
UnityEngine.Object:Destroy (UnityEngine.Object)
QuizBattle.Arena.Visuals.ArenaColosseumBuilder:CreateCloud (UnityEngine.Transform,UnityEngine.Vector3,single) (at Assets/Scripts/Arena/Visuals/ArenaColosseumBuilder.cs:135)
QuizBattle.Arena.Visuals.ArenaColosseumBuilder:CreateSkyAndClouds (UnityEngine.Transform,UnityEngine.Vector3,single) (at Assets/Scripts/Arena/Visuals/ArenaColosseumBuilder.cs:91)
QuizBattle.Arena.Visuals.ArenaColosseumBuilder:Build (UnityEngine.Transform,int,int,single) (at Assets/Scripts/Arena/Visuals/ArenaColosseumBuilder.cs:26)
QuizBattle.Arena.GridController:BuildGrid (int,int,int) (at Assets/Scripts/Arena/GridController.cs:51)
QuizBattle.GameState.GameManager:RunAutoPlayMatch (int,int) (at Assets/Scripts/GameState/GameManager.cs:67)
CaptureCurrentArena:Capture () (at Assets/Editor/CaptureCurrentArena.cs:22)

[Assets/Scripts/Arena/GridController.cs line 51]

Sphere: Destroy may not be called from edit mode! Use DestroyImmediate instead.
Destroying an object in edit mode destroys it permanently
UnityEngine.Debug:ExtractStackTraceNoAlloc (byte*,int,string)
UnityEngine.StackTraceUtility:ExtractStackTrace ()
UnityEngine.Object:Destroy (UnityEngine.Object,single)
UnityEngine.Object:Destroy (UnityEngine.Object)
QuizBattle.Arena.Visuals.ArenaColosseumBuilder:CreateCloud (UnityEngine.Transform,UnityEngine.Vector3,single) (at Assets/Scripts/Arena/Visuals/ArenaColosseumBuilder.cs:135)
QuizBattle.Arena.Visuals.ArenaColosseumBuilder:CreateSkyAndClouds (UnityEngine.Transform,UnityEngine.Vector3,single) (at Assets/Scripts/Arena/Visuals/ArenaColosseumBuilder.cs:91)
QuizBattle.Arena.Visuals.ArenaColosseumBuilder:Build (UnityEngine.Transform,int,int,single) (at Assets/Scripts/Arena/Visuals/ArenaColosseumBuilder.cs:26)
QuizBattle.Arena.GridController:BuildGrid (int,int,int) (at Assets/Scripts/Arena/GridController.cs:51)
QuizBattle.GameState.GameManager:RunAutoPlayMatch (int,int) (at Assets/Scripts/GameState/GameManager.cs:67)
CaptureCurrentArena:Capture () (at Assets/Editor/CaptureCurrentArena.cs:22)

[Assets/Scripts/Arena/GridController.cs line 51]

Sphere: Destroy may not be called from edit mode! Use DestroyImmediate instead.
Destroying an object in edit mode destroys it permanently
UnityEngine.Debug:ExtractStackTraceNoAlloc (byte*,int,string)
UnityEngine.StackTraceUtility:ExtractStackTrace ()
UnityEngine.Object:Destroy (UnityEngine.Object,single)
UnityEngine.Object:Destroy (UnityEngine.Object)
QuizBattle.Arena.Visuals.ArenaColosseumBuilder:CreateCloud (UnityEngine.Transform,UnityEngine.Vector3,single) (at Assets/Scripts/Arena/Visuals/ArenaColosseumBuilder.cs:135)
QuizBattle.Arena.Visuals.ArenaColosseumBuilder:CreateSkyAndClouds (UnityEngine.Transform,UnityEngine.Vector3,single) (at Assets/Scripts/Arena/Visuals/ArenaColosseumBuilder.cs:91)
QuizBattle.Arena.Visuals.ArenaColosseumBuilder:Build (UnityEngine.Transform,int,int,single) (at Assets/Scripts/Arena/Visuals/ArenaColosseumBuilder.cs:26)
QuizBattle.Arena.GridController:BuildGrid (int,int,int) (at Assets/Scripts/Arena/GridController.cs:51)
QuizBattle.GameState.GameManager:RunAutoPlayMatch (int,int) (at Assets/Scripts/GameState/GameManager.cs:67)
CaptureCurrentArena:Capture () (at Assets/Editor/CaptureCurrentArena.cs:22)

[Assets/Scripts/Arena/GridController.cs line 51]

Sphere: Destroy may not be called from edit mode! Use DestroyImmediate instead.
Destroying an object in edit mode destroys it permanently
UnityEngine.Debug:ExtractStackTraceNoAlloc (byte*,int,string)
UnityEngine.StackTraceUtility:ExtractStackTrace ()
UnityEngine.Object:Destroy (UnityEngine.Object,single)
UnityEngine.Object:Destroy (UnityEngine.Object)
QuizBattle.Arena.Visuals.ArenaColosseumBuilder:CreateCloud (UnityEngine.Transform,UnityEngine.Vector3,single) (at Assets/Scripts/Arena/Visuals/ArenaColosseumBuilder.cs:135)
QuizBattle.Arena.Visuals.ArenaColosseumBuilder:CreateSkyAndClouds (UnityEngine.Transform,UnityEngine.Vector3,single) (at Assets/Scripts/Arena/Visuals/ArenaColosseumBuilder.cs:91)
QuizBattle.Arena.Visuals.ArenaColosseumBuilder:Build (UnityEngine.Transform,int,int,single) (at Assets/Scripts/Arena/Visuals/ArenaColosseumBuilder.cs:26)
QuizBattle.Arena.GridController:BuildGrid (int,int,int) (at Assets/Scripts/Arena/GridController.cs:51)
QuizBattle.GameState.GameManager:RunAutoPlayMatch (int,int) (at Assets/Scripts/GameState/GameManager.cs:67)
CaptureCurrentArena:Capture () (at Assets/Editor/CaptureCurrentArena.cs:22)

[Assets/Scripts/Arena/GridController.cs line 51]

Sphere: Destroy may not be called from edit mode! Use DestroyImmediate instead.
Destroying an object in edit mode destroys it permanently
UnityEngine.Debug:ExtractStackTraceNoAlloc (byte*,int,string)
UnityEngine.StackTraceUtility:ExtractStackTrace ()
UnityEngine.Object:Destroy (UnityEngine.Object,single)
UnityEngine.Object:Destroy (UnityEngine.Object)
QuizBattle.Arena.Visuals.ArenaColosseumBuilder:CreateCloud (UnityEngine.Transform,UnityEngine.Vector3,single) (at Assets/Scripts/Arena/Visuals/ArenaColosseumBuilder.cs:135)
QuizBattle.Arena.Visuals.ArenaColosseumBuilder:CreateSkyAndClouds (UnityEngine.Transform,UnityEngine.Vector3,single) (at Assets/Scripts/Arena/Visuals/ArenaColosseumBuilder.cs:91)
QuizBattle.Arena.Visuals.ArenaColosseumBuilder:Build (UnityEngine.Transform,int,int,single) (at Assets/Scripts/Arena/Visuals/ArenaColosseumBuilder.cs:26)
QuizBattle.Arena.GridController:BuildGrid (int,int,int) (at Assets/Scripts/Arena/GridController.cs:51)
QuizBattle.GameState.GameManager:RunAutoPlayMatch (int,int) (at Assets/Scripts/GameState/GameManager.cs:67)
CaptureCurrentArena:Capture () (at Assets/Editor/CaptureCurrentArena.cs:22)

[Assets/Scripts/Arena/GridController.cs line 51]

WallSection: Destroy may not be called from edit mode! Use DestroyImmediate instead.
Destroying an object in edit mode destroys it permanently
UnityEngine.Debug:ExtractStackTraceNoAlloc (byte*,int,string)
UnityEngine.StackTraceUtility:ExtractStackTrace ()
UnityEngine.Object:Destroy (UnityEngine.Object,single)
UnityEngine.Object:Destroy (UnityEngine.Object)
QuizBattle.Arena.Visuals.ArenaColosseumBuilder:CreateWallSection (UnityEngine.Transform,UnityEngine.Vector3,UnityEngine.Vector3,UnityEngine.Material,bool) (at Assets/Scripts/Arena/Visuals/ArenaColosseumBuilder.cs:222)
QuizBattle.Arena.Visuals.ArenaColosseumBuilder:CreateStadiumWallsAndTowers (UnityEngine.Transform,UnityEngine.Vector3,single,single) (at Assets/Scripts/Arena/Visuals/ArenaColosseumBuilder.cs:185)
QuizBattle.Arena.Visuals.ArenaColosseumBuilder:Build (UnityEngine.Transform,int,int,single) (at Assets/Scripts/Arena/Visuals/ArenaColosseumBuilder.cs:27)
QuizBattle.Arena.GridController:BuildGrid (int,int,int) (at Assets/Scripts/Arena/GridController.cs:51)
QuizBattle.GameState.GameManager:RunAutoPlayMatch (int,int) (at Assets/Scripts/GameState/GameManager.cs:67)
CaptureCurrentArena:Capture () (at Assets/Editor/CaptureCurrentArena.cs:22)

[Assets/Scripts/Arena/GridController.cs line 51]

Crenellation: Destroy may not be called from edit mode! Use DestroyImmediate instead.
Destroying an object in edit mode destroys it permanently
UnityEngine.Debug:ExtractStackTraceNoAlloc (byte*,int,string)
UnityEngine.StackTraceUtility:ExtractStackTrace ()
UnityEngine.Object:Destroy (UnityEngine.Object,single)
UnityEngine.Object:Destroy (UnityEngine.Object)
QuizBattle.Arena.Visuals.ArenaColosseumBuilder:CreateWallSection (UnityEngine.Transform,UnityEngine.Vector3,UnityEngine.Vector3,UnityEngine.Material,bool) (at Assets/Scripts/Arena/Visuals/ArenaColosseumBuilder.cs:238)
QuizBattle.Arena.Visuals.ArenaColosseumBuilder:CreateStadiumWallsAndTowers (UnityEngine.Transform,UnityEngine.Vector3,single,single) (at Assets/Scripts/Arena/Visuals/ArenaColosseumBuilder.cs:185)
QuizBattle.Arena.Visuals.ArenaColosseumBuilder:Build (UnityEngine.Transform,int,int,single) (at Assets/Scripts/Arena/Visuals/ArenaColosseumBuilder.cs:27)
QuizBattle.Arena.GridController:BuildGrid (int,int,int) (at Assets/Scripts/Arena/GridController.cs:51)
QuizBattle.GameState.GameManager:RunAutoPlayMatch (int,int) (at Assets/Scripts/GameState/GameManager.cs:67)
CaptureCurrentArena:Capture () (at Assets/Editor/CaptureCurrentArena.cs:22)

[Assets/Scripts/Arena/GridController.cs line 51]

Crenellation: Destroy may not be called from edit mode! Use DestroyImmediate instead.
Destroying an object in edit mode destroys it permanently
UnityEngine.Debug:ExtractStackTraceNoAlloc (byte*,int,string)
UnityEngine.StackTraceUtility:ExtractStackTrace ()
UnityEngine.Object:Destroy (UnityEngine.Object,single)
UnityEngine.Object:Destroy (UnityEngine.Object)
QuizBattle.Arena.Visuals.ArenaColosseumBuilder:CreateWallSection (UnityEngine.Transform,UnityEngine.Vector3,UnityEngine.Vector3,UnityEngine.Material,bool) (at Assets/Scripts/Arena/Visuals/ArenaColosseumBuilder.cs:238)
QuizBattle.Arena.Visuals.ArenaColosseumBuilder:CreateStadiumWallsAndTowers (UnityEngine.Transform,UnityEngine.Vector3,single,single) (at Assets/Scripts/Arena/Visuals/ArenaColosseumBuilder.cs:185)
QuizBattle.Arena.Visuals.ArenaColosseumBuilder:Build (UnityEngine.Transform,int,int,single) (at Assets/Scripts/Arena/Visuals/ArenaColosseumBuilder.cs:27)
QuizBattle.Arena.GridController:BuildGrid (int,int,int) (at Assets/Scripts/Arena/GridController.cs:51)
QuizBattle.GameState.GameManager:RunAutoPlayMatch (int,int) (at Assets/Scripts/GameState/GameManager.cs:67)
CaptureCurrentArena:Capture () (at Assets/Editor/CaptureCurrentArena.cs:22)

[Assets/Scripts/Arena/GridController.cs line 51]

Crenellation: Destroy may not be called from edit mode! Use DestroyImmediate instead.
Destroying an object in edit mode destroys it permanently
UnityEngine.Debug:ExtractStackTraceNoAlloc (byte*,int,string)
UnityEngine.StackTraceUtility:ExtractStackTrace ()
UnityEngine.Object:Destroy (UnityEngine.Object,single)
UnityEngine.Object:Destroy (UnityEngine.Object)
QuizBattle.Arena.Visuals.ArenaColosseumBuilder:CreateWallSection (UnityEngine.Transform,UnityEngine.Vector3,UnityEngine.Vector3,UnityEngine.Material,bool) (at Assets/Scripts/Arena/Visuals/ArenaColosseumBuilder.cs:238)
QuizBattle.Arena.Visuals.ArenaColosseumBuilder:CreateStadiumWallsAndTowers (UnityEngine.Transform,UnityEngine.Vector3,single,single) (at Assets/Scripts/Arena/Visuals/ArenaColosseumBuilder.cs:185)
QuizBattle.Arena.Visuals.ArenaColosseumBuilder:Build (UnityEngine.Transform,int,int,single) (at Assets/Scripts/Arena/Visuals/ArenaColosseumBuilder.cs:27)
QuizBattle.Arena.GridController:BuildGrid (int,int,int) (at Assets/Scripts/Arena/GridController.cs:51)
QuizBattle.GameState.GameManager:RunAutoPlayMatch (int,int) (at Assets/Scripts/GameState/GameManager.cs:67)
CaptureCurrentArena:Capture () (at Assets/Editor/CaptureCurrentArena.cs:22)

[Assets/Scripts/Arena/GridController.cs line 51]

Crenellation: Destroy may not be called from edit mode! Use DestroyImmediate instead.
Destroying an object in edit mode destroys it permanently
UnityEngine.Debug:ExtractStackTraceNoAlloc (byte*,int,string)
UnityEngine.StackTraceUtility:ExtractStackTrace ()
UnityEngine.Object:Destroy (UnityEngine.Object,single)
UnityEngine.Object:Destroy (UnityEngine.Object)
QuizBattle.Arena.Visuals.ArenaColosseumBuilder:CreateWallSection (UnityEngine.Transform,UnityEngine.Vector3,UnityEngine.Vector3,UnityEngine.Material,bool) (at Assets/Scripts/Arena/Visuals/ArenaColosseumBuilder.cs:238)
QuizBattle.Arena.Visuals.ArenaColosseumBuilder:CreateStadiumWallsAndTowers (UnityEngine.Transform,UnityEngine.Vector3,single,single) (at Assets/Scripts/Arena/Visuals/ArenaColosseumBuilder.cs:185)
QuizBattle.Arena.Visuals.ArenaColosseumBuilder:Build (UnityEngine.Transform,int,int,single) (at Assets/Scripts/Arena/Visuals/ArenaColosseumBuilder.cs:27)
QuizBattle.Arena.GridController:BuildGrid (int,int,int) (at Assets/Scripts/Arena/GridController.cs:51)
QuizBattle.GameState.GameManager:RunAutoPlayMatch (int,int) (at Assets/Scripts/GameState/GameManager.cs:67)
CaptureCurrentArena:Capture () (at Assets/Editor/CaptureCurrentArena.cs:22)

[Assets/Scripts/Arena/GridController.cs line 51]

Crenellation: Destroy may not be called from edit mode! Use DestroyImmediate instead.
Destroying an object in edit mode destroys it permanently
UnityEngine.Debug:ExtractStackTraceNoAlloc (byte*,int,string)
UnityEngine.StackTraceUtility:ExtractStackTrace ()
UnityEngine.Object:Destroy (UnityEngine.Object,single)
UnityEngine.Object:Destroy (UnityEngine.Object)
QuizBattle.Arena.Visuals.ArenaColosseumBuilder:CreateWallSection (UnityEngine.Transform,UnityEngine.Vector3,UnityEngine.Vector3,UnityEngine.Material,bool) (at Assets/Scripts/Arena/Visuals/ArenaColosseumBuilder.cs:238)
QuizBattle.Arena.Visuals.ArenaColosseumBuilder:CreateStadiumWallsAndTowers (UnityEngine.Transform,UnityEngine.Vector3,single,single) (at Assets/Scripts/Arena/Visuals/ArenaColosseumBuilder.cs:185)
QuizBattle.Arena.Visuals.ArenaColosseumBuilder:Build (UnityEngine.Transform,int,int,single) (at Assets/Scripts/Arena/Visuals/ArenaColosseumBuilder.cs:27)
QuizBattle.Arena.GridController:BuildGrid (int,int,int) (at Assets/Scripts/Arena/GridController.cs:51)
QuizBattle.GameState.GameManager:RunAutoPlayMatch (int,int) (at Assets/Scripts/GameState/GameManager.cs:67)
CaptureCurrentArena:Capture () (at Assets/Editor/CaptureCurrentArena.cs:22)

[Assets/Scripts/Arena/GridController.cs line 51]

Crenellation: Destroy may not be called from edit mode! Use DestroyImmediate instead.
Destroying an object in edit mode destroys it permanently
UnityEngine.Debug:ExtractStackTraceNoAlloc (byte*,int,string)
UnityEngine.StackTraceUtility:ExtractStackTrace ()
UnityEngine.Object:Destroy (UnityEngine.Object,single)
UnityEngine.Object:Destroy (UnityEngine.Object)
QuizBattle.Arena.Visuals.ArenaColosseumBuilder:CreateWallSection (UnityEngine.Transform,UnityEngine.Vector3,UnityEngine.Vector3,UnityEngine.Material,bool) (at Assets/Scripts/Arena/Visuals/ArenaColosseumBuilder.cs:238)
QuizBattle.Arena.Visuals.ArenaColosseumBuilder:CreateStadiumWallsAndTowers (UnityEngine.Transform,UnityEngine.Vector3,single,single) (at Assets/Scripts/Arena/Visuals/ArenaColosseumBuilder.cs:185)
QuizBattle.Arena.Visuals.ArenaColosseumBuilder:Build (UnityEngine.Transform,int,int,single) (at Assets/Scripts/Arena/Visuals/ArenaColosseumBuilder.cs:27)
QuizBattle.Arena.GridController:BuildGrid (int,int,int) (at Assets/Scripts/Arena/GridController.cs:51)
QuizBattle.GameState.GameManager:RunAutoPlayMatch (int,int) (at Assets/Scripts/GameState/GameManager.cs:67)
CaptureCurrentArena:Capture () (at Assets/Editor/CaptureCurrentArena.cs:22)

[Assets/Scripts/Arena/GridController.cs line 51]

Crenellation: Destroy may not be called from edit mode! Use DestroyImmediate instead.
Destroying an object in edit mode destroys it permanently
UnityEngine.Debug:ExtractStackTraceNoAlloc (byte*,int,string)
UnityEngine.StackTraceUtility:ExtractStackTrace ()
UnityEngine.Object:Destroy (UnityEngine.Object,single)
UnityEngine.Object:Destroy (UnityEngine.Object)
QuizBattle.Arena.Visuals.ArenaColosseumBuilder:CreateWallSection (UnityEngine.Transform,UnityEngine.Vector3,UnityEngine.Vector3,UnityEngine.Material,bool) (at Assets/Scripts/Arena/Visuals/ArenaColosseumBuilder.cs:238)
QuizBattle.Arena.Visuals.ArenaColosseumBuilder:CreateStadiumWallsAndTowers (UnityEngine.Transform,UnityEngine.Vector3,single,single) (at Assets/Scripts/Arena/Visuals/ArenaColosseumBuilder.cs:185)
QuizBattle.Arena.Visuals.ArenaColosseumBuilder:Build (UnityEngine.Transform,int,int,single) (at Assets/Scripts/Arena/Visuals/ArenaColosseumBuilder.cs:27)
QuizBattle.Arena.GridController:BuildGrid (int,int,int) (at Assets/Scripts/Arena/GridController.cs:51)
QuizBattle.GameState.GameManager:RunAutoPlayMatch (int,int) (at Assets/Scripts/GameState/GameManager.cs:67)
CaptureCurrentArena:Capture () (at Assets/Editor/CaptureCurrentArena.cs:22)

[Assets/Scripts/Arena/GridController.cs line 51]

WallSection: Destroy may not be called from edit mode! Use DestroyImmediate instead.
Destroying an object in edit mode destroys it permanently
UnityEngine.Debug:ExtractStackTraceNoAlloc (byte*,int,string)
UnityEngine.StackTraceUtility:ExtractStackTrace ()
UnityEngine.Object:Destroy (UnityEngine.Object,single)
UnityEngine.Object:Destroy (UnityEngine.Object)
QuizBattle.Arena.Visuals.ArenaColosseumBuilder:CreateWallSection (UnityEngine.Transform,UnityEngine.Vector3,UnityEngine.Vector3,UnityEngine.Material,bool) (at Assets/Scripts/Arena/Visuals/ArenaColosseumBuilder.cs:222)
QuizBattle.Arena.Visuals.ArenaColosseumBuilder:CreateStadiumWallsAndTowers (UnityEngine.Transform,UnityEngine.Vector3,single,single) (at Assets/Scripts/Arena/Visuals/ArenaColosseumBuilder.cs:189)
QuizBattle.Arena.Visuals.ArenaColosseumBuilder:Build (UnityEngine.Transform,int,int,single) (at Assets/Scripts/Arena/Visuals/ArenaColosseumBuilder.cs:27)
QuizBattle.Arena.GridController:BuildGrid (int,int,int) (at Assets/Scripts/Arena/GridController.cs:51)
QuizBattle.GameState.GameManager:RunAutoPlayMatch (int,int) (at Assets/Scripts/GameState/GameManager.cs:67)
CaptureCurrentArena:Capture () (at Assets/Editor/CaptureCurrentArena.cs:22)

[Assets/Scripts/Arena/GridController.cs line 51]

WallSection: Destroy may not be called from edit mode! Use DestroyImmediate instead.
Destroying an object in edit mode destroys it permanently
UnityEngine.Debug:ExtractStackTraceNoAlloc (byte*,int,string)
UnityEngine.StackTraceUtility:ExtractStackTrace ()
UnityEngine.Object:Destroy (UnityEngine.Object,single)
UnityEngine.Object:Destroy (UnityEngine.Object)
QuizBattle.Arena.Visuals.ArenaColosseumBuilder:CreateWallSection (UnityEngine.Transform,UnityEngine.Vector3,UnityEngine.Vector3,UnityEngine.Material,bool) (at Assets/Scripts/Arena/Visuals/ArenaColosseumBuilder.cs:222)
QuizBattle.Arena.Visuals.ArenaColosseumBuilder:CreateStadiumWallsAndTowers (UnityEngine.Transform,UnityEngine.Vector3,single,single) (at Assets/Scripts/Arena/Visuals/ArenaColosseumBuilder.cs:193)
QuizBattle.Arena.Visuals.ArenaColosseumBuilder:Build (UnityEngine.Transform,int,int,single) (at Assets/Scripts/Arena/Visuals/ArenaColosseumBuilder.cs:27)
QuizBattle.Arena.GridController:BuildGrid (int,int,int) (at Assets/Scripts/Arena/GridController.cs:51)
QuizBattle.GameState.GameManager:RunAutoPlayMatch (int,int) (at Assets/Scripts/GameState/GameManager.cs:67)
CaptureCurrentArena:Capture () (at Assets/Editor/CaptureCurrentArena.cs:22)

[Assets/Scripts/Arena/GridController.cs line 51]

WallSection: Destroy may not be called from edit mode! Use DestroyImmediate instead.
Destroying an object in edit mode destroys it permanently
UnityEngine.Debug:ExtractStackTraceNoAlloc (byte*,int,string)
UnityEngine.StackTraceUtility:ExtractStackTrace ()
UnityEngine.Object:Destroy (UnityEngine.Object,single)
UnityEngine.Object:Destroy (UnityEngine.Object)
QuizBattle.Arena.Visuals.ArenaColosseumBuilder:CreateWallSection (UnityEngine.Transform,UnityEngine.Vector3,UnityEngine.Vector3,UnityEngine.Material,bool) (at Assets/Scripts/Arena/Visuals/ArenaColosseumBuilder.cs:222)
QuizBattle.Arena.Visuals.ArenaColosseumBuilder:CreateStadiumWallsAndTowers (UnityEngine.Transform,UnityEngine.Vector3,single,single) (at Assets/Scripts/Arena/Visuals/ArenaColosseumBuilder.cs:196)
QuizBattle.Arena.Visuals.ArenaColosseumBuilder:Build (UnityEngine.Transform,int,int,single) (at Assets/Scripts/Arena/Visuals/ArenaColosseumBuilder.cs:27)
QuizBattle.Arena.GridController:BuildGrid (int,int,int) (at Assets/Scripts/Arena/GridController.cs:51)
QuizBattle.GameState.GameManager:RunAutoPlayMatch (int,int) (at Assets/Scripts/GameState/GameManager.cs:67)
CaptureCurrentArena:Capture () (at Assets/Editor/CaptureCurrentArena.cs:22)

[Assets/Scripts/Arena/GridController.cs line 51]

Bench_Tier_0: Destroy may not be called from edit mode! Use DestroyImmediate instead.
Destroying an object in edit mode destroys it permanently
UnityEngine.Debug:ExtractStackTraceNoAlloc (byte*,int,string)
UnityEngine.StackTraceUtility:ExtractStackTrace ()
UnityEngine.Object:Destroy (UnityEngine.Object,single)
UnityEngine.Object:Destroy (UnityEngine.Object)
QuizBattle.Arena.Visuals.ArenaColosseumBuilder:CreateSpectatorBenches (UnityEngine.Transform,UnityEngine.Vector3,single,UnityEngine.Material,bool) (at Assets/Scripts/Arena/Visuals/ArenaColosseumBuilder.cs:258)
QuizBattle.Arena.Visuals.ArenaColosseumBuilder:CreateStadiumWallsAndTowers (UnityEngine.Transform,UnityEngine.Vector3,single,single) (at Assets/Scripts/Arena/Visuals/ArenaColosseumBuilder.cs:200)
QuizBattle.Arena.Visuals.ArenaColosseumBuilder:Build (UnityEngine.Transform,int,int,single) (at Assets/Scripts/Arena/Visuals/ArenaColosseumBuilder.cs:27)
QuizBattle.Arena.GridController:BuildGrid (int,int,int) (at Assets/Scripts/Arena/GridController.cs:51)
QuizBattle.GameState.GameManager:RunAutoPlayMatch (int,int) (at Assets/Scripts/GameState/GameManager.cs:67)
CaptureCurrentArena:Capture () (at Assets/Editor/CaptureCurrentArena.cs:22)

[Assets/Scripts/Arena/GridController.cs line 51]

Bench_Tier_1: Destroy may not be called from edit mode! Use DestroyImmediate instead.
Destroying an object in edit mode destroys it permanently
UnityEngine.Debug:ExtractStackTraceNoAlloc (byte*,int,string)
UnityEngine.StackTraceUtility:ExtractStackTrace ()
UnityEngine.Object:Destroy (UnityEngine.Object,single)
UnityEngine.Object:Destroy (UnityEngine.Object)
QuizBattle.Arena.Visuals.ArenaColosseumBuilder:CreateSpectatorBenches (UnityEngine.Transform,UnityEngine.Vector3,single,UnityEngine.Material,bool) (at Assets/Scripts/Arena/Visuals/ArenaColosseumBuilder.cs:258)
QuizBattle.Arena.Visuals.ArenaColosseumBuilder:CreateStadiumWallsAndTowers (UnityEngine.Transform,UnityEngine.Vector3,single,single) (at Assets/Scripts/Arena/Visuals/ArenaColosseumBuilder.cs:200)
QuizBattle.Arena.Visuals.ArenaColosseumBuilder:Build (UnityEngine.Transform,int,int,single) (at Assets/Scripts/Arena/Visuals/ArenaColosseumBuilder.cs:27)
QuizBattle.Arena.GridController:BuildGrid (int,int,int) (at Assets/Scripts/Arena/GridController.cs:51)
QuizBattle.GameState.GameManager:RunAutoPlayMatch (int,int) (at Assets/Scripts/GameState/GameManager.cs:67)
CaptureCurrentArena:Capture () (at Assets/Editor/CaptureCurrentArena.cs:22)

[Assets/Scripts/Arena/GridController.cs line 51]

Bench_Tier_2: Destroy may not be called from edit mode! Use DestroyImmediate instead.
Destroying an object in edit mode destroys it permanently
UnityEngine.Debug:ExtractStackTraceNoAlloc (byte*,int,string)
UnityEngine.StackTraceUtility:ExtractStackTrace ()
UnityEngine.Object:Destroy (UnityEngine.Object,single)
UnityEngine.Object:Destroy (UnityEngine.Object)
QuizBattle.Arena.Visuals.ArenaColosseumBuilder:CreateSpectatorBenches (UnityEngine.Transform,UnityEngine.Vector3,single,UnityEngine.Material,bool) (at Assets/Scripts/Arena/Visuals/ArenaColosseumBuilder.cs:258)
QuizBattle.Arena.Visuals.ArenaColosseumBuilder:CreateStadiumWallsAndTowers (UnityEngine.Transform,UnityEngine.Vector3,single,single) (at Assets/Scripts/Arena/Visuals/ArenaColosseumBuilder.cs:200)
QuizBattle.Arena.Visuals.ArenaColosseumBuilder:Build (UnityEngine.Transform,int,int,single) (at Assets/Scripts/Arena/Visuals/ArenaColosseumBuilder.cs:27)
QuizBattle.Arena.GridController:BuildGrid (int,int,int) (at Assets/Scripts/Arena/GridController.cs:51)
QuizBattle.GameState.GameManager:RunAutoPlayMatch (int,int) (at Assets/Scripts/GameState/GameManager.cs:67)
CaptureCurrentArena:Capture () (at Assets/Editor/CaptureCurrentArena.cs:22)

[Assets/Scripts/Arena/GridController.cs line 51]

Bench_Tier_0: Destroy may not be called from edit mode! Use DestroyImmediate instead.
Destroying an object in edit mode destroys it permanently
UnityEngine.Debug:ExtractStackTraceNoAlloc (byte*,int,string)
UnityEngine.StackTraceUtility:ExtractStackTrace ()
UnityEngine.Object:Destroy (UnityEngine.Object,single)
UnityEngine.Object:Destroy (UnityEngine.Object)
QuizBattle.Arena.Visuals.ArenaColosseumBuilder:CreateSpectatorBenches (UnityEngine.Transform,UnityEngine.Vector3,single,UnityEngine.Material,bool) (at Assets/Scripts/Arena/Visuals/ArenaColosseumBuilder.cs:258)
QuizBattle.Arena.Visuals.ArenaColosseumBuilder:CreateStadiumWallsAndTowers (UnityEngine.Transform,UnityEngine.Vector3,single,single) (at Assets/Scripts/Arena/Visuals/ArenaColosseumBuilder.cs:201)
QuizBattle.Arena.Visuals.ArenaColosseumBuilder:Build (UnityEngine.Transform,int,int,single) (at Assets/Scripts/Arena/Visuals/ArenaColosseumBuilder.cs:27)
QuizBattle.Arena.GridController:BuildGrid (int,int,int) (at Assets/Scripts/Arena/GridController.cs:51)
QuizBattle.GameState.GameManager:RunAutoPlayMatch (int,int) (at Assets/Scripts/GameState/GameManager.cs:67)
CaptureCurrentArena:Capture () (at Assets/Editor/CaptureCurrentArena.cs:22)

[Assets/Scripts/Arena/GridController.cs line 51]

Bench_Tier_1: Destroy may not be called from edit mode! Use DestroyImmediate instead.
Destroying an object in edit mode destroys it permanently
UnityEngine.Debug:ExtractStackTraceNoAlloc (byte*,int,string)
UnityEngine.StackTraceUtility:ExtractStackTrace ()
UnityEngine.Object:Destroy (UnityEngine.Object,single)
UnityEngine.Object:Destroy (UnityEngine.Object)
QuizBattle.Arena.Visuals.ArenaColosseumBuilder:CreateSpectatorBenches (UnityEngine.Transform,UnityEngine.Vector3,single,UnityEngine.Material,bool) (at Assets/Scripts/Arena/Visuals/ArenaColosseumBuilder.cs:258)
QuizBattle.Arena.Visuals.ArenaColosseumBuilder:CreateStadiumWallsAndTowers (UnityEngine.Transform,UnityEngine.Vector3,single,single) (at Assets/Scripts/Arena/Visuals/ArenaColosseumBuilder.cs:201)
QuizBattle.Arena.Visuals.ArenaColosseumBuilder:Build (UnityEngine.Transform,int,int,single) (at Assets/Scripts/Arena/Visuals/ArenaColosseumBuilder.cs:27)
QuizBattle.Arena.GridController:BuildGrid (int,int,int) (at Assets/Scripts/Arena/GridController.cs:51)
QuizBattle.GameState.GameManager:RunAutoPlayMatch (int,int) (at Assets/Scripts/GameState/GameManager.cs:67)
CaptureCurrentArena:Capture () (at Assets/Editor/CaptureCurrentArena.cs:22)

[Assets/Scripts/Arena/GridController.cs line 51]

Bench_Tier_2: Destroy may not be called from edit mode! Use DestroyImmediate instead.
Destroying an object in edit mode destroys it permanently
UnityEngine.Debug:ExtractStackTraceNoAlloc (byte*,int,string)
UnityEngine.StackTraceUtility:ExtractStackTrace ()
UnityEngine.Object:Destroy (UnityEngine.Object,single)
UnityEngine.Object:Destroy (UnityEngine.Object)
QuizBattle.Arena.Visuals.ArenaColosseumBuilder:CreateSpectatorBenches (UnityEngine.Transform,UnityEngine.Vector3,single,UnityEngine.Material,bool) (at Assets/Scripts/Arena/Visuals/ArenaColosseumBuilder.cs:258)
QuizBattle.Arena.Visuals.ArenaColosseumBuilder:CreateStadiumWallsAndTowers (UnityEngine.Transform,UnityEngine.Vector3,single,single) (at Assets/Scripts/Arena/Visuals/ArenaColosseumBuilder.cs:201)
QuizBattle.Arena.Visuals.ArenaColosseumBuilder:Build (UnityEngine.Transform,int,int,single) (at Assets/Scripts/Arena/Visuals/ArenaColosseumBuilder.cs:27)
QuizBattle.Arena.GridController:BuildGrid (int,int,int) (at Assets/Scripts/Arena/GridController.cs:51)
QuizBattle.GameState.GameManager:RunAutoPlayMatch (int,int) (at Assets/Scripts/GameState/GameManager.cs:67)
CaptureCurrentArena:Capture () (at Assets/Editor/CaptureCurrentArena.cs:22)

[Assets/Scripts/Arena/GridController.cs line 51]

TowerShaft: Destroy may not be called from edit mode! Use DestroyImmediate instead.
Destroying an object in edit mode destroys it permanently
UnityEngine.Debug:ExtractStackTraceNoAlloc (byte*,int,string)
UnityEngine.StackTraceUtility:ExtractStackTrace ()
UnityEngine.Object:Destroy (UnityEngine.Object,single)
UnityEngine.Object:Destroy (UnityEngine.Object)
QuizBattle.Arena.Visuals.ArenaColosseumBuilder:CreateTower (UnityEngine.Transform,UnityEngine.Vector3,UnityEngine.Material,UnityEngine.Color) (at Assets/Scripts/Arena/Visuals/ArenaColosseumBuilder.cs:275)
QuizBattle.Arena.Visuals.ArenaColosseumBuilder:CreateStadiumWallsAndTowers (UnityEngine.Transform,UnityEngine.Vector3,single,single) (at Assets/Scripts/Arena/Visuals/ArenaColosseumBuilder.cs:211)
QuizBattle.Arena.Visuals.ArenaColosseumBuilder:Build (UnityEngine.Transform,int,int,single) (at Assets/Scripts/Arena/Visuals/ArenaColosseumBuilder.cs:27)
QuizBattle.Arena.GridController:BuildGrid (int,int,int) (at Assets/Scripts/Arena/GridController.cs:51)
QuizBattle.GameState.GameManager:RunAutoPlayMatch (int,int) (at Assets/Scripts/GameState/GameManager.cs:67)
CaptureCurrentArena:Capture () (at Assets/Editor/CaptureCurrentArena.cs:22)

[Assets/Scripts/Arena/GridController.cs line 51]

TowerRim: Destroy may not be called from edit mode! Use DestroyImmediate instead.
Destroying an object in edit mode destroys it permanently
UnityEngine.Debug:ExtractStackTraceNoAlloc (byte*,int,string)
UnityEngine.StackTraceUtility:ExtractStackTrace ()
UnityEngine.Object:Destroy (UnityEngine.Object,single)
UnityEngine.Object:Destroy (UnityEngine.Object)
QuizBattle.Arena.Visuals.ArenaColosseumBuilder:CreateTower (UnityEngine.Transform,UnityEngine.Vector3,UnityEngine.Material,UnityEngine.Color) (at Assets/Scripts/Arena/Visuals/ArenaColosseumBuilder.cs:284)
QuizBattle.Arena.Visuals.ArenaColosseumBuilder:CreateStadiumWallsAndTowers (UnityEngine.Transform,UnityEngine.Vector3,single,single) (at Assets/Scripts/Arena/Visuals/ArenaColosseumBuilder.cs:211)
QuizBattle.Arena.Visuals.ArenaColosseumBuilder:Build (UnityEngine.Transform,int,int,single) (at Assets/Scripts/Arena/Visuals/ArenaColosseumBuilder.cs:27)
QuizBattle.Arena.GridController:BuildGrid (int,int,int) (at Assets/Scripts/Arena/GridController.cs:51)
QuizBattle.GameState.GameManager:RunAutoPlayMatch (int,int) (at Assets/Scripts/GameState/GameManager.cs:67)
CaptureCurrentArena:Capture () (at Assets/Editor/CaptureCurrentArena.cs:22)

[Assets/Scripts/Arena/GridController.cs line 51]

GoldSpire: Destroy may not be called from edit mode! Use DestroyImmediate instead.
Destroying an object in edit mode destroys it permanently
UnityEngine.Debug:ExtractStackTraceNoAlloc (byte*,int,string)
UnityEngine.StackTraceUtility:ExtractStackTrace ()
UnityEngine.Object:Destroy (UnityEngine.Object,single)
UnityEngine.Object:Destroy (UnityEngine.Object)
QuizBattle.Arena.Visuals.ArenaColosseumBuilder:CreateTower (UnityEngine.Transform,UnityEngine.Vector3,UnityEngine.Material,UnityEngine.Color) (at Assets/Scripts/Arena/Visuals/ArenaColosseumBuilder.cs:314)
QuizBattle.Arena.Visuals.ArenaColosseumBuilder:CreateStadiumWallsAndTowers (UnityEngine.Transform,UnityEngine.Vector3,single,single) (at Assets/Scripts/Arena/Visuals/ArenaColosseumBuilder.cs:211)
QuizBattle.Arena.Visuals.ArenaColosseumBuilder:Build (UnityEngine.Transform,int,int,single) (at Assets/Scripts/Arena/Visuals/ArenaColosseumBuilder.cs:27)
QuizBattle.Arena.GridController:BuildGrid (int,int,int) (at Assets/Scripts/Arena/GridController.cs:51)
QuizBattle.GameState.GameManager:RunAutoPlayMatch (int,int) (at Assets/Scripts/GameState/GameManager.cs:67)
CaptureCurrentArena:Capture () (at Assets/Editor/CaptureCurrentArena.cs:22)

[Assets/Scripts/Arena/GridController.cs line 51]

TowerShaft: Destroy may not be called from edit mode! Use DestroyImmediate instead.
Destroying an object in edit mode destroys it permanently
UnityEngine.Debug:ExtractStackTraceNoAlloc (byte*,int,string)
UnityEngine.StackTraceUtility:ExtractStackTrace ()
UnityEngine.Object:Destroy (UnityEngine.Object,single)
UnityEngine.Object:Destroy (UnityEngine.Object)
QuizBattle.Arena.Visuals.ArenaColosseumBuilder:CreateTower (UnityEngine.Transform,UnityEngine.Vector3,UnityEngine.Material,UnityEngine.Color) (at Assets/Scripts/Arena/Visuals/ArenaColosseumBuilder.cs:275)
QuizBattle.Arena.Visuals.ArenaColosseumBuilder:CreateStadiumWallsAndTowers (UnityEngine.Transform,UnityEngine.Vector3,single,single) (at Assets/Scripts/Arena/Visuals/ArenaColosseumBuilder.cs:211)
QuizBattle.Arena.Visuals.ArenaColosseumBuilder:Build (UnityEngine.Transform,int,int,single) (at Assets/Scripts/Arena/Visuals/ArenaColosseumBuilder.cs:27)
QuizBattle.Arena.GridController:BuildGrid (int,int,int) (at Assets/Scripts/Arena/GridController.cs:51)
QuizBattle.GameState.GameManager:RunAutoPlayMatch (int,int) (at Assets/Scripts/GameState/GameManager.cs:67)
CaptureCurrentArena:Capture () (at Assets/Editor/CaptureCurrentArena.cs:22)

[Assets/Scripts/Arena/GridController.cs line 51]

TowerRim: Destroy may not be called from edit mode! Use DestroyImmediate instead.
Destroying an object in edit mode destroys it permanently
UnityEngine.Debug:ExtractStackTraceNoAlloc (byte*,int,string)
UnityEngine.StackTraceUtility:ExtractStackTrace ()
UnityEngine.Object:Destroy (UnityEngine.Object,single)
UnityEngine.Object:Destroy (UnityEngine.Object)
QuizBattle.Arena.Visuals.ArenaColosseumBuilder:CreateTower (UnityEngine.Transform,UnityEngine.Vector3,UnityEngine.Material,UnityEngine.Color) (at Assets/Scripts/Arena/Visuals/ArenaColosseumBuilder.cs:284)
QuizBattle.Arena.Visuals.ArenaColosseumBuilder:CreateStadiumWallsAndTowers (UnityEngine.Transform,UnityEngine.Vector3,single,single) (at Assets/Scripts/Arena/Visuals/ArenaColosseumBuilder.cs:211)
QuizBattle.Arena.Visuals.ArenaColosseumBuilder:Build (UnityEngine.Transform,int,int,single) (at Assets/Scripts/Arena/Visuals/ArenaColosseumBuilder.cs:27)
QuizBattle.Arena.GridController:BuildGrid (int,int,int) (at Assets/Scripts/Arena/GridController.cs:51)
QuizBattle.GameState.GameManager:RunAutoPlayMatch (int,int) (at Assets/Scripts/GameState/GameManager.cs:67)
CaptureCurrentArena:Capture () (at Assets/Editor/CaptureCurrentArena.cs:22)

[Assets/Scripts/Arena/GridController.cs line 51]

GoldSpire: Destroy may not be called from edit mode! Use DestroyImmediate instead.
Destroying an object in edit mode destroys it permanently
UnityEngine.Debug:ExtractStackTraceNoAlloc (byte*,int,string)
UnityEngine.StackTraceUtility:ExtractStackTrace ()
UnityEngine.Object:Destroy (UnityEngine.Object,single)
UnityEngine.Object:Destroy (UnityEngine.Object)
QuizBattle.Arena.Visuals.ArenaColosseumBuilder:CreateTower (UnityEngine.Transform,UnityEngine.Vector3,UnityEngine.Material,UnityEngine.Color) (at Assets/Scripts/Arena/Visuals/ArenaColosseumBuilder.cs:314)
QuizBattle.Arena.Visuals.ArenaColosseumBuilder:CreateStadiumWallsAndTowers (UnityEngine.Transform,UnityEngine.Vector3,single,single) (at Assets/Scripts/Arena/Visuals/ArenaColosseumBuilder.cs:211)
QuizBattle.Arena.Visuals.ArenaColosseumBuilder:Build (UnityEngine.Transform,int,int,single) (at Assets/Scripts/Arena/Visuals/ArenaColosseumBuilder.cs:27)
QuizBattle.Arena.GridController:BuildGrid (int,int,int) (at Assets/Scripts/Arena/GridController.cs:51)
QuizBattle.GameState.GameManager:RunAutoPlayMatch (int,int) (at Assets/Scripts/GameState/GameManager.cs:67)
CaptureCurrentArena:Capture () (at Assets/Editor/CaptureCurrentArena.cs:22)

[Assets/Scripts/Arena/GridController.cs line 51]

Cloth: Destroy may not be called from edit mode! Use DestroyImmediate instead.
Destroying an object in edit mode destroys it permanently
UnityEngine.Debug:ExtractStackTraceNoAlloc (byte*,int,string)
UnityEngine.StackTraceUtility:ExtractStackTrace ()
UnityEngine.Object:Destroy (UnityEngine.Object,single)
UnityEngine.Object:Destroy (UnityEngine.Object)
QuizBattle.Arena.Visuals.ArenaColosseumBuilder:CreateBanner (UnityEngine.Transform,UnityEngine.Vector3,UnityEngine.Color,bool) (at Assets/Scripts/Arena/Visuals/ArenaColosseumBuilder.cs:364)
QuizBattle.Arena.Visuals.ArenaColosseumBuilder:CreateRoyalBanners (UnityEngine.Transform,UnityEngine.Vector3,single,single) (at Assets/Scripts/Arena/Visuals/ArenaColosseumBuilder.cs:330)
QuizBattle.Arena.Visuals.ArenaColosseumBuilder:Build (UnityEngine.Transform,int,int,single) (at Assets/Scripts/Arena/Visuals/ArenaColosseumBuilder.cs:28)
QuizBattle.Arena.GridController:BuildGrid (int,int,int) (at Assets/Scripts/Arena/GridController.cs:51)
QuizBattle.GameState.GameManager:RunAutoPlayMatch (int,int) (at Assets/Scripts/GameState/GameManager.cs:67)
CaptureCurrentArena:Capture () (at Assets/Editor/CaptureCurrentArena.cs:22)

[Assets/Scripts/Arena/GridController.cs line 51]

Rod: Destroy may not be called from edit mode! Use DestroyImmediate instead.
Destroying an object in edit mode destroys it permanently
UnityEngine.Debug:ExtractStackTraceNoAlloc (byte*,int,string)
UnityEngine.StackTraceUtility:ExtractStackTrace ()
UnityEngine.Object:Destroy (UnityEngine.Object,single)
UnityEngine.Object:Destroy (UnityEngine.Object)
QuizBattle.Arena.Visuals.ArenaColosseumBuilder:CreateBanner (UnityEngine.Transform,UnityEngine.Vector3,UnityEngine.Color,bool) (at Assets/Scripts/Arena/Visuals/ArenaColosseumBuilder.cs:374)
QuizBattle.Arena.Visuals.ArenaColosseumBuilder:CreateRoyalBanners (UnityEngine.Transform,UnityEngine.Vector3,single,single) (at Assets/Scripts/Arena/Visuals/ArenaColosseumBuilder.cs:330)
QuizBattle.Arena.Visuals.ArenaColosseumBuilder:Build (UnityEngine.Transform,int,int,single) (at Assets/Scripts/Arena/Visuals/ArenaColosseumBuilder.cs:28)
QuizBattle.Arena.GridController:BuildGrid (int,int,int) (at Assets/Scripts/Arena/GridController.cs:51)
QuizBattle.GameState.GameManager:RunAutoPlayMatch (int,int) (at Assets/Scripts/GameState/GameManager.cs:67)
CaptureCurrentArena:Capture () (at Assets/Editor/CaptureCurrentArena.cs:22)

[Assets/Scripts/Arena/GridController.cs line 51]

Emblem: Destroy may not be called from edit mode! Use DestroyImmediate instead.
Destroying an object in edit mode destroys it permanently
UnityEngine.Debug:ExtractStackTraceNoAlloc (byte*,int,string)
UnityEngine.StackTraceUtility:ExtractStackTrace ()
UnityEngine.Object:Destroy (UnityEngine.Object,single)
UnityEngine.Object:Destroy (UnityEngine.Object)
QuizBattle.Arena.Visuals.ArenaColosseumBuilder:CreateBanner (UnityEngine.Transform,UnityEngine.Vector3,UnityEngine.Color,bool) (at Assets/Scripts/Arena/Visuals/ArenaColosseumBuilder.cs:384)
QuizBattle.Arena.Visuals.ArenaColosseumBuilder:CreateRoyalBanners (UnityEngine.Transform,UnityEngine.Vector3,single,single) (at Assets/Scripts/Arena/Visuals/ArenaColosseumBuilder.cs:330)
QuizBattle.Arena.Visuals.ArenaColosseumBuilder:Build (UnityEngine.Transform,int,int,single) (at Assets/Scripts/Arena/Visuals/ArenaColosseumBuilder.cs:28)
QuizBattle.Arena.GridController:BuildGrid (int,int,int) (at Assets/Scripts/Arena/GridController.cs:51)
QuizBattle.GameState.GameManager:RunAutoPlayMatch (int,int) (at Assets/Scripts/GameState/GameManager.cs:67)
CaptureCurrentArena:Capture () (at Assets/Editor/CaptureCurrentArena.cs:22)

[Assets/Scripts/Arena/GridController.cs line 51]

Cloth: Destroy may not be called from edit mode! Use DestroyImmediate instead.
Destroying an object in edit mode destroys it permanently
UnityEngine.Debug:ExtractStackTraceNoAlloc (byte*,int,string)
UnityEngine.StackTraceUtility:ExtractStackTrace ()
UnityEngine.Object:Destroy (UnityEngine.Object,single)
UnityEngine.Object:Destroy (UnityEngine.Object)
QuizBattle.Arena.Visuals.ArenaColosseumBuilder:CreateBanner (UnityEngine.Transform,UnityEngine.Vector3,UnityEngine.Color,bool) (at Assets/Scripts/Arena/Visuals/ArenaColosseumBuilder.cs:364)
QuizBattle.Arena.Visuals.ArenaColosseumBuilder:CreateRoyalBanners (UnityEngine.Transform,UnityEngine.Vector3,single,single) (at Assets/Scripts/Arena/Visuals/ArenaColosseumBuilder.cs:331)
QuizBattle.Arena.Visuals.ArenaColosseumBuilder:Build (UnityEngine.Transform,int,int,single) (at Assets/Scripts/Arena/Visuals/ArenaColosseumBuilder.cs:28)
QuizBattle.Arena.GridController:BuildGrid (int,int,int) (at Assets/Scripts/Arena/GridController.cs:51)
QuizBattle.GameState.GameManager:RunAutoPlayMatch (int,int) (at Assets/Scripts/GameState/GameManager.cs:67)
CaptureCurrentArena:Capture () (at Assets/Editor/CaptureCurrentArena.cs:22)

[Assets/Scripts/Arena/GridController.cs line 51]

Rod: Destroy may not be called from edit mode! Use DestroyImmediate instead.
Destroying an object in edit mode destroys it permanently
UnityEngine.Debug:ExtractStackTraceNoAlloc (byte*,int,string)
UnityEngine.StackTraceUtility:ExtractStackTrace ()
UnityEngine.Object:Destroy (UnityEngine.Object,single)
UnityEngine.Object:Destroy (UnityEngine.Object)
QuizBattle.Arena.Visuals.ArenaColosseumBuilder:CreateBanner (UnityEngine.Transform,UnityEngine.Vector3,UnityEngine.Color,bool) (at Assets/Scripts/Arena/Visuals/ArenaColosseumBuilder.cs:374)
QuizBattle.Arena.Visuals.ArenaColosseumBuilder:CreateRoyalBanners (UnityEngine.Transform,UnityEngine.Vector3,single,single) (at Assets/Scripts/Arena/Visuals/ArenaColosseumBuilder.cs:331)
QuizBattle.Arena.Visuals.ArenaColosseumBuilder:Build (UnityEngine.Transform,int,int,single) (at Assets/Scripts/Arena/Visuals/ArenaColosseumBuilder.cs:28)
QuizBattle.Arena.GridController:BuildGrid (int,int,int) (at Assets/Scripts/Arena/GridController.cs:51)
QuizBattle.GameState.GameManager:RunAutoPlayMatch (int,int) (at Assets/Scripts/GameState/GameManager.cs:67)
CaptureCurrentArena:Capture () (at Assets/Editor/CaptureCurrentArena.cs:22)

[Assets/Scripts/Arena/GridController.cs line 51]

Emblem: Destroy may not be called from edit mode! Use DestroyImmediate instead.
Destroying an object in edit mode destroys it permanently
UnityEngine.Debug:ExtractStackTraceNoAlloc (byte*,int,string)
UnityEngine.StackTraceUtility:ExtractStackTrace ()
UnityEngine.Object:Destroy (UnityEngine.Object,single)
UnityEngine.Object:Destroy (UnityEngine.Object)
QuizBattle.Arena.Visuals.ArenaColosseumBuilder:CreateBanner (UnityEngine.Transform,UnityEngine.Vector3,UnityEngine.Color,bool) (at Assets/Scripts/Arena/Visuals/ArenaColosseumBuilder.cs:384)
QuizBattle.Arena.Visuals.ArenaColosseumBuilder:CreateRoyalBanners (UnityEngine.Transform,UnityEngine.Vector3,single,single) (at Assets/Scripts/Arena/Visuals/ArenaColosseumBuilder.cs:331)
QuizBattle.Arena.Visuals.ArenaColosseumBuilder:Build (UnityEngine.Transform,int,int,single) (at Assets/Scripts/Arena/Visuals/ArenaColosseumBuilder.cs:28)
QuizBattle.Arena.GridController:BuildGrid (int,int,int) (at Assets/Scripts/Arena/GridController.cs:51)
QuizBattle.GameState.GameManager:RunAutoPlayMatch (int,int) (at Assets/Scripts/GameState/GameManager.cs:67)
CaptureCurrentArena:Capture () (at Assets/Editor/CaptureCurrentArena.cs:22)

[Assets/Scripts/Arena/GridController.cs line 51]

Cloth: Destroy may not be called from edit mode! Use DestroyImmediate instead.
Destroying an object in edit mode destroys it permanently
UnityEngine.Debug:ExtractStackTraceNoAlloc (byte*,int,string)
UnityEngine.StackTraceUtility:ExtractStackTrace ()
UnityEngine.Object:Destroy (UnityEngine.Object,single)
UnityEngine.Object:Destroy (UnityEngine.Object)
QuizBattle.Arena.Visuals.ArenaColosseumBuilder:CreateBanner (UnityEngine.Transform,UnityEngine.Vector3,UnityEngine.Color,bool) (at Assets/Scripts/Arena/Visuals/ArenaColosseumBuilder.cs:364)
QuizBattle.Arena.Visuals.ArenaColosseumBuilder:CreateRoyalBanners (UnityEngine.Transform,UnityEngine.Vector3,single,single) (at Assets/Scripts/Arena/Visuals/ArenaColosseumBuilder.cs:334)
QuizBattle.Arena.Visuals.ArenaColosseumBuilder:Build (UnityEngine.Transform,int,int,single) (at Assets/Scripts/Arena/Visuals/ArenaColosseumBuilder.cs:28)
QuizBattle.Arena.GridController:BuildGrid (int,int,int) (at Assets/Scripts/Arena/GridController.cs:51)
QuizBattle.GameState.GameManager:RunAutoPlayMatch (int,int) (at Assets/Scripts/GameState/GameManager.cs:67)
CaptureCurrentArena:Capture () (at Assets/Editor/CaptureCurrentArena.cs:22)

[Assets/Scripts/Arena/GridController.cs line 51]

Rod: Destroy may not be called from edit mode! Use DestroyImmediate instead.
Destroying an object in edit mode destroys it permanently
UnityEngine.Debug:ExtractStackTraceNoAlloc (byte*,int,string)
UnityEngine.StackTraceUtility:ExtractStackTrace ()
UnityEngine.Object:Destroy (UnityEngine.Object,single)
UnityEngine.Object:Destroy (UnityEngine.Object)
QuizBattle.Arena.Visuals.ArenaColosseumBuilder:CreateBanner (UnityEngine.Transform,UnityEngine.Vector3,UnityEngine.Color,bool) (at Assets/Scripts/Arena/Visuals/ArenaColosseumBuilder.cs:374)
QuizBattle.Arena.Visuals.ArenaColosseumBuilder:CreateRoyalBanners (UnityEngine.Transform,UnityEngine.Vector3,single,single) (at Assets/Scripts/Arena/Visuals/ArenaColosseumBuilder.cs:334)
QuizBattle.Arena.Visuals.ArenaColosseumBuilder:Build (UnityEngine.Transform,int,int,single) (at Assets/Scripts/Arena/Visuals/ArenaColosseumBuilder.cs:28)
QuizBattle.Arena.GridController:BuildGrid (int,int,int) (at Assets/Scripts/Arena/GridController.cs:51)
QuizBattle.GameState.GameManager:RunAutoPlayMatch (int,int) (at Assets/Scripts/GameState/GameManager.cs:67)
CaptureCurrentArena:Capture () (at Assets/Editor/CaptureCurrentArena.cs:22)

[Assets/Scripts/Arena/GridController.cs line 51]

Emblem: Destroy may not be called from edit mode! Use DestroyImmediate instead.
Destroying an object in edit mode destroys it permanently
UnityEngine.Debug:ExtractStackTraceNoAlloc (byte*,int,string)
UnityEngine.StackTraceUtility:ExtractStackTrace ()
UnityEngine.Object:Destroy (UnityEngine.Object,single)
UnityEngine.Object:Destroy (UnityEngine.Object)
QuizBattle.Arena.Visuals.ArenaColosseumBuilder:CreateBanner (UnityEngine.Transform,UnityEngine.Vector3,UnityEngine.Color,bool) (at Assets/Scripts/Arena/Visuals/ArenaColosseumBuilder.cs:384)
QuizBattle.Arena.Visuals.ArenaColosseumBuilder:CreateRoyalBanners (UnityEngine.Transform,UnityEngine.Vector3,single,single) (at Assets/Scripts/Arena/Visuals/ArenaColosseumBuilder.cs:334)
QuizBattle.Arena.Visuals.ArenaColosseumBuilder:Build (UnityEngine.Transform,int,int,single) (at Assets/Scripts/Arena/Visuals/ArenaColosseumBuilder.cs:28)
QuizBattle.Arena.GridController:BuildGrid (int,int,int) (at Assets/Scripts/Arena/GridController.cs:51)
QuizBattle.GameState.GameManager:RunAutoPlayMatch (int,int) (at Assets/Scripts/GameState/GameManager.cs:67)
CaptureCurrentArena:Capture () (at Assets/Editor/CaptureCurrentArena.cs:22)

[Assets/Scripts/Arena/GridController.cs line 51]

Cloth: Destroy may not be called from edit mode! Use DestroyImmediate instead.
Destroying an object in edit mode destroys it permanently
UnityEngine.Debug:ExtractStackTraceNoAlloc (byte*,int,string)
UnityEngine.StackTraceUtility:ExtractStackTrace ()
UnityEngine.Object:Destroy (UnityEngine.Object,single)
UnityEngine.Object:Destroy (UnityEngine.Object)
QuizBattle.Arena.Visuals.ArenaColosseumBuilder:CreateBanner (UnityEngine.Transform,UnityEngine.Vector3,UnityEngine.Color,bool) (at Assets/Scripts/Arena/Visuals/ArenaColosseumBuilder.cs:364)
QuizBattle.Arena.Visuals.ArenaColosseumBuilder:CreateRoyalBanners (UnityEngine.Transform,UnityEngine.Vector3,single,single) (at Assets/Scripts/Arena/Visuals/ArenaColosseumBuilder.cs:335)
QuizBattle.Arena.Visuals.ArenaColosseumBuilder:Build (UnityEngine.Transform,int,int,single) (at Assets/Scripts/Arena/Visuals/ArenaColosseumBuilder.cs:28)
QuizBattle.Arena.GridController:BuildGrid (int,int,int) (at Assets/Scripts/Arena/GridController.cs:51)
QuizBattle.GameState.GameManager:RunAutoPlayMatch (int,int) (at Assets/Scripts/GameState/GameManager.cs:67)
CaptureCurrentArena:Capture () (at Assets/Editor/CaptureCurrentArena.cs:22)

[Assets/Scripts/Arena/GridController.cs line 51]

Rod: Destroy may not be called from edit mode! Use DestroyImmediate instead.
Destroying an object in edit mode destroys it permanently
UnityEngine.Debug:ExtractStackTraceNoAlloc (byte*,int,string)
UnityEngine.StackTraceUtility:ExtractStackTrace ()
UnityEngine.Object:Destroy (UnityEngine.Object,single)
UnityEngine.Object:Destroy (UnityEngine.Object)
QuizBattle.Arena.Visuals.ArenaColosseumBuilder:CreateBanner (UnityEngine.Transform,UnityEngine.Vector3,UnityEngine.Color,bool) (at Assets/Scripts/Arena/Visuals/ArenaColosseumBuilder.cs:374)
QuizBattle.Arena.Visuals.ArenaColosseumBuilder:CreateRoyalBanners (UnityEngine.Transform,UnityEngine.Vector3,single,single) (at Assets/Scripts/Arena/Visuals/ArenaColosseumBuilder.cs:335)
QuizBattle.Arena.Visuals.ArenaColosseumBuilder:Build (UnityEngine.Transform,int,int,single) (at Assets/Scripts/Arena/Visuals/ArenaColosseumBuilder.cs:28)
QuizBattle.Arena.GridController:BuildGrid (int,int,int) (at Assets/Scripts/Arena/GridController.cs:51)
QuizBattle.GameState.GameManager:RunAutoPlayMatch (int,int) (at Assets/Scripts/GameState/GameManager.cs:67)
CaptureCurrentArena:Capture () (at Assets/Editor/CaptureCurrentArena.cs:22)

[Assets/Scripts/Arena/GridController.cs line 51]

Emblem: Destroy may not be called from edit mode! Use DestroyImmediate instead.
Destroying an object in edit mode destroys it permanently
UnityEngine.Debug:ExtractStackTraceNoAlloc (byte*,int,string)
UnityEngine.StackTraceUtility:ExtractStackTrace ()
UnityEngine.Object:Destroy (UnityEngine.Object,single)
UnityEngine.Object:Destroy (UnityEngine.Object)
QuizBattle.Arena.Visuals.ArenaColosseumBuilder:CreateBanner (UnityEngine.Transform,UnityEngine.Vector3,UnityEngine.Color,bool) (at Assets/Scripts/Arena/Visuals/ArenaColosseumBuilder.cs:384)
QuizBattle.Arena.Visuals.ArenaColosseumBuilder:CreateRoyalBanners (UnityEngine.Transform,UnityEngine.Vector3,single,single) (at Assets/Scripts/Arena/Visuals/ArenaColosseumBuilder.cs:335)
QuizBattle.Arena.Visuals.ArenaColosseumBuilder:Build (UnityEngine.Transform,int,int,single) (at Assets/Scripts/Arena/Visuals/ArenaColosseumBuilder.cs:28)
QuizBattle.Arena.GridController:BuildGrid (int,int,int) (at Assets/Scripts/Arena/GridController.cs:51)
QuizBattle.GameState.GameManager:RunAutoPlayMatch (int,int) (at Assets/Scripts/GameState/GameManager.cs:67)
CaptureCurrentArena:Capture () (at Assets/Editor/CaptureCurrentArena.cs:22)

[Assets/Scripts/Arena/GridController.cs line 51]

Base: Destroy may not be called from edit mode! Use DestroyImmediate instead.
Destroying an object in edit mode destroys it permanently
UnityEngine.Debug:ExtractStackTraceNoAlloc (byte*,int,string)
UnityEngine.StackTraceUtility:ExtractStackTrace ()
UnityEngine.Object:Destroy (UnityEngine.Object,single)
UnityEngine.Object:Destroy (UnityEngine.Object)
QuizBattle.Arena.Visuals.ArenaColosseumBuilder:CreateBrazier (UnityEngine.Transform,UnityEngine.Vector3) (at Assets/Scripts/Arena/Visuals/ArenaColosseumBuilder.cs:428)
QuizBattle.Arena.Visuals.ArenaColosseumBuilder:CreateCornerBraziers (UnityEngine.Transform,UnityEngine.Vector3,single,single) (at Assets/Scripts/Arena/Visuals/ArenaColosseumBuilder.cs:409)
QuizBattle.Arena.Visuals.ArenaColosseumBuilder:Build (UnityEngine.Transform,int,int,single) (at Assets/Scripts/Arena/Visuals/ArenaColosseumBuilder.cs:29)
QuizBattle.Arena.GridController:BuildGrid (int,int,int) (at Assets/Scripts/Arena/GridController.cs:51)
QuizBattle.GameState.GameManager:RunAutoPlayMatch (int,int) (at Assets/Scripts/GameState/GameManager.cs:67)
CaptureCurrentArena:Capture () (at Assets/Editor/CaptureCurrentArena.cs:22)

[Assets/Scripts/Arena/GridController.cs line 51]

Pillar: Destroy may not be called from edit mode! Use DestroyImmediate instead.
Destroying an object in edit mode destroys it permanently
UnityEngine.Debug:ExtractStackTraceNoAlloc (byte*,int,string)
UnityEngine.StackTraceUtility:ExtractStackTrace ()
UnityEngine.Object:Destroy (UnityEngine.Object,single)
UnityEngine.Object:Destroy (UnityEngine.Object)
QuizBattle.Arena.Visuals.ArenaColosseumBuilder:CreateBrazier (UnityEngine.Transform,UnityEngine.Vector3) (at Assets/Scripts/Arena/Visuals/ArenaColosseumBuilder.cs:437)
QuizBattle.Arena.Visuals.ArenaColosseumBuilder:CreateCornerBraziers (UnityEngine.Transform,UnityEngine.Vector3,single,single) (at Assets/Scripts/Arena/Visuals/ArenaColosseumBuilder.cs:409)
QuizBattle.Arena.Visuals.ArenaColosseumBuilder:Build (UnityEngine.Transform,int,int,single) (at Assets/Scripts/Arena/Visuals/ArenaColosseumBuilder.cs:29)
QuizBattle.Arena.GridController:BuildGrid (int,int,int) (at Assets/Scripts/Arena/GridController.cs:51)
QuizBattle.GameState.GameManager:RunAutoPlayMatch (int,int) (at Assets/Scripts/GameState/GameManager.cs:67)
CaptureCurrentArena:Capture () (at Assets/Editor/CaptureCurrentArena.cs:22)

[Assets/Scripts/Arena/GridController.cs line 51]

Bowl: Destroy may not be called from edit mode! Use DestroyImmediate instead.
Destroying an object in edit mode destroys it permanently
UnityEngine.Debug:ExtractStackTraceNoAlloc (byte*,int,string)
UnityEngine.StackTraceUtility:ExtractStackTrace ()
UnityEngine.Object:Destroy (UnityEngine.Object,single)
UnityEngine.Object:Destroy (UnityEngine.Object)
QuizBattle.Arena.Visuals.ArenaColosseumBuilder:CreateBrazier (UnityEngine.Transform,UnityEngine.Vector3) (at Assets/Scripts/Arena/Visuals/ArenaColosseumBuilder.cs:446)
QuizBattle.Arena.Visuals.ArenaColosseumBuilder:CreateCornerBraziers (UnityEngine.Transform,UnityEngine.Vector3,single,single) (at Assets/Scripts/Arena/Visuals/ArenaColosseumBuilder.cs:409)
QuizBattle.Arena.Visuals.ArenaColosseumBuilder:Build (UnityEngine.Transform,int,int,single) (at Assets/Scripts/Arena/Visuals/ArenaColosseumBuilder.cs:29)
QuizBattle.Arena.GridController:BuildGrid (int,int,int) (at Assets/Scripts/Arena/GridController.cs:51)
QuizBattle.GameState.GameManager:RunAutoPlayMatch (int,int) (at Assets/Scripts/GameState/GameManager.cs:67)
CaptureCurrentArena:Capture () (at Assets/Editor/CaptureCurrentArena.cs:22)

[Assets/Scripts/Arena/GridController.cs line 51]

FireCore: Destroy may not be called from edit mode! Use DestroyImmediate instead.
Destroying an object in edit mode destroys it permanently
UnityEngine.Debug:ExtractStackTraceNoAlloc (byte*,int,string)
UnityEngine.StackTraceUtility:ExtractStackTrace ()
UnityEngine.Object:Destroy (UnityEngine.Object,single)
UnityEngine.Object:Destroy (UnityEngine.Object)
QuizBattle.Arena.Visuals.ArenaColosseumBuilder:CreateBrazier (UnityEngine.Transform,UnityEngine.Vector3) (at Assets/Scripts/Arena/Visuals/ArenaColosseumBuilder.cs:455)
QuizBattle.Arena.Visuals.ArenaColosseumBuilder:CreateCornerBraziers (UnityEngine.Transform,UnityEngine.Vector3,single,single) (at Assets/Scripts/Arena/Visuals/ArenaColosseumBuilder.cs:409)
QuizBattle.Arena.Visuals.ArenaColosseumBuilder:Build (UnityEngine.Transform,int,int,single) (at Assets/Scripts/Arena/Visuals/ArenaColosseumBuilder.cs:29)
QuizBattle.Arena.GridController:BuildGrid (int,int,int) (at Assets/Scripts/Arena/GridController.cs:51)
QuizBattle.GameState.GameManager:RunAutoPlayMatch (int,int) (at Assets/Scripts/GameState/GameManager.cs:67)
CaptureCurrentArena:Capture () (at Assets/Editor/CaptureCurrentArena.cs:22)

[Assets/Scripts/Arena/GridController.cs line 51]

Base: Destroy may not be called from edit mode! Use DestroyImmediate instead.
Destroying an object in edit mode destroys it permanently
UnityEngine.Debug:ExtractStackTraceNoAlloc (byte*,int,string)
UnityEngine.StackTraceUtility:ExtractStackTrace ()
UnityEngine.Object:Destroy (UnityEngine.Object,single)
UnityEngine.Object:Destroy (UnityEngine.Object)
QuizBattle.Arena.Visuals.ArenaColosseumBuilder:CreateBrazier (UnityEngine.Transform,UnityEngine.Vector3) (at Assets/Scripts/Arena/Visuals/ArenaColosseumBuilder.cs:428)
QuizBattle.Arena.Visuals.ArenaColosseumBuilder:CreateCornerBraziers (UnityEngine.Transform,UnityEngine.Vector3,single,single) (at Assets/Scripts/Arena/Visuals/ArenaColosseumBuilder.cs:409)
QuizBattle.Arena.Visuals.ArenaColosseumBuilder:Build (UnityEngine.Transform,int,int,single) (at Assets/Scripts/Arena/Visuals/ArenaColosseumBuilder.cs:29)
QuizBattle.Arena.GridController:BuildGrid (int,int,int) (at Assets/Scripts/Arena/GridController.cs:51)
QuizBattle.GameState.GameManager:RunAutoPlayMatch (int,int) (at Assets/Scripts/GameState/GameManager.cs:67)
CaptureCurrentArena:Capture () (at Assets/Editor/CaptureCurrentArena.cs:22)

[Assets/Scripts/Arena/GridController.cs line 51]

Pillar: Destroy may not be called from edit mode! Use DestroyImmediate instead.
Destroying an object in edit mode destroys it permanently
UnityEngine.Debug:ExtractStackTraceNoAlloc (byte*,int,string)
UnityEngine.StackTraceUtility:ExtractStackTrace ()
UnityEngine.Object:Destroy (UnityEngine.Object,single)
UnityEngine.Object:Destroy (UnityEngine.Object)
QuizBattle.Arena.Visuals.ArenaColosseumBuilder:CreateBrazier (UnityEngine.Transform,UnityEngine.Vector3) (at Assets/Scripts/Arena/Visuals/ArenaColosseumBuilder.cs:437)
QuizBattle.Arena.Visuals.ArenaColosseumBuilder:CreateCornerBraziers (UnityEngine.Transform,UnityEngine.Vector3,single,single) (at Assets/Scripts/Arena/Visuals/ArenaColosseumBuilder.cs:409)
QuizBattle.Arena.Visuals.ArenaColosseumBuilder:Build (UnityEngine.Transform,int,int,single) (at Assets/Scripts/Arena/Visuals/ArenaColosseumBuilder.cs:29)
QuizBattle.Arena.GridController:BuildGrid (int,int,int) (at Assets/Scripts/Arena/GridController.cs:51)
QuizBattle.GameState.GameManager:RunAutoPlayMatch (int,int) (at Assets/Scripts/GameState/GameManager.cs:67)
CaptureCurrentArena:Capture () (at Assets/Editor/CaptureCurrentArena.cs:22)

[Assets/Scripts/Arena/GridController.cs line 51]

Bowl: Destroy may not be called from edit mode! Use DestroyImmediate instead.
Destroying an object in edit mode destroys it permanently
UnityEngine.Debug:ExtractStackTraceNoAlloc (byte*,int,string)
UnityEngine.StackTraceUtility:ExtractStackTrace ()
UnityEngine.Object:Destroy (UnityEngine.Object,single)
UnityEngine.Object:Destroy (UnityEngine.Object)
QuizBattle.Arena.Visuals.ArenaColosseumBuilder:CreateBrazier (UnityEngine.Transform,UnityEngine.Vector3) (at Assets/Scripts/Arena/Visuals/ArenaColosseumBuilder.cs:446)
QuizBattle.Arena.Visuals.ArenaColosseumBuilder:CreateCornerBraziers (UnityEngine.Transform,UnityEngine.Vector3,single,single) (at Assets/Scripts/Arena/Visuals/ArenaColosseumBuilder.cs:409)
QuizBattle.Arena.Visuals.ArenaColosseumBuilder:Build (UnityEngine.Transform,int,int,single) (at Assets/Scripts/Arena/Visuals/ArenaColosseumBuilder.cs:29)
QuizBattle.Arena.GridController:BuildGrid (int,int,int) (at Assets/Scripts/Arena/GridController.cs:51)
QuizBattle.GameState.GameManager:RunAutoPlayMatch (int,int) (at Assets/Scripts/GameState/GameManager.cs:67)
CaptureCurrentArena:Capture () (at Assets/Editor/CaptureCurrentArena.cs:22)

[Assets/Scripts/Arena/GridController.cs line 51]

FireCore: Destroy may not be called from edit mode! Use DestroyImmediate instead.
Destroying an object in edit mode destroys it permanently
UnityEngine.Debug:ExtractStackTraceNoAlloc (byte*,int,string)
UnityEngine.StackTraceUtility:ExtractStackTrace ()
UnityEngine.Object:Destroy (UnityEngine.Object,single)
UnityEngine.Object:Destroy (UnityEngine.Object)
QuizBattle.Arena.Visuals.ArenaColosseumBuilder:CreateBrazier (UnityEngine.Transform,UnityEngine.Vector3) (at Assets/Scripts/Arena/Visuals/ArenaColosseumBuilder.cs:455)
QuizBattle.Arena.Visuals.ArenaColosseumBuilder:CreateCornerBraziers (UnityEngine.Transform,UnityEngine.Vector3,single,single) (at Assets/Scripts/Arena/Visuals/ArenaColosseumBuilder.cs:409)
QuizBattle.Arena.Visuals.ArenaColosseumBuilder:Build (UnityEngine.Transform,int,int,single) (at Assets/Scripts/Arena/Visuals/ArenaColosseumBuilder.cs:29)
QuizBattle.Arena.GridController:BuildGrid (int,int,int) (at Assets/Scripts/Arena/GridController.cs:51)
QuizBattle.GameState.GameManager:RunAutoPlayMatch (int,int) (at Assets/Scripts/GameState/GameManager.cs:67)
CaptureCurrentArena:Capture () (at Assets/Editor/CaptureCurrentArena.cs:22)

[Assets/Scripts/Arena/GridController.cs line 51]

Base: Destroy may not be called from edit mode! Use DestroyImmediate instead.
Destroying an object in edit mode destroys it permanently
UnityEngine.Debug:ExtractStackTraceNoAlloc (byte*,int,string)
UnityEngine.StackTraceUtility:ExtractStackTrace ()
UnityEngine.Object:Destroy (UnityEngine.Object,single)
UnityEngine.Object:Destroy (UnityEngine.Object)
QuizBattle.Arena.Visuals.ArenaColosseumBuilder:CreateBrazier (UnityEngine.Transform,UnityEngine.Vector3) (at Assets/Scripts/Arena/Visuals/ArenaColosseumBuilder.cs:428)
QuizBattle.Arena.Visuals.ArenaColosseumBuilder:CreateCornerBraziers (UnityEngine.Transform,UnityEngine.Vector3,single,single) (at Assets/Scripts/Arena/Visuals/ArenaColosseumBuilder.cs:409)
QuizBattle.Arena.Visuals.ArenaColosseumBuilder:Build (UnityEngine.Transform,int,int,single) (at Assets/Scripts/Arena/Visuals/ArenaColosseumBuilder.cs:29)
QuizBattle.Arena.GridController:BuildGrid (int,int,int) (at Assets/Scripts/Arena/GridController.cs:51)
QuizBattle.GameState.GameManager:RunAutoPlayMatch (int,int) (at Assets/Scripts/GameState/GameManager.cs:67)
CaptureCurrentArena:Capture () (at Assets/Editor/CaptureCurrentArena.cs:22)

[Assets/Scripts/Arena/GridController.cs line 51]

Pillar: Destroy may not be called from edit mode! Use DestroyImmediate instead.
Destroying an object in edit mode destroys it permanently
UnityEngine.Debug:ExtractStackTraceNoAlloc (byte*,int,string)
UnityEngine.StackTraceUtility:ExtractStackTrace ()
UnityEngine.Object:Destroy (UnityEngine.Object,single)
UnityEngine.Object:Destroy (UnityEngine.Object)
QuizBattle.Arena.Visuals.ArenaColosseumBuilder:CreateBrazier (UnityEngine.Transform,UnityEngine.Vector3) (at Assets/Scripts/Arena/Visuals/ArenaColosseumBuilder.cs:437)
QuizBattle.Arena.Visuals.ArenaColosseumBuilder:CreateCornerBraziers (UnityEngine.Transform,UnityEngine.Vector3,single,single) (at Assets/Scripts/Arena/Visuals/ArenaColosseumBuilder.cs:409)
QuizBattle.Arena.Visuals.ArenaColosseumBuilder:Build (UnityEngine.Transform,int,int,single) (at Assets/Scripts/Arena/Visuals/ArenaColosseumBuilder.cs:29)
QuizBattle.Arena.GridController:BuildGrid (int,int,int) (at Assets/Scripts/Arena/GridController.cs:51)
QuizBattle.GameState.GameManager:RunAutoPlayMatch (int,int) (at Assets/Scripts/GameState/GameManager.cs:67)
CaptureCurrentArena:Capture () (at Assets/Editor/CaptureCurrentArena.cs:22)

[Assets/Scripts/Arena/GridController.cs line 51]

Bowl: Destroy may not be called from edit mode! Use DestroyImmediate instead.
Destroying an object in edit mode destroys it permanently
UnityEngine.Debug:ExtractStackTraceNoAlloc (byte*,int,string)
UnityEngine.StackTraceUtility:ExtractStackTrace ()
UnityEngine.Object:Destroy (UnityEngine.Object,single)
UnityEngine.Object:Destroy (UnityEngine.Object)
QuizBattle.Arena.Visuals.ArenaColosseumBuilder:CreateBrazier (UnityEngine.Transform,UnityEngine.Vector3) (at Assets/Scripts/Arena/Visuals/ArenaColosseumBuilder.cs:446)
QuizBattle.Arena.Visuals.ArenaColosseumBuilder:CreateCornerBraziers (UnityEngine.Transform,UnityEngine.Vector3,single,single) (at Assets/Scripts/Arena/Visuals/ArenaColosseumBuilder.cs:409)
QuizBattle.Arena.Visuals.ArenaColosseumBuilder:Build (UnityEngine.Transform,int,int,single) (at Assets/Scripts/Arena/Visuals/ArenaColosseumBuilder.cs:29)
QuizBattle.Arena.GridController:BuildGrid (int,int,int) (at Assets/Scripts/Arena/GridController.cs:51)
QuizBattle.GameState.GameManager:RunAutoPlayMatch (int,int) (at Assets/Scripts/GameState/GameManager.cs:67)
CaptureCurrentArena:Capture () (at Assets/Editor/CaptureCurrentArena.cs:22)

[Assets/Scripts/Arena/GridController.cs line 51]

FireCore: Destroy may not be called from edit mode! Use DestroyImmediate instead.
Destroying an object in edit mode destroys it permanently
UnityEngine.Debug:ExtractStackTraceNoAlloc (byte*,int,string)
UnityEngine.StackTraceUtility:ExtractStackTrace ()
UnityEngine.Object:Destroy (UnityEngine.Object,single)
UnityEngine.Object:Destroy (UnityEngine.Object)
QuizBattle.Arena.Visuals.ArenaColosseumBuilder:CreateBrazier (UnityEngine.Transform,UnityEngine.Vector3) (at Assets/Scripts/Arena/Visuals/ArenaColosseumBuilder.cs:455)
QuizBattle.Arena.Visuals.ArenaColosseumBuilder:CreateCornerBraziers (UnityEngine.Transform,UnityEngine.Vector3,single,single) (at Assets/Scripts/Arena/Visuals/ArenaColosseumBuilder.cs:409)
QuizBattle.Arena.Visuals.ArenaColosseumBuilder:Build (UnityEngine.Transform,int,int,single) (at Assets/Scripts/Arena/Visuals/ArenaColosseumBuilder.cs:29)
QuizBattle.Arena.GridController:BuildGrid (int,int,int) (at Assets/Scripts/Arena/GridController.cs:51)
QuizBattle.GameState.GameManager:RunAutoPlayMatch (int,int) (at Assets/Scripts/GameState/GameManager.cs:67)
CaptureCurrentArena:Capture () (at Assets/Editor/CaptureCurrentArena.cs:22)

[Assets/Scripts/Arena/GridController.cs line 51]

Base: Destroy may not be called from edit mode! Use DestroyImmediate instead.
Destroying an object in edit mode destroys it permanently
UnityEngine.Debug:ExtractStackTraceNoAlloc (byte*,int,string)
UnityEngine.StackTraceUtility:ExtractStackTrace ()
UnityEngine.Object:Destroy (UnityEngine.Object,single)
UnityEngine.Object:Destroy (UnityEngine.Object)
QuizBattle.Arena.Visuals.ArenaColosseumBuilder:CreateBrazier (UnityEngine.Transform,UnityEngine.Vector3) (at Assets/Scripts/Arena/Visuals/ArenaColosseumBuilder.cs:428)
QuizBattle.Arena.Visuals.ArenaColosseumBuilder:CreateCornerBraziers (UnityEngine.Transform,UnityEngine.Vector3,single,single) (at Assets/Scripts/Arena/Visuals/ArenaColosseumBuilder.cs:409)
QuizBattle.Arena.Visuals.ArenaColosseumBuilder:Build (UnityEngine.Transform,int,int,single) (at Assets/Scripts/Arena/Visuals/ArenaColosseumBuilder.cs:29)
QuizBattle.Arena.GridController:BuildGrid (int,int,int) (at Assets/Scripts/Arena/GridController.cs:51)
QuizBattle.GameState.GameManager:RunAutoPlayMatch (int,int) (at Assets/Scripts/GameState/GameManager.cs:67)
CaptureCurrentArena:Capture () (at Assets/Editor/CaptureCurrentArena.cs:22)

[Assets/Scripts/Arena/GridController.cs line 51]

Pillar: Destroy may not be called from edit mode! Use DestroyImmediate instead.
Destroying an object in edit mode destroys it permanently
UnityEngine.Debug:ExtractStackTraceNoAlloc (byte*,int,string)
UnityEngine.StackTraceUtility:ExtractStackTrace ()
UnityEngine.Object:Destroy (UnityEngine.Object,single)
UnityEngine.Object:Destroy (UnityEngine.Object)
QuizBattle.Arena.Visuals.ArenaColosseumBuilder:CreateBrazier (UnityEngine.Transform,UnityEngine.Vector3) (at Assets/Scripts/Arena/Visuals/ArenaColosseumBuilder.cs:437)
QuizBattle.Arena.Visuals.ArenaColosseumBuilder:CreateCornerBraziers (UnityEngine.Transform,UnityEngine.Vector3,single,single) (at Assets/Scripts/Arena/Visuals/ArenaColosseumBuilder.cs:409)
QuizBattle.Arena.Visuals.ArenaColosseumBuilder:Build (UnityEngine.Transform,int,int,single) (at Assets/Scripts/Arena/Visuals/ArenaColosseumBuilder.cs:29)
QuizBattle.Arena.GridController:BuildGrid (int,int,int) (at Assets/Scripts/Arena/GridController.cs:51)
QuizBattle.GameState.GameManager:RunAutoPlayMatch (int,int) (at Assets/Scripts/GameState/GameManager.cs:67)
CaptureCurrentArena:Capture () (at Assets/Editor/CaptureCurrentArena.cs:22)

[Assets/Scripts/Arena/GridController.cs line 51]

Bowl: Destroy may not be called from edit mode! Use DestroyImmediate instead.
Destroying an object in edit mode destroys it permanently
UnityEngine.Debug:ExtractStackTraceNoAlloc (byte*,int,string)
UnityEngine.StackTraceUtility:ExtractStackTrace ()
UnityEngine.Object:Destroy (UnityEngine.Object,single)
UnityEngine.Object:Destroy (UnityEngine.Object)
QuizBattle.Arena.Visuals.ArenaColosseumBuilder:CreateBrazier (UnityEngine.Transform,UnityEngine.Vector3) (at Assets/Scripts/Arena/Visuals/ArenaColosseumBuilder.cs:446)
QuizBattle.Arena.Visuals.ArenaColosseumBuilder:CreateCornerBraziers (UnityEngine.Transform,UnityEngine.Vector3,single,single) (at Assets/Scripts/Arena/Visuals/ArenaColosseumBuilder.cs:409)
QuizBattle.Arena.Visuals.ArenaColosseumBuilder:Build (UnityEngine.Transform,int,int,single) (at Assets/Scripts/Arena/Visuals/ArenaColosseumBuilder.cs:29)
QuizBattle.Arena.GridController:BuildGrid (int,int,int) (at Assets/Scripts/Arena/GridController.cs:51)
QuizBattle.GameState.GameManager:RunAutoPlayMatch (int,int) (at Assets/Scripts/GameState/GameManager.cs:67)
CaptureCurrentArena:Capture () (at Assets/Editor/CaptureCurrentArena.cs:22)

[Assets/Scripts/Arena/GridController.cs line 51]

FireCore: Destroy may not be called from edit mode! Use DestroyImmediate instead.
Destroying an object in edit mode destroys it permanently
UnityEngine.Debug:ExtractStackTraceNoAlloc (byte*,int,string)
UnityEngine.StackTraceUtility:ExtractStackTrace ()
UnityEngine.Object:Destroy (UnityEngine.Object,single)
UnityEngine.Object:Destroy (UnityEngine.Object)
QuizBattle.Arena.Visuals.ArenaColosseumBuilder:CreateBrazier (UnityEngine.Transform,UnityEngine.Vector3) (at Assets/Scripts/Arena/Visuals/ArenaColosseumBuilder.cs:455)
QuizBattle.Arena.Visuals.ArenaColosseumBuilder:CreateCornerBraziers (UnityEngine.Transform,UnityEngine.Vector3,single,single) (at Assets/Scripts/Arena/Visuals/ArenaColosseumBuilder.cs:409)
QuizBattle.Arena.Visuals.ArenaColosseumBuilder:Build (UnityEngine.Transform,int,int,single) (at Assets/Scripts/Arena/Visuals/ArenaColosseumBuilder.cs:29)
QuizBattle.Arena.GridController:BuildGrid (int,int,int) (at Assets/Scripts/Arena/GridController.cs:51)
QuizBattle.GameState.GameManager:RunAutoPlayMatch (int,int) (at Assets/Scripts/GameState/GameManager.cs:67)
CaptureCurrentArena:Capture () (at Assets/Editor/CaptureCurrentArena.cs:22)

[Assets/Scripts/Arena/GridController.cs line 51]

Water: Destroy may not be called from edit mode! Use DestroyImmediate instead.
Destroying an object in edit mode destroys it permanently
UnityEngine.Debug:ExtractStackTraceNoAlloc (byte*,int,string)
UnityEngine.StackTraceUtility:ExtractStackTrace ()
UnityEngine.Object:Destroy (UnityEngine.Object,single)
UnityEngine.Object:Destroy (UnityEngine.Object)
QuizBattle.Arena.Visuals.ArenaColosseumBuilder:CreateWaterMoatAndBridges (UnityEngine.Transform,UnityEngine.Vector3,single,single) (at Assets/Scripts/Arena/Visuals/ArenaColosseumBuilder.cs:541)
QuizBattle.Arena.Visuals.ArenaColosseumBuilder:Build (UnityEngine.Transform,int,int,single) (at Assets/Scripts/Arena/Visuals/ArenaColosseumBuilder.cs:30)
QuizBattle.Arena.GridController:BuildGrid (int,int,int) (at Assets/Scripts/Arena/GridController.cs:51)
QuizBattle.GameState.GameManager:RunAutoPlayMatch (int,int) (at Assets/Scripts/GameState/GameManager.cs:67)
CaptureCurrentArena:Capture () (at Assets/Editor/CaptureCurrentArena.cs:22)

[Assets/Scripts/Arena/GridController.cs line 51]

Planks: Destroy may not be called from edit mode! Use DestroyImmediate instead.
Destroying an object in edit mode destroys it permanently
UnityEngine.Debug:ExtractStackTraceNoAlloc (byte*,int,string)
UnityEngine.StackTraceUtility:ExtractStackTrace ()
UnityEngine.Object:Destroy (UnityEngine.Object,single)
UnityEngine.Object:Destroy (UnityEngine.Object)
QuizBattle.Arena.Visuals.ArenaColosseumBuilder:CreateBridge (UnityEngine.Transform,UnityEngine.Vector3) (at Assets/Scripts/Arena/Visuals/ArenaColosseumBuilder.cs:574)
QuizBattle.Arena.Visuals.ArenaColosseumBuilder:CreateWaterMoatAndBridges (UnityEngine.Transform,UnityEngine.Vector3,single,single) (at Assets/Scripts/Arena/Visuals/ArenaColosseumBuilder.cs:557)
QuizBattle.Arena.Visuals.ArenaColosseumBuilder:Build (UnityEngine.Transform,int,int,single) (at Assets/Scripts/Arena/Visuals/ArenaColosseumBuilder.cs:30)
QuizBattle.Arena.GridController:BuildGrid (int,int,int) (at Assets/Scripts/Arena/GridController.cs:51)
QuizBattle.GameState.GameManager:RunAutoPlayMatch (int,int) (at Assets/Scripts/GameState/GameManager.cs:67)
CaptureCurrentArena:Capture () (at Assets/Editor/CaptureCurrentArena.cs:22)

[Assets/Scripts/Arena/GridController.cs line 51]

Rail: Destroy may not be called from edit mode! Use DestroyImmediate instead.
Destroying an object in edit mode destroys it permanently
UnityEngine.Debug:ExtractStackTraceNoAlloc (byte*,int,string)
UnityEngine.StackTraceUtility:ExtractStackTrace ()
UnityEngine.Object:Destroy (UnityEngine.Object,single)
UnityEngine.Object:Destroy (UnityEngine.Object)
QuizBattle.Arena.Visuals.ArenaColosseumBuilder:CreateBridge (UnityEngine.Transform,UnityEngine.Vector3) (at Assets/Scripts/Arena/Visuals/ArenaColosseumBuilder.cs:585)
QuizBattle.Arena.Visuals.ArenaColosseumBuilder:CreateWaterMoatAndBridges (UnityEngine.Transform,UnityEngine.Vector3,single,single) (at Assets/Scripts/Arena/Visuals/ArenaColosseumBuilder.cs:557)
QuizBattle.Arena.Visuals.ArenaColosseumBuilder:Build (UnityEngine.Transform,int,int,single) (at Assets/Scripts/Arena/Visuals/ArenaColosseumBuilder.cs:30)
QuizBattle.Arena.GridController:BuildGrid (int,int,int) (at Assets/Scripts/Arena/GridController.cs:51)
QuizBattle.GameState.GameManager:RunAutoPlayMatch (int,int) (at Assets/Scripts/GameState/GameManager.cs:67)
CaptureCurrentArena:Capture () (at Assets/Editor/CaptureCurrentArena.cs:22)

[Assets/Scripts/Arena/GridController.cs line 51]

Rail: Destroy may not be called from edit mode! Use DestroyImmediate instead.
Destroying an object in edit mode destroys it permanently
UnityEngine.Debug:ExtractStackTraceNoAlloc (byte*,int,string)
UnityEngine.StackTraceUtility:ExtractStackTrace ()
UnityEngine.Object:Destroy (UnityEngine.Object,single)
UnityEngine.Object:Destroy (UnityEngine.Object)
QuizBattle.Arena.Visuals.ArenaColosseumBuilder:CreateBridge (UnityEngine.Transform,UnityEngine.Vector3) (at Assets/Scripts/Arena/Visuals/ArenaColosseumBuilder.cs:585)
QuizBattle.Arena.Visuals.ArenaColosseumBuilder:CreateWaterMoatAndBridges (UnityEngine.Transform,UnityEngine.Vector3,single,single) (at Assets/Scripts/Arena/Visuals/ArenaColosseumBuilder.cs:557)
QuizBattle.Arena.Visuals.ArenaColosseumBuilder:Build (UnityEngine.Transform,int,int,single) (at Assets/Scripts/Arena/Visuals/ArenaColosseumBuilder.cs:30)
QuizBattle.Arena.GridController:BuildGrid (int,int,int) (at Assets/Scripts/Arena/GridController.cs:51)
QuizBattle.GameState.GameManager:RunAutoPlayMatch (int,int) (at Assets/Scripts/GameState/GameManager.cs:67)
CaptureCurrentArena:Capture () (at Assets/Editor/CaptureCurrentArena.cs:22)

[Assets/Scripts/Arena/GridController.cs line 51]

Planks: Destroy may not be called from edit mode! Use DestroyImmediate instead.
Destroying an object in edit mode destroys it permanently
UnityEngine.Debug:ExtractStackTraceNoAlloc (byte*,int,string)
UnityEngine.StackTraceUtility:ExtractStackTrace ()
UnityEngine.Object:Destroy (UnityEngine.Object,single)
UnityEngine.Object:Destroy (UnityEngine.Object)
QuizBattle.Arena.Visuals.ArenaColosseumBuilder:CreateBridge (UnityEngine.Transform,UnityEngine.Vector3) (at Assets/Scripts/Arena/Visuals/ArenaColosseumBuilder.cs:574)
QuizBattle.Arena.Visuals.ArenaColosseumBuilder:CreateWaterMoatAndBridges (UnityEngine.Transform,UnityEngine.Vector3,single,single) (at Assets/Scripts/Arena/Visuals/ArenaColosseumBuilder.cs:558)
QuizBattle.Arena.Visuals.ArenaColosseumBuilder:Build (UnityEngine.Transform,int,int,single) (at Assets/Scripts/Arena/Visuals/ArenaColosseumBuilder.cs:30)
QuizBattle.Arena.GridController:BuildGrid (int,int,int) (at Assets/Scripts/Arena/GridController.cs:51)
QuizBattle.GameState.GameManager:RunAutoPlayMatch (int,int) (at Assets/Scripts/GameState/GameManager.cs:67)
CaptureCurrentArena:Capture () (at Assets/Editor/CaptureCurrentArena.cs:22)

[Assets/Scripts/Arena/GridController.cs line 51]

Rail: Destroy may not be called from edit mode! Use DestroyImmediate instead.
Destroying an object in edit mode destroys it permanently
UnityEngine.Debug:ExtractStackTraceNoAlloc (byte*,int,string)
UnityEngine.StackTraceUtility:ExtractStackTrace ()
UnityEngine.Object:Destroy (UnityEngine.Object,single)
UnityEngine.Object:Destroy (UnityEngine.Object)
QuizBattle.Arena.Visuals.ArenaColosseumBuilder:CreateBridge (UnityEngine.Transform,UnityEngine.Vector3) (at Assets/Scripts/Arena/Visuals/ArenaColosseumBuilder.cs:585)
QuizBattle.Arena.Visuals.ArenaColosseumBuilder:CreateWaterMoatAndBridges (UnityEngine.Transform,UnityEngine.Vector3,single,single) (at Assets/Scripts/Arena/Visuals/ArenaColosseumBuilder.cs:558)
QuizBattle.Arena.Visuals.ArenaColosseumBuilder:Build (UnityEngine.Transform,int,int,single) (at Assets/Scripts/Arena/Visuals/ArenaColosseumBuilder.cs:30)
QuizBattle.Arena.GridController:BuildGrid (int,int,int) (at Assets/Scripts/Arena/GridController.cs:51)
QuizBattle.GameState.GameManager:RunAutoPlayMatch (int,int) (at Assets/Scripts/GameState/GameManager.cs:67)
CaptureCurrentArena:Capture () (at Assets/Editor/CaptureCurrentArena.cs:22)

[Assets/Scripts/Arena/GridController.cs line 51]

Rail: Destroy may not be called from edit mode! Use DestroyImmediate instead.
Destroying an object in edit mode destroys it permanently
UnityEngine.Debug:ExtractStackTraceNoAlloc (byte*,int,string)
UnityEngine.StackTraceUtility:ExtractStackTrace ()
UnityEngine.Object:Destroy (UnityEngine.Object,single)
UnityEngine.Object:Destroy (UnityEngine.Object)
QuizBattle.Arena.Visuals.ArenaColosseumBuilder:CreateBridge (UnityEngine.Transform,UnityEngine.Vector3) (at Assets/Scripts/Arena/Visuals/ArenaColosseumBuilder.cs:585)
QuizBattle.Arena.Visuals.ArenaColosseumBuilder:CreateWaterMoatAndBridges (UnityEngine.Transform,UnityEngine.Vector3,single,single) (at Assets/Scripts/Arena/Visuals/ArenaColosseumBuilder.cs:558)
QuizBattle.Arena.Visuals.ArenaColosseumBuilder:Build (UnityEngine.Transform,int,int,single) (at Assets/Scripts/Arena/Visuals/ArenaColosseumBuilder.cs:30)
QuizBattle.Arena.GridController:BuildGrid (int,int,int) (at Assets/Scripts/Arena/GridController.cs:51)
QuizBattle.GameState.GameManager:RunAutoPlayMatch (int,int) (at Assets/Scripts/GameState/GameManager.cs:67)
CaptureCurrentArena:Capture () (at Assets/Editor/CaptureCurrentArena.cs:22)

[Assets/Scripts/Arena/GridController.cs line 51]

Trunk: Destroy may not be called from edit mode! Use DestroyImmediate instead.
Destroying an object in edit mode destroys it permanently
UnityEngine.Debug:ExtractStackTraceNoAlloc (byte*,int,string)
UnityEngine.StackTraceUtility:ExtractStackTrace ()
UnityEngine.Object:Destroy (UnityEngine.Object,single)
UnityEngine.Object:Destroy (UnityEngine.Object)
QuizBattle.Arena.Visuals.ArenaColosseumBuilder:CreateCartoonTree (UnityEngine.Transform,UnityEngine.Vector3) (at Assets/Scripts/Arena/Visuals/ArenaColosseumBuilder.cs:635)
QuizBattle.Arena.Visuals.ArenaColosseumBuilder:CreateFoliageAndProps (UnityEngine.Transform,UnityEngine.Vector3,single,single) (at Assets/Scripts/Arena/Visuals/ArenaColosseumBuilder.cs:611)
QuizBattle.Arena.Visuals.ArenaColosseumBuilder:Build (UnityEngine.Transform,int,int,single) (at Assets/Scripts/Arena/Visuals/ArenaColosseumBuilder.cs:31)
QuizBattle.Arena.GridController:BuildGrid (int,int,int) (at Assets/Scripts/Arena/GridController.cs:51)
QuizBattle.GameState.GameManager:RunAutoPlayMatch (int,int) (at Assets/Scripts/GameState/GameManager.cs:67)
CaptureCurrentArena:Capture () (at Assets/Editor/CaptureCurrentArena.cs:22)

[Assets/Scripts/Arena/GridController.cs line 51]

FoliagePuff: Destroy may not be called from edit mode! Use DestroyImmediate instead.
Destroying an object in edit mode destroys it permanently
UnityEngine.Debug:ExtractStackTraceNoAlloc (byte*,int,string)
UnityEngine.StackTraceUtility:ExtractStackTrace ()
UnityEngine.Object:Destroy (UnityEngine.Object,single)
UnityEngine.Object:Destroy (UnityEngine.Object)
QuizBattle.Arena.Visuals.ArenaColosseumBuilder:CreateCartoonTree (UnityEngine.Transform,UnityEngine.Vector3) (at Assets/Scripts/Arena/Visuals/ArenaColosseumBuilder.cs:654)
QuizBattle.Arena.Visuals.ArenaColosseumBuilder:CreateFoliageAndProps (UnityEngine.Transform,UnityEngine.Vector3,single,single) (at Assets/Scripts/Arena/Visuals/ArenaColosseumBuilder.cs:611)
QuizBattle.Arena.Visuals.ArenaColosseumBuilder:Build (UnityEngine.Transform,int,int,single) (at Assets/Scripts/Arena/Visuals/ArenaColosseumBuilder.cs:31)
QuizBattle.Arena.GridController:BuildGrid (int,int,int) (at Assets/Scripts/Arena/GridController.cs:51)
QuizBattle.GameState.GameManager:RunAutoPlayMatch (int,int) (at Assets/Scripts/GameState/GameManager.cs:67)
CaptureCurrentArena:Capture () (at Assets/Editor/CaptureCurrentArena.cs:22)

[Assets/Scripts/Arena/GridController.cs line 51]

FoliagePuff: Destroy may not be called from edit mode! Use DestroyImmediate instead.
Destroying an object in edit mode destroys it permanently
UnityEngine.Debug:ExtractStackTraceNoAlloc (byte*,int,string)
UnityEngine.StackTraceUtility:ExtractStackTrace ()
UnityEngine.Object:Destroy (UnityEngine.Object,single)
UnityEngine.Object:Destroy (UnityEngine.Object)
QuizBattle.Arena.Visuals.ArenaColosseumBuilder:CreateCartoonTree (UnityEngine.Transform,UnityEngine.Vector3) (at Assets/Scripts/Arena/Visuals/ArenaColosseumBuilder.cs:654)
QuizBattle.Arena.Visuals.ArenaColosseumBuilder:CreateFoliageAndProps (UnityEngine.Transform,UnityEngine.Vector3,single,single) (at Assets/Scripts/Arena/Visuals/ArenaColosseumBuilder.cs:611)
QuizBattle.Arena.Visuals.ArenaColosseumBuilder:Build (UnityEngine.Transform,int,int,single) (at Assets/Scripts/Arena/Visuals/ArenaColosseumBuilder.cs:31)
QuizBattle.Arena.GridController:BuildGrid (int,int,int) (at Assets/Scripts/Arena/GridController.cs:51)
QuizBattle.GameState.GameManager:RunAutoPlayMatch (int,int) (at Assets/Scripts/GameState/GameManager.cs:67)
CaptureCurrentArena:Capture () (at Assets/Editor/CaptureCurrentArena.cs:22)

[Assets/Scripts/Arena/GridController.cs line 51]

FoliagePuff: Destroy may not be called from edit mode! Use DestroyImmediate instead.
Destroying an object in edit mode destroys it permanently
UnityEngine.Debug:ExtractStackTraceNoAlloc (byte*,int,string)
UnityEngine.StackTraceUtility:ExtractStackTrace ()
UnityEngine.Object:Destroy (UnityEngine.Object,single)
UnityEngine.Object:Destroy (UnityEngine.Object)
QuizBattle.Arena.Visuals.ArenaColosseumBuilder:CreateCartoonTree (UnityEngine.Transform,UnityEngine.Vector3) (at Assets/Scripts/Arena/Visuals/ArenaColosseumBuilder.cs:654)
QuizBattle.Arena.Visuals.ArenaColosseumBuilder:CreateFoliageAndProps (UnityEngine.Transform,UnityEngine.Vector3,single,single) (at Assets/Scripts/Arena/Visuals/ArenaColosseumBuilder.cs:611)
QuizBattle.Arena.Visuals.ArenaColosseumBuilder:Build (UnityEngine.Transform,int,int,single) (at Assets/Scripts/Arena/Visuals/ArenaColosseumBuilder.cs:31)
QuizBattle.Arena.GridController:BuildGrid (int,int,int) (at Assets/Scripts/Arena/GridController.cs:51)
QuizBattle.GameState.GameManager:RunAutoPlayMatch (int,int) (at Assets/Scripts/GameState/GameManager.cs:67)
CaptureCurrentArena:Capture () (at Assets/Editor/CaptureCurrentArena.cs:22)

[Assets/Scripts/Arena/GridController.cs line 51]

FoliagePuff: Destroy may not be called from edit mode! Use DestroyImmediate instead.
Destroying an object in edit mode destroys it permanently
UnityEngine.Debug:ExtractStackTraceNoAlloc (byte*,int,string)
UnityEngine.StackTraceUtility:ExtractStackTrace ()
UnityEngine.Object:Destroy (UnityEngine.Object,single)
UnityEngine.Object:Destroy (UnityEngine.Object)
QuizBattle.Arena.Visuals.ArenaColosseumBuilder:CreateCartoonTree (UnityEngine.Transform,UnityEngine.Vector3) (at Assets/Scripts/Arena/Visuals/ArenaColosseumBuilder.cs:654)
QuizBattle.Arena.Visuals.ArenaColosseumBuilder:CreateFoliageAndProps (UnityEngine.Transform,UnityEngine.Vector3,single,single) (at Assets/Scripts/Arena/Visuals/ArenaColosseumBuilder.cs:611)
QuizBattle.Arena.Visuals.ArenaColosseumBuilder:Build (UnityEngine.Transform,int,int,single) (at Assets/Scripts/Arena/Visuals/ArenaColosseumBuilder.cs:31)
QuizBattle.Arena.GridController:BuildGrid (int,int,int) (at Assets/Scripts/Arena/GridController.cs:51)
QuizBattle.GameState.GameManager:RunAutoPlayMatch (int,int) (at Assets/Scripts/GameState/GameManager.cs:67)
CaptureCurrentArena:Capture () (at Assets/Editor/CaptureCurrentArena.cs:22)

[Assets/Scripts/Arena/GridController.cs line 51]

Trunk: Destroy may not be called from edit mode! Use DestroyImmediate instead.
Destroying an object in edit mode destroys it permanently
UnityEngine.Debug:ExtractStackTraceNoAlloc (byte*,int,string)
UnityEngine.StackTraceUtility:ExtractStackTrace ()
UnityEngine.Object:Destroy (UnityEngine.Object,single)
UnityEngine.Object:Destroy (UnityEngine.Object)
QuizBattle.Arena.Visuals.ArenaColosseumBuilder:CreateCartoonTree (UnityEngine.Transform,UnityEngine.Vector3) (at Assets/Scripts/Arena/Visuals/ArenaColosseumBuilder.cs:635)
QuizBattle.Arena.Visuals.ArenaColosseumBuilder:CreateFoliageAndProps (UnityEngine.Transform,UnityEngine.Vector3,single,single) (at Assets/Scripts/Arena/Visuals/ArenaColosseumBuilder.cs:611)
QuizBattle.Arena.Visuals.ArenaColosseumBuilder:Build (UnityEngine.Transform,int,int,single) (at Assets/Scripts/Arena/Visuals/ArenaColosseumBuilder.cs:31)
QuizBattle.Arena.GridController:BuildGrid (int,int,int) (at Assets/Scripts/Arena/GridController.cs:51)
QuizBattle.GameState.GameManager:RunAutoPlayMatch (int,int) (at Assets/Scripts/GameState/GameManager.cs:67)
CaptureCurrentArena:Capture () (at Assets/Editor/CaptureCurrentArena.cs:22)

[Assets/Scripts/Arena/GridController.cs line 51]

FoliagePuff: Destroy may not be called from edit mode! Use DestroyImmediate instead.
Destroying an object in edit mode destroys it permanently
UnityEngine.Debug:ExtractStackTraceNoAlloc (byte*,int,string)
UnityEngine.StackTraceUtility:ExtractStackTrace ()
UnityEngine.Object:Destroy (UnityEngine.Object,single)
UnityEngine.Object:Destroy (UnityEngine.Object)
QuizBattle.Arena.Visuals.ArenaColosseumBuilder:CreateCartoonTree (UnityEngine.Transform,UnityEngine.Vector3) (at Assets/Scripts/Arena/Visuals/ArenaColosseumBuilder.cs:654)
QuizBattle.Arena.Visuals.ArenaColosseumBuilder:CreateFoliageAndProps (UnityEngine.Transform,UnityEngine.Vector3,single,single) (at Assets/Scripts/Arena/Visuals/ArenaColosseumBuilder.cs:611)
QuizBattle.Arena.Visuals.ArenaColosseumBuilder:Build (UnityEngine.Transform,int,int,single) (at Assets/Scripts/Arena/Visuals/ArenaColosseumBuilder.cs:31)
QuizBattle.Arena.GridController:BuildGrid (int,int,int) (at Assets/Scripts/Arena/GridController.cs:51)
QuizBattle.GameState.GameManager:RunAutoPlayMatch (int,int) (at Assets/Scripts/GameState/GameManager.cs:67)
CaptureCurrentArena:Capture () (at Assets/Editor/CaptureCurrentArena.cs:22)

[Assets/Scripts/Arena/GridController.cs line 51]

FoliagePuff: Destroy may not be called from edit mode! Use DestroyImmediate instead.
Destroying an object in edit mode destroys it permanently
UnityEngine.Debug:ExtractStackTraceNoAlloc (byte*,int,string)
UnityEngine.StackTraceUtility:ExtractStackTrace ()
UnityEngine.Object:Destroy (UnityEngine.Object,single)
UnityEngine.Object:Destroy (UnityEngine.Object)
QuizBattle.Arena.Visuals.ArenaColosseumBuilder:CreateCartoonTree (UnityEngine.Transform,UnityEngine.Vector3) (at Assets/Scripts/Arena/Visuals/ArenaColosseumBuilder.cs:654)
QuizBattle.Arena.Visuals.ArenaColosseumBuilder:CreateFoliageAndProps (UnityEngine.Transform,UnityEngine.Vector3,single,single) (at Assets/Scripts/Arena/Visuals/ArenaColosseumBuilder.cs:611)
QuizBattle.Arena.Visuals.ArenaColosseumBuilder:Build (UnityEngine.Transform,int,int,single) (at Assets/Scripts/Arena/Visuals/ArenaColosseumBuilder.cs:31)
QuizBattle.Arena.GridController:BuildGrid (int,int,int) (at Assets/Scripts/Arena/GridController.cs:51)
QuizBattle.GameState.GameManager:RunAutoPlayMatch (int,int) (at Assets/Scripts/GameState/GameManager.cs:67)
CaptureCurrentArena:Capture () (at Assets/Editor/CaptureCurrentArena.cs:22)

[Assets/Scripts/Arena/GridController.cs line 51]

FoliagePuff: Destroy may not be called from edit mode! Use DestroyImmediate instead.
Destroying an object in edit mode destroys it permanently
UnityEngine.Debug:ExtractStackTraceNoAlloc (byte*,int,string)
UnityEngine.StackTraceUtility:ExtractStackTrace ()
UnityEngine.Object:Destroy (UnityEngine.Object,single)
UnityEngine.Object:Destroy (UnityEngine.Object)
QuizBattle.Arena.Visuals.ArenaColosseumBuilder:CreateCartoonTree (UnityEngine.Transform,UnityEngine.Vector3) (at Assets/Scripts/Arena/Visuals/ArenaColosseumBuilder.cs:654)
QuizBattle.Arena.Visuals.ArenaColosseumBuilder:CreateFoliageAndProps (UnityEngine.Transform,UnityEngine.Vector3,single,single) (at Assets/Scripts/Arena/Visuals/ArenaColosseumBuilder.cs:611)
QuizBattle.Arena.Visuals.ArenaColosseumBuilder:Build (UnityEngine.Transform,int,int,single) (at Assets/Scripts/Arena/Visuals/ArenaColosseumBuilder.cs:31)
QuizBattle.Arena.GridController:BuildGrid (int,int,int) (at Assets/Scripts/Arena/GridController.cs:51)
QuizBattle.GameState.GameManager:RunAutoPlayMatch (int,int) (at Assets/Scripts/GameState/GameManager.cs:67)
CaptureCurrentArena:Capture () (at Assets/Editor/CaptureCurrentArena.cs:22)

[Assets/Scripts/Arena/GridController.cs line 51]

FoliagePuff: Destroy may not be called from edit mode! Use DestroyImmediate instead.
Destroying an object in edit mode destroys it permanently
UnityEngine.Debug:ExtractStackTraceNoAlloc (byte*,int,string)
UnityEngine.StackTraceUtility:ExtractStackTrace ()
UnityEngine.Object:Destroy (UnityEngine.Object,single)
UnityEngine.Object:Destroy (UnityEngine.Object)
QuizBattle.Arena.Visuals.ArenaColosseumBuilder:CreateCartoonTree (UnityEngine.Transform,UnityEngine.Vector3) (at Assets/Scripts/Arena/Visuals/ArenaColosseumBuilder.cs:654)
QuizBattle.Arena.Visuals.ArenaColosseumBuilder:CreateFoliageAndProps (UnityEngine.Transform,UnityEngine.Vector3,single,single) (at Assets/Scripts/Arena/Visuals/ArenaColosseumBuilder.cs:611)
QuizBattle.Arena.Visuals.ArenaColosseumBuilder:Build (UnityEngine.Transform,int,int,single) (at Assets/Scripts/Arena/Visuals/ArenaColosseumBuilder.cs:31)
QuizBattle.Arena.GridController:BuildGrid (int,int,int) (at Assets/Scripts/Arena/GridController.cs:51)
QuizBattle.GameState.GameManager:RunAutoPlayMatch (int,int) (at Assets/Scripts/GameState/GameManager.cs:67)
CaptureCurrentArena:Capture () (at Assets/Editor/CaptureCurrentArena.cs:22)

[Assets/Scripts/Arena/GridController.cs line 51]

Trunk: Destroy may not be called from edit mode! Use DestroyImmediate instead.
Destroying an object in edit mode destroys it permanently
UnityEngine.Debug:ExtractStackTraceNoAlloc (byte*,int,string)
UnityEngine.StackTraceUtility:ExtractStackTrace ()
UnityEngine.Object:Destroy (UnityEngine.Object,single)
UnityEngine.Object:Destroy (UnityEngine.Object)
QuizBattle.Arena.Visuals.ArenaColosseumBuilder:CreateCartoonTree (UnityEngine.Transform,UnityEngine.Vector3) (at Assets/Scripts/Arena/Visuals/ArenaColosseumBuilder.cs:635)
QuizBattle.Arena.Visuals.ArenaColosseumBuilder:CreateFoliageAndProps (UnityEngine.Transform,UnityEngine.Vector3,single,single) (at Assets/Scripts/Arena/Visuals/ArenaColosseumBuilder.cs:611)
QuizBattle.Arena.Visuals.ArenaColosseumBuilder:Build (UnityEngine.Transform,int,int,single) (at Assets/Scripts/Arena/Visuals/ArenaColosseumBuilder.cs:31)
QuizBattle.Arena.GridController:BuildGrid (int,int,int) (at Assets/Scripts/Arena/GridController.cs:51)
QuizBattle.GameState.GameManager:RunAutoPlayMatch (int,int) (at Assets/Scripts/GameState/GameManager.cs:67)
CaptureCurrentArena:Capture () (at Assets/Editor/CaptureCurrentArena.cs:22)

[Assets/Scripts/Arena/GridController.cs line 51]

FoliagePuff: Destroy may not be called from edit mode! Use DestroyImmediate instead.
Destroying an object in edit mode destroys it permanently
UnityEngine.Debug:ExtractStackTraceNoAlloc (byte*,int,string)
UnityEngine.StackTraceUtility:ExtractStackTrace ()
UnityEngine.Object:Destroy (UnityEngine.Object,single)
UnityEngine.Object:Destroy (UnityEngine.Object)
QuizBattle.Arena.Visuals.ArenaColosseumBuilder:CreateCartoonTree (UnityEngine.Transform,UnityEngine.Vector3) (at Assets/Scripts/Arena/Visuals/ArenaColosseumBuilder.cs:654)
QuizBattle.Arena.Visuals.ArenaColosseumBuilder:CreateFoliageAndProps (UnityEngine.Transform,UnityEngine.Vector3,single,single) (at Assets/Scripts/Arena/Visuals/ArenaColosseumBuilder.cs:611)
QuizBattle.Arena.Visuals.ArenaColosseumBuilder:Build (UnityEngine.Transform,int,int,single) (at Assets/Scripts/Arena/Visuals/ArenaColosseumBuilder.cs:31)
QuizBattle.Arena.GridController:BuildGrid (int,int,int) (at Assets/Scripts/Arena/GridController.cs:51)
QuizBattle.GameState.GameManager:RunAutoPlayMatch (int,int) (at Assets/Scripts/GameState/GameManager.cs:67)
CaptureCurrentArena:Capture () (at Assets/Editor/CaptureCurrentArena.cs:22)

[Assets/Scripts/Arena/GridController.cs line 51]

FoliagePuff: Destroy may not be called from edit mode! Use DestroyImmediate instead.
Destroying an object in edit mode destroys it permanently
UnityEngine.Debug:ExtractStackTraceNoAlloc (byte*,int,string)
UnityEngine.StackTraceUtility:ExtractStackTrace ()
UnityEngine.Object:Destroy (UnityEngine.Object,single)
UnityEngine.Object:Destroy (UnityEngine.Object)
QuizBattle.Arena.Visuals.ArenaColosseumBuilder:CreateCartoonTree (UnityEngine.Transform,UnityEngine.Vector3) (at Assets/Scripts/Arena/Visuals/ArenaColosseumBuilder.cs:654)
QuizBattle.Arena.Visuals.ArenaColosseumBuilder:CreateFoliageAndProps (UnityEngine.Transform,UnityEngine.Vector3,single,single) (at Assets/Scripts/Arena/Visuals/ArenaColosseumBuilder.cs:611)
QuizBattle.Arena.Visuals.ArenaColosseumBuilder:Build (UnityEngine.Transform,int,int,single) (at Assets/Scripts/Arena/Visuals/ArenaColosseumBuilder.cs:31)
QuizBattle.Arena.GridController:BuildGrid (int,int,int) (at Assets/Scripts/Arena/GridController.cs:51)
QuizBattle.GameState.GameManager:RunAutoPlayMatch (int,int) (at Assets/Scripts/GameState/GameManager.cs:67)
CaptureCurrentArena:Capture () (at Assets/Editor/CaptureCurrentArena.cs:22)

[Assets/Scripts/Arena/GridController.cs line 51]

FoliagePuff: Destroy may not be called from edit mode! Use DestroyImmediate instead.
Destroying an object in edit mode destroys it permanently
UnityEngine.Debug:ExtractStackTraceNoAlloc (byte*,int,string)
UnityEngine.StackTraceUtility:ExtractStackTrace ()
UnityEngine.Object:Destroy (UnityEngine.Object,single)
UnityEngine.Object:Destroy (UnityEngine.Object)
QuizBattle.Arena.Visuals.ArenaColosseumBuilder:CreateCartoonTree (UnityEngine.Transform,UnityEngine.Vector3) (at Assets/Scripts/Arena/Visuals/ArenaColosseumBuilder.cs:654)
QuizBattle.Arena.Visuals.ArenaColosseumBuilder:CreateFoliageAndProps (UnityEngine.Transform,UnityEngine.Vector3,single,single) (at Assets/Scripts/Arena/Visuals/ArenaColosseumBuilder.cs:611)
QuizBattle.Arena.Visuals.ArenaColosseumBuilder:Build (UnityEngine.Transform,int,int,single) (at Assets/Scripts/Arena/Visuals/ArenaColosseumBuilder.cs:31)
QuizBattle.Arena.GridController:BuildGrid (int,int,int) (at Assets/Scripts/Arena/GridController.cs:51)
QuizBattle.GameState.GameManager:RunAutoPlayMatch (int,int) (at Assets/Scripts/GameState/GameManager.cs:67)
CaptureCurrentArena:Capture () (at Assets/Editor/CaptureCurrentArena.cs:22)

[Assets/Scripts/Arena/GridController.cs line 51]

FoliagePuff: Destroy may not be called from edit mode! Use DestroyImmediate instead.
Destroying an object in edit mode destroys it permanently
UnityEngine.Debug:ExtractStackTraceNoAlloc (byte*,int,string)
UnityEngine.StackTraceUtility:ExtractStackTrace ()
UnityEngine.Object:Destroy (UnityEngine.Object,single)
UnityEngine.Object:Destroy (UnityEngine.Object)
QuizBattle.Arena.Visuals.ArenaColosseumBuilder:CreateCartoonTree (UnityEngine.Transform,UnityEngine.Vector3) (at Assets/Scripts/Arena/Visuals/ArenaColosseumBuilder.cs:654)
QuizBattle.Arena.Visuals.ArenaColosseumBuilder:CreateFoliageAndProps (UnityEngine.Transform,UnityEngine.Vector3,single,single) (at Assets/Scripts/Arena/Visuals/ArenaColosseumBuilder.cs:611)
QuizBattle.Arena.Visuals.ArenaColosseumBuilder:Build (UnityEngine.Transform,int,int,single) (at Assets/Scripts/Arena/Visuals/ArenaColosseumBuilder.cs:31)
QuizBattle.Arena.GridController:BuildGrid (int,int,int) (at Assets/Scripts/Arena/GridController.cs:51)
QuizBattle.GameState.GameManager:RunAutoPlayMatch (int,int) (at Assets/Scripts/GameState/GameManager.cs:67)
CaptureCurrentArena:Capture () (at Assets/Editor/CaptureCurrentArena.cs:22)

[Assets/Scripts/Arena/GridController.cs line 51]

Trunk: Destroy may not be called from edit mode! Use DestroyImmediate instead.
Destroying an object in edit mode destroys it permanently
UnityEngine.Debug:ExtractStackTraceNoAlloc (byte*,int,string)
UnityEngine.StackTraceUtility:ExtractStackTrace ()
UnityEngine.Object:Destroy (UnityEngine.Object,single)
UnityEngine.Object:Destroy (UnityEngine.Object)
QuizBattle.Arena.Visuals.ArenaColosseumBuilder:CreateCartoonTree (UnityEngine.Transform,UnityEngine.Vector3) (at Assets/Scripts/Arena/Visuals/ArenaColosseumBuilder.cs:635)
QuizBattle.Arena.Visuals.ArenaColosseumBuilder:CreateFoliageAndProps (UnityEngine.Transform,UnityEngine.Vector3,single,single) (at Assets/Scripts/Arena/Visuals/ArenaColosseumBuilder.cs:611)
QuizBattle.Arena.Visuals.ArenaColosseumBuilder:Build (UnityEngine.Transform,int,int,single) (at Assets/Scripts/Arena/Visuals/ArenaColosseumBuilder.cs:31)
QuizBattle.Arena.GridController:BuildGrid (int,int,int) (at Assets/Scripts/Arena/GridController.cs:51)
QuizBattle.GameState.GameManager:RunAutoPlayMatch (int,int) (at Assets/Scripts/GameState/GameManager.cs:67)
CaptureCurrentArena:Capture () (at Assets/Editor/CaptureCurrentArena.cs:22)

[Assets/Scripts/Arena/GridController.cs line 51]

FoliagePuff: Destroy may not be called from edit mode! Use DestroyImmediate instead.
Destroying an object in edit mode destroys it permanently
UnityEngine.Debug:ExtractStackTraceNoAlloc (byte*,int,string)
UnityEngine.StackTraceUtility:ExtractStackTrace ()
UnityEngine.Object:Destroy (UnityEngine.Object,single)
UnityEngine.Object:Destroy (UnityEngine.Object)
QuizBattle.Arena.Visuals.ArenaColosseumBuilder:CreateCartoonTree (UnityEngine.Transform,UnityEngine.Vector3) (at Assets/Scripts/Arena/Visuals/ArenaColosseumBuilder.cs:654)
QuizBattle.Arena.Visuals.ArenaColosseumBuilder:CreateFoliageAndProps (UnityEngine.Transform,UnityEngine.Vector3,single,single) (at Assets/Scripts/Arena/Visuals/ArenaColosseumBuilder.cs:611)
QuizBattle.Arena.Visuals.ArenaColosseumBuilder:Build (UnityEngine.Transform,int,int,single) (at Assets/Scripts/Arena/Visuals/ArenaColosseumBuilder.cs:31)
QuizBattle.Arena.GridController:BuildGrid (int,int,int) (at Assets/Scripts/Arena/GridController.cs:51)
QuizBattle.GameState.GameManager:RunAutoPlayMatch (int,int) (at Assets/Scripts/GameState/GameManager.cs:67)
CaptureCurrentArena:Capture () (at Assets/Editor/CaptureCurrentArena.cs:22)

[Assets/Scripts/Arena/GridController.cs line 51]

FoliagePuff: Destroy may not be called from edit mode! Use DestroyImmediate instead.
Destroying an object in edit mode destroys it permanently
UnityEngine.Debug:ExtractStackTraceNoAlloc (byte*,int,string)
UnityEngine.StackTraceUtility:ExtractStackTrace ()
UnityEngine.Object:Destroy (UnityEngine.Object,single)
UnityEngine.Object:Destroy (UnityEngine.Object)
QuizBattle.Arena.Visuals.ArenaColosseumBuilder:CreateCartoonTree (UnityEngine.Transform,UnityEngine.Vector3) (at Assets/Scripts/Arena/Visuals/ArenaColosseumBuilder.cs:654)
QuizBattle.Arena.Visuals.ArenaColosseumBuilder:CreateFoliageAndProps (UnityEngine.Transform,UnityEngine.Vector3,single,single) (at Assets/Scripts/Arena/Visuals/ArenaColosseumBuilder.cs:611)
QuizBattle.Arena.Visuals.ArenaColosseumBuilder:Build (UnityEngine.Transform,int,int,single) (at Assets/Scripts/Arena/Visuals/ArenaColosseumBuilder.cs:31)
QuizBattle.Arena.GridController:BuildGrid (int,int,int) (at Assets/Scripts/Arena/GridController.cs:51)
QuizBattle.GameState.GameManager:RunAutoPlayMatch (int,int) (at Assets/Scripts/GameState/GameManager.cs:67)
CaptureCurrentArena:Capture () (at Assets/Editor/CaptureCurrentArena.cs:22)

[Assets/Scripts/Arena/GridController.cs line 51]

FoliagePuff: Destroy may not be called from edit mode! Use DestroyImmediate instead.
Destroying an object in edit mode destroys it permanently
UnityEngine.Debug:ExtractStackTraceNoAlloc (byte*,int,string)
UnityEngine.StackTraceUtility:ExtractStackTrace ()
UnityEngine.Object:Destroy (UnityEngine.Object,single)
UnityEngine.Object:Destroy (UnityEngine.Object)
QuizBattle.Arena.Visuals.ArenaColosseumBuilder:CreateCartoonTree (UnityEngine.Transform,UnityEngine.Vector3) (at Assets/Scripts/Arena/Visuals/ArenaColosseumBuilder.cs:654)
QuizBattle.Arena.Visuals.ArenaColosseumBuilder:CreateFoliageAndProps (UnityEngine.Transform,UnityEngine.Vector3,single,single) (at Assets/Scripts/Arena/Visuals/ArenaColosseumBuilder.cs:611)
QuizBattle.Arena.Visuals.ArenaColosseumBuilder:Build (UnityEngine.Transform,int,int,single) (at Assets/Scripts/Arena/Visuals/ArenaColosseumBuilder.cs:31)
QuizBattle.Arena.GridController:BuildGrid (int,int,int) (at Assets/Scripts/Arena/GridController.cs:51)
QuizBattle.GameState.GameManager:RunAutoPlayMatch (int,int) (at Assets/Scripts/GameState/GameManager.cs:67)
CaptureCurrentArena:Capture () (at Assets/Editor/CaptureCurrentArena.cs:22)

[Assets/Scripts/Arena/GridController.cs line 51]

FoliagePuff: Destroy may not be called from edit mode! Use DestroyImmediate instead.
Destroying an object in edit mode destroys it permanently
UnityEngine.Debug:ExtractStackTraceNoAlloc (byte*,int,string)
UnityEngine.StackTraceUtility:ExtractStackTrace ()
UnityEngine.Object:Destroy (UnityEngine.Object,single)
UnityEngine.Object:Destroy (UnityEngine.Object)
QuizBattle.Arena.Visuals.ArenaColosseumBuilder:CreateCartoonTree (UnityEngine.Transform,UnityEngine.Vector3) (at Assets/Scripts/Arena/Visuals/ArenaColosseumBuilder.cs:654)
QuizBattle.Arena.Visuals.ArenaColosseumBuilder:CreateFoliageAndProps (UnityEngine.Transform,UnityEngine.Vector3,single,single) (at Assets/Scripts/Arena/Visuals/ArenaColosseumBuilder.cs:611)
QuizBattle.Arena.Visuals.ArenaColosseumBuilder:Build (UnityEngine.Transform,int,int,single) (at Assets/Scripts/Arena/Visuals/ArenaColosseumBuilder.cs:31)
QuizBattle.Arena.GridController:BuildGrid (int,int,int) (at Assets/Scripts/Arena/GridController.cs:51)
QuizBattle.GameState.GameManager:RunAutoPlayMatch (int,int) (at Assets/Scripts/GameState/GameManager.cs:67)
CaptureCurrentArena:Capture () (at Assets/Editor/CaptureCurrentArena.cs:22)

[Assets/Scripts/Arena/GridController.cs line 51]

Trunk: Destroy may not be called from edit mode! Use DestroyImmediate instead.
Destroying an object in edit mode destroys it permanently
UnityEngine.Debug:ExtractStackTraceNoAlloc (byte*,int,string)
UnityEngine.StackTraceUtility:ExtractStackTrace ()
UnityEngine.Object:Destroy (UnityEngine.Object,single)
UnityEngine.Object:Destroy (UnityEngine.Object)
QuizBattle.Arena.Visuals.ArenaColosseumBuilder:CreateCartoonTree (UnityEngine.Transform,UnityEngine.Vector3) (at Assets/Scripts/Arena/Visuals/ArenaColosseumBuilder.cs:635)
QuizBattle.Arena.Visuals.ArenaColosseumBuilder:CreateFoliageAndProps (UnityEngine.Transform,UnityEngine.Vector3,single,single) (at Assets/Scripts/Arena/Visuals/ArenaColosseumBuilder.cs:611)
QuizBattle.Arena.Visuals.ArenaColosseumBuilder:Build (UnityEngine.Transform,int,int,single) (at Assets/Scripts/Arena/Visuals/ArenaColosseumBuilder.cs:31)
QuizBattle.Arena.GridController:BuildGrid (int,int,int) (at Assets/Scripts/Arena/GridController.cs:51)
QuizBattle.GameState.GameManager:RunAutoPlayMatch (int,int) (at Assets/Scripts/GameState/GameManager.cs:67)
CaptureCurrentArena:Capture () (at Assets/Editor/CaptureCurrentArena.cs:22)

[Assets/Scripts/Arena/GridController.cs line 51]

FoliagePuff: Destroy may not be called from edit mode! Use DestroyImmediate instead.
Destroying an object in edit mode destroys it permanently
UnityEngine.Debug:ExtractStackTraceNoAlloc (byte*,int,string)
UnityEngine.StackTraceUtility:ExtractStackTrace ()
UnityEngine.Object:Destroy (UnityEngine.Object,single)
UnityEngine.Object:Destroy (UnityEngine.Object)
QuizBattle.Arena.Visuals.ArenaColosseumBuilder:CreateCartoonTree (UnityEngine.Transform,UnityEngine.Vector3) (at Assets/Scripts/Arena/Visuals/ArenaColosseumBuilder.cs:654)
QuizBattle.Arena.Visuals.ArenaColosseumBuilder:CreateFoliageAndProps (UnityEngine.Transform,UnityEngine.Vector3,single,single) (at Assets/Scripts/Arena/Visuals/ArenaColosseumBuilder.cs:611)
QuizBattle.Arena.Visuals.ArenaColosseumBuilder:Build (UnityEngine.Transform,int,int,single) (at Assets/Scripts/Arena/Visuals/ArenaColosseumBuilder.cs:31)
QuizBattle.Arena.GridController:BuildGrid (int,int,int) (at Assets/Scripts/Arena/GridController.cs:51)
QuizBattle.GameState.GameManager:RunAutoPlayMatch (int,int) (at Assets/Scripts/GameState/GameManager.cs:67)
CaptureCurrentArena:Capture () (at Assets/Editor/CaptureCurrentArena.cs:22)

[Assets/Scripts/Arena/GridController.cs line 51]

FoliagePuff: Destroy may not be called from edit mode! Use DestroyImmediate instead.
Destroying an object in edit mode destroys it permanently
UnityEngine.Debug:ExtractStackTraceNoAlloc (byte*,int,string)
UnityEngine.StackTraceUtility:ExtractStackTrace ()
UnityEngine.Object:Destroy (UnityEngine.Object,single)
UnityEngine.Object:Destroy (UnityEngine.Object)
QuizBattle.Arena.Visuals.ArenaColosseumBuilder:CreateCartoonTree (UnityEngine.Transform,UnityEngine.Vector3) (at Assets/Scripts/Arena/Visuals/ArenaColosseumBuilder.cs:654)
QuizBattle.Arena.Visuals.ArenaColosseumBuilder:CreateFoliageAndProps (UnityEngine.Transform,UnityEngine.Vector3,single,single) (at Assets/Scripts/Arena/Visuals/ArenaColosseumBuilder.cs:611)
QuizBattle.Arena.Visuals.ArenaColosseumBuilder:Build (UnityEngine.Transform,int,int,single) (at Assets/Scripts/Arena/Visuals/ArenaColosseumBuilder.cs:31)
QuizBattle.Arena.GridController:BuildGrid (int,int,int) (at Assets/Scripts/Arena/GridController.cs:51)
QuizBattle.GameState.GameManager:RunAutoPlayMatch (int,int) (at Assets/Scripts/GameState/GameManager.cs:67)
CaptureCurrentArena:Capture () (at Assets/Editor/CaptureCurrentArena.cs:22)

[Assets/Scripts/Arena/GridController.cs line 51]

FoliagePuff: Destroy may not be called from edit mode! Use DestroyImmediate instead.
Destroying an object in edit mode destroys it permanently
UnityEngine.Debug:ExtractStackTraceNoAlloc (byte*,int,string)
UnityEngine.StackTraceUtility:ExtractStackTrace ()
UnityEngine.Object:Destroy (UnityEngine.Object,single)
UnityEngine.Object:Destroy (UnityEngine.Object)
QuizBattle.Arena.Visuals.ArenaColosseumBuilder:CreateCartoonTree (UnityEngine.Transform,UnityEngine.Vector3) (at Assets/Scripts/Arena/Visuals/ArenaColosseumBuilder.cs:654)
QuizBattle.Arena.Visuals.ArenaColosseumBuilder:CreateFoliageAndProps (UnityEngine.Transform,UnityEngine.Vector3,single,single) (at Assets/Scripts/Arena/Visuals/ArenaColosseumBuilder.cs:611)
QuizBattle.Arena.Visuals.ArenaColosseumBuilder:Build (UnityEngine.Transform,int,int,single) (at Assets/Scripts/Arena/Visuals/ArenaColosseumBuilder.cs:31)
QuizBattle.Arena.GridController:BuildGrid (int,int,int) (at Assets/Scripts/Arena/GridController.cs:51)
QuizBattle.GameState.GameManager:RunAutoPlayMatch (int,int) (at Assets/Scripts/GameState/GameManager.cs:67)
CaptureCurrentArena:Capture () (at Assets/Editor/CaptureCurrentArena.cs:22)

[Assets/Scripts/Arena/GridController.cs line 51]

FoliagePuff: Destroy may not be called from edit mode! Use DestroyImmediate instead.
Destroying an object in edit mode destroys it permanently
UnityEngine.Debug:ExtractStackTraceNoAlloc (byte*,int,string)
UnityEngine.StackTraceUtility:ExtractStackTrace ()
UnityEngine.Object:Destroy (UnityEngine.Object,single)
UnityEngine.Object:Destroy (UnityEngine.Object)
QuizBattle.Arena.Visuals.ArenaColosseumBuilder:CreateCartoonTree (UnityEngine.Transform,UnityEngine.Vector3) (at Assets/Scripts/Arena/Visuals/ArenaColosseumBuilder.cs:654)
QuizBattle.Arena.Visuals.ArenaColosseumBuilder:CreateFoliageAndProps (UnityEngine.Transform,UnityEngine.Vector3,single,single) (at Assets/Scripts/Arena/Visuals/ArenaColosseumBuilder.cs:611)
QuizBattle.Arena.Visuals.ArenaColosseumBuilder:Build (UnityEngine.Transform,int,int,single) (at Assets/Scripts/Arena/Visuals/ArenaColosseumBuilder.cs:31)
QuizBattle.Arena.GridController:BuildGrid (int,int,int) (at Assets/Scripts/Arena/GridController.cs:51)
QuizBattle.GameState.GameManager:RunAutoPlayMatch (int,int) (at Assets/Scripts/GameState/GameManager.cs:67)
CaptureCurrentArena:Capture () (at Assets/Editor/CaptureCurrentArena.cs:22)

[Assets/Scripts/Arena/GridController.cs line 51]

Trunk: Destroy may not be called from edit mode! Use DestroyImmediate instead.
Destroying an object in edit mode destroys it permanently
UnityEngine.Debug:ExtractStackTraceNoAlloc (byte*,int,string)
UnityEngine.StackTraceUtility:ExtractStackTrace ()
UnityEngine.Object:Destroy (UnityEngine.Object,single)
UnityEngine.Object:Destroy (UnityEngine.Object)
QuizBattle.Arena.Visuals.ArenaColosseumBuilder:CreateCartoonTree (UnityEngine.Transform,UnityEngine.Vector3) (at Assets/Scripts/Arena/Visuals/ArenaColosseumBuilder.cs:635)
QuizBattle.Arena.Visuals.ArenaColosseumBuilder:CreateFoliageAndProps (UnityEngine.Transform,UnityEngine.Vector3,single,single) (at Assets/Scripts/Arena/Visuals/ArenaColosseumBuilder.cs:611)
QuizBattle.Arena.Visuals.ArenaColosseumBuilder:Build (UnityEngine.Transform,int,int,single) (at Assets/Scripts/Arena/Visuals/ArenaColosseumBuilder.cs:31)
QuizBattle.Arena.GridController:BuildGrid (int,int,int) (at Assets/Scripts/Arena/GridController.cs:51)
QuizBattle.GameState.GameManager:RunAutoPlayMatch (int,int) (at Assets/Scripts/GameState/GameManager.cs:67)
CaptureCurrentArena:Capture () (at Assets/Editor/CaptureCurrentArena.cs:22)

[Assets/Scripts/Arena/GridController.cs line 51]

FoliagePuff: Destroy may not be called from edit mode! Use DestroyImmediate instead.
Destroying an object in edit mode destroys it permanently
UnityEngine.Debug:ExtractStackTraceNoAlloc (byte*,int,string)
UnityEngine.StackTraceUtility:ExtractStackTrace ()
UnityEngine.Object:Destroy (UnityEngine.Object,single)
UnityEngine.Object:Destroy (UnityEngine.Object)
QuizBattle.Arena.Visuals.ArenaColosseumBuilder:CreateCartoonTree (UnityEngine.Transform,UnityEngine.Vector3) (at Assets/Scripts/Arena/Visuals/ArenaColosseumBuilder.cs:654)
QuizBattle.Arena.Visuals.ArenaColosseumBuilder:CreateFoliageAndProps (UnityEngine.Transform,UnityEngine.Vector3,single,single) (at Assets/Scripts/Arena/Visuals/ArenaColosseumBuilder.cs:611)
QuizBattle.Arena.Visuals.ArenaColosseumBuilder:Build (UnityEngine.Transform,int,int,single) (at Assets/Scripts/Arena/Visuals/ArenaColosseumBuilder.cs:31)
QuizBattle.Arena.GridController:BuildGrid (int,int,int) (at Assets/Scripts/Arena/GridController.cs:51)
QuizBattle.GameState.GameManager:RunAutoPlayMatch (int,int) (at Assets/Scripts/GameState/GameManager.cs:67)
CaptureCurrentArena:Capture () (at Assets/Editor/CaptureCurrentArena.cs:22)

[Assets/Scripts/Arena/GridController.cs line 51]

FoliagePuff: Destroy may not be called from edit mode! Use DestroyImmediate instead.
Destroying an object in edit mode destroys it permanently
UnityEngine.Debug:ExtractStackTraceNoAlloc (byte*,int,string)
UnityEngine.StackTraceUtility:ExtractStackTrace ()
UnityEngine.Object:Destroy (UnityEngine.Object,single)
UnityEngine.Object:Destroy (UnityEngine.Object)
QuizBattle.Arena.Visuals.ArenaColosseumBuilder:CreateCartoonTree (UnityEngine.Transform,UnityEngine.Vector3) (at Assets/Scripts/Arena/Visuals/ArenaColosseumBuilder.cs:654)
QuizBattle.Arena.Visuals.ArenaColosseumBuilder:CreateFoliageAndProps (UnityEngine.Transform,UnityEngine.Vector3,single,single) (at Assets/Scripts/Arena/Visuals/ArenaColosseumBuilder.cs:611)
QuizBattle.Arena.Visuals.ArenaColosseumBuilder:Build (UnityEngine.Transform,int,int,single) (at Assets/Scripts/Arena/Visuals/ArenaColosseumBuilder.cs:31)
QuizBattle.Arena.GridController:BuildGrid (int,int,int) (at Assets/Scripts/Arena/GridController.cs:51)
QuizBattle.GameState.GameManager:RunAutoPlayMatch (int,int) (at Assets/Scripts/GameState/GameManager.cs:67)
CaptureCurrentArena:Capture () (at Assets/Editor/CaptureCurrentArena.cs:22)

[Assets/Scripts/Arena/GridController.cs line 51]

FoliagePuff: Destroy may not be called from edit mode! Use DestroyImmediate instead.
Destroying an object in edit mode destroys it permanently
UnityEngine.Debug:ExtractStackTraceNoAlloc (byte*,int,string)
UnityEngine.StackTraceUtility:ExtractStackTrace ()
UnityEngine.Object:Destroy (UnityEngine.Object,single)
UnityEngine.Object:Destroy (UnityEngine.Object)
QuizBattle.Arena.Visuals.ArenaColosseumBuilder:CreateCartoonTree (UnityEngine.Transform,UnityEngine.Vector3) (at Assets/Scripts/Arena/Visuals/ArenaColosseumBuilder.cs:654)
QuizBattle.Arena.Visuals.ArenaColosseumBuilder:CreateFoliageAndProps (UnityEngine.Transform,UnityEngine.Vector3,single,single) (at Assets/Scripts/Arena/Visuals/ArenaColosseumBuilder.cs:611)
QuizBattle.Arena.Visuals.ArenaColosseumBuilder:Build (UnityEngine.Transform,int,int,single) (at Assets/Scripts/Arena/Visuals/ArenaColosseumBuilder.cs:31)
QuizBattle.Arena.GridController:BuildGrid (int,int,int) (at Assets/Scripts/Arena/GridController.cs:51)
QuizBattle.GameState.GameManager:RunAutoPlayMatch (int,int) (at Assets/Scripts/GameState/GameManager.cs:67)
CaptureCurrentArena:Capture () (at Assets/Editor/CaptureCurrentArena.cs:22)

[Assets/Scripts/Arena/GridController.cs line 51]

FoliagePuff: Destroy may not be called from edit mode! Use DestroyImmediate instead.
Destroying an object in edit mode destroys it permanently
UnityEngine.Debug:ExtractStackTraceNoAlloc (byte*,int,string)
UnityEngine.StackTraceUtility:ExtractStackTrace ()
UnityEngine.Object:Destroy (UnityEngine.Object,single)
UnityEngine.Object:Destroy (UnityEngine.Object)
QuizBattle.Arena.Visuals.ArenaColosseumBuilder:CreateCartoonTree (UnityEngine.Transform,UnityEngine.Vector3) (at Assets/Scripts/Arena/Visuals/ArenaColosseumBuilder.cs:654)
QuizBattle.Arena.Visuals.ArenaColosseumBuilder:CreateFoliageAndProps (UnityEngine.Transform,UnityEngine.Vector3,single,single) (at Assets/Scripts/Arena/Visuals/ArenaColosseumBuilder.cs:611)
QuizBattle.Arena.Visuals.ArenaColosseumBuilder:Build (UnityEngine.Transform,int,int,single) (at Assets/Scripts/Arena/Visuals/ArenaColosseumBuilder.cs:31)
QuizBattle.Arena.GridController:BuildGrid (int,int,int) (at Assets/Scripts/Arena/GridController.cs:51)
QuizBattle.GameState.GameManager:RunAutoPlayMatch (int,int) (at Assets/Scripts/GameState/GameManager.cs:67)
CaptureCurrentArena:Capture () (at Assets/Editor/CaptureCurrentArena.cs:22)

[Assets/Scripts/Arena/GridController.cs line 51]

WoodenBarrel: Destroy may not be called from edit mode! Use DestroyImmediate instead.
Destroying an object in edit mode destroys it permanently
UnityEngine.Debug:ExtractStackTraceNoAlloc (byte*,int,string)
UnityEngine.StackTraceUtility:ExtractStackTrace ()
UnityEngine.Object:Destroy (UnityEngine.Object,single)
UnityEngine.Object:Destroy (UnityEngine.Object)
QuizBattle.Arena.Visuals.ArenaColosseumBuilder:CreateBarrel (UnityEngine.Transform,UnityEngine.Vector3) (at Assets/Scripts/Arena/Visuals/ArenaColosseumBuilder.cs:666)
QuizBattle.Arena.Visuals.ArenaColosseumBuilder:CreateFoliageAndProps (UnityEngine.Transform,UnityEngine.Vector3,single,single) (at Assets/Scripts/Arena/Visuals/ArenaColosseumBuilder.cs:615)
QuizBattle.Arena.Visuals.ArenaColosseumBuilder:Build (UnityEngine.Transform,int,int,single) (at Assets/Scripts/Arena/Visuals/ArenaColosseumBuilder.cs:31)
QuizBattle.Arena.GridController:BuildGrid (int,int,int) (at Assets/Scripts/Arena/GridController.cs:51)
QuizBattle.GameState.GameManager:RunAutoPlayMatch (int,int) (at Assets/Scripts/GameState/GameManager.cs:67)
CaptureCurrentArena:Capture () (at Assets/Editor/CaptureCurrentArena.cs:22)

[Assets/Scripts/Arena/GridController.cs line 51]

WoodenCrate: Destroy may not be called from edit mode! Use DestroyImmediate instead.
Destroying an object in edit mode destroys it permanently
UnityEngine.Debug:ExtractStackTraceNoAlloc (byte*,int,string)
UnityEngine.StackTraceUtility:ExtractStackTrace ()
UnityEngine.Object:Destroy (UnityEngine.Object,single)
UnityEngine.Object:Destroy (UnityEngine.Object)
QuizBattle.Arena.Visuals.ArenaColosseumBuilder:CreateCrate (UnityEngine.Transform,UnityEngine.Vector3) (at Assets/Scripts/Arena/Visuals/ArenaColosseumBuilder.cs:677)
QuizBattle.Arena.Visuals.ArenaColosseumBuilder:CreateFoliageAndProps (UnityEngine.Transform,UnityEngine.Vector3,single,single) (at Assets/Scripts/Arena/Visuals/ArenaColosseumBuilder.cs:616)
QuizBattle.Arena.Visuals.ArenaColosseumBuilder:Build (UnityEngine.Transform,int,int,single) (at Assets/Scripts/Arena/Visuals/ArenaColosseumBuilder.cs:31)
QuizBattle.Arena.GridController:BuildGrid (int,int,int) (at Assets/Scripts/Arena/GridController.cs:51)
QuizBattle.GameState.GameManager:RunAutoPlayMatch (int,int) (at Assets/Scripts/GameState/GameManager.cs:67)
CaptureCurrentArena:Capture () (at Assets/Editor/CaptureCurrentArena.cs:22)

[Assets/Scripts/Arena/GridController.cs line 51]

WoodenBarrel: Destroy may not be called from edit mode! Use DestroyImmediate instead.
Destroying an object in edit mode destroys it permanently
UnityEngine.Debug:ExtractStackTraceNoAlloc (byte*,int,string)
UnityEngine.StackTraceUtility:ExtractStackTrace ()
UnityEngine.Object:Destroy (UnityEngine.Object,single)
UnityEngine.Object:Destroy (UnityEngine.Object)
QuizBattle.Arena.Visuals.ArenaColosseumBuilder:CreateBarrel (UnityEngine.Transform,UnityEngine.Vector3) (at Assets/Scripts/Arena/Visuals/ArenaColosseumBuilder.cs:666)
QuizBattle.Arena.Visuals.ArenaColosseumBuilder:CreateFoliageAndProps (UnityEngine.Transform,UnityEngine.Vector3,single,single) (at Assets/Scripts/Arena/Visuals/ArenaColosseumBuilder.cs:617)
QuizBattle.Arena.Visuals.ArenaColosseumBuilder:Build (UnityEngine.Transform,int,int,single) (at Assets/Scripts/Arena/Visuals/ArenaColosseumBuilder.cs:31)
QuizBattle.Arena.GridController:BuildGrid (int,int,int) (at Assets/Scripts/Arena/GridController.cs:51)
QuizBattle.GameState.GameManager:RunAutoPlayMatch (int,int) (at Assets/Scripts/GameState/GameManager.cs:67)
CaptureCurrentArena:Capture () (at Assets/Editor/CaptureCurrentArena.cs:22)

[Assets/Scripts/Arena/GridController.cs line 51]

Torso: Destroy may not be called from edit mode! Use DestroyImmediate instead.
Destroying an object in edit mode destroys it permanently
UnityEngine.Debug:ExtractStackTraceNoAlloc (byte*,int,string)
UnityEngine.StackTraceUtility:ExtractStackTrace ()
UnityEngine.Object:Destroy (UnityEngine.Object,single)
UnityEngine.Object:Destroy (UnityEngine.Object)
QuizBattle.Arena.Visuals.CharacterVisualBuilder:CreatePrimitivePart (UnityEngine.Transform,string,UnityEngine.PrimitiveType,UnityEngine.Vector3,UnityEngine.Quaternion,UnityEngine.Vector3,UnityEngine.Material,System.Collections.Generic.List`1<UnityEngine.Renderer>) (at Assets/Scripts/Arena/Visuals/CharacterVisualBuilder.cs:340)
QuizBattle.Arena.Visuals.CharacterVisualBuilder:BuildAegis (UnityEngine.Transform,QuizBattle.Characters.CharacterVisual&,System.Collections.Generic.List`1<UnityEngine.Renderer>,QuizBattle.Arena.Visuals.TokenIdleAnimator) (at Assets/Scripts/Arena/Visuals/CharacterVisualBuilder.cs:127)
QuizBattle.Arena.Visuals.CharacterVisualBuilder:Build (QuizBattle.Characters.CharacterVisual&,UnityEngine.Transform) (at Assets/Scripts/Arena/Visuals/CharacterVisualBuilder.cs:32)
QuizBattle.Arena.CharacterToken:Create (string,QuizBattle.Characters.CharacterVisual&,UnityEngine.Vector3) (at Assets/Scripts/Arena/CharacterToken.cs:54)
QuizBattle.GameState.GameManager:RunAutoPlayMatch (int,int) (at Assets/Scripts/GameState/GameManager.cs:76)
CaptureCurrentArena:Capture () (at Assets/Editor/CaptureCurrentArena.cs:22)

[Assets/Scripts/GameState/GameManager.cs line 76]

ChestPlate: Destroy may not be called from edit mode! Use DestroyImmediate instead.
Destroying an object in edit mode destroys it permanently
UnityEngine.Debug:ExtractStackTraceNoAlloc (byte*,int,string)
UnityEngine.StackTraceUtility:ExtractStackTrace ()
UnityEngine.Object:Destroy (UnityEngine.Object,single)
UnityEngine.Object:Destroy (UnityEngine.Object)
QuizBattle.Arena.Visuals.CharacterVisualBuilder:CreatePrimitivePart (UnityEngine.Transform,string,UnityEngine.PrimitiveType,UnityEngine.Vector3,UnityEngine.Quaternion,UnityEngine.Vector3,UnityEngine.Material,System.Collections.Generic.List`1<UnityEngine.Renderer>) (at Assets/Scripts/Arena/Visuals/CharacterVisualBuilder.cs:340)
QuizBattle.Arena.Visuals.CharacterVisualBuilder:BuildAegis (UnityEngine.Transform,QuizBattle.Characters.CharacterVisual&,System.Collections.Generic.List`1<UnityEngine.Renderer>,QuizBattle.Arena.Visuals.TokenIdleAnimator) (at Assets/Scripts/Arena/Visuals/CharacterVisualBuilder.cs:128)
QuizBattle.Arena.Visuals.CharacterVisualBuilder:Build (QuizBattle.Characters.CharacterVisual&,UnityEngine.Transform) (at Assets/Scripts/Arena/Visuals/CharacterVisualBuilder.cs:32)
QuizBattle.Arena.CharacterToken:Create (string,QuizBattle.Characters.CharacterVisual&,UnityEngine.Vector3) (at Assets/Scripts/Arena/CharacterToken.cs:54)
QuizBattle.GameState.GameManager:RunAutoPlayMatch (int,int) (at Assets/Scripts/GameState/GameManager.cs:76)
CaptureCurrentArena:Capture () (at Assets/Editor/CaptureCurrentArena.cs:22)

[Assets/Scripts/GameState/GameManager.cs line 76]

PowerReactor: Destroy may not be called from edit mode! Use DestroyImmediate instead.
Destroying an object in edit mode destroys it permanently
UnityEngine.Debug:ExtractStackTraceNoAlloc (byte*,int,string)
UnityEngine.StackTraceUtility:ExtractStackTrace ()
UnityEngine.Object:Destroy (UnityEngine.Object,single)
UnityEngine.Object:Destroy (UnityEngine.Object)
QuizBattle.Arena.Visuals.CharacterVisualBuilder:CreatePrimitivePart (UnityEngine.Transform,string,UnityEngine.PrimitiveType,UnityEngine.Vector3,UnityEngine.Quaternion,UnityEngine.Vector3,UnityEngine.Material,System.Collections.Generic.List`1<UnityEngine.Renderer>) (at Assets/Scripts/Arena/Visuals/CharacterVisualBuilder.cs:340)
QuizBattle.Arena.Visuals.CharacterVisualBuilder:BuildAegis (UnityEngine.Transform,QuizBattle.Characters.CharacterVisual&,System.Collections.Generic.List`1<UnityEngine.Renderer>,QuizBattle.Arena.Visuals.TokenIdleAnimator) (at Assets/Scripts/Arena/Visuals/CharacterVisualBuilder.cs:129)
QuizBattle.Arena.Visuals.CharacterVisualBuilder:Build (QuizBattle.Characters.CharacterVisual&,UnityEngine.Transform) (at Assets/Scripts/Arena/Visuals/CharacterVisualBuilder.cs:32)
QuizBattle.Arena.CharacterToken:Create (string,QuizBattle.Characters.CharacterVisual&,UnityEngine.Vector3) (at Assets/Scripts/Arena/CharacterToken.cs:54)
QuizBattle.GameState.GameManager:RunAutoPlayMatch (int,int) (at Assets/Scripts/GameState/GameManager.cs:76)
CaptureCurrentArena:Capture () (at Assets/Editor/CaptureCurrentArena.cs:22)

[Assets/Scripts/GameState/GameManager.cs line 76]

ExhaustL: Destroy may not be called from edit mode! Use DestroyImmediate instead.
Destroying an object in edit mode destroys it permanently
UnityEngine.Debug:ExtractStackTraceNoAlloc (byte*,int,string)
UnityEngine.StackTraceUtility:ExtractStackTrace ()
UnityEngine.Object:Destroy (UnityEngine.Object,single)
UnityEngine.Object:Destroy (UnityEngine.Object)
QuizBattle.Arena.Visuals.CharacterVisualBuilder:CreatePrimitivePart (UnityEngine.Transform,string,UnityEngine.PrimitiveType,UnityEngine.Vector3,UnityEngine.Quaternion,UnityEngine.Vector3,UnityEngine.Material,System.Collections.Generic.List`1<UnityEngine.Renderer>) (at Assets/Scripts/Arena/Visuals/CharacterVisualBuilder.cs:340)
QuizBattle.Arena.Visuals.CharacterVisualBuilder:BuildAegis (UnityEngine.Transform,QuizBattle.Characters.CharacterVisual&,System.Collections.Generic.List`1<UnityEngine.Renderer>,QuizBattle.Arena.Visuals.TokenIdleAnimator) (at Assets/Scripts/Arena/Visuals/CharacterVisualBuilder.cs:132)
QuizBattle.Arena.Visuals.CharacterVisualBuilder:Build (QuizBattle.Characters.CharacterVisual&,UnityEngine.Transform) (at Assets/Scripts/Arena/Visuals/CharacterVisualBuilder.cs:32)
QuizBattle.Arena.CharacterToken:Create (string,QuizBattle.Characters.CharacterVisual&,UnityEngine.Vector3) (at Assets/Scripts/Arena/CharacterToken.cs:54)
QuizBattle.GameState.GameManager:RunAutoPlayMatch (int,int) (at Assets/Scripts/GameState/GameManager.cs:76)
CaptureCurrentArena:Capture () (at Assets/Editor/CaptureCurrentArena.cs:22)

[Assets/Scripts/GameState/GameManager.cs line 76]

ExhaustR: Destroy may not be called from edit mode! Use DestroyImmediate instead.
Destroying an object in edit mode destroys it permanently
UnityEngine.Debug:ExtractStackTraceNoAlloc (byte*,int,string)
UnityEngine.StackTraceUtility:ExtractStackTrace ()
UnityEngine.Object:Destroy (UnityEngine.Object,single)
UnityEngine.Object:Destroy (UnityEngine.Object)
QuizBattle.Arena.Visuals.CharacterVisualBuilder:CreatePrimitivePart (UnityEngine.Transform,string,UnityEngine.PrimitiveType,UnityEngine.Vector3,UnityEngine.Quaternion,UnityEngine.Vector3,UnityEngine.Material,System.Collections.Generic.List`1<UnityEngine.Renderer>) (at Assets/Scripts/Arena/Visuals/CharacterVisualBuilder.cs:340)
QuizBattle.Arena.Visuals.CharacterVisualBuilder:BuildAegis (UnityEngine.Transform,QuizBattle.Characters.CharacterVisual&,System.Collections.Generic.List`1<UnityEngine.Renderer>,QuizBattle.Arena.Visuals.TokenIdleAnimator) (at Assets/Scripts/Arena/Visuals/CharacterVisualBuilder.cs:133)
QuizBattle.Arena.Visuals.CharacterVisualBuilder:Build (QuizBattle.Characters.CharacterVisual&,UnityEngine.Transform) (at Assets/Scripts/Arena/Visuals/CharacterVisualBuilder.cs:32)
QuizBattle.Arena.CharacterToken:Create (string,QuizBattle.Characters.CharacterVisual&,UnityEngine.Vector3) (at Assets/Scripts/Arena/CharacterToken.cs:54)
QuizBattle.GameState.GameManager:RunAutoPlayMatch (int,int) (at Assets/Scripts/GameState/GameManager.cs:76)
CaptureCurrentArena:Capture () (at Assets/Editor/CaptureCurrentArena.cs:22)

[Assets/Scripts/GameState/GameManager.cs line 76]

Head: Destroy may not be called from edit mode! Use DestroyImmediate instead.
Destroying an object in edit mode destroys it permanently
UnityEngine.Debug:ExtractStackTraceNoAlloc (byte*,int,string)
UnityEngine.StackTraceUtility:ExtractStackTrace ()
UnityEngine.Object:Destroy (UnityEngine.Object,single)
UnityEngine.Object:Destroy (UnityEngine.Object)
QuizBattle.Arena.Visuals.CharacterVisualBuilder:CreatePrimitivePart (UnityEngine.Transform,string,UnityEngine.PrimitiveType,UnityEngine.Vector3,UnityEngine.Quaternion,UnityEngine.Vector3,UnityEngine.Material,System.Collections.Generic.List`1<UnityEngine.Renderer>) (at Assets/Scripts/Arena/Visuals/CharacterVisualBuilder.cs:340)
QuizBattle.Arena.Visuals.CharacterVisualBuilder:BuildAegis (UnityEngine.Transform,QuizBattle.Characters.CharacterVisual&,System.Collections.Generic.List`1<UnityEngine.Renderer>,QuizBattle.Arena.Visuals.TokenIdleAnimator) (at Assets/Scripts/Arena/Visuals/CharacterVisualBuilder.cs:136)
QuizBattle.Arena.Visuals.CharacterVisualBuilder:Build (QuizBattle.Characters.CharacterVisual&,UnityEngine.Transform) (at Assets/Scripts/Arena/Visuals/CharacterVisualBuilder.cs:32)
QuizBattle.Arena.CharacterToken:Create (string,QuizBattle.Characters.CharacterVisual&,UnityEngine.Vector3) (at Assets/Scripts/Arena/CharacterToken.cs:54)
QuizBattle.GameState.GameManager:RunAutoPlayMatch (int,int) (at Assets/Scripts/GameState/GameManager.cs:76)
CaptureCurrentArena:Capture () (at Assets/Editor/CaptureCurrentArena.cs:22)

[Assets/Scripts/GameState/GameManager.cs line 76]

HeadPlate: Destroy may not be called from edit mode! Use DestroyImmediate instead.
Destroying an object in edit mode destroys it permanently
UnityEngine.Debug:ExtractStackTraceNoAlloc (byte*,int,string)
UnityEngine.StackTraceUtility:ExtractStackTrace ()
UnityEngine.Object:Destroy (UnityEngine.Object,single)
UnityEngine.Object:Destroy (UnityEngine.Object)
QuizBattle.Arena.Visuals.CharacterVisualBuilder:CreatePrimitivePart (UnityEngine.Transform,string,UnityEngine.PrimitiveType,UnityEngine.Vector3,UnityEngine.Quaternion,UnityEngine.Vector3,UnityEngine.Material,System.Collections.Generic.List`1<UnityEngine.Renderer>) (at Assets/Scripts/Arena/Visuals/CharacterVisualBuilder.cs:340)
QuizBattle.Arena.Visuals.CharacterVisualBuilder:BuildAegis (UnityEngine.Transform,QuizBattle.Characters.CharacterVisual&,System.Collections.Generic.List`1<UnityEngine.Renderer>,QuizBattle.Arena.Visuals.TokenIdleAnimator) (at Assets/Scripts/Arena/Visuals/CharacterVisualBuilder.cs:137)
QuizBattle.Arena.Visuals.CharacterVisualBuilder:Build (QuizBattle.Characters.CharacterVisual&,UnityEngine.Transform) (at Assets/Scripts/Arena/Visuals/CharacterVisualBuilder.cs:32)
QuizBattle.Arena.CharacterToken:Create (string,QuizBattle.Characters.CharacterVisual&,UnityEngine.Vector3) (at Assets/Scripts/Arena/CharacterToken.cs:54)
QuizBattle.GameState.GameManager:RunAutoPlayMatch (int,int) (at Assets/Scripts/GameState/GameManager.cs:76)
CaptureCurrentArena:Capture () (at Assets/Editor/CaptureCurrentArena.cs:22)

[Assets/Scripts/GameState/GameManager.cs line 76]

CyanVisor: Destroy may not be called from edit mode! Use DestroyImmediate instead.
Destroying an object in edit mode destroys it permanently
UnityEngine.Debug:ExtractStackTraceNoAlloc (byte*,int,string)
UnityEngine.StackTraceUtility:ExtractStackTrace ()
UnityEngine.Object:Destroy (UnityEngine.Object,single)
UnityEngine.Object:Destroy (UnityEngine.Object)
QuizBattle.Arena.Visuals.CharacterVisualBuilder:CreatePrimitivePart (UnityEngine.Transform,string,UnityEngine.PrimitiveType,UnityEngine.Vector3,UnityEngine.Quaternion,UnityEngine.Vector3,UnityEngine.Material,System.Collections.Generic.List`1<UnityEngine.Renderer>) (at Assets/Scripts/Arena/Visuals/CharacterVisualBuilder.cs:340)
QuizBattle.Arena.Visuals.CharacterVisualBuilder:BuildAegis (UnityEngine.Transform,QuizBattle.Characters.CharacterVisual&,System.Collections.Generic.List`1<UnityEngine.Renderer>,QuizBattle.Arena.Visuals.TokenIdleAnimator) (at Assets/Scripts/Arena/Visuals/CharacterVisualBuilder.cs:138)
QuizBattle.Arena.Visuals.CharacterVisualBuilder:Build (QuizBattle.Characters.CharacterVisual&,UnityEngine.Transform) (at Assets/Scripts/Arena/Visuals/CharacterVisualBuilder.cs:32)
QuizBattle.Arena.CharacterToken:Create (string,QuizBattle.Characters.CharacterVisual&,UnityEngine.Vector3) (at Assets/Scripts/Arena/CharacterToken.cs:54)
QuizBattle.GameState.GameManager:RunAutoPlayMatch (int,int) (at Assets/Scripts/GameState/GameManager.cs:76)
CaptureCurrentArena:Capture () (at Assets/Editor/CaptureCurrentArena.cs:22)

[Assets/Scripts/GameState/GameManager.cs line 76]

PauldronsL: Destroy may not be called from edit mode! Use DestroyImmediate instead.
Destroying an object in edit mode destroys it permanently
UnityEngine.Debug:ExtractStackTraceNoAlloc (byte*,int,string)
UnityEngine.StackTraceUtility:ExtractStackTrace ()
UnityEngine.Object:Destroy (UnityEngine.Object,single)
UnityEngine.Object:Destroy (UnityEngine.Object)
QuizBattle.Arena.Visuals.CharacterVisualBuilder:CreatePrimitivePart (UnityEngine.Transform,string,UnityEngine.PrimitiveType,UnityEngine.Vector3,UnityEngine.Quaternion,UnityEngine.Vector3,UnityEngine.Material,System.Collections.Generic.List`1<UnityEngine.Renderer>) (at Assets/Scripts/Arena/Visuals/CharacterVisualBuilder.cs:340)
QuizBattle.Arena.Visuals.CharacterVisualBuilder:BuildAegis (UnityEngine.Transform,QuizBattle.Characters.CharacterVisual&,System.Collections.Generic.List`1<UnityEngine.Renderer>,QuizBattle.Arena.Visuals.TokenIdleAnimator) (at Assets/Scripts/Arena/Visuals/CharacterVisualBuilder.cs:141)
QuizBattle.Arena.Visuals.CharacterVisualBuilder:Build (QuizBattle.Characters.CharacterVisual&,UnityEngine.Transform) (at Assets/Scripts/Arena/Visuals/CharacterVisualBuilder.cs:32)
QuizBattle.Arena.CharacterToken:Create (string,QuizBattle.Characters.CharacterVisual&,UnityEngine.Vector3) (at Assets/Scripts/Arena/CharacterToken.cs:54)
QuizBattle.GameState.GameManager:RunAutoPlayMatch (int,int) (at Assets/Scripts/GameState/GameManager.cs:76)
CaptureCurrentArena:Capture () (at Assets/Editor/CaptureCurrentArena.cs:22)

[Assets/Scripts/GameState/GameManager.cs line 76]

PauldronsR: Destroy may not be called from edit mode! Use DestroyImmediate instead.
Destroying an object in edit mode destroys it permanently
UnityEngine.Debug:ExtractStackTraceNoAlloc (byte*,int,string)
UnityEngine.StackTraceUtility:ExtractStackTrace ()
UnityEngine.Object:Destroy (UnityEngine.Object,single)
UnityEngine.Object:Destroy (UnityEngine.Object)
QuizBattle.Arena.Visuals.CharacterVisualBuilder:CreatePrimitivePart (UnityEngine.Transform,string,UnityEngine.PrimitiveType,UnityEngine.Vector3,UnityEngine.Quaternion,UnityEngine.Vector3,UnityEngine.Material,System.Collections.Generic.List`1<UnityEngine.Renderer>) (at Assets/Scripts/Arena/Visuals/CharacterVisualBuilder.cs:340)
QuizBattle.Arena.Visuals.CharacterVisualBuilder:BuildAegis (UnityEngine.Transform,QuizBattle.Characters.CharacterVisual&,System.Collections.Generic.List`1<UnityEngine.Renderer>,QuizBattle.Arena.Visuals.TokenIdleAnimator) (at Assets/Scripts/Arena/Visuals/CharacterVisualBuilder.cs:142)
QuizBattle.Arena.Visuals.CharacterVisualBuilder:Build (QuizBattle.Characters.CharacterVisual&,UnityEngine.Transform) (at Assets/Scripts/Arena/Visuals/CharacterVisualBuilder.cs:32)
QuizBattle.Arena.CharacterToken:Create (string,QuizBattle.Characters.CharacterVisual&,UnityEngine.Vector3) (at Assets/Scripts/Arena/CharacterToken.cs:54)
QuizBattle.GameState.GameManager:RunAutoPlayMatch (int,int) (at Assets/Scripts/GameState/GameManager.cs:76)
CaptureCurrentArena:Capture () (at Assets/Editor/CaptureCurrentArena.cs:22)

[Assets/Scripts/GameState/GameManager.cs line 76]

ArmL: Destroy may not be called from edit mode! Use DestroyImmediate instead.
Destroying an object in edit mode destroys it permanently
UnityEngine.Debug:ExtractStackTraceNoAlloc (byte*,int,string)
UnityEngine.StackTraceUtility:ExtractStackTrace ()
UnityEngine.Object:Destroy (UnityEngine.Object,single)
UnityEngine.Object:Destroy (UnityEngine.Object)
QuizBattle.Arena.Visuals.CharacterVisualBuilder:CreatePrimitivePart (UnityEngine.Transform,string,UnityEngine.PrimitiveType,UnityEngine.Vector3,UnityEngine.Quaternion,UnityEngine.Vector3,UnityEngine.Material,System.Collections.Generic.List`1<UnityEngine.Renderer>) (at Assets/Scripts/Arena/Visuals/CharacterVisualBuilder.cs:340)
QuizBattle.Arena.Visuals.CharacterVisualBuilder:BuildAegis (UnityEngine.Transform,QuizBattle.Characters.CharacterVisual&,System.Collections.Generic.List`1<UnityEngine.Renderer>,QuizBattle.Arena.Visuals.TokenIdleAnimator) (at Assets/Scripts/Arena/Visuals/CharacterVisualBuilder.cs:145)
QuizBattle.Arena.Visuals.CharacterVisualBuilder:Build (QuizBattle.Characters.CharacterVisual&,UnityEngine.Transform) (at Assets/Scripts/Arena/Visuals/CharacterVisualBuilder.cs:32)
QuizBattle.Arena.CharacterToken:Create (string,QuizBattle.Characters.CharacterVisual&,UnityEngine.Vector3) (at Assets/Scripts/Arena/CharacterToken.cs:54)
QuizBattle.GameState.GameManager:RunAutoPlayMatch (int,int) (at Assets/Scripts/GameState/GameManager.cs:76)
CaptureCurrentArena:Capture () (at Assets/Editor/CaptureCurrentArena.cs:22)

[Assets/Scripts/GameState/GameManager.cs line 76]

ArmR: Destroy may not be called from edit mode! Use DestroyImmediate instead.
Destroying an object in edit mode destroys it permanently
UnityEngine.Debug:ExtractStackTraceNoAlloc (byte*,int,string)
UnityEngine.StackTraceUtility:ExtractStackTrace ()
UnityEngine.Object:Destroy (UnityEngine.Object,single)
UnityEngine.Object:Destroy (UnityEngine.Object)
QuizBattle.Arena.Visuals.CharacterVisualBuilder:CreatePrimitivePart (UnityEngine.Transform,string,UnityEngine.PrimitiveType,UnityEngine.Vector3,UnityEngine.Quaternion,UnityEngine.Vector3,UnityEngine.Material,System.Collections.Generic.List`1<UnityEngine.Renderer>) (at Assets/Scripts/Arena/Visuals/CharacterVisualBuilder.cs:340)
QuizBattle.Arena.Visuals.CharacterVisualBuilder:BuildAegis (UnityEngine.Transform,QuizBattle.Characters.CharacterVisual&,System.Collections.Generic.List`1<UnityEngine.Renderer>,QuizBattle.Arena.Visuals.TokenIdleAnimator) (at Assets/Scripts/Arena/Visuals/CharacterVisualBuilder.cs:146)
QuizBattle.Arena.Visuals.CharacterVisualBuilder:Build (QuizBattle.Characters.CharacterVisual&,UnityEngine.Transform) (at Assets/Scripts/Arena/Visuals/CharacterVisualBuilder.cs:32)
QuizBattle.Arena.CharacterToken:Create (string,QuizBattle.Characters.CharacterVisual&,UnityEngine.Vector3) (at Assets/Scripts/Arena/CharacterToken.cs:54)
QuizBattle.GameState.GameManager:RunAutoPlayMatch (int,int) (at Assets/Scripts/GameState/GameManager.cs:76)
CaptureCurrentArena:Capture () (at Assets/Editor/CaptureCurrentArena.cs:22)

[Assets/Scripts/GameState/GameManager.cs line 76]

ShieldPlate: Destroy may not be called from edit mode! Use DestroyImmediate instead.
Destroying an object in edit mode destroys it permanently
UnityEngine.Debug:ExtractStackTraceNoAlloc (byte*,int,string)
UnityEngine.StackTraceUtility:ExtractStackTrace ()
UnityEngine.Object:Destroy (UnityEngine.Object,single)
UnityEngine.Object:Destroy (UnityEngine.Object)
QuizBattle.Arena.Visuals.CharacterVisualBuilder:CreatePrimitivePart (UnityEngine.Transform,string,UnityEngine.PrimitiveType,UnityEngine.Vector3,UnityEngine.Quaternion,UnityEngine.Vector3,UnityEngine.Material,System.Collections.Generic.List`1<UnityEngine.Renderer>) (at Assets/Scripts/Arena/Visuals/CharacterVisualBuilder.cs:340)
QuizBattle.Arena.Visuals.CharacterVisualBuilder:BuildAegis (UnityEngine.Transform,QuizBattle.Characters.CharacterVisual&,System.Collections.Generic.List`1<UnityEngine.Renderer>,QuizBattle.Arena.Visuals.TokenIdleAnimator) (at Assets/Scripts/Arena/Visuals/CharacterVisualBuilder.cs:153)
QuizBattle.Arena.Visuals.CharacterVisualBuilder:Build (QuizBattle.Characters.CharacterVisual&,UnityEngine.Transform) (at Assets/Scripts/Arena/Visuals/CharacterVisualBuilder.cs:32)
QuizBattle.Arena.CharacterToken:Create (string,QuizBattle.Characters.CharacterVisual&,UnityEngine.Vector3) (at Assets/Scripts/Arena/CharacterToken.cs:54)
QuizBattle.GameState.GameManager:RunAutoPlayMatch (int,int) (at Assets/Scripts/GameState/GameManager.cs:76)
CaptureCurrentArena:Capture () (at Assets/Editor/CaptureCurrentArena.cs:22)

[Assets/Scripts/GameState/GameManager.cs line 76]

ShieldCore: Destroy may not be called from edit mode! Use DestroyImmediate instead.
Destroying an object in edit mode destroys it permanently
UnityEngine.Debug:ExtractStackTraceNoAlloc (byte*,int,string)
UnityEngine.StackTraceUtility:ExtractStackTrace ()
UnityEngine.Object:Destroy (UnityEngine.Object,single)
UnityEngine.Object:Destroy (UnityEngine.Object)
QuizBattle.Arena.Visuals.CharacterVisualBuilder:CreatePrimitivePart (UnityEngine.Transform,string,UnityEngine.PrimitiveType,UnityEngine.Vector3,UnityEngine.Quaternion,UnityEngine.Vector3,UnityEngine.Material,System.Collections.Generic.List`1<UnityEngine.Renderer>) (at Assets/Scripts/Arena/Visuals/CharacterVisualBuilder.cs:340)
QuizBattle.Arena.Visuals.CharacterVisualBuilder:BuildAegis (UnityEngine.Transform,QuizBattle.Characters.CharacterVisual&,System.Collections.Generic.List`1<UnityEngine.Renderer>,QuizBattle.Arena.Visuals.TokenIdleAnimator) (at Assets/Scripts/Arena/Visuals/CharacterVisualBuilder.cs:154)
QuizBattle.Arena.Visuals.CharacterVisualBuilder:Build (QuizBattle.Characters.CharacterVisual&,UnityEngine.Transform) (at Assets/Scripts/Arena/Visuals/CharacterVisualBuilder.cs:32)
QuizBattle.Arena.CharacterToken:Create (string,QuizBattle.Characters.CharacterVisual&,UnityEngine.Vector3) (at Assets/Scripts/Arena/CharacterToken.cs:54)
QuizBattle.GameState.GameManager:RunAutoPlayMatch (int,int) (at Assets/Scripts/GameState/GameManager.cs:76)
CaptureCurrentArena:Capture () (at Assets/Editor/CaptureCurrentArena.cs:22)

[Assets/Scripts/GameState/GameManager.cs line 76]

PowerFist: Destroy may not be called from edit mode! Use DestroyImmediate instead.
Destroying an object in edit mode destroys it permanently
UnityEngine.Debug:ExtractStackTraceNoAlloc (byte*,int,string)
UnityEngine.StackTraceUtility:ExtractStackTrace ()
UnityEngine.Object:Destroy (UnityEngine.Object,single)
UnityEngine.Object:Destroy (UnityEngine.Object)
QuizBattle.Arena.Visuals.CharacterVisualBuilder:CreatePrimitivePart (UnityEngine.Transform,string,UnityEngine.PrimitiveType,UnityEngine.Vector3,UnityEngine.Quaternion,UnityEngine.Vector3,UnityEngine.Material,System.Collections.Generic.List`1<UnityEngine.Renderer>) (at Assets/Scripts/Arena/Visuals/CharacterVisualBuilder.cs:340)
QuizBattle.Arena.Visuals.CharacterVisualBuilder:BuildAegis (UnityEngine.Transform,QuizBattle.Characters.CharacterVisual&,System.Collections.Generic.List`1<UnityEngine.Renderer>,QuizBattle.Arena.Visuals.TokenIdleAnimator) (at Assets/Scripts/Arena/Visuals/CharacterVisualBuilder.cs:158)
QuizBattle.Arena.Visuals.CharacterVisualBuilder:Build (QuizBattle.Characters.CharacterVisual&,UnityEngine.Transform) (at Assets/Scripts/Arena/Visuals/CharacterVisualBuilder.cs:32)
QuizBattle.Arena.CharacterToken:Create (string,QuizBattle.Characters.CharacterVisual&,UnityEngine.Vector3) (at Assets/Scripts/Arena/CharacterToken.cs:54)
QuizBattle.GameState.GameManager:RunAutoPlayMatch (int,int) (at Assets/Scripts/GameState/GameManager.cs:76)
CaptureCurrentArena:Capture () (at Assets/Editor/CaptureCurrentArena.cs:22)

[Assets/Scripts/GameState/GameManager.cs line 76]

LegL: Destroy may not be called from edit mode! Use DestroyImmediate instead.
Destroying an object in edit mode destroys it permanently
UnityEngine.Debug:ExtractStackTraceNoAlloc (byte*,int,string)
UnityEngine.StackTraceUtility:ExtractStackTrace ()
UnityEngine.Object:Destroy (UnityEngine.Object,single)
UnityEngine.Object:Destroy (UnityEngine.Object)
QuizBattle.Arena.Visuals.CharacterVisualBuilder:CreatePrimitivePart (UnityEngine.Transform,string,UnityEngine.PrimitiveType,UnityEngine.Vector3,UnityEngine.Quaternion,UnityEngine.Vector3,UnityEngine.Material,System.Collections.Generic.List`1<UnityEngine.Renderer>) (at Assets/Scripts/Arena/Visuals/CharacterVisualBuilder.cs:340)
QuizBattle.Arena.Visuals.CharacterVisualBuilder:BuildAegis (UnityEngine.Transform,QuizBattle.Characters.CharacterVisual&,System.Collections.Generic.List`1<UnityEngine.Renderer>,QuizBattle.Arena.Visuals.TokenIdleAnimator) (at Assets/Scripts/Arena/Visuals/CharacterVisualBuilder.cs:161)
QuizBattle.Arena.Visuals.CharacterVisualBuilder:Build (QuizBattle.Characters.CharacterVisual&,UnityEngine.Transform) (at Assets/Scripts/Arena/Visuals/CharacterVisualBuilder.cs:32)
QuizBattle.Arena.CharacterToken:Create (string,QuizBattle.Characters.CharacterVisual&,UnityEngine.Vector3) (at Assets/Scripts/Arena/CharacterToken.cs:54)
QuizBattle.GameState.GameManager:RunAutoPlayMatch (int,int) (at Assets/Scripts/GameState/GameManager.cs:76)
CaptureCurrentArena:Capture () (at Assets/Editor/CaptureCurrentArena.cs:22)

[Assets/Scripts/GameState/GameManager.cs line 76]

LegR: Destroy may not be called from edit mode! Use DestroyImmediate instead.
Destroying an object in edit mode destroys it permanently
UnityEngine.Debug:ExtractStackTraceNoAlloc (byte*,int,string)
UnityEngine.StackTraceUtility:ExtractStackTrace ()
UnityEngine.Object:Destroy (UnityEngine.Object,single)
UnityEngine.Object:Destroy (UnityEngine.Object)
QuizBattle.Arena.Visuals.CharacterVisualBuilder:CreatePrimitivePart (UnityEngine.Transform,string,UnityEngine.PrimitiveType,UnityEngine.Vector3,UnityEngine.Quaternion,UnityEngine.Vector3,UnityEngine.Material,System.Collections.Generic.List`1<UnityEngine.Renderer>) (at Assets/Scripts/Arena/Visuals/CharacterVisualBuilder.cs:340)
QuizBattle.Arena.Visuals.CharacterVisualBuilder:BuildAegis (UnityEngine.Transform,QuizBattle.Characters.CharacterVisual&,System.Collections.Generic.List`1<UnityEngine.Renderer>,QuizBattle.Arena.Visuals.TokenIdleAnimator) (at Assets/Scripts/Arena/Visuals/CharacterVisualBuilder.cs:162)
QuizBattle.Arena.Visuals.CharacterVisualBuilder:Build (QuizBattle.Characters.CharacterVisual&,UnityEngine.Transform) (at Assets/Scripts/Arena/Visuals/CharacterVisualBuilder.cs:32)
QuizBattle.Arena.CharacterToken:Create (string,QuizBattle.Characters.CharacterVisual&,UnityEngine.Vector3) (at Assets/Scripts/Arena/CharacterToken.cs:54)
QuizBattle.GameState.GameManager:RunAutoPlayMatch (int,int) (at Assets/Scripts/GameState/GameManager.cs:76)
CaptureCurrentArena:Capture () (at Assets/Editor/CaptureCurrentArena.cs:22)

[Assets/Scripts/GameState/GameManager.cs line 76]

FootL: Destroy may not be called from edit mode! Use DestroyImmediate instead.
Destroying an object in edit mode destroys it permanently
UnityEngine.Debug:ExtractStackTraceNoAlloc (byte*,int,string)
UnityEngine.StackTraceUtility:ExtractStackTrace ()
UnityEngine.Object:Destroy (UnityEngine.Object,single)
UnityEngine.Object:Destroy (UnityEngine.Object)
QuizBattle.Arena.Visuals.CharacterVisualBuilder:CreatePrimitivePart (UnityEngine.Transform,string,UnityEngine.PrimitiveType,UnityEngine.Vector3,UnityEngine.Quaternion,UnityEngine.Vector3,UnityEngine.Material,System.Collections.Generic.List`1<UnityEngine.Renderer>) (at Assets/Scripts/Arena/Visuals/CharacterVisualBuilder.cs:340)
QuizBattle.Arena.Visuals.CharacterVisualBuilder:BuildAegis (UnityEngine.Transform,QuizBattle.Characters.CharacterVisual&,System.Collections.Generic.List`1<UnityEngine.Renderer>,QuizBattle.Arena.Visuals.TokenIdleAnimator) (at Assets/Scripts/Arena/Visuals/CharacterVisualBuilder.cs:163)
QuizBattle.Arena.Visuals.CharacterVisualBuilder:Build (QuizBattle.Characters.CharacterVisual&,UnityEngine.Transform) (at Assets/Scripts/Arena/Visuals/CharacterVisualBuilder.cs:32)
QuizBattle.Arena.CharacterToken:Create (string,QuizBattle.Characters.CharacterVisual&,UnityEngine.Vector3) (at Assets/Scripts/Arena/CharacterToken.cs:54)
QuizBattle.GameState.GameManager:RunAutoPlayMatch (int,int) (at Assets/Scripts/GameState/GameManager.cs:76)
CaptureCurrentArena:Capture () (at Assets/Editor/CaptureCurrentArena.cs:22)

[Assets/Scripts/GameState/GameManager.cs line 76]

FootR: Destroy may not be called from edit mode! Use DestroyImmediate instead.
Destroying an object in edit mode destroys it permanently
UnityEngine.Debug:ExtractStackTraceNoAlloc (byte*,int,string)
UnityEngine.StackTraceUtility:ExtractStackTrace ()
UnityEngine.Object:Destroy (UnityEngine.Object,single)
UnityEngine.Object:Destroy (UnityEngine.Object)
QuizBattle.Arena.Visuals.CharacterVisualBuilder:CreatePrimitivePart (UnityEngine.Transform,string,UnityEngine.PrimitiveType,UnityEngine.Vector3,UnityEngine.Quaternion,UnityEngine.Vector3,UnityEngine.Material,System.Collections.Generic.List`1<UnityEngine.Renderer>) (at Assets/Scripts/Arena/Visuals/CharacterVisualBuilder.cs:340)
QuizBattle.Arena.Visuals.CharacterVisualBuilder:BuildAegis (UnityEngine.Transform,QuizBattle.Characters.CharacterVisual&,System.Collections.Generic.List`1<UnityEngine.Renderer>,QuizBattle.Arena.Visuals.TokenIdleAnimator) (at Assets/Scripts/Arena/Visuals/CharacterVisualBuilder.cs:164)
QuizBattle.Arena.Visuals.CharacterVisualBuilder:Build (QuizBattle.Characters.CharacterVisual&,UnityEngine.Transform) (at Assets/Scripts/Arena/Visuals/CharacterVisualBuilder.cs:32)
QuizBattle.Arena.CharacterToken:Create (string,QuizBattle.Characters.CharacterVisual&,UnityEngine.Vector3) (at Assets/Scripts/Arena/CharacterToken.cs:54)
QuizBattle.GameState.GameManager:RunAutoPlayMatch (int,int) (at Assets/Scripts/GameState/GameManager.cs:76)
CaptureCurrentArena:Capture () (at Assets/Editor/CaptureCurrentArena.cs:22)

[Assets/Scripts/GameState/GameManager.cs line 76]

BlobShadow: Destroy may not be called from edit mode! Use DestroyImmediate instead.
Destroying an object in edit mode destroys it permanently
UnityEngine.Debug:ExtractStackTraceNoAlloc (byte*,int,string)
UnityEngine.StackTraceUtility:ExtractStackTrace ()
UnityEngine.Object:Destroy (UnityEngine.Object,single)
UnityEngine.Object:Destroy (UnityEngine.Object)
QuizBattle.Arena.Visuals.CharacterVisualBuilder:CreatePrimitivePart (UnityEngine.Transform,string,UnityEngine.PrimitiveType,UnityEngine.Vector3,UnityEngine.Quaternion,UnityEngine.Vector3,UnityEngine.Material,System.Collections.Generic.List`1<UnityEngine.Renderer>) (at Assets/Scripts/Arena/Visuals/CharacterVisualBuilder.cs:340)
QuizBattle.Arena.Visuals.CharacterVisualBuilder:AddGroundDisc (UnityEngine.Transform,UnityEngine.Color,System.Collections.Generic.List`1<UnityEngine.Renderer>,single) (at Assets/Scripts/Arena/Visuals/CharacterVisualBuilder.cs:307)
QuizBattle.Arena.Visuals.CharacterVisualBuilder:BuildAegis (UnityEngine.Transform,QuizBattle.Characters.CharacterVisual&,System.Collections.Generic.List`1<UnityEngine.Renderer>,QuizBattle.Arena.Visuals.TokenIdleAnimator) (at Assets/Scripts/Arena/Visuals/CharacterVisualBuilder.cs:166)
QuizBattle.Arena.Visuals.CharacterVisualBuilder:Build (QuizBattle.Characters.CharacterVisual&,UnityEngine.Transform) (at Assets/Scripts/Arena/Visuals/CharacterVisualBuilder.cs:32)
QuizBattle.Arena.CharacterToken:Create (string,QuizBattle.Characters.CharacterVisual&,UnityEngine.Vector3) (at Assets/Scripts/Arena/CharacterToken.cs:54)
QuizBattle.GameState.GameManager:RunAutoPlayMatch (int,int) (at Assets/Scripts/GameState/GameManager.cs:76)
CaptureCurrentArena:Capture () (at Assets/Editor/CaptureCurrentArena.cs:22)

[Assets/Scripts/GameState/GameManager.cs line 76]

Instantiating material due to calling renderer.material during edit mode. This will leak materials into the scene. You most likely want to use renderer.sharedMaterial instead.
UnityEngine.Debug:ExtractStackTraceNoAlloc (byte*,int,string)
UnityEngine.StackTraceUtility:ExtractStackTrace ()
UnityEngine.Renderer:GetMaterial ()
UnityEngine.Renderer:get_material ()
TMPro.TextMeshPro:SetOutlineThickness (single) (at ./Library/PackageCache/com.unity.ugui@67707a67a4ab/Runtime/TMP/TextMeshPro.cs:1318)
TMPro.TMP_Text:set_outlineWidth (single) (at ./Library/PackageCache/com.unity.ugui@67707a67a4ab/Runtime/TMP/TMP_Text.cs:450)
QuizBattle.Arena.CharacterToken:CreateNameLabel (UnityEngine.Transform) (at Assets/Scripts/Arena/CharacterToken.cs:139)
QuizBattle.Arena.CharacterToken:Create (string,QuizBattle.Characters.CharacterVisual&,UnityEngine.Vector3) (at Assets/Scripts/Arena/CharacterToken.cs:61)
QuizBattle.GameState.GameManager:RunAutoPlayMatch (int,int) (at Assets/Scripts/GameState/GameManager.cs:76)
CaptureCurrentArena:Capture () (at Assets/Editor/CaptureCurrentArena.cs:22)

[Assets/Scripts/GameState/GameManager.cs line 76]

HpBarFrame: Destroy may not be called from edit mode! Use DestroyImmediate instead.
Destroying an object in edit mode destroys it permanently
UnityEngine.Debug:ExtractStackTraceNoAlloc (byte*,int,string)
UnityEngine.StackTraceUtility:ExtractStackTrace ()
UnityEngine.Object:Destroy (UnityEngine.Object,single)
UnityEngine.Object:Destroy (UnityEngine.Object)
QuizBattle.Arena.CharacterToken:CreateHpBar (UnityEngine.Transform,UnityEngine.Color) (at Assets/Scripts/Arena/CharacterToken.cs:155)
QuizBattle.Arena.CharacterToken:Create (string,QuizBattle.Characters.CharacterVisual&,UnityEngine.Vector3) (at Assets/Scripts/Arena/CharacterToken.cs:62)
QuizBattle.GameState.GameManager:RunAutoPlayMatch (int,int) (at Assets/Scripts/GameState/GameManager.cs:76)
CaptureCurrentArena:Capture () (at Assets/Editor/CaptureCurrentArena.cs:22)

[Assets/Scripts/GameState/GameManager.cs line 76]

HpBarBg: Destroy may not be called from edit mode! Use DestroyImmediate instead.
Destroying an object in edit mode destroys it permanently
UnityEngine.Debug:ExtractStackTraceNoAlloc (byte*,int,string)
UnityEngine.StackTraceUtility:ExtractStackTrace ()
UnityEngine.Object:Destroy (UnityEngine.Object,single)
UnityEngine.Object:Destroy (UnityEngine.Object)
QuizBattle.Arena.CharacterToken:CreateHpBar (UnityEngine.Transform,UnityEngine.Color) (at Assets/Scripts/Arena/CharacterToken.cs:174)
QuizBattle.Arena.CharacterToken:Create (string,QuizBattle.Characters.CharacterVisual&,UnityEngine.Vector3) (at Assets/Scripts/Arena/CharacterToken.cs:62)
QuizBattle.GameState.GameManager:RunAutoPlayMatch (int,int) (at Assets/Scripts/GameState/GameManager.cs:76)
CaptureCurrentArena:Capture () (at Assets/Editor/CaptureCurrentArena.cs:22)

[Assets/Scripts/GameState/GameManager.cs line 76]

HpBarFill: Destroy may not be called from edit mode! Use DestroyImmediate instead.
Destroying an object in edit mode destroys it permanently
UnityEngine.Debug:ExtractStackTraceNoAlloc (byte*,int,string)
UnityEngine.StackTraceUtility:ExtractStackTrace ()
UnityEngine.Object:Destroy (UnityEngine.Object,single)
UnityEngine.Object:Destroy (UnityEngine.Object)
QuizBattle.Arena.CharacterToken:CreateHpBar (UnityEngine.Transform,UnityEngine.Color) (at Assets/Scripts/Arena/CharacterToken.cs:197)
QuizBattle.Arena.CharacterToken:Create (string,QuizBattle.Characters.CharacterVisual&,UnityEngine.Vector3) (at Assets/Scripts/Arena/CharacterToken.cs:62)
QuizBattle.GameState.GameManager:RunAutoPlayMatch (int,int) (at Assets/Scripts/GameState/GameManager.cs:76)
CaptureCurrentArena:Capture () (at Assets/Editor/CaptureCurrentArena.cs:22)

[Assets/Scripts/GameState/GameManager.cs line 76]

MainIceCube: Destroy may not be called from edit mode! Use DestroyImmediate instead.
Destroying an object in edit mode destroys it permanently
UnityEngine.Debug:ExtractStackTraceNoAlloc (byte*,int,string)
UnityEngine.StackTraceUtility:ExtractStackTrace ()
UnityEngine.Object:Destroy (UnityEngine.Object,single)
UnityEngine.Object:Destroy (UnityEngine.Object)
QuizBattle.Arena.CharacterToken:CreateFrozenIndicator (UnityEngine.Transform) (at Assets/Scripts/Arena/CharacterToken.cs:96)
QuizBattle.Arena.CharacterToken:Create (string,QuizBattle.Characters.CharacterVisual&,UnityEngine.Vector3) (at Assets/Scripts/Arena/CharacterToken.cs:63)
QuizBattle.GameState.GameManager:RunAutoPlayMatch (int,int) (at Assets/Scripts/GameState/GameManager.cs:76)
CaptureCurrentArena:Capture () (at Assets/Editor/CaptureCurrentArena.cs:22)

[Assets/Scripts/GameState/GameManager.cs line 76]

IceSpike_0: Destroy may not be called from edit mode! Use DestroyImmediate instead.
Destroying an object in edit mode destroys it permanently
UnityEngine.Debug:ExtractStackTraceNoAlloc (byte*,int,string)
UnityEngine.StackTraceUtility:ExtractStackTrace ()
UnityEngine.Object:Destroy (UnityEngine.Object,single)
UnityEngine.Object:Destroy (UnityEngine.Object)
QuizBattle.Arena.CharacterToken:CreateFrozenIndicator (UnityEngine.Transform) (at Assets/Scripts/Arena/CharacterToken.cs:109)
QuizBattle.Arena.CharacterToken:Create (string,QuizBattle.Characters.CharacterVisual&,UnityEngine.Vector3) (at Assets/Scripts/Arena/CharacterToken.cs:63)
QuizBattle.GameState.GameManager:RunAutoPlayMatch (int,int) (at Assets/Scripts/GameState/GameManager.cs:76)
CaptureCurrentArena:Capture () (at Assets/Editor/CaptureCurrentArena.cs:22)

[Assets/Scripts/GameState/GameManager.cs line 76]

IceSpike_1: Destroy may not be called from edit mode! Use DestroyImmediate instead.
Destroying an object in edit mode destroys it permanently
UnityEngine.Debug:ExtractStackTraceNoAlloc (byte*,int,string)
UnityEngine.StackTraceUtility:ExtractStackTrace ()
UnityEngine.Object:Destroy (UnityEngine.Object,single)
UnityEngine.Object:Destroy (UnityEngine.Object)
QuizBattle.Arena.CharacterToken:CreateFrozenIndicator (UnityEngine.Transform) (at Assets/Scripts/Arena/CharacterToken.cs:109)
QuizBattle.Arena.CharacterToken:Create (string,QuizBattle.Characters.CharacterVisual&,UnityEngine.Vector3) (at Assets/Scripts/Arena/CharacterToken.cs:63)
QuizBattle.GameState.GameManager:RunAutoPlayMatch (int,int) (at Assets/Scripts/GameState/GameManager.cs:76)
CaptureCurrentArena:Capture () (at Assets/Editor/CaptureCurrentArena.cs:22)

[Assets/Scripts/GameState/GameManager.cs line 76]

IceSpike_2: Destroy may not be called from edit mode! Use DestroyImmediate instead.
Destroying an object in edit mode destroys it permanently
UnityEngine.Debug:ExtractStackTraceNoAlloc (byte*,int,string)
UnityEngine.StackTraceUtility:ExtractStackTrace ()
UnityEngine.Object:Destroy (UnityEngine.Object,single)
UnityEngine.Object:Destroy (UnityEngine.Object)
QuizBattle.Arena.CharacterToken:CreateFrozenIndicator (UnityEngine.Transform) (at Assets/Scripts/Arena/CharacterToken.cs:109)
QuizBattle.Arena.CharacterToken:Create (string,QuizBattle.Characters.CharacterVisual&,UnityEngine.Vector3) (at Assets/Scripts/Arena/CharacterToken.cs:63)
QuizBattle.GameState.GameManager:RunAutoPlayMatch (int,int) (at Assets/Scripts/GameState/GameManager.cs:76)
CaptureCurrentArena:Capture () (at Assets/Editor/CaptureCurrentArena.cs:22)

[Assets/Scripts/GameState/GameManager.cs line 76]

IceSpike_3: Destroy may not be called from edit mode! Use DestroyImmediate instead.
Destroying an object in edit mode destroys it permanently
UnityEngine.Debug:ExtractStackTraceNoAlloc (byte*,int,string)
UnityEngine.StackTraceUtility:ExtractStackTrace ()
UnityEngine.Object:Destroy (UnityEngine.Object,single)
UnityEngine.Object:Destroy (UnityEngine.Object)
QuizBattle.Arena.CharacterToken:CreateFrozenIndicator (UnityEngine.Transform) (at Assets/Scripts/Arena/CharacterToken.cs:109)
QuizBattle.Arena.CharacterToken:Create (string,QuizBattle.Characters.CharacterVisual&,UnityEngine.Vector3) (at Assets/Scripts/Arena/CharacterToken.cs:63)
QuizBattle.GameState.GameManager:RunAutoPlayMatch (int,int) (at Assets/Scripts/GameState/GameManager.cs:76)
CaptureCurrentArena:Capture () (at Assets/Editor/CaptureCurrentArena.cs:22)

[Assets/Scripts/GameState/GameManager.cs line 76]

FrostRing: Destroy may not be called from edit mode! Use DestroyImmediate instead.
Destroying an object in edit mode destroys it permanently
UnityEngine.Debug:ExtractStackTraceNoAlloc (byte*,int,string)
UnityEngine.StackTraceUtility:ExtractStackTrace ()
UnityEngine.Object:Destroy (UnityEngine.Object,single)
UnityEngine.Object:Destroy (UnityEngine.Object)
QuizBattle.Arena.CharacterToken:CreateFrozenIndicator (UnityEngine.Transform) (at Assets/Scripts/Arena/CharacterToken.cs:119)
QuizBattle.Arena.CharacterToken:Create (string,QuizBattle.Characters.CharacterVisual&,UnityEngine.Vector3) (at Assets/Scripts/Arena/CharacterToken.cs:63)
QuizBattle.GameState.GameManager:RunAutoPlayMatch (int,int) (at Assets/Scripts/GameState/GameManager.cs:76)
CaptureCurrentArena:Capture () (at Assets/Editor/CaptureCurrentArena.cs:22)

[Assets/Scripts/GameState/GameManager.cs line 76]

Torso: Destroy may not be called from edit mode! Use DestroyImmediate instead.
Destroying an object in edit mode destroys it permanently
UnityEngine.Debug:ExtractStackTraceNoAlloc (byte*,int,string)
UnityEngine.StackTraceUtility:ExtractStackTrace ()
UnityEngine.Object:Destroy (UnityEngine.Object,single)
UnityEngine.Object:Destroy (UnityEngine.Object)
QuizBattle.Arena.Visuals.CharacterVisualBuilder:CreatePrimitivePart (UnityEngine.Transform,string,UnityEngine.PrimitiveType,UnityEngine.Vector3,UnityEngine.Quaternion,UnityEngine.Vector3,UnityEngine.Material,System.Collections.Generic.List`1<UnityEngine.Renderer>) (at Assets/Scripts/Arena/Visuals/CharacterVisualBuilder.cs:340)
QuizBattle.Arena.Visuals.CharacterVisualBuilder:BuildBlaze (UnityEngine.Transform,QuizBattle.Characters.CharacterVisual&,System.Collections.Generic.List`1<UnityEngine.Renderer>,QuizBattle.Arena.Visuals.TokenIdleAnimator) (at Assets/Scripts/Arena/Visuals/CharacterVisualBuilder.cs:65)
QuizBattle.Arena.Visuals.CharacterVisualBuilder:Build (QuizBattle.Characters.CharacterVisual&,UnityEngine.Transform) (at Assets/Scripts/Arena/Visuals/CharacterVisualBuilder.cs:29)
QuizBattle.Arena.CharacterToken:Create (string,QuizBattle.Characters.CharacterVisual&,UnityEngine.Vector3) (at Assets/Scripts/Arena/CharacterToken.cs:54)
QuizBattle.GameState.GameManager:RunAutoPlayMatch (int,int) (at Assets/Scripts/GameState/GameManager.cs:76)
CaptureCurrentArena:Capture () (at Assets/Editor/CaptureCurrentArena.cs:22)

[Assets/Scripts/GameState/GameManager.cs line 76]

ChestPlate: Destroy may not be called from edit mode! Use DestroyImmediate instead.
Destroying an object in edit mode destroys it permanently
UnityEngine.Debug:ExtractStackTraceNoAlloc (byte*,int,string)
UnityEngine.StackTraceUtility:ExtractStackTrace ()
UnityEngine.Object:Destroy (UnityEngine.Object,single)
UnityEngine.Object:Destroy (UnityEngine.Object)
QuizBattle.Arena.Visuals.CharacterVisualBuilder:CreatePrimitivePart (UnityEngine.Transform,string,UnityEngine.PrimitiveType,UnityEngine.Vector3,UnityEngine.Quaternion,UnityEngine.Vector3,UnityEngine.Material,System.Collections.Generic.List`1<UnityEngine.Renderer>) (at Assets/Scripts/Arena/Visuals/CharacterVisualBuilder.cs:340)
QuizBattle.Arena.Visuals.CharacterVisualBuilder:BuildBlaze (UnityEngine.Transform,QuizBattle.Characters.CharacterVisual&,System.Collections.Generic.List`1<UnityEngine.Renderer>,QuizBattle.Arena.Visuals.TokenIdleAnimator) (at Assets/Scripts/Arena/Visuals/CharacterVisualBuilder.cs:66)
QuizBattle.Arena.Visuals.CharacterVisualBuilder:Build (QuizBattle.Characters.CharacterVisual&,UnityEngine.Transform) (at Assets/Scripts/Arena/Visuals/CharacterVisualBuilder.cs:29)
QuizBattle.Arena.CharacterToken:Create (string,QuizBattle.Characters.CharacterVisual&,UnityEngine.Vector3) (at Assets/Scripts/Arena/CharacterToken.cs:54)
QuizBattle.GameState.GameManager:RunAutoPlayMatch (int,int) (at Assets/Scripts/GameState/GameManager.cs:76)
CaptureCurrentArena:Capture () (at Assets/Editor/CaptureCurrentArena.cs:22)

[Assets/Scripts/GameState/GameManager.cs line 76]

CoreGem: Destroy may not be called from edit mode! Use DestroyImmediate instead.
Destroying an object in edit mode destroys it permanently
UnityEngine.Debug:ExtractStackTraceNoAlloc (byte*,int,string)
UnityEngine.StackTraceUtility:ExtractStackTrace ()
UnityEngine.Object:Destroy (UnityEngine.Object,single)
UnityEngine.Object:Destroy (UnityEngine.Object)
QuizBattle.Arena.Visuals.CharacterVisualBuilder:CreatePrimitivePart (UnityEngine.Transform,string,UnityEngine.PrimitiveType,UnityEngine.Vector3,UnityEngine.Quaternion,UnityEngine.Vector3,UnityEngine.Material,System.Collections.Generic.List`1<UnityEngine.Renderer>) (at Assets/Scripts/Arena/Visuals/CharacterVisualBuilder.cs:340)
QuizBattle.Arena.Visuals.CharacterVisualBuilder:BuildBlaze (UnityEngine.Transform,QuizBattle.Characters.CharacterVisual&,System.Collections.Generic.List`1<UnityEngine.Renderer>,QuizBattle.Arena.Visuals.TokenIdleAnimator) (at Assets/Scripts/Arena/Visuals/CharacterVisualBuilder.cs:67)
QuizBattle.Arena.Visuals.CharacterVisualBuilder:Build (QuizBattle.Characters.CharacterVisual&,UnityEngine.Transform) (at Assets/Scripts/Arena/Visuals/CharacterVisualBuilder.cs:29)
QuizBattle.Arena.CharacterToken:Create (string,QuizBattle.Characters.CharacterVisual&,UnityEngine.Vector3) (at Assets/Scripts/Arena/CharacterToken.cs:54)
QuizBattle.GameState.GameManager:RunAutoPlayMatch (int,int) (at Assets/Scripts/GameState/GameManager.cs:76)
CaptureCurrentArena:Capture () (at Assets/Editor/CaptureCurrentArena.cs:22)

[Assets/Scripts/GameState/GameManager.cs line 76]

Cape: Destroy may not be called from edit mode! Use DestroyImmediate instead.
Destroying an object in edit mode destroys it permanently
UnityEngine.Debug:ExtractStackTraceNoAlloc (byte*,int,string)
UnityEngine.StackTraceUtility:ExtractStackTrace ()
UnityEngine.Object:Destroy (UnityEngine.Object,single)
UnityEngine.Object:Destroy (UnityEngine.Object)
QuizBattle.Arena.Visuals.CharacterVisualBuilder:CreatePrimitivePart (UnityEngine.Transform,string,UnityEngine.PrimitiveType,UnityEngine.Vector3,UnityEngine.Quaternion,UnityEngine.Vector3,UnityEngine.Material,System.Collections.Generic.List`1<UnityEngine.Renderer>) (at Assets/Scripts/Arena/Visuals/CharacterVisualBuilder.cs:340)
QuizBattle.Arena.Visuals.CharacterVisualBuilder:BuildBlaze (UnityEngine.Transform,QuizBattle.Characters.CharacterVisual&,System.Collections.Generic.List`1<UnityEngine.Renderer>,QuizBattle.Arena.Visuals.TokenIdleAnimator) (at Assets/Scripts/Arena/Visuals/CharacterVisualBuilder.cs:70)
QuizBattle.Arena.Visuals.CharacterVisualBuilder:Build (QuizBattle.Characters.CharacterVisual&,UnityEngine.Transform) (at Assets/Scripts/Arena/Visuals/CharacterVisualBuilder.cs:29)
QuizBattle.Arena.CharacterToken:Create (string,QuizBattle.Characters.CharacterVisual&,UnityEngine.Vector3) (at Assets/Scripts/Arena/CharacterToken.cs:54)
QuizBattle.GameState.GameManager:RunAutoPlayMatch (int,int) (at Assets/Scripts/GameState/GameManager.cs:76)
CaptureCurrentArena:Capture () (at Assets/Editor/CaptureCurrentArena.cs:22)

[Assets/Scripts/GameState/GameManager.cs line 76]

Head: Destroy may not be called from edit mode! Use DestroyImmediate instead.
Destroying an object in edit mode destroys it permanently
UnityEngine.Debug:ExtractStackTraceNoAlloc (byte*,int,string)
UnityEngine.StackTraceUtility:ExtractStackTrace ()
UnityEngine.Object:Destroy (UnityEngine.Object,single)
UnityEngine.Object:Destroy (UnityEngine.Object)
QuizBattle.Arena.Visuals.CharacterVisualBuilder:CreatePrimitivePart (UnityEngine.Transform,string,UnityEngine.PrimitiveType,UnityEngine.Vector3,UnityEngine.Quaternion,UnityEngine.Vector3,UnityEngine.Material,System.Collections.Generic.List`1<UnityEngine.Renderer>) (at Assets/Scripts/Arena/Visuals/CharacterVisualBuilder.cs:340)
QuizBattle.Arena.Visuals.CharacterVisualBuilder:BuildBlaze (UnityEngine.Transform,QuizBattle.Characters.CharacterVisual&,System.Collections.Generic.List`1<UnityEngine.Renderer>,QuizBattle.Arena.Visuals.TokenIdleAnimator) (at Assets/Scripts/Arena/Visuals/CharacterVisualBuilder.cs:73)
QuizBattle.Arena.Visuals.CharacterVisualBuilder:Build (QuizBattle.Characters.CharacterVisual&,UnityEngine.Transform) (at Assets/Scripts/Arena/Visuals/CharacterVisualBuilder.cs:29)
QuizBattle.Arena.CharacterToken:Create (string,QuizBattle.Characters.CharacterVisual&,UnityEngine.Vector3) (at Assets/Scripts/Arena/CharacterToken.cs:54)
QuizBattle.GameState.GameManager:RunAutoPlayMatch (int,int) (at Assets/Scripts/GameState/GameManager.cs:76)
CaptureCurrentArena:Capture () (at Assets/Editor/CaptureCurrentArena.cs:22)

[Assets/Scripts/GameState/GameManager.cs line 76]

EyeL: Destroy may not be called from edit mode! Use DestroyImmediate instead.
Destroying an object in edit mode destroys it permanently
UnityEngine.Debug:ExtractStackTraceNoAlloc (byte*,int,string)
UnityEngine.StackTraceUtility:ExtractStackTrace ()
UnityEngine.Object:Destroy (UnityEngine.Object,single)
UnityEngine.Object:Destroy (UnityEngine.Object)
QuizBattle.Arena.Visuals.CharacterVisualBuilder:CreatePrimitivePart (UnityEngine.Transform,string,UnityEngine.PrimitiveType,UnityEngine.Vector3,UnityEngine.Quaternion,UnityEngine.Vector3,UnityEngine.Material,System.Collections.Generic.List`1<UnityEngine.Renderer>) (at Assets/Scripts/Arena/Visuals/CharacterVisualBuilder.cs:340)
QuizBattle.Arena.Visuals.CharacterVisualBuilder:BuildBlaze (UnityEngine.Transform,QuizBattle.Characters.CharacterVisual&,System.Collections.Generic.List`1<UnityEngine.Renderer>,QuizBattle.Arena.Visuals.TokenIdleAnimator) (at Assets/Scripts/Arena/Visuals/CharacterVisualBuilder.cs:74)
QuizBattle.Arena.Visuals.CharacterVisualBuilder:Build (QuizBattle.Characters.CharacterVisual&,UnityEngine.Transform) (at Assets/Scripts/Arena/Visuals/CharacterVisualBuilder.cs:29)
QuizBattle.Arena.CharacterToken:Create (string,QuizBattle.Characters.CharacterVisual&,UnityEngine.Vector3) (at Assets/Scripts/Arena/CharacterToken.cs:54)
QuizBattle.GameState.GameManager:RunAutoPlayMatch (int,int) (at Assets/Scripts/GameState/GameManager.cs:76)
CaptureCurrentArena:Capture () (at Assets/Editor/CaptureCurrentArena.cs:22)

[Assets/Scripts/GameState/GameManager.cs line 76]

EyeR: Destroy may not be called from edit mode! Use DestroyImmediate instead.
Destroying an object in edit mode destroys it permanently
UnityEngine.Debug:ExtractStackTraceNoAlloc (byte*,int,string)
UnityEngine.StackTraceUtility:ExtractStackTrace ()
UnityEngine.Object:Destroy (UnityEngine.Object,single)
UnityEngine.Object:Destroy (UnityEngine.Object)
QuizBattle.Arena.Visuals.CharacterVisualBuilder:CreatePrimitivePart (UnityEngine.Transform,string,UnityEngine.PrimitiveType,UnityEngine.Vector3,UnityEngine.Quaternion,UnityEngine.Vector3,UnityEngine.Material,System.Collections.Generic.List`1<UnityEngine.Renderer>) (at Assets/Scripts/Arena/Visuals/CharacterVisualBuilder.cs:340)
QuizBattle.Arena.Visuals.CharacterVisualBuilder:BuildBlaze (UnityEngine.Transform,QuizBattle.Characters.CharacterVisual&,System.Collections.Generic.List`1<UnityEngine.Renderer>,QuizBattle.Arena.Visuals.TokenIdleAnimator) (at Assets/Scripts/Arena/Visuals/CharacterVisualBuilder.cs:75)
QuizBattle.Arena.Visuals.CharacterVisualBuilder:Build (QuizBattle.Characters.CharacterVisual&,UnityEngine.Transform) (at Assets/Scripts/Arena/Visuals/CharacterVisualBuilder.cs:29)
QuizBattle.Arena.CharacterToken:Create (string,QuizBattle.Characters.CharacterVisual&,UnityEngine.Vector3) (at Assets/Scripts/Arena/CharacterToken.cs:54)
QuizBattle.GameState.GameManager:RunAutoPlayMatch (int,int) (at Assets/Scripts/GameState/GameManager.cs:76)
CaptureCurrentArena:Capture () (at Assets/Editor/CaptureCurrentArena.cs:22)

[Assets/Scripts/GameState/GameManager.cs line 76]

HelmetDome: Destroy may not be called from edit mode! Use DestroyImmediate instead.
Destroying an object in edit mode destroys it permanently
UnityEngine.Debug:ExtractStackTraceNoAlloc (byte*,int,string)
UnityEngine.StackTraceUtility:ExtractStackTrace ()
UnityEngine.Object:Destroy (UnityEngine.Object,single)
UnityEngine.Object:Destroy (UnityEngine.Object)
QuizBattle.Arena.Visuals.CharacterVisualBuilder:CreatePrimitivePart (UnityEngine.Transform,string,UnityEngine.PrimitiveType,UnityEngine.Vector3,UnityEngine.Quaternion,UnityEngine.Vector3,UnityEngine.Material,System.Collections.Generic.List`1<UnityEngine.Renderer>) (at Assets/Scripts/Arena/Visuals/CharacterVisualBuilder.cs:340)
QuizBattle.Arena.Visuals.CharacterVisualBuilder:BuildBlaze (UnityEngine.Transform,QuizBattle.Characters.CharacterVisual&,System.Collections.Generic.List`1<UnityEngine.Renderer>,QuizBattle.Arena.Visuals.TokenIdleAnimator) (at Assets/Scripts/Arena/Visuals/CharacterVisualBuilder.cs:78)
QuizBattle.Arena.Visuals.CharacterVisualBuilder:Build (QuizBattle.Characters.CharacterVisual&,UnityEngine.Transform) (at Assets/Scripts/Arena/Visuals/CharacterVisualBuilder.cs:29)
QuizBattle.Arena.CharacterToken:Create (string,QuizBattle.Characters.CharacterVisual&,UnityEngine.Vector3) (at Assets/Scripts/Arena/CharacterToken.cs:54)
QuizBattle.GameState.GameManager:RunAutoPlayMatch (int,int) (at Assets/Scripts/GameState/GameManager.cs:76)
CaptureCurrentArena:Capture () (at Assets/Editor/CaptureCurrentArena.cs:22)

[Assets/Scripts/GameState/GameManager.cs line 76]

HornL: Destroy may not be called from edit mode! Use DestroyImmediate instead.
Destroying an object in edit mode destroys it permanently
UnityEngine.Debug:ExtractStackTraceNoAlloc (byte*,int,string)
UnityEngine.StackTraceUtility:ExtractStackTrace ()
UnityEngine.Object:Destroy (UnityEngine.Object,single)
UnityEngine.Object:Destroy (UnityEngine.Object)
QuizBattle.Arena.Visuals.CharacterVisualBuilder:CreatePrimitivePart (UnityEngine.Transform,string,UnityEngine.PrimitiveType,UnityEngine.Vector3,UnityEngine.Quaternion,UnityEngine.Vector3,UnityEngine.Material,System.Collections.Generic.List`1<UnityEngine.Renderer>) (at Assets/Scripts/Arena/Visuals/CharacterVisualBuilder.cs:340)
QuizBattle.Arena.Visuals.CharacterVisualBuilder:BuildBlaze (UnityEngine.Transform,QuizBattle.Characters.CharacterVisual&,System.Collections.Generic.List`1<UnityEngine.Renderer>,QuizBattle.Arena.Visuals.TokenIdleAnimator) (at Assets/Scripts/Arena/Visuals/CharacterVisualBuilder.cs:79)
QuizBattle.Arena.Visuals.CharacterVisualBuilder:Build (QuizBattle.Characters.CharacterVisual&,UnityEngine.Transform) (at Assets/Scripts/Arena/Visuals/CharacterVisualBuilder.cs:29)
QuizBattle.Arena.CharacterToken:Create (string,QuizBattle.Characters.CharacterVisual&,UnityEngine.Vector3) (at Assets/Scripts/Arena/CharacterToken.cs:54)
QuizBattle.GameState.GameManager:RunAutoPlayMatch (int,int) (at Assets/Scripts/GameState/GameManager.cs:76)
CaptureCurrentArena:Capture () (at Assets/Editor/CaptureCurrentArena.cs:22)

[Assets/Scripts/GameState/GameManager.cs line 76]

HornR: Destroy may not be called from edit mode! Use DestroyImmediate instead.
Destroying an object in edit mode destroys it permanently
UnityEngine.Debug:ExtractStackTraceNoAlloc (byte*,int,string)
UnityEngine.StackTraceUtility:ExtractStackTrace ()
UnityEngine.Object:Destroy (UnityEngine.Object,single)
UnityEngine.Object:Destroy (UnityEngine.Object)
QuizBattle.Arena.Visuals.CharacterVisualBuilder:CreatePrimitivePart (UnityEngine.Transform,string,UnityEngine.PrimitiveType,UnityEngine.Vector3,UnityEngine.Quaternion,UnityEngine.Vector3,UnityEngine.Material,System.Collections.Generic.List`1<UnityEngine.Renderer>) (at Assets/Scripts/Arena/Visuals/CharacterVisualBuilder.cs:340)
QuizBattle.Arena.Visuals.CharacterVisualBuilder:BuildBlaze (UnityEngine.Transform,QuizBattle.Characters.CharacterVisual&,System.Collections.Generic.List`1<UnityEngine.Renderer>,QuizBattle.Arena.Visuals.TokenIdleAnimator) (at Assets/Scripts/Arena/Visuals/CharacterVisualBuilder.cs:80)
QuizBattle.Arena.Visuals.CharacterVisualBuilder:Build (QuizBattle.Characters.CharacterVisual&,UnityEngine.Transform) (at Assets/Scripts/Arena/Visuals/CharacterVisualBuilder.cs:29)
QuizBattle.Arena.CharacterToken:Create (string,QuizBattle.Characters.CharacterVisual&,UnityEngine.Vector3) (at Assets/Scripts/Arena/CharacterToken.cs:54)
QuizBattle.GameState.GameManager:RunAutoPlayMatch (int,int) (at Assets/Scripts/GameState/GameManager.cs:76)
CaptureCurrentArena:Capture () (at Assets/Editor/CaptureCurrentArena.cs:22)

[Assets/Scripts/GameState/GameManager.cs line 76]

ShoulderL: Destroy may not be called from edit mode! Use DestroyImmediate instead.
Destroying an object in edit mode destroys it permanently
UnityEngine.Debug:ExtractStackTraceNoAlloc (byte*,int,string)
UnityEngine.StackTraceUtility:ExtractStackTrace ()
UnityEngine.Object:Destroy (UnityEngine.Object,single)
UnityEngine.Object:Destroy (UnityEngine.Object)
QuizBattle.Arena.Visuals.CharacterVisualBuilder:CreatePrimitivePart (UnityEngine.Transform,string,UnityEngine.PrimitiveType,UnityEngine.Vector3,UnityEngine.Quaternion,UnityEngine.Vector3,UnityEngine.Material,System.Collections.Generic.List`1<UnityEngine.Renderer>) (at Assets/Scripts/Arena/Visuals/CharacterVisualBuilder.cs:340)
QuizBattle.Arena.Visuals.CharacterVisualBuilder:BuildBlaze (UnityEngine.Transform,QuizBattle.Characters.CharacterVisual&,System.Collections.Generic.List`1<UnityEngine.Renderer>,QuizBattle.Arena.Visuals.TokenIdleAnimator) (at Assets/Scripts/Arena/Visuals/CharacterVisualBuilder.cs:87)
QuizBattle.Arena.Visuals.CharacterVisualBuilder:Build (QuizBattle.Characters.CharacterVisual&,UnityEngine.Transform) (at Assets/Scripts/Arena/Visuals/CharacterVisualBuilder.cs:29)
QuizBattle.Arena.CharacterToken:Create (string,QuizBattle.Characters.CharacterVisual&,UnityEngine.Vector3) (at Assets/Scripts/Arena/CharacterToken.cs:54)
QuizBattle.GameState.GameManager:RunAutoPlayMatch (int,int) (at Assets/Scripts/GameState/GameManager.cs:76)
CaptureCurrentArena:Capture () (at Assets/Editor/CaptureCurrentArena.cs:22)

[Assets/Scripts/GameState/GameManager.cs line 76]

ShoulderR: Destroy may not be called from edit mode! Use DestroyImmediate instead.
Destroying an object in edit mode destroys it permanently
UnityEngine.Debug:ExtractStackTraceNoAlloc (byte*,int,string)
UnityEngine.StackTraceUtility:ExtractStackTrace ()
UnityEngine.Object:Destroy (UnityEngine.Object,single)
UnityEngine.Object:Destroy (UnityEngine.Object)
QuizBattle.Arena.Visuals.CharacterVisualBuilder:CreatePrimitivePart (UnityEngine.Transform,string,UnityEngine.PrimitiveType,UnityEngine.Vector3,UnityEngine.Quaternion,UnityEngine.Vector3,UnityEngine.Material,System.Collections.Generic.List`1<UnityEngine.Renderer>) (at Assets/Scripts/Arena/Visuals/CharacterVisualBuilder.cs:340)
QuizBattle.Arena.Visuals.CharacterVisualBuilder:BuildBlaze (UnityEngine.Transform,QuizBattle.Characters.CharacterVisual&,System.Collections.Generic.List`1<UnityEngine.Renderer>,QuizBattle.Arena.Visuals.TokenIdleAnimator) (at Assets/Scripts/Arena/Visuals/CharacterVisualBuilder.cs:88)
QuizBattle.Arena.Visuals.CharacterVisualBuilder:Build (QuizBattle.Characters.CharacterVisual&,UnityEngine.Transform) (at Assets/Scripts/Arena/Visuals/CharacterVisualBuilder.cs:29)
QuizBattle.Arena.CharacterToken:Create (string,QuizBattle.Characters.CharacterVisual&,UnityEngine.Vector3) (at Assets/Scripts/Arena/CharacterToken.cs:54)
QuizBattle.GameState.GameManager:RunAutoPlayMatch (int,int) (at Assets/Scripts/GameState/GameManager.cs:76)
CaptureCurrentArena:Capture () (at Assets/Editor/CaptureCurrentArena.cs:22)

[Assets/Scripts/GameState/GameManager.cs line 76]

ArmL: Destroy may not be called from edit mode! Use DestroyImmediate instead.
Destroying an object in edit mode destroys it permanently
UnityEngine.Debug:ExtractStackTraceNoAlloc (byte*,int,string)
UnityEngine.StackTraceUtility:ExtractStackTrace ()
UnityEngine.Object:Destroy (UnityEngine.Object,single)
UnityEngine.Object:Destroy (UnityEngine.Object)
QuizBattle.Arena.Visuals.CharacterVisualBuilder:CreatePrimitivePart (UnityEngine.Transform,string,UnityEngine.PrimitiveType,UnityEngine.Vector3,UnityEngine.Quaternion,UnityEngine.Vector3,UnityEngine.Material,System.Collections.Generic.List`1<UnityEngine.Renderer>) (at Assets/Scripts/Arena/Visuals/CharacterVisualBuilder.cs:340)
QuizBattle.Arena.Visuals.CharacterVisualBuilder:BuildBlaze (UnityEngine.Transform,QuizBattle.Characters.CharacterVisual&,System.Collections.Generic.List`1<UnityEngine.Renderer>,QuizBattle.Arena.Visuals.TokenIdleAnimator) (at Assets/Scripts/Arena/Visuals/CharacterVisualBuilder.cs:91)
QuizBattle.Arena.Visuals.CharacterVisualBuilder:Build (QuizBattle.Characters.CharacterVisual&,UnityEngine.Transform) (at Assets/Scripts/Arena/Visuals/CharacterVisualBuilder.cs:29)
QuizBattle.Arena.CharacterToken:Create (string,QuizBattle.Characters.CharacterVisual&,UnityEngine.Vector3) (at Assets/Scripts/Arena/CharacterToken.cs:54)
QuizBattle.GameState.GameManager:RunAutoPlayMatch (int,int) (at Assets/Scripts/GameState/GameManager.cs:76)
CaptureCurrentArena:Capture () (at Assets/Editor/CaptureCurrentArena.cs:22)

[Assets/Scripts/GameState/GameManager.cs line 76]

ArmR: Destroy may not be called from edit mode! Use DestroyImmediate instead.
Destroying an object in edit mode destroys it permanently
UnityEngine.Debug:ExtractStackTraceNoAlloc (byte*,int,string)
UnityEngine.StackTraceUtility:ExtractStackTrace ()
UnityEngine.Object:Destroy (UnityEngine.Object,single)
UnityEngine.Object:Destroy (UnityEngine.Object)
QuizBattle.Arena.Visuals.CharacterVisualBuilder:CreatePrimitivePart (UnityEngine.Transform,string,UnityEngine.PrimitiveType,UnityEngine.Vector3,UnityEngine.Quaternion,UnityEngine.Vector3,UnityEngine.Material,System.Collections.Generic.List`1<UnityEngine.Renderer>) (at Assets/Scripts/Arena/Visuals/CharacterVisualBuilder.cs:340)
QuizBattle.Arena.Visuals.CharacterVisualBuilder:BuildBlaze (UnityEngine.Transform,QuizBattle.Characters.CharacterVisual&,System.Collections.Generic.List`1<UnityEngine.Renderer>,QuizBattle.Arena.Visuals.TokenIdleAnimator) (at Assets/Scripts/Arena/Visuals/CharacterVisualBuilder.cs:92)
QuizBattle.Arena.Visuals.CharacterVisualBuilder:Build (QuizBattle.Characters.CharacterVisual&,UnityEngine.Transform) (at Assets/Scripts/Arena/Visuals/CharacterVisualBuilder.cs:29)
QuizBattle.Arena.CharacterToken:Create (string,QuizBattle.Characters.CharacterVisual&,UnityEngine.Vector3) (at Assets/Scripts/Arena/CharacterToken.cs:54)
QuizBattle.GameState.GameManager:RunAutoPlayMatch (int,int) (at Assets/Scripts/GameState/GameManager.cs:76)
CaptureCurrentArena:Capture () (at Assets/Editor/CaptureCurrentArena.cs:22)

[Assets/Scripts/GameState/GameManager.cs line 76]

Hilt: Destroy may not be called from edit mode! Use DestroyImmediate instead.
Destroying an object in edit mode destroys it permanently
UnityEngine.Debug:ExtractStackTraceNoAlloc (byte*,int,string)
UnityEngine.StackTraceUtility:ExtractStackTrace ()
UnityEngine.Object:Destroy (UnityEngine.Object,single)
UnityEngine.Object:Destroy (UnityEngine.Object)
QuizBattle.Arena.Visuals.CharacterVisualBuilder:CreatePrimitivePart (UnityEngine.Transform,string,UnityEngine.PrimitiveType,UnityEngine.Vector3,UnityEngine.Quaternion,UnityEngine.Vector3,UnityEngine.Material,System.Collections.Generic.List`1<UnityEngine.Renderer>) (at Assets/Scripts/Arena/Visuals/CharacterVisualBuilder.cs:340)
QuizBattle.Arena.Visuals.CharacterVisualBuilder:BuildBlaze (UnityEngine.Transform,QuizBattle.Characters.CharacterVisual&,System.Collections.Generic.List`1<UnityEngine.Renderer>,QuizBattle.Arena.Visuals.TokenIdleAnimator) (at Assets/Scripts/Arena/Visuals/CharacterVisualBuilder.cs:99)
QuizBattle.Arena.Visuals.CharacterVisualBuilder:Build (QuizBattle.Characters.CharacterVisual&,UnityEngine.Transform) (at Assets/Scripts/Arena/Visuals/CharacterVisualBuilder.cs:29)
QuizBattle.Arena.CharacterToken:Create (string,QuizBattle.Characters.CharacterVisual&,UnityEngine.Vector3) (at Assets/Scripts/Arena/CharacterToken.cs:54)
QuizBattle.GameState.GameManager:RunAutoPlayMatch (int,int) (at Assets/Scripts/GameState/GameManager.cs:76)
CaptureCurrentArena:Capture () (at Assets/Editor/CaptureCurrentArena.cs:22)

[Assets/Scripts/GameState/GameManager.cs line 76]

Guard: Destroy may not be called from edit mode! Use DestroyImmediate instead.
Destroying an object in edit mode destroys it permanently
UnityEngine.Debug:ExtractStackTraceNoAlloc (byte*,int,string)
UnityEngine.StackTraceUtility:ExtractStackTrace ()
UnityEngine.Object:Destroy (UnityEngine.Object,single)
UnityEngine.Object:Destroy (UnityEngine.Object)
QuizBattle.Arena.Visuals.CharacterVisualBuilder:CreatePrimitivePart (UnityEngine.Transform,string,UnityEngine.PrimitiveType,UnityEngine.Vector3,UnityEngine.Quaternion,UnityEngine.Vector3,UnityEngine.Material,System.Collections.Generic.List`1<UnityEngine.Renderer>) (at Assets/Scripts/Arena/Visuals/CharacterVisualBuilder.cs:340)
QuizBattle.Arena.Visuals.CharacterVisualBuilder:BuildBlaze (UnityEngine.Transform,QuizBattle.Characters.CharacterVisual&,System.Collections.Generic.List`1<UnityEngine.Renderer>,QuizBattle.Arena.Visuals.TokenIdleAnimator) (at Assets/Scripts/Arena/Visuals/CharacterVisualBuilder.cs:100)
QuizBattle.Arena.Visuals.CharacterVisualBuilder:Build (QuizBattle.Characters.CharacterVisual&,UnityEngine.Transform) (at Assets/Scripts/Arena/Visuals/CharacterVisualBuilder.cs:29)
QuizBattle.Arena.CharacterToken:Create (string,QuizBattle.Characters.CharacterVisual&,UnityEngine.Vector3) (at Assets/Scripts/Arena/CharacterToken.cs:54)
QuizBattle.GameState.GameManager:RunAutoPlayMatch (int,int) (at Assets/Scripts/GameState/GameManager.cs:76)
CaptureCurrentArena:Capture () (at Assets/Editor/CaptureCurrentArena.cs:22)

[Assets/Scripts/GameState/GameManager.cs line 76]

Blade: Destroy may not be called from edit mode! Use DestroyImmediate instead.
Destroying an object in edit mode destroys it permanently
UnityEngine.Debug:ExtractStackTraceNoAlloc (byte*,int,string)
UnityEngine.StackTraceUtility:ExtractStackTrace ()
UnityEngine.Object:Destroy (UnityEngine.Object,single)
UnityEngine.Object:Destroy (UnityEngine.Object)
QuizBattle.Arena.Visuals.CharacterVisualBuilder:CreatePrimitivePart (UnityEngine.Transform,string,UnityEngine.PrimitiveType,UnityEngine.Vector3,UnityEngine.Quaternion,UnityEngine.Vector3,UnityEngine.Material,System.Collections.Generic.List`1<UnityEngine.Renderer>) (at Assets/Scripts/Arena/Visuals/CharacterVisualBuilder.cs:340)
QuizBattle.Arena.Visuals.CharacterVisualBuilder:BuildBlaze (UnityEngine.Transform,QuizBattle.Characters.CharacterVisual&,System.Collections.Generic.List`1<UnityEngine.Renderer>,QuizBattle.Arena.Visuals.TokenIdleAnimator) (at Assets/Scripts/Arena/Visuals/CharacterVisualBuilder.cs:101)
QuizBattle.Arena.Visuals.CharacterVisualBuilder:Build (QuizBattle.Characters.CharacterVisual&,UnityEngine.Transform) (at Assets/Scripts/Arena/Visuals/CharacterVisualBuilder.cs:29)
QuizBattle.Arena.CharacterToken:Create (string,QuizBattle.Characters.CharacterVisual&,UnityEngine.Vector3) (at Assets/Scripts/Arena/CharacterToken.cs:54)
QuizBattle.GameState.GameManager:RunAutoPlayMatch (int,int) (at Assets/Scripts/GameState/GameManager.cs:76)
CaptureCurrentArena:Capture () (at Assets/Editor/CaptureCurrentArena.cs:22)

[Assets/Scripts/GameState/GameManager.cs line 76]

LegL: Destroy may not be called from edit mode! Use DestroyImmediate instead.
Destroying an object in edit mode destroys it permanently
UnityEngine.Debug:ExtractStackTraceNoAlloc (byte*,int,string)
UnityEngine.StackTraceUtility:ExtractStackTrace ()
UnityEngine.Object:Destroy (UnityEngine.Object,single)
UnityEngine.Object:Destroy (UnityEngine.Object)
QuizBattle.Arena.Visuals.CharacterVisualBuilder:CreatePrimitivePart (UnityEngine.Transform,string,UnityEngine.PrimitiveType,UnityEngine.Vector3,UnityEngine.Quaternion,UnityEngine.Vector3,UnityEngine.Material,System.Collections.Generic.List`1<UnityEngine.Renderer>) (at Assets/Scripts/Arena/Visuals/CharacterVisualBuilder.cs:340)
QuizBattle.Arena.Visuals.CharacterVisualBuilder:BuildBlaze (UnityEngine.Transform,QuizBattle.Characters.CharacterVisual&,System.Collections.Generic.List`1<UnityEngine.Renderer>,QuizBattle.Arena.Visuals.TokenIdleAnimator) (at Assets/Scripts/Arena/Visuals/CharacterVisualBuilder.cs:104)
QuizBattle.Arena.Visuals.CharacterVisualBuilder:Build (QuizBattle.Characters.CharacterVisual&,UnityEngine.Transform) (at Assets/Scripts/Arena/Visuals/CharacterVisualBuilder.cs:29)
QuizBattle.Arena.CharacterToken:Create (string,QuizBattle.Characters.CharacterVisual&,UnityEngine.Vector3) (at Assets/Scripts/Arena/CharacterToken.cs:54)
QuizBattle.GameState.GameManager:RunAutoPlayMatch (int,int) (at Assets/Scripts/GameState/GameManager.cs:76)
CaptureCurrentArena:Capture () (at Assets/Editor/CaptureCurrentArena.cs:22)

[Assets/Scripts/GameState/GameManager.cs line 76]

LegR: Destroy may not be called from edit mode! Use DestroyImmediate instead.
Destroying an object in edit mode destroys it permanently
UnityEngine.Debug:ExtractStackTraceNoAlloc (byte*,int,string)
UnityEngine.StackTraceUtility:ExtractStackTrace ()
UnityEngine.Object:Destroy (UnityEngine.Object,single)
UnityEngine.Object:Destroy (UnityEngine.Object)
QuizBattle.Arena.Visuals.CharacterVisualBuilder:CreatePrimitivePart (UnityEngine.Transform,string,UnityEngine.PrimitiveType,UnityEngine.Vector3,UnityEngine.Quaternion,UnityEngine.Vector3,UnityEngine.Material,System.Collections.Generic.List`1<UnityEngine.Renderer>) (at Assets/Scripts/Arena/Visuals/CharacterVisualBuilder.cs:340)
QuizBattle.Arena.Visuals.CharacterVisualBuilder:BuildBlaze (UnityEngine.Transform,QuizBattle.Characters.CharacterVisual&,System.Collections.Generic.List`1<UnityEngine.Renderer>,QuizBattle.Arena.Visuals.TokenIdleAnimator) (at Assets/Scripts/Arena/Visuals/CharacterVisualBuilder.cs:105)
QuizBattle.Arena.Visuals.CharacterVisualBuilder:Build (QuizBattle.Characters.CharacterVisual&,UnityEngine.Transform) (at Assets/Scripts/Arena/Visuals/CharacterVisualBuilder.cs:29)
QuizBattle.Arena.CharacterToken:Create (string,QuizBattle.Characters.CharacterVisual&,UnityEngine.Vector3) (at Assets/Scripts/Arena/CharacterToken.cs:54)
QuizBattle.GameState.GameManager:RunAutoPlayMatch (int,int) (at Assets/Scripts/GameState/GameManager.cs:76)
CaptureCurrentArena:Capture () (at Assets/Editor/CaptureCurrentArena.cs:22)

[Assets/Scripts/GameState/GameManager.cs line 76]

BootL: Destroy may not be called from edit mode! Use DestroyImmediate instead.
Destroying an object in edit mode destroys it permanently
UnityEngine.Debug:ExtractStackTraceNoAlloc (byte*,int,string)
UnityEngine.StackTraceUtility:ExtractStackTrace ()
UnityEngine.Object:Destroy (UnityEngine.Object,single)
UnityEngine.Object:Destroy (UnityEngine.Object)
QuizBattle.Arena.Visuals.CharacterVisualBuilder:CreatePrimitivePart (UnityEngine.Transform,string,UnityEngine.PrimitiveType,UnityEngine.Vector3,UnityEngine.Quaternion,UnityEngine.Vector3,UnityEngine.Material,System.Collections.Generic.List`1<UnityEngine.Renderer>) (at Assets/Scripts/Arena/Visuals/CharacterVisualBuilder.cs:340)
QuizBattle.Arena.Visuals.CharacterVisualBuilder:BuildBlaze (UnityEngine.Transform,QuizBattle.Characters.CharacterVisual&,System.Collections.Generic.List`1<UnityEngine.Renderer>,QuizBattle.Arena.Visuals.TokenIdleAnimator) (at Assets/Scripts/Arena/Visuals/CharacterVisualBuilder.cs:106)
QuizBattle.Arena.Visuals.CharacterVisualBuilder:Build (QuizBattle.Characters.CharacterVisual&,UnityEngine.Transform) (at Assets/Scripts/Arena/Visuals/CharacterVisualBuilder.cs:29)
QuizBattle.Arena.CharacterToken:Create (string,QuizBattle.Characters.CharacterVisual&,UnityEngine.Vector3) (at Assets/Scripts/Arena/CharacterToken.cs:54)
QuizBattle.GameState.GameManager:RunAutoPlayMatch (int,int) (at Assets/Scripts/GameState/GameManager.cs:76)
CaptureCurrentArena:Capture () (at Assets/Editor/CaptureCurrentArena.cs:22)

[Assets/Scripts/GameState/GameManager.cs line 76]

BootR: Destroy may not be called from edit mode! Use DestroyImmediate instead.
Destroying an object in edit mode destroys it permanently
UnityEngine.Debug:ExtractStackTraceNoAlloc (byte*,int,string)
UnityEngine.StackTraceUtility:ExtractStackTrace ()
UnityEngine.Object:Destroy (UnityEngine.Object,single)
UnityEngine.Object:Destroy (UnityEngine.Object)
QuizBattle.Arena.Visuals.CharacterVisualBuilder:CreatePrimitivePart (UnityEngine.Transform,string,UnityEngine.PrimitiveType,UnityEngine.Vector3,UnityEngine.Quaternion,UnityEngine.Vector3,UnityEngine.Material,System.Collections.Generic.List`1<UnityEngine.Renderer>) (at Assets/Scripts/Arena/Visuals/CharacterVisualBuilder.cs:340)
QuizBattle.Arena.Visuals.CharacterVisualBuilder:BuildBlaze (UnityEngine.Transform,QuizBattle.Characters.CharacterVisual&,System.Collections.Generic.List`1<UnityEngine.Renderer>,QuizBattle.Arena.Visuals.TokenIdleAnimator) (at Assets/Scripts/Arena/Visuals/CharacterVisualBuilder.cs:107)
QuizBattle.Arena.Visuals.CharacterVisualBuilder:Build (QuizBattle.Characters.CharacterVisual&,UnityEngine.Transform) (at Assets/Scripts/Arena/Visuals/CharacterVisualBuilder.cs:29)
QuizBattle.Arena.CharacterToken:Create (string,QuizBattle.Characters.CharacterVisual&,UnityEngine.Vector3) (at Assets/Scripts/Arena/CharacterToken.cs:54)
QuizBattle.GameState.GameManager:RunAutoPlayMatch (int,int) (at Assets/Scripts/GameState/GameManager.cs:76)
CaptureCurrentArena:Capture () (at Assets/Editor/CaptureCurrentArena.cs:22)

[Assets/Scripts/GameState/GameManager.cs line 76]

BlobShadow: Destroy may not be called from edit mode! Use DestroyImmediate instead.
Destroying an object in edit mode destroys it permanently
UnityEngine.Debug:ExtractStackTraceNoAlloc (byte*,int,string)
UnityEngine.StackTraceUtility:ExtractStackTrace ()
UnityEngine.Object:Destroy (UnityEngine.Object,single)
UnityEngine.Object:Destroy (UnityEngine.Object)
QuizBattle.Arena.Visuals.CharacterVisualBuilder:CreatePrimitivePart (UnityEngine.Transform,string,UnityEngine.PrimitiveType,UnityEngine.Vector3,UnityEngine.Quaternion,UnityEngine.Vector3,UnityEngine.Material,System.Collections.Generic.List`1<UnityEngine.Renderer>) (at Assets/Scripts/Arena/Visuals/CharacterVisualBuilder.cs:340)
QuizBattle.Arena.Visuals.CharacterVisualBuilder:AddGroundDisc (UnityEngine.Transform,UnityEngine.Color,System.Collections.Generic.List`1<UnityEngine.Renderer>,single) (at Assets/Scripts/Arena/Visuals/CharacterVisualBuilder.cs:307)
QuizBattle.Arena.Visuals.CharacterVisualBuilder:BuildBlaze (UnityEngine.Transform,QuizBattle.Characters.CharacterVisual&,System.Collections.Generic.List`1<UnityEngine.Renderer>,QuizBattle.Arena.Visuals.TokenIdleAnimator) (at Assets/Scripts/Arena/Visuals/CharacterVisualBuilder.cs:109)
QuizBattle.Arena.Visuals.CharacterVisualBuilder:Build (QuizBattle.Characters.CharacterVisual&,UnityEngine.Transform) (at Assets/Scripts/Arena/Visuals/CharacterVisualBuilder.cs:29)
QuizBattle.Arena.CharacterToken:Create (string,QuizBattle.Characters.CharacterVisual&,UnityEngine.Vector3) (at Assets/Scripts/Arena/CharacterToken.cs:54)
QuizBattle.GameState.GameManager:RunAutoPlayMatch (int,int) (at Assets/Scripts/GameState/GameManager.cs:76)
CaptureCurrentArena:Capture () (at Assets/Editor/CaptureCurrentArena.cs:22)

[Assets/Scripts/GameState/GameManager.cs line 76]

Instantiating material due to calling renderer.material during edit mode. This will leak materials into the scene. You most likely want to use renderer.sharedMaterial instead.
UnityEngine.Debug:ExtractStackTraceNoAlloc (byte*,int,string)
UnityEngine.StackTraceUtility:ExtractStackTrace ()
UnityEngine.Renderer:GetMaterial ()
UnityEngine.Renderer:get_material ()
TMPro.TextMeshPro:SetOutlineThickness (single) (at ./Library/PackageCache/com.unity.ugui@67707a67a4ab/Runtime/TMP/TextMeshPro.cs:1318)
TMPro.TMP_Text:set_outlineWidth (single) (at ./Library/PackageCache/com.unity.ugui@67707a67a4ab/Runtime/TMP/TMP_Text.cs:450)
QuizBattle.Arena.CharacterToken:CreateNameLabel (UnityEngine.Transform) (at Assets/Scripts/Arena/CharacterToken.cs:139)
QuizBattle.Arena.CharacterToken:Create (string,QuizBattle.Characters.CharacterVisual&,UnityEngine.Vector3) (at Assets/Scripts/Arena/CharacterToken.cs:61)
QuizBattle.GameState.GameManager:RunAutoPlayMatch (int,int) (at Assets/Scripts/GameState/GameManager.cs:76)
CaptureCurrentArena:Capture () (at Assets/Editor/CaptureCurrentArena.cs:22)

[Assets/Scripts/GameState/GameManager.cs line 76]

HpBarFrame: Destroy may not be called from edit mode! Use DestroyImmediate instead.
Destroying an object in edit mode destroys it permanently
UnityEngine.Debug:ExtractStackTraceNoAlloc (byte*,int,string)
UnityEngine.StackTraceUtility:ExtractStackTrace ()
UnityEngine.Object:Destroy (UnityEngine.Object,single)
UnityEngine.Object:Destroy (UnityEngine.Object)
QuizBattle.Arena.CharacterToken:CreateHpBar (UnityEngine.Transform,UnityEngine.Color) (at Assets/Scripts/Arena/CharacterToken.cs:155)
QuizBattle.Arena.CharacterToken:Create (string,QuizBattle.Characters.CharacterVisual&,UnityEngine.Vector3) (at Assets/Scripts/Arena/CharacterToken.cs:62)
QuizBattle.GameState.GameManager:RunAutoPlayMatch (int,int) (at Assets/Scripts/GameState/GameManager.cs:76)
CaptureCurrentArena:Capture () (at Assets/Editor/CaptureCurrentArena.cs:22)

[Assets/Scripts/GameState/GameManager.cs line 76]

HpBarBg: Destroy may not be called from edit mode! Use DestroyImmediate instead.
Destroying an object in edit mode destroys it permanently
UnityEngine.Debug:ExtractStackTraceNoAlloc (byte*,int,string)
UnityEngine.StackTraceUtility:ExtractStackTrace ()
UnityEngine.Object:Destroy (UnityEngine.Object,single)
UnityEngine.Object:Destroy (UnityEngine.Object)
QuizBattle.Arena.CharacterToken:CreateHpBar (UnityEngine.Transform,UnityEngine.Color) (at Assets/Scripts/Arena/CharacterToken.cs:174)
QuizBattle.Arena.CharacterToken:Create (string,QuizBattle.Characters.CharacterVisual&,UnityEngine.Vector3) (at Assets/Scripts/Arena/CharacterToken.cs:62)
QuizBattle.GameState.GameManager:RunAutoPlayMatch (int,int) (at Assets/Scripts/GameState/GameManager.cs:76)
CaptureCurrentArena:Capture () (at Assets/Editor/CaptureCurrentArena.cs:22)

[Assets/Scripts/GameState/GameManager.cs line 76]

HpBarFill: Destroy may not be called from edit mode! Use DestroyImmediate instead.
Destroying an object in edit mode destroys it permanently
UnityEngine.Debug:ExtractStackTraceNoAlloc (byte*,int,string)
UnityEngine.StackTraceUtility:ExtractStackTrace ()
UnityEngine.Object:Destroy (UnityEngine.Object,single)
UnityEngine.Object:Destroy (UnityEngine.Object)
QuizBattle.Arena.CharacterToken:CreateHpBar (UnityEngine.Transform,UnityEngine.Color) (at Assets/Scripts/Arena/CharacterToken.cs:197)
QuizBattle.Arena.CharacterToken:Create (string,QuizBattle.Characters.CharacterVisual&,UnityEngine.Vector3) (at Assets/Scripts/Arena/CharacterToken.cs:62)
QuizBattle.GameState.GameManager:RunAutoPlayMatch (int,int) (at Assets/Scripts/GameState/GameManager.cs:76)
CaptureCurrentArena:Capture () (at Assets/Editor/CaptureCurrentArena.cs:22)

[Assets/Scripts/GameState/GameManager.cs line 76]

MainIceCube: Destroy may not be called from edit mode! Use DestroyImmediate instead.
Destroying an object in edit mode destroys it permanently
UnityEngine.Debug:ExtractStackTraceNoAlloc (byte*,int,string)
UnityEngine.StackTraceUtility:ExtractStackTrace ()
UnityEngine.Object:Destroy (UnityEngine.Object,single)
UnityEngine.Object:Destroy (UnityEngine.Object)
QuizBattle.Arena.CharacterToken:CreateFrozenIndicator (UnityEngine.Transform) (at Assets/Scripts/Arena/CharacterToken.cs:96)
QuizBattle.Arena.CharacterToken:Create (string,QuizBattle.Characters.CharacterVisual&,UnityEngine.Vector3) (at Assets/Scripts/Arena/CharacterToken.cs:63)
QuizBattle.GameState.GameManager:RunAutoPlayMatch (int,int) (at Assets/Scripts/GameState/GameManager.cs:76)
CaptureCurrentArena:Capture () (at Assets/Editor/CaptureCurrentArena.cs:22)

[Assets/Scripts/GameState/GameManager.cs line 76]

IceSpike_0: Destroy may not be called from edit mode! Use DestroyImmediate instead.
Destroying an object in edit mode destroys it permanently
UnityEngine.Debug:ExtractStackTraceNoAlloc (byte*,int,string)
UnityEngine.StackTraceUtility:ExtractStackTrace ()
UnityEngine.Object:Destroy (UnityEngine.Object,single)
UnityEngine.Object:Destroy (UnityEngine.Object)
QuizBattle.Arena.CharacterToken:CreateFrozenIndicator (UnityEngine.Transform) (at Assets/Scripts/Arena/CharacterToken.cs:109)
QuizBattle.Arena.CharacterToken:Create (string,QuizBattle.Characters.CharacterVisual&,UnityEngine.Vector3) (at Assets/Scripts/Arena/CharacterToken.cs:63)
QuizBattle.GameState.GameManager:RunAutoPlayMatch (int,int) (at Assets/Scripts/GameState/GameManager.cs:76)
CaptureCurrentArena:Capture () (at Assets/Editor/CaptureCurrentArena.cs:22)

[Assets/Scripts/GameState/GameManager.cs line 76]

IceSpike_1: Destroy may not be called from edit mode! Use DestroyImmediate instead.
Destroying an object in edit mode destroys it permanently
UnityEngine.Debug:ExtractStackTraceNoAlloc (byte*,int,string)
UnityEngine.StackTraceUtility:ExtractStackTrace ()
UnityEngine.Object:Destroy (UnityEngine.Object,single)
UnityEngine.Object:Destroy (UnityEngine.Object)
QuizBattle.Arena.CharacterToken:CreateFrozenIndicator (UnityEngine.Transform) (at Assets/Scripts/Arena/CharacterToken.cs:109)
QuizBattle.Arena.CharacterToken:Create (string,QuizBattle.Characters.CharacterVisual&,UnityEngine.Vector3) (at Assets/Scripts/Arena/CharacterToken.cs:63)
QuizBattle.GameState.GameManager:RunAutoPlayMatch (int,int) (at Assets/Scripts/GameState/GameManager.cs:76)
CaptureCurrentArena:Capture () (at Assets/Editor/CaptureCurrentArena.cs:22)

[Assets/Scripts/GameState/GameManager.cs line 76]

IceSpike_2: Destroy may not be called from edit mode! Use DestroyImmediate instead.
Destroying an object in edit mode destroys it permanently
UnityEngine.Debug:ExtractStackTraceNoAlloc (byte*,int,string)
UnityEngine.StackTraceUtility:ExtractStackTrace ()
UnityEngine.Object:Destroy (UnityEngine.Object,single)
UnityEngine.Object:Destroy (UnityEngine.Object)
QuizBattle.Arena.CharacterToken:CreateFrozenIndicator (UnityEngine.Transform) (at Assets/Scripts/Arena/CharacterToken.cs:109)
QuizBattle.Arena.CharacterToken:Create (string,QuizBattle.Characters.CharacterVisual&,UnityEngine.Vector3) (at Assets/Scripts/Arena/CharacterToken.cs:63)
QuizBattle.GameState.GameManager:RunAutoPlayMatch (int,int) (at Assets/Scripts/GameState/GameManager.cs:76)
CaptureCurrentArena:Capture () (at Assets/Editor/CaptureCurrentArena.cs:22)

[Assets/Scripts/GameState/GameManager.cs line 76]

IceSpike_3: Destroy may not be called from edit mode! Use DestroyImmediate instead.
Destroying an object in edit mode destroys it permanently
UnityEngine.Debug:ExtractStackTraceNoAlloc (byte*,int,string)
UnityEngine.StackTraceUtility:ExtractStackTrace ()
UnityEngine.Object:Destroy (UnityEngine.Object,single)
UnityEngine.Object:Destroy (UnityEngine.Object)
QuizBattle.Arena.CharacterToken:CreateFrozenIndicator (UnityEngine.Transform) (at Assets/Scripts/Arena/CharacterToken.cs:109)
QuizBattle.Arena.CharacterToken:Create (string,QuizBattle.Characters.CharacterVisual&,UnityEngine.Vector3) (at Assets/Scripts/Arena/CharacterToken.cs:63)
QuizBattle.GameState.GameManager:RunAutoPlayMatch (int,int) (at Assets/Scripts/GameState/GameManager.cs:76)
CaptureCurrentArena:Capture () (at Assets/Editor/CaptureCurrentArena.cs:22)

[Assets/Scripts/GameState/GameManager.cs line 76]

FrostRing: Destroy may not be called from edit mode! Use DestroyImmediate instead.
Destroying an object in edit mode destroys it permanently
UnityEngine.Debug:ExtractStackTraceNoAlloc (byte*,int,string)
UnityEngine.StackTraceUtility:ExtractStackTrace ()
UnityEngine.Object:Destroy (UnityEngine.Object,single)
UnityEngine.Object:Destroy (UnityEngine.Object)
QuizBattle.Arena.CharacterToken:CreateFrozenIndicator (UnityEngine.Transform) (at Assets/Scripts/Arena/CharacterToken.cs:119)
QuizBattle.Arena.CharacterToken:Create (string,QuizBattle.Characters.CharacterVisual&,UnityEngine.Vector3) (at Assets/Scripts/Arena/CharacterToken.cs:63)
QuizBattle.GameState.GameManager:RunAutoPlayMatch (int,int) (at Assets/Scripts/GameState/GameManager.cs:76)
CaptureCurrentArena:Capture () (at Assets/Editor/CaptureCurrentArena.cs:22)

[Assets/Scripts/GameState/GameManager.cs line 76]

RobeTorso: Destroy may not be called from edit mode! Use DestroyImmediate instead.
Destroying an object in edit mode destroys it permanently
UnityEngine.Debug:ExtractStackTraceNoAlloc (byte*,int,string)
UnityEngine.StackTraceUtility:ExtractStackTrace ()
UnityEngine.Object:Destroy (UnityEngine.Object,single)
UnityEngine.Object:Destroy (UnityEngine.Object)
QuizBattle.Arena.Visuals.CharacterVisualBuilder:CreatePrimitivePart (UnityEngine.Transform,string,UnityEngine.PrimitiveType,UnityEngine.Vector3,UnityEngine.Quaternion,UnityEngine.Vector3,UnityEngine.Material,System.Collections.Generic.List`1<UnityEngine.Renderer>) (at Assets/Scripts/Arena/Visuals/CharacterVisualBuilder.cs:340)
QuizBattle.Arena.Visuals.CharacterVisualBuilder:BuildVera (UnityEngine.Transform,QuizBattle.Characters.CharacterVisual&,System.Collections.Generic.List`1<UnityEngine.Renderer>,QuizBattle.Arena.Visuals.TokenIdleAnimator) (at Assets/Scripts/Arena/Visuals/CharacterVisualBuilder.cs:252)
QuizBattle.Arena.Visuals.CharacterVisualBuilder:Build (QuizBattle.Characters.CharacterVisual&,UnityEngine.Transform) (at Assets/Scripts/Arena/Visuals/CharacterVisualBuilder.cs:38)
QuizBattle.Arena.CharacterToken:Create (string,QuizBattle.Characters.CharacterVisual&,UnityEngine.Vector3) (at Assets/Scripts/Arena/CharacterToken.cs:54)
QuizBattle.GameState.GameManager:RunAutoPlayMatch (int,int) (at Assets/Scripts/GameState/GameManager.cs:76)
CaptureCurrentArena:Capture () (at Assets/Editor/CaptureCurrentArena.cs:22)

[Assets/Scripts/GameState/GameManager.cs line 76]

Bodice: Destroy may not be called from edit mode! Use DestroyImmediate instead.
Destroying an object in edit mode destroys it permanently
UnityEngine.Debug:ExtractStackTraceNoAlloc (byte*,int,string)
UnityEngine.StackTraceUtility:ExtractStackTrace ()
UnityEngine.Object:Destroy (UnityEngine.Object,single)
UnityEngine.Object:Destroy (UnityEngine.Object)
QuizBattle.Arena.Visuals.CharacterVisualBuilder:CreatePrimitivePart (UnityEngine.Transform,string,UnityEngine.PrimitiveType,UnityEngine.Vector3,UnityEngine.Quaternion,UnityEngine.Vector3,UnityEngine.Material,System.Collections.Generic.List`1<UnityEngine.Renderer>) (at Assets/Scripts/Arena/Visuals/CharacterVisualBuilder.cs:340)
QuizBattle.Arena.Visuals.CharacterVisualBuilder:BuildVera (UnityEngine.Transform,QuizBattle.Characters.CharacterVisual&,System.Collections.Generic.List`1<UnityEngine.Renderer>,QuizBattle.Arena.Visuals.TokenIdleAnimator) (at Assets/Scripts/Arena/Visuals/CharacterVisualBuilder.cs:253)
QuizBattle.Arena.Visuals.CharacterVisualBuilder:Build (QuizBattle.Characters.CharacterVisual&,UnityEngine.Transform) (at Assets/Scripts/Arena/Visuals/CharacterVisualBuilder.cs:38)
QuizBattle.Arena.CharacterToken:Create (string,QuizBattle.Characters.CharacterVisual&,UnityEngine.Vector3) (at Assets/Scripts/Arena/CharacterToken.cs:54)
QuizBattle.GameState.GameManager:RunAutoPlayMatch (int,int) (at Assets/Scripts/GameState/GameManager.cs:76)
CaptureCurrentArena:Capture () (at Assets/Editor/CaptureCurrentArena.cs:22)

[Assets/Scripts/GameState/GameManager.cs line 76]

GoldSash: Destroy may not be called from edit mode! Use DestroyImmediate instead.
Destroying an object in edit mode destroys it permanently
UnityEngine.Debug:ExtractStackTraceNoAlloc (byte*,int,string)
UnityEngine.StackTraceUtility:ExtractStackTrace ()
UnityEngine.Object:Destroy (UnityEngine.Object,single)
UnityEngine.Object:Destroy (UnityEngine.Object)
QuizBattle.Arena.Visuals.CharacterVisualBuilder:CreatePrimitivePart (UnityEngine.Transform,string,UnityEngine.PrimitiveType,UnityEngine.Vector3,UnityEngine.Quaternion,UnityEngine.Vector3,UnityEngine.Material,System.Collections.Generic.List`1<UnityEngine.Renderer>) (at Assets/Scripts/Arena/Visuals/CharacterVisualBuilder.cs:340)
QuizBattle.Arena.Visuals.CharacterVisualBuilder:BuildVera (UnityEngine.Transform,QuizBattle.Characters.CharacterVisual&,System.Collections.Generic.List`1<UnityEngine.Renderer>,QuizBattle.Arena.Visuals.TokenIdleAnimator) (at Assets/Scripts/Arena/Visuals/CharacterVisualBuilder.cs:255)
QuizBattle.Arena.Visuals.CharacterVisualBuilder:Build (QuizBattle.Characters.CharacterVisual&,UnityEngine.Transform) (at Assets/Scripts/Arena/Visuals/CharacterVisualBuilder.cs:38)
QuizBattle.Arena.CharacterToken:Create (string,QuizBattle.Characters.CharacterVisual&,UnityEngine.Vector3) (at Assets/Scripts/Arena/CharacterToken.cs:54)
QuizBattle.GameState.GameManager:RunAutoPlayMatch (int,int) (at Assets/Scripts/GameState/GameManager.cs:76)
CaptureCurrentArena:Capture () (at Assets/Editor/CaptureCurrentArena.cs:22)

[Assets/Scripts/GameState/GameManager.cs line 76]

Head: Destroy may not be called from edit mode! Use DestroyImmediate instead.
Destroying an object in edit mode destroys it permanently
UnityEngine.Debug:ExtractStackTraceNoAlloc (byte*,int,string)
UnityEngine.StackTraceUtility:ExtractStackTrace ()
UnityEngine.Object:Destroy (UnityEngine.Object,single)
UnityEngine.Object:Destroy (UnityEngine.Object)
QuizBattle.Arena.Visuals.CharacterVisualBuilder:CreatePrimitivePart (UnityEngine.Transform,string,UnityEngine.PrimitiveType,UnityEngine.Vector3,UnityEngine.Quaternion,UnityEngine.Vector3,UnityEngine.Material,System.Collections.Generic.List`1<UnityEngine.Renderer>) (at Assets/Scripts/Arena/Visuals/CharacterVisualBuilder.cs:340)
QuizBattle.Arena.Visuals.CharacterVisualBuilder:BuildVera (UnityEngine.Transform,QuizBattle.Characters.CharacterVisual&,System.Collections.Generic.List`1<UnityEngine.Renderer>,QuizBattle.Arena.Visuals.TokenIdleAnimator) (at Assets/Scripts/Arena/Visuals/CharacterVisualBuilder.cs:258)
QuizBattle.Arena.Visuals.CharacterVisualBuilder:Build (QuizBattle.Characters.CharacterVisual&,UnityEngine.Transform) (at Assets/Scripts/Arena/Visuals/CharacterVisualBuilder.cs:38)
QuizBattle.Arena.CharacterToken:Create (string,QuizBattle.Characters.CharacterVisual&,UnityEngine.Vector3) (at Assets/Scripts/Arena/CharacterToken.cs:54)
QuizBattle.GameState.GameManager:RunAutoPlayMatch (int,int) (at Assets/Scripts/GameState/GameManager.cs:76)
CaptureCurrentArena:Capture () (at Assets/Editor/CaptureCurrentArena.cs:22)

[Assets/Scripts/GameState/GameManager.cs line 76]

EyeL: Destroy may not be called from edit mode! Use DestroyImmediate instead.
Destroying an object in edit mode destroys it permanently
UnityEngine.Debug:ExtractStackTraceNoAlloc (byte*,int,string)
UnityEngine.StackTraceUtility:ExtractStackTrace ()
UnityEngine.Object:Destroy (UnityEngine.Object,single)
UnityEngine.Object:Destroy (UnityEngine.Object)
QuizBattle.Arena.Visuals.CharacterVisualBuilder:CreatePrimitivePart (UnityEngine.Transform,string,UnityEngine.PrimitiveType,UnityEngine.Vector3,UnityEngine.Quaternion,UnityEngine.Vector3,UnityEngine.Material,System.Collections.Generic.List`1<UnityEngine.Renderer>) (at Assets/Scripts/Arena/Visuals/CharacterVisualBuilder.cs:340)
QuizBattle.Arena.Visuals.CharacterVisualBuilder:BuildVera (UnityEngine.Transform,QuizBattle.Characters.CharacterVisual&,System.Collections.Generic.List`1<UnityEngine.Renderer>,QuizBattle.Arena.Visuals.TokenIdleAnimator) (at Assets/Scripts/Arena/Visuals/CharacterVisualBuilder.cs:259)
QuizBattle.Arena.Visuals.CharacterVisualBuilder:Build (QuizBattle.Characters.CharacterVisual&,UnityEngine.Transform) (at Assets/Scripts/Arena/Visuals/CharacterVisualBuilder.cs:38)
QuizBattle.Arena.CharacterToken:Create (string,QuizBattle.Characters.CharacterVisual&,UnityEngine.Vector3) (at Assets/Scripts/Arena/CharacterToken.cs:54)
QuizBattle.GameState.GameManager:RunAutoPlayMatch (int,int) (at Assets/Scripts/GameState/GameManager.cs:76)
CaptureCurrentArena:Capture () (at Assets/Editor/CaptureCurrentArena.cs:22)

[Assets/Scripts/GameState/GameManager.cs line 76]

EyeR: Destroy may not be called from edit mode! Use DestroyImmediate instead.
Destroying an object in edit mode destroys it permanently
UnityEngine.Debug:ExtractStackTraceNoAlloc (byte*,int,string)
UnityEngine.StackTraceUtility:ExtractStackTrace ()
UnityEngine.Object:Destroy (UnityEngine.Object,single)
UnityEngine.Object:Destroy (UnityEngine.Object)
QuizBattle.Arena.Visuals.CharacterVisualBuilder:CreatePrimitivePart (UnityEngine.Transform,string,UnityEngine.PrimitiveType,UnityEngine.Vector3,UnityEngine.Quaternion,UnityEngine.Vector3,UnityEngine.Material,System.Collections.Generic.List`1<UnityEngine.Renderer>) (at Assets/Scripts/Arena/Visuals/CharacterVisualBuilder.cs:340)
QuizBattle.Arena.Visuals.CharacterVisualBuilder:BuildVera (UnityEngine.Transform,QuizBattle.Characters.CharacterVisual&,System.Collections.Generic.List`1<UnityEngine.Renderer>,QuizBattle.Arena.Visuals.TokenIdleAnimator) (at Assets/Scripts/Arena/Visuals/CharacterVisualBuilder.cs:260)
QuizBattle.Arena.Visuals.CharacterVisualBuilder:Build (QuizBattle.Characters.CharacterVisual&,UnityEngine.Transform) (at Assets/Scripts/Arena/Visuals/CharacterVisualBuilder.cs:38)
QuizBattle.Arena.CharacterToken:Create (string,QuizBattle.Characters.CharacterVisual&,UnityEngine.Vector3) (at Assets/Scripts/Arena/CharacterToken.cs:54)
QuizBattle.GameState.GameManager:RunAutoPlayMatch (int,int) (at Assets/Scripts/GameState/GameManager.cs:76)
CaptureCurrentArena:Capture () (at Assets/Editor/CaptureCurrentArena.cs:22)

[Assets/Scripts/GameState/GameManager.cs line 76]

HatBrim: Destroy may not be called from edit mode! Use DestroyImmediate instead.
Destroying an object in edit mode destroys it permanently
UnityEngine.Debug:ExtractStackTraceNoAlloc (byte*,int,string)
UnityEngine.StackTraceUtility:ExtractStackTrace ()
UnityEngine.Object:Destroy (UnityEngine.Object,single)
UnityEngine.Object:Destroy (UnityEngine.Object)
QuizBattle.Arena.Visuals.CharacterVisualBuilder:CreatePrimitivePart (UnityEngine.Transform,string,UnityEngine.PrimitiveType,UnityEngine.Vector3,UnityEngine.Quaternion,UnityEngine.Vector3,UnityEngine.Material,System.Collections.Generic.List`1<UnityEngine.Renderer>) (at Assets/Scripts/Arena/Visuals/CharacterVisualBuilder.cs:340)
QuizBattle.Arena.Visuals.CharacterVisualBuilder:BuildVera (UnityEngine.Transform,QuizBattle.Characters.CharacterVisual&,System.Collections.Generic.List`1<UnityEngine.Renderer>,QuizBattle.Arena.Visuals.TokenIdleAnimator) (at Assets/Scripts/Arena/Visuals/CharacterVisualBuilder.cs:263)
QuizBattle.Arena.Visuals.CharacterVisualBuilder:Build (QuizBattle.Characters.CharacterVisual&,UnityEngine.Transform) (at Assets/Scripts/Arena/Visuals/CharacterVisualBuilder.cs:38)
QuizBattle.Arena.CharacterToken:Create (string,QuizBattle.Characters.CharacterVisual&,UnityEngine.Vector3) (at Assets/Scripts/Arena/CharacterToken.cs:54)
QuizBattle.GameState.GameManager:RunAutoPlayMatch (int,int) (at Assets/Scripts/GameState/GameManager.cs:76)
CaptureCurrentArena:Capture () (at Assets/Editor/CaptureCurrentArena.cs:22)

[Assets/Scripts/GameState/GameManager.cs line 76]

HatBand: Destroy may not be called from edit mode! Use DestroyImmediate instead.
Destroying an object in edit mode destroys it permanently
UnityEngine.Debug:ExtractStackTraceNoAlloc (byte*,int,string)
UnityEngine.StackTraceUtility:ExtractStackTrace ()
UnityEngine.Object:Destroy (UnityEngine.Object,single)
UnityEngine.Object:Destroy (UnityEngine.Object)
QuizBattle.Arena.Visuals.CharacterVisualBuilder:CreatePrimitivePart (UnityEngine.Transform,string,UnityEngine.PrimitiveType,UnityEngine.Vector3,UnityEngine.Quaternion,UnityEngine.Vector3,UnityEngine.Material,System.Collections.Generic.List`1<UnityEngine.Renderer>) (at Assets/Scripts/Arena/Visuals/CharacterVisualBuilder.cs:340)
QuizBattle.Arena.Visuals.CharacterVisualBuilder:BuildVera (UnityEngine.Transform,QuizBattle.Characters.CharacterVisual&,System.Collections.Generic.List`1<UnityEngine.Renderer>,QuizBattle.Arena.Visuals.TokenIdleAnimator) (at Assets/Scripts/Arena/Visuals/CharacterVisualBuilder.cs:266)
QuizBattle.Arena.Visuals.CharacterVisualBuilder:Build (QuizBattle.Characters.CharacterVisual&,UnityEngine.Transform) (at Assets/Scripts/Arena/Visuals/CharacterVisualBuilder.cs:38)
QuizBattle.Arena.CharacterToken:Create (string,QuizBattle.Characters.CharacterVisual&,UnityEngine.Vector3) (at Assets/Scripts/Arena/CharacterToken.cs:54)
QuizBattle.GameState.GameManager:RunAutoPlayMatch (int,int) (at Assets/Scripts/GameState/GameManager.cs:76)
CaptureCurrentArena:Capture () (at Assets/Editor/CaptureCurrentArena.cs:22)

[Assets/Scripts/GameState/GameManager.cs line 76]

Shaft: Destroy may not be called from edit mode! Use DestroyImmediate instead.
Destroying an object in edit mode destroys it permanently
UnityEngine.Debug:ExtractStackTraceNoAlloc (byte*,int,string)
UnityEngine.StackTraceUtility:ExtractStackTrace ()
UnityEngine.Object:Destroy (UnityEngine.Object,single)
UnityEngine.Object:Destroy (UnityEngine.Object)
QuizBattle.Arena.Visuals.CharacterVisualBuilder:CreatePrimitivePart (UnityEngine.Transform,string,UnityEngine.PrimitiveType,UnityEngine.Vector3,UnityEngine.Quaternion,UnityEngine.Vector3,UnityEngine.Material,System.Collections.Generic.List`1<UnityEngine.Renderer>) (at Assets/Scripts/Arena/Visuals/CharacterVisualBuilder.cs:340)
QuizBattle.Arena.Visuals.CharacterVisualBuilder:BuildVera (UnityEngine.Transform,QuizBattle.Characters.CharacterVisual&,System.Collections.Generic.List`1<UnityEngine.Renderer>,QuizBattle.Arena.Visuals.TokenIdleAnimator) (at Assets/Scripts/Arena/Visuals/CharacterVisualBuilder.cs:274)
QuizBattle.Arena.Visuals.CharacterVisualBuilder:Build (QuizBattle.Characters.CharacterVisual&,UnityEngine.Transform) (at Assets/Scripts/Arena/Visuals/CharacterVisualBuilder.cs:38)
QuizBattle.Arena.CharacterToken:Create (string,QuizBattle.Characters.CharacterVisual&,UnityEngine.Vector3) (at Assets/Scripts/Arena/CharacterToken.cs:54)
QuizBattle.GameState.GameManager:RunAutoPlayMatch (int,int) (at Assets/Scripts/GameState/GameManager.cs:76)
CaptureCurrentArena:Capture () (at Assets/Editor/CaptureCurrentArena.cs:22)

[Assets/Scripts/GameState/GameManager.cs line 76]

FloatingGem: Destroy may not be called from edit mode! Use DestroyImmediate instead.
Destroying an object in edit mode destroys it permanently
UnityEngine.Debug:ExtractStackTraceNoAlloc (byte*,int,string)
UnityEngine.StackTraceUtility:ExtractStackTrace ()
UnityEngine.Object:Destroy (UnityEngine.Object,single)
UnityEngine.Object:Destroy (UnityEngine.Object)
QuizBattle.Arena.Visuals.CharacterVisualBuilder:CreatePrimitivePart (UnityEngine.Transform,string,UnityEngine.PrimitiveType,UnityEngine.Vector3,UnityEngine.Quaternion,UnityEngine.Vector3,UnityEngine.Material,System.Collections.Generic.List`1<UnityEngine.Renderer>) (at Assets/Scripts/Arena/Visuals/CharacterVisualBuilder.cs:340)
QuizBattle.Arena.Visuals.CharacterVisualBuilder:BuildVera (UnityEngine.Transform,QuizBattle.Characters.CharacterVisual&,System.Collections.Generic.List`1<UnityEngine.Renderer>,QuizBattle.Arena.Visuals.TokenIdleAnimator) (at Assets/Scripts/Arena/Visuals/CharacterVisualBuilder.cs:276)
QuizBattle.Arena.Visuals.CharacterVisualBuilder:Build (QuizBattle.Characters.CharacterVisual&,UnityEngine.Transform) (at Assets/Scripts/Arena/Visuals/CharacterVisualBuilder.cs:38)
QuizBattle.Arena.CharacterToken:Create (string,QuizBattle.Characters.CharacterVisual&,UnityEngine.Vector3) (at Assets/Scripts/Arena/CharacterToken.cs:54)
QuizBattle.GameState.GameManager:RunAutoPlayMatch (int,int) (at Assets/Scripts/GameState/GameManager.cs:76)
CaptureCurrentArena:Capture () (at Assets/Editor/CaptureCurrentArena.cs:22)

[Assets/Scripts/GameState/GameManager.cs line 76]

CoverL: Destroy may not be called from edit mode! Use DestroyImmediate instead.
Destroying an object in edit mode destroys it permanently
UnityEngine.Debug:ExtractStackTraceNoAlloc (byte*,int,string)
UnityEngine.StackTraceUtility:ExtractStackTrace ()
UnityEngine.Object:Destroy (UnityEngine.Object,single)
UnityEngine.Object:Destroy (UnityEngine.Object)
QuizBattle.Arena.Visuals.CharacterVisualBuilder:CreatePrimitivePart (UnityEngine.Transform,string,UnityEngine.PrimitiveType,UnityEngine.Vector3,UnityEngine.Quaternion,UnityEngine.Vector3,UnityEngine.Material,System.Collections.Generic.List`1<UnityEngine.Renderer>) (at Assets/Scripts/Arena/Visuals/CharacterVisualBuilder.cs:340)
QuizBattle.Arena.Visuals.CharacterVisualBuilder:BuildVera (UnityEngine.Transform,QuizBattle.Characters.CharacterVisual&,System.Collections.Generic.List`1<UnityEngine.Renderer>,QuizBattle.Arena.Visuals.TokenIdleAnimator) (at Assets/Scripts/Arena/Visuals/CharacterVisualBuilder.cs:284)
QuizBattle.Arena.Visuals.CharacterVisualBuilder:Build (QuizBattle.Characters.CharacterVisual&,UnityEngine.Transform) (at Assets/Scripts/Arena/Visuals/CharacterVisualBuilder.cs:38)
QuizBattle.Arena.CharacterToken:Create (string,QuizBattle.Characters.CharacterVisual&,UnityEngine.Vector3) (at Assets/Scripts/Arena/CharacterToken.cs:54)
QuizBattle.GameState.GameManager:RunAutoPlayMatch (int,int) (at Assets/Scripts/GameState/GameManager.cs:76)
CaptureCurrentArena:Capture () (at Assets/Editor/CaptureCurrentArena.cs:22)

[Assets/Scripts/GameState/GameManager.cs line 76]

CoverR: Destroy may not be called from edit mode! Use DestroyImmediate instead.
Destroying an object in edit mode destroys it permanently
UnityEngine.Debug:ExtractStackTraceNoAlloc (byte*,int,string)
UnityEngine.StackTraceUtility:ExtractStackTrace ()
UnityEngine.Object:Destroy (UnityEngine.Object,single)
UnityEngine.Object:Destroy (UnityEngine.Object)
QuizBattle.Arena.Visuals.CharacterVisualBuilder:CreatePrimitivePart (UnityEngine.Transform,string,UnityEngine.PrimitiveType,UnityEngine.Vector3,UnityEngine.Quaternion,UnityEngine.Vector3,UnityEngine.Material,System.Collections.Generic.List`1<UnityEngine.Renderer>) (at Assets/Scripts/Arena/Visuals/CharacterVisualBuilder.cs:340)
QuizBattle.Arena.Visuals.CharacterVisualBuilder:BuildVera (UnityEngine.Transform,QuizBattle.Characters.CharacterVisual&,System.Collections.Generic.List`1<UnityEngine.Renderer>,QuizBattle.Arena.Visuals.TokenIdleAnimator) (at Assets/Scripts/Arena/Visuals/CharacterVisualBuilder.cs:285)
QuizBattle.Arena.Visuals.CharacterVisualBuilder:Build (QuizBattle.Characters.CharacterVisual&,UnityEngine.Transform) (at Assets/Scripts/Arena/Visuals/CharacterVisualBuilder.cs:38)
QuizBattle.Arena.CharacterToken:Create (string,QuizBattle.Characters.CharacterVisual&,UnityEngine.Vector3) (at Assets/Scripts/Arena/CharacterToken.cs:54)
QuizBattle.GameState.GameManager:RunAutoPlayMatch (int,int) (at Assets/Scripts/GameState/GameManager.cs:76)
CaptureCurrentArena:Capture () (at Assets/Editor/CaptureCurrentArena.cs:22)

[Assets/Scripts/GameState/GameManager.cs line 76]

GlowPages: Destroy may not be called from edit mode! Use DestroyImmediate instead.
Destroying an object in edit mode destroys it permanently
UnityEngine.Debug:ExtractStackTraceNoAlloc (byte*,int,string)
UnityEngine.StackTraceUtility:ExtractStackTrace ()
UnityEngine.Object:Destroy (UnityEngine.Object,single)
UnityEngine.Object:Destroy (UnityEngine.Object)
QuizBattle.Arena.Visuals.CharacterVisualBuilder:CreatePrimitivePart (UnityEngine.Transform,string,UnityEngine.PrimitiveType,UnityEngine.Vector3,UnityEngine.Quaternion,UnityEngine.Vector3,UnityEngine.Material,System.Collections.Generic.List`1<UnityEngine.Renderer>) (at Assets/Scripts/Arena/Visuals/CharacterVisualBuilder.cs:340)
QuizBattle.Arena.Visuals.CharacterVisualBuilder:BuildVera (UnityEngine.Transform,QuizBattle.Characters.CharacterVisual&,System.Collections.Generic.List`1<UnityEngine.Renderer>,QuizBattle.Arena.Visuals.TokenIdleAnimator) (at Assets/Scripts/Arena/Visuals/CharacterVisualBuilder.cs:286)
QuizBattle.Arena.Visuals.CharacterVisualBuilder:Build (QuizBattle.Characters.CharacterVisual&,UnityEngine.Transform) (at Assets/Scripts/Arena/Visuals/CharacterVisualBuilder.cs:38)
QuizBattle.Arena.CharacterToken:Create (string,QuizBattle.Characters.CharacterVisual&,UnityEngine.Vector3) (at Assets/Scripts/Arena/CharacterToken.cs:54)
QuizBattle.GameState.GameManager:RunAutoPlayMatch (int,int) (at Assets/Scripts/GameState/GameManager.cs:76)
CaptureCurrentArena:Capture () (at Assets/Editor/CaptureCurrentArena.cs:22)

[Assets/Scripts/GameState/GameManager.cs line 76]

Orb: Destroy may not be called from edit mode! Use DestroyImmediate instead.
Destroying an object in edit mode destroys it permanently
UnityEngine.Debug:ExtractStackTraceNoAlloc (byte*,int,string)
UnityEngine.StackTraceUtility:ExtractStackTrace ()
UnityEngine.Object:Destroy (UnityEngine.Object,single)
UnityEngine.Object:Destroy (UnityEngine.Object)
QuizBattle.Arena.Visuals.CharacterVisualBuilder:CreatePrimitivePart (UnityEngine.Transform,string,UnityEngine.PrimitiveType,UnityEngine.Vector3,UnityEngine.Quaternion,UnityEngine.Vector3,UnityEngine.Material,System.Collections.Generic.List`1<UnityEngine.Renderer>) (at Assets/Scripts/Arena/Visuals/CharacterVisualBuilder.cs:340)
QuizBattle.Arena.Visuals.CharacterVisualBuilder:BuildVera (UnityEngine.Transform,QuizBattle.Characters.CharacterVisual&,System.Collections.Generic.List`1<UnityEngine.Renderer>,QuizBattle.Arena.Visuals.TokenIdleAnimator) (at Assets/Scripts/Arena/Visuals/CharacterVisualBuilder.cs:297)
QuizBattle.Arena.Visuals.CharacterVisualBuilder:Build (QuizBattle.Characters.CharacterVisual&,UnityEngine.Transform) (at Assets/Scripts/Arena/Visuals/CharacterVisualBuilder.cs:38)
QuizBattle.Arena.CharacterToken:Create (string,QuizBattle.Characters.CharacterVisual&,UnityEngine.Vector3) (at Assets/Scripts/Arena/CharacterToken.cs:54)
QuizBattle.GameState.GameManager:RunAutoPlayMatch (int,int) (at Assets/Scripts/GameState/GameManager.cs:76)
CaptureCurrentArena:Capture () (at Assets/Editor/CaptureCurrentArena.cs:22)

[Assets/Scripts/GameState/GameManager.cs line 76]

BlobShadow: Destroy may not be called from edit mode! Use DestroyImmediate instead.
Destroying an object in edit mode destroys it permanently
UnityEngine.Debug:ExtractStackTraceNoAlloc (byte*,int,string)
UnityEngine.StackTraceUtility:ExtractStackTrace ()
UnityEngine.Object:Destroy (UnityEngine.Object,single)
UnityEngine.Object:Destroy (UnityEngine.Object)
QuizBattle.Arena.Visuals.CharacterVisualBuilder:CreatePrimitivePart (UnityEngine.Transform,string,UnityEngine.PrimitiveType,UnityEngine.Vector3,UnityEngine.Quaternion,UnityEngine.Vector3,UnityEngine.Material,System.Collections.Generic.List`1<UnityEngine.Renderer>) (at Assets/Scripts/Arena/Visuals/CharacterVisualBuilder.cs:340)
QuizBattle.Arena.Visuals.CharacterVisualBuilder:AddGroundDisc (UnityEngine.Transform,UnityEngine.Color,System.Collections.Generic.List`1<UnityEngine.Renderer>,single) (at Assets/Scripts/Arena/Visuals/CharacterVisualBuilder.cs:307)
QuizBattle.Arena.Visuals.CharacterVisualBuilder:BuildVera (UnityEngine.Transform,QuizBattle.Characters.CharacterVisual&,System.Collections.Generic.List`1<UnityEngine.Renderer>,QuizBattle.Arena.Visuals.TokenIdleAnimator) (at Assets/Scripts/Arena/Visuals/CharacterVisualBuilder.cs:300)
QuizBattle.Arena.Visuals.CharacterVisualBuilder:Build (QuizBattle.Characters.CharacterVisual&,UnityEngine.Transform) (at Assets/Scripts/Arena/Visuals/CharacterVisualBuilder.cs:38)
QuizBattle.Arena.CharacterToken:Create (string,QuizBattle.Characters.CharacterVisual&,UnityEngine.Vector3) (at Assets/Scripts/Arena/CharacterToken.cs:54)
QuizBattle.GameState.GameManager:RunAutoPlayMatch (int,int) (at Assets/Scripts/GameState/GameManager.cs:76)
CaptureCurrentArena:Capture () (at Assets/Editor/CaptureCurrentArena.cs:22)

[Assets/Scripts/GameState/GameManager.cs line 76]

Instantiating material due to calling renderer.material during edit mode. This will leak materials into the scene. You most likely want to use renderer.sharedMaterial instead.
UnityEngine.Debug:ExtractStackTraceNoAlloc (byte*,int,string)
UnityEngine.StackTraceUtility:ExtractStackTrace ()
UnityEngine.Renderer:GetMaterial ()
UnityEngine.Renderer:get_material ()
TMPro.TextMeshPro:SetOutlineThickness (single) (at ./Library/PackageCache/com.unity.ugui@67707a67a4ab/Runtime/TMP/TextMeshPro.cs:1318)
TMPro.TMP_Text:set_outlineWidth (single) (at ./Library/PackageCache/com.unity.ugui@67707a67a4ab/Runtime/TMP/TMP_Text.cs:450)
QuizBattle.Arena.CharacterToken:CreateNameLabel (UnityEngine.Transform) (at Assets/Scripts/Arena/CharacterToken.cs:139)
QuizBattle.Arena.CharacterToken:Create (string,QuizBattle.Characters.CharacterVisual&,UnityEngine.Vector3) (at Assets/Scripts/Arena/CharacterToken.cs:61)
QuizBattle.GameState.GameManager:RunAutoPlayMatch (int,int) (at Assets/Scripts/GameState/GameManager.cs:76)
CaptureCurrentArena:Capture () (at Assets/Editor/CaptureCurrentArena.cs:22)

[Assets/Scripts/GameState/GameManager.cs line 76]

HpBarFrame: Destroy may not be called from edit mode! Use DestroyImmediate instead.
Destroying an object in edit mode destroys it permanently
UnityEngine.Debug:ExtractStackTraceNoAlloc (byte*,int,string)
UnityEngine.StackTraceUtility:ExtractStackTrace ()
UnityEngine.Object:Destroy (UnityEngine.Object,single)
UnityEngine.Object:Destroy (UnityEngine.Object)
QuizBattle.Arena.CharacterToken:CreateHpBar (UnityEngine.Transform,UnityEngine.Color) (at Assets/Scripts/Arena/CharacterToken.cs:155)
QuizBattle.Arena.CharacterToken:Create (string,QuizBattle.Characters.CharacterVisual&,UnityEngine.Vector3) (at Assets/Scripts/Arena/CharacterToken.cs:62)
QuizBattle.GameState.GameManager:RunAutoPlayMatch (int,int) (at Assets/Scripts/GameState/GameManager.cs:76)
CaptureCurrentArena:Capture () (at Assets/Editor/CaptureCurrentArena.cs:22)

[Assets/Scripts/GameState/GameManager.cs line 76]

HpBarBg: Destroy may not be called from edit mode! Use DestroyImmediate instead.
Destroying an object in edit mode destroys it permanently
UnityEngine.Debug:ExtractStackTraceNoAlloc (byte*,int,string)
UnityEngine.StackTraceUtility:ExtractStackTrace ()
UnityEngine.Object:Destroy (UnityEngine.Object,single)
UnityEngine.Object:Destroy (UnityEngine.Object)
QuizBattle.Arena.CharacterToken:CreateHpBar (UnityEngine.Transform,UnityEngine.Color) (at Assets/Scripts/Arena/CharacterToken.cs:174)
QuizBattle.Arena.CharacterToken:Create (string,QuizBattle.Characters.CharacterVisual&,UnityEngine.Vector3) (at Assets/Scripts/Arena/CharacterToken.cs:62)
QuizBattle.GameState.GameManager:RunAutoPlayMatch (int,int) (at Assets/Scripts/GameState/GameManager.cs:76)
CaptureCurrentArena:Capture () (at Assets/Editor/CaptureCurrentArena.cs:22)

[Assets/Scripts/GameState/GameManager.cs line 76]

HpBarFill: Destroy may not be called from edit mode! Use DestroyImmediate instead.
Destroying an object in edit mode destroys it permanently
UnityEngine.Debug:ExtractStackTraceNoAlloc (byte*,int,string)
UnityEngine.StackTraceUtility:ExtractStackTrace ()
UnityEngine.Object:Destroy (UnityEngine.Object,single)
UnityEngine.Object:Destroy (UnityEngine.Object)
QuizBattle.Arena.CharacterToken:CreateHpBar (UnityEngine.Transform,UnityEngine.Color) (at Assets/Scripts/Arena/CharacterToken.cs:197)
QuizBattle.Arena.CharacterToken:Create (string,QuizBattle.Characters.CharacterVisual&,UnityEngine.Vector3) (at Assets/Scripts/Arena/CharacterToken.cs:62)
QuizBattle.GameState.GameManager:RunAutoPlayMatch (int,int) (at Assets/Scripts/GameState/GameManager.cs:76)
CaptureCurrentArena:Capture () (at Assets/Editor/CaptureCurrentArena.cs:22)

[Assets/Scripts/GameState/GameManager.cs line 76]

MainIceCube: Destroy may not be called from edit mode! Use DestroyImmediate instead.
Destroying an object in edit mode destroys it permanently
UnityEngine.Debug:ExtractStackTraceNoAlloc (byte*,int,string)
UnityEngine.StackTraceUtility:ExtractStackTrace ()
UnityEngine.Object:Destroy (UnityEngine.Object,single)
UnityEngine.Object:Destroy (UnityEngine.Object)
QuizBattle.Arena.CharacterToken:CreateFrozenIndicator (UnityEngine.Transform) (at Assets/Scripts/Arena/CharacterToken.cs:96)
QuizBattle.Arena.CharacterToken:Create (string,QuizBattle.Characters.CharacterVisual&,UnityEngine.Vector3) (at Assets/Scripts/Arena/CharacterToken.cs:63)
QuizBattle.GameState.GameManager:RunAutoPlayMatch (int,int) (at Assets/Scripts/GameState/GameManager.cs:76)
CaptureCurrentArena:Capture () (at Assets/Editor/CaptureCurrentArena.cs:22)

[Assets/Scripts/GameState/GameManager.cs line 76]

IceSpike_0: Destroy may not be called from edit mode! Use DestroyImmediate instead.
Destroying an object in edit mode destroys it permanently
UnityEngine.Debug:ExtractStackTraceNoAlloc (byte*,int,string)
UnityEngine.StackTraceUtility:ExtractStackTrace ()
UnityEngine.Object:Destroy (UnityEngine.Object,single)
UnityEngine.Object:Destroy (UnityEngine.Object)
QuizBattle.Arena.CharacterToken:CreateFrozenIndicator (UnityEngine.Transform) (at Assets/Scripts/Arena/CharacterToken.cs:109)
QuizBattle.Arena.CharacterToken:Create (string,QuizBattle.Characters.CharacterVisual&,UnityEngine.Vector3) (at Assets/Scripts/Arena/CharacterToken.cs:63)
QuizBattle.GameState.GameManager:RunAutoPlayMatch (int,int) (at Assets/Scripts/GameState/GameManager.cs:76)
CaptureCurrentArena:Capture () (at Assets/Editor/CaptureCurrentArena.cs:22)

[Assets/Scripts/GameState/GameManager.cs line 76]

IceSpike_1: Destroy may not be called from edit mode! Use DestroyImmediate instead.
Destroying an object in edit mode destroys it permanently
UnityEngine.Debug:ExtractStackTraceNoAlloc (byte*,int,string)
UnityEngine.StackTraceUtility:ExtractStackTrace ()
UnityEngine.Object:Destroy (UnityEngine.Object,single)
UnityEngine.Object:Destroy (UnityEngine.Object)
QuizBattle.Arena.CharacterToken:CreateFrozenIndicator (UnityEngine.Transform) (at Assets/Scripts/Arena/CharacterToken.cs:109)
QuizBattle.Arena.CharacterToken:Create (string,QuizBattle.Characters.CharacterVisual&,UnityEngine.Vector3) (at Assets/Scripts/Arena/CharacterToken.cs:63)
QuizBattle.GameState.GameManager:RunAutoPlayMatch (int,int) (at Assets/Scripts/GameState/GameManager.cs:76)
CaptureCurrentArena:Capture () (at Assets/Editor/CaptureCurrentArena.cs:22)

[Assets/Scripts/GameState/GameManager.cs line 76]

IceSpike_2: Destroy may not be called from edit mode! Use DestroyImmediate instead.
Destroying an object in edit mode destroys it permanently
UnityEngine.Debug:ExtractStackTraceNoAlloc (byte*,int,string)
UnityEngine.StackTraceUtility:ExtractStackTrace ()
UnityEngine.Object:Destroy (UnityEngine.Object,single)
UnityEngine.Object:Destroy (UnityEngine.Object)
QuizBattle.Arena.CharacterToken:CreateFrozenIndicator (UnityEngine.Transform) (at Assets/Scripts/Arena/CharacterToken.cs:109)
QuizBattle.Arena.CharacterToken:Create (string,QuizBattle.Characters.CharacterVisual&,UnityEngine.Vector3) (at Assets/Scripts/Arena/CharacterToken.cs:63)
QuizBattle.GameState.GameManager:RunAutoPlayMatch (int,int) (at Assets/Scripts/GameState/GameManager.cs:76)
CaptureCurrentArena:Capture () (at Assets/Editor/CaptureCurrentArena.cs:22)

[Assets/Scripts/GameState/GameManager.cs line 76]

IceSpike_3: Destroy may not be called from edit mode! Use DestroyImmediate instead.
Destroying an object in edit mode destroys it permanently
UnityEngine.Debug:ExtractStackTraceNoAlloc (byte*,int,string)
UnityEngine.StackTraceUtility:ExtractStackTrace ()
UnityEngine.Object:Destroy (UnityEngine.Object,single)
UnityEngine.Object:Destroy (UnityEngine.Object)
QuizBattle.Arena.CharacterToken:CreateFrozenIndicator (UnityEngine.Transform) (at Assets/Scripts/Arena/CharacterToken.cs:109)
QuizBattle.Arena.CharacterToken:Create (string,QuizBattle.Characters.CharacterVisual&,UnityEngine.Vector3) (at Assets/Scripts/Arena/CharacterToken.cs:63)
QuizBattle.GameState.GameManager:RunAutoPlayMatch (int,int) (at Assets/Scripts/GameState/GameManager.cs:76)
CaptureCurrentArena:Capture () (at Assets/Editor/CaptureCurrentArena.cs:22)

[Assets/Scripts/GameState/GameManager.cs line 76]

FrostRing: Destroy may not be called from edit mode! Use DestroyImmediate instead.
Destroying an object in edit mode destroys it permanently
UnityEngine.Debug:ExtractStackTraceNoAlloc (byte*,int,string)
UnityEngine.StackTraceUtility:ExtractStackTrace ()
UnityEngine.Object:Destroy (UnityEngine.Object,single)
UnityEngine.Object:Destroy (UnityEngine.Object)
QuizBattle.Arena.CharacterToken:CreateFrozenIndicator (UnityEngine.Transform) (at Assets/Scripts/Arena/CharacterToken.cs:119)
QuizBattle.Arena.CharacterToken:Create (string,QuizBattle.Characters.CharacterVisual&,UnityEngine.Vector3) (at Assets/Scripts/Arena/CharacterToken.cs:63)
QuizBattle.GameState.GameManager:RunAutoPlayMatch (int,int) (at Assets/Scripts/GameState/GameManager.cs:76)
CaptureCurrentArena:Capture () (at Assets/Editor/CaptureCurrentArena.cs:22)

[Assets/Scripts/GameState/GameManager.cs line 76]

Torso: Destroy may not be called from edit mode! Use DestroyImmediate instead.
Destroying an object in edit mode destroys it permanently
UnityEngine.Debug:ExtractStackTraceNoAlloc (byte*,int,string)
UnityEngine.StackTraceUtility:ExtractStackTrace ()
UnityEngine.Object:Destroy (UnityEngine.Object,single)
UnityEngine.Object:Destroy (UnityEngine.Object)
QuizBattle.Arena.Visuals.CharacterVisualBuilder:CreatePrimitivePart (UnityEngine.Transform,string,UnityEngine.PrimitiveType,UnityEngine.Vector3,UnityEngine.Quaternion,UnityEngine.Vector3,UnityEngine.Material,System.Collections.Generic.List`1<UnityEngine.Renderer>) (at Assets/Scripts/Arena/Visuals/CharacterVisualBuilder.cs:340)
QuizBattle.Arena.Visuals.CharacterVisualBuilder:BuildZephyr (UnityEngine.Transform,QuizBattle.Characters.CharacterVisual&,System.Collections.Generic.List`1<UnityEngine.Renderer>,QuizBattle.Arena.Visuals.TokenIdleAnimator) (at Assets/Scripts/Arena/Visuals/CharacterVisualBuilder.cs:185)
QuizBattle.Arena.Visuals.CharacterVisualBuilder:Build (QuizBattle.Characters.CharacterVisual&,UnityEngine.Transform) (at Assets/Scripts/Arena/Visuals/CharacterVisualBuilder.cs:35)
QuizBattle.Arena.CharacterToken:Create (string,QuizBattle.Characters.CharacterVisual&,UnityEngine.Vector3) (at Assets/Scripts/Arena/CharacterToken.cs:54)
QuizBattle.GameState.GameManager:RunAutoPlayMatch (int,int) (at Assets/Scripts/GameState/GameManager.cs:76)
CaptureCurrentArena:Capture () (at Assets/Editor/CaptureCurrentArena.cs:22)

[Assets/Scripts/GameState/GameManager.cs line 76]

Vest: Destroy may not be called from edit mode! Use DestroyImmediate instead.
Destroying an object in edit mode destroys it permanently
UnityEngine.Debug:ExtractStackTraceNoAlloc (byte*,int,string)
UnityEngine.StackTraceUtility:ExtractStackTrace ()
UnityEngine.Object:Destroy (UnityEngine.Object,single)
UnityEngine.Object:Destroy (UnityEngine.Object)
QuizBattle.Arena.Visuals.CharacterVisualBuilder:CreatePrimitivePart (UnityEngine.Transform,string,UnityEngine.PrimitiveType,UnityEngine.Vector3,UnityEngine.Quaternion,UnityEngine.Vector3,UnityEngine.Material,System.Collections.Generic.List`1<UnityEngine.Renderer>) (at Assets/Scripts/Arena/Visuals/CharacterVisualBuilder.cs:340)
QuizBattle.Arena.Visuals.CharacterVisualBuilder:BuildZephyr (UnityEngine.Transform,QuizBattle.Characters.CharacterVisual&,System.Collections.Generic.List`1<UnityEngine.Renderer>,QuizBattle.Arena.Visuals.TokenIdleAnimator) (at Assets/Scripts/Arena/Visuals/CharacterVisualBuilder.cs:186)
QuizBattle.Arena.Visuals.CharacterVisualBuilder:Build (QuizBattle.Characters.CharacterVisual&,UnityEngine.Transform) (at Assets/Scripts/Arena/Visuals/CharacterVisualBuilder.cs:35)
QuizBattle.Arena.CharacterToken:Create (string,QuizBattle.Characters.CharacterVisual&,UnityEngine.Vector3) (at Assets/Scripts/Arena/CharacterToken.cs:54)
QuizBattle.GameState.GameManager:RunAutoPlayMatch (int,int) (at Assets/Scripts/GameState/GameManager.cs:76)
CaptureCurrentArena:Capture () (at Assets/Editor/CaptureCurrentArena.cs:22)

[Assets/Scripts/GameState/GameManager.cs line 76]

Belt: Destroy may not be called from edit mode! Use DestroyImmediate instead.
Destroying an object in edit mode destroys it permanently
UnityEngine.Debug:ExtractStackTraceNoAlloc (byte*,int,string)
UnityEngine.StackTraceUtility:ExtractStackTrace ()
UnityEngine.Object:Destroy (UnityEngine.Object,single)
UnityEngine.Object:Destroy (UnityEngine.Object)
QuizBattle.Arena.Visuals.CharacterVisualBuilder:CreatePrimitivePart (UnityEngine.Transform,string,UnityEngine.PrimitiveType,UnityEngine.Vector3,UnityEngine.Quaternion,UnityEngine.Vector3,UnityEngine.Material,System.Collections.Generic.List`1<UnityEngine.Renderer>) (at Assets/Scripts/Arena/Visuals/CharacterVisualBuilder.cs:340)
QuizBattle.Arena.Visuals.CharacterVisualBuilder:BuildZephyr (UnityEngine.Transform,QuizBattle.Characters.CharacterVisual&,System.Collections.Generic.List`1<UnityEngine.Renderer>,QuizBattle.Arena.Visuals.TokenIdleAnimator) (at Assets/Scripts/Arena/Visuals/CharacterVisualBuilder.cs:187)
QuizBattle.Arena.Visuals.CharacterVisualBuilder:Build (QuizBattle.Characters.CharacterVisual&,UnityEngine.Transform) (at Assets/Scripts/Arena/Visuals/CharacterVisualBuilder.cs:35)
QuizBattle.Arena.CharacterToken:Create (string,QuizBattle.Characters.CharacterVisual&,UnityEngine.Vector3) (at Assets/Scripts/Arena/CharacterToken.cs:54)
QuizBattle.GameState.GameManager:RunAutoPlayMatch (int,int) (at Assets/Scripts/GameState/GameManager.cs:76)
CaptureCurrentArena:Capture () (at Assets/Editor/CaptureCurrentArena.cs:22)

[Assets/Scripts/GameState/GameManager.cs line 76]

NinjaHood: Destroy may not be called from edit mode! Use DestroyImmediate instead.
Destroying an object in edit mode destroys it permanently
UnityEngine.Debug:ExtractStackTraceNoAlloc (byte*,int,string)
UnityEngine.StackTraceUtility:ExtractStackTrace ()
UnityEngine.Object:Destroy (UnityEngine.Object,single)
UnityEngine.Object:Destroy (UnityEngine.Object)
QuizBattle.Arena.Visuals.CharacterVisualBuilder:CreatePrimitivePart (UnityEngine.Transform,string,UnityEngine.PrimitiveType,UnityEngine.Vector3,UnityEngine.Quaternion,UnityEngine.Vector3,UnityEngine.Material,System.Collections.Generic.List`1<UnityEngine.Renderer>) (at Assets/Scripts/Arena/Visuals/CharacterVisualBuilder.cs:340)
QuizBattle.Arena.Visuals.CharacterVisualBuilder:BuildZephyr (UnityEngine.Transform,QuizBattle.Characters.CharacterVisual&,System.Collections.Generic.List`1<UnityEngine.Renderer>,QuizBattle.Arena.Visuals.TokenIdleAnimator) (at Assets/Scripts/Arena/Visuals/CharacterVisualBuilder.cs:190)
QuizBattle.Arena.Visuals.CharacterVisualBuilder:Build (QuizBattle.Characters.CharacterVisual&,UnityEngine.Transform) (at Assets/Scripts/Arena/Visuals/CharacterVisualBuilder.cs:35)
QuizBattle.Arena.CharacterToken:Create (string,QuizBattle.Characters.CharacterVisual&,UnityEngine.Vector3) (at Assets/Scripts/Arena/CharacterToken.cs:54)
QuizBattle.GameState.GameManager:RunAutoPlayMatch (int,int) (at Assets/Scripts/GameState/GameManager.cs:76)
CaptureCurrentArena:Capture () (at Assets/Editor/CaptureCurrentArena.cs:22)

[Assets/Scripts/GameState/GameManager.cs line 76]

FaceMask: Destroy may not be called from edit mode! Use DestroyImmediate instead.
Destroying an object in edit mode destroys it permanently
UnityEngine.Debug:ExtractStackTraceNoAlloc (byte*,int,string)
UnityEngine.StackTraceUtility:ExtractStackTrace ()
UnityEngine.Object:Destroy (UnityEngine.Object,single)
UnityEngine.Object:Destroy (UnityEngine.Object)
QuizBattle.Arena.Visuals.CharacterVisualBuilder:CreatePrimitivePart (UnityEngine.Transform,string,UnityEngine.PrimitiveType,UnityEngine.Vector3,UnityEngine.Quaternion,UnityEngine.Vector3,UnityEngine.Material,System.Collections.Generic.List`1<UnityEngine.Renderer>) (at Assets/Scripts/Arena/Visuals/CharacterVisualBuilder.cs:340)
QuizBattle.Arena.Visuals.CharacterVisualBuilder:BuildZephyr (UnityEngine.Transform,QuizBattle.Characters.CharacterVisual&,System.Collections.Generic.List`1<UnityEngine.Renderer>,QuizBattle.Arena.Visuals.TokenIdleAnimator) (at Assets/Scripts/Arena/Visuals/CharacterVisualBuilder.cs:191)
QuizBattle.Arena.Visuals.CharacterVisualBuilder:Build (QuizBattle.Characters.CharacterVisual&,UnityEngine.Transform) (at Assets/Scripts/Arena/Visuals/CharacterVisualBuilder.cs:35)
QuizBattle.Arena.CharacterToken:Create (string,QuizBattle.Characters.CharacterVisual&,UnityEngine.Vector3) (at Assets/Scripts/Arena/CharacterToken.cs:54)
QuizBattle.GameState.GameManager:RunAutoPlayMatch (int,int) (at Assets/Scripts/GameState/GameManager.cs:76)
CaptureCurrentArena:Capture () (at Assets/Editor/CaptureCurrentArena.cs:22)

[Assets/Scripts/GameState/GameManager.cs line 76]

EyeL: Destroy may not be called from edit mode! Use DestroyImmediate instead.
Destroying an object in edit mode destroys it permanently
UnityEngine.Debug:ExtractStackTraceNoAlloc (byte*,int,string)
UnityEngine.StackTraceUtility:ExtractStackTrace ()
UnityEngine.Object:Destroy (UnityEngine.Object,single)
UnityEngine.Object:Destroy (UnityEngine.Object)
QuizBattle.Arena.Visuals.CharacterVisualBuilder:CreatePrimitivePart (UnityEngine.Transform,string,UnityEngine.PrimitiveType,UnityEngine.Vector3,UnityEngine.Quaternion,UnityEngine.Vector3,UnityEngine.Material,System.Collections.Generic.List`1<UnityEngine.Renderer>) (at Assets/Scripts/Arena/Visuals/CharacterVisualBuilder.cs:340)
QuizBattle.Arena.Visuals.CharacterVisualBuilder:BuildZephyr (UnityEngine.Transform,QuizBattle.Characters.CharacterVisual&,System.Collections.Generic.List`1<UnityEngine.Renderer>,QuizBattle.Arena.Visuals.TokenIdleAnimator) (at Assets/Scripts/Arena/Visuals/CharacterVisualBuilder.cs:192)
QuizBattle.Arena.Visuals.CharacterVisualBuilder:Build (QuizBattle.Characters.CharacterVisual&,UnityEngine.Transform) (at Assets/Scripts/Arena/Visuals/CharacterVisualBuilder.cs:35)
QuizBattle.Arena.CharacterToken:Create (string,QuizBattle.Characters.CharacterVisual&,UnityEngine.Vector3) (at Assets/Scripts/Arena/CharacterToken.cs:54)
QuizBattle.GameState.GameManager:RunAutoPlayMatch (int,int) (at Assets/Scripts/GameState/GameManager.cs:76)
CaptureCurrentArena:Capture () (at Assets/Editor/CaptureCurrentArena.cs:22)

[Assets/Scripts/GameState/GameManager.cs line 76]

EyeR: Destroy may not be called from edit mode! Use DestroyImmediate instead.
Destroying an object in edit mode destroys it permanently
UnityEngine.Debug:ExtractStackTraceNoAlloc (byte*,int,string)
UnityEngine.StackTraceUtility:ExtractStackTrace ()
UnityEngine.Object:Destroy (UnityEngine.Object,single)
UnityEngine.Object:Destroy (UnityEngine.Object)
QuizBattle.Arena.Visuals.CharacterVisualBuilder:CreatePrimitivePart (UnityEngine.Transform,string,UnityEngine.PrimitiveType,UnityEngine.Vector3,UnityEngine.Quaternion,UnityEngine.Vector3,UnityEngine.Material,System.Collections.Generic.List`1<UnityEngine.Renderer>) (at Assets/Scripts/Arena/Visuals/CharacterVisualBuilder.cs:340)
QuizBattle.Arena.Visuals.CharacterVisualBuilder:BuildZephyr (UnityEngine.Transform,QuizBattle.Characters.CharacterVisual&,System.Collections.Generic.List`1<UnityEngine.Renderer>,QuizBattle.Arena.Visuals.TokenIdleAnimator) (at Assets/Scripts/Arena/Visuals/CharacterVisualBuilder.cs:193)
QuizBattle.Arena.Visuals.CharacterVisualBuilder:Build (QuizBattle.Characters.CharacterVisual&,UnityEngine.Transform) (at Assets/Scripts/Arena/Visuals/CharacterVisualBuilder.cs:35)
QuizBattle.Arena.CharacterToken:Create (string,QuizBattle.Characters.CharacterVisual&,UnityEngine.Vector3) (at Assets/Scripts/Arena/CharacterToken.cs:54)
QuizBattle.GameState.GameManager:RunAutoPlayMatch (int,int) (at Assets/Scripts/GameState/GameManager.cs:76)
CaptureCurrentArena:Capture () (at Assets/Editor/CaptureCurrentArena.cs:22)

[Assets/Scripts/GameState/GameManager.cs line 76]

ScarfTailL: Destroy may not be called from edit mode! Use DestroyImmediate instead.
Destroying an object in edit mode destroys it permanently
UnityEngine.Debug:ExtractStackTraceNoAlloc (byte*,int,string)
UnityEngine.StackTraceUtility:ExtractStackTrace ()
UnityEngine.Object:Destroy (UnityEngine.Object,single)
UnityEngine.Object:Destroy (UnityEngine.Object)
QuizBattle.Arena.Visuals.CharacterVisualBuilder:CreatePrimitivePart (UnityEngine.Transform,string,UnityEngine.PrimitiveType,UnityEngine.Vector3,UnityEngine.Quaternion,UnityEngine.Vector3,UnityEngine.Material,System.Collections.Generic.List`1<UnityEngine.Renderer>) (at Assets/Scripts/Arena/Visuals/CharacterVisualBuilder.cs:340)
QuizBattle.Arena.Visuals.CharacterVisualBuilder:BuildZephyr (UnityEngine.Transform,QuizBattle.Characters.CharacterVisual&,System.Collections.Generic.List`1<UnityEngine.Renderer>,QuizBattle.Arena.Visuals.TokenIdleAnimator) (at Assets/Scripts/Arena/Visuals/CharacterVisualBuilder.cs:196)
QuizBattle.Arena.Visuals.CharacterVisualBuilder:Build (QuizBattle.Characters.CharacterVisual&,UnityEngine.Transform) (at Assets/Scripts/Arena/Visuals/CharacterVisualBuilder.cs:35)
QuizBattle.Arena.CharacterToken:Create (string,QuizBattle.Characters.CharacterVisual&,UnityEngine.Vector3) (at Assets/Scripts/Arena/CharacterToken.cs:54)
QuizBattle.GameState.GameManager:RunAutoPlayMatch (int,int) (at Assets/Scripts/GameState/GameManager.cs:76)
CaptureCurrentArena:Capture () (at Assets/Editor/CaptureCurrentArena.cs:22)

[Assets/Scripts/GameState/GameManager.cs line 76]

ScarfTailR: Destroy may not be called from edit mode! Use DestroyImmediate instead.
Destroying an object in edit mode destroys it permanently
UnityEngine.Debug:ExtractStackTraceNoAlloc (byte*,int,string)
UnityEngine.StackTraceUtility:ExtractStackTrace ()
UnityEngine.Object:Destroy (UnityEngine.Object,single)
UnityEngine.Object:Destroy (UnityEngine.Object)
QuizBattle.Arena.Visuals.CharacterVisualBuilder:CreatePrimitivePart (UnityEngine.Transform,string,UnityEngine.PrimitiveType,UnityEngine.Vector3,UnityEngine.Quaternion,UnityEngine.Vector3,UnityEngine.Material,System.Collections.Generic.List`1<UnityEngine.Renderer>) (at Assets/Scripts/Arena/Visuals/CharacterVisualBuilder.cs:340)
QuizBattle.Arena.Visuals.CharacterVisualBuilder:BuildZephyr (UnityEngine.Transform,QuizBattle.Characters.CharacterVisual&,System.Collections.Generic.List`1<UnityEngine.Renderer>,QuizBattle.Arena.Visuals.TokenIdleAnimator) (at Assets/Scripts/Arena/Visuals/CharacterVisualBuilder.cs:197)
QuizBattle.Arena.Visuals.CharacterVisualBuilder:Build (QuizBattle.Characters.CharacterVisual&,UnityEngine.Transform) (at Assets/Scripts/Arena/Visuals/CharacterVisualBuilder.cs:35)
QuizBattle.Arena.CharacterToken:Create (string,QuizBattle.Characters.CharacterVisual&,UnityEngine.Vector3) (at Assets/Scripts/Arena/CharacterToken.cs:54)
QuizBattle.GameState.GameManager:RunAutoPlayMatch (int,int) (at Assets/Scripts/GameState/GameManager.cs:76)
CaptureCurrentArena:Capture () (at Assets/Editor/CaptureCurrentArena.cs:22)

[Assets/Scripts/GameState/GameManager.cs line 76]

Blade: Destroy may not be called from edit mode! Use DestroyImmediate instead.
Destroying an object in edit mode destroys it permanently
UnityEngine.Debug:ExtractStackTraceNoAlloc (byte*,int,string)
UnityEngine.StackTraceUtility:ExtractStackTrace ()
UnityEngine.Object:Destroy (UnityEngine.Object,single)
UnityEngine.Object:Destroy (UnityEngine.Object)
QuizBattle.Arena.Visuals.CharacterVisualBuilder:CreatePrimitivePart (UnityEngine.Transform,string,UnityEngine.PrimitiveType,UnityEngine.Vector3,UnityEngine.Quaternion,UnityEngine.Vector3,UnityEngine.Material,System.Collections.Generic.List`1<UnityEngine.Renderer>) (at Assets/Scripts/Arena/Visuals/CharacterVisualBuilder.cs:340)
QuizBattle.Arena.Visuals.CharacterVisualBuilder:BuildZephyr (UnityEngine.Transform,QuizBattle.Characters.CharacterVisual&,System.Collections.Generic.List`1<UnityEngine.Renderer>,QuizBattle.Arena.Visuals.TokenIdleAnimator) (at Assets/Scripts/Arena/Visuals/CharacterVisualBuilder.cs:206)
QuizBattle.Arena.Visuals.CharacterVisualBuilder:Build (QuizBattle.Characters.CharacterVisual&,UnityEngine.Transform) (at Assets/Scripts/Arena/Visuals/CharacterVisualBuilder.cs:35)
QuizBattle.Arena.CharacterToken:Create (string,QuizBattle.Characters.CharacterVisual&,UnityEngine.Vector3) (at Assets/Scripts/Arena/CharacterToken.cs:54)
QuizBattle.GameState.GameManager:RunAutoPlayMatch (int,int) (at Assets/Scripts/GameState/GameManager.cs:76)
CaptureCurrentArena:Capture () (at Assets/Editor/CaptureCurrentArena.cs:22)

[Assets/Scripts/GameState/GameManager.cs line 76]

Hilt: Destroy may not be called from edit mode! Use DestroyImmediate instead.
Destroying an object in edit mode destroys it permanently
UnityEngine.Debug:ExtractStackTraceNoAlloc (byte*,int,string)
UnityEngine.StackTraceUtility:ExtractStackTrace ()
UnityEngine.Object:Destroy (UnityEngine.Object,single)
UnityEngine.Object:Destroy (UnityEngine.Object)
QuizBattle.Arena.Visuals.CharacterVisualBuilder:CreatePrimitivePart (UnityEngine.Transform,string,UnityEngine.PrimitiveType,UnityEngine.Vector3,UnityEngine.Quaternion,UnityEngine.Vector3,UnityEngine.Material,System.Collections.Generic.List`1<UnityEngine.Renderer>) (at Assets/Scripts/Arena/Visuals/CharacterVisualBuilder.cs:340)
QuizBattle.Arena.Visuals.CharacterVisualBuilder:BuildZephyr (UnityEngine.Transform,QuizBattle.Characters.CharacterVisual&,System.Collections.Generic.List`1<UnityEngine.Renderer>,QuizBattle.Arena.Visuals.TokenIdleAnimator) (at Assets/Scripts/Arena/Visuals/CharacterVisualBuilder.cs:207)
QuizBattle.Arena.Visuals.CharacterVisualBuilder:Build (QuizBattle.Characters.CharacterVisual&,UnityEngine.Transform) (at Assets/Scripts/Arena/Visuals/CharacterVisualBuilder.cs:35)
QuizBattle.Arena.CharacterToken:Create (string,QuizBattle.Characters.CharacterVisual&,UnityEngine.Vector3) (at Assets/Scripts/Arena/CharacterToken.cs:54)
QuizBattle.GameState.GameManager:RunAutoPlayMatch (int,int) (at Assets/Scripts/GameState/GameManager.cs:76)
CaptureCurrentArena:Capture () (at Assets/Editor/CaptureCurrentArena.cs:22)

[Assets/Scripts/GameState/GameManager.cs line 76]

Blade: Destroy may not be called from edit mode! Use DestroyImmediate instead.
Destroying an object in edit mode destroys it permanently
UnityEngine.Debug:ExtractStackTraceNoAlloc (byte*,int,string)
UnityEngine.StackTraceUtility:ExtractStackTrace ()
UnityEngine.Object:Destroy (UnityEngine.Object,single)
UnityEngine.Object:Destroy (UnityEngine.Object)
QuizBattle.Arena.Visuals.CharacterVisualBuilder:CreatePrimitivePart (UnityEngine.Transform,string,UnityEngine.PrimitiveType,UnityEngine.Vector3,UnityEngine.Quaternion,UnityEngine.Vector3,UnityEngine.Material,System.Collections.Generic.List`1<UnityEngine.Renderer>) (at Assets/Scripts/Arena/Visuals/CharacterVisualBuilder.cs:340)
QuizBattle.Arena.Visuals.CharacterVisualBuilder:BuildZephyr (UnityEngine.Transform,QuizBattle.Characters.CharacterVisual&,System.Collections.Generic.List`1<UnityEngine.Renderer>,QuizBattle.Arena.Visuals.TokenIdleAnimator) (at Assets/Scripts/Arena/Visuals/CharacterVisualBuilder.cs:213)
QuizBattle.Arena.Visuals.CharacterVisualBuilder:Build (QuizBattle.Characters.CharacterVisual&,UnityEngine.Transform) (at Assets/Scripts/Arena/Visuals/CharacterVisualBuilder.cs:35)
QuizBattle.Arena.CharacterToken:Create (string,QuizBattle.Characters.CharacterVisual&,UnityEngine.Vector3) (at Assets/Scripts/Arena/CharacterToken.cs:54)
QuizBattle.GameState.GameManager:RunAutoPlayMatch (int,int) (at Assets/Scripts/GameState/GameManager.cs:76)
CaptureCurrentArena:Capture () (at Assets/Editor/CaptureCurrentArena.cs:22)

[Assets/Scripts/GameState/GameManager.cs line 76]

Hilt: Destroy may not be called from edit mode! Use DestroyImmediate instead.
Destroying an object in edit mode destroys it permanently
UnityEngine.Debug:ExtractStackTraceNoAlloc (byte*,int,string)
UnityEngine.StackTraceUtility:ExtractStackTrace ()
UnityEngine.Object:Destroy (UnityEngine.Object,single)
UnityEngine.Object:Destroy (UnityEngine.Object)
QuizBattle.Arena.Visuals.CharacterVisualBuilder:CreatePrimitivePart (UnityEngine.Transform,string,UnityEngine.PrimitiveType,UnityEngine.Vector3,UnityEngine.Quaternion,UnityEngine.Vector3,UnityEngine.Material,System.Collections.Generic.List`1<UnityEngine.Renderer>) (at Assets/Scripts/Arena/Visuals/CharacterVisualBuilder.cs:340)
QuizBattle.Arena.Visuals.CharacterVisualBuilder:BuildZephyr (UnityEngine.Transform,QuizBattle.Characters.CharacterVisual&,System.Collections.Generic.List`1<UnityEngine.Renderer>,QuizBattle.Arena.Visuals.TokenIdleAnimator) (at Assets/Scripts/Arena/Visuals/CharacterVisualBuilder.cs:214)
QuizBattle.Arena.Visuals.CharacterVisualBuilder:Build (QuizBattle.Characters.CharacterVisual&,UnityEngine.Transform) (at Assets/Scripts/Arena/Visuals/CharacterVisualBuilder.cs:35)
QuizBattle.Arena.CharacterToken:Create (string,QuizBattle.Characters.CharacterVisual&,UnityEngine.Vector3) (at Assets/Scripts/Arena/CharacterToken.cs:54)
QuizBattle.GameState.GameManager:RunAutoPlayMatch (int,int) (at Assets/Scripts/GameState/GameManager.cs:76)
CaptureCurrentArena:Capture () (at Assets/Editor/CaptureCurrentArena.cs:22)

[Assets/Scripts/GameState/GameManager.cs line 76]

LegL: Destroy may not be called from edit mode! Use DestroyImmediate instead.
Destroying an object in edit mode destroys it permanently
UnityEngine.Debug:ExtractStackTraceNoAlloc (byte*,int,string)
UnityEngine.StackTraceUtility:ExtractStackTrace ()
UnityEngine.Object:Destroy (UnityEngine.Object,single)
UnityEngine.Object:Destroy (UnityEngine.Object)
QuizBattle.Arena.Visuals.CharacterVisualBuilder:CreatePrimitivePart (UnityEngine.Transform,string,UnityEngine.PrimitiveType,UnityEngine.Vector3,UnityEngine.Quaternion,UnityEngine.Vector3,UnityEngine.Material,System.Collections.Generic.List`1<UnityEngine.Renderer>) (at Assets/Scripts/Arena/Visuals/CharacterVisualBuilder.cs:340)
QuizBattle.Arena.Visuals.CharacterVisualBuilder:BuildZephyr (UnityEngine.Transform,QuizBattle.Characters.CharacterVisual&,System.Collections.Generic.List`1<UnityEngine.Renderer>,QuizBattle.Arena.Visuals.TokenIdleAnimator) (at Assets/Scripts/Arena/Visuals/CharacterVisualBuilder.cs:227)
QuizBattle.Arena.Visuals.CharacterVisualBuilder:Build (QuizBattle.Characters.CharacterVisual&,UnityEngine.Transform) (at Assets/Scripts/Arena/Visuals/CharacterVisualBuilder.cs:35)
QuizBattle.Arena.CharacterToken:Create (string,QuizBattle.Characters.CharacterVisual&,UnityEngine.Vector3) (at Assets/Scripts/Arena/CharacterToken.cs:54)
QuizBattle.GameState.GameManager:RunAutoPlayMatch (int,int) (at Assets/Scripts/GameState/GameManager.cs:76)
CaptureCurrentArena:Capture () (at Assets/Editor/CaptureCurrentArena.cs:22)

[Assets/Scripts/GameState/GameManager.cs line 76]

LegR: Destroy may not be called from edit mode! Use DestroyImmediate instead.
Destroying an object in edit mode destroys it permanently
UnityEngine.Debug:ExtractStackTraceNoAlloc (byte*,int,string)
UnityEngine.StackTraceUtility:ExtractStackTrace ()
UnityEngine.Object:Destroy (UnityEngine.Object,single)
UnityEngine.Object:Destroy (UnityEngine.Object)
QuizBattle.Arena.Visuals.CharacterVisualBuilder:CreatePrimitivePart (UnityEngine.Transform,string,UnityEngine.PrimitiveType,UnityEngine.Vector3,UnityEngine.Quaternion,UnityEngine.Vector3,UnityEngine.Material,System.Collections.Generic.List`1<UnityEngine.Renderer>) (at Assets/Scripts/Arena/Visuals/CharacterVisualBuilder.cs:340)
QuizBattle.Arena.Visuals.CharacterVisualBuilder:BuildZephyr (UnityEngine.Transform,QuizBattle.Characters.CharacterVisual&,System.Collections.Generic.List`1<UnityEngine.Renderer>,QuizBattle.Arena.Visuals.TokenIdleAnimator) (at Assets/Scripts/Arena/Visuals/CharacterVisualBuilder.cs:228)
QuizBattle.Arena.Visuals.CharacterVisualBuilder:Build (QuizBattle.Characters.CharacterVisual&,UnityEngine.Transform) (at Assets/Scripts/Arena/Visuals/CharacterVisualBuilder.cs:35)
QuizBattle.Arena.CharacterToken:Create (string,QuizBattle.Characters.CharacterVisual&,UnityEngine.Vector3) (at Assets/Scripts/Arena/CharacterToken.cs:54)
QuizBattle.GameState.GameManager:RunAutoPlayMatch (int,int) (at Assets/Scripts/GameState/GameManager.cs:76)
CaptureCurrentArena:Capture () (at Assets/Editor/CaptureCurrentArena.cs:22)

[Assets/Scripts/GameState/GameManager.cs line 76]

FootL: Destroy may not be called from edit mode! Use DestroyImmediate instead.
Destroying an object in edit mode destroys it permanently
UnityEngine.Debug:ExtractStackTraceNoAlloc (byte*,int,string)
UnityEngine.StackTraceUtility:ExtractStackTrace ()
UnityEngine.Object:Destroy (UnityEngine.Object,single)
UnityEngine.Object:Destroy (UnityEngine.Object)
QuizBattle.Arena.Visuals.CharacterVisualBuilder:CreatePrimitivePart (UnityEngine.Transform,string,UnityEngine.PrimitiveType,UnityEngine.Vector3,UnityEngine.Quaternion,UnityEngine.Vector3,UnityEngine.Material,System.Collections.Generic.List`1<UnityEngine.Renderer>) (at Assets/Scripts/Arena/Visuals/CharacterVisualBuilder.cs:340)
QuizBattle.Arena.Visuals.CharacterVisualBuilder:BuildZephyr (UnityEngine.Transform,QuizBattle.Characters.CharacterVisual&,System.Collections.Generic.List`1<UnityEngine.Renderer>,QuizBattle.Arena.Visuals.TokenIdleAnimator) (at Assets/Scripts/Arena/Visuals/CharacterVisualBuilder.cs:229)
QuizBattle.Arena.Visuals.CharacterVisualBuilder:Build (QuizBattle.Characters.CharacterVisual&,UnityEngine.Transform) (at Assets/Scripts/Arena/Visuals/CharacterVisualBuilder.cs:35)
QuizBattle.Arena.CharacterToken:Create (string,QuizBattle.Characters.CharacterVisual&,UnityEngine.Vector3) (at Assets/Scripts/Arena/CharacterToken.cs:54)
QuizBattle.GameState.GameManager:RunAutoPlayMatch (int,int) (at Assets/Scripts/GameState/GameManager.cs:76)
CaptureCurrentArena:Capture () (at Assets/Editor/CaptureCurrentArena.cs:22)

[Assets/Scripts/GameState/GameManager.cs line 76]

FootR: Destroy may not be called from edit mode! Use DestroyImmediate instead.
Destroying an object in edit mode destroys it permanently
UnityEngine.Debug:ExtractStackTraceNoAlloc (byte*,int,string)
UnityEngine.StackTraceUtility:ExtractStackTrace ()
UnityEngine.Object:Destroy (UnityEngine.Object,single)
UnityEngine.Object:Destroy (UnityEngine.Object)
QuizBattle.Arena.Visuals.CharacterVisualBuilder:CreatePrimitivePart (UnityEngine.Transform,string,UnityEngine.PrimitiveType,UnityEngine.Vector3,UnityEngine.Quaternion,UnityEngine.Vector3,UnityEngine.Material,System.Collections.Generic.List`1<UnityEngine.Renderer>) (at Assets/Scripts/Arena/Visuals/CharacterVisualBuilder.cs:340)
QuizBattle.Arena.Visuals.CharacterVisualBuilder:BuildZephyr (UnityEngine.Transform,QuizBattle.Characters.CharacterVisual&,System.Collections.Generic.List`1<UnityEngine.Renderer>,QuizBattle.Arena.Visuals.TokenIdleAnimator) (at Assets/Scripts/Arena/Visuals/CharacterVisualBuilder.cs:230)
QuizBattle.Arena.Visuals.CharacterVisualBuilder:Build (QuizBattle.Characters.CharacterVisual&,UnityEngine.Transform) (at Assets/Scripts/Arena/Visuals/CharacterVisualBuilder.cs:35)
QuizBattle.Arena.CharacterToken:Create (string,QuizBattle.Characters.CharacterVisual&,UnityEngine.Vector3) (at Assets/Scripts/Arena/CharacterToken.cs:54)
QuizBattle.GameState.GameManager:RunAutoPlayMatch (int,int) (at Assets/Scripts/GameState/GameManager.cs:76)
CaptureCurrentArena:Capture () (at Assets/Editor/CaptureCurrentArena.cs:22)

[Assets/Scripts/GameState/GameManager.cs line 76]

BlobShadow: Destroy may not be called from edit mode! Use DestroyImmediate instead.
Destroying an object in edit mode destroys it permanently
UnityEngine.Debug:ExtractStackTraceNoAlloc (byte*,int,string)
UnityEngine.StackTraceUtility:ExtractStackTrace ()
UnityEngine.Object:Destroy (UnityEngine.Object,single)
UnityEngine.Object:Destroy (UnityEngine.Object)
QuizBattle.Arena.Visuals.CharacterVisualBuilder:CreatePrimitivePart (UnityEngine.Transform,string,UnityEngine.PrimitiveType,UnityEngine.Vector3,UnityEngine.Quaternion,UnityEngine.Vector3,UnityEngine.Material,System.Collections.Generic.List`1<UnityEngine.Renderer>) (at Assets/Scripts/Arena/Visuals/CharacterVisualBuilder.cs:340)
QuizBattle.Arena.Visuals.CharacterVisualBuilder:AddGroundDisc (UnityEngine.Transform,UnityEngine.Color,System.Collections.Generic.List`1<UnityEngine.Renderer>,single) (at Assets/Scripts/Arena/Visuals/CharacterVisualBuilder.cs:307)
QuizBattle.Arena.Visuals.CharacterVisualBuilder:BuildZephyr (UnityEngine.Transform,QuizBattle.Characters.CharacterVisual&,System.Collections.Generic.List`1<UnityEngine.Renderer>,QuizBattle.Arena.Visuals.TokenIdleAnimator) (at Assets/Scripts/Arena/Visuals/CharacterVisualBuilder.cs:232)
QuizBattle.Arena.Visuals.CharacterVisualBuilder:Build (QuizBattle.Characters.CharacterVisual&,UnityEngine.Transform) (at Assets/Scripts/Arena/Visuals/CharacterVisualBuilder.cs:35)
QuizBattle.Arena.CharacterToken:Create (string,QuizBattle.Characters.CharacterVisual&,UnityEngine.Vector3) (at Assets/Scripts/Arena/CharacterToken.cs:54)
QuizBattle.GameState.GameManager:RunAutoPlayMatch (int,int) (at Assets/Scripts/GameState/GameManager.cs:76)
CaptureCurrentArena:Capture () (at Assets/Editor/CaptureCurrentArena.cs:22)

[Assets/Scripts/GameState/GameManager.cs line 76]

Instantiating material due to calling renderer.material during edit mode. This will leak materials into the scene. You most likely want to use renderer.sharedMaterial instead.
UnityEngine.Debug:ExtractStackTraceNoAlloc (byte*,int,string)
UnityEngine.StackTraceUtility:ExtractStackTrace ()
UnityEngine.Renderer:GetMaterial ()
UnityEngine.Renderer:get_material ()
TMPro.TextMeshPro:SetOutlineThickness (single) (at ./Library/PackageCache/com.unity.ugui@67707a67a4ab/Runtime/TMP/TextMeshPro.cs:1318)
TMPro.TMP_Text:set_outlineWidth (single) (at ./Library/PackageCache/com.unity.ugui@67707a67a4ab/Runtime/TMP/TMP_Text.cs:450)
QuizBattle.Arena.CharacterToken:CreateNameLabel (UnityEngine.Transform) (at Assets/Scripts/Arena/CharacterToken.cs:139)
QuizBattle.Arena.CharacterToken:Create (string,QuizBattle.Characters.CharacterVisual&,UnityEngine.Vector3) (at Assets/Scripts/Arena/CharacterToken.cs:61)
QuizBattle.GameState.GameManager:RunAutoPlayMatch (int,int) (at Assets/Scripts/GameState/GameManager.cs:76)
CaptureCurrentArena:Capture () (at Assets/Editor/CaptureCurrentArena.cs:22)

[Assets/Scripts/GameState/GameManager.cs line 76]

HpBarFrame: Destroy may not be called from edit mode! Use DestroyImmediate instead.
Destroying an object in edit mode destroys it permanently
UnityEngine.Debug:ExtractStackTraceNoAlloc (byte*,int,string)
UnityEngine.StackTraceUtility:ExtractStackTrace ()
UnityEngine.Object:Destroy (UnityEngine.Object,single)
UnityEngine.Object:Destroy (UnityEngine.Object)
QuizBattle.Arena.CharacterToken:CreateHpBar (UnityEngine.Transform,UnityEngine.Color) (at Assets/Scripts/Arena/CharacterToken.cs:155)
QuizBattle.Arena.CharacterToken:Create (string,QuizBattle.Characters.CharacterVisual&,UnityEngine.Vector3) (at Assets/Scripts/Arena/CharacterToken.cs:62)
QuizBattle.GameState.GameManager:RunAutoPlayMatch (int,int) (at Assets/Scripts/GameState/GameManager.cs:76)
CaptureCurrentArena:Capture () (at Assets/Editor/CaptureCurrentArena.cs:22)

[Assets/Scripts/GameState/GameManager.cs line 76]

HpBarBg: Destroy may not be called from edit mode! Use DestroyImmediate instead.
Destroying an object in edit mode destroys it permanently
UnityEngine.Debug:ExtractStackTraceNoAlloc (byte*,int,string)
UnityEngine.StackTraceUtility:ExtractStackTrace ()
UnityEngine.Object:Destroy (UnityEngine.Object,single)
UnityEngine.Object:Destroy (UnityEngine.Object)
QuizBattle.Arena.CharacterToken:CreateHpBar (UnityEngine.Transform,UnityEngine.Color) (at Assets/Scripts/Arena/CharacterToken.cs:174)
QuizBattle.Arena.CharacterToken:Create (string,QuizBattle.Characters.CharacterVisual&,UnityEngine.Vector3) (at Assets/Scripts/Arena/CharacterToken.cs:62)
QuizBattle.GameState.GameManager:RunAutoPlayMatch (int,int) (at Assets/Scripts/GameState/GameManager.cs:76)
CaptureCurrentArena:Capture () (at Assets/Editor/CaptureCurrentArena.cs:22)

[Assets/Scripts/GameState/GameManager.cs line 76]

HpBarFill: Destroy may not be called from edit mode! Use DestroyImmediate instead.
Destroying an object in edit mode destroys it permanently
UnityEngine.Debug:ExtractStackTraceNoAlloc (byte*,int,string)
UnityEngine.StackTraceUtility:ExtractStackTrace ()
UnityEngine.Object:Destroy (UnityEngine.Object,single)
UnityEngine.Object:Destroy (UnityEngine.Object)
QuizBattle.Arena.CharacterToken:CreateHpBar (UnityEngine.Transform,UnityEngine.Color) (at Assets/Scripts/Arena/CharacterToken.cs:197)
QuizBattle.Arena.CharacterToken:Create (string,QuizBattle.Characters.CharacterVisual&,UnityEngine.Vector3) (at Assets/Scripts/Arena/CharacterToken.cs:62)
QuizBattle.GameState.GameManager:RunAutoPlayMatch (int,int) (at Assets/Scripts/GameState/GameManager.cs:76)
CaptureCurrentArena:Capture () (at Assets/Editor/CaptureCurrentArena.cs:22)

[Assets/Scripts/GameState/GameManager.cs line 76]

MainIceCube: Destroy may not be called from edit mode! Use DestroyImmediate instead.
Destroying an object in edit mode destroys it permanently
UnityEngine.Debug:ExtractStackTraceNoAlloc (byte*,int,string)
UnityEngine.StackTraceUtility:ExtractStackTrace ()
UnityEngine.Object:Destroy (UnityEngine.Object,single)
UnityEngine.Object:Destroy (UnityEngine.Object)
QuizBattle.Arena.CharacterToken:CreateFrozenIndicator (UnityEngine.Transform) (at Assets/Scripts/Arena/CharacterToken.cs:96)
QuizBattle.Arena.CharacterToken:Create (string,QuizBattle.Characters.CharacterVisual&,UnityEngine.Vector3) (at Assets/Scripts/Arena/CharacterToken.cs:63)
QuizBattle.GameState.GameManager:RunAutoPlayMatch (int,int) (at Assets/Scripts/GameState/GameManager.cs:76)
CaptureCurrentArena:Capture () (at Assets/Editor/CaptureCurrentArena.cs:22)

[Assets/Scripts/GameState/GameManager.cs line 76]

IceSpike_0: Destroy may not be called from edit mode! Use DestroyImmediate instead.
Destroying an object in edit mode destroys it permanently
UnityEngine.Debug:ExtractStackTraceNoAlloc (byte*,int,string)
UnityEngine.StackTraceUtility:ExtractStackTrace ()
UnityEngine.Object:Destroy (UnityEngine.Object,single)
UnityEngine.Object:Destroy (UnityEngine.Object)
QuizBattle.Arena.CharacterToken:CreateFrozenIndicator (UnityEngine.Transform) (at Assets/Scripts/Arena/CharacterToken.cs:109)
QuizBattle.Arena.CharacterToken:Create (string,QuizBattle.Characters.CharacterVisual&,UnityEngine.Vector3) (at Assets/Scripts/Arena/CharacterToken.cs:63)
QuizBattle.GameState.GameManager:RunAutoPlayMatch (int,int) (at Assets/Scripts/GameState/GameManager.cs:76)
CaptureCurrentArena:Capture () (at Assets/Editor/CaptureCurrentArena.cs:22)

[Assets/Scripts/GameState/GameManager.cs line 76]

IceSpike_1: Destroy may not be called from edit mode! Use DestroyImmediate instead.
Destroying an object in edit mode destroys it permanently
UnityEngine.Debug:ExtractStackTraceNoAlloc (byte*,int,string)
UnityEngine.StackTraceUtility:ExtractStackTrace ()
UnityEngine.Object:Destroy (UnityEngine.Object,single)
UnityEngine.Object:Destroy (UnityEngine.Object)
QuizBattle.Arena.CharacterToken:CreateFrozenIndicator (UnityEngine.Transform) (at Assets/Scripts/Arena/CharacterToken.cs:109)
QuizBattle.Arena.CharacterToken:Create (string,QuizBattle.Characters.CharacterVisual&,UnityEngine.Vector3) (at Assets/Scripts/Arena/CharacterToken.cs:63)
QuizBattle.GameState.GameManager:RunAutoPlayMatch (int,int) (at Assets/Scripts/GameState/GameManager.cs:76)
CaptureCurrentArena:Capture () (at Assets/Editor/CaptureCurrentArena.cs:22)

[Assets/Scripts/GameState/GameManager.cs line 76]

IceSpike_2: Destroy may not be called from edit mode! Use DestroyImmediate instead.
Destroying an object in edit mode destroys it permanently
UnityEngine.Debug:ExtractStackTraceNoAlloc (byte*,int,string)
UnityEngine.StackTraceUtility:ExtractStackTrace ()
UnityEngine.Object:Destroy (UnityEngine.Object,single)
UnityEngine.Object:Destroy (UnityEngine.Object)
QuizBattle.Arena.CharacterToken:CreateFrozenIndicator (UnityEngine.Transform) (at Assets/Scripts/Arena/CharacterToken.cs:109)
QuizBattle.Arena.CharacterToken:Create (string,QuizBattle.Characters.CharacterVisual&,UnityEngine.Vector3) (at Assets/Scripts/Arena/CharacterToken.cs:63)
QuizBattle.GameState.GameManager:RunAutoPlayMatch (int,int) (at Assets/Scripts/GameState/GameManager.cs:76)
CaptureCurrentArena:Capture () (at Assets/Editor/CaptureCurrentArena.cs:22)

[Assets/Scripts/GameState/GameManager.cs line 76]

IceSpike_3: Destroy may not be called from edit mode! Use DestroyImmediate instead.
Destroying an object in edit mode destroys it permanently
UnityEngine.Debug:ExtractStackTraceNoAlloc (byte*,int,string)
UnityEngine.StackTraceUtility:ExtractStackTrace ()
UnityEngine.Object:Destroy (UnityEngine.Object,single)
UnityEngine.Object:Destroy (UnityEngine.Object)
QuizBattle.Arena.CharacterToken:CreateFrozenIndicator (UnityEngine.Transform) (at Assets/Scripts/Arena/CharacterToken.cs:109)
QuizBattle.Arena.CharacterToken:Create (string,QuizBattle.Characters.CharacterVisual&,UnityEngine.Vector3) (at Assets/Scripts/Arena/CharacterToken.cs:63)
QuizBattle.GameState.GameManager:RunAutoPlayMatch (int,int) (at Assets/Scripts/GameState/GameManager.cs:76)
CaptureCurrentArena:Capture () (at Assets/Editor/CaptureCurrentArena.cs:22)

[Assets/Scripts/GameState/GameManager.cs line 76]

FrostRing: Destroy may not be called from edit mode! Use DestroyImmediate instead.
Destroying an object in edit mode destroys it permanently
UnityEngine.Debug:ExtractStackTraceNoAlloc (byte*,int,string)
UnityEngine.StackTraceUtility:ExtractStackTrace ()
UnityEngine.Object:Destroy (UnityEngine.Object,single)
UnityEngine.Object:Destroy (UnityEngine.Object)
QuizBattle.Arena.CharacterToken:CreateFrozenIndicator (UnityEngine.Transform) (at Assets/Scripts/Arena/CharacterToken.cs:119)
QuizBattle.Arena.CharacterToken:Create (string,QuizBattle.Characters.CharacterVisual&,UnityEngine.Vector3) (at Assets/Scripts/Arena/CharacterToken.cs:63)
QuizBattle.GameState.GameManager:RunAutoPlayMatch (int,int) (at Assets/Scripts/GameState/GameManager.cs:76)
CaptureCurrentArena:Capture () (at Assets/Editor/CaptureCurrentArena.cs:22)

[Assets/Scripts/GameState/GameManager.cs line 76]

[HUD] Match started! Race to the top row.
UnityEngine.Debug:ExtractStackTraceNoAlloc (byte*,int,string)
UnityEngine.StackTraceUtility:ExtractStackTrace ()
UnityEngine.DebugLogHandler:Internal_Log (UnityEngine.LogType,UnityEngine.LogOption,string,UnityEngine.Object)
UnityEngine.DebugLogHandler:LogFormat (UnityEngine.LogType,UnityEngine.Object,string,object[])
UnityEngine.Logger:Log (UnityEngine.LogType,object)
UnityEngine.Debug:Log (object)
QuizBattle.UI.HUD.HudController:Log (string) (at Assets/Scripts/UI/HUD/HudController.cs:197)
QuizBattle.GameState.GameManager:RunAutoPlayMatch (int,int) (at Assets/Scripts/GameState/GameManager.cs:82)
CaptureCurrentArena:Capture () (at Assets/Editor/CaptureCurrentArena.cs:22)

(Filename: Assets/Scripts/UI/HUD/HudController.cs Line: 197)

Instantiating material due to calling renderer.material during edit mode. This will leak materials into the scene. You most likely want to use renderer.sharedMaterial instead.
UnityEngine.Debug:ExtractStackTraceNoAlloc (byte*,int,string)
UnityEngine.StackTraceUtility:ExtractStackTrace ()
UnityEngine.Renderer:GetMaterial ()
UnityEngine.Renderer:get_material ()
TMPro.TextMeshPro:SetOutlineThickness (single) (at ./Library/PackageCache/com.unity.ugui@67707a67a4ab/Runtime/TMP/TextMeshPro.cs:1318)
TMPro.TMP_Text:set_outlineWidth (single) (at ./Library/PackageCache/com.unity.ugui@67707a67a4ab/Runtime/TMP/TMP_Text.cs:450)
QuizBattle.Arena.Visuals.FloatingCombatText:Spawn (UnityEngine.Vector3,string,UnityEngine.Color,single) (at Assets/Scripts/Arena/Visuals/FloatingCombatText.cs:40)
QuizBattle.GameState.GameManager:RunAutoPlayMatch (int,int) (at Assets/Scripts/GameState/GameManager.cs:106)
CaptureCurrentArena:Capture () (at Assets/Editor/CaptureCurrentArena.cs:22)

[Assets/Scripts/GameState/GameManager.cs line 106]

Instantiating material due to calling renderer.material during edit mode. This will leak materials into the scene. You most likely want to use renderer.sharedMaterial instead.
UnityEngine.Debug:ExtractStackTraceNoAlloc (byte*,int,string)
UnityEngine.StackTraceUtility:ExtractStackTrace ()
UnityEngine.Renderer:GetMaterial ()
UnityEngine.Renderer:get_material ()
TMPro.TextMeshPro:SetOutlineThickness (single) (at ./Library/PackageCache/com.unity.ugui@67707a67a4ab/Runtime/TMP/TextMeshPro.cs:1318)
TMPro.TMP_Text:set_outlineWidth (single) (at ./Library/PackageCache/com.unity.ugui@67707a67a4ab/Runtime/TMP/TMP_Text.cs:450)
QuizBattle.Arena.Visuals.FloatingCombatText:Spawn (UnityEngine.Vector3,string,UnityEngine.Color,single) (at Assets/Scripts/Arena/Visuals/FloatingCombatText.cs:40)
QuizBattle.GameState.GameManager:RunAutoPlayMatch (int,int) (at Assets/Scripts/GameState/GameManager.cs:106)
CaptureCurrentArena:Capture () (at Assets/Editor/CaptureCurrentArena.cs:22)

[Assets/Scripts/GameState/GameManager.cs line 106]

Instantiating material due to calling renderer.material during edit mode. This will leak materials into the scene. You most likely want to use renderer.sharedMaterial instead.
UnityEngine.Debug:ExtractStackTraceNoAlloc (byte*,int,string)
UnityEngine.StackTraceUtility:ExtractStackTrace ()
UnityEngine.Renderer:GetMaterial ()
UnityEngine.Renderer:get_material ()
TMPro.TextMeshPro:SetOutlineThickness (single) (at ./Library/PackageCache/com.unity.ugui@67707a67a4ab/Runtime/TMP/TextMeshPro.cs:1318)
TMPro.TMP_Text:set_outlineWidth (single) (at ./Library/PackageCache/com.unity.ugui@67707a67a4ab/Runtime/TMP/TMP_Text.cs:450)
QuizBattle.Arena.Visuals.FloatingCombatText:Spawn (UnityEngine.Vector3,string,UnityEngine.Color,single) (at Assets/Scripts/Arena/Visuals/FloatingCombatText.cs:40)
QuizBattle.GameState.GameManager:RunAutoPlayMatch (int,int) (at Assets/Scripts/GameState/GameManager.cs:106)
CaptureCurrentArena:Capture () (at Assets/Editor/CaptureCurrentArena.cs:22)

[Assets/Scripts/GameState/GameManager.cs line 106]

Instantiating material due to calling renderer.material during edit mode. This will leak materials into the scene. You most likely want to use renderer.sharedMaterial instead.
UnityEngine.Debug:ExtractStackTraceNoAlloc (byte*,int,string)
UnityEngine.StackTraceUtility:ExtractStackTrace ()
UnityEngine.Renderer:GetMaterial ()
UnityEngine.Renderer:get_material ()
TMPro.TextMeshPro:SetOutlineThickness (single) (at ./Library/PackageCache/com.unity.ugui@67707a67a4ab/Runtime/TMP/TextMeshPro.cs:1318)
TMPro.TMP_Text:set_outlineWidth (single) (at ./Library/PackageCache/com.unity.ugui@67707a67a4ab/Runtime/TMP/TMP_Text.cs:450)
QuizBattle.Arena.Visuals.FloatingCombatText:Spawn (UnityEngine.Vector3,string,UnityEngine.Color,single) (at Assets/Scripts/Arena/Visuals/FloatingCombatText.cs:40)
QuizBattle.GameState.GameManager:RunAutoPlayMatch (int,int) (at Assets/Scripts/GameState/GameManager.cs:106)
CaptureCurrentArena:Capture () (at Assets/Editor/CaptureCurrentArena.cs:22)

[Assets/Scripts/GameState/GameManager.cs line 106]

Instantiating material due to calling renderer.material during edit mode. This will leak materials into the scene. You most likely want to use renderer.sharedMaterial instead.
UnityEngine.Debug:ExtractStackTraceNoAlloc (byte*,int,string)
UnityEngine.StackTraceUtility:ExtractStackTrace ()
UnityEngine.Renderer:GetMaterial ()
UnityEngine.Renderer:get_material ()
TMPro.TextMeshPro:SetOutlineThickness (single) (at ./Library/PackageCache/com.unity.ugui@67707a67a4ab/Runtime/TMP/TextMeshPro.cs:1318)
TMPro.TMP_Text:set_outlineWidth (single) (at ./Library/PackageCache/com.unity.ugui@67707a67a4ab/Runtime/TMP/TMP_Text.cs:450)
QuizBattle.Arena.Visuals.FloatingCombatText:Spawn (UnityEngine.Vector3,string,UnityEngine.Color,single) (at Assets/Scripts/Arena/Visuals/FloatingCombatText.cs:40)
QuizBattle.GameState.GameManager:RunAutoPlayMatch (int,int) (at Assets/Scripts/GameState/GameManager.cs:106)
CaptureCurrentArena:Capture () (at Assets/Editor/CaptureCurrentArena.cs:22)

[Assets/Scripts/GameState/GameManager.cs line 106]

Vfx_Streaks: Destroy may not be called from edit mode! Use DestroyImmediate instead.
Destroying an object in edit mode destroys it permanently
UnityEngine.Debug:ExtractStackTraceNoAlloc (byte*,int,string)
UnityEngine.StackTraceUtility:ExtractStackTrace ()
UnityEngine.Object:Destroy (UnityEngine.Object,single)
QuizBattle.Arena.Vfx.ParticleFactory:Streaks (UnityEngine.Vector3,UnityEngine.Vector3,UnityEngine.Color,single,int) (at Assets/Scripts/Arena/Vfx/ParticleFactory.cs:103)
QuizBattle.Arena.Vfx.AbilityVfxPlayer:PlayBasicStrike (UnityEngine.Vector3,UnityEngine.Vector3,System.Collections.Generic.List`1<UnityEngine.ParticleSystem>) (at Assets/Scripts/Arena/Vfx/AbilityVfxPlayer.cs:97)
QuizBattle.Arena.Vfx.AbilityVfxPlayer:Play (string,UnityEngine.Vector3,UnityEngine.Vector3,bool) (at Assets/Scripts/Arena/Vfx/AbilityVfxPlayer.cs:40)
QuizBattle.GameState.GameManager:HandleReward (QuizBattle.GameState.MockEngine.PlayerState,QuizBattle.GameState.MockEngine.PendingReward,System.Random) (at Assets/Scripts/GameState/GameManager.cs:140)
QuizBattle.GameState.GameManager:RunAutoPlayMatch (int,int) (at Assets/Scripts/GameState/GameManager.cs:111)
CaptureCurrentArena:Capture () (at Assets/Editor/CaptureCurrentArena.cs:22)

[Assets/Scripts/GameState/GameManager.cs line 140]

Vfx_Burst: Destroy may not be called from edit mode! Use DestroyImmediate instead.
Destroying an object in edit mode destroys it permanently
UnityEngine.Debug:ExtractStackTraceNoAlloc (byte*,int,string)
UnityEngine.StackTraceUtility:ExtractStackTrace ()
UnityEngine.Object:Destroy (UnityEngine.Object,single)
QuizBattle.Arena.Vfx.ParticleFactory:Burst (UnityEngine.Vector3,UnityEngine.Color,single,int,single,single) (at Assets/Scripts/Arena/Vfx/ParticleFactory.cs:51)
QuizBattle.Arena.Vfx.AbilityVfxPlayer:PlayBasicStrike (UnityEngine.Vector3,UnityEngine.Vector3,System.Collections.Generic.List`1<UnityEngine.ParticleSystem>) (at Assets/Scripts/Arena/Vfx/AbilityVfxPlayer.cs:98)
QuizBattle.Arena.Vfx.AbilityVfxPlayer:Play (string,UnityEngine.Vector3,UnityEngine.Vector3,bool) (at Assets/Scripts/Arena/Vfx/AbilityVfxPlayer.cs:40)
QuizBattle.GameState.GameManager:HandleReward (QuizBattle.GameState.MockEngine.PlayerState,QuizBattle.GameState.MockEngine.PendingReward,System.Random) (at Assets/Scripts/GameState/GameManager.cs:140)
QuizBattle.GameState.GameManager:RunAutoPlayMatch (int,int) (at Assets/Scripts/GameState/GameManager.cs:111)
CaptureCurrentArena:Capture () (at Assets/Editor/CaptureCurrentArena.cs:22)

[Assets/Scripts/GameState/GameManager.cs line 140]

Vfx_RingWave: Destroy may not be called from edit mode! Use DestroyImmediate instead.
Destroying an object in edit mode destroys it permanently
UnityEngine.Debug:ExtractStackTraceNoAlloc (byte*,int,string)
UnityEngine.StackTraceUtility:ExtractStackTrace ()
UnityEngine.Object:Destroy (UnityEngine.Object,single)
QuizBattle.Arena.Vfx.ParticleFactory:RingWave (UnityEngine.Vector3,UnityEngine.Color,single,single,single,bool) (at Assets/Scripts/Arena/Vfx/ParticleFactory.cs:151)
QuizBattle.Arena.Vfx.AbilityVfxPlayer:PlayBasicStrike (UnityEngine.Vector3,UnityEngine.Vector3,System.Collections.Generic.List`1<UnityEngine.ParticleSystem>) (at Assets/Scripts/Arena/Vfx/AbilityVfxPlayer.cs:99)
QuizBattle.Arena.Vfx.AbilityVfxPlayer:Play (string,UnityEngine.Vector3,UnityEngine.Vector3,bool) (at Assets/Scripts/Arena/Vfx/AbilityVfxPlayer.cs:40)
QuizBattle.GameState.GameManager:HandleReward (QuizBattle.GameState.MockEngine.PlayerState,QuizBattle.GameState.MockEngine.PendingReward,System.Random) (at Assets/Scripts/GameState/GameManager.cs:140)
QuizBattle.GameState.GameManager:RunAutoPlayMatch (int,int) (at Assets/Scripts/GameState/GameManager.cs:111)
CaptureCurrentArena:Capture () (at Assets/Editor/CaptureCurrentArena.cs:22)

[Assets/Scripts/GameState/GameManager.cs line 140]

Instantiating material due to calling renderer.material during edit mode. This will leak materials into the scene. You most likely want to use renderer.sharedMaterial instead.
UnityEngine.Debug:ExtractStackTraceNoAlloc (byte*,int,string)
UnityEngine.StackTraceUtility:ExtractStackTrace ()
UnityEngine.Renderer:GetMaterial ()
UnityEngine.Renderer:get_material ()
TMPro.TextMeshPro:SetOutlineThickness (single) (at ./Library/PackageCache/com.unity.ugui@67707a67a4ab/Runtime/TMP/TextMeshPro.cs:1318)
TMPro.TMP_Text:set_outlineWidth (single) (at ./Library/PackageCache/com.unity.ugui@67707a67a4ab/Runtime/TMP/TMP_Text.cs:450)
QuizBattle.Arena.Visuals.FloatingCombatText:Spawn (UnityEngine.Vector3,string,UnityEngine.Color,single) (at Assets/Scripts/Arena/Visuals/FloatingCombatText.cs:40)
QuizBattle.GameState.GameManager:HandleReward (QuizBattle.GameState.MockEngine.PlayerState,QuizBattle.GameState.MockEngine.PendingReward,System.Random) (at Assets/Scripts/GameState/GameManager.cs:141)
QuizBattle.GameState.GameManager:RunAutoPlayMatch (int,int) (at Assets/Scripts/GameState/GameManager.cs:111)
CaptureCurrentArena:Capture () (at Assets/Editor/CaptureCurrentArena.cs:22)

[Assets/Scripts/GameState/GameManager.cs line 141]

[HUD] Aegis attacks Blaze for 15 dmg!
UnityEngine.Debug:ExtractStackTraceNoAlloc (byte*,int,string)
UnityEngine.StackTraceUtility:ExtractStackTrace ()
UnityEngine.DebugLogHandler:Internal_Log (UnityEngine.LogType,UnityEngine.LogOption,string,UnityEngine.Object)
UnityEngine.DebugLogHandler:LogFormat (UnityEngine.LogType,UnityEngine.Object,string,object[])
UnityEngine.Logger:Log (UnityEngine.LogType,object)
UnityEngine.Debug:Log (object)
QuizBattle.UI.HUD.HudController:Log (string) (at Assets/Scripts/UI/HUD/HudController.cs:197)
QuizBattle.GameState.GameManager:HandleReward (QuizBattle.GameState.MockEngine.PlayerState,QuizBattle.GameState.MockEngine.PendingReward,System.Random) (at Assets/Scripts/GameState/GameManager.cs:143)
QuizBattle.GameState.GameManager:RunAutoPlayMatch (int,int) (at Assets/Scripts/GameState/GameManager.cs:111)
CaptureCurrentArena:Capture () (at Assets/Editor/CaptureCurrentArena.cs:22)

(Filename: Assets/Scripts/UI/HUD/HudController.cs Line: 197)

Instantiating material due to calling renderer.material during edit mode. This will leak materials into the scene. You most likely want to use renderer.sharedMaterial instead.
UnityEngine.Debug:ExtractStackTraceNoAlloc (byte*,int,string)
UnityEngine.StackTraceUtility:ExtractStackTrace ()
UnityEngine.Renderer:GetMaterial ()
UnityEngine.Renderer:get_material ()
TMPro.TextMeshPro:SetOutlineThickness (single) (at ./Library/PackageCache/com.unity.ugui@67707a67a4ab/Runtime/TMP/TextMeshPro.cs:1318)
TMPro.TMP_Text:set_outlineWidth (single) (at ./Library/PackageCache/com.unity.ugui@67707a67a4ab/Runtime/TMP/TMP_Text.cs:450)
QuizBattle.Arena.Visuals.FloatingCombatText:Spawn (UnityEngine.Vector3,string,UnityEngine.Color,single) (at Assets/Scripts/Arena/Visuals/FloatingCombatText.cs:40)
QuizBattle.GameState.GameManager:RunAutoPlayMatch (int,int) (at Assets/Scripts/GameState/GameManager.cs:106)
CaptureCurrentArena:Capture () (at Assets/Editor/CaptureCurrentArena.cs:22)

[Assets/Scripts/GameState/GameManager.cs line 106]

Instantiating material due to calling renderer.material during edit mode. This will leak materials into the scene. You most likely want to use renderer.sharedMaterial instead.
UnityEngine.Debug:ExtractStackTraceNoAlloc (byte*,int,string)
UnityEngine.StackTraceUtility:ExtractStackTrace ()
UnityEngine.Renderer:GetMaterial ()
UnityEngine.Renderer:get_material ()
TMPro.TextMeshPro:SetOutlineThickness (single) (at ./Library/PackageCache/com.unity.ugui@67707a67a4ab/Runtime/TMP/TextMeshPro.cs:1318)
TMPro.TMP_Text:set_outlineWidth (single) (at ./Library/PackageCache/com.unity.ugui@67707a67a4ab/Runtime/TMP/TMP_Text.cs:450)
QuizBattle.Arena.Visuals.FloatingCombatText:Spawn (UnityEngine.Vector3,string,UnityEngine.Color,single) (at Assets/Scripts/Arena/Visuals/FloatingCombatText.cs:40)
QuizBattle.GameState.GameManager:RunAutoPlayMatch (int,int) (at Assets/Scripts/GameState/GameManager.cs:106)
CaptureCurrentArena:Capture () (at Assets/Editor/CaptureCurrentArena.cs:22)

[Assets/Scripts/GameState/GameManager.cs line 106]

Vfx_Beam: Destroy may not be called from edit mode! Use DestroyImmediate instead.
Destroying an object in edit mode destroys it permanently
UnityEngine.Debug:ExtractStackTraceNoAlloc (byte*,int,string)
UnityEngine.StackTraceUtility:ExtractStackTrace ()
UnityEngine.Object:Destroy (UnityEngine.Object,single)
UnityEngine.Object:Destroy (UnityEngine.Object)
QuizBattle.Arena.Vfx.ParticleFactory:Beam (UnityEngine.Vector3,UnityEngine.Vector3,UnityEngine.Color,single,single) (at Assets/Scripts/Arena/Vfx/ParticleFactory.cs:162)
QuizBattle.Arena.Vfx.AbilityVfxPlayer:PlayLifeDrain (UnityEngine.Vector3,UnityEngine.Vector3,System.Collections.Generic.List`1<UnityEngine.ParticleSystem>) (at Assets/Scripts/Arena/Vfx/AbilityVfxPlayer.cs:79)
QuizBattle.Arena.Vfx.AbilityVfxPlayer:Play (string,UnityEngine.Vector3,UnityEngine.Vector3,bool) (at Assets/Scripts/Arena/Vfx/AbilityVfxPlayer.cs:33)
QuizBattle.GameState.GameManager:HandleReward (QuizBattle.GameState.MockEngine.PlayerState,QuizBattle.GameState.MockEngine.PendingReward,System.Random) (at Assets/Scripts/GameState/GameManager.cs:140)
QuizBattle.GameState.GameManager:RunAutoPlayMatch (int,int) (at Assets/Scripts/GameState/GameManager.cs:111)
CaptureCurrentArena:Capture () (at Assets/Editor/CaptureCurrentArena.cs:22)

[Assets/Scripts/GameState/GameManager.cs line 140]

Vfx_Beam: Destroy may not be called from edit mode! Use DestroyImmediate instead.
Destroying an object in edit mode destroys it permanently
UnityEngine.Debug:ExtractStackTraceNoAlloc (byte*,int,string)
UnityEngine.StackTraceUtility:ExtractStackTrace ()
UnityEngine.Object:Destroy (UnityEngine.Object,single)
QuizBattle.Arena.Vfx.ParticleFactory:Beam (UnityEngine.Vector3,UnityEngine.Vector3,UnityEngine.Color,single,single) (at Assets/Scripts/Arena/Vfx/ParticleFactory.cs:177)
QuizBattle.Arena.Vfx.AbilityVfxPlayer:PlayLifeDrain (UnityEngine.Vector3,UnityEngine.Vector3,System.Collections.Generic.List`1<UnityEngine.ParticleSystem>) (at Assets/Scripts/Arena/Vfx/AbilityVfxPlayer.cs:79)
QuizBattle.Arena.Vfx.AbilityVfxPlayer:Play (string,UnityEngine.Vector3,UnityEngine.Vector3,bool) (at Assets/Scripts/Arena/Vfx/AbilityVfxPlayer.cs:33)
QuizBattle.GameState.GameManager:HandleReward (QuizBattle.GameState.MockEngine.PlayerState,QuizBattle.GameState.MockEngine.PendingReward,System.Random) (at Assets/Scripts/GameState/GameManager.cs:140)
QuizBattle.GameState.GameManager:RunAutoPlayMatch (int,int) (at Assets/Scripts/GameState/GameManager.cs:111)
CaptureCurrentArena:Capture () (at Assets/Editor/CaptureCurrentArena.cs:22)

[Assets/Scripts/GameState/GameManager.cs line 140]

Vfx_Burst: Destroy may not be called from edit mode! Use DestroyImmediate instead.
Destroying an object in edit mode destroys it permanently
UnityEngine.Debug:ExtractStackTraceNoAlloc (byte*,int,string)
UnityEngine.StackTraceUtility:ExtractStackTrace ()
UnityEngine.Object:Destroy (UnityEngine.Object,single)
QuizBattle.Arena.Vfx.ParticleFactory:Burst (UnityEngine.Vector3,UnityEngine.Color,single,int,single,single) (at Assets/Scripts/Arena/Vfx/ParticleFactory.cs:51)
QuizBattle.Arena.Vfx.AbilityVfxPlayer:PlayLifeDrain (UnityEngine.Vector3,UnityEngine.Vector3,System.Collections.Generic.List`1<UnityEngine.ParticleSystem>) (at Assets/Scripts/Arena/Vfx/AbilityVfxPlayer.cs:80)
QuizBattle.Arena.Vfx.AbilityVfxPlayer:Play (string,UnityEngine.Vector3,UnityEngine.Vector3,bool) (at Assets/Scripts/Arena/Vfx/AbilityVfxPlayer.cs:33)
QuizBattle.GameState.GameManager:HandleReward (QuizBattle.GameState.MockEngine.PlayerState,QuizBattle.GameState.MockEngine.PendingReward,System.Random) (at Assets/Scripts/GameState/GameManager.cs:140)
QuizBattle.GameState.GameManager:RunAutoPlayMatch (int,int) (at Assets/Scripts/GameState/GameManager.cs:111)
CaptureCurrentArena:Capture () (at Assets/Editor/CaptureCurrentArena.cs:22)

[Assets/Scripts/GameState/GameManager.cs line 140]

Vfx_Burst: Destroy may not be called from edit mode! Use DestroyImmediate instead.
Destroying an object in edit mode destroys it permanently
UnityEngine.Debug:ExtractStackTraceNoAlloc (byte*,int,string)
UnityEngine.StackTraceUtility:ExtractStackTrace ()
UnityEngine.Object:Destroy (UnityEngine.Object,single)
QuizBattle.Arena.Vfx.ParticleFactory:Burst (UnityEngine.Vector3,UnityEngine.Color,single,int,single,single) (at Assets/Scripts/Arena/Vfx/ParticleFactory.cs:51)
QuizBattle.Arena.Vfx.AbilityVfxPlayer:PlayLifeDrain (UnityEngine.Vector3,UnityEngine.Vector3,System.Collections.Generic.List`1<UnityEngine.ParticleSystem>) (at Assets/Scripts/Arena/Vfx/AbilityVfxPlayer.cs:81)
QuizBattle.Arena.Vfx.AbilityVfxPlayer:Play (string,UnityEngine.Vector3,UnityEngine.Vector3,bool) (at Assets/Scripts/Arena/Vfx/AbilityVfxPlayer.cs:33)
QuizBattle.GameState.GameManager:HandleReward (QuizBattle.GameState.MockEngine.PlayerState,QuizBattle.GameState.MockEngine.PendingReward,System.Random) (at Assets/Scripts/GameState/GameManager.cs:140)
QuizBattle.GameState.GameManager:RunAutoPlayMatch (int,int) (at Assets/Scripts/GameState/GameManager.cs:111)
CaptureCurrentArena:Capture () (at Assets/Editor/CaptureCurrentArena.cs:22)

[Assets/Scripts/GameState/GameManager.cs line 140]

Instantiating material due to calling renderer.material during edit mode. This will leak materials into the scene. You most likely want to use renderer.sharedMaterial instead.
UnityEngine.Debug:ExtractStackTraceNoAlloc (byte*,int,string)
UnityEngine.StackTraceUtility:ExtractStackTrace ()
UnityEngine.Renderer:GetMaterial ()
UnityEngine.Renderer:get_material ()
TMPro.TextMeshPro:SetOutlineThickness (single) (at ./Library/PackageCache/com.unity.ugui@67707a67a4ab/Runtime/TMP/TextMeshPro.cs:1318)
TMPro.TMP_Text:set_outlineWidth (single) (at ./Library/PackageCache/com.unity.ugui@67707a67a4ab/Runtime/TMP/TMP_Text.cs:450)
QuizBattle.Arena.Visuals.FloatingCombatText:Spawn (UnityEngine.Vector3,string,UnityEngine.Color,single) (at Assets/Scripts/Arena/Visuals/FloatingCombatText.cs:40)
QuizBattle.GameState.GameManager:HandleReward (QuizBattle.GameState.MockEngine.PlayerState,QuizBattle.GameState.MockEngine.PendingReward,System.Random) (at Assets/Scripts/GameState/GameManager.cs:141)
QuizBattle.GameState.GameManager:RunAutoPlayMatch (int,int) (at Assets/Scripts/GameState/GameManager.cs:111)
CaptureCurrentArena:Capture () (at Assets/Editor/CaptureCurrentArena.cs:22)

[Assets/Scripts/GameState/GameManager.cs line 141]

[HUD] Vera attacks Blaze for 16 dmg!
UnityEngine.Debug:ExtractStackTraceNoAlloc (byte*,int,string)
UnityEngine.StackTraceUtility:ExtractStackTrace ()
UnityEngine.DebugLogHandler:Internal_Log (UnityEngine.LogType,UnityEngine.LogOption,string,UnityEngine.Object)
UnityEngine.DebugLogHandler:LogFormat (UnityEngine.LogType,UnityEngine.Object,string,object[])
UnityEngine.Logger:Log (UnityEngine.LogType,object)
UnityEngine.Debug:Log (object)
QuizBattle.UI.HUD.HudController:Log (string) (at Assets/Scripts/UI/HUD/HudController.cs:197)
QuizBattle.GameState.GameManager:HandleReward (QuizBattle.GameState.MockEngine.PlayerState,QuizBattle.GameState.MockEngine.PendingReward,System.Random) (at Assets/Scripts/GameState/GameManager.cs:143)
QuizBattle.GameState.GameManager:RunAutoPlayMatch (int,int) (at Assets/Scripts/GameState/GameManager.cs:111)
CaptureCurrentArena:Capture () (at Assets/Editor/CaptureCurrentArena.cs:22)

(Filename: Assets/Scripts/UI/HUD/HudController.cs Line: 197)

Instantiating material due to calling renderer.material during edit mode. This will leak materials into the scene. You most likely want to use renderer.sharedMaterial instead.
UnityEngine.Debug:ExtractStackTraceNoAlloc (byte*,int,string)
UnityEngine.StackTraceUtility:ExtractStackTrace ()
UnityEngine.Renderer:GetMaterial ()
UnityEngine.Renderer:get_material ()
TMPro.TextMeshPro:SetOutlineThickness (single) (at ./Library/PackageCache/com.unity.ugui@67707a67a4ab/Runtime/TMP/TextMeshPro.cs:1318)
TMPro.TMP_Text:set_outlineWidth (single) (at ./Library/PackageCache/com.unity.ugui@67707a67a4ab/Runtime/TMP/TMP_Text.cs:450)
QuizBattle.Arena.Visuals.FloatingCombatText:Spawn (UnityEngine.Vector3,string,UnityEngine.Color,single) (at Assets/Scripts/Arena/Visuals/FloatingCombatText.cs:40)
QuizBattle.GameState.GameManager:RunAutoPlayMatch (int,int) (at Assets/Scripts/GameState/GameManager.cs:106)
CaptureCurrentArena:Capture () (at Assets/Editor/CaptureCurrentArena.cs:22)

[Assets/Scripts/GameState/GameManager.cs line 106]

Instantiating material due to calling renderer.material during edit mode. This will leak materials into the scene. You most likely want to use renderer.sharedMaterial instead.
UnityEngine.Debug:ExtractStackTraceNoAlloc (byte*,int,string)
UnityEngine.StackTraceUtility:ExtractStackTrace ()
UnityEngine.Renderer:GetMaterial ()
UnityEngine.Renderer:get_material ()
TMPro.TextMeshPro:SetOutlineThickness (single) (at ./Library/PackageCache/com.unity.ugui@67707a67a4ab/Runtime/TMP/TextMeshPro.cs:1318)
TMPro.TMP_Text:set_outlineWidth (single) (at ./Library/PackageCache/com.unity.ugui@67707a67a4ab/Runtime/TMP/TMP_Text.cs:450)
QuizBattle.Arena.Visuals.FloatingCombatText:Spawn (UnityEngine.Vector3,string,UnityEngine.Color,single) (at Assets/Scripts/Arena/Visuals/FloatingCombatText.cs:40)
QuizBattle.GameState.GameManager:RunAutoPlayMatch (int,int) (at Assets/Scripts/GameState/GameManager.cs:106)
CaptureCurrentArena:Capture () (at Assets/Editor/CaptureCurrentArena.cs:22)

[Assets/Scripts/GameState/GameManager.cs line 106]

[HUD] Aegis got a bonus move toward the goal!
UnityEngine.Debug:ExtractStackTraceNoAlloc (byte*,int,string)
UnityEngine.StackTraceUtility:ExtractStackTrace ()
UnityEngine.DebugLogHandler:Internal_Log (UnityEngine.LogType,UnityEngine.LogOption,string,UnityEngine.Object)
UnityEngine.DebugLogHandler:LogFormat (UnityEngine.LogType,UnityEngine.Object,string,object[])
UnityEngine.Logger:Log (UnityEngine.LogType,object)
UnityEngine.Debug:Log (object)
QuizBattle.UI.HUD.HudController:Log (string) (at Assets/Scripts/UI/HUD/HudController.cs:197)
QuizBattle.GameState.GameManager:HandleReward (QuizBattle.GameState.MockEngine.PlayerState,QuizBattle.GameState.MockEngine.PendingReward,System.Random) (at Assets/Scripts/GameState/GameManager.cs:168)
QuizBattle.GameState.GameManager:RunAutoPlayMatch (int,int) (at Assets/Scripts/GameState/GameManager.cs:111)
CaptureCurrentArena:Capture () (at Assets/Editor/CaptureCurrentArena.cs:22)

(Filename: Assets/Scripts/UI/HUD/HudController.cs Line: 197)

[HUD] MATCH OVER — winner: 1 (Goal)
UnityEngine.Debug:ExtractStackTraceNoAlloc (byte*,int,string)
UnityEngine.StackTraceUtility:ExtractStackTrace ()
UnityEngine.DebugLogHandler:Internal_Log (UnityEngine.LogType,UnityEngine.LogOption,string,UnityEngine.Object)
UnityEngine.DebugLogHandler:LogFormat (UnityEngine.LogType,UnityEngine.Object,string,object[])
UnityEngine.Logger:Log (UnityEngine.LogType,object)
UnityEngine.Debug:Log (object)
QuizBattle.UI.HUD.HudController:Log (string) (at Assets/Scripts/UI/HUD/HudController.cs:197)
QuizBattle.GameState.GameManager:RunAutoPlayMatch (int,int) (at Assets/Scripts/GameState/GameManager.cs:117)
CaptureCurrentArena:Capture () (at Assets/Editor/CaptureCurrentArena.cs:22)

(Filename: Assets/Scripts/UI/HUD/HudController.cs Line: 197)

Instantiating material due to calling renderer.material during edit mode. This will leak materials into the scene. You most likely want to use renderer.sharedMaterial instead.
UnityEngine.Debug:ExtractStackTraceNoAlloc (byte*,int,string)
UnityEngine.StackTraceUtility:ExtractStackTrace ()
UnityEngine.Renderer:GetMaterial ()
UnityEngine.Renderer:get_material ()
TMPro.TextMeshPro:SetOutlineThickness (single) (at ./Library/PackageCache/com.unity.ugui@67707a67a4ab/Runtime/TMP/TextMeshPro.cs:1318)
TMPro.TMP_Text:set_outlineWidth (single) (at ./Library/PackageCache/com.unity.ugui@67707a67a4ab/Runtime/TMP/TMP_Text.cs:450)
QuizBattle.Arena.Visuals.FloatingCombatText:Spawn (UnityEngine.Vector3,string,UnityEngine.Color,single) (at Assets/Scripts/Arena/Visuals/FloatingCombatText.cs:40)
CaptureCurrentArena:Capture () (at Assets/Editor/CaptureCurrentArena.cs:31)

[Assets/Editor/CaptureCurrentArena.cs line 31]

[CaptureCurrentArena] Saved arena_preview.png to C:\Users\engmh\.gemini\antigravity-ide\brain\1c945747-d0fc-4277-b165-3e3b6cc283d2\arena_preview.png
UnityEngine.Debug:ExtractStackTraceNoAlloc (byte*,int,string)
UnityEngine.StackTraceUtility:ExtractStackTrace ()
UnityEngine.DebugLogHandler:Internal_Log (UnityEngine.LogType,UnityEngine.LogOption,string,UnityEngine.Object)
UnityEngine.DebugLogHandler:LogFormat (UnityEngine.LogType,UnityEngine.Object,string,object[])
UnityEngine.Logger:Log (UnityEngine.LogType,object)
UnityEngine.Debug:Log (object)
CaptureCurrentArena:Capture () (at Assets/Editor/CaptureCurrentArena.cs:107)

(Filename: Assets/Editor/CaptureCurrentArena.cs Line: 107)

[CaptureCurrentArena] Saved arena_preview_16_9.png to C:\Users\engmh\.gemini\antigravity-ide\brain\1c945747-d0fc-4277-b165-3e3b6cc283d2\arena_preview_16_9.png
UnityEngine.Debug:ExtractStackTraceNoAlloc (byte*,int,string)
UnityEngine.StackTraceUtility:ExtractStackTrace ()
UnityEngine.DebugLogHandler:Internal_Log (UnityEngine.LogType,UnityEngine.LogOption,string,UnityEngine.Object)
UnityEngine.DebugLogHandler:LogFormat (UnityEngine.LogType,UnityEngine.Object,string,object[])
UnityEngine.Logger:Log (UnityEngine.LogType,object)
UnityEngine.Debug:Log (object)
CaptureCurrentArena:Capture () (at Assets/Editor/CaptureCurrentArena.cs:107)

(Filename: Assets/Editor/CaptureCurrentArena.cs Line: 107)

[CaptureCurrentArena] Saved arena_preview_19_5_9.png to C:\Users\engmh\.gemini\antigravity-ide\brain\1c945747-d0fc-4277-b165-3e3b6cc283d2\arena_preview_19_5_9.png
UnityEngine.Debug:ExtractStackTraceNoAlloc (byte*,int,string)
UnityEngine.StackTraceUtility:ExtractStackTrace ()
UnityEngine.DebugLogHandler:Internal_Log (UnityEngine.LogType,UnityEngine.LogOption,string,UnityEngine.Object)
UnityEngine.DebugLogHandler:LogFormat (UnityEngine.LogType,UnityEngine.Object,string,object[])
UnityEngine.Logger:Log (UnityEngine.LogType,object)
UnityEngine.Debug:Log (object)
CaptureCurrentArena:Capture () (at Assets/Editor/CaptureCurrentArena.cs:107)

(Filename: Assets/Editor/CaptureCurrentArena.cs Line: 107)

[CaptureCurrentArena] Saved arena_preview_20_9.png to C:\Users\engmh\.gemini\antigravity-ide\brain\1c945747-d0fc-4277-b165-3e3b6cc283d2\arena_preview_20_9.png
UnityEngine.Debug:ExtractStackTraceNoAlloc (byte*,int,string)
UnityEngine.StackTraceUtility:ExtractStackTrace ()
UnityEngine.DebugLogHandler:Internal_Log (UnityEngine.LogType,UnityEngine.LogOption,string,UnityEngine.Object)
UnityEngine.DebugLogHandler:LogFormat (UnityEngine.LogType,UnityEngine.Object,string,object[])
UnityEngine.Logger:Log (UnityEngine.LogType,object)
UnityEngine.Debug:Log (object)
CaptureCurrentArena:Capture () (at Assets/Editor/CaptureCurrentArena.cs:107)

(Filename: Assets/Editor/CaptureCurrentArena.cs Line: 107)

[CaptureCurrentArena] Saved arena_preview_4_3.png to C:\Users\engmh\.gemini\antigravity-ide\brain\1c945747-d0fc-4277-b165-3e3b6cc283d2\arena_preview_4_3.png
UnityEngine.Debug:ExtractStackTraceNoAlloc (byte*,int,string)
UnityEngine.StackTraceUtility:ExtractStackTrace ()
UnityEngine.DebugLogHandler:Internal_Log (UnityEngine.LogType,UnityEngine.LogOption,string,UnityEngine.Object)
UnityEngine.DebugLogHandler:LogFormat (UnityEngine.LogType,UnityEngine.Object,string,object[])
UnityEngine.Logger:Log (UnityEngine.LogType,object)
UnityEngine.Debug:Log (object)
CaptureCurrentArena:Capture () (at Assets/Editor/CaptureCurrentArena.cs:107)

(Filename: Assets/Editor/CaptureCurrentArena.cs Line: 107)

MonoPathRemapper: Attempts to remap: 20319; Successful remaps: 0
Serialized file version minimum: 23, current 23
Killing ADB server in 2.1067218 seconds.
[Physics::Module] Cleanup current backend.
[Physics::Module] Id: 0xf2b8ea05
Input System module state changed to: ShutdownInProgress.
Input Polling Thread exited.
Input System module state changed to: Shutdown.
[Licensing::IpcConnector] LicenseClient-engmh-notifications channel disconnected successfully.
[Licensing::IpcConnector] LicenseClient-engmh channel disconnected successfully.
Shut down.
AcceleratorClientConnectionCallback - disconnected - :0
Cleanup mono
CodeReloadManager destroyed
abort_threads: Failed aborting id: 0000000000007858, mono_thread_manage will ignore it

abort_threads: Failed aborting id: 0000000000006EFC, mono_thread_manage will ignore it

abort_threads: Failed aborting id: 0000000000007858, mono_thread_manage will ignore it

abort_threads: Failed aborting id: 0000000000006EFC, mono_thread_manage will ignore it

debugger-agent: Unable to listen on 3376
Checking for leaked weakptr:
  Found no leaked weakptrs.
[Package Manager] Server process was shutdown
##utp:{"type":"MemoryLeaks","version":2,"phase":"Immediate","time":1787864782422,"processId":34328,"allocatedMemory":17535839,"memoryLabels":[{"Default":217376},{"Permanent":15516},{"NewDelete":66843},{"Thread":4205216},{"Manager":819461},{"VertexData":8},{"Geometry":816},{"Texture":24},{"Shader":848986},{"Material":24},{"GfxDevice":58328},{"Animation":952},{"Audio":1544},{"FreeType":8},{"FontEngine":736},{"Physics":2146},{"Physics2D":16},{"Serialization":760},{"Input":42840},{"JobScheduler":256},{"TextLib":280},{"Mono":48},{"MonoCode":64},{"ScriptingNativeRuntime":1665860},{"BaseObject":1622616},{"Resource":1208},{"Renderer":3080},{"Transform":4685},{"File":1032},{"WebCam":616},{"Culling":32},{"Terrain":11442},{"Wind":24},{"STL":40},{"String":22788},{"StaticString":3808},{"Utility":2673238},{"Curl":2559},{"PoolAlloc":2360},{"AI":80},{"TypeTree":25285},{"CodeReload":448},{"RuntimeInitializeOnLoadManager":64},{"Sprites":102},{"SpriteAtlas":120},{"GI":7816},{"Director":8296},{"CloudService":8648},{"WebRequest":589},{"VR":47114},{"SceneManager":608},{"Video":64},{"LazyScriptCache":32},{"Camera":17},{"Secure":2377},{"SerializationCache":1576},{"APIUpdating":10320},{"Subsystems":336},{"VirtualTexturing":57888},{"StaticSafetyDebugInfo":278528},{"Analytics":552},{"Hierarchy":1176},{"UIElements":72},{"CoreStats":13688},{"Identifiers":6768},{"Gui":128},{"EditorUtility":136616},{"VersionControl":8},{"Undo":931},{"AssetDatabase":4571594},{"AssetImporter":40},{"EditorGi":328},{"UnityConnect":38905},{"Upm":1912},{"UpmDiagnostics":8},{"AssetCompliance":64},{"DrivenProperties":72},{"LocalIPC":211},{"ProfilerEditor":9746},{"CoreBusinessMetrics":3428},{"Windowing":456},{"Licensing":1232},{"AssetReference":32},{"IPCStream":32}]}
