[Licensing::Module] Trying to connect to existing licensing client channel...
[Licensing::IpcConnector] Successfully connected to: "LicenseClient-engmh" at "2026-08-10T01:28:34.8846581Z"
Built from '6000.5/staging' branch; Version is '6000.5.7f1 (017862109af0) revision 96354'; Using compiler version '194234433'; Build Type 'Release'
OS: 'Windows 11  (10.0.26200) Professional' Language: 'en' Physical Memory: 32368 MB
BatchMode: 1, IsHumanControllingUs: 0, StartBugReporterOnCrash: 0, Is64bit: 1
System  architecture: x64
Process architecture: x64
Date: 2026-08-10T01:28:34Z

COMMAND LINE ARGUMENTS:
D:\Program Files\Editor\6000.5.7f1\Editor\Unity.exe
-batchmode
-projectPath
D:\game\game-client
-executeMethod
ArenaDemoRunner.Run
-quit
-logFile
D:\game\unity-demo-run-6.log
Successfully changed project path to: D:\game\game-client
D:/game/game-client
[UnityMemory] Configuration Parameters - Can be set up in boot.config
    "memorysetup-temp-allocator-size-gi-baking-worker=262144"
    "memorysetup-temp-allocator-size-gi-baking-worker=262144"
    "memorysetup-temp-allocator-size-gi-baking-worker=262144"
    "memorysetup-temp-allocator-size-gi-baking-worker=262144"
    "memorysetup-temp-allocator-size-gi-baking-worker=262144"
    "memorysetup-temp-allocator-size-nav-mesh-worker=65536"
    "memorysetup-temp-allocator-size-audio-worker=65536"
    "memorysetup-temp-allocator-size-cloud-worker=32768"
    "memorysetup-temp-allocator-size-gfx=262144"
    "memorysetup-temp-allocator-size-preload-manager=33554432"
    "memorysetup-allocator-temp-initial-block-size-main=262144"
    "memorysetup-allocator-temp-initial-block-size-worker=262144"
    "memorysetup-temp-allocator-size-job-worker=262144"
    "memorysetup-temp-allocator-size-background-worker=32768"
    "memorysetup-bucket-allocator-granularity=16"
    "memorysetup-bucket-allocator-bucket-count=8"
    "memorysetup-bucket-allocator-block-size=33554432"
    "memorysetup-bucket-allocator-block-count=8"
    "memorysetup-main-allocator-block-size=16777216"
    "memorysetup-thread-allocator-block-size=16777216"
    "memorysetup-main-allocator-mimalloc-enabled=0"
    "memorysetup-gfx-main-allocator-block-size=16777216"
    "memorysetup-gfx-thread-allocator-block-size=16777216"
    "memorysetup-cache-allocator-block-size=4194304"
    "memorysetup-typetree-allocator-block-size=2097152"
    "memorysetup-profiler-bucket-allocator-granularity=16"
    "memorysetup-profiler-bucket-allocator-bucket-count=8"
    "memorysetup-profiler-bucket-allocator-block-size=33554432"
    "memorysetup-profiler-bucket-allocator-block-count=8"
    "memorysetup-profiler-allocator-block-size=16777216"
    "memorysetup-profiler-editor-allocator-block-size=1048576"
    "memorysetup-temp-allocator-size-main=16777216"
    "memorysetup-job-temp-allocator-block-size=2097152"
    "memorysetup-job-temp-allocator-block-size-background=1048576"
    "memorysetup-job-temp-allocator-reduction-small-platforms=262144"
Logging is directed to a specific file, skipping project log.Player connection [69352]  Target information:

Player connection [69352]  * "[IP] 10.0.0.111 [Port] 55504 [Flags] 2 [Guid] 4185539026 [EditorId] 4185539026 [Version] 1048832 [Id] WindowsEditor(7,DESKTOP-VJHN5MG) [Debug] 1 [PackageName] WindowsEditor [ProjectName] Editor" 

Player connection [69352] Host joined multi-casting on [225.0.0.222:54997]...
Player connection [69352] Host joined alternative multi-casting on [225.0.0.222:34997]...
Input System module state changed to: Initialized.
[Physics::Module] Initialized fallback backend.
[Physics::Module] Id: 0xdecafbad
[Package Manager] Connected to IPC stream "Upm-52308" after 0.7 seconds.
[Licensing::Module] Licensing is not yet initialized.
[Licensing::Client] Error: HandshakeResponse reported an error:
	ResponseCode: 505
	ResponseStatus: Unsupported protocol version '1.18.1'.
[Licensing::Module] Error: Failed to handshake to channel: "LicenseClient-engmh"
[Licensing::IpcConnector] LicenseClient-engmh channel disconnected successfully.
[Licensing::IpcConnector] Channel LicenseClient-engmh-6000.5.7 doesn't exist
[Licensing::Module] Successfully launched the LicensingClient (PId: 71976)
Starting IPC server.
Waiting for clients to connect on \\.\pipe\Unity-LicenseClient-engmh-6000.5.7, press Ctrl-C to exit.
[Licensing::IpcConnector] Successfully connected to: "LicenseClient-engmh-6000.5.7" at "2026-08-10T01:28:38.1273773Z"
[Licensing::Client] Code 10 while verifying Licensing Client signature (process Id: 71976, path: "D:/Program Files/Editor/6000.5.7f1/Editor/Data/Resources/Licensing/Client/Unity.Licensing.Client.exe")
[Licensing::Module] LicensingClient has failed validation; ignoring
[Licensing::Client] Handshaking with LicensingClient:
  Version:                 1.18.1+9fbee8e
  Session Id:              902e15beb0d24ddda394ee1f3ec528bc
  Correlation Id:          a1d8a19285163716b7bc8d048532c465
  External correlation Id: 3997777674270443569
  Machine Id:              BvCvD9V+nLWzZG/D2RgCqRIYhiE=
[Licensing::Module] Successfully connected to LicensingClient on channel: "LicenseClient-engmh-6000.5.7" (connect: 0.56s, validation: 0.47s, handshake: 0.02s)
[Licensing::IpcConnector] Successfully connected to: "LicenseClient-engmh-6000.5.7-notifications" at "2026-08-10T01:28:38.6178925Z"
[Licensing::Module] Connected to LicensingClient (PId: 71976, launch time: 0.01, total connection time: 1.06s)
[Licensing::Module] Error: Access token is unavailable; failed to update
[Licensing::Client] Successfully resolved entitlement details
[Licensing::Module] License group:
  Id: 3574445819494-UnityPersXXXX
  Product: Unity Personal
  Type: Assigned
  Expiration: Unlimited
[Licensing::Client] Successfully updated license, isAsync: True, time: 0.02
[Licensing::Client] Successfully resolved entitlement details
[Licensing::Module] Licensing Background thread has ended after 3.84s
[Licensing::Module] Licensing is initialized (took 2.40s).
[Licensing::Client] Successfully resolved entitlement details
Library Redirect Path: Library/
[Physics::Module] Selected backend.
[Physics::Module] Name: PhysX
[Physics::Module] Id: 0xf2b8ea05
[Physics::Module] SDK Version: 4.1.2
[Physics::Module] Integration Version: 1.0.0
[Physics::Module] Threading Mode: Multi-Threaded
Active build profile path: `Assets/Settings/Build Profiles/Windows.asset`
Got setting from build profile YAML, name `m_BuildTarget`, value `19`
Got setting from build profile YAML, name `m_Subtarget`, value `2`
Initialize engine version: 6000.5.7f1 (017862109af0)
[Subsystems] Discovering subsystems at path D:/Program Files/Editor/6000.5.7f1/Editor/Data/Resources/UnitySubsystems
[Subsystems] Discovering subsystems at path D:/game/game-client/Assets
GfxDevice: creating device client; kGfxThreadingModeNonThreaded
d3d12: failed to query info queue interface (0x80004002).
Direct3D:
    Version:         Direct3D 12 [level 12.1]
    Renderer:        Intel(R) UHD Graphics (ID=0x9bca)
    Vendor:          Intel
    VRAM:            16184 MB
    App VRAM Budget: 15416 MB
    Driver:          31.0.101.2135
    Unified Memory Architecture
    Cache Coherent UMA
Initialize mono
Mono path[0] = 'D:/Program Files/Editor/6000.5.7f1/Editor/Data/Managed'
Mono path[1] = 'D:/Program Files/Editor/6000.5.7f1/Editor/Data/BCLExtensions/runtime/netstandard2.1'
Mono path[2] = 'D:/Program Files/Editor/6000.5.7f1/Editor/Data/MonoBleedingEdge/lib/mono/unityjit-win32'
Mono config path = 'D:/Program Files/Editor/6000.5.7f1/Editor/Data/MonoBleedingEdge/etc'
Using monoOptions --debugger-agent=transport=dt_socket,embedding=1,server=y,suspend=n,address=127.0.0.1:56308
CodeReloadManager initialized
ImportWorker Server TCP listen port: 0
AcceleratorClientConnectionCallback - disconnected - :0
Begin MonoManager ReloadAssembly
Registering precompiled unity dll's ...
Register platform support module: D:/Program Files/Editor/6000.5.7f1/Editor/Data/PlaybackEngines/WebGLSupport/UnityEditor.WebGL.Extensions.dll
Register platform support module: D:/Program Files/Editor/6000.5.7f1/Editor/Data/PlaybackEngines/WindowsStandaloneSupport/UnityEditor.WindowsStandalone.Extensions.dll
[Licensing::Client] Successfully resolved entitlement details
Register platform support module: D:/Program Files/Editor/6000.5.7f1/Editor/Data/PlaybackEngines/MetroSupport/UnityEditor.UWP.Extensions.dll
[Licensing::Client] Successfully resolved entitlement details
Register platform support module: D:/Program Files/Editor/6000.5.7f1/Editor/Data/PlaybackEngines/AndroidPlayer/UnityEditor.Android.Extensions.dll
Registered in 0.010972 seconds.
Native extension for Android target not found
Native extension for UWP target not found
Native extension for WindowsStandalone target not found
Native extension for WebGL target not found
Package Manager log level set to [2]
ScheduleIndexationOnStartup MainProcess:False IndexOnStartup:True
Mono: successfully reloaded assembly
- Finished resetting the current domain, in  0.930 seconds
Domain Reload Profiling: 1966ms
	BeginReloadAssembly (248ms)
		CreateAndSetChildDomain (5ms)
	RebuildCommonClasses (10ms)
	RebuildNativeTypeToScriptingClass (36ms)
	initialDomainReloadingComplete (124ms)
	LoadAllAssembliesAndSetupDomain (611ms)
		LoadAssemblies (244ms)
		AnalyzeDomain (462ms)
			TypeCache.Refresh (459ms)
				TypeCache.ScanAssembly (431ms)
	FinalizeReload (938ms)
		SetupLoadedEditorAssemblies (0ms)
			InitializePlatformSupportModulesInManaged (93ms)
			BeforeProcessingInitializeOnLoad (201ms)
			ProcessInitializeOnLoadAttributes (207ms)
			ProcessInitializeOnLoadMethodAttributes (260ms)
[Licensing::Client] Successfully resolved entitlement details
Application.AssetDatabase Initial Refresh Start
[Package Manager] Restoring resolved packages state from cache
[Licensing::Client] Successfully resolved entitlement details
[Package Manager] Registered 54 packages:
  Packages from [https://packages.unity.com]:
    com.unity.nuget.newtonsoft-json@3.2.1 (location: D:\game\game-client\Library\PackageCache\com.unity.nuget.newtonsoft-json@74deb55db2a0)
    com.unity.postprocessing@3.5.4 (location: D:\game\game-client\Library\PackageCache\com.unity.postprocessing@141166b789e3)
    com.unity.searcher@4.9.4 (location: D:\game\game-client\Library\PackageCache\com.unity.searcher@d45a78918735)
    com.unity.burst@1.8.30 (location: D:\game\game-client\Library\PackageCache\com.unity.burst@2f3d916873ea)
    com.unity.nuget.mono-cecil@1.11.6 (location: D:\game\game-client\Library\PackageCache\com.unity.nuget.mono-cecil@ecb9724e46ff)
    com.unity.test-framework.performance@3.5.0 (location: D:\game\game-client\Library\PackageCache\com.unity.test-framework.performance@8b56083ec0f0)
  Built-in packages:
    com.unity.multiplayer.center@1.0.1 (location: D:\game\game-client\Library\PackageCache\com.unity.multiplayer.center@b860850997d0)
    com.unity.render-pipelines.universal@17.5.0 (location: D:\game\game-client\Library\PackageCache\com.unity.render-pipelines.universal@73b4c4ff130e)
    com.unity.test-framework@1.7.0 (location: D:\game\game-client\Library\PackageCache\com.unity.test-framework@1405238725ab)
    com.unity.textmeshpro@5.0.0 (location: D:\game\game-client\Library\PackageCache\com.unity.textmeshpro@53f43edfd2e0)
    com.unity.modules.accessibility@1.0.0 (location: D:\game\game-client\Library\PackageCache\com.unity.modules.accessibility)
    com.unity.modules.adaptiveperformance@1.0.0 (location: D:\game\game-client\Library\PackageCache\com.unity.modules.adaptiveperformance)
    com.unity.modules.ai@1.0.0 (location: D:\game\game-client\Library\PackageCache\com.unity.modules.ai)
    com.unity.modules.androidjni@1.0.0 (location: D:\game\game-client\Library\PackageCache\com.unity.modules.androidjni)
    com.unity.modules.animation@1.0.0 (location: D:\game\game-client\Library\PackageCache\com.unity.modules.animation)
    com.unity.modules.assetbundle@1.0.0 (location: D:\game\game-client\Library\PackageCache\com.unity.modules.assetbundle)
    com.unity.modules.audio@1.0.0 (location: D:\game\game-client\Library\PackageCache\com.unity.modules.audio)
    com.unity.modules.cloth@1.0.0 (location: D:\game\game-client\Library\PackageCache\com.unity.modules.cloth)
    com.unity.modules.director@1.0.0 (location: D:\game\game-client\Library\PackageCache\com.unity.modules.director)
    com.unity.modules.imageconversion@1.0.0 (location: D:\game\game-client\Library\PackageCache\com.unity.modules.imageconversion)
    com.unity.modules.imgui@1.0.0 (location: D:\game\game-client\Library\PackageCache\com.unity.modules.imgui)
    com.unity.modules.jsonserialize@1.0.0 (location: D:\game\game-client\Library\PackageCache\com.unity.modules.jsonserialize)
    com.unity.modules.particlesystem@1.0.0 (location: D:\game\game-client\Library\PackageCache\com.unity.modules.particlesystem)
    com.unity.modules.physics@1.0.0 (location: D:\game\game-client\Library\PackageCache\com.unity.modules.physics)
    com.unity.modules.physics2d@1.0.0 (location: D:\game\game-client\Library\PackageCache\com.unity.modules.physics2d)
    com.unity.modules.physicscore2d@1.0.0 (location: D:\game\game-client\Library\PackageCache\com.unity.modules.physicscore2d)
    com.unity.modules.screencapture@1.0.0 (location: D:\game\game-client\Library\PackageCache\com.unity.modules.screencapture)
    com.unity.modules.terrain@1.0.0 (location: D:\game\game-client\Library\PackageCache\com.unity.modules.terrain)
    com.unity.modules.terrainphysics@1.0.0 (location: D:\game\game-client\Library\PackageCache\com.unity.modules.terrainphysics)
    com.unity.modules.tilemap@1.0.0 (location: D:\game\game-client\Library\PackageCache\com.unity.modules.tilemap)
    com.unity.modules.ui@1.0.0 (location: D:\game\game-client\Library\PackageCache\com.unity.modules.ui)
    com.unity.modules.uielements@1.0.0 (location: D:\game\game-client\Library\PackageCache\com.unity.modules.uielements)
    com.unity.modules.umbra@1.0.0 (location: D:\game\game-client\Library\PackageCache\com.unity.modules.umbra)
    com.unity.modules.unityanalytics@1.0.0 (location: D:\game\game-client\Library\PackageCache\com.unity.modules.unityanalytics)
    com.unity.modules.unitywebrequest@1.0.0 (location: D:\game\game-client\Library\PackageCache\com.unity.modules.unitywebrequest)
    com.unity.modules.unitywebrequestassetbundle@1.0.0 (location: D:\game\game-client\Library\PackageCache\com.unity.modules.unitywebrequestassetbundle)
    com.unity.modules.unitywebrequestaudio@1.0.0 (location: D:\game\game-client\Library\PackageCache\com.unity.modules.unitywebrequestaudio)
    com.unity.modules.unitywebrequesttexture@1.0.0 (location: D:\game\game-client\Library\PackageCache\com.unity.modules.unitywebrequesttexture)
    com.unity.modules.unitywebrequestwww@1.0.0 (location: D:\game\game-client\Library\PackageCache\com.unity.modules.unitywebrequestwww)
    com.unity.modules.vectorgraphics@1.0.0 (location: D:\game\game-client\Library\PackageCache\com.unity.modules.vectorgraphics)
    com.unity.modules.vehicles@1.0.0 (location: D:\game\game-client\Library\PackageCache\com.unity.modules.vehicles)
    com.unity.modules.video@1.0.0 (location: D:\game\game-client\Library\PackageCache\com.unity.modules.video)
    com.unity.modules.wind@1.0.0 (location: D:\game\game-client\Library\PackageCache\com.unity.modules.wind)
    com.unity.modules.xr@1.0.0 (location: D:\game\game-client\Library\PackageCache\com.unity.modules.xr)
    com.unity.modules.subsystems@1.0.0 (location: D:\game\game-client\Library\PackageCache\com.unity.modules.subsystems)
    com.unity.modules.hierarchycore@1.0.0 (location: D:\game\game-client\Library\PackageCache\com.unity.modules.hierarchycore)
    com.unity.ugui@2.5.0 (location: D:\game\game-client\Library\PackageCache\com.unity.ugui@67707a67a4ab)
    com.unity.ext.nunit@2.1.0 (location: D:\game\game-client\Library\PackageCache\com.unity.ext.nunit@44f7d31723bd)
    com.unity.render-pipelines.core@17.5.0 (location: D:\game\game-client\Library\PackageCache\com.unity.render-pipelines.core@645717f21c5f)
    com.unity.shadergraph@17.5.0 (location: D:\game\game-client\Library\PackageCache\com.unity.shadergraph@8d7376ec43ee)
    com.unity.render-pipelines.universal-config@17.5.0 (location: D:\game\game-client\Library\PackageCache\com.unity.render-pipelines.universal-config@fdda01c80fe3)
    com.unity.collections@6.5.0 (location: D:\game\game-client\Library\PackageCache\com.unity.collections@ec2c217e4cb2)
    com.unity.mathematics@1.4.0 (location: D:\game\game-client\Library\PackageCache\com.unity.mathematics@981956d94fb6)
  Git packages:
    com.endel.nativewebsocket@https://github.com/endel/NativeWebSocket.git#upm (location: D:\game\game-client\Library\PackageCache\com.endel.nativewebsocket@ea014c9ae534)
[Package Manager] com.unity.textmeshpro is deprecated: This package is no longer supported. TextMeshPro functionalities are now included in the com.unity.ugui package. To continue using them, consider adding it to your project dependencies.
[Subsystems] No new subsystems found in resolved package list.
[Package Manager] Done registering packages in 0.04 seconds
[ScriptCompilation] Requested script compilation because: AssetDatabase observed changes in script compilation related files
info: Microsoft.Hosting.Lifetime[14]
      Now listening on: http://localhost:80
info: Microsoft.Hosting.Lifetime[0]
      Application started. Press Ctrl+C to shut down.
info: Microsoft.Hosting.Lifetime[0]
      Hosting environment: Production
info: Microsoft.Hosting.Lifetime[0]
      Content root path: D:\game\game-client
info: Microsoft.AspNetCore.Hosting.Diagnostics[1]
      Request starting HTTP/2 POST http://ilpp/UnityILPP.PostProcessing/Ping - application/grpc -
info: Microsoft.AspNetCore.Routing.EndpointMiddleware[0]
      Executing endpoint 'gRPC - /UnityILPP.PostProcessing/Ping'
info: Microsoft.AspNetCore.Routing.EndpointMiddleware[1]
      Executed endpoint 'gRPC - /UnityILPP.PostProcessing/Ping'
info: Microsoft.AspNetCore.Hosting.Diagnostics[2]
      Request finished HTTP/2 POST http://ilpp/UnityILPP.PostProcessing/Ping - 200 - application/grpc 79.2857ms
Starting: D:\Program Files\Editor\6000.5.7f1\Editor\Data\Tools\BuildPipeline\bee_backend.exe --ipc --defer-dag-verification --dagfile="Library/Bee/1900b0aE.dag" --continue-on-failure --profile="Library/Bee/backend1.traceevents" ScriptAssemblies
WorkingDir: D:/game/game-client
info: Microsoft.AspNetCore.Hosting.Diagnostics[1]
      Request starting HTTP/2 POST http://ilpp/UnityILPP.PostProcessing/ConfigurePostProcessors - application/grpc -
info: Microsoft.AspNetCore.Routing.EndpointMiddleware[0]
      Executing endpoint 'gRPC - /UnityILPP.PostProcessing/ConfigurePostProcessors'
warn: Unity.ILPP.Runner.PostProcessingAssemblyLoadContext[0]
      Assembly system.runtime.interopservices.windowsruntime has duplicate hint path. Ignoring "D:\Program Files\Editor\6000.5.7f1\Editor\Data\UnityReferenceAssemblies\unity-4.8-api\Facades\System.Runtime.InteropServices.WindowsRuntime.dll" in favor of "D:\Program Files\Editor\6000.5.7f1\Editor\Data\NetStandard\Extensions\2.0.0\System.Runtime.InteropServices.WindowsRuntime.dll"
warn: Unity.ILPP.Runner.PostProcessingAssemblyLoadContext[0]
      Assembly system.componentmodel.composition has duplicate hint path. Ignoring "D:\Program Files\Editor\6000.5.7f1\Editor\Data\UnityReferenceAssemblies\unity-4.8-api\System.ComponentModel.Composition.dll" in favor of "D:\Program Files\Editor\6000.5.7f1\Editor\Data\NetStandard\compat\2.1.0\shims\netfx\System.ComponentModel.Composition.dll"
DisplayProgressbar: Compiling Scripts
info: Unity.ILPP.Runner.PostProcessingAssemblyLoadContext[0]
      Resolved Unity.Burst.Cecil, Version=0.11.6.0, Culture=neutral, PublicKeyToken=50cebf1cceb9d05e with Library\PackageCache\com.unity.burst@2f3d916873ea\Unity.Burst.CodeGen\Unity.Burst.Cecil.dll
info: Unity.ILPP.Runner.PostProcessingAssemblyLoadContext[0]
      Resolved Mono.Cecil, Version=0.11.5.0, Culture=neutral, PublicKeyToken=50cebf1cceb9d05e with Library\PackageCache\com.unity.nuget.mono-cecil@ecb9724e46ff\Mono.Cecil.dll
info: Microsoft.AspNetCore.Routing.EndpointMiddleware[1]
      Executed endpoint 'gRPC - /UnityILPP.PostProcessing/ConfigurePostProcessors'
info: Microsoft.AspNetCore.Hosting.Diagnostics[2]
      Request finished HTTP/2 POST http://ilpp/UnityILPP.PostProcessing/ConfigurePostProcessors - 200 - application/grpc 1036.8796ms
info: Microsoft.AspNetCore.Hosting.Diagnostics[1]
      Request starting HTTP/2 POST http://ilpp/UnityILPP.PostProcessing/PostProcessAssembly - application/grpc -
info: Microsoft.AspNetCore.Hosting.Diagnostics[1]
      Request starting HTTP/2 POST http://ilpp/UnityILPP.PostProcessing/PostProcessAssembly - application/grpc -
info: Microsoft.AspNetCore.Hosting.Diagnostics[1]
      Request starting HTTP/2 POST http://ilpp/UnityILPP.PostProcessing/PostProcessAssembly - application/grpc -
info: Microsoft.AspNetCore.Routing.EndpointMiddleware[0]
      Executing endpoint 'gRPC - /UnityILPP.PostProcessing/PostProcessAssembly'
info: Microsoft.AspNetCore.Routing.EndpointMiddleware[0]
      Executing endpoint 'gRPC - /UnityILPP.PostProcessing/PostProcessAssembly'
info: Microsoft.AspNetCore.Routing.EndpointMiddleware[0]
      Executing endpoint 'gRPC - /UnityILPP.PostProcessing/PostProcessAssembly'
info: Unity.ILPP.Runner.PostProcessingPipeline[0]
      Processing assembly Library/Bee/artifacts/1900b0aE.dag/QuizBattle.Runtime.dll, with 142 defines and 294 references
info: Unity.ILPP.Runner.PostProcessingPipeline[0]
      Processing assembly Library/Bee/artifacts/1900b0aE.dag/QuizBattle.Tests.EditMode.dll, with 140 defines and 296 references
info: Unity.ILPP.Runner.PostProcessingPipeline[0]
      processors: Unity.Jobs.CodeGen.JobsILPostProcessor, zzzUnity.Burst.CodeGen.BurstILPostProcessor
info: Unity.ILPP.Runner.PostProcessingPipeline[0]
      processors: Unity.Jobs.CodeGen.JobsILPostProcessor, zzzUnity.Burst.CodeGen.BurstILPostProcessor
info: Unity.ILPP.Runner.PostProcessingPipeline[0]
      Processing assembly Library/Bee/artifacts/1900b0aE.dag/Assembly-CSharp-Editor.dll, with 140 defines and 340 references
info: Unity.ILPP.Runner.PostProcessingPipeline[0]
      processors: Unity.Jobs.CodeGen.JobsILPostProcessor, zzzUnity.Burst.CodeGen.BurstILPostProcessor
info: Unity.ILPP.Runner.PostProcessingPipeline[0]
      running Unity.Jobs.CodeGen.JobsILPostProcessor
info: Unity.ILPP.Runner.PostProcessingPipeline[0]
      running Unity.Jobs.CodeGen.JobsILPostProcessor
info: Unity.ILPP.Runner.PostProcessingPipeline[0]
      running Unity.Jobs.CodeGen.JobsILPostProcessor
info: Unity.ILPP.Runner.PostProcessingPipeline[0]
      running zzzUnity.Burst.CodeGen.BurstILPostProcessor
info: Unity.ILPP.Runner.PostProcessingPipeline[0]
      running zzzUnity.Burst.CodeGen.BurstILPostProcessor
info: Microsoft.AspNetCore.Routing.EndpointMiddleware[1]
      Executed endpoint 'gRPC - /UnityILPP.PostProcessing/PostProcessAssembly'
info: Microsoft.AspNetCore.Routing.EndpointMiddleware[1]
      Executed endpoint 'gRPC - /UnityILPP.PostProcessing/PostProcessAssembly'
info: Microsoft.AspNetCore.Hosting.Diagnostics[2]
      Request finished HTTP/2 POST http://ilpp/UnityILPP.PostProcessing/PostProcessAssembly - 200 - application/grpc 36.3426ms
info: Microsoft.AspNetCore.Hosting.Diagnostics[2]
      Request finished HTTP/2 POST http://ilpp/UnityILPP.PostProcessing/PostProcessAssembly - 200 - application/grpc 36.3362ms
info: Unity.ILPP.Runner.PostProcessingAssemblyLoadContext[0]
      Resolved Unity.Collections, Version=0.0.0.0, Culture=neutral, PublicKeyToken=null with Library\Bee\artifacts\1900b0aE.dag\Unity.Collections.dll
info: Unity.ILPP.Runner.PostProcessingAssemblyLoadContext[0]
      Resolved UnityEditor.CoreModule, Version=0.0.0.0, Culture=neutral, PublicKeyToken=null with D:\Program Files\Editor\6000.5.7f1\Editor\Data\Managed\UnityEngine\UnityEditor.CoreModule.dll
info: Unity.ILPP.Runner.PostProcessingAssemblyLoadContext[0]
      Resolved UnityEngine.CoreModule, Version=0.0.0.0, Culture=neutral, PublicKeyToken=null with D:\Program Files\Editor\6000.5.7f1\Editor\Data\Managed\UnityEngine\UnityEngine.CoreModule.dll
info: Unity.ILPP.Runner.PostProcessingAssemblyLoadContext[0]
      Resolved Unity.Scripting, Version=0.0.0.0, Culture=neutral, PublicKeyToken=null with D:\Program Files\Editor\6000.5.7f1\Editor\Data\Managed\UnityEngine\Unity.Scripting.dll
info: Unity.ILPP.Runner.PostProcessingPipeline[0]
      running zzzUnity.Burst.CodeGen.BurstILPostProcessor
info: Unity.ILPP.Runner.PostProcessingAssemblyLoadContext[0]
      Resolved Unity.Burst.Cecil.Rocks, Version=0.11.6.0, Culture=neutral, PublicKeyToken=50cebf1cceb9d05e with Library\PackageCache\com.unity.burst@2f3d916873ea\Unity.Burst.CodeGen\Unity.Burst.Cecil.Rocks.dll
info: Microsoft.AspNetCore.Routing.EndpointMiddleware[1]
      Executed endpoint 'gRPC - /UnityILPP.PostProcessing/PostProcessAssembly'
info: Microsoft.AspNetCore.Hosting.Diagnostics[2]
      Request finished HTTP/2 POST http://ilpp/UnityILPP.PostProcessing/PostProcessAssembly - 200 - application/grpc 3427.5074ms
ExitCode: 0 Duration: 8s883ms
[565/710    1s] ILPP-Configuration Library/ilpp-configuration.nevergeneratedoutput
[698/710    4s] Csc Library/Bee/artifacts/1900b0aE.dag/QuizBattle.Runtime.dll (+2 others)
Assets\Scripts\UI\UiFactory.cs(27,17): warning CS0618: 'Object.FindFirstObjectByType<T>()' is obsolete: 'FindFirstObjectByType has been deprecated because it relies on instance ID ordering. Use FindAnyObjectByType instead, which does not depend on ordering.'

Assets\Scripts\UI\UiFactory.cs(55,13): warning CS0618: 'TMP_Text.enableWordWrapping' is obsolete: 'The enabledWordWrapping property is now obsolete. Please use the textWrappingMode property instead.'

Assets\Scripts\Arena\ArenaEnvironment.cs(81,76): warning CS0618: 'FindObjectsSortMode' is obsolete: 'FindObjectsSortMode has been deprecated. Use the FindObjectsByType overloads that do not take a FindObjectsSortMode parameter.'

Assets\Scripts\Arena\ArenaEnvironment.cs(81,35): warning CS0618: 'Object.FindObjectsByType<T>(FindObjectsSortMode)' is obsolete: 'FindObjectsByType with FindObjectsSortMode parameter has been deprecated. Use FindObjectsByType<T>() or FindObjectsByType<T>(FindObjectsInactive) instead. InstanceID will be replaced in the future with EntityId and previous sort order cannot be maintained.'

Assets\Scripts\Arena\CharacterToken.cs(79,13): warning CS0618: 'TMP_Text.enableWordWrapping' is obsolete: 'The enabledWordWrapping property is now obsolete. Please use the textWrappingMode property instead.'

Assets\Scripts\Arena\ArenaEnvironment.cs(109,67): warning CS0618: 'FindObjectsSortMode' is obsolete: 'FindObjectsSortMode has been deprecated. Use the FindObjectsByType overloads that do not take a FindObjectsSortMode parameter.'

Assets\Scripts\Arena\ArenaEnvironment.cs(109,35): warning CS0618: 'Object.FindObjectsByType<T>(FindObjectsSortMode)' is obsolete: 'FindObjectsByType with FindObjectsSortMode parameter has been deprecated. Use FindObjectsByType<T>() or FindObjectsByType<T>(FindObjectsInactive) instead. InstanceID will be replaced in the future with EntityId and previous sort order cannot be maintained.'

Assets\Scripts\Arena\ArenaEnvironment.cs(157,28): warning CS0618: 'Object.FindFirstObjectByType<T>()' is obsolete: 'FindFirstObjectByType has been deprecated because it relies on instance ID ordering. Use FindAnyObjectByType instead, which does not depend on ordering.'
[701/710    0s] ILPostProcess Library/Bee/artifacts/1900b0aE.dag/post-processed/QuizBattle.Tests.EditMode.dll (+pdb)
Processing assembly Library/Bee/artifacts/1900b0aE.dag/QuizBattle.Tests.EditMode.dll, with 140 defines and 296 references

processors: Unity.Jobs.CodeGen.JobsILPostProcessor, zzzUnity.Burst.CodeGen.BurstILPostProcessor

running Unity.Jobs.CodeGen.JobsILPostProcessor

running zzzUnity.Burst.CodeGen.BurstILPostProcessor
[702/710    0s] ILPostProcess Library/Bee/artifacts/1900b0aE.dag/post-processed/QuizBattle.Runtime.dll (+pdb)
Processing assembly Library/Bee/artifacts/1900b0aE.dag/QuizBattle.Runtime.dll, with 142 defines and 294 references

processors: Unity.Jobs.CodeGen.JobsILPostProcessor, zzzUnity.Burst.CodeGen.BurstILPostProcessor

running Unity.Jobs.CodeGen.JobsILPostProcessor

running zzzUnity.Burst.CodeGen.BurstILPostProcessor
[704/710    0s] CopyFiles Library/ScriptAssemblies/QuizBattle.Runtime.pdb
[706/710    0s] CopyFiles Library/ScriptAssemblies/QuizBattle.Runtime.dll
[707/710    3s] ILPostProcess Library/Bee/artifacts/1900b0aE.dag/post-processed/Assembly-CSharp-Editor.dll (+pdb)
Processing assembly Library/Bee/artifacts/1900b0aE.dag/Assembly-CSharp-Editor.dll, with 140 defines and 340 references

processors: Unity.Jobs.CodeGen.JobsILPostProcessor, zzzUnity.Burst.CodeGen.BurstILPostProcessor

running Unity.Jobs.CodeGen.JobsILPostProcessor

running zzzUnity.Burst.CodeGen.BurstILPostProcessor
*** Tundra build success (8.80 seconds), 7 items updated, 710 evaluated
Assets\Scripts\UI\UiFactory.cs(27,17): warning CS0618: 'Object.FindFirstObjectByType<T>()' is obsolete: 'FindFirstObjectByType has been deprecated because it relies on instance ID ordering. Use FindAnyObjectByType instead, which does not depend on ordering.'
Assets\Scripts\UI\UiFactory.cs(55,13): warning CS0618: 'TMP_Text.enableWordWrapping' is obsolete: 'The enabledWordWrapping property is now obsolete. Please use the textWrappingMode property instead.'
Assets\Scripts\Arena\ArenaEnvironment.cs(81,76): warning CS0618: 'FindObjectsSortMode' is obsolete: 'FindObjectsSortMode has been deprecated. Use the FindObjectsByType overloads that do not take a FindObjectsSortMode parameter.'
Assets\Scripts\Arena\ArenaEnvironment.cs(81,35): warning CS0618: 'Object.FindObjectsByType<T>(FindObjectsSortMode)' is obsolete: 'FindObjectsByType with FindObjectsSortMode parameter has been deprecated. Use FindObjectsByType<T>() or FindObjectsByType<T>(FindObjectsInactive) instead. InstanceID will be replaced in the future with EntityId and previous sort order cannot be maintained.'
Assets\Scripts\Arena\CharacterToken.cs(79,13): warning CS0618: 'TMP_Text.enableWordWrapping' is obsolete: 'The enabledWordWrapping property is now obsolete. Please use the textWrappingMode property instead.'
Assets\Scripts\Arena\ArenaEnvironment.cs(109,67): warning CS0618: 'FindObjectsSortMode' is obsolete: 'FindObjectsSortMode has been deprecated. Use the FindObjectsByType overloads that do not take a FindObjectsSortMode parameter.'
Assets\Scripts\Arena\ArenaEnvironment.cs(109,35): warning CS0618: 'Object.FindObjectsByType<T>(FindObjectsSortMode)' is obsolete: 'FindObjectsByType with FindObjectsSortMode parameter has been deprecated. Use FindObjectsByType<T>() or FindObjectsByType<T>(FindObjectsInactive) instead. InstanceID will be replaced in the future with EntityId and previous sort order cannot be maintained.'
Assets\Scripts\Arena\ArenaEnvironment.cs(157,28): warning CS0618: 'Object.FindFirstObjectByType<T>()' is obsolete: 'FindFirstObjectByType has been deprecated because it relies on instance ID ordering. Use FindAnyObjectByType instead, which does not depend on ordering.'
Total cache size 111263889
Total cache size after purge 111263889, took 00:00:00.1721367
AssetDatabase: script compilation time: 10.131478s
Begin MonoManager ReloadAssembly
Symbol file LoadedFromMemory is not a mono symbol file
Importing 'GUID: 17367549d06f37c4b8ec5f5c6c838b79 - Path: Assets/Resources/Textures' with importer (DefaultImporter)
Imported 'GUID: 17367549d06f37c4b8ec5f5c6c838b79' -> (Import Result ID: '0cdc7a4ac75c3a3bf491e2be43698aeb') in 0.057 seconds [static dependencies only]. Details - ImportResultOutputID=41f25a47b323ce4aff362263d35ea6b9 DependenciesID=74f1ff1f3d3fe353bf9065b9f50e1460 StaticDependenciesID=01fc3a9720349b70084ff5eda51d1db3 
Importing 'GUID: 8846bbd5590cd6d4d9d1c08731cbf782 - Path: Assets/Resources/Characters/Models' with importer (DefaultImporter)
Imported 'GUID: 8846bbd5590cd6d4d9d1c08731cbf782' -> (Import Result ID: '3e20745f991897a27c21d65b78b7497d') in 0.024 seconds [static dependencies only]. Details - ImportResultOutputID=5a93895e6de1dd1d7c5b6d09a176a1f0 DependenciesID=b88d279ed97c89867657ff5de4cd7519 StaticDependenciesID=d788497d287291f1d94e2b263a5c5e43 
Native extension for Android target not found
Native extension for UWP target not found
Native extension for WindowsStandalone target not found
Native extension for WebGL target not found
ScheduleIndexationOnStartup MainProcess:True IndexOnStartup:True
Mono: successfully reloaded assembly
- Finished resetting the current domain, in  5.817 seconds
Domain Reload Profiling: 7280ms
	BeginReloadAssembly (469ms)
		DisableScriptedObjects (51ms)
		CreateAndSetChildDomain (82ms)
	RebuildCommonClasses (18ms)
	RebuildNativeTypeToScriptingClass (36ms)
	initialDomainReloadingComplete (84ms)
	LoadAllAssembliesAndSetupDomain (854ms)
		LoadAssemblies (530ms)
		AnalyzeDomain (331ms)
			TypeCache.Refresh (215ms)
				TypeCache.ScanAssembly (187ms)
			BuildScriptInfoCaches (96ms)
			ResolveRequiredComponents (15ms)
	FinalizeReload (5820ms)
		SetupLoadedEditorAssemblies (0ms)
			InitializePlatformSupportModulesInManaged (35ms)
			BeforeProcessingInitializeOnLoad (262ms)
			ProcessInitializeOnLoadAttributes (4240ms)
			ProcessInitializeOnLoadMethodAttributes (707ms)
			AfterProcessingInitializeOnLoad (6ms)
		AwakeInstancesAfterBackupRestoration (61ms)
Importing 'GUID: 147d229dfa1831c4aa9ad9bf43c5a1b6 - Path: Assets/Resources/Textures/CharacterAtlas.png' with importer (TextureImporter)
Imported 'GUID: 147d229dfa1831c4aa9ad9bf43c5a1b6' -> (Import Result ID: 'cb5eac12a621a149b4ba979baf51778c') in 0.115 seconds [static and dynamic dependencies]. Details - ImportResultOutputID=eec2a7bb78ce5a002c4fad4fdfed48b9 DependenciesID=49b4907dd6ec125de0d7c7f26e92a13f StaticDependenciesID=9662c46bceed7054b3b4ca73a9a1897e 
Importing 'GUID: ff2e81fa549a3614e8757ca635765565 - Path: Assets/Resources/Textures/StoneFloor.png' with importer (TextureImporter)
Imported 'GUID: ff2e81fa549a3614e8757ca635765565' -> (Import Result ID: '990580d706b5f6568594654bec32ccba') in 0.285 seconds [static and dynamic dependencies]. Details - ImportResultOutputID=f59f570c4a97d54199507b9f53bc2c93 DependenciesID=026c2d9d7b373628f1db987dc358344d StaticDependenciesID=ba838abc0f44989ab07cf91a7b915bdc 
Importing 'GUID: 54f7f9860ee39494ebfbe6e78cf26991 - Path: Assets/Resources/Characters/Models/Mascot_002.prefab' with importer (PrefabImporter)
Imported 'GUID: 54f7f9860ee39494ebfbe6e78cf26991' -> (Import Result ID: 'c2373c1b14c95d6d209e10076a73b5f3') in 0.032 seconds [static and dynamic dependencies]. Details - ImportResultOutputID=2482142dbff68da319685f0bfe4dddcc DependenciesID=6ef7098bd5bb64018c950f2e9bfe3c79 StaticDependenciesID=1812279e239fef3fc32f4b5268e567e5 
Importing 'GUID: 4a7320df89354f34b95e732d44da98ac - Path: Assets/Resources/Characters/Models/Base_Mesh.prefab' with importer (PrefabImporter)
Imported 'GUID: 4a7320df89354f34b95e732d44da98ac' -> (Import Result ID: 'e11462481d1fd080285761ae8613ffcd') in 0.036 seconds [static and dynamic dependencies]. Details - ImportResultOutputID=e6ecc914a2ed54eb7c16de3e90d20be0 DependenciesID=6b7e0a7110e74aae4a2b258a4b5dbb3b StaticDependenciesID=8b09e3ce6c0e10315e73111ad77f3563 
Importing 'GUID: bfbab1b7f7b5c234f8447170949bee82 - Path: Assets/Resources/Characters/Models/Costume_13_001.prefab' with importer (PrefabImporter)
Imported 'GUID: bfbab1b7f7b5c234f8447170949bee82' -> (Import Result ID: '2b7dca406af641a55f0588c1b6b7ec49') in 0.024 seconds [static and dynamic dependencies]. Details - ImportResultOutputID=11daf1651cee4cdbf5ed10764a0cbd7d DependenciesID=4eb65b55653320b51ee24efae4bd546f StaticDependenciesID=d7cebfa89fab6a03c4b8604ba5f3a0d7 
Starting new worker id: 0 with log in D:/game/game-client/Logs/AssetImportWorkerHW0.log

Asset Pipeline Refresh (id=caa08c2d0c116f6468adbde457428bdb): Total: 19.695 seconds - Initiated by InitialRefreshV2(ForceSynchronousImport)
	(Values over 0.05ms)
	Summary:
		Imports: total=7 (actual=7, local cache=0, cache server=0)
		Asset DB Process Time: managed=11 ms, native=7278 ms
		Asset DB Callback time: managed=611 ms, native=53 ms
		Scripting: domain reloads=1, domain reload time=1517 ms, compile time=10134 ms, other=87 ms
		Project Asset Count: scripts=946, non-scripts=1800
		Asset File Changes: new=7, changed=8, moved=0, deleted=0
		Scan Filter Count: 0
	InvokePackagesCallback: 51.940ms
	ApplyChangesToAssetFolders: 1.323ms
	Scan: 250.170ms
	Collect global state as custom dependencies: 53.463ms
	OnSourceAssetsModified: 1.704ms
	CategorizeScriptCompilationAssets: 48.742ms
	ProcessAssetsWithTransientArtifactChanges: 103.007ms
	CategorizeAssets: 90.988ms
	CompileScripts: 10134.477ms
	ImportOutOfDateAssets: 6534.319ms (5844.283ms without children)
		ImportManagerImport: 586.141ms (9.264ms without children)
			UpdateCategorizedAssets: 0.181ms
		ReloadNativeAssets: 0.060ms
		UnloadImportedAssets: 1.403ms
		EnsureUptoDateAssetsAreRegisteredWithGuidPM: 0.936ms
		ImportSchedulerStart: 101.480ms
	PostProcessAllAssets: 611.332ms
		VersionControlSettings.HiddenFilePostprocess 0.272ms
		XRBuildSystem.XRAssetImported 0.247ms
		PostProcessCallbackCreateDeferredMaterials 0.104ms
		ShaderAssetModifiedCallback 0.089ms
		MonoPostProcessAllAssets: 608.761ms
			AssetPostprocessor.OnPostprocessAllAssets 336.446ms
			ShaderGraphAssetPostProcessor.OnPostprocessAllAssets 59.069ms
			StyleCatalogPostProcessor.OnPostprocessAllAssets 50.788ms
			UniversalRenderPipelineGlobalSettingsPostprocessor.OnPostprocessAllAssets 43.687ms
			BuilderAssetPostprocessor.OnPostprocessAllAssets 19.778ms
			WindowAssetPostprocessingWatcher.OnPostprocessAllAssets 6.988ms
			SpeedTree9Postprocessor.OnPostprocessAllAssets 6.446ms
			TextAssetPostProcessor.OnPostprocessAllAssets 5.812ms
			AssetChangedListener.OnPostprocessAllAssets 4.678ms
			RetainedModeAssetPostprocessor.OnPostprocessAllAssets 3.433ms
			SyncVS.PostprocessSyncProject 3.321ms
			EditModeScopePostprocessor.OnPostprocessAllAssets 3.196ms
			MaterialPostprocessor.OnPostprocessAllAssets 2.858ms
			ArtifactBrowserPostProcessor.OnPostprocessAllAssets 1.673ms
			RenderPipelineGlobalSettingsPostprocessor.OnPostprocessAllAssets 1.566ms
			CubeLutAssetImporter.OnPostprocessAllAssets 1.469ms
			ShaderReflectionAssetPostProcessor.OnPostprocessAllAssets 1.353ms
			SampleDependencyImporterPostProcessor.OnPostprocessAllAssets 1.198ms
			ReferencedClipsPostProcessor.OnPostprocessAllAssets 1.014ms
			AudioMixerPostprocessor.OnPostprocessAllAssets 1.003ms
			TMPro_TexturePostProcessor.OnPostprocessAllAssets 0.979ms
			AssetEvents.OnPostprocessAllAssets 0.796ms
			PostProcessor.OnPostprocessAllAssets 0.774ms
			TerrainToolbarOverlayPostProcessor.OnPostprocessAllAssets 0.663ms
			SpeedTreePostProcessor.OnPostprocessAllAssets 0.520ms
			ConfigAssetsTracker.OnPostprocessAllAssets 0.402ms
			AssetDatabaseCallbacks.OnPostprocessAllAssets 0.399ms
			ScenarioDriftAssetsTracker.OnPostprocessAllAssets 0.314ms
			AudioContainerPostProcessor.OnPostprocessAllAssets 0.254ms
	PostAssetChangesProfiler: 3.905ms
	UnloadStreamsBegin: 8.101ms
	PersistCurrentRevisions: 0.519ms
	GenerateScriptTypeHashes: 3.276ms
	GenerateScriptTypeSerializationHashes: 5.846ms
	Untracked: 1794.545ms

Application.AssetDatabase Initial Refresh End
Launched and connected shader compiler UnityShaderCompiler.exe after 0.03 seconds
Scanning for USB devices : 6.109ms
Initializing Unity extensions:
[MODES] ModeService[none].Initialize
[MODES] ModeService[none].LoadModes
[MODES] Loading mode Default (0) for mode-current-id-game-client
Unloading 38 Unused Serialized files (Serialized files now loaded: 0)
Unloading 3432 unused Assets / (7.9 MB). Loaded Objects now: 4402.
Memory consumption went from 354.3 MB to 346.3 MB.
Total: 20.115800 ms (FindLiveObjects: 0.730300 ms CreateObjectMapping: 1.959400 ms MarkObjects: 12.699800 ms  DeleteObjects: 4.714600 ms)

Unloading 0 Unused Serialized files (Serialized files now loaded: 0)
Unloading 0 unused Assets / (0 B). Loaded Objects now: 4402.
Memory consumption went from 341.7 MB to 341.7 MB.
Total: 12.332500 ms (FindLiveObjects: 0.380000 ms CreateObjectMapping: 0.733000 ms MarkObjects: 11.202800 ms  DeleteObjects: 0.015300 ms)

Failed to find UISprite.psd
UnityEngine.Debug:ExtractStackTraceNoAlloc (byte*,int,string)
UnityEngine.StackTraceUtility:ExtractStackTrace ()
UnityEngine.Resources:GetBuiltinResource (System.Type,string)
UnityEngine.Resources:GetBuiltinResource<UnityEngine.Sprite> (string)
QuizBattle.UI.UiFactory:get_RoundedSprite () (at Assets/Scripts/UI/UiFactory.cs:70)
QuizBattle.UI.UiFactory:CreateBannerPanel (UnityEngine.Transform,string,UnityEngine.Vector2,UnityEngine.Vector2,UnityEngine.Color,UnityEngine.Vector2) (at Assets/Scripts/UI/UiFactory.cs:83)
QuizBattle.UI.UiFactory:CreateButton (UnityEngine.Transform,string,UnityEngine.Vector2,UnityEngine.Vector2,string,UnityEngine.Vector2) (at Assets/Scripts/UI/UiFactory.cs:113)
QuizBattle.UI.HUD.HudController:Build (UnityEngine.Transform) (at Assets/Scripts/UI/HUD/HudController.cs:50)
QuizBattle.UI.HUD.HudController:Create () (at Assets/Scripts/UI/HUD/HudController.cs:28)
QuizBattle.GameState.GameManager:Bootstrap (System.Collections.Generic.List`1<QuizBattle.Characters.CharacterDefinitionSO>) (at Assets/Scripts/GameState/GameManager.cs:34)
ArenaDemoRunner:RunScenario (string,int,int,string) (at Assets/Editor/ArenaDemoRunner.cs:39)
ArenaDemoRunner:Run () (at Assets/Editor/ArenaDemoRunner.cs:21)

[Assets/Scripts/UI/HUD/HudController.cs line 28]

The resource UISprite.psd could not be loaded from the resource file!
UnityEngine.Debug:ExtractStackTraceNoAlloc (byte*,int,string)
UnityEngine.StackTraceUtility:ExtractStackTrace ()
UnityEngine.Resources:GetBuiltinResource (System.Type,string)
UnityEngine.Resources:GetBuiltinResource<UnityEngine.Sprite> (string)
QuizBattle.UI.UiFactory:get_RoundedSprite () (at Assets/Scripts/UI/UiFactory.cs:70)
QuizBattle.UI.UiFactory:CreateBannerPanel (UnityEngine.Transform,string,UnityEngine.Vector2,UnityEngine.Vector2,UnityEngine.Color,UnityEngine.Vector2) (at Assets/Scripts/UI/UiFactory.cs:83)
QuizBattle.UI.UiFactory:CreateButton (UnityEngine.Transform,string,UnityEngine.Vector2,UnityEngine.Vector2,string,UnityEngine.Vector2) (at Assets/Scripts/UI/UiFactory.cs:113)
QuizBattle.UI.HUD.HudController:Build (UnityEngine.Transform) (at Assets/Scripts/UI/HUD/HudController.cs:50)
QuizBattle.UI.HUD.HudController:Create () (at Assets/Scripts/UI/HUD/HudController.cs:28)
QuizBattle.GameState.GameManager:Bootstrap (System.Collections.Generic.List`1<QuizBattle.Characters.CharacterDefinitionSO>) (at Assets/Scripts/GameState/GameManager.cs:34)
ArenaDemoRunner:RunScenario (string,int,int,string) (at Assets/Editor/ArenaDemoRunner.cs:39)
ArenaDemoRunner:Run () (at Assets/Editor/ArenaDemoRunner.cs:21)

[Assets/Scripts/UI/HUD/HudController.cs line 28]

Failed to find UISprite.psd
UnityEngine.Debug:ExtractStackTraceNoAlloc (byte*,int,string)
UnityEngine.StackTraceUtility:ExtractStackTrace ()
UnityEngine.Resources:GetBuiltinResource (System.Type,string)
UnityEngine.Resources:GetBuiltinResource<UnityEngine.Sprite> (string)
QuizBattle.UI.UiFactory:get_RoundedSprite () (at Assets/Scripts/UI/UiFactory.cs:70)
QuizBattle.UI.UiFactory:CreateBannerPanel (UnityEngine.Transform,string,UnityEngine.Vector2,UnityEngine.Vector2,UnityEngine.Color,UnityEngine.Vector2) (at Assets/Scripts/UI/UiFactory.cs:93)
QuizBattle.UI.UiFactory:CreateButton (UnityEngine.Transform,string,UnityEngine.Vector2,UnityEngine.Vector2,string,UnityEngine.Vector2) (at Assets/Scripts/UI/UiFactory.cs:113)
QuizBattle.UI.HUD.HudController:Build (UnityEngine.Transform) (at Assets/Scripts/UI/HUD/HudController.cs:50)
QuizBattle.UI.HUD.HudController:Create () (at Assets/Scripts/UI/HUD/HudController.cs:28)
QuizBattle.GameState.GameManager:Bootstrap (System.Collections.Generic.List`1<QuizBattle.Characters.CharacterDefinitionSO>) (at Assets/Scripts/GameState/GameManager.cs:34)
ArenaDemoRunner:RunScenario (string,int,int,string) (at Assets/Editor/ArenaDemoRunner.cs:39)
ArenaDemoRunner:Run () (at Assets/Editor/ArenaDemoRunner.cs:21)

[Assets/Scripts/UI/HUD/HudController.cs line 28]

The resource UISprite.psd could not be loaded from the resource file!
UnityEngine.Debug:ExtractStackTraceNoAlloc (byte*,int,string)
UnityEngine.StackTraceUtility:ExtractStackTrace ()
UnityEngine.Resources:GetBuiltinResource (System.Type,string)
UnityEngine.Resources:GetBuiltinResource<UnityEngine.Sprite> (string)
QuizBattle.UI.UiFactory:get_RoundedSprite () (at Assets/Scripts/UI/UiFactory.cs:70)
QuizBattle.UI.UiFactory:CreateBannerPanel (UnityEngine.Transform,string,UnityEngine.Vector2,UnityEngine.Vector2,UnityEngine.Color,UnityEngine.Vector2) (at Assets/Scripts/UI/UiFactory.cs:93)
QuizBattle.UI.UiFactory:CreateButton (UnityEngine.Transform,string,UnityEngine.Vector2,UnityEngine.Vector2,string,UnityEngine.Vector2) (at Assets/Scripts/UI/UiFactory.cs:113)
QuizBattle.UI.HUD.HudController:Build (UnityEngine.Transform) (at Assets/Scripts/UI/HUD/HudController.cs:50)
QuizBattle.UI.HUD.HudController:Create () (at Assets/Scripts/UI/HUD/HudController.cs:28)
QuizBattle.GameState.GameManager:Bootstrap (System.Collections.Generic.List`1<QuizBattle.Characters.CharacterDefinitionSO>) (at Assets/Scripts/GameState/GameManager.cs:34)
ArenaDemoRunner:RunScenario (string,int,int,string) (at Assets/Editor/ArenaDemoRunner.cs:39)
ArenaDemoRunner:Run () (at Assets/Editor/ArenaDemoRunner.cs:21)

[Assets/Scripts/UI/HUD/HudController.cs line 28]

Failed to find UISprite.psd
UnityEngine.Debug:ExtractStackTraceNoAlloc (byte*,int,string)
UnityEngine.StackTraceUtility:ExtractStackTrace ()
UnityEngine.Resources:GetBuiltinResource (System.Type,string)
UnityEngine.Resources:GetBuiltinResource<UnityEngine.Sprite> (string)
QuizBattle.UI.UiFactory:get_RoundedSprite () (at Assets/Scripts/UI/UiFactory.cs:70)
QuizBattle.UI.UiFactory:CreateBannerPanel (UnityEngine.Transform,string,UnityEngine.Vector2,UnityEngine.Vector2,UnityEngine.Color,UnityEngine.Vector2) (at Assets/Scripts/UI/UiFactory.cs:103)
QuizBattle.UI.UiFactory:CreateButton (UnityEngine.Transform,string,UnityEngine.Vector2,UnityEngine.Vector2,string,UnityEngine.Vector2) (at Assets/Scripts/UI/UiFactory.cs:113)
QuizBattle.UI.HUD.HudController:Build (UnityEngine.Transform) (at Assets/Scripts/UI/HUD/HudController.cs:50)
QuizBattle.UI.HUD.HudController:Create () (at Assets/Scripts/UI/HUD/HudController.cs:28)
QuizBattle.GameState.GameManager:Bootstrap (System.Collections.Generic.List`1<QuizBattle.Characters.CharacterDefinitionSO>) (at Assets/Scripts/GameState/GameManager.cs:34)
ArenaDemoRunner:RunScenario (string,int,int,string) (at Assets/Editor/ArenaDemoRunner.cs:39)
ArenaDemoRunner:Run () (at Assets/Editor/ArenaDemoRunner.cs:21)

[Assets/Scripts/UI/HUD/HudController.cs line 28]

The resource UISprite.psd could not be loaded from the resource file!
UnityEngine.Debug:ExtractStackTraceNoAlloc (byte*,int,string)
UnityEngine.StackTraceUtility:ExtractStackTrace ()
UnityEngine.Resources:GetBuiltinResource (System.Type,string)
UnityEngine.Resources:GetBuiltinResource<UnityEngine.Sprite> (string)
QuizBattle.UI.UiFactory:get_RoundedSprite () (at Assets/Scripts/UI/UiFactory.cs:70)
QuizBattle.UI.UiFactory:CreateBannerPanel (UnityEngine.Transform,string,UnityEngine.Vector2,UnityEngine.Vector2,UnityEngine.Color,UnityEngine.Vector2) (at Assets/Scripts/UI/UiFactory.cs:103)
QuizBattle.UI.UiFactory:CreateButton (UnityEngine.Transform,string,UnityEngine.Vector2,UnityEngine.Vector2,string,UnityEngine.Vector2) (at Assets/Scripts/UI/UiFactory.cs:113)
QuizBattle.UI.HUD.HudController:Build (UnityEngine.Transform) (at Assets/Scripts/UI/HUD/HudController.cs:50)
QuizBattle.UI.HUD.HudController:Create () (at Assets/Scripts/UI/HUD/HudController.cs:28)
QuizBattle.GameState.GameManager:Bootstrap (System.Collections.Generic.List`1<QuizBattle.Characters.CharacterDefinitionSO>) (at Assets/Scripts/GameState/GameManager.cs:34)
ArenaDemoRunner:RunScenario (string,int,int,string) (at Assets/Editor/ArenaDemoRunner.cs:39)
ArenaDemoRunner:Run () (at Assets/Editor/ArenaDemoRunner.cs:21)

[Assets/Scripts/UI/HUD/HudController.cs line 28]

Failed to find UISprite.psd
UnityEngine.Debug:ExtractStackTraceNoAlloc (byte*,int,string)
UnityEngine.StackTraceUtility:ExtractStackTrace ()
UnityEngine.Resources:GetBuiltinResource (System.Type,string)
UnityEngine.Resources:GetBuiltinResource<UnityEngine.Sprite> (string)
QuizBattle.UI.UiFactory:get_RoundedSprite () (at Assets/Scripts/UI/UiFactory.cs:70)
QuizBattle.UI.UiFactory:CreateBannerPanel (UnityEngine.Transform,string,UnityEngine.Vector2,UnityEngine.Vector2,UnityEngine.Color,UnityEngine.Vector2) (at Assets/Scripts/UI/UiFactory.cs:83)
QuizBattle.UI.UiFactory:CreateButton (UnityEngine.Transform,string,UnityEngine.Vector2,UnityEngine.Vector2,string,UnityEngine.Vector2) (at Assets/Scripts/UI/UiFactory.cs:113)
QuizBattle.UI.HUD.HudController:Build (UnityEngine.Transform) (at Assets/Scripts/UI/HUD/HudController.cs:50)
QuizBattle.UI.HUD.HudController:Create () (at Assets/Scripts/UI/HUD/HudController.cs:28)
QuizBattle.GameState.GameManager:Bootstrap (System.Collections.Generic.List`1<QuizBattle.Characters.CharacterDefinitionSO>) (at Assets/Scripts/GameState/GameManager.cs:34)
ArenaDemoRunner:RunScenario (string,int,int,string) (at Assets/Editor/ArenaDemoRunner.cs:39)
ArenaDemoRunner:Run () (at Assets/Editor/ArenaDemoRunner.cs:21)

[Assets/Scripts/UI/HUD/HudController.cs line 28]

The resource UISprite.psd could not be loaded from the resource file!
UnityEngine.Debug:ExtractStackTraceNoAlloc (byte*,int,string)
UnityEngine.StackTraceUtility:ExtractStackTrace ()
UnityEngine.Resources:GetBuiltinResource (System.Type,string)
UnityEngine.Resources:GetBuiltinResource<UnityEngine.Sprite> (string)
QuizBattle.UI.UiFactory:get_RoundedSprite () (at Assets/Scripts/UI/UiFactory.cs:70)
QuizBattle.UI.UiFactory:CreateBannerPanel (UnityEngine.Transform,string,UnityEngine.Vector2,UnityEngine.Vector2,UnityEngine.Color,UnityEngine.Vector2) (at Assets/Scripts/UI/UiFactory.cs:83)
QuizBattle.UI.UiFactory:CreateButton (UnityEngine.Transform,string,UnityEngine.Vector2,UnityEngine.Vector2,string,UnityEngine.Vector2) (at Assets/Scripts/UI/UiFactory.cs:113)
QuizBattle.UI.HUD.HudController:Build (UnityEngine.Transform) (at Assets/Scripts/UI/HUD/HudController.cs:50)
QuizBattle.UI.HUD.HudController:Create () (at Assets/Scripts/UI/HUD/HudController.cs:28)
QuizBattle.GameState.GameManager:Bootstrap (System.Collections.Generic.List`1<QuizBattle.Characters.CharacterDefinitionSO>) (at Assets/Scripts/GameState/GameManager.cs:34)
ArenaDemoRunner:RunScenario (string,int,int,string) (at Assets/Editor/ArenaDemoRunner.cs:39)
ArenaDemoRunner:Run () (at Assets/Editor/ArenaDemoRunner.cs:21)

[Assets/Scripts/UI/HUD/HudController.cs line 28]

Failed to find UISprite.psd
UnityEngine.Debug:ExtractStackTraceNoAlloc (byte*,int,string)
UnityEngine.StackTraceUtility:ExtractStackTrace ()
UnityEngine.Resources:GetBuiltinResource (System.Type,string)
UnityEngine.Resources:GetBuiltinResource<UnityEngine.Sprite> (string)
QuizBattle.UI.UiFactory:get_RoundedSprite () (at Assets/Scripts/UI/UiFactory.cs:70)
QuizBattle.UI.UiFactory:CreateBannerPanel (UnityEngine.Transform,string,UnityEngine.Vector2,UnityEngine.Vector2,UnityEngine.Color,UnityEngine.Vector2) (at Assets/Scripts/UI/UiFactory.cs:93)
QuizBattle.UI.UiFactory:CreateButton (UnityEngine.Transform,string,UnityEngine.Vector2,UnityEngine.Vector2,string,UnityEngine.Vector2) (at Assets/Scripts/UI/UiFactory.cs:113)
QuizBattle.UI.HUD.HudController:Build (UnityEngine.Transform) (at Assets/Scripts/UI/HUD/HudController.cs:50)
QuizBattle.UI.HUD.HudController:Create () (at Assets/Scripts/UI/HUD/HudController.cs:28)
QuizBattle.GameState.GameManager:Bootstrap (System.Collections.Generic.List`1<QuizBattle.Characters.CharacterDefinitionSO>) (at Assets/Scripts/GameState/GameManager.cs:34)
ArenaDemoRunner:RunScenario (string,int,int,string) (at Assets/Editor/ArenaDemoRunner.cs:39)
ArenaDemoRunner:Run () (at Assets/Editor/ArenaDemoRunner.cs:21)

[Assets/Scripts/UI/HUD/HudController.cs line 28]

The resource UISprite.psd could not be loaded from the resource file!
UnityEngine.Debug:ExtractStackTraceNoAlloc (byte*,int,string)
UnityEngine.StackTraceUtility:ExtractStackTrace ()
UnityEngine.Resources:GetBuiltinResource (System.Type,string)
UnityEngine.Resources:GetBuiltinResource<UnityEngine.Sprite> (string)
QuizBattle.UI.UiFactory:get_RoundedSprite () (at Assets/Scripts/UI/UiFactory.cs:70)
QuizBattle.UI.UiFactory:CreateBannerPanel (UnityEngine.Transform,string,UnityEngine.Vector2,UnityEngine.Vector2,UnityEngine.Color,UnityEngine.Vector2) (at Assets/Scripts/UI/UiFactory.cs:93)
QuizBattle.UI.UiFactory:CreateButton (UnityEngine.Transform,string,UnityEngine.Vector2,UnityEngine.Vector2,string,UnityEngine.Vector2) (at Assets/Scripts/UI/UiFactory.cs:113)
QuizBattle.UI.HUD.HudController:Build (UnityEngine.Transform) (at Assets/Scripts/UI/HUD/HudController.cs:50)
QuizBattle.UI.HUD.HudController:Create () (at Assets/Scripts/UI/HUD/HudController.cs:28)
QuizBattle.GameState.GameManager:Bootstrap (System.Collections.Generic.List`1<QuizBattle.Characters.CharacterDefinitionSO>) (at Assets/Scripts/GameState/GameManager.cs:34)
ArenaDemoRunner:RunScenario (string,int,int,string) (at Assets/Editor/ArenaDemoRunner.cs:39)
ArenaDemoRunner:Run () (at Assets/Editor/ArenaDemoRunner.cs:21)

[Assets/Scripts/UI/HUD/HudController.cs line 28]

Failed to find UISprite.psd
UnityEngine.Debug:ExtractStackTraceNoAlloc (byte*,int,string)
UnityEngine.StackTraceUtility:ExtractStackTrace ()
UnityEngine.Resources:GetBuiltinResource (System.Type,string)
UnityEngine.Resources:GetBuiltinResource<UnityEngine.Sprite> (string)
QuizBattle.UI.UiFactory:get_RoundedSprite () (at Assets/Scripts/UI/UiFactory.cs:70)
QuizBattle.UI.UiFactory:CreateBannerPanel (UnityEngine.Transform,string,UnityEngine.Vector2,UnityEngine.Vector2,UnityEngine.Color,UnityEngine.Vector2) (at Assets/Scripts/UI/UiFactory.cs:103)
QuizBattle.UI.UiFactory:CreateButton (UnityEngine.Transform,string,UnityEngine.Vector2,UnityEngine.Vector2,string,UnityEngine.Vector2) (at Assets/Scripts/UI/UiFactory.cs:113)
QuizBattle.UI.HUD.HudController:Build (UnityEngine.Transform) (at Assets/Scripts/UI/HUD/HudController.cs:50)
QuizBattle.UI.HUD.HudController:Create () (at Assets/Scripts/UI/HUD/HudController.cs:28)
QuizBattle.GameState.GameManager:Bootstrap (System.Collections.Generic.List`1<QuizBattle.Characters.CharacterDefinitionSO>) (at Assets/Scripts/GameState/GameManager.cs:34)
ArenaDemoRunner:RunScenario (string,int,int,string) (at Assets/Editor/ArenaDemoRunner.cs:39)
ArenaDemoRunner:Run () (at Assets/Editor/ArenaDemoRunner.cs:21)

[Assets/Scripts/UI/HUD/HudController.cs line 28]

The resource UISprite.psd could not be loaded from the resource file!
UnityEngine.Debug:ExtractStackTraceNoAlloc (byte*,int,string)
UnityEngine.StackTraceUtility:ExtractStackTrace ()
UnityEngine.Resources:GetBuiltinResource (System.Type,string)
UnityEngine.Resources:GetBuiltinResource<UnityEngine.Sprite> (string)
QuizBattle.UI.UiFactory:get_RoundedSprite () (at Assets/Scripts/UI/UiFactory.cs:70)
QuizBattle.UI.UiFactory:CreateBannerPanel (UnityEngine.Transform,string,UnityEngine.Vector2,UnityEngine.Vector2,UnityEngine.Color,UnityEngine.Vector2) (at Assets/Scripts/UI/UiFactory.cs:103)
QuizBattle.UI.UiFactory:CreateButton (UnityEngine.Transform,string,UnityEngine.Vector2,UnityEngine.Vector2,string,UnityEngine.Vector2) (at Assets/Scripts/UI/UiFactory.cs:113)
QuizBattle.UI.HUD.HudController:Build (UnityEngine.Transform) (at Assets/Scripts/UI/HUD/HudController.cs:50)
QuizBattle.UI.HUD.HudController:Create () (at Assets/Scripts/UI/HUD/HudController.cs:28)
QuizBattle.GameState.GameManager:Bootstrap (System.Collections.Generic.List`1<QuizBattle.Characters.CharacterDefinitionSO>) (at Assets/Scripts/GameState/GameManager.cs:34)
ArenaDemoRunner:RunScenario (string,int,int,string) (at Assets/Editor/ArenaDemoRunner.cs:39)
ArenaDemoRunner:Run () (at Assets/Editor/ArenaDemoRunner.cs:21)

[Assets/Scripts/UI/HUD/HudController.cs line 28]

Failed to find UISprite.psd
UnityEngine.Debug:ExtractStackTraceNoAlloc (byte*,int,string)
UnityEngine.StackTraceUtility:ExtractStackTrace ()
UnityEngine.Resources:GetBuiltinResource (System.Type,string)
UnityEngine.Resources:GetBuiltinResource<UnityEngine.Sprite> (string)
QuizBattle.UI.UiFactory:get_RoundedSprite () (at Assets/Scripts/UI/UiFactory.cs:70)
QuizBattle.UI.UiFactory:CreateBannerPanel (UnityEngine.Transform,string,UnityEngine.Vector2,UnityEngine.Vector2,UnityEngine.Color,UnityEngine.Vector2) (at Assets/Scripts/UI/UiFactory.cs:83)
QuizBattle.UI.UiFactory:CreateButton (UnityEngine.Transform,string,UnityEngine.Vector2,UnityEngine.Vector2,string,UnityEngine.Vector2) (at Assets/Scripts/UI/UiFactory.cs:113)
QuizBattle.UI.HUD.HudController:Build (UnityEngine.Transform) (at Assets/Scripts/UI/HUD/HudController.cs:50)
QuizBattle.UI.HUD.HudController:Create () (at Assets/Scripts/UI/HUD/HudController.cs:28)
QuizBattle.GameState.GameManager:Bootstrap (System.Collections.Generic.List`1<QuizBattle.Characters.CharacterDefinitionSO>) (at Assets/Scripts/GameState/GameManager.cs:34)
ArenaDemoRunner:RunScenario (string,int,int,string) (at Assets/Editor/ArenaDemoRunner.cs:39)
ArenaDemoRunner:Run () (at Assets/Editor/ArenaDemoRunner.cs:21)

[Assets/Scripts/UI/HUD/HudController.cs line 28]

The resource UISprite.psd could not be loaded from the resource file!
UnityEngine.Debug:ExtractStackTraceNoAlloc (byte*,int,string)
UnityEngine.StackTraceUtility:ExtractStackTrace ()
UnityEngine.Resources:GetBuiltinResource (System.Type,string)
UnityEngine.Resources:GetBuiltinResource<UnityEngine.Sprite> (string)
QuizBattle.UI.UiFactory:get_RoundedSprite () (at Assets/Scripts/UI/UiFactory.cs:70)
QuizBattle.UI.UiFactory:CreateBannerPanel (UnityEngine.Transform,string,UnityEngine.Vector2,UnityEngine.Vector2,UnityEngine.Color,UnityEngine.Vector2) (at Assets/Scripts/UI/UiFactory.cs:83)
QuizBattle.UI.UiFactory:CreateButton (UnityEngine.Transform,string,UnityEngine.Vector2,UnityEngine.Vector2,string,UnityEngine.Vector2) (at Assets/Scripts/UI/UiFactory.cs:113)
QuizBattle.UI.HUD.HudController:Build (UnityEngine.Transform) (at Assets/Scripts/UI/HUD/HudController.cs:50)
QuizBattle.UI.HUD.HudController:Create () (at Assets/Scripts/UI/HUD/HudController.cs:28)
QuizBattle.GameState.GameManager:Bootstrap (System.Collections.Generic.List`1<QuizBattle.Characters.CharacterDefinitionSO>) (at Assets/Scripts/GameState/GameManager.cs:34)
ArenaDemoRunner:RunScenario (string,int,int,string) (at Assets/Editor/ArenaDemoRunner.cs:39)
ArenaDemoRunner:Run () (at Assets/Editor/ArenaDemoRunner.cs:21)

[Assets/Scripts/UI/HUD/HudController.cs line 28]

Failed to find UISprite.psd
UnityEngine.Debug:ExtractStackTraceNoAlloc (byte*,int,string)
UnityEngine.StackTraceUtility:ExtractStackTrace ()
UnityEngine.Resources:GetBuiltinResource (System.Type,string)
UnityEngine.Resources:GetBuiltinResource<UnityEngine.Sprite> (string)
QuizBattle.UI.UiFactory:get_RoundedSprite () (at Assets/Scripts/UI/UiFactory.cs:70)
QuizBattle.UI.UiFactory:CreateBannerPanel (UnityEngine.Transform,string,UnityEngine.Vector2,UnityEngine.Vector2,UnityEngine.Color,UnityEngine.Vector2) (at Assets/Scripts/UI/UiFactory.cs:93)
QuizBattle.UI.UiFactory:CreateButton (UnityEngine.Transform,string,UnityEngine.Vector2,UnityEngine.Vector2,string,UnityEngine.Vector2) (at Assets/Scripts/UI/UiFactory.cs:113)
QuizBattle.UI.HUD.HudController:Build (UnityEngine.Transform) (at Assets/Scripts/UI/HUD/HudController.cs:50)
QuizBattle.UI.HUD.HudController:Create () (at Assets/Scripts/UI/HUD/HudController.cs:28)
QuizBattle.GameState.GameManager:Bootstrap (System.Collections.Generic.List`1<QuizBattle.Characters.CharacterDefinitionSO>) (at Assets/Scripts/GameState/GameManager.cs:34)
ArenaDemoRunner:RunScenario (string,int,int,string) (at Assets/Editor/ArenaDemoRunner.cs:39)
ArenaDemoRunner:Run () (at Assets/Editor/ArenaDemoRunner.cs:21)

[Assets/Scripts/UI/HUD/HudController.cs line 28]

The resource UISprite.psd could not be loaded from the resource file!
UnityEngine.Debug:ExtractStackTraceNoAlloc (byte*,int,string)
UnityEngine.StackTraceUtility:ExtractStackTrace ()
UnityEngine.Resources:GetBuiltinResource (System.Type,string)
UnityEngine.Resources:GetBuiltinResource<UnityEngine.Sprite> (string)
QuizBattle.UI.UiFactory:get_RoundedSprite () (at Assets/Scripts/UI/UiFactory.cs:70)
QuizBattle.UI.UiFactory:CreateBannerPanel (UnityEngine.Transform,string,UnityEngine.Vector2,UnityEngine.Vector2,UnityEngine.Color,UnityEngine.Vector2) (at Assets/Scripts/UI/UiFactory.cs:93)
QuizBattle.UI.UiFactory:CreateButton (UnityEngine.Transform,string,UnityEngine.Vector2,UnityEngine.Vector2,string,UnityEngine.Vector2) (at Assets/Scripts/UI/UiFactory.cs:113)
QuizBattle.UI.HUD.HudController:Build (UnityEngine.Transform) (at Assets/Scripts/UI/HUD/HudController.cs:50)
QuizBattle.UI.HUD.HudController:Create () (at Assets/Scripts/UI/HUD/HudController.cs:28)
QuizBattle.GameState.GameManager:Bootstrap (System.Collections.Generic.List`1<QuizBattle.Characters.CharacterDefinitionSO>) (at Assets/Scripts/GameState/GameManager.cs:34)
ArenaDemoRunner:RunScenario (string,int,int,string) (at Assets/Editor/ArenaDemoRunner.cs:39)
ArenaDemoRunner:Run () (at Assets/Editor/ArenaDemoRunner.cs:21)

[Assets/Scripts/UI/HUD/HudController.cs line 28]

Failed to find UISprite.psd
UnityEngine.Debug:ExtractStackTraceNoAlloc (byte*,int,string)
UnityEngine.StackTraceUtility:ExtractStackTrace ()
UnityEngine.Resources:GetBuiltinResource (System.Type,string)
UnityEngine.Resources:GetBuiltinResource<UnityEngine.Sprite> (string)
QuizBattle.UI.UiFactory:get_RoundedSprite () (at Assets/Scripts/UI/UiFactory.cs:70)
QuizBattle.UI.UiFactory:CreateBannerPanel (UnityEngine.Transform,string,UnityEngine.Vector2,UnityEngine.Vector2,UnityEngine.Color,UnityEngine.Vector2) (at Assets/Scripts/UI/UiFactory.cs:103)
QuizBattle.UI.UiFactory:CreateButton (UnityEngine.Transform,string,UnityEngine.Vector2,UnityEngine.Vector2,string,UnityEngine.Vector2) (at Assets/Scripts/UI/UiFactory.cs:113)
QuizBattle.UI.HUD.HudController:Build (UnityEngine.Transform) (at Assets/Scripts/UI/HUD/HudController.cs:50)
QuizBattle.UI.HUD.HudController:Create () (at Assets/Scripts/UI/HUD/HudController.cs:28)
QuizBattle.GameState.GameManager:Bootstrap (System.Collections.Generic.List`1<QuizBattle.Characters.CharacterDefinitionSO>) (at Assets/Scripts/GameState/GameManager.cs:34)
ArenaDemoRunner:RunScenario (string,int,int,string) (at Assets/Editor/ArenaDemoRunner.cs:39)
ArenaDemoRunner:Run () (at Assets/Editor/ArenaDemoRunner.cs:21)

[Assets/Scripts/UI/HUD/HudController.cs line 28]

The resource UISprite.psd could not be loaded from the resource file!
UnityEngine.Debug:ExtractStackTraceNoAlloc (byte*,int,string)
UnityEngine.StackTraceUtility:ExtractStackTrace ()
UnityEngine.Resources:GetBuiltinResource (System.Type,string)
UnityEngine.Resources:GetBuiltinResource<UnityEngine.Sprite> (string)
QuizBattle.UI.UiFactory:get_RoundedSprite () (at Assets/Scripts/UI/UiFactory.cs:70)
QuizBattle.UI.UiFactory:CreateBannerPanel (UnityEngine.Transform,string,UnityEngine.Vector2,UnityEngine.Vector2,UnityEngine.Color,UnityEngine.Vector2) (at Assets/Scripts/UI/UiFactory.cs:103)
QuizBattle.UI.UiFactory:CreateButton (UnityEngine.Transform,string,UnityEngine.Vector2,UnityEngine.Vector2,string,UnityEngine.Vector2) (at Assets/Scripts/UI/UiFactory.cs:113)
QuizBattle.UI.HUD.HudController:Build (UnityEngine.Transform) (at Assets/Scripts/UI/HUD/HudController.cs:50)
QuizBattle.UI.HUD.HudController:Create () (at Assets/Scripts/UI/HUD/HudController.cs:28)
QuizBattle.GameState.GameManager:Bootstrap (System.Collections.Generic.List`1<QuizBattle.Characters.CharacterDefinitionSO>) (at Assets/Scripts/GameState/GameManager.cs:34)
ArenaDemoRunner:RunScenario (string,int,int,string) (at Assets/Editor/ArenaDemoRunner.cs:39)
ArenaDemoRunner:Run () (at Assets/Editor/ArenaDemoRunner.cs:21)

[Assets/Scripts/UI/HUD/HudController.cs line 28]

Failed to find UISprite.psd
UnityEngine.Debug:ExtractStackTraceNoAlloc (byte*,int,string)
UnityEngine.StackTraceUtility:ExtractStackTrace ()
UnityEngine.Resources:GetBuiltinResource (System.Type,string)
UnityEngine.Resources:GetBuiltinResource<UnityEngine.Sprite> (string)
QuizBattle.UI.UiFactory:get_RoundedSprite () (at Assets/Scripts/UI/UiFactory.cs:70)
QuizBattle.UI.UiFactory:CreateBannerPanel (UnityEngine.Transform,string,UnityEngine.Vector2,UnityEngine.Vector2,UnityEngine.Color,UnityEngine.Vector2) (at Assets/Scripts/UI/UiFactory.cs:83)
QuizBattle.UI.UiFactory:CreateButton (UnityEngine.Transform,string,UnityEngine.Vector2,UnityEngine.Vector2,string,UnityEngine.Vector2) (at Assets/Scripts/UI/UiFactory.cs:113)
QuizBattle.UI.HUD.HudController:Build (UnityEngine.Transform) (at Assets/Scripts/UI/HUD/HudController.cs:50)
QuizBattle.UI.HUD.HudController:Create () (at Assets/Scripts/UI/HUD/HudController.cs:28)
QuizBattle.GameState.GameManager:Bootstrap (System.Collections.Generic.List`1<QuizBattle.Characters.CharacterDefinitionSO>) (at Assets/Scripts/GameState/GameManager.cs:34)
ArenaDemoRunner:RunScenario (string,int,int,string) (at Assets/Editor/ArenaDemoRunner.cs:39)
ArenaDemoRunner:Run () (at Assets/Editor/ArenaDemoRunner.cs:21)

[Assets/Scripts/UI/HUD/HudController.cs line 28]

The resource UISprite.psd could not be loaded from the resource file!
UnityEngine.Debug:ExtractStackTraceNoAlloc (byte*,int,string)
UnityEngine.StackTraceUtility:ExtractStackTrace ()
UnityEngine.Resources:GetBuiltinResource (System.Type,string)
UnityEngine.Resources:GetBuiltinResource<UnityEngine.Sprite> (string)
QuizBattle.UI.UiFactory:get_RoundedSprite () (at Assets/Scripts/UI/UiFactory.cs:70)
QuizBattle.UI.UiFactory:CreateBannerPanel (UnityEngine.Transform,string,UnityEngine.Vector2,UnityEngine.Vector2,UnityEngine.Color,UnityEngine.Vector2) (at Assets/Scripts/UI/UiFactory.cs:83)
QuizBattle.UI.UiFactory:CreateButton (UnityEngine.Transform,string,UnityEngine.Vector2,UnityEngine.Vector2,string,UnityEngine.Vector2) (at Assets/Scripts/UI/UiFactory.cs:113)
QuizBattle.UI.HUD.HudController:Build (UnityEngine.Transform) (at Assets/Scripts/UI/HUD/HudController.cs:50)
QuizBattle.UI.HUD.HudController:Create () (at Assets/Scripts/UI/HUD/HudController.cs:28)
QuizBattle.GameState.GameManager:Bootstrap (System.Collections.Generic.List`1<QuizBattle.Characters.CharacterDefinitionSO>) (at Assets/Scripts/GameState/GameManager.cs:34)
ArenaDemoRunner:RunScenario (string,int,int,string) (at Assets/Editor/ArenaDemoRunner.cs:39)
ArenaDemoRunner:Run () (at Assets/Editor/ArenaDemoRunner.cs:21)

[Assets/Scripts/UI/HUD/HudController.cs line 28]

Failed to find UISprite.psd
UnityEngine.Debug:ExtractStackTraceNoAlloc (byte*,int,string)
UnityEngine.StackTraceUtility:ExtractStackTrace ()
UnityEngine.Resources:GetBuiltinResource (System.Type,string)
UnityEngine.Resources:GetBuiltinResource<UnityEngine.Sprite> (string)
QuizBattle.UI.UiFactory:get_RoundedSprite () (at Assets/Scripts/UI/UiFactory.cs:70)
QuizBattle.UI.UiFactory:CreateBannerPanel (UnityEngine.Transform,string,UnityEngine.Vector2,UnityEngine.Vector2,UnityEngine.Color,UnityEngine.Vector2) (at Assets/Scripts/UI/UiFactory.cs:93)
QuizBattle.UI.UiFactory:CreateButton (UnityEngine.Transform,string,UnityEngine.Vector2,UnityEngine.Vector2,string,UnityEngine.Vector2) (at Assets/Scripts/UI/UiFactory.cs:113)
QuizBattle.UI.HUD.HudController:Build (UnityEngine.Transform) (at Assets/Scripts/UI/HUD/HudController.cs:50)
QuizBattle.UI.HUD.HudController:Create () (at Assets/Scripts/UI/HUD/HudController.cs:28)
QuizBattle.GameState.GameManager:Bootstrap (System.Collections.Generic.List`1<QuizBattle.Characters.CharacterDefinitionSO>) (at Assets/Scripts/GameState/GameManager.cs:34)
ArenaDemoRunner:RunScenario (string,int,int,string) (at Assets/Editor/ArenaDemoRunner.cs:39)
ArenaDemoRunner:Run () (at Assets/Editor/ArenaDemoRunner.cs:21)

[Assets/Scripts/UI/HUD/HudController.cs line 28]

The resource UISprite.psd could not be loaded from the resource file!
UnityEngine.Debug:ExtractStackTraceNoAlloc (byte*,int,string)
UnityEngine.StackTraceUtility:ExtractStackTrace ()
UnityEngine.Resources:GetBuiltinResource (System.Type,string)
UnityEngine.Resources:GetBuiltinResource<UnityEngine.Sprite> (string)
QuizBattle.UI.UiFactory:get_RoundedSprite () (at Assets/Scripts/UI/UiFactory.cs:70)
QuizBattle.UI.UiFactory:CreateBannerPanel (UnityEngine.Transform,string,UnityEngine.Vector2,UnityEngine.Vector2,UnityEngine.Color,UnityEngine.Vector2) (at Assets/Scripts/UI/UiFactory.cs:93)
QuizBattle.UI.UiFactory:CreateButton (UnityEngine.Transform,string,UnityEngine.Vector2,UnityEngine.Vector2,string,UnityEngine.Vector2) (at Assets/Scripts/UI/UiFactory.cs:113)
QuizBattle.UI.HUD.HudController:Build (UnityEngine.Transform) (at Assets/Scripts/UI/HUD/HudController.cs:50)
QuizBattle.UI.HUD.HudController:Create () (at Assets/Scripts/UI/HUD/HudController.cs:28)
QuizBattle.GameState.GameManager:Bootstrap (System.Collections.Generic.List`1<QuizBattle.Characters.CharacterDefinitionSO>) (at Assets/Scripts/GameState/GameManager.cs:34)
ArenaDemoRunner:RunScenario (string,int,int,string) (at Assets/Editor/ArenaDemoRunner.cs:39)
ArenaDemoRunner:Run () (at Assets/Editor/ArenaDemoRunner.cs:21)

[Assets/Scripts/UI/HUD/HudController.cs line 28]

Failed to find UISprite.psd
UnityEngine.Debug:ExtractStackTraceNoAlloc (byte*,int,string)
UnityEngine.StackTraceUtility:ExtractStackTrace ()
UnityEngine.Resources:GetBuiltinResource (System.Type,string)
UnityEngine.Resources:GetBuiltinResource<UnityEngine.Sprite> (string)
QuizBattle.UI.UiFactory:get_RoundedSprite () (at Assets/Scripts/UI/UiFactory.cs:70)
QuizBattle.UI.UiFactory:CreateBannerPanel (UnityEngine.Transform,string,UnityEngine.Vector2,UnityEngine.Vector2,UnityEngine.Color,UnityEngine.Vector2) (at Assets/Scripts/UI/UiFactory.cs:103)
QuizBattle.UI.UiFactory:CreateButton (UnityEngine.Transform,string,UnityEngine.Vector2,UnityEngine.Vector2,string,UnityEngine.Vector2) (at Assets/Scripts/UI/UiFactory.cs:113)
QuizBattle.UI.HUD.HudController:Build (UnityEngine.Transform) (at Assets/Scripts/UI/HUD/HudController.cs:50)
QuizBattle.UI.HUD.HudController:Create () (at Assets/Scripts/UI/HUD/HudController.cs:28)
QuizBattle.GameState.GameManager:Bootstrap (System.Collections.Generic.List`1<QuizBattle.Characters.CharacterDefinitionSO>) (at Assets/Scripts/GameState/GameManager.cs:34)
ArenaDemoRunner:RunScenario (string,int,int,string) (at Assets/Editor/ArenaDemoRunner.cs:39)
ArenaDemoRunner:Run () (at Assets/Editor/ArenaDemoRunner.cs:21)

[Assets/Scripts/UI/HUD/HudController.cs line 28]

The resource UISprite.psd could not be loaded from the resource file!
UnityEngine.Debug:ExtractStackTraceNoAlloc (byte*,int,string)
UnityEngine.StackTraceUtility:ExtractStackTrace ()
UnityEngine.Resources:GetBuiltinResource (System.Type,string)
UnityEngine.Resources:GetBuiltinResource<UnityEngine.Sprite> (string)
QuizBattle.UI.UiFactory:get_RoundedSprite () (at Assets/Scripts/UI/UiFactory.cs:70)
QuizBattle.UI.UiFactory:CreateBannerPanel (UnityEngine.Transform,string,UnityEngine.Vector2,UnityEngine.Vector2,UnityEngine.Color,UnityEngine.Vector2) (at Assets/Scripts/UI/UiFactory.cs:103)
QuizBattle.UI.UiFactory:CreateButton (UnityEngine.Transform,string,UnityEngine.Vector2,UnityEngine.Vector2,string,UnityEngine.Vector2) (at Assets/Scripts/UI/UiFactory.cs:113)
QuizBattle.UI.HUD.HudController:Build (UnityEngine.Transform) (at Assets/Scripts/UI/HUD/HudController.cs:50)
QuizBattle.UI.HUD.HudController:Create () (at Assets/Scripts/UI/HUD/HudController.cs:28)
QuizBattle.GameState.GameManager:Bootstrap (System.Collections.Generic.List`1<QuizBattle.Characters.CharacterDefinitionSO>) (at Assets/Scripts/GameState/GameManager.cs:34)
ArenaDemoRunner:RunScenario (string,int,int,string) (at Assets/Editor/ArenaDemoRunner.cs:39)
ArenaDemoRunner:Run () (at Assets/Editor/ArenaDemoRunner.cs:21)

[Assets/Scripts/UI/HUD/HudController.cs line 28]

Tile_0_0: Destroy may not be called from edit mode! Use DestroyImmediate instead.
Destroying an object in edit mode destroys it permanently
UnityEngine.Debug:ExtractStackTraceNoAlloc (byte*,int,string)
UnityEngine.StackTraceUtility:ExtractStackTrace ()
UnityEngine.Object:Destroy (UnityEngine.Object,single)
UnityEngine.Object:Destroy (UnityEngine.Object)
QuizBattle.Arena.GridController:CreateTile (int,int,UnityEngine.Color) (at Assets/Scripts/Arena/GridController.cs:57)
QuizBattle.Arena.GridController:BuildGrid (int,int,int) (at Assets/Scripts/Arena/GridController.cs:42)
QuizBattle.GameState.GameManager:RunAutoPlayMatch (int,int) (at Assets/Scripts/GameState/GameManager.cs:66)
ArenaDemoRunner:RunScenario (string,int,int,string) (at Assets/Editor/ArenaDemoRunner.cs:40)
ArenaDemoRunner:Run () (at Assets/Editor/ArenaDemoRunner.cs:21)

[Assets/Scripts/Arena/GridController.cs line 42]

Tile_0_1: Destroy may not be called from edit mode! Use DestroyImmediate instead.
Destroying an object in edit mode destroys it permanently
UnityEngine.Debug:ExtractStackTraceNoAlloc (byte*,int,string)
UnityEngine.StackTraceUtility:ExtractStackTrace ()
UnityEngine.Object:Destroy (UnityEngine.Object,single)
UnityEngine.Object:Destroy (UnityEngine.Object)
QuizBattle.Arena.GridController:CreateTile (int,int,UnityEngine.Color) (at Assets/Scripts/Arena/GridController.cs:57)
QuizBattle.Arena.GridController:BuildGrid (int,int,int) (at Assets/Scripts/Arena/GridController.cs:42)
QuizBattle.GameState.GameManager:RunAutoPlayMatch (int,int) (at Assets/Scripts/GameState/GameManager.cs:66)
ArenaDemoRunner:RunScenario (string,int,int,string) (at Assets/Editor/ArenaDemoRunner.cs:40)
ArenaDemoRunner:Run () (at Assets/Editor/ArenaDemoRunner.cs:21)

[Assets/Scripts/Arena/GridController.cs line 42]

Tile_0_2: Destroy may not be called from edit mode! Use DestroyImmediate instead.
Destroying an object in edit mode destroys it permanently
UnityEngine.Debug:ExtractStackTraceNoAlloc (byte*,int,string)
UnityEngine.StackTraceUtility:ExtractStackTrace ()
UnityEngine.Object:Destroy (UnityEngine.Object,single)
UnityEngine.Object:Destroy (UnityEngine.Object)
QuizBattle.Arena.GridController:CreateTile (int,int,UnityEngine.Color) (at Assets/Scripts/Arena/GridController.cs:57)
QuizBattle.Arena.GridController:BuildGrid (int,int,int) (at Assets/Scripts/Arena/GridController.cs:42)
QuizBattle.GameState.GameManager:RunAutoPlayMatch (int,int) (at Assets/Scripts/GameState/GameManager.cs:66)
ArenaDemoRunner:RunScenario (string,int,int,string) (at Assets/Editor/ArenaDemoRunner.cs:40)
ArenaDemoRunner:Run () (at Assets/Editor/ArenaDemoRunner.cs:21)

[Assets/Scripts/Arena/GridController.cs line 42]

Tile_0_3: Destroy may not be called from edit mode! Use DestroyImmediate instead.
Destroying an object in edit mode destroys it permanently
UnityEngine.Debug:ExtractStackTraceNoAlloc (byte*,int,string)
UnityEngine.StackTraceUtility:ExtractStackTrace ()
UnityEngine.Object:Destroy (UnityEngine.Object,single)
UnityEngine.Object:Destroy (UnityEngine.Object)
QuizBattle.Arena.GridController:CreateTile (int,int,UnityEngine.Color) (at Assets/Scripts/Arena/GridController.cs:57)
QuizBattle.Arena.GridController:BuildGrid (int,int,int) (at Assets/Scripts/Arena/GridController.cs:42)
QuizBattle.GameState.GameManager:RunAutoPlayMatch (int,int) (at Assets/Scripts/GameState/GameManager.cs:66)
ArenaDemoRunner:RunScenario (string,int,int,string) (at Assets/Editor/ArenaDemoRunner.cs:40)
ArenaDemoRunner:Run () (at Assets/Editor/ArenaDemoRunner.cs:21)

[Assets/Scripts/Arena/GridController.cs line 42]

Tile_0_4: Destroy may not be called from edit mode! Use DestroyImmediate instead.
Destroying an object in edit mode destroys it permanently
UnityEngine.Debug:ExtractStackTraceNoAlloc (byte*,int,string)
UnityEngine.StackTraceUtility:ExtractStackTrace ()
UnityEngine.Object:Destroy (UnityEngine.Object,single)
UnityEngine.Object:Destroy (UnityEngine.Object)
QuizBattle.Arena.GridController:CreateTile (int,int,UnityEngine.Color) (at Assets/Scripts/Arena/GridController.cs:57)
QuizBattle.Arena.GridController:BuildGrid (int,int,int) (at Assets/Scripts/Arena/GridController.cs:42)
QuizBattle.GameState.GameManager:RunAutoPlayMatch (int,int) (at Assets/Scripts/GameState/GameManager.cs:66)
ArenaDemoRunner:RunScenario (string,int,int,string) (at Assets/Editor/ArenaDemoRunner.cs:40)
ArenaDemoRunner:Run () (at Assets/Editor/ArenaDemoRunner.cs:21)

[Assets/Scripts/Arena/GridController.cs line 42]

Tile_0_5: Destroy may not be called from edit mode! Use DestroyImmediate instead.
Destroying an object in edit mode destroys it permanently
UnityEngine.Debug:ExtractStackTraceNoAlloc (byte*,int,string)
UnityEngine.StackTraceUtility:ExtractStackTrace ()
UnityEngine.Object:Destroy (UnityEngine.Object,single)
UnityEngine.Object:Destroy (UnityEngine.Object)
QuizBattle.Arena.GridController:CreateTile (int,int,UnityEngine.Color) (at Assets/Scripts/Arena/GridController.cs:57)
QuizBattle.Arena.GridController:BuildGrid (int,int,int) (at Assets/Scripts/Arena/GridController.cs:42)
QuizBattle.GameState.GameManager:RunAutoPlayMatch (int,int) (at Assets/Scripts/GameState/GameManager.cs:66)
ArenaDemoRunner:RunScenario (string,int,int,string) (at Assets/Editor/ArenaDemoRunner.cs:40)
ArenaDemoRunner:Run () (at Assets/Editor/ArenaDemoRunner.cs:21)

[Assets/Scripts/Arena/GridController.cs line 42]

ZoneGlow_0_5: Destroy may not be called from edit mode! Use DestroyImmediate instead.
Destroying an object in edit mode destroys it permanently
UnityEngine.Debug:ExtractStackTraceNoAlloc (byte*,int,string)
UnityEngine.StackTraceUtility:ExtractStackTrace ()
UnityEngine.Object:Destroy (UnityEngine.Object,single)
UnityEngine.Object:Destroy (UnityEngine.Object)
QuizBattle.Arena.GridController:CreateZoneGlow (int,int) (at Assets/Scripts/Arena/GridController.cs:99)
QuizBattle.Arena.GridController:BuildGrid (int,int,int) (at Assets/Scripts/Arena/GridController.cs:43)
QuizBattle.GameState.GameManager:RunAutoPlayMatch (int,int) (at Assets/Scripts/GameState/GameManager.cs:66)
ArenaDemoRunner:RunScenario (string,int,int,string) (at Assets/Editor/ArenaDemoRunner.cs:40)
ArenaDemoRunner:Run () (at Assets/Editor/ArenaDemoRunner.cs:21)

[Assets/Scripts/Arena/GridController.cs line 99]

Tile_1_0: Destroy may not be called from edit mode! Use DestroyImmediate instead.
Destroying an object in edit mode destroys it permanently
UnityEngine.Debug:ExtractStackTraceNoAlloc (byte*,int,string)
UnityEngine.StackTraceUtility:ExtractStackTrace ()
UnityEngine.Object:Destroy (UnityEngine.Object,single)
UnityEngine.Object:Destroy (UnityEngine.Object)
QuizBattle.Arena.GridController:CreateTile (int,int,UnityEngine.Color) (at Assets/Scripts/Arena/GridController.cs:57)
QuizBattle.Arena.GridController:BuildGrid (int,int,int) (at Assets/Scripts/Arena/GridController.cs:42)
QuizBattle.GameState.GameManager:RunAutoPlayMatch (int,int) (at Assets/Scripts/GameState/GameManager.cs:66)
ArenaDemoRunner:RunScenario (string,int,int,string) (at Assets/Editor/ArenaDemoRunner.cs:40)
ArenaDemoRunner:Run () (at Assets/Editor/ArenaDemoRunner.cs:21)

[Assets/Scripts/Arena/GridController.cs line 42]

Tile_1_1: Destroy may not be called from edit mode! Use DestroyImmediate instead.
Destroying an object in edit mode destroys it permanently
UnityEngine.Debug:ExtractStackTraceNoAlloc (byte*,int,string)
UnityEngine.StackTraceUtility:ExtractStackTrace ()
UnityEngine.Object:Destroy (UnityEngine.Object,single)
UnityEngine.Object:Destroy (UnityEngine.Object)
QuizBattle.Arena.GridController:CreateTile (int,int,UnityEngine.Color) (at Assets/Scripts/Arena/GridController.cs:57)
QuizBattle.Arena.GridController:BuildGrid (int,int,int) (at Assets/Scripts/Arena/GridController.cs:42)
QuizBattle.GameState.GameManager:RunAutoPlayMatch (int,int) (at Assets/Scripts/GameState/GameManager.cs:66)
ArenaDemoRunner:RunScenario (string,int,int,string) (at Assets/Editor/ArenaDemoRunner.cs:40)
ArenaDemoRunner:Run () (at Assets/Editor/ArenaDemoRunner.cs:21)

[Assets/Scripts/Arena/GridController.cs line 42]

Tile_1_2: Destroy may not be called from edit mode! Use DestroyImmediate instead.
Destroying an object in edit mode destroys it permanently
UnityEngine.Debug:ExtractStackTraceNoAlloc (byte*,int,string)
UnityEngine.StackTraceUtility:ExtractStackTrace ()
UnityEngine.Object:Destroy (UnityEngine.Object,single)
UnityEngine.Object:Destroy (UnityEngine.Object)
QuizBattle.Arena.GridController:CreateTile (int,int,UnityEngine.Color) (at Assets/Scripts/Arena/GridController.cs:57)
QuizBattle.Arena.GridController:BuildGrid (int,int,int) (at Assets/Scripts/Arena/GridController.cs:42)
QuizBattle.GameState.GameManager:RunAutoPlayMatch (int,int) (at Assets/Scripts/GameState/GameManager.cs:66)
ArenaDemoRunner:RunScenario (string,int,int,string) (at Assets/Editor/ArenaDemoRunner.cs:40)
ArenaDemoRunner:Run () (at Assets/Editor/ArenaDemoRunner.cs:21)

[Assets/Scripts/Arena/GridController.cs line 42]

Tile_1_3: Destroy may not be called from edit mode! Use DestroyImmediate instead.
Destroying an object in edit mode destroys it permanently
UnityEngine.Debug:ExtractStackTraceNoAlloc (byte*,int,string)
UnityEngine.StackTraceUtility:ExtractStackTrace ()
UnityEngine.Object:Destroy (UnityEngine.Object,single)
UnityEngine.Object:Destroy (UnityEngine.Object)
QuizBattle.Arena.GridController:CreateTile (int,int,UnityEngine.Color) (at Assets/Scripts/Arena/GridController.cs:57)
QuizBattle.Arena.GridController:BuildGrid (int,int,int) (at Assets/Scripts/Arena/GridController.cs:42)
QuizBattle.GameState.GameManager:RunAutoPlayMatch (int,int) (at Assets/Scripts/GameState/GameManager.cs:66)
ArenaDemoRunner:RunScenario (string,int,int,string) (at Assets/Editor/ArenaDemoRunner.cs:40)
ArenaDemoRunner:Run () (at Assets/Editor/ArenaDemoRunner.cs:21)

[Assets/Scripts/Arena/GridController.cs line 42]

Tile_1_4: Destroy may not be called from edit mode! Use DestroyImmediate instead.
Destroying an object in edit mode destroys it permanently
UnityEngine.Debug:ExtractStackTraceNoAlloc (byte*,int,string)
UnityEngine.StackTraceUtility:ExtractStackTrace ()
UnityEngine.Object:Destroy (UnityEngine.Object,single)
UnityEngine.Object:Destroy (UnityEngine.Object)
QuizBattle.Arena.GridController:CreateTile (int,int,UnityEngine.Color) (at Assets/Scripts/Arena/GridController.cs:57)
QuizBattle.Arena.GridController:BuildGrid (int,int,int) (at Assets/Scripts/Arena/GridController.cs:42)
QuizBattle.GameState.GameManager:RunAutoPlayMatch (int,int) (at Assets/Scripts/GameState/GameManager.cs:66)
ArenaDemoRunner:RunScenario (string,int,int,string) (at Assets/Editor/ArenaDemoRunner.cs:40)
ArenaDemoRunner:Run () (at Assets/Editor/ArenaDemoRunner.cs:21)

[Assets/Scripts/Arena/GridController.cs line 42]

Tile_1_5: Destroy may not be called from edit mode! Use DestroyImmediate instead.
Destroying an object in edit mode destroys it permanently
UnityEngine.Debug:ExtractStackTraceNoAlloc (byte*,int,string)
UnityEngine.StackTraceUtility:ExtractStackTrace ()
UnityEngine.Object:Destroy (UnityEngine.Object,single)
UnityEngine.Object:Destroy (UnityEngine.Object)
QuizBattle.Arena.GridController:CreateTile (int,int,UnityEngine.Color) (at Assets/Scripts/Arena/GridController.cs:57)
QuizBattle.Arena.GridController:BuildGrid (int,int,int) (at Assets/Scripts/Arena/GridController.cs:42)
QuizBattle.GameState.GameManager:RunAutoPlayMatch (int,int) (at Assets/Scripts/GameState/GameManager.cs:66)
ArenaDemoRunner:RunScenario (string,int,int,string) (at Assets/Editor/ArenaDemoRunner.cs:40)
ArenaDemoRunner:Run () (at Assets/Editor/ArenaDemoRunner.cs:21)

[Assets/Scripts/Arena/GridController.cs line 42]

ZoneGlow_1_5: Destroy may not be called from edit mode! Use DestroyImmediate instead.
Destroying an object in edit mode destroys it permanently
UnityEngine.Debug:ExtractStackTraceNoAlloc (byte*,int,string)
UnityEngine.StackTraceUtility:ExtractStackTrace ()
UnityEngine.Object:Destroy (UnityEngine.Object,single)
UnityEngine.Object:Destroy (UnityEngine.Object)
QuizBattle.Arena.GridController:CreateZoneGlow (int,int) (at Assets/Scripts/Arena/GridController.cs:99)
QuizBattle.Arena.GridController:BuildGrid (int,int,int) (at Assets/Scripts/Arena/GridController.cs:43)
QuizBattle.GameState.GameManager:RunAutoPlayMatch (int,int) (at Assets/Scripts/GameState/GameManager.cs:66)
ArenaDemoRunner:RunScenario (string,int,int,string) (at Assets/Editor/ArenaDemoRunner.cs:40)
ArenaDemoRunner:Run () (at Assets/Editor/ArenaDemoRunner.cs:21)

[Assets/Scripts/Arena/GridController.cs line 99]

Tile_2_0: Destroy may not be called from edit mode! Use DestroyImmediate instead.
Destroying an object in edit mode destroys it permanently
UnityEngine.Debug:ExtractStackTraceNoAlloc (byte*,int,string)
UnityEngine.StackTraceUtility:ExtractStackTrace ()
UnityEngine.Object:Destroy (UnityEngine.Object,single)
UnityEngine.Object:Destroy (UnityEngine.Object)
QuizBattle.Arena.GridController:CreateTile (int,int,UnityEngine.Color) (at Assets/Scripts/Arena/GridController.cs:57)
QuizBattle.Arena.GridController:BuildGrid (int,int,int) (at Assets/Scripts/Arena/GridController.cs:42)
QuizBattle.GameState.GameManager:RunAutoPlayMatch (int,int) (at Assets/Scripts/GameState/GameManager.cs:66)
ArenaDemoRunner:RunScenario (string,int,int,string) (at Assets/Editor/ArenaDemoRunner.cs:40)
ArenaDemoRunner:Run () (at Assets/Editor/ArenaDemoRunner.cs:21)

[Assets/Scripts/Arena/GridController.cs line 42]

Tile_2_1: Destroy may not be called from edit mode! Use DestroyImmediate instead.
Destroying an object in edit mode destroys it permanently
UnityEngine.Debug:ExtractStackTraceNoAlloc (byte*,int,string)
UnityEngine.StackTraceUtility:ExtractStackTrace ()
UnityEngine.Object:Destroy (UnityEngine.Object,single)
UnityEngine.Object:Destroy (UnityEngine.Object)
QuizBattle.Arena.GridController:CreateTile (int,int,UnityEngine.Color) (at Assets/Scripts/Arena/GridController.cs:57)
QuizBattle.Arena.GridController:BuildGrid (int,int,int) (at Assets/Scripts/Arena/GridController.cs:42)
QuizBattle.GameState.GameManager:RunAutoPlayMatch (int,int) (at Assets/Scripts/GameState/GameManager.cs:66)
ArenaDemoRunner:RunScenario (string,int,int,string) (at Assets/Editor/ArenaDemoRunner.cs:40)
ArenaDemoRunner:Run () (at Assets/Editor/ArenaDemoRunner.cs:21)

[Assets/Scripts/Arena/GridController.cs line 42]

Tile_2_2: Destroy may not be called from edit mode! Use DestroyImmediate instead.
Destroying an object in edit mode destroys it permanently
UnityEngine.Debug:ExtractStackTraceNoAlloc (byte*,int,string)
UnityEngine.StackTraceUtility:ExtractStackTrace ()
UnityEngine.Object:Destroy (UnityEngine.Object,single)
UnityEngine.Object:Destroy (UnityEngine.Object)
QuizBattle.Arena.GridController:CreateTile (int,int,UnityEngine.Color) (at Assets/Scripts/Arena/GridController.cs:57)
QuizBattle.Arena.GridController:BuildGrid (int,int,int) (at Assets/Scripts/Arena/GridController.cs:42)
QuizBattle.GameState.GameManager:RunAutoPlayMatch (int,int) (at Assets/Scripts/GameState/GameManager.cs:66)
ArenaDemoRunner:RunScenario (string,int,int,string) (at Assets/Editor/ArenaDemoRunner.cs:40)
ArenaDemoRunner:Run () (at Assets/Editor/ArenaDemoRunner.cs:21)

[Assets/Scripts/Arena/GridController.cs line 42]

Tile_2_3: Destroy may not be called from edit mode! Use DestroyImmediate instead.
Destroying an object in edit mode destroys it permanently
UnityEngine.Debug:ExtractStackTraceNoAlloc (byte*,int,string)
UnityEngine.StackTraceUtility:ExtractStackTrace ()
UnityEngine.Object:Destroy (UnityEngine.Object,single)
UnityEngine.Object:Destroy (UnityEngine.Object)
QuizBattle.Arena.GridController:CreateTile (int,int,UnityEngine.Color) (at Assets/Scripts/Arena/GridController.cs:57)
QuizBattle.Arena.GridController:BuildGrid (int,int,int) (at Assets/Scripts/Arena/GridController.cs:42)
QuizBattle.GameState.GameManager:RunAutoPlayMatch (int,int) (at Assets/Scripts/GameState/GameManager.cs:66)
ArenaDemoRunner:RunScenario (string,int,int,string) (at Assets/Editor/ArenaDemoRunner.cs:40)
ArenaDemoRunner:Run () (at Assets/Editor/ArenaDemoRunner.cs:21)

[Assets/Scripts/Arena/GridController.cs line 42]

Tile_2_4: Destroy may not be called from edit mode! Use DestroyImmediate instead.
Destroying an object in edit mode destroys it permanently
UnityEngine.Debug:ExtractStackTraceNoAlloc (byte*,int,string)
UnityEngine.StackTraceUtility:ExtractStackTrace ()
UnityEngine.Object:Destroy (UnityEngine.Object,single)
UnityEngine.Object:Destroy (UnityEngine.Object)
QuizBattle.Arena.GridController:CreateTile (int,int,UnityEngine.Color) (at Assets/Scripts/Arena/GridController.cs:57)
QuizBattle.Arena.GridController:BuildGrid (int,int,int) (at Assets/Scripts/Arena/GridController.cs:42)
QuizBattle.GameState.GameManager:RunAutoPlayMatch (int,int) (at Assets/Scripts/GameState/GameManager.cs:66)
ArenaDemoRunner:RunScenario (string,int,int,string) (at Assets/Editor/ArenaDemoRunner.cs:40)
ArenaDemoRunner:Run () (at Assets/Editor/ArenaDemoRunner.cs:21)

[Assets/Scripts/Arena/GridController.cs line 42]

Tile_2_5: Destroy may not be called from edit mode! Use DestroyImmediate instead.
Destroying an object in edit mode destroys it permanently
UnityEngine.Debug:ExtractStackTraceNoAlloc (byte*,int,string)
UnityEngine.StackTraceUtility:ExtractStackTrace ()
UnityEngine.Object:Destroy (UnityEngine.Object,single)
UnityEngine.Object:Destroy (UnityEngine.Object)
QuizBattle.Arena.GridController:CreateTile (int,int,UnityEngine.Color) (at Assets/Scripts/Arena/GridController.cs:57)
QuizBattle.Arena.GridController:BuildGrid (int,int,int) (at Assets/Scripts/Arena/GridController.cs:42)
QuizBattle.GameState.GameManager:RunAutoPlayMatch (int,int) (at Assets/Scripts/GameState/GameManager.cs:66)
ArenaDemoRunner:RunScenario (string,int,int,string) (at Assets/Editor/ArenaDemoRunner.cs:40)
ArenaDemoRunner:Run () (at Assets/Editor/ArenaDemoRunner.cs:21)

[Assets/Scripts/Arena/GridController.cs line 42]

ZoneGlow_2_5: Destroy may not be called from edit mode! Use DestroyImmediate instead.
Destroying an object in edit mode destroys it permanently
UnityEngine.Debug:ExtractStackTraceNoAlloc (byte*,int,string)
UnityEngine.StackTraceUtility:ExtractStackTrace ()
UnityEngine.Object:Destroy (UnityEngine.Object,single)
UnityEngine.Object:Destroy (UnityEngine.Object)
QuizBattle.Arena.GridController:CreateZoneGlow (int,int) (at Assets/Scripts/Arena/GridController.cs:99)
QuizBattle.Arena.GridController:BuildGrid (int,int,int) (at Assets/Scripts/Arena/GridController.cs:43)
QuizBattle.GameState.GameManager:RunAutoPlayMatch (int,int) (at Assets/Scripts/GameState/GameManager.cs:66)
ArenaDemoRunner:RunScenario (string,int,int,string) (at Assets/Editor/ArenaDemoRunner.cs:40)
ArenaDemoRunner:Run () (at Assets/Editor/ArenaDemoRunner.cs:21)

[Assets/Scripts/Arena/GridController.cs line 99]

Tile_3_0: Destroy may not be called from edit mode! Use DestroyImmediate instead.
Destroying an object in edit mode destroys it permanently
UnityEngine.Debug:ExtractStackTraceNoAlloc (byte*,int,string)
UnityEngine.StackTraceUtility:ExtractStackTrace ()
UnityEngine.Object:Destroy (UnityEngine.Object,single)
UnityEngine.Object:Destroy (UnityEngine.Object)
QuizBattle.Arena.GridController:CreateTile (int,int,UnityEngine.Color) (at Assets/Scripts/Arena/GridController.cs:57)
QuizBattle.Arena.GridController:BuildGrid (int,int,int) (at Assets/Scripts/Arena/GridController.cs:42)
QuizBattle.GameState.GameManager:RunAutoPlayMatch (int,int) (at Assets/Scripts/GameState/GameManager.cs:66)
ArenaDemoRunner:RunScenario (string,int,int,string) (at Assets/Editor/ArenaDemoRunner.cs:40)
ArenaDemoRunner:Run () (at Assets/Editor/ArenaDemoRunner.cs:21)

[Assets/Scripts/Arena/GridController.cs line 42]

Tile_3_1: Destroy may not be called from edit mode! Use DestroyImmediate instead.
Destroying an object in edit mode destroys it permanently
UnityEngine.Debug:ExtractStackTraceNoAlloc (byte*,int,string)
UnityEngine.StackTraceUtility:ExtractStackTrace ()
UnityEngine.Object:Destroy (UnityEngine.Object,single)
UnityEngine.Object:Destroy (UnityEngine.Object)
QuizBattle.Arena.GridController:CreateTile (int,int,UnityEngine.Color) (at Assets/Scripts/Arena/GridController.cs:57)
QuizBattle.Arena.GridController:BuildGrid (int,int,int) (at Assets/Scripts/Arena/GridController.cs:42)
QuizBattle.GameState.GameManager:RunAutoPlayMatch (int,int) (at Assets/Scripts/GameState/GameManager.cs:66)
ArenaDemoRunner:RunScenario (string,int,int,string) (at Assets/Editor/ArenaDemoRunner.cs:40)
ArenaDemoRunner:Run () (at Assets/Editor/ArenaDemoRunner.cs:21)

[Assets/Scripts/Arena/GridController.cs line 42]

Tile_3_2: Destroy may not be called from edit mode! Use DestroyImmediate instead.
Destroying an object in edit mode destroys it permanently
UnityEngine.Debug:ExtractStackTraceNoAlloc (byte*,int,string)
UnityEngine.StackTraceUtility:ExtractStackTrace ()
UnityEngine.Object:Destroy (UnityEngine.Object,single)
UnityEngine.Object:Destroy (UnityEngine.Object)
QuizBattle.Arena.GridController:CreateTile (int,int,UnityEngine.Color) (at Assets/Scripts/Arena/GridController.cs:57)
QuizBattle.Arena.GridController:BuildGrid (int,int,int) (at Assets/Scripts/Arena/GridController.cs:42)
QuizBattle.GameState.GameManager:RunAutoPlayMatch (int,int) (at Assets/Scripts/GameState/GameManager.cs:66)
ArenaDemoRunner:RunScenario (string,int,int,string) (at Assets/Editor/ArenaDemoRunner.cs:40)
ArenaDemoRunner:Run () (at Assets/Editor/ArenaDemoRunner.cs:21)

[Assets/Scripts/Arena/GridController.cs line 42]

Tile_3_3: Destroy may not be called from edit mode! Use DestroyImmediate instead.
Destroying an object in edit mode destroys it permanently
UnityEngine.Debug:ExtractStackTraceNoAlloc (byte*,int,string)
UnityEngine.StackTraceUtility:ExtractStackTrace ()
UnityEngine.Object:Destroy (UnityEngine.Object,single)
UnityEngine.Object:Destroy (UnityEngine.Object)
QuizBattle.Arena.GridController:CreateTile (int,int,UnityEngine.Color) (at Assets/Scripts/Arena/GridController.cs:57)
QuizBattle.Arena.GridController:BuildGrid (int,int,int) (at Assets/Scripts/Arena/GridController.cs:42)
QuizBattle.GameState.GameManager:RunAutoPlayMatch (int,int) (at Assets/Scripts/GameState/GameManager.cs:66)
ArenaDemoRunner:RunScenario (string,int,int,string) (at Assets/Editor/ArenaDemoRunner.cs:40)
ArenaDemoRunner:Run () (at Assets/Editor/ArenaDemoRunner.cs:21)

[Assets/Scripts/Arena/GridController.cs line 42]

Tile_3_4: Destroy may not be called from edit mode! Use DestroyImmediate instead.
Destroying an object in edit mode destroys it permanently
UnityEngine.Debug:ExtractStackTraceNoAlloc (byte*,int,string)
UnityEngine.StackTraceUtility:ExtractStackTrace ()
UnityEngine.Object:Destroy (UnityEngine.Object,single)
UnityEngine.Object:Destroy (UnityEngine.Object)
QuizBattle.Arena.GridController:CreateTile (int,int,UnityEngine.Color) (at Assets/Scripts/Arena/GridController.cs:57)
QuizBattle.Arena.GridController:BuildGrid (int,int,int) (at Assets/Scripts/Arena/GridController.cs:42)
QuizBattle.GameState.GameManager:RunAutoPlayMatch (int,int) (at Assets/Scripts/GameState/GameManager.cs:66)
ArenaDemoRunner:RunScenario (string,int,int,string) (at Assets/Editor/ArenaDemoRunner.cs:40)
ArenaDemoRunner:Run () (at Assets/Editor/ArenaDemoRunner.cs:21)

[Assets/Scripts/Arena/GridController.cs line 42]

Tile_3_5: Destroy may not be called from edit mode! Use DestroyImmediate instead.
Destroying an object in edit mode destroys it permanently
UnityEngine.Debug:ExtractStackTraceNoAlloc (byte*,int,string)
UnityEngine.StackTraceUtility:ExtractStackTrace ()
UnityEngine.Object:Destroy (UnityEngine.Object,single)
UnityEngine.Object:Destroy (UnityEngine.Object)
QuizBattle.Arena.GridController:CreateTile (int,int,UnityEngine.Color) (at Assets/Scripts/Arena/GridController.cs:57)
QuizBattle.Arena.GridController:BuildGrid (int,int,int) (at Assets/Scripts/Arena/GridController.cs:42)
QuizBattle.GameState.GameManager:RunAutoPlayMatch (int,int) (at Assets/Scripts/GameState/GameManager.cs:66)
ArenaDemoRunner:RunScenario (string,int,int,string) (at Assets/Editor/ArenaDemoRunner.cs:40)
ArenaDemoRunner:Run () (at Assets/Editor/ArenaDemoRunner.cs:21)

[Assets/Scripts/Arena/GridController.cs line 42]

ZoneGlow_3_5: Destroy may not be called from edit mode! Use DestroyImmediate instead.
Destroying an object in edit mode destroys it permanently
UnityEngine.Debug:ExtractStackTraceNoAlloc (byte*,int,string)
UnityEngine.StackTraceUtility:ExtractStackTrace ()
UnityEngine.Object:Destroy (UnityEngine.Object,single)
UnityEngine.Object:Destroy (UnityEngine.Object)
QuizBattle.Arena.GridController:CreateZoneGlow (int,int) (at Assets/Scripts/Arena/GridController.cs:99)
QuizBattle.Arena.GridController:BuildGrid (int,int,int) (at Assets/Scripts/Arena/GridController.cs:43)
QuizBattle.GameState.GameManager:RunAutoPlayMatch (int,int) (at Assets/Scripts/GameState/GameManager.cs:66)
ArenaDemoRunner:RunScenario (string,int,int,string) (at Assets/Editor/ArenaDemoRunner.cs:40)
ArenaDemoRunner:Run () (at Assets/Editor/ArenaDemoRunner.cs:21)

[Assets/Scripts/Arena/GridController.cs line 99]

Tile_4_0: Destroy may not be called from edit mode! Use DestroyImmediate instead.
Destroying an object in edit mode destroys it permanently
UnityEngine.Debug:ExtractStackTraceNoAlloc (byte*,int,string)
UnityEngine.StackTraceUtility:ExtractStackTrace ()
UnityEngine.Object:Destroy (UnityEngine.Object,single)
UnityEngine.Object:Destroy (UnityEngine.Object)
QuizBattle.Arena.GridController:CreateTile (int,int,UnityEngine.Color) (at Assets/Scripts/Arena/GridController.cs:57)
QuizBattle.Arena.GridController:BuildGrid (int,int,int) (at Assets/Scripts/Arena/GridController.cs:42)
QuizBattle.GameState.GameManager:RunAutoPlayMatch (int,int) (at Assets/Scripts/GameState/GameManager.cs:66)
ArenaDemoRunner:RunScenario (string,int,int,string) (at Assets/Editor/ArenaDemoRunner.cs:40)
ArenaDemoRunner:Run () (at Assets/Editor/ArenaDemoRunner.cs:21)

[Assets/Scripts/Arena/GridController.cs line 42]

Tile_4_1: Destroy may not be called from edit mode! Use DestroyImmediate instead.
Destroying an object in edit mode destroys it permanently
UnityEngine.Debug:ExtractStackTraceNoAlloc (byte*,int,string)
UnityEngine.StackTraceUtility:ExtractStackTrace ()
UnityEngine.Object:Destroy (UnityEngine.Object,single)
UnityEngine.Object:Destroy (UnityEngine.Object)
QuizBattle.Arena.GridController:CreateTile (int,int,UnityEngine.Color) (at Assets/Scripts/Arena/GridController.cs:57)
QuizBattle.Arena.GridController:BuildGrid (int,int,int) (at Assets/Scripts/Arena/GridController.cs:42)
QuizBattle.GameState.GameManager:RunAutoPlayMatch (int,int) (at Assets/Scripts/GameState/GameManager.cs:66)
ArenaDemoRunner:RunScenario (string,int,int,string) (at Assets/Editor/ArenaDemoRunner.cs:40)
ArenaDemoRunner:Run () (at Assets/Editor/ArenaDemoRunner.cs:21)

[Assets/Scripts/Arena/GridController.cs line 42]

Tile_4_2: Destroy may not be called from edit mode! Use DestroyImmediate instead.
Destroying an object in edit mode destroys it permanently
UnityEngine.Debug:ExtractStackTraceNoAlloc (byte*,int,string)
UnityEngine.StackTraceUtility:ExtractStackTrace ()
UnityEngine.Object:Destroy (UnityEngine.Object,single)
UnityEngine.Object:Destroy (UnityEngine.Object)
QuizBattle.Arena.GridController:CreateTile (int,int,UnityEngine.Color) (at Assets/Scripts/Arena/GridController.cs:57)
QuizBattle.Arena.GridController:BuildGrid (int,int,int) (at Assets/Scripts/Arena/GridController.cs:42)
QuizBattle.GameState.GameManager:RunAutoPlayMatch (int,int) (at Assets/Scripts/GameState/GameManager.cs:66)
ArenaDemoRunner:RunScenario (string,int,int,string) (at Assets/Editor/ArenaDemoRunner.cs:40)
ArenaDemoRunner:Run () (at Assets/Editor/ArenaDemoRunner.cs:21)

[Assets/Scripts/Arena/GridController.cs line 42]

Tile_4_3: Destroy may not be called from edit mode! Use DestroyImmediate instead.
Destroying an object in edit mode destroys it permanently
UnityEngine.Debug:ExtractStackTraceNoAlloc (byte*,int,string)
UnityEngine.StackTraceUtility:ExtractStackTrace ()
UnityEngine.Object:Destroy (UnityEngine.Object,single)
UnityEngine.Object:Destroy (UnityEngine.Object)
QuizBattle.Arena.GridController:CreateTile (int,int,UnityEngine.Color) (at Assets/Scripts/Arena/GridController.cs:57)
QuizBattle.Arena.GridController:BuildGrid (int,int,int) (at Assets/Scripts/Arena/GridController.cs:42)
QuizBattle.GameState.GameManager:RunAutoPlayMatch (int,int) (at Assets/Scripts/GameState/GameManager.cs:66)
ArenaDemoRunner:RunScenario (string,int,int,string) (at Assets/Editor/ArenaDemoRunner.cs:40)
ArenaDemoRunner:Run () (at Assets/Editor/ArenaDemoRunner.cs:21)

[Assets/Scripts/Arena/GridController.cs line 42]

Tile_4_4: Destroy may not be called from edit mode! Use DestroyImmediate instead.
Destroying an object in edit mode destroys it permanently
UnityEngine.Debug:ExtractStackTraceNoAlloc (byte*,int,string)
UnityEngine.StackTraceUtility:ExtractStackTrace ()
UnityEngine.Object:Destroy (UnityEngine.Object,single)
UnityEngine.Object:Destroy (UnityEngine.Object)
QuizBattle.Arena.GridController:CreateTile (int,int,UnityEngine.Color) (at Assets/Scripts/Arena/GridController.cs:57)
QuizBattle.Arena.GridController:BuildGrid (int,int,int) (at Assets/Scripts/Arena/GridController.cs:42)
QuizBattle.GameState.GameManager:RunAutoPlayMatch (int,int) (at Assets/Scripts/GameState/GameManager.cs:66)
ArenaDemoRunner:RunScenario (string,int,int,string) (at Assets/Editor/ArenaDemoRunner.cs:40)
ArenaDemoRunner:Run () (at Assets/Editor/ArenaDemoRunner.cs:21)

[Assets/Scripts/Arena/GridController.cs line 42]

Tile_4_5: Destroy may not be called from edit mode! Use DestroyImmediate instead.
Destroying an object in edit mode destroys it permanently
UnityEngine.Debug:ExtractStackTraceNoAlloc (byte*,int,string)
UnityEngine.StackTraceUtility:ExtractStackTrace ()
UnityEngine.Object:Destroy (UnityEngine.Object,single)
UnityEngine.Object:Destroy (UnityEngine.Object)
QuizBattle.Arena.GridController:CreateTile (int,int,UnityEngine.Color) (at Assets/Scripts/Arena/GridController.cs:57)
QuizBattle.Arena.GridController:BuildGrid (int,int,int) (at Assets/Scripts/Arena/GridController.cs:42)
QuizBattle.GameState.GameManager:RunAutoPlayMatch (int,int) (at Assets/Scripts/GameState/GameManager.cs:66)
ArenaDemoRunner:RunScenario (string,int,int,string) (at Assets/Editor/ArenaDemoRunner.cs:40)
ArenaDemoRunner:Run () (at Assets/Editor/ArenaDemoRunner.cs:21)

[Assets/Scripts/Arena/GridController.cs line 42]

ZoneGlow_4_5: Destroy may not be called from edit mode! Use DestroyImmediate instead.
Destroying an object in edit mode destroys it permanently
UnityEngine.Debug:ExtractStackTraceNoAlloc (byte*,int,string)
UnityEngine.StackTraceUtility:ExtractStackTrace ()
UnityEngine.Object:Destroy (UnityEngine.Object,single)
UnityEngine.Object:Destroy (UnityEngine.Object)
QuizBattle.Arena.GridController:CreateZoneGlow (int,int) (at Assets/Scripts/Arena/GridController.cs:99)
QuizBattle.Arena.GridController:BuildGrid (int,int,int) (at Assets/Scripts/Arena/GridController.cs:43)
QuizBattle.GameState.GameManager:RunAutoPlayMatch (int,int) (at Assets/Scripts/GameState/GameManager.cs:66)
ArenaDemoRunner:RunScenario (string,int,int,string) (at Assets/Editor/ArenaDemoRunner.cs:40)
ArenaDemoRunner:Run () (at Assets/Editor/ArenaDemoRunner.cs:21)

[Assets/Scripts/Arena/GridController.cs line 99]

Tile_5_0: Destroy may not be called from edit mode! Use DestroyImmediate instead.
Destroying an object in edit mode destroys it permanently
UnityEngine.Debug:ExtractStackTraceNoAlloc (byte*,int,string)
UnityEngine.StackTraceUtility:ExtractStackTrace ()
UnityEngine.Object:Destroy (UnityEngine.Object,single)
UnityEngine.Object:Destroy (UnityEngine.Object)
QuizBattle.Arena.GridController:CreateTile (int,int,UnityEngine.Color) (at Assets/Scripts/Arena/GridController.cs:57)
QuizBattle.Arena.GridController:BuildGrid (int,int,int) (at Assets/Scripts/Arena/GridController.cs:42)
QuizBattle.GameState.GameManager:RunAutoPlayMatch (int,int) (at Assets/Scripts/GameState/GameManager.cs:66)
ArenaDemoRunner:RunScenario (string,int,int,string) (at Assets/Editor/ArenaDemoRunner.cs:40)
ArenaDemoRunner:Run () (at Assets/Editor/ArenaDemoRunner.cs:21)

[Assets/Scripts/Arena/GridController.cs line 42]

Tile_5_1: Destroy may not be called from edit mode! Use DestroyImmediate instead.
Destroying an object in edit mode destroys it permanently
UnityEngine.Debug:ExtractStackTraceNoAlloc (byte*,int,string)
UnityEngine.StackTraceUtility:ExtractStackTrace ()
UnityEngine.Object:Destroy (UnityEngine.Object,single)
UnityEngine.Object:Destroy (UnityEngine.Object)
QuizBattle.Arena.GridController:CreateTile (int,int,UnityEngine.Color) (at Assets/Scripts/Arena/GridController.cs:57)
QuizBattle.Arena.GridController:BuildGrid (int,int,int) (at Assets/Scripts/Arena/GridController.cs:42)
QuizBattle.GameState.GameManager:RunAutoPlayMatch (int,int) (at Assets/Scripts/GameState/GameManager.cs:66)
ArenaDemoRunner:RunScenario (string,int,int,string) (at Assets/Editor/ArenaDemoRunner.cs:40)
ArenaDemoRunner:Run () (at Assets/Editor/ArenaDemoRunner.cs:21)

[Assets/Scripts/Arena/GridController.cs line 42]

Tile_5_2: Destroy may not be called from edit mode! Use DestroyImmediate instead.
Destroying an object in edit mode destroys it permanently
UnityEngine.Debug:ExtractStackTraceNoAlloc (byte*,int,string)
UnityEngine.StackTraceUtility:ExtractStackTrace ()
UnityEngine.Object:Destroy (UnityEngine.Object,single)
UnityEngine.Object:Destroy (UnityEngine.Object)
QuizBattle.Arena.GridController:CreateTile (int,int,UnityEngine.Color) (at Assets/Scripts/Arena/GridController.cs:57)
QuizBattle.Arena.GridController:BuildGrid (int,int,int) (at Assets/Scripts/Arena/GridController.cs:42)
QuizBattle.GameState.GameManager:RunAutoPlayMatch (int,int) (at Assets/Scripts/GameState/GameManager.cs:66)
ArenaDemoRunner:RunScenario (string,int,int,string) (at Assets/Editor/ArenaDemoRunner.cs:40)
ArenaDemoRunner:Run () (at Assets/Editor/ArenaDemoRunner.cs:21)

[Assets/Scripts/Arena/GridController.cs line 42]

Tile_5_3: Destroy may not be called from edit mode! Use DestroyImmediate instead.
Destroying an object in edit mode destroys it permanently
UnityEngine.Debug:ExtractStackTraceNoAlloc (byte*,int,string)
UnityEngine.StackTraceUtility:ExtractStackTrace ()
UnityEngine.Object:Destroy (UnityEngine.Object,single)
UnityEngine.Object:Destroy (UnityEngine.Object)
QuizBattle.Arena.GridController:CreateTile (int,int,UnityEngine.Color) (at Assets/Scripts/Arena/GridController.cs:57)
QuizBattle.Arena.GridController:BuildGrid (int,int,int) (at Assets/Scripts/Arena/GridController.cs:42)
QuizBattle.GameState.GameManager:RunAutoPlayMatch (int,int) (at Assets/Scripts/GameState/GameManager.cs:66)
ArenaDemoRunner:RunScenario (string,int,int,string) (at Assets/Editor/ArenaDemoRunner.cs:40)
ArenaDemoRunner:Run () (at Assets/Editor/ArenaDemoRunner.cs:21)

[Assets/Scripts/Arena/GridController.cs line 42]

Tile_5_4: Destroy may not be called from edit mode! Use DestroyImmediate instead.
Destroying an object in edit mode destroys it permanently
UnityEngine.Debug:ExtractStackTraceNoAlloc (byte*,int,string)
UnityEngine.StackTraceUtility:ExtractStackTrace ()
UnityEngine.Object:Destroy (UnityEngine.Object,single)
UnityEngine.Object:Destroy (UnityEngine.Object)
QuizBattle.Arena.GridController:CreateTile (int,int,UnityEngine.Color) (at Assets/Scripts/Arena/GridController.cs:57)
QuizBattle.Arena.GridController:BuildGrid (int,int,int) (at Assets/Scripts/Arena/GridController.cs:42)
QuizBattle.GameState.GameManager:RunAutoPlayMatch (int,int) (at Assets/Scripts/GameState/GameManager.cs:66)
ArenaDemoRunner:RunScenario (string,int,int,string) (at Assets/Editor/ArenaDemoRunner.cs:40)
ArenaDemoRunner:Run () (at Assets/Editor/ArenaDemoRunner.cs:21)

[Assets/Scripts/Arena/GridController.cs line 42]

Tile_5_5: Destroy may not be called from edit mode! Use DestroyImmediate instead.
Destroying an object in edit mode destroys it permanently
UnityEngine.Debug:ExtractStackTraceNoAlloc (byte*,int,string)
UnityEngine.StackTraceUtility:ExtractStackTrace ()
UnityEngine.Object:Destroy (UnityEngine.Object,single)
UnityEngine.Object:Destroy (UnityEngine.Object)
QuizBattle.Arena.GridController:CreateTile (int,int,UnityEngine.Color) (at Assets/Scripts/Arena/GridController.cs:57)
QuizBattle.Arena.GridController:BuildGrid (int,int,int) (at Assets/Scripts/Arena/GridController.cs:42)
QuizBattle.GameState.GameManager:RunAutoPlayMatch (int,int) (at Assets/Scripts/GameState/GameManager.cs:66)
ArenaDemoRunner:RunScenario (string,int,int,string) (at Assets/Editor/ArenaDemoRunner.cs:40)
ArenaDemoRunner:Run () (at Assets/Editor/ArenaDemoRunner.cs:21)

[Assets/Scripts/Arena/GridController.cs line 42]

ZoneGlow_5_5: Destroy may not be called from edit mode! Use DestroyImmediate instead.
Destroying an object in edit mode destroys it permanently
UnityEngine.Debug:ExtractStackTraceNoAlloc (byte*,int,string)
UnityEngine.StackTraceUtility:ExtractStackTrace ()
UnityEngine.Object:Destroy (UnityEngine.Object,single)
UnityEngine.Object:Destroy (UnityEngine.Object)
QuizBattle.Arena.GridController:CreateZoneGlow (int,int) (at Assets/Scripts/Arena/GridController.cs:99)
QuizBattle.Arena.GridController:BuildGrid (int,int,int) (at Assets/Scripts/Arena/GridController.cs:43)
QuizBattle.GameState.GameManager:RunAutoPlayMatch (int,int) (at Assets/Scripts/GameState/GameManager.cs:66)
ArenaDemoRunner:RunScenario (string,int,int,string) (at Assets/Editor/ArenaDemoRunner.cs:40)
ArenaDemoRunner:Run () (at Assets/Editor/ArenaDemoRunner.cs:21)

[Assets/Scripts/Arena/GridController.cs line 99]

Tile_6_0: Destroy may not be called from edit mode! Use DestroyImmediate instead.
Destroying an object in edit mode destroys it permanently
UnityEngine.Debug:ExtractStackTraceNoAlloc (byte*,int,string)
UnityEngine.StackTraceUtility:ExtractStackTrace ()
UnityEngine.Object:Destroy (UnityEngine.Object,single)
UnityEngine.Object:Destroy (UnityEngine.Object)
QuizBattle.Arena.GridController:CreateTile (int,int,UnityEngine.Color) (at Assets/Scripts/Arena/GridController.cs:57)
QuizBattle.Arena.GridController:BuildGrid (int,int,int) (at Assets/Scripts/Arena/GridController.cs:42)
QuizBattle.GameState.GameManager:RunAutoPlayMatch (int,int) (at Assets/Scripts/GameState/GameManager.cs:66)
ArenaDemoRunner:RunScenario (string,int,int,string) (at Assets/Editor/ArenaDemoRunner.cs:40)
ArenaDemoRunner:Run () (at Assets/Editor/ArenaDemoRunner.cs:21)

[Assets/Scripts/Arena/GridController.cs line 42]

Tile_6_1: Destroy may not be called from edit mode! Use DestroyImmediate instead.
Destroying an object in edit mode destroys it permanently
UnityEngine.Debug:ExtractStackTraceNoAlloc (byte*,int,string)
UnityEngine.StackTraceUtility:ExtractStackTrace ()
UnityEngine.Object:Destroy (UnityEngine.Object,single)
UnityEngine.Object:Destroy (UnityEngine.Object)
QuizBattle.Arena.GridController:CreateTile (int,int,UnityEngine.Color) (at Assets/Scripts/Arena/GridController.cs:57)
QuizBattle.Arena.GridController:BuildGrid (int,int,int) (at Assets/Scripts/Arena/GridController.cs:42)
QuizBattle.GameState.GameManager:RunAutoPlayMatch (int,int) (at Assets/Scripts/GameState/GameManager.cs:66)
ArenaDemoRunner:RunScenario (string,int,int,string) (at Assets/Editor/ArenaDemoRunner.cs:40)
ArenaDemoRunner:Run () (at Assets/Editor/ArenaDemoRunner.cs:21)

[Assets/Scripts/Arena/GridController.cs line 42]

Tile_6_2: Destroy may not be called from edit mode! Use DestroyImmediate instead.
Destroying an object in edit mode destroys it permanently
UnityEngine.Debug:ExtractStackTraceNoAlloc (byte*,int,string)
UnityEngine.StackTraceUtility:ExtractStackTrace ()
UnityEngine.Object:Destroy (UnityEngine.Object,single)
UnityEngine.Object:Destroy (UnityEngine.Object)
QuizBattle.Arena.GridController:CreateTile (int,int,UnityEngine.Color) (at Assets/Scripts/Arena/GridController.cs:57)
QuizBattle.Arena.GridController:BuildGrid (int,int,int) (at Assets/Scripts/Arena/GridController.cs:42)
QuizBattle.GameState.GameManager:RunAutoPlayMatch (int,int) (at Assets/Scripts/GameState/GameManager.cs:66)
ArenaDemoRunner:RunScenario (string,int,int,string) (at Assets/Editor/ArenaDemoRunner.cs:40)
ArenaDemoRunner:Run () (at Assets/Editor/ArenaDemoRunner.cs:21)

[Assets/Scripts/Arena/GridController.cs line 42]

Tile_6_3: Destroy may not be called from edit mode! Use DestroyImmediate instead.
Destroying an object in edit mode destroys it permanently
UnityEngine.Debug:ExtractStackTraceNoAlloc (byte*,int,string)
UnityEngine.StackTraceUtility:ExtractStackTrace ()
UnityEngine.Object:Destroy (UnityEngine.Object,single)
UnityEngine.Object:Destroy (UnityEngine.Object)
QuizBattle.Arena.GridController:CreateTile (int,int,UnityEngine.Color) (at Assets/Scripts/Arena/GridController.cs:57)
QuizBattle.Arena.GridController:BuildGrid (int,int,int) (at Assets/Scripts/Arena/GridController.cs:42)
QuizBattle.GameState.GameManager:RunAutoPlayMatch (int,int) (at Assets/Scripts/GameState/GameManager.cs:66)
ArenaDemoRunner:RunScenario (string,int,int,string) (at Assets/Editor/ArenaDemoRunner.cs:40)
ArenaDemoRunner:Run () (at Assets/Editor/ArenaDemoRunner.cs:21)

[Assets/Scripts/Arena/GridController.cs line 42]

Tile_6_4: Destroy may not be called from edit mode! Use DestroyImmediate instead.
Destroying an object in edit mode destroys it permanently
UnityEngine.Debug:ExtractStackTraceNoAlloc (byte*,int,string)
UnityEngine.StackTraceUtility:ExtractStackTrace ()
UnityEngine.Object:Destroy (UnityEngine.Object,single)
UnityEngine.Object:Destroy (UnityEngine.Object)
QuizBattle.Arena.GridController:CreateTile (int,int,UnityEngine.Color) (at Assets/Scripts/Arena/GridController.cs:57)
QuizBattle.Arena.GridController:BuildGrid (int,int,int) (at Assets/Scripts/Arena/GridController.cs:42)
QuizBattle.GameState.GameManager:RunAutoPlayMatch (int,int) (at Assets/Scripts/GameState/GameManager.cs:66)
ArenaDemoRunner:RunScenario (string,int,int,string) (at Assets/Editor/ArenaDemoRunner.cs:40)
ArenaDemoRunner:Run () (at Assets/Editor/ArenaDemoRunner.cs:21)

[Assets/Scripts/Arena/GridController.cs line 42]

Tile_6_5: Destroy may not be called from edit mode! Use DestroyImmediate instead.
Destroying an object in edit mode destroys it permanently
UnityEngine.Debug:ExtractStackTraceNoAlloc (byte*,int,string)
UnityEngine.StackTraceUtility:ExtractStackTrace ()
UnityEngine.Object:Destroy (UnityEngine.Object,single)
UnityEngine.Object:Destroy (UnityEngine.Object)
QuizBattle.Arena.GridController:CreateTile (int,int,UnityEngine.Color) (at Assets/Scripts/Arena/GridController.cs:57)
QuizBattle.Arena.GridController:BuildGrid (int,int,int) (at Assets/Scripts/Arena/GridController.cs:42)
QuizBattle.GameState.GameManager:RunAutoPlayMatch (int,int) (at Assets/Scripts/GameState/GameManager.cs:66)
ArenaDemoRunner:RunScenario (string,int,int,string) (at Assets/Editor/ArenaDemoRunner.cs:40)
ArenaDemoRunner:Run () (at Assets/Editor/ArenaDemoRunner.cs:21)

[Assets/Scripts/Arena/GridController.cs line 42]

ZoneGlow_6_5: Destroy may not be called from edit mode! Use DestroyImmediate instead.
Destroying an object in edit mode destroys it permanently
UnityEngine.Debug:ExtractStackTraceNoAlloc (byte*,int,string)
UnityEngine.StackTraceUtility:ExtractStackTrace ()
UnityEngine.Object:Destroy (UnityEngine.Object,single)
UnityEngine.Object:Destroy (UnityEngine.Object)
QuizBattle.Arena.GridController:CreateZoneGlow (int,int) (at Assets/Scripts/Arena/GridController.cs:99)
QuizBattle.Arena.GridController:BuildGrid (int,int,int) (at Assets/Scripts/Arena/GridController.cs:43)
QuizBattle.GameState.GameManager:RunAutoPlayMatch (int,int) (at Assets/Scripts/GameState/GameManager.cs:66)
ArenaDemoRunner:RunScenario (string,int,int,string) (at Assets/Editor/ArenaDemoRunner.cs:40)
ArenaDemoRunner:Run () (at Assets/Editor/ArenaDemoRunner.cs:21)

[Assets/Scripts/Arena/GridController.cs line 99]

Tile_7_0: Destroy may not be called from edit mode! Use DestroyImmediate instead.
Destroying an object in edit mode destroys it permanently
UnityEngine.Debug:ExtractStackTraceNoAlloc (byte*,int,string)
UnityEngine.StackTraceUtility:ExtractStackTrace ()
UnityEngine.Object:Destroy (UnityEngine.Object,single)
UnityEngine.Object:Destroy (UnityEngine.Object)
QuizBattle.Arena.GridController:CreateTile (int,int,UnityEngine.Color) (at Assets/Scripts/Arena/GridController.cs:57)
QuizBattle.Arena.GridController:BuildGrid (int,int,int) (at Assets/Scripts/Arena/GridController.cs:42)
QuizBattle.GameState.GameManager:RunAutoPlayMatch (int,int) (at Assets/Scripts/GameState/GameManager.cs:66)
ArenaDemoRunner:RunScenario (string,int,int,string) (at Assets/Editor/ArenaDemoRunner.cs:40)
ArenaDemoRunner:Run () (at Assets/Editor/ArenaDemoRunner.cs:21)

[Assets/Scripts/Arena/GridController.cs line 42]

Tile_7_1: Destroy may not be called from edit mode! Use DestroyImmediate instead.
Destroying an object in edit mode destroys it permanently
UnityEngine.Debug:ExtractStackTraceNoAlloc (byte*,int,string)
UnityEngine.StackTraceUtility:ExtractStackTrace ()
UnityEngine.Object:Destroy (UnityEngine.Object,single)
UnityEngine.Object:Destroy (UnityEngine.Object)
QuizBattle.Arena.GridController:CreateTile (int,int,UnityEngine.Color) (at Assets/Scripts/Arena/GridController.cs:57)
QuizBattle.Arena.GridController:BuildGrid (int,int,int) (at Assets/Scripts/Arena/GridController.cs:42)
QuizBattle.GameState.GameManager:RunAutoPlayMatch (int,int) (at Assets/Scripts/GameState/GameManager.cs:66)
ArenaDemoRunner:RunScenario (string,int,int,string) (at Assets/Editor/ArenaDemoRunner.cs:40)
ArenaDemoRunner:Run () (at Assets/Editor/ArenaDemoRunner.cs:21)

[Assets/Scripts/Arena/GridController.cs line 42]

Tile_7_2: Destroy may not be called from edit mode! Use DestroyImmediate instead.
Destroying an object in edit mode destroys it permanently
UnityEngine.Debug:ExtractStackTraceNoAlloc (byte*,int,string)
UnityEngine.StackTraceUtility:ExtractStackTrace ()
UnityEngine.Object:Destroy (UnityEngine.Object,single)
UnityEngine.Object:Destroy (UnityEngine.Object)
QuizBattle.Arena.GridController:CreateTile (int,int,UnityEngine.Color) (at Assets/Scripts/Arena/GridController.cs:57)
QuizBattle.Arena.GridController:BuildGrid (int,int,int) (at Assets/Scripts/Arena/GridController.cs:42)
QuizBattle.GameState.GameManager:RunAutoPlayMatch (int,int) (at Assets/Scripts/GameState/GameManager.cs:66)
ArenaDemoRunner:RunScenario (string,int,int,string) (at Assets/Editor/ArenaDemoRunner.cs:40)
ArenaDemoRunner:Run () (at Assets/Editor/ArenaDemoRunner.cs:21)

[Assets/Scripts/Arena/GridController.cs line 42]

Tile_7_3: Destroy may not be called from edit mode! Use DestroyImmediate instead.
Destroying an object in edit mode destroys it permanently
UnityEngine.Debug:ExtractStackTraceNoAlloc (byte*,int,string)
UnityEngine.StackTraceUtility:ExtractStackTrace ()
UnityEngine.Object:Destroy (UnityEngine.Object,single)
UnityEngine.Object:Destroy (UnityEngine.Object)
QuizBattle.Arena.GridController:CreateTile (int,int,UnityEngine.Color) (at Assets/Scripts/Arena/GridController.cs:57)
QuizBattle.Arena.GridController:BuildGrid (int,int,int) (at Assets/Scripts/Arena/GridController.cs:42)
QuizBattle.GameState.GameManager:RunAutoPlayMatch (int,int) (at Assets/Scripts/GameState/GameManager.cs:66)
ArenaDemoRunner:RunScenario (string,int,int,string) (at Assets/Editor/ArenaDemoRunner.cs:40)
ArenaDemoRunner:Run () (at Assets/Editor/ArenaDemoRunner.cs:21)

[Assets/Scripts/Arena/GridController.cs line 42]

Tile_7_4: Destroy may not be called from edit mode! Use DestroyImmediate instead.
Destroying an object in edit mode destroys it permanently
UnityEngine.Debug:ExtractStackTraceNoAlloc (byte*,int,string)
UnityEngine.StackTraceUtility:ExtractStackTrace ()
UnityEngine.Object:Destroy (UnityEngine.Object,single)
UnityEngine.Object:Destroy (UnityEngine.Object)
QuizBattle.Arena.GridController:CreateTile (int,int,UnityEngine.Color) (at Assets/Scripts/Arena/GridController.cs:57)
QuizBattle.Arena.GridController:BuildGrid (int,int,int) (at Assets/Scripts/Arena/GridController.cs:42)
QuizBattle.GameState.GameManager:RunAutoPlayMatch (int,int) (at Assets/Scripts/GameState/GameManager.cs:66)
ArenaDemoRunner:RunScenario (string,int,int,string) (at Assets/Editor/ArenaDemoRunner.cs:40)
ArenaDemoRunner:Run () (at Assets/Editor/ArenaDemoRunner.cs:21)

[Assets/Scripts/Arena/GridController.cs line 42]

Tile_7_5: Destroy may not be called from edit mode! Use DestroyImmediate instead.
Destroying an object in edit mode destroys it permanently
UnityEngine.Debug:ExtractStackTraceNoAlloc (byte*,int,string)
UnityEngine.StackTraceUtility:ExtractStackTrace ()
UnityEngine.Object:Destroy (UnityEngine.Object,single)
UnityEngine.Object:Destroy (UnityEngine.Object)
QuizBattle.Arena.GridController:CreateTile (int,int,UnityEngine.Color) (at Assets/Scripts/Arena/GridController.cs:57)
QuizBattle.Arena.GridController:BuildGrid (int,int,int) (at Assets/Scripts/Arena/GridController.cs:42)
QuizBattle.GameState.GameManager:RunAutoPlayMatch (int,int) (at Assets/Scripts/GameState/GameManager.cs:66)
ArenaDemoRunner:RunScenario (string,int,int,string) (at Assets/Editor/ArenaDemoRunner.cs:40)
ArenaDemoRunner:Run () (at Assets/Editor/ArenaDemoRunner.cs:21)

[Assets/Scripts/Arena/GridController.cs line 42]

ZoneGlow_7_5: Destroy may not be called from edit mode! Use DestroyImmediate instead.
Destroying an object in edit mode destroys it permanently
UnityEngine.Debug:ExtractStackTraceNoAlloc (byte*,int,string)
UnityEngine.StackTraceUtility:ExtractStackTrace ()
UnityEngine.Object:Destroy (UnityEngine.Object,single)
UnityEngine.Object:Destroy (UnityEngine.Object)
QuizBattle.Arena.GridController:CreateZoneGlow (int,int) (at Assets/Scripts/Arena/GridController.cs:99)
QuizBattle.Arena.GridController:BuildGrid (int,int,int) (at Assets/Scripts/Arena/GridController.cs:43)
QuizBattle.GameState.GameManager:RunAutoPlayMatch (int,int) (at Assets/Scripts/GameState/GameManager.cs:66)
ArenaDemoRunner:RunScenario (string,int,int,string) (at Assets/Editor/ArenaDemoRunner.cs:40)
ArenaDemoRunner:Run () (at Assets/Editor/ArenaDemoRunner.cs:21)

[Assets/Scripts/Arena/GridController.cs line 99]

Plinth: Destroy may not be called from edit mode! Use DestroyImmediate instead.
Destroying an object in edit mode destroys it permanently
UnityEngine.Debug:ExtractStackTraceNoAlloc (byte*,int,string)
UnityEngine.StackTraceUtility:ExtractStackTrace ()
UnityEngine.Object:Destroy (UnityEngine.Object,single)
UnityEngine.Object:Destroy (UnityEngine.Object)
QuizBattle.Arena.GridController:CreatePlinth (int,int) (at Assets/Scripts/Arena/GridController.cs:113)
QuizBattle.Arena.GridController:BuildGrid (int,int,int) (at Assets/Scripts/Arena/GridController.cs:47)
QuizBattle.GameState.GameManager:RunAutoPlayMatch (int,int) (at Assets/Scripts/GameState/GameManager.cs:66)
ArenaDemoRunner:RunScenario (string,int,int,string) (at Assets/Editor/ArenaDemoRunner.cs:40)
ArenaDemoRunner:Run () (at Assets/Editor/ArenaDemoRunner.cs:21)

[Assets/Scripts/Arena/GridController.cs line 113]

ChestPlate: Destroy may not be called from edit mode! Use DestroyImmediate instead.
Destroying an object in edit mode destroys it permanently
UnityEngine.Debug:ExtractStackTraceNoAlloc (byte*,int,string)
UnityEngine.StackTraceUtility:ExtractStackTrace ()
UnityEngine.Object:Destroy (UnityEngine.Object,single)
UnityEngine.Object:Destroy (UnityEngine.Object)
QuizBattle.Arena.Visuals.CharacterVisualBuilder:CreatePrimitivePart (UnityEngine.Transform,string,UnityEngine.PrimitiveType,UnityEngine.Vector3,UnityEngine.Quaternion,UnityEngine.Vector3,UnityEngine.Material,System.Collections.Generic.List`1<UnityEngine.Renderer>) (at Assets/Scripts/Arena/Visuals/CharacterVisualBuilder.cs:252)
QuizBattle.Arena.Visuals.CharacterVisualBuilder:BuildTank (UnityEngine.Transform,QuizBattle.Characters.CharacterVisual&,System.Collections.Generic.List`1<UnityEngine.Renderer>) (at Assets/Scripts/Arena/Visuals/CharacterVisualBuilder.cs:174)
QuizBattle.Arena.Visuals.CharacterVisualBuilder:Build (QuizBattle.Characters.CharacterVisual&,UnityEngine.Transform) (at Assets/Scripts/Arena/Visuals/CharacterVisualBuilder.cs:56)
QuizBattle.Arena.CharacterToken:Create (string,QuizBattle.Characters.CharacterVisual&,UnityEngine.Vector3) (at Assets/Scripts/Arena/CharacterToken.cs:44)
QuizBattle.GameState.GameManager:RunAutoPlayMatch (int,int) (at Assets/Scripts/GameState/GameManager.cs:75)
ArenaDemoRunner:RunScenario (string,int,int,string) (at Assets/Editor/ArenaDemoRunner.cs:40)
ArenaDemoRunner:Run () (at Assets/Editor/ArenaDemoRunner.cs:21)

[Assets/Scripts/GameState/GameManager.cs line 75]

ShoulderLeft: Destroy may not be called from edit mode! Use DestroyImmediate instead.
Destroying an object in edit mode destroys it permanently
UnityEngine.Debug:ExtractStackTraceNoAlloc (byte*,int,string)
UnityEngine.StackTraceUtility:ExtractStackTrace ()
UnityEngine.Object:Destroy (UnityEngine.Object,single)
UnityEngine.Object:Destroy (UnityEngine.Object)
QuizBattle.Arena.Visuals.CharacterVisualBuilder:CreatePrimitivePart (UnityEngine.Transform,string,UnityEngine.PrimitiveType,UnityEngine.Vector3,UnityEngine.Quaternion,UnityEngine.Vector3,UnityEngine.Material,System.Collections.Generic.List`1<UnityEngine.Renderer>) (at Assets/Scripts/Arena/Visuals/CharacterVisualBuilder.cs:252)
QuizBattle.Arena.Visuals.CharacterVisualBuilder:BuildTank (UnityEngine.Transform,QuizBattle.Characters.CharacterVisual&,System.Collections.Generic.List`1<UnityEngine.Renderer>) (at Assets/Scripts/Arena/Visuals/CharacterVisualBuilder.cs:176)
QuizBattle.Arena.Visuals.CharacterVisualBuilder:Build (QuizBattle.Characters.CharacterVisual&,UnityEngine.Transform) (at Assets/Scripts/Arena/Visuals/CharacterVisualBuilder.cs:56)
QuizBattle.Arena.CharacterToken:Create (string,QuizBattle.Characters.CharacterVisual&,UnityEngine.Vector3) (at Assets/Scripts/Arena/CharacterToken.cs:44)
QuizBattle.GameState.GameManager:RunAutoPlayMatch (int,int) (at Assets/Scripts/GameState/GameManager.cs:75)
ArenaDemoRunner:RunScenario (string,int,int,string) (at Assets/Editor/ArenaDemoRunner.cs:40)
ArenaDemoRunner:Run () (at Assets/Editor/ArenaDemoRunner.cs:21)

[Assets/Scripts/GameState/GameManager.cs line 75]

ShoulderRight: Destroy may not be called from edit mode! Use DestroyImmediate instead.
Destroying an object in edit mode destroys it permanently
UnityEngine.Debug:ExtractStackTraceNoAlloc (byte*,int,string)
UnityEngine.StackTraceUtility:ExtractStackTrace ()
UnityEngine.Object:Destroy (UnityEngine.Object,single)
UnityEngine.Object:Destroy (UnityEngine.Object)
QuizBattle.Arena.Visuals.CharacterVisualBuilder:CreatePrimitivePart (UnityEngine.Transform,string,UnityEngine.PrimitiveType,UnityEngine.Vector3,UnityEngine.Quaternion,UnityEngine.Vector3,UnityEngine.Material,System.Collections.Generic.List`1<UnityEngine.Renderer>) (at Assets/Scripts/Arena/Visuals/CharacterVisualBuilder.cs:252)
QuizBattle.Arena.Visuals.CharacterVisualBuilder:BuildTank (UnityEngine.Transform,QuizBattle.Characters.CharacterVisual&,System.Collections.Generic.List`1<UnityEngine.Renderer>) (at Assets/Scripts/Arena/Visuals/CharacterVisualBuilder.cs:177)
QuizBattle.Arena.Visuals.CharacterVisualBuilder:Build (QuizBattle.Characters.CharacterVisual&,UnityEngine.Transform) (at Assets/Scripts/Arena/Visuals/CharacterVisualBuilder.cs:56)
QuizBattle.Arena.CharacterToken:Create (string,QuizBattle.Characters.CharacterVisual&,UnityEngine.Vector3) (at Assets/Scripts/Arena/CharacterToken.cs:44)
QuizBattle.GameState.GameManager:RunAutoPlayMatch (int,int) (at Assets/Scripts/GameState/GameManager.cs:75)
ArenaDemoRunner:RunScenario (string,int,int,string) (at Assets/Editor/ArenaDemoRunner.cs:40)
ArenaDemoRunner:Run () (at Assets/Editor/ArenaDemoRunner.cs:21)

[Assets/Scripts/GameState/GameManager.cs line 75]

Shield: Destroy may not be called from edit mode! Use DestroyImmediate instead.
Destroying an object in edit mode destroys it permanently
UnityEngine.Debug:ExtractStackTraceNoAlloc (byte*,int,string)
UnityEngine.StackTraceUtility:ExtractStackTrace ()
UnityEngine.Object:Destroy (UnityEngine.Object,single)
UnityEngine.Object:Destroy (UnityEngine.Object)
QuizBattle.Arena.Visuals.CharacterVisualBuilder:CreatePrimitivePart (UnityEngine.Transform,string,UnityEngine.PrimitiveType,UnityEngine.Vector3,UnityEngine.Quaternion,UnityEngine.Vector3,UnityEngine.Material,System.Collections.Generic.List`1<UnityEngine.Renderer>) (at Assets/Scripts/Arena/Visuals/CharacterVisualBuilder.cs:252)
QuizBattle.Arena.Visuals.CharacterVisualBuilder:BuildTank (UnityEngine.Transform,QuizBattle.Characters.CharacterVisual&,System.Collections.Generic.List`1<UnityEngine.Renderer>) (at Assets/Scripts/Arena/Visuals/CharacterVisualBuilder.cs:179)
QuizBattle.Arena.Visuals.CharacterVisualBuilder:Build (QuizBattle.Characters.CharacterVisual&,UnityEngine.Transform) (at Assets/Scripts/Arena/Visuals/CharacterVisualBuilder.cs:56)
QuizBattle.Arena.CharacterToken:Create (string,QuizBattle.Characters.CharacterVisual&,UnityEngine.Vector3) (at Assets/Scripts/Arena/CharacterToken.cs:44)
QuizBattle.GameState.GameManager:RunAutoPlayMatch (int,int) (at Assets/Scripts/GameState/GameManager.cs:75)
ArenaDemoRunner:RunScenario (string,int,int,string) (at Assets/Editor/ArenaDemoRunner.cs:40)
ArenaDemoRunner:Run () (at Assets/Editor/ArenaDemoRunner.cs:21)

[Assets/Scripts/GameState/GameManager.cs line 75]

GroundDisc: Destroy may not be called from edit mode! Use DestroyImmediate instead.
Destroying an object in edit mode destroys it permanently
UnityEngine.Debug:ExtractStackTraceNoAlloc (byte*,int,string)
UnityEngine.StackTraceUtility:ExtractStackTrace ()
UnityEngine.Object:Destroy (UnityEngine.Object,single)
UnityEngine.Object:Destroy (UnityEngine.Object)
QuizBattle.Arena.Visuals.CharacterVisualBuilder:CreatePrimitivePart (UnityEngine.Transform,string,UnityEngine.PrimitiveType,UnityEngine.Vector3,UnityEngine.Quaternion,UnityEngine.Vector3,UnityEngine.Material,System.Collections.Generic.List`1<UnityEngine.Renderer>) (at Assets/Scripts/Arena/Visuals/CharacterVisualBuilder.cs:252)
QuizBattle.Arena.Visuals.CharacterVisualBuilder:AddGroundDisc (UnityEngine.Transform,UnityEngine.Color,System.Collections.Generic.List`1<UnityEngine.Renderer>,single) (at Assets/Scripts/Arena/Visuals/CharacterVisualBuilder.cs:224)
QuizBattle.Arena.Visuals.CharacterVisualBuilder:BuildTank (UnityEngine.Transform,QuizBattle.Characters.CharacterVisual&,System.Collections.Generic.List`1<UnityEngine.Renderer>) (at Assets/Scripts/Arena/Visuals/CharacterVisualBuilder.cs:181)
QuizBattle.Arena.Visuals.CharacterVisualBuilder:Build (QuizBattle.Characters.CharacterVisual&,UnityEngine.Transform) (at Assets/Scripts/Arena/Visuals/CharacterVisualBuilder.cs:56)
QuizBattle.Arena.CharacterToken:Create (string,QuizBattle.Characters.CharacterVisual&,UnityEngine.Vector3) (at Assets/Scripts/Arena/CharacterToken.cs:44)
QuizBattle.GameState.GameManager:RunAutoPlayMatch (int,int) (at Assets/Scripts/GameState/GameManager.cs:75)
ArenaDemoRunner:RunScenario (string,int,int,string) (at Assets/Editor/ArenaDemoRunner.cs:40)
ArenaDemoRunner:Run () (at Assets/Editor/ArenaDemoRunner.cs:21)

[Assets/Scripts/GameState/GameManager.cs line 75]

Instantiating material due to calling renderer.material during edit mode. This will leak materials into the scene. You most likely want to use renderer.sharedMaterial instead.
UnityEngine.Debug:ExtractStackTraceNoAlloc (byte*,int,string)
UnityEngine.StackTraceUtility:ExtractStackTrace ()
UnityEngine.Renderer:GetMaterial ()
UnityEngine.Renderer:get_material ()
TMPro.TextMeshPro:SetOutlineThickness (single) (at ./Library/PackageCache/com.unity.ugui@67707a67a4ab/Runtime/TMP/TextMeshPro.cs:1318)
TMPro.TMP_Text:set_outlineWidth (single) (at ./Library/PackageCache/com.unity.ugui@67707a67a4ab/Runtime/TMP/TMP_Text.cs:450)
QuizBattle.Arena.CharacterToken:CreateNameLabel (UnityEngine.Transform) (at Assets/Scripts/Arena/CharacterToken.cs:77)
QuizBattle.Arena.CharacterToken:Create (string,QuizBattle.Characters.CharacterVisual&,UnityEngine.Vector3) (at Assets/Scripts/Arena/CharacterToken.cs:51)
QuizBattle.GameState.GameManager:RunAutoPlayMatch (int,int) (at Assets/Scripts/GameState/GameManager.cs:75)
ArenaDemoRunner:RunScenario (string,int,int,string) (at Assets/Editor/ArenaDemoRunner.cs:40)
ArenaDemoRunner:Run () (at Assets/Editor/ArenaDemoRunner.cs:21)

[Assets/Scripts/GameState/GameManager.cs line 75]

HpBarFrame: Destroy may not be called from edit mode! Use DestroyImmediate instead.
Destroying an object in edit mode destroys it permanently
UnityEngine.Debug:ExtractStackTraceNoAlloc (byte*,int,string)
UnityEngine.StackTraceUtility:ExtractStackTrace ()
UnityEngine.Object:Destroy (UnityEngine.Object,single)
UnityEngine.Object:Destroy (UnityEngine.Object)
QuizBattle.Arena.CharacterToken:CreateHpBar (UnityEngine.Transform,UnityEngine.Color) (at Assets/Scripts/Arena/CharacterToken.cs:94)
QuizBattle.Arena.CharacterToken:Create (string,QuizBattle.Characters.CharacterVisual&,UnityEngine.Vector3) (at Assets/Scripts/Arena/CharacterToken.cs:52)
QuizBattle.GameState.GameManager:RunAutoPlayMatch (int,int) (at Assets/Scripts/GameState/GameManager.cs:75)
ArenaDemoRunner:RunScenario (string,int,int,string) (at Assets/Editor/ArenaDemoRunner.cs:40)
ArenaDemoRunner:Run () (at Assets/Editor/ArenaDemoRunner.cs:21)

[Assets/Scripts/GameState/GameManager.cs line 75]

HpBarBg: Destroy may not be called from edit mode! Use DestroyImmediate instead.
Destroying an object in edit mode destroys it permanently
UnityEngine.Debug:ExtractStackTraceNoAlloc (byte*,int,string)
UnityEngine.StackTraceUtility:ExtractStackTrace ()
UnityEngine.Object:Destroy (UnityEngine.Object,single)
UnityEngine.Object:Destroy (UnityEngine.Object)
QuizBattle.Arena.CharacterToken:CreateHpBar (UnityEngine.Transform,UnityEngine.Color) (at Assets/Scripts/Arena/CharacterToken.cs:113)
QuizBattle.Arena.CharacterToken:Create (string,QuizBattle.Characters.CharacterVisual&,UnityEngine.Vector3) (at Assets/Scripts/Arena/CharacterToken.cs:52)
QuizBattle.GameState.GameManager:RunAutoPlayMatch (int,int) (at Assets/Scripts/GameState/GameManager.cs:75)
ArenaDemoRunner:RunScenario (string,int,int,string) (at Assets/Editor/ArenaDemoRunner.cs:40)
ArenaDemoRunner:Run () (at Assets/Editor/ArenaDemoRunner.cs:21)

[Assets/Scripts/GameState/GameManager.cs line 75]

HpBarFill: Destroy may not be called from edit mode! Use DestroyImmediate instead.
Destroying an object in edit mode destroys it permanently
UnityEngine.Debug:ExtractStackTraceNoAlloc (byte*,int,string)
UnityEngine.StackTraceUtility:ExtractStackTrace ()
UnityEngine.Object:Destroy (UnityEngine.Object,single)
UnityEngine.Object:Destroy (UnityEngine.Object)
QuizBattle.Arena.CharacterToken:CreateHpBar (UnityEngine.Transform,UnityEngine.Color) (at Assets/Scripts/Arena/CharacterToken.cs:139)
QuizBattle.Arena.CharacterToken:Create (string,QuizBattle.Characters.CharacterVisual&,UnityEngine.Vector3) (at Assets/Scripts/Arena/CharacterToken.cs:52)
QuizBattle.GameState.GameManager:RunAutoPlayMatch (int,int) (at Assets/Scripts/GameState/GameManager.cs:75)
ArenaDemoRunner:RunScenario (string,int,int,string) (at Assets/Editor/ArenaDemoRunner.cs:40)
ArenaDemoRunner:Run () (at Assets/Editor/ArenaDemoRunner.cs:21)

[Assets/Scripts/GameState/GameManager.cs line 75]

EmberLeft: Destroy may not be called from edit mode! Use DestroyImmediate instead.
Destroying an object in edit mode destroys it permanently
UnityEngine.Debug:ExtractStackTraceNoAlloc (byte*,int,string)
UnityEngine.StackTraceUtility:ExtractStackTrace ()
UnityEngine.Object:Destroy (UnityEngine.Object,single)
UnityEngine.Object:Destroy (UnityEngine.Object)
QuizBattle.Arena.Visuals.CharacterVisualBuilder:CreatePrimitivePart (UnityEngine.Transform,string,UnityEngine.PrimitiveType,UnityEngine.Vector3,UnityEngine.Quaternion,UnityEngine.Vector3,UnityEngine.Material,System.Collections.Generic.List`1<UnityEngine.Renderer>) (at Assets/Scripts/Arena/Visuals/CharacterVisualBuilder.cs:252)
QuizBattle.Arena.Visuals.CharacterVisualBuilder:BuildFire (UnityEngine.Transform,QuizBattle.Characters.CharacterVisual&,System.Collections.Generic.List`1<UnityEngine.Renderer>,QuizBattle.Arena.Visuals.TokenIdleAnimator) (at Assets/Scripts/Arena/Visuals/CharacterVisualBuilder.cs:160)
QuizBattle.Arena.Visuals.CharacterVisualBuilder:Build (QuizBattle.Characters.CharacterVisual&,UnityEngine.Transform) (at Assets/Scripts/Arena/Visuals/CharacterVisualBuilder.cs:53)
QuizBattle.Arena.CharacterToken:Create (string,QuizBattle.Characters.CharacterVisual&,UnityEngine.Vector3) (at Assets/Scripts/Arena/CharacterToken.cs:44)
QuizBattle.GameState.GameManager:RunAutoPlayMatch (int,int) (at Assets/Scripts/GameState/GameManager.cs:75)
ArenaDemoRunner:RunScenario (string,int,int,string) (at Assets/Editor/ArenaDemoRunner.cs:40)
ArenaDemoRunner:Run () (at Assets/Editor/ArenaDemoRunner.cs:21)

[Assets/Scripts/GameState/GameManager.cs line 75]

EmberRight: Destroy may not be called from edit mode! Use DestroyImmediate instead.
Destroying an object in edit mode destroys it permanently
UnityEngine.Debug:ExtractStackTraceNoAlloc (byte*,int,string)
UnityEngine.StackTraceUtility:ExtractStackTrace ()
UnityEngine.Object:Destroy (UnityEngine.Object,single)
UnityEngine.Object:Destroy (UnityEngine.Object)
QuizBattle.Arena.Visuals.CharacterVisualBuilder:CreatePrimitivePart (UnityEngine.Transform,string,UnityEngine.PrimitiveType,UnityEngine.Vector3,UnityEngine.Quaternion,UnityEngine.Vector3,UnityEngine.Material,System.Collections.Generic.List`1<UnityEngine.Renderer>) (at Assets/Scripts/Arena/Visuals/CharacterVisualBuilder.cs:252)
QuizBattle.Arena.Visuals.CharacterVisualBuilder:BuildFire (UnityEngine.Transform,QuizBattle.Characters.CharacterVisual&,System.Collections.Generic.List`1<UnityEngine.Renderer>,QuizBattle.Arena.Visuals.TokenIdleAnimator) (at Assets/Scripts/Arena/Visuals/CharacterVisualBuilder.cs:161)
QuizBattle.Arena.Visuals.CharacterVisualBuilder:Build (QuizBattle.Characters.CharacterVisual&,UnityEngine.Transform) (at Assets/Scripts/Arena/Visuals/CharacterVisualBuilder.cs:53)
QuizBattle.Arena.CharacterToken:Create (string,QuizBattle.Characters.CharacterVisual&,UnityEngine.Vector3) (at Assets/Scripts/Arena/CharacterToken.cs:44)
QuizBattle.GameState.GameManager:RunAutoPlayMatch (int,int) (at Assets/Scripts/GameState/GameManager.cs:75)
ArenaDemoRunner:RunScenario (string,int,int,string) (at Assets/Editor/ArenaDemoRunner.cs:40)
ArenaDemoRunner:Run () (at Assets/Editor/ArenaDemoRunner.cs:21)

[Assets/Scripts/GameState/GameManager.cs line 75]

GroundDisc: Destroy may not be called from edit mode! Use DestroyImmediate instead.
Destroying an object in edit mode destroys it permanently
UnityEngine.Debug:ExtractStackTraceNoAlloc (byte*,int,string)
UnityEngine.StackTraceUtility:ExtractStackTrace ()
UnityEngine.Object:Destroy (UnityEngine.Object,single)
UnityEngine.Object:Destroy (UnityEngine.Object)
QuizBattle.Arena.Visuals.CharacterVisualBuilder:CreatePrimitivePart (UnityEngine.Transform,string,UnityEngine.PrimitiveType,UnityEngine.Vector3,UnityEngine.Quaternion,UnityEngine.Vector3,UnityEngine.Material,System.Collections.Generic.List`1<UnityEngine.Renderer>) (at Assets/Scripts/Arena/Visuals/CharacterVisualBuilder.cs:252)
QuizBattle.Arena.Visuals.CharacterVisualBuilder:AddGroundDisc (UnityEngine.Transform,UnityEngine.Color,System.Collections.Generic.List`1<UnityEngine.Renderer>,single) (at Assets/Scripts/Arena/Visuals/CharacterVisualBuilder.cs:224)
QuizBattle.Arena.Visuals.CharacterVisualBuilder:BuildFire (UnityEngine.Transform,QuizBattle.Characters.CharacterVisual&,System.Collections.Generic.List`1<UnityEngine.Renderer>,QuizBattle.Arena.Visuals.TokenIdleAnimator) (at Assets/Scripts/Arena/Visuals/CharacterVisualBuilder.cs:165)
QuizBattle.Arena.Visuals.CharacterVisualBuilder:Build (QuizBattle.Characters.CharacterVisual&,UnityEngine.Transform) (at Assets/Scripts/Arena/Visuals/CharacterVisualBuilder.cs:53)
QuizBattle.Arena.CharacterToken:Create (string,QuizBattle.Characters.CharacterVisual&,UnityEngine.Vector3) (at Assets/Scripts/Arena/CharacterToken.cs:44)
QuizBattle.GameState.GameManager:RunAutoPlayMatch (int,int) (at Assets/Scripts/GameState/GameManager.cs:75)
ArenaDemoRunner:RunScenario (string,int,int,string) (at Assets/Editor/ArenaDemoRunner.cs:40)
ArenaDemoRunner:Run () (at Assets/Editor/ArenaDemoRunner.cs:21)

[Assets/Scripts/GameState/GameManager.cs line 75]

Instantiating material due to calling renderer.material during edit mode. This will leak materials into the scene. You most likely want to use renderer.sharedMaterial instead.
UnityEngine.Debug:ExtractStackTraceNoAlloc (byte*,int,string)
UnityEngine.StackTraceUtility:ExtractStackTrace ()
UnityEngine.Renderer:GetMaterial ()
UnityEngine.Renderer:get_material ()
TMPro.TextMeshPro:SetOutlineThickness (single) (at ./Library/PackageCache/com.unity.ugui@67707a67a4ab/Runtime/TMP/TextMeshPro.cs:1318)
TMPro.TMP_Text:set_outlineWidth (single) (at ./Library/PackageCache/com.unity.ugui@67707a67a4ab/Runtime/TMP/TMP_Text.cs:450)
QuizBattle.Arena.CharacterToken:CreateNameLabel (UnityEngine.Transform) (at Assets/Scripts/Arena/CharacterToken.cs:77)
QuizBattle.Arena.CharacterToken:Create (string,QuizBattle.Characters.CharacterVisual&,UnityEngine.Vector3) (at Assets/Scripts/Arena/CharacterToken.cs:51)
QuizBattle.GameState.GameManager:RunAutoPlayMatch (int,int) (at Assets/Scripts/GameState/GameManager.cs:75)
ArenaDemoRunner:RunScenario (string,int,int,string) (at Assets/Editor/ArenaDemoRunner.cs:40)
ArenaDemoRunner:Run () (at Assets/Editor/ArenaDemoRunner.cs:21)

[Assets/Scripts/GameState/GameManager.cs line 75]

HpBarFrame: Destroy may not be called from edit mode! Use DestroyImmediate instead.
Destroying an object in edit mode destroys it permanently
UnityEngine.Debug:ExtractStackTraceNoAlloc (byte*,int,string)
UnityEngine.StackTraceUtility:ExtractStackTrace ()
UnityEngine.Object:Destroy (UnityEngine.Object,single)
UnityEngine.Object:Destroy (UnityEngine.Object)
QuizBattle.Arena.CharacterToken:CreateHpBar (UnityEngine.Transform,UnityEngine.Color) (at Assets/Scripts/Arena/CharacterToken.cs:94)
QuizBattle.Arena.CharacterToken:Create (string,QuizBattle.Characters.CharacterVisual&,UnityEngine.Vector3) (at Assets/Scripts/Arena/CharacterToken.cs:52)
QuizBattle.GameState.GameManager:RunAutoPlayMatch (int,int) (at Assets/Scripts/GameState/GameManager.cs:75)
ArenaDemoRunner:RunScenario (string,int,int,string) (at Assets/Editor/ArenaDemoRunner.cs:40)
ArenaDemoRunner:Run () (at Assets/Editor/ArenaDemoRunner.cs:21)

[Assets/Scripts/GameState/GameManager.cs line 75]

HpBarBg: Destroy may not be called from edit mode! Use DestroyImmediate instead.
Destroying an object in edit mode destroys it permanently
UnityEngine.Debug:ExtractStackTraceNoAlloc (byte*,int,string)
UnityEngine.StackTraceUtility:ExtractStackTrace ()
UnityEngine.Object:Destroy (UnityEngine.Object,single)
UnityEngine.Object:Destroy (UnityEngine.Object)
QuizBattle.Arena.CharacterToken:CreateHpBar (UnityEngine.Transform,UnityEngine.Color) (at Assets/Scripts/Arena/CharacterToken.cs:113)
QuizBattle.Arena.CharacterToken:Create (string,QuizBattle.Characters.CharacterVisual&,UnityEngine.Vector3) (at Assets/Scripts/Arena/CharacterToken.cs:52)
QuizBattle.GameState.GameManager:RunAutoPlayMatch (int,int) (at Assets/Scripts/GameState/GameManager.cs:75)
ArenaDemoRunner:RunScenario (string,int,int,string) (at Assets/Editor/ArenaDemoRunner.cs:40)
ArenaDemoRunner:Run () (at Assets/Editor/ArenaDemoRunner.cs:21)

[Assets/Scripts/GameState/GameManager.cs line 75]

HpBarFill: Destroy may not be called from edit mode! Use DestroyImmediate instead.
Destroying an object in edit mode destroys it permanently
UnityEngine.Debug:ExtractStackTraceNoAlloc (byte*,int,string)
UnityEngine.StackTraceUtility:ExtractStackTrace ()
UnityEngine.Object:Destroy (UnityEngine.Object,single)
UnityEngine.Object:Destroy (UnityEngine.Object)
QuizBattle.Arena.CharacterToken:CreateHpBar (UnityEngine.Transform,UnityEngine.Color) (at Assets/Scripts/Arena/CharacterToken.cs:139)
QuizBattle.Arena.CharacterToken:Create (string,QuizBattle.Characters.CharacterVisual&,UnityEngine.Vector3) (at Assets/Scripts/Arena/CharacterToken.cs:52)
QuizBattle.GameState.GameManager:RunAutoPlayMatch (int,int) (at Assets/Scripts/GameState/GameManager.cs:75)
ArenaDemoRunner:RunScenario (string,int,int,string) (at Assets/Editor/ArenaDemoRunner.cs:40)
ArenaDemoRunner:Run () (at Assets/Editor/ArenaDemoRunner.cs:21)

[Assets/Scripts/GameState/GameManager.cs line 75]

Orb: Destroy may not be called from edit mode! Use DestroyImmediate instead.
Destroying an object in edit mode destroys it permanently
UnityEngine.Debug:ExtractStackTraceNoAlloc (byte*,int,string)
UnityEngine.StackTraceUtility:ExtractStackTrace ()
UnityEngine.Object:Destroy (UnityEngine.Object,single)
UnityEngine.Object:Destroy (UnityEngine.Object)
QuizBattle.Arena.Visuals.CharacterVisualBuilder:CreatePrimitivePart (UnityEngine.Transform,string,UnityEngine.PrimitiveType,UnityEngine.Vector3,UnityEngine.Quaternion,UnityEngine.Vector3,UnityEngine.Material,System.Collections.Generic.List`1<UnityEngine.Renderer>) (at Assets/Scripts/Arena/Visuals/CharacterVisualBuilder.cs:252)
QuizBattle.Arena.Visuals.CharacterVisualBuilder:BuildArcane (UnityEngine.Transform,QuizBattle.Characters.CharacterVisual&,System.Collections.Generic.List`1<UnityEngine.Renderer>,QuizBattle.Arena.Visuals.TokenIdleAnimator) (at Assets/Scripts/Arena/Visuals/CharacterVisualBuilder.cs:215)
QuizBattle.Arena.Visuals.CharacterVisualBuilder:Build (QuizBattle.Characters.CharacterVisual&,UnityEngine.Transform) (at Assets/Scripts/Arena/Visuals/CharacterVisualBuilder.cs:62)
QuizBattle.Arena.CharacterToken:Create (string,QuizBattle.Characters.CharacterVisual&,UnityEngine.Vector3) (at Assets/Scripts/Arena/CharacterToken.cs:44)
QuizBattle.GameState.GameManager:RunAutoPlayMatch (int,int) (at Assets/Scripts/GameState/GameManager.cs:75)
ArenaDemoRunner:RunScenario (string,int,int,string) (at Assets/Editor/ArenaDemoRunner.cs:40)
ArenaDemoRunner:Run () (at Assets/Editor/ArenaDemoRunner.cs:21)

[Assets/Scripts/GameState/GameManager.cs line 75]

GroundDisc: Destroy may not be called from edit mode! Use DestroyImmediate instead.
Destroying an object in edit mode destroys it permanently
UnityEngine.Debug:ExtractStackTraceNoAlloc (byte*,int,string)
UnityEngine.StackTraceUtility:ExtractStackTrace ()
UnityEngine.Object:Destroy (UnityEngine.Object,single)
UnityEngine.Object:Destroy (UnityEngine.Object)
QuizBattle.Arena.Visuals.CharacterVisualBuilder:CreatePrimitivePart (UnityEngine.Transform,string,UnityEngine.PrimitiveType,UnityEngine.Vector3,UnityEngine.Quaternion,UnityEngine.Vector3,UnityEngine.Material,System.Collections.Generic.List`1<UnityEngine.Renderer>) (at Assets/Scripts/Arena/Visuals/CharacterVisualBuilder.cs:252)
QuizBattle.Arena.Visuals.CharacterVisualBuilder:AddGroundDisc (UnityEngine.Transform,UnityEngine.Color,System.Collections.Generic.List`1<UnityEngine.Renderer>,single) (at Assets/Scripts/Arena/Visuals/CharacterVisualBuilder.cs:224)
QuizBattle.Arena.Visuals.CharacterVisualBuilder:BuildArcane (UnityEngine.Transform,QuizBattle.Characters.CharacterVisual&,System.Collections.Generic.List`1<UnityEngine.Renderer>,QuizBattle.Arena.Visuals.TokenIdleAnimator) (at Assets/Scripts/Arena/Visuals/CharacterVisualBuilder.cs:218)
QuizBattle.Arena.Visuals.CharacterVisualBuilder:Build (QuizBattle.Characters.CharacterVisual&,UnityEngine.Transform) (at Assets/Scripts/Arena/Visuals/CharacterVisualBuilder.cs:62)
QuizBattle.Arena.CharacterToken:Create (string,QuizBattle.Characters.CharacterVisual&,UnityEngine.Vector3) (at Assets/Scripts/Arena/CharacterToken.cs:44)
QuizBattle.GameState.GameManager:RunAutoPlayMatch (int,int) (at Assets/Scripts/GameState/GameManager.cs:75)
ArenaDemoRunner:RunScenario (string,int,int,string) (at Assets/Editor/ArenaDemoRunner.cs:40)
ArenaDemoRunner:Run () (at Assets/Editor/ArenaDemoRunner.cs:21)

[Assets/Scripts/GameState/GameManager.cs line 75]

Instantiating material due to calling renderer.material during edit mode. This will leak materials into the scene. You most likely want to use renderer.sharedMaterial instead.
UnityEngine.Debug:ExtractStackTraceNoAlloc (byte*,int,string)
UnityEngine.StackTraceUtility:ExtractStackTrace ()
UnityEngine.Renderer:GetMaterial ()
UnityEngine.Renderer:get_material ()
TMPro.TextMeshPro:SetOutlineThickness (single) (at ./Library/PackageCache/com.unity.ugui@67707a67a4ab/Runtime/TMP/TextMeshPro.cs:1318)
TMPro.TMP_Text:set_outlineWidth (single) (at ./Library/PackageCache/com.unity.ugui@67707a67a4ab/Runtime/TMP/TMP_Text.cs:450)
QuizBattle.Arena.CharacterToken:CreateNameLabel (UnityEngine.Transform) (at Assets/Scripts/Arena/CharacterToken.cs:77)
QuizBattle.Arena.CharacterToken:Create (string,QuizBattle.Characters.CharacterVisual&,UnityEngine.Vector3) (at Assets/Scripts/Arena/CharacterToken.cs:51)
QuizBattle.GameState.GameManager:RunAutoPlayMatch (int,int) (at Assets/Scripts/GameState/GameManager.cs:75)
ArenaDemoRunner:RunScenario (string,int,int,string) (at Assets/Editor/ArenaDemoRunner.cs:40)
ArenaDemoRunner:Run () (at Assets/Editor/ArenaDemoRunner.cs:21)

[Assets/Scripts/GameState/GameManager.cs line 75]

HpBarFrame: Destroy may not be called from edit mode! Use DestroyImmediate instead.
Destroying an object in edit mode destroys it permanently
UnityEngine.Debug:ExtractStackTraceNoAlloc (byte*,int,string)
UnityEngine.StackTraceUtility:ExtractStackTrace ()
UnityEngine.Object:Destroy (UnityEngine.Object,single)
UnityEngine.Object:Destroy (UnityEngine.Object)
QuizBattle.Arena.CharacterToken:CreateHpBar (UnityEngine.Transform,UnityEngine.Color) (at Assets/Scripts/Arena/CharacterToken.cs:94)
QuizBattle.Arena.CharacterToken:Create (string,QuizBattle.Characters.CharacterVisual&,UnityEngine.Vector3) (at Assets/Scripts/Arena/CharacterToken.cs:52)
QuizBattle.GameState.GameManager:RunAutoPlayMatch (int,int) (at Assets/Scripts/GameState/GameManager.cs:75)
ArenaDemoRunner:RunScenario (string,int,int,string) (at Assets/Editor/ArenaDemoRunner.cs:40)
ArenaDemoRunner:Run () (at Assets/Editor/ArenaDemoRunner.cs:21)

[Assets/Scripts/GameState/GameManager.cs line 75]

HpBarBg: Destroy may not be called from edit mode! Use DestroyImmediate instead.
Destroying an object in edit mode destroys it permanently
UnityEngine.Debug:ExtractStackTraceNoAlloc (byte*,int,string)
UnityEngine.StackTraceUtility:ExtractStackTrace ()
UnityEngine.Object:Destroy (UnityEngine.Object,single)
UnityEngine.Object:Destroy (UnityEngine.Object)
QuizBattle.Arena.CharacterToken:CreateHpBar (UnityEngine.Transform,UnityEngine.Color) (at Assets/Scripts/Arena/CharacterToken.cs:113)
QuizBattle.Arena.CharacterToken:Create (string,QuizBattle.Characters.CharacterVisual&,UnityEngine.Vector3) (at Assets/Scripts/Arena/CharacterToken.cs:52)
QuizBattle.GameState.GameManager:RunAutoPlayMatch (int,int) (at Assets/Scripts/GameState/GameManager.cs:75)
ArenaDemoRunner:RunScenario (string,int,int,string) (at Assets/Editor/ArenaDemoRunner.cs:40)
ArenaDemoRunner:Run () (at Assets/Editor/ArenaDemoRunner.cs:21)

[Assets/Scripts/GameState/GameManager.cs line 75]

HpBarFill: Destroy may not be called from edit mode! Use DestroyImmediate instead.
Destroying an object in edit mode destroys it permanently
UnityEngine.Debug:ExtractStackTraceNoAlloc (byte*,int,string)
UnityEngine.StackTraceUtility:ExtractStackTrace ()
UnityEngine.Object:Destroy (UnityEngine.Object,single)
UnityEngine.Object:Destroy (UnityEngine.Object)
QuizBattle.Arena.CharacterToken:CreateHpBar (UnityEngine.Transform,UnityEngine.Color) (at Assets/Scripts/Arena/CharacterToken.cs:139)
QuizBattle.Arena.CharacterToken:Create (string,QuizBattle.Characters.CharacterVisual&,UnityEngine.Vector3) (at Assets/Scripts/Arena/CharacterToken.cs:52)
QuizBattle.GameState.GameManager:RunAutoPlayMatch (int,int) (at Assets/Scripts/GameState/GameManager.cs:75)
ArenaDemoRunner:RunScenario (string,int,int,string) (at Assets/Editor/ArenaDemoRunner.cs:40)
ArenaDemoRunner:Run () (at Assets/Editor/ArenaDemoRunner.cs:21)

[Assets/Scripts/GameState/GameManager.cs line 75]

GroundDisc: Destroy may not be called from edit mode! Use DestroyImmediate instead.
Destroying an object in edit mode destroys it permanently
UnityEngine.Debug:ExtractStackTraceNoAlloc (byte*,int,string)
UnityEngine.StackTraceUtility:ExtractStackTrace ()
UnityEngine.Object:Destroy (UnityEngine.Object,single)
UnityEngine.Object:Destroy (UnityEngine.Object)
QuizBattle.Arena.Visuals.CharacterVisualBuilder:CreatePrimitivePart (UnityEngine.Transform,string,UnityEngine.PrimitiveType,UnityEngine.Vector3,UnityEngine.Quaternion,UnityEngine.Vector3,UnityEngine.Material,System.Collections.Generic.List`1<UnityEngine.Renderer>) (at Assets/Scripts/Arena/Visuals/CharacterVisualBuilder.cs:252)
QuizBattle.Arena.Visuals.CharacterVisualBuilder:AddGroundDisc (UnityEngine.Transform,UnityEngine.Color,System.Collections.Generic.List`1<UnityEngine.Renderer>,single) (at Assets/Scripts/Arena/Visuals/CharacterVisualBuilder.cs:224)
QuizBattle.Arena.Visuals.CharacterVisualBuilder:BuildWind (UnityEngine.Transform,QuizBattle.Characters.CharacterVisual&,System.Collections.Generic.List`1<UnityEngine.Renderer>,QuizBattle.Arena.Visuals.TokenIdleAnimator) (at Assets/Scripts/Arena/Visuals/CharacterVisualBuilder.cs:200)
QuizBattle.Arena.Visuals.CharacterVisualBuilder:Build (QuizBattle.Characters.CharacterVisual&,UnityEngine.Transform) (at Assets/Scripts/Arena/Visuals/CharacterVisualBuilder.cs:59)
QuizBattle.Arena.CharacterToken:Create (string,QuizBattle.Characters.CharacterVisual&,UnityEngine.Vector3) (at Assets/Scripts/Arena/CharacterToken.cs:44)
QuizBattle.GameState.GameManager:RunAutoPlayMatch (int,int) (at Assets/Scripts/GameState/GameManager.cs:75)
ArenaDemoRunner:RunScenario (string,int,int,string) (at Assets/Editor/ArenaDemoRunner.cs:40)
ArenaDemoRunner:Run () (at Assets/Editor/ArenaDemoRunner.cs:21)

[Assets/Scripts/GameState/GameManager.cs line 75]

Instantiating material due to calling renderer.material during edit mode. This will leak materials into the scene. You most likely want to use renderer.sharedMaterial instead.
UnityEngine.Debug:ExtractStackTraceNoAlloc (byte*,int,string)
UnityEngine.StackTraceUtility:ExtractStackTrace ()
UnityEngine.Renderer:GetMaterial ()
UnityEngine.Renderer:get_material ()
TMPro.TextMeshPro:SetOutlineThickness (single) (at ./Library/PackageCache/com.unity.ugui@67707a67a4ab/Runtime/TMP/TextMeshPro.cs:1318)
TMPro.TMP_Text:set_outlineWidth (single) (at ./Library/PackageCache/com.unity.ugui@67707a67a4ab/Runtime/TMP/TMP_Text.cs:450)
QuizBattle.Arena.CharacterToken:CreateNameLabel (UnityEngine.Transform) (at Assets/Scripts/Arena/CharacterToken.cs:77)
QuizBattle.Arena.CharacterToken:Create (string,QuizBattle.Characters.CharacterVisual&,UnityEngine.Vector3) (at Assets/Scripts/Arena/CharacterToken.cs:51)
QuizBattle.GameState.GameManager:RunAutoPlayMatch (int,int) (at Assets/Scripts/GameState/GameManager.cs:75)
ArenaDemoRunner:RunScenario (string,int,int,string) (at Assets/Editor/ArenaDemoRunner.cs:40)
ArenaDemoRunner:Run () (at Assets/Editor/ArenaDemoRunner.cs:21)

[Assets/Scripts/GameState/GameManager.cs line 75]

HpBarFrame: Destroy may not be called from edit mode! Use DestroyImmediate instead.
Destroying an object in edit mode destroys it permanently
UnityEngine.Debug:ExtractStackTraceNoAlloc (byte*,int,string)
UnityEngine.StackTraceUtility:ExtractStackTrace ()
UnityEngine.Object:Destroy (UnityEngine.Object,single)
UnityEngine.Object:Destroy (UnityEngine.Object)
QuizBattle.Arena.CharacterToken:CreateHpBar (UnityEngine.Transform,UnityEngine.Color) (at Assets/Scripts/Arena/CharacterToken.cs:94)
QuizBattle.Arena.CharacterToken:Create (string,QuizBattle.Characters.CharacterVisual&,UnityEngine.Vector3) (at Assets/Scripts/Arena/CharacterToken.cs:52)
QuizBattle.GameState.GameManager:RunAutoPlayMatch (int,int) (at Assets/Scripts/GameState/GameManager.cs:75)
ArenaDemoRunner:RunScenario (string,int,int,string) (at Assets/Editor/ArenaDemoRunner.cs:40)
ArenaDemoRunner:Run () (at Assets/Editor/ArenaDemoRunner.cs:21)

[Assets/Scripts/GameState/GameManager.cs line 75]

HpBarBg: Destroy may not be called from edit mode! Use DestroyImmediate instead.
Destroying an object in edit mode destroys it permanently
UnityEngine.Debug:ExtractStackTraceNoAlloc (byte*,int,string)
UnityEngine.StackTraceUtility:ExtractStackTrace ()
UnityEngine.Object:Destroy (UnityEngine.Object,single)
UnityEngine.Object:Destroy (UnityEngine.Object)
QuizBattle.Arena.CharacterToken:CreateHpBar (UnityEngine.Transform,UnityEngine.Color) (at Assets/Scripts/Arena/CharacterToken.cs:113)
QuizBattle.Arena.CharacterToken:Create (string,QuizBattle.Characters.CharacterVisual&,UnityEngine.Vector3) (at Assets/Scripts/Arena/CharacterToken.cs:52)
QuizBattle.GameState.GameManager:RunAutoPlayMatch (int,int) (at Assets/Scripts/GameState/GameManager.cs:75)
ArenaDemoRunner:RunScenario (string,int,int,string) (at Assets/Editor/ArenaDemoRunner.cs:40)
ArenaDemoRunner:Run () (at Assets/Editor/ArenaDemoRunner.cs:21)

[Assets/Scripts/GameState/GameManager.cs line 75]

HpBarFill: Destroy may not be called from edit mode! Use DestroyImmediate instead.
Destroying an object in edit mode destroys it permanently
UnityEngine.Debug:ExtractStackTraceNoAlloc (byte*,int,string)
UnityEngine.StackTraceUtility:ExtractStackTrace ()
UnityEngine.Object:Destroy (UnityEngine.Object,single)
UnityEngine.Object:Destroy (UnityEngine.Object)
QuizBattle.Arena.CharacterToken:CreateHpBar (UnityEngine.Transform,UnityEngine.Color) (at Assets/Scripts/Arena/CharacterToken.cs:139)
QuizBattle.Arena.CharacterToken:Create (string,QuizBattle.Characters.CharacterVisual&,UnityEngine.Vector3) (at Assets/Scripts/Arena/CharacterToken.cs:52)
QuizBattle.GameState.GameManager:RunAutoPlayMatch (int,int) (at Assets/Scripts/GameState/GameManager.cs:75)
ArenaDemoRunner:RunScenario (string,int,int,string) (at Assets/Editor/ArenaDemoRunner.cs:40)
ArenaDemoRunner:Run () (at Assets/Editor/ArenaDemoRunner.cs:21)

[Assets/Scripts/GameState/GameManager.cs line 75]

Vfx_Burst: Destroy may not be called from edit mode! Use DestroyImmediate instead.
Destroying an object in edit mode destroys it permanently
UnityEngine.Debug:ExtractStackTraceNoAlloc (byte*,int,string)
UnityEngine.StackTraceUtility:ExtractStackTrace ()
UnityEngine.Object:Destroy (UnityEngine.Object,single)
QuizBattle.Arena.Vfx.ParticleFactory:Burst (UnityEngine.Vector3,UnityEngine.Color,single,int,single,single) (at Assets/Scripts/Arena/Vfx/ParticleFactory.cs:51)
QuizBattle.Arena.Vfx.AbilityVfxPlayer:PlayBasicStrike (UnityEngine.Vector3,System.Collections.Generic.List`1<UnityEngine.ParticleSystem>) (at Assets/Scripts/Arena/Vfx/AbilityVfxPlayer.cs:76)
QuizBattle.Arena.Vfx.AbilityVfxPlayer:Play (string,UnityEngine.Vector3,UnityEngine.Vector3,bool) (at Assets/Scripts/Arena/Vfx/AbilityVfxPlayer.cs:37)
QuizBattle.GameState.GameManager:HandleReward (QuizBattle.GameState.MockEngine.PlayerState,QuizBattle.GameState.MockEngine.PendingReward,System.Random) (at Assets/Scripts/GameState/GameManager.cs:131)
QuizBattle.GameState.GameManager:RunAutoPlayMatch (int,int) (at Assets/Scripts/GameState/GameManager.cs:105)
ArenaDemoRunner:RunScenario (string,int,int,string) (at Assets/Editor/ArenaDemoRunner.cs:40)
ArenaDemoRunner:Run () (at Assets/Editor/ArenaDemoRunner.cs:21)

[Assets/Scripts/GameState/GameManager.cs line 131]

Vfx_Beam: Destroy may not be called from edit mode! Use DestroyImmediate instead.
Destroying an object in edit mode destroys it permanently
UnityEngine.Debug:ExtractStackTraceNoAlloc (byte*,int,string)
UnityEngine.StackTraceUtility:ExtractStackTrace ()
UnityEngine.Object:Destroy (UnityEngine.Object,single)
UnityEngine.Object:Destroy (UnityEngine.Object)
QuizBattle.Arena.Vfx.ParticleFactory:Beam (UnityEngine.Vector3,UnityEngine.Vector3,UnityEngine.Color,single,single) (at Assets/Scripts/Arena/Vfx/ParticleFactory.cs:162)
QuizBattle.Arena.Vfx.AbilityVfxPlayer:PlayLifeDrain (UnityEngine.Vector3,UnityEngine.Vector3,System.Collections.Generic.List`1<UnityEngine.ParticleSystem>) (at Assets/Scripts/Arena/Vfx/AbilityVfxPlayer.cs:70)
QuizBattle.Arena.Vfx.AbilityVfxPlayer:Play (string,UnityEngine.Vector3,UnityEngine.Vector3,bool) (at Assets/Scripts/Arena/Vfx/AbilityVfxPlayer.cs:33)
QuizBattle.GameState.GameManager:HandleReward (QuizBattle.GameState.MockEngine.PlayerState,QuizBattle.GameState.MockEngine.PendingReward,System.Random) (at Assets/Scripts/GameState/GameManager.cs:131)
QuizBattle.GameState.GameManager:RunAutoPlayMatch (int,int) (at Assets/Scripts/GameState/GameManager.cs:105)
ArenaDemoRunner:RunScenario (string,int,int,string) (at Assets/Editor/ArenaDemoRunner.cs:40)
ArenaDemoRunner:Run () (at Assets/Editor/ArenaDemoRunner.cs:21)

[Assets/Scripts/GameState/GameManager.cs line 131]

Vfx_Beam: Destroy may not be called from edit mode! Use DestroyImmediate instead.
Destroying an object in edit mode destroys it permanently
UnityEngine.Debug:ExtractStackTraceNoAlloc (byte*,int,string)
UnityEngine.StackTraceUtility:ExtractStackTrace ()
UnityEngine.Object:Destroy (UnityEngine.Object,single)
QuizBattle.Arena.Vfx.ParticleFactory:Beam (UnityEngine.Vector3,UnityEngine.Vector3,UnityEngine.Color,single,single) (at Assets/Scripts/Arena/Vfx/ParticleFactory.cs:177)
QuizBattle.Arena.Vfx.AbilityVfxPlayer:PlayLifeDrain (UnityEngine.Vector3,UnityEngine.Vector3,System.Collections.Generic.List`1<UnityEngine.ParticleSystem>) (at Assets/Scripts/Arena/Vfx/AbilityVfxPlayer.cs:70)
QuizBattle.Arena.Vfx.AbilityVfxPlayer:Play (string,UnityEngine.Vector3,UnityEngine.Vector3,bool) (at Assets/Scripts/Arena/Vfx/AbilityVfxPlayer.cs:33)
QuizBattle.GameState.GameManager:HandleReward (QuizBattle.GameState.MockEngine.PlayerState,QuizBattle.GameState.MockEngine.PendingReward,System.Random) (at Assets/Scripts/GameState/GameManager.cs:131)
QuizBattle.GameState.GameManager:RunAutoPlayMatch (int,int) (at Assets/Scripts/GameState/GameManager.cs:105)
ArenaDemoRunner:RunScenario (string,int,int,string) (at Assets/Editor/ArenaDemoRunner.cs:40)
ArenaDemoRunner:Run () (at Assets/Editor/ArenaDemoRunner.cs:21)

[Assets/Scripts/GameState/GameManager.cs line 131]

Vfx_Burst: Destroy may not be called from edit mode! Use DestroyImmediate instead.
Destroying an object in edit mode destroys it permanently
UnityEngine.Debug:ExtractStackTraceNoAlloc (byte*,int,string)
UnityEngine.StackTraceUtility:ExtractStackTrace ()
UnityEngine.Object:Destroy (UnityEngine.Object,single)
QuizBattle.Arena.Vfx.ParticleFactory:Burst (UnityEngine.Vector3,UnityEngine.Color,single,int,single,single) (at Assets/Scripts/Arena/Vfx/ParticleFactory.cs:51)
QuizBattle.Arena.Vfx.AbilityVfxPlayer:PlayLifeDrain (UnityEngine.Vector3,UnityEngine.Vector3,System.Collections.Generic.List`1<UnityEngine.ParticleSystem>) (at Assets/Scripts/Arena/Vfx/AbilityVfxPlayer.cs:71)
QuizBattle.Arena.Vfx.AbilityVfxPlayer:Play (string,UnityEngine.Vector3,UnityEngine.Vector3,bool) (at Assets/Scripts/Arena/Vfx/AbilityVfxPlayer.cs:33)
QuizBattle.GameState.GameManager:HandleReward (QuizBattle.GameState.MockEngine.PlayerState,QuizBattle.GameState.MockEngine.PendingReward,System.Random) (at Assets/Scripts/GameState/GameManager.cs:131)
QuizBattle.GameState.GameManager:RunAutoPlayMatch (int,int) (at Assets/Scripts/GameState/GameManager.cs:105)
ArenaDemoRunner:RunScenario (string,int,int,string) (at Assets/Editor/ArenaDemoRunner.cs:40)
ArenaDemoRunner:Run () (at Assets/Editor/ArenaDemoRunner.cs:21)

[Assets/Scripts/GameState/GameManager.cs line 131]

[ArenaDemoRunner:race-path] PASSED — winner=1 reason=Goal
UnityEngine.Debug:ExtractStackTraceNoAlloc (byte*,int,string)
UnityEngine.StackTraceUtility:ExtractStackTrace ()
UnityEngine.DebugLogHandler:Internal_Log (UnityEngine.LogType,UnityEngine.LogOption,string,UnityEngine.Object)
UnityEngine.DebugLogHandler:LogFormat (UnityEngine.LogType,UnityEngine.Object,string,object[])
UnityEngine.Logger:Log (UnityEngine.LogType,object)
UnityEngine.Debug:Log (object)
ArenaDemoRunner:RunScenario (string,int,int,string) (at Assets/Editor/ArenaDemoRunner.cs:48)
ArenaDemoRunner:Run () (at Assets/Editor/ArenaDemoRunner.cs:21)

(Filename: Assets/Editor/ArenaDemoRunner.cs Line: 48)

Worker ready: AssetImportWorkerHW0 0
[ArenaDemoRunner] screenshot saved to D:/temp\arena-demo-race-path.png
UnityEngine.Debug:ExtractStackTraceNoAlloc (byte*,int,string)
UnityEngine.StackTraceUtility:ExtractStackTrace ()
UnityEngine.DebugLogHandler:Internal_Log (UnityEngine.LogType,UnityEngine.LogOption,string,UnityEngine.Object)
UnityEngine.DebugLogHandler:LogFormat (UnityEngine.LogType,UnityEngine.Object,string,object[])
UnityEngine.Logger:Log (UnityEngine.LogType,object)
UnityEngine.Debug:Log (object)
ArenaDemoRunner:CaptureScreenshot (string) (at Assets/Editor/ArenaDemoRunner.cs:136)
ArenaDemoRunner:RunScenario (string,int,int,string) (at Assets/Editor/ArenaDemoRunner.cs:50)
ArenaDemoRunner:Run () (at Assets/Editor/ArenaDemoRunner.cs:21)

(Filename: Assets/Editor/ArenaDemoRunner.cs Line: 136)

Unloading 26 Unused Serialized files (Serialized files now loaded: 0)
Unloading 375 unused Assets / (150.3 KB). Loaded Objects now: 4451.
Memory consumption went from 360.5 MB to 360.4 MB.
Total: 20.714100 ms (FindLiveObjects: 0.726300 ms CreateObjectMapping: 1.028400 ms MarkObjects: 18.024400 ms  DeleteObjects: 0.933100 ms)

Failed to find UISprite.psd
UnityEngine.Debug:ExtractStackTraceNoAlloc (byte*,int,string)
UnityEngine.StackTraceUtility:ExtractStackTrace ()
UnityEngine.Resources:GetBuiltinResource (System.Type,string)
UnityEngine.Resources:GetBuiltinResource<UnityEngine.Sprite> (string)
QuizBattle.UI.UiFactory:get_RoundedSprite () (at Assets/Scripts/UI/UiFactory.cs:70)
QuizBattle.UI.UiFactory:CreateBannerPanel (UnityEngine.Transform,string,UnityEngine.Vector2,UnityEngine.Vector2,UnityEngine.Color,UnityEngine.Vector2) (at Assets/Scripts/UI/UiFactory.cs:83)
QuizBattle.UI.UiFactory:CreateButton (UnityEngine.Transform,string,UnityEngine.Vector2,UnityEngine.Vector2,string,UnityEngine.Vector2) (at Assets/Scripts/UI/UiFactory.cs:113)
QuizBattle.UI.HUD.HudController:Build (UnityEngine.Transform) (at Assets/Scripts/UI/HUD/HudController.cs:50)
QuizBattle.UI.HUD.HudController:Create () (at Assets/Scripts/UI/HUD/HudController.cs:28)
QuizBattle.GameState.GameManager:Bootstrap (System.Collections.Generic.List`1<QuizBattle.Characters.CharacterDefinitionSO>) (at Assets/Scripts/GameState/GameManager.cs:34)
ArenaDemoRunner:RunScenario (string,int,int,string) (at Assets/Editor/ArenaDemoRunner.cs:39)
ArenaDemoRunner:Run () (at Assets/Editor/ArenaDemoRunner.cs:22)

[Assets/Scripts/UI/HUD/HudController.cs line 28]

The resource UISprite.psd could not be loaded from the resource file!
UnityEngine.Debug:ExtractStackTraceNoAlloc (byte*,int,string)
UnityEngine.StackTraceUtility:ExtractStackTrace ()
UnityEngine.Resources:GetBuiltinResource (System.Type,string)
UnityEngine.Resources:GetBuiltinResource<UnityEngine.Sprite> (string)
QuizBattle.UI.UiFactory:get_RoundedSprite () (at Assets/Scripts/UI/UiFactory.cs:70)
QuizBattle.UI.UiFactory:CreateBannerPanel (UnityEngine.Transform,string,UnityEngine.Vector2,UnityEngine.Vector2,UnityEngine.Color,UnityEngine.Vector2) (at Assets/Scripts/UI/UiFactory.cs:83)
QuizBattle.UI.UiFactory:CreateButton (UnityEngine.Transform,string,UnityEngine.Vector2,UnityEngine.Vector2,string,UnityEngine.Vector2) (at Assets/Scripts/UI/UiFactory.cs:113)
QuizBattle.UI.HUD.HudController:Build (UnityEngine.Transform) (at Assets/Scripts/UI/HUD/HudController.cs:50)
QuizBattle.UI.HUD.HudController:Create () (at Assets/Scripts/UI/HUD/HudController.cs:28)
QuizBattle.GameState.GameManager:Bootstrap (System.Collections.Generic.List`1<QuizBattle.Characters.CharacterDefinitionSO>) (at Assets/Scripts/GameState/GameManager.cs:34)
ArenaDemoRunner:RunScenario (string,int,int,string) (at Assets/Editor/ArenaDemoRunner.cs:39)
ArenaDemoRunner:Run () (at Assets/Editor/ArenaDemoRunner.cs:22)

[Assets/Scripts/UI/HUD/HudController.cs line 28]

Failed to find UISprite.psd
UnityEngine.Debug:ExtractStackTraceNoAlloc (byte*,int,string)
UnityEngine.StackTraceUtility:ExtractStackTrace ()
UnityEngine.Resources:GetBuiltinResource (System.Type,string)
UnityEngine.Resources:GetBuiltinResource<UnityEngine.Sprite> (string)
QuizBattle.UI.UiFactory:get_RoundedSprite () (at Assets/Scripts/UI/UiFactory.cs:70)
QuizBattle.UI.UiFactory:CreateBannerPanel (UnityEngine.Transform,string,UnityEngine.Vector2,UnityEngine.Vector2,UnityEngine.Color,UnityEngine.Vector2) (at Assets/Scripts/UI/UiFactory.cs:93)
QuizBattle.UI.UiFactory:CreateButton (UnityEngine.Transform,string,UnityEngine.Vector2,UnityEngine.Vector2,string,UnityEngine.Vector2) (at Assets/Scripts/UI/UiFactory.cs:113)
QuizBattle.UI.HUD.HudController:Build (UnityEngine.Transform) (at Assets/Scripts/UI/HUD/HudController.cs:50)
QuizBattle.UI.HUD.HudController:Create () (at Assets/Scripts/UI/HUD/HudController.cs:28)
QuizBattle.GameState.GameManager:Bootstrap (System.Collections.Generic.List`1<QuizBattle.Characters.CharacterDefinitionSO>) (at Assets/Scripts/GameState/GameManager.cs:34)
ArenaDemoRunner:RunScenario (string,int,int,string) (at Assets/Editor/ArenaDemoRunner.cs:39)
ArenaDemoRunner:Run () (at Assets/Editor/ArenaDemoRunner.cs:22)

[Assets/Scripts/UI/HUD/HudController.cs line 28]

The resource UISprite.psd could not be loaded from the resource file!
UnityEngine.Debug:ExtractStackTraceNoAlloc (byte*,int,string)
UnityEngine.StackTraceUtility:ExtractStackTrace ()
UnityEngine.Resources:GetBuiltinResource (System.Type,string)
UnityEngine.Resources:GetBuiltinResource<UnityEngine.Sprite> (string)
QuizBattle.UI.UiFactory:get_RoundedSprite () (at Assets/Scripts/UI/UiFactory.cs:70)
QuizBattle.UI.UiFactory:CreateBannerPanel (UnityEngine.Transform,string,UnityEngine.Vector2,UnityEngine.Vector2,UnityEngine.Color,UnityEngine.Vector2) (at Assets/Scripts/UI/UiFactory.cs:93)
QuizBattle.UI.UiFactory:CreateButton (UnityEngine.Transform,string,UnityEngine.Vector2,UnityEngine.Vector2,string,UnityEngine.Vector2) (at Assets/Scripts/UI/UiFactory.cs:113)
QuizBattle.UI.HUD.HudController:Build (UnityEngine.Transform) (at Assets/Scripts/UI/HUD/HudController.cs:50)
QuizBattle.UI.HUD.HudController:Create () (at Assets/Scripts/UI/HUD/HudController.cs:28)
QuizBattle.GameState.GameManager:Bootstrap (System.Collections.Generic.List`1<QuizBattle.Characters.CharacterDefinitionSO>) (at Assets/Scripts/GameState/GameManager.cs:34)
ArenaDemoRunner:RunScenario (string,int,int,string) (at Assets/Editor/ArenaDemoRunner.cs:39)
ArenaDemoRunner:Run () (at Assets/Editor/ArenaDemoRunner.cs:22)

[Assets/Scripts/UI/HUD/HudController.cs line 28]

Failed to find UISprite.psd
UnityEngine.Debug:ExtractStackTraceNoAlloc (byte*,int,string)
UnityEngine.StackTraceUtility:ExtractStackTrace ()
UnityEngine.Resources:GetBuiltinResource (System.Type,string)
UnityEngine.Resources:GetBuiltinResource<UnityEngine.Sprite> (string)
QuizBattle.UI.UiFactory:get_RoundedSprite () (at Assets/Scripts/UI/UiFactory.cs:70)
QuizBattle.UI.UiFactory:CreateBannerPanel (UnityEngine.Transform,string,UnityEngine.Vector2,UnityEngine.Vector2,UnityEngine.Color,UnityEngine.Vector2) (at Assets/Scripts/UI/UiFactory.cs:103)
QuizBattle.UI.UiFactory:CreateButton (UnityEngine.Transform,string,UnityEngine.Vector2,UnityEngine.Vector2,string,UnityEngine.Vector2) (at Assets/Scripts/UI/UiFactory.cs:113)
QuizBattle.UI.HUD.HudController:Build (UnityEngine.Transform) (at Assets/Scripts/UI/HUD/HudController.cs:50)
QuizBattle.UI.HUD.HudController:Create () (at Assets/Scripts/UI/HUD/HudController.cs:28)
QuizBattle.GameState.GameManager:Bootstrap (System.Collections.Generic.List`1<QuizBattle.Characters.CharacterDefinitionSO>) (at Assets/Scripts/GameState/GameManager.cs:34)
ArenaDemoRunner:RunScenario (string,int,int,string) (at Assets/Editor/ArenaDemoRunner.cs:39)
ArenaDemoRunner:Run () (at Assets/Editor/ArenaDemoRunner.cs:22)

[Assets/Scripts/UI/HUD/HudController.cs line 28]

The resource UISprite.psd could not be loaded from the resource file!
UnityEngine.Debug:ExtractStackTraceNoAlloc (byte*,int,string)
UnityEngine.StackTraceUtility:ExtractStackTrace ()
UnityEngine.Resources:GetBuiltinResource (System.Type,string)
UnityEngine.Resources:GetBuiltinResource<UnityEngine.Sprite> (string)
QuizBattle.UI.UiFactory:get_RoundedSprite () (at Assets/Scripts/UI/UiFactory.cs:70)
QuizBattle.UI.UiFactory:CreateBannerPanel (UnityEngine.Transform,string,UnityEngine.Vector2,UnityEngine.Vector2,UnityEngine.Color,UnityEngine.Vector2) (at Assets/Scripts/UI/UiFactory.cs:103)
QuizBattle.UI.UiFactory:CreateButton (UnityEngine.Transform,string,UnityEngine.Vector2,UnityEngine.Vector2,string,UnityEngine.Vector2) (at Assets/Scripts/UI/UiFactory.cs:113)
QuizBattle.UI.HUD.HudController:Build (UnityEngine.Transform) (at Assets/Scripts/UI/HUD/HudController.cs:50)
QuizBattle.UI.HUD.HudController:Create () (at Assets/Scripts/UI/HUD/HudController.cs:28)
QuizBattle.GameState.GameManager:Bootstrap (System.Collections.Generic.List`1<QuizBattle.Characters.CharacterDefinitionSO>) (at Assets/Scripts/GameState/GameManager.cs:34)
ArenaDemoRunner:RunScenario (string,int,int,string) (at Assets/Editor/ArenaDemoRunner.cs:39)
ArenaDemoRunner:Run () (at Assets/Editor/ArenaDemoRunner.cs:22)

[Assets/Scripts/UI/HUD/HudController.cs line 28]

Failed to find UISprite.psd
UnityEngine.Debug:ExtractStackTraceNoAlloc (byte*,int,string)
UnityEngine.StackTraceUtility:ExtractStackTrace ()
UnityEngine.Resources:GetBuiltinResource (System.Type,string)
UnityEngine.Resources:GetBuiltinResource<UnityEngine.Sprite> (string)
QuizBattle.UI.UiFactory:get_RoundedSprite () (at Assets/Scripts/UI/UiFactory.cs:70)
QuizBattle.UI.UiFactory:CreateBannerPanel (UnityEngine.Transform,string,UnityEngine.Vector2,UnityEngine.Vector2,UnityEngine.Color,UnityEngine.Vector2) (at Assets/Scripts/UI/UiFactory.cs:83)
QuizBattle.UI.UiFactory:CreateButton (UnityEngine.Transform,string,UnityEngine.Vector2,UnityEngine.Vector2,string,UnityEngine.Vector2) (at Assets/Scripts/UI/UiFactory.cs:113)
QuizBattle.UI.HUD.HudController:Build (UnityEngine.Transform) (at Assets/Scripts/UI/HUD/HudController.cs:50)
QuizBattle.UI.HUD.HudController:Create () (at Assets/Scripts/UI/HUD/HudController.cs:28)
QuizBattle.GameState.GameManager:Bootstrap (System.Collections.Generic.List`1<QuizBattle.Characters.CharacterDefinitionSO>) (at Assets/Scripts/GameState/GameManager.cs:34)
ArenaDemoRunner:RunScenario (string,int,int,string) (at Assets/Editor/ArenaDemoRunner.cs:39)
ArenaDemoRunner:Run () (at Assets/Editor/ArenaDemoRunner.cs:22)

[Assets/Scripts/UI/HUD/HudController.cs line 28]

The resource UISprite.psd could not be loaded from the resource file!
UnityEngine.Debug:ExtractStackTraceNoAlloc (byte*,int,string)
UnityEngine.StackTraceUtility:ExtractStackTrace ()
UnityEngine.Resources:GetBuiltinResource (System.Type,string)
UnityEngine.Resources:GetBuiltinResource<UnityEngine.Sprite> (string)
QuizBattle.UI.UiFactory:get_RoundedSprite () (at Assets/Scripts/UI/UiFactory.cs:70)
QuizBattle.UI.UiFactory:CreateBannerPanel (UnityEngine.Transform,string,UnityEngine.Vector2,UnityEngine.Vector2,UnityEngine.Color,UnityEngine.Vector2) (at Assets/Scripts/UI/UiFactory.cs:83)
QuizBattle.UI.UiFactory:CreateButton (UnityEngine.Transform,string,UnityEngine.Vector2,UnityEngine.Vector2,string,UnityEngine.Vector2) (at Assets/Scripts/UI/UiFactory.cs:113)
QuizBattle.UI.HUD.HudController:Build (UnityEngine.Transform) (at Assets/Scripts/UI/HUD/HudController.cs:50)
QuizBattle.UI.HUD.HudController:Create () (at Assets/Scripts/UI/HUD/HudController.cs:28)
QuizBattle.GameState.GameManager:Bootstrap (System.Collections.Generic.List`1<QuizBattle.Characters.CharacterDefinitionSO>) (at Assets/Scripts/GameState/GameManager.cs:34)
ArenaDemoRunner:RunScenario (string,int,int,string) (at Assets/Editor/ArenaDemoRunner.cs:39)
ArenaDemoRunner:Run () (at Assets/Editor/ArenaDemoRunner.cs:22)

[Assets/Scripts/UI/HUD/HudController.cs line 28]

Failed to find UISprite.psd
UnityEngine.Debug:ExtractStackTraceNoAlloc (byte*,int,string)
UnityEngine.StackTraceUtility:ExtractStackTrace ()
UnityEngine.Resources:GetBuiltinResource (System.Type,string)
UnityEngine.Resources:GetBuiltinResource<UnityEngine.Sprite> (string)
QuizBattle.UI.UiFactory:get_RoundedSprite () (at Assets/Scripts/UI/UiFactory.cs:70)
QuizBattle.UI.UiFactory:CreateBannerPanel (UnityEngine.Transform,string,UnityEngine.Vector2,UnityEngine.Vector2,UnityEngine.Color,UnityEngine.Vector2) (at Assets/Scripts/UI/UiFactory.cs:93)
QuizBattle.UI.UiFactory:CreateButton (UnityEngine.Transform,string,UnityEngine.Vector2,UnityEngine.Vector2,string,UnityEngine.Vector2) (at Assets/Scripts/UI/UiFactory.cs:113)
QuizBattle.UI.HUD.HudController:Build (UnityEngine.Transform) (at Assets/Scripts/UI/HUD/HudController.cs:50)
QuizBattle.UI.HUD.HudController:Create () (at Assets/Scripts/UI/HUD/HudController.cs:28)
QuizBattle.GameState.GameManager:Bootstrap (System.Collections.Generic.List`1<QuizBattle.Characters.CharacterDefinitionSO>) (at Assets/Scripts/GameState/GameManager.cs:34)
ArenaDemoRunner:RunScenario (string,int,int,string) (at Assets/Editor/ArenaDemoRunner.cs:39)
ArenaDemoRunner:Run () (at Assets/Editor/ArenaDemoRunner.cs:22)

[Assets/Scripts/UI/HUD/HudController.cs line 28]

The resource UISprite.psd could not be loaded from the resource file!
UnityEngine.Debug:ExtractStackTraceNoAlloc (byte*,int,string)
UnityEngine.StackTraceUtility:ExtractStackTrace ()
UnityEngine.Resources:GetBuiltinResource (System.Type,string)
UnityEngine.Resources:GetBuiltinResource<UnityEngine.Sprite> (string)
QuizBattle.UI.UiFactory:get_RoundedSprite () (at Assets/Scripts/UI/UiFactory.cs:70)
QuizBattle.UI.UiFactory:CreateBannerPanel (UnityEngine.Transform,string,UnityEngine.Vector2,UnityEngine.Vector2,UnityEngine.Color,UnityEngine.Vector2) (at Assets/Scripts/UI/UiFactory.cs:93)
QuizBattle.UI.UiFactory:CreateButton (UnityEngine.Transform,string,UnityEngine.Vector2,UnityEngine.Vector2,string,UnityEngine.Vector2) (at Assets/Scripts/UI/UiFactory.cs:113)
QuizBattle.UI.HUD.HudController:Build (UnityEngine.Transform) (at Assets/Scripts/UI/HUD/HudController.cs:50)
QuizBattle.UI.HUD.HudController:Create () (at Assets/Scripts/UI/HUD/HudController.cs:28)
QuizBattle.GameState.GameManager:Bootstrap (System.Collections.Generic.List`1<QuizBattle.Characters.CharacterDefinitionSO>) (at Assets/Scripts/GameState/GameManager.cs:34)
ArenaDemoRunner:RunScenario (string,int,int,string) (at Assets/Editor/ArenaDemoRunner.cs:39)
ArenaDemoRunner:Run () (at Assets/Editor/ArenaDemoRunner.cs:22)

[Assets/Scripts/UI/HUD/HudController.cs line 28]

Failed to find UISprite.psd
UnityEngine.Debug:ExtractStackTraceNoAlloc (byte*,int,string)
UnityEngine.StackTraceUtility:ExtractStackTrace ()
UnityEngine.Resources:GetBuiltinResource (System.Type,string)
UnityEngine.Resources:GetBuiltinResource<UnityEngine.Sprite> (string)
QuizBattle.UI.UiFactory:get_RoundedSprite () (at Assets/Scripts/UI/UiFactory.cs:70)
QuizBattle.UI.UiFactory:CreateBannerPanel (UnityEngine.Transform,string,UnityEngine.Vector2,UnityEngine.Vector2,UnityEngine.Color,UnityEngine.Vector2) (at Assets/Scripts/UI/UiFactory.cs:103)
QuizBattle.UI.UiFactory:CreateButton (UnityEngine.Transform,string,UnityEngine.Vector2,UnityEngine.Vector2,string,UnityEngine.Vector2) (at Assets/Scripts/UI/UiFactory.cs:113)
QuizBattle.UI.HUD.HudController:Build (UnityEngine.Transform) (at Assets/Scripts/UI/HUD/HudController.cs:50)
QuizBattle.UI.HUD.HudController:Create () (at Assets/Scripts/UI/HUD/HudController.cs:28)
QuizBattle.GameState.GameManager:Bootstrap (System.Collections.Generic.List`1<QuizBattle.Characters.CharacterDefinitionSO>) (at Assets/Scripts/GameState/GameManager.cs:34)
ArenaDemoRunner:RunScenario (string,int,int,string) (at Assets/Editor/ArenaDemoRunner.cs:39)
ArenaDemoRunner:Run () (at Assets/Editor/ArenaDemoRunner.cs:22)

[Assets/Scripts/UI/HUD/HudController.cs line 28]

The resource UISprite.psd could not be loaded from the resource file!
UnityEngine.Debug:ExtractStackTraceNoAlloc (byte*,int,string)
UnityEngine.StackTraceUtility:ExtractStackTrace ()
UnityEngine.Resources:GetBuiltinResource (System.Type,string)
UnityEngine.Resources:GetBuiltinResource<UnityEngine.Sprite> (string)
QuizBattle.UI.UiFactory:get_RoundedSprite () (at Assets/Scripts/UI/UiFactory.cs:70)
QuizBattle.UI.UiFactory:CreateBannerPanel (UnityEngine.Transform,string,UnityEngine.Vector2,UnityEngine.Vector2,UnityEngine.Color,UnityEngine.Vector2) (at Assets/Scripts/UI/UiFactory.cs:103)
QuizBattle.UI.UiFactory:CreateButton (UnityEngine.Transform,string,UnityEngine.Vector2,UnityEngine.Vector2,string,UnityEngine.Vector2) (at Assets/Scripts/UI/UiFactory.cs:113)
QuizBattle.UI.HUD.HudController:Build (UnityEngine.Transform) (at Assets/Scripts/UI/HUD/HudController.cs:50)
QuizBattle.UI.HUD.HudController:Create () (at Assets/Scripts/UI/HUD/HudController.cs:28)
QuizBattle.GameState.GameManager:Bootstrap (System.Collections.Generic.List`1<QuizBattle.Characters.CharacterDefinitionSO>) (at Assets/Scripts/GameState/GameManager.cs:34)
ArenaDemoRunner:RunScenario (string,int,int,string) (at Assets/Editor/ArenaDemoRunner.cs:39)
ArenaDemoRunner:Run () (at Assets/Editor/ArenaDemoRunner.cs:22)

[Assets/Scripts/UI/HUD/HudController.cs line 28]

Failed to find UISprite.psd
UnityEngine.Debug:ExtractStackTraceNoAlloc (byte*,int,string)
UnityEngine.StackTraceUtility:ExtractStackTrace ()
UnityEngine.Resources:GetBuiltinResource (System.Type,string)
UnityEngine.Resources:GetBuiltinResource<UnityEngine.Sprite> (string)
QuizBattle.UI.UiFactory:get_RoundedSprite () (at Assets/Scripts/UI/UiFactory.cs:70)
QuizBattle.UI.UiFactory:CreateBannerPanel (UnityEngine.Transform,string,UnityEngine.Vector2,UnityEngine.Vector2,UnityEngine.Color,UnityEngine.Vector2) (at Assets/Scripts/UI/UiFactory.cs:83)
QuizBattle.UI.UiFactory:CreateButton (UnityEngine.Transform,string,UnityEngine.Vector2,UnityEngine.Vector2,string,UnityEngine.Vector2) (at Assets/Scripts/UI/UiFactory.cs:113)
QuizBattle.UI.HUD.HudController:Build (UnityEngine.Transform) (at Assets/Scripts/UI/HUD/HudController.cs:50)
QuizBattle.UI.HUD.HudController:Create () (at Assets/Scripts/UI/HUD/HudController.cs:28)
QuizBattle.GameState.GameManager:Bootstrap (System.Collections.Generic.List`1<QuizBattle.Characters.CharacterDefinitionSO>) (at Assets/Scripts/GameState/GameManager.cs:34)
ArenaDemoRunner:RunScenario (string,int,int,string) (at Assets/Editor/ArenaDemoRunner.cs:39)
ArenaDemoRunner:Run () (at Assets/Editor/ArenaDemoRunner.cs:22)

[Assets/Scripts/UI/HUD/HudController.cs line 28]

The resource UISprite.psd could not be loaded from the resource file!
UnityEngine.Debug:ExtractStackTraceNoAlloc (byte*,int,string)
UnityEngine.StackTraceUtility:ExtractStackTrace ()
UnityEngine.Resources:GetBuiltinResource (System.Type,string)
UnityEngine.Resources:GetBuiltinResource<UnityEngine.Sprite> (string)
QuizBattle.UI.UiFactory:get_RoundedSprite () (at Assets/Scripts/UI/UiFactory.cs:70)
QuizBattle.UI.UiFactory:CreateBannerPanel (UnityEngine.Transform,string,UnityEngine.Vector2,UnityEngine.Vector2,UnityEngine.Color,UnityEngine.Vector2) (at Assets/Scripts/UI/UiFactory.cs:83)
QuizBattle.UI.UiFactory:CreateButton (UnityEngine.Transform,string,UnityEngine.Vector2,UnityEngine.Vector2,string,UnityEngine.Vector2) (at Assets/Scripts/UI/UiFactory.cs:113)
QuizBattle.UI.HUD.HudController:Build (UnityEngine.Transform) (at Assets/Scripts/UI/HUD/HudController.cs:50)
QuizBattle.UI.HUD.HudController:Create () (at Assets/Scripts/UI/HUD/HudController.cs:28)
QuizBattle.GameState.GameManager:Bootstrap (System.Collections.Generic.List`1<QuizBattle.Characters.CharacterDefinitionSO>) (at Assets/Scripts/GameState/GameManager.cs:34)
ArenaDemoRunner:RunScenario (string,int,int,string) (at Assets/Editor/ArenaDemoRunner.cs:39)
ArenaDemoRunner:Run () (at Assets/Editor/ArenaDemoRunner.cs:22)

[Assets/Scripts/UI/HUD/HudController.cs line 28]

Failed to find UISprite.psd
UnityEngine.Debug:ExtractStackTraceNoAlloc (byte*,int,string)
UnityEngine.StackTraceUtility:ExtractStackTrace ()
UnityEngine.Resources:GetBuiltinResource (System.Type,string)
UnityEngine.Resources:GetBuiltinResource<UnityEngine.Sprite> (string)
QuizBattle.UI.UiFactory:get_RoundedSprite () (at Assets/Scripts/UI/UiFactory.cs:70)
QuizBattle.UI.UiFactory:CreateBannerPanel (UnityEngine.Transform,string,UnityEngine.Vector2,UnityEngine.Vector2,UnityEngine.Color,UnityEngine.Vector2) (at Assets/Scripts/UI/UiFactory.cs:93)
QuizBattle.UI.UiFactory:CreateButton (UnityEngine.Transform,string,UnityEngine.Vector2,UnityEngine.Vector2,string,UnityEngine.Vector2) (at Assets/Scripts/UI/UiFactory.cs:113)
QuizBattle.UI.HUD.HudController:Build (UnityEngine.Transform) (at Assets/Scripts/UI/HUD/HudController.cs:50)
QuizBattle.UI.HUD.HudController:Create () (at Assets/Scripts/UI/HUD/HudController.cs:28)
QuizBattle.GameState.GameManager:Bootstrap (System.Collections.Generic.List`1<QuizBattle.Characters.CharacterDefinitionSO>) (at Assets/Scripts/GameState/GameManager.cs:34)
ArenaDemoRunner:RunScenario (string,int,int,string) (at Assets/Editor/ArenaDemoRunner.cs:39)
ArenaDemoRunner:Run () (at Assets/Editor/ArenaDemoRunner.cs:22)

[Assets/Scripts/UI/HUD/HudController.cs line 28]

The resource UISprite.psd could not be loaded from the resource file!
UnityEngine.Debug:ExtractStackTraceNoAlloc (byte*,int,string)
UnityEngine.StackTraceUtility:ExtractStackTrace ()
UnityEngine.Resources:GetBuiltinResource (System.Type,string)
UnityEngine.Resources:GetBuiltinResource<UnityEngine.Sprite> (string)
QuizBattle.UI.UiFactory:get_RoundedSprite () (at Assets/Scripts/UI/UiFactory.cs:70)
QuizBattle.UI.UiFactory:CreateBannerPanel (UnityEngine.Transform,string,UnityEngine.Vector2,UnityEngine.Vector2,UnityEngine.Color,UnityEngine.Vector2) (at Assets/Scripts/UI/UiFactory.cs:93)
QuizBattle.UI.UiFactory:CreateButton (UnityEngine.Transform,string,UnityEngine.Vector2,UnityEngine.Vector2,string,UnityEngine.Vector2) (at Assets/Scripts/UI/UiFactory.cs:113)
QuizBattle.UI.HUD.HudController:Build (UnityEngine.Transform) (at Assets/Scripts/UI/HUD/HudController.cs:50)
QuizBattle.UI.HUD.HudController:Create () (at Assets/Scripts/UI/HUD/HudController.cs:28)
QuizBattle.GameState.GameManager:Bootstrap (System.Collections.Generic.List`1<QuizBattle.Characters.CharacterDefinitionSO>) (at Assets/Scripts/GameState/GameManager.cs:34)
ArenaDemoRunner:RunScenario (string,int,int,string) (at Assets/Editor/ArenaDemoRunner.cs:39)
ArenaDemoRunner:Run () (at Assets/Editor/ArenaDemoRunner.cs:22)

[Assets/Scripts/UI/HUD/HudController.cs line 28]

Failed to find UISprite.psd
UnityEngine.Debug:ExtractStackTraceNoAlloc (byte*,int,string)
UnityEngine.StackTraceUtility:ExtractStackTrace ()
UnityEngine.Resources:GetBuiltinResource (System.Type,string)
UnityEngine.Resources:GetBuiltinResource<UnityEngine.Sprite> (string)
QuizBattle.UI.UiFactory:get_RoundedSprite () (at Assets/Scripts/UI/UiFactory.cs:70)
QuizBattle.UI.UiFactory:CreateBannerPanel (UnityEngine.Transform,string,UnityEngine.Vector2,UnityEngine.Vector2,UnityEngine.Color,UnityEngine.Vector2) (at Assets/Scripts/UI/UiFactory.cs:103)
QuizBattle.UI.UiFactory:CreateButton (UnityEngine.Transform,string,UnityEngine.Vector2,UnityEngine.Vector2,string,UnityEngine.Vector2) (at Assets/Scripts/UI/UiFactory.cs:113)
QuizBattle.UI.HUD.HudController:Build (UnityEngine.Transform) (at Assets/Scripts/UI/HUD/HudController.cs:50)
QuizBattle.UI.HUD.HudController:Create () (at Assets/Scripts/UI/HUD/HudController.cs:28)
QuizBattle.GameState.GameManager:Bootstrap (System.Collections.Generic.List`1<QuizBattle.Characters.CharacterDefinitionSO>) (at Assets/Scripts/GameState/GameManager.cs:34)
ArenaDemoRunner:RunScenario (string,int,int,string) (at Assets/Editor/ArenaDemoRunner.cs:39)
ArenaDemoRunner:Run () (at Assets/Editor/ArenaDemoRunner.cs:22)

[Assets/Scripts/UI/HUD/HudController.cs line 28]

The resource UISprite.psd could not be loaded from the resource file!
UnityEngine.Debug:ExtractStackTraceNoAlloc (byte*,int,string)
UnityEngine.StackTraceUtility:ExtractStackTrace ()
UnityEngine.Resources:GetBuiltinResource (System.Type,string)
UnityEngine.Resources:GetBuiltinResource<UnityEngine.Sprite> (string)
QuizBattle.UI.UiFactory:get_RoundedSprite () (at Assets/Scripts/UI/UiFactory.cs:70)
QuizBattle.UI.UiFactory:CreateBannerPanel (UnityEngine.Transform,string,UnityEngine.Vector2,UnityEngine.Vector2,UnityEngine.Color,UnityEngine.Vector2) (at Assets/Scripts/UI/UiFactory.cs:103)
QuizBattle.UI.UiFactory:CreateButton (UnityEngine.Transform,string,UnityEngine.Vector2,UnityEngine.Vector2,string,UnityEngine.Vector2) (at Assets/Scripts/UI/UiFactory.cs:113)
QuizBattle.UI.HUD.HudController:Build (UnityEngine.Transform) (at Assets/Scripts/UI/HUD/HudController.cs:50)
QuizBattle.UI.HUD.HudController:Create () (at Assets/Scripts/UI/HUD/HudController.cs:28)
QuizBattle.GameState.GameManager:Bootstrap (System.Collections.Generic.List`1<QuizBattle.Characters.CharacterDefinitionSO>) (at Assets/Scripts/GameState/GameManager.cs:34)
ArenaDemoRunner:RunScenario (string,int,int,string) (at Assets/Editor/ArenaDemoRunner.cs:39)
ArenaDemoRunner:Run () (at Assets/Editor/ArenaDemoRunner.cs:22)

[Assets/Scripts/UI/HUD/HudController.cs line 28]

Failed to find UISprite.psd
UnityEngine.Debug:ExtractStackTraceNoAlloc (byte*,int,string)
UnityEngine.StackTraceUtility:ExtractStackTrace ()
UnityEngine.Resources:GetBuiltinResource (System.Type,string)
UnityEngine.Resources:GetBuiltinResource<UnityEngine.Sprite> (string)
QuizBattle.UI.UiFactory:get_RoundedSprite () (at Assets/Scripts/UI/UiFactory.cs:70)
QuizBattle.UI.UiFactory:CreateBannerPanel (UnityEngine.Transform,string,UnityEngine.Vector2,UnityEngine.Vector2,UnityEngine.Color,UnityEngine.Vector2) (at Assets/Scripts/UI/UiFactory.cs:83)
QuizBattle.UI.UiFactory:CreateButton (UnityEngine.Transform,string,UnityEngine.Vector2,UnityEngine.Vector2,string,UnityEngine.Vector2) (at Assets/Scripts/UI/UiFactory.cs:113)
QuizBattle.UI.HUD.HudController:Build (UnityEngine.Transform) (at Assets/Scripts/UI/HUD/HudController.cs:50)
QuizBattle.UI.HUD.HudController:Create () (at Assets/Scripts/UI/HUD/HudController.cs:28)
QuizBattle.GameState.GameManager:Bootstrap (System.Collections.Generic.List`1<QuizBattle.Characters.CharacterDefinitionSO>) (at Assets/Scripts/GameState/GameManager.cs:34)
ArenaDemoRunner:RunScenario (string,int,int,string) (at Assets/Editor/ArenaDemoRunner.cs:39)
ArenaDemoRunner:Run () (at Assets/Editor/ArenaDemoRunner.cs:22)

[Assets/Scripts/UI/HUD/HudController.cs line 28]

The resource UISprite.psd could not be loaded from the resource file!
UnityEngine.Debug:ExtractStackTraceNoAlloc (byte*,int,string)
UnityEngine.StackTraceUtility:ExtractStackTrace ()
UnityEngine.Resources:GetBuiltinResource (System.Type,string)
UnityEngine.Resources:GetBuiltinResource<UnityEngine.Sprite> (string)
QuizBattle.UI.UiFactory:get_RoundedSprite () (at Assets/Scripts/UI/UiFactory.cs:70)
QuizBattle.UI.UiFactory:CreateBannerPanel (UnityEngine.Transform,string,UnityEngine.Vector2,UnityEngine.Vector2,UnityEngine.Color,UnityEngine.Vector2) (at Assets/Scripts/UI/UiFactory.cs:83)
QuizBattle.UI.UiFactory:CreateButton (UnityEngine.Transform,string,UnityEngine.Vector2,UnityEngine.Vector2,string,UnityEngine.Vector2) (at Assets/Scripts/UI/UiFactory.cs:113)
QuizBattle.UI.HUD.HudController:Build (UnityEngine.Transform) (at Assets/Scripts/UI/HUD/HudController.cs:50)
QuizBattle.UI.HUD.HudController:Create () (at Assets/Scripts/UI/HUD/HudController.cs:28)
QuizBattle.GameState.GameManager:Bootstrap (System.Collections.Generic.List`1<QuizBattle.Characters.CharacterDefinitionSO>) (at Assets/Scripts/GameState/GameManager.cs:34)
ArenaDemoRunner:RunScenario (string,int,int,string) (at Assets/Editor/ArenaDemoRunner.cs:39)
ArenaDemoRunner:Run () (at Assets/Editor/ArenaDemoRunner.cs:22)

[Assets/Scripts/UI/HUD/HudController.cs line 28]

Failed to find UISprite.psd
UnityEngine.Debug:ExtractStackTraceNoAlloc (byte*,int,string)
UnityEngine.StackTraceUtility:ExtractStackTrace ()
UnityEngine.Resources:GetBuiltinResource (System.Type,string)
UnityEngine.Resources:GetBuiltinResource<UnityEngine.Sprite> (string)
QuizBattle.UI.UiFactory:get_RoundedSprite () (at Assets/Scripts/UI/UiFactory.cs:70)
QuizBattle.UI.UiFactory:CreateBannerPanel (UnityEngine.Transform,string,UnityEngine.Vector2,UnityEngine.Vector2,UnityEngine.Color,UnityEngine.Vector2) (at Assets/Scripts/UI/UiFactory.cs:93)
QuizBattle.UI.UiFactory:CreateButton (UnityEngine.Transform,string,UnityEngine.Vector2,UnityEngine.Vector2,string,UnityEngine.Vector2) (at Assets/Scripts/UI/UiFactory.cs:113)
QuizBattle.UI.HUD.HudController:Build (UnityEngine.Transform) (at Assets/Scripts/UI/HUD/HudController.cs:50)
QuizBattle.UI.HUD.HudController:Create () (at Assets/Scripts/UI/HUD/HudController.cs:28)
QuizBattle.GameState.GameManager:Bootstrap (System.Collections.Generic.List`1<QuizBattle.Characters.CharacterDefinitionSO>) (at Assets/Scripts/GameState/GameManager.cs:34)
ArenaDemoRunner:RunScenario (string,int,int,string) (at Assets/Editor/ArenaDemoRunner.cs:39)
ArenaDemoRunner:Run () (at Assets/Editor/ArenaDemoRunner.cs:22)

[Assets/Scripts/UI/HUD/HudController.cs line 28]

The resource UISprite.psd could not be loaded from the resource file!
UnityEngine.Debug:ExtractStackTraceNoAlloc (byte*,int,string)
UnityEngine.StackTraceUtility:ExtractStackTrace ()
UnityEngine.Resources:GetBuiltinResource (System.Type,string)
UnityEngine.Resources:GetBuiltinResource<UnityEngine.Sprite> (string)
QuizBattle.UI.UiFactory:get_RoundedSprite () (at Assets/Scripts/UI/UiFactory.cs:70)
QuizBattle.UI.UiFactory:CreateBannerPanel (UnityEngine.Transform,string,UnityEngine.Vector2,UnityEngine.Vector2,UnityEngine.Color,UnityEngine.Vector2) (at Assets/Scripts/UI/UiFactory.cs:93)
QuizBattle.UI.UiFactory:CreateButton (UnityEngine.Transform,string,UnityEngine.Vector2,UnityEngine.Vector2,string,UnityEngine.Vector2) (at Assets/Scripts/UI/UiFactory.cs:113)
QuizBattle.UI.HUD.HudController:Build (UnityEngine.Transform) (at Assets/Scripts/UI/HUD/HudController.cs:50)
QuizBattle.UI.HUD.HudController:Create () (at Assets/Scripts/UI/HUD/HudController.cs:28)
QuizBattle.GameState.GameManager:Bootstrap (System.Collections.Generic.List`1<QuizBattle.Characters.CharacterDefinitionSO>) (at Assets/Scripts/GameState/GameManager.cs:34)
ArenaDemoRunner:RunScenario (string,int,int,string) (at Assets/Editor/ArenaDemoRunner.cs:39)
ArenaDemoRunner:Run () (at Assets/Editor/ArenaDemoRunner.cs:22)

[Assets/Scripts/UI/HUD/HudController.cs line 28]

Failed to find UISprite.psd
UnityEngine.Debug:ExtractStackTraceNoAlloc (byte*,int,string)
UnityEngine.StackTraceUtility:ExtractStackTrace ()
UnityEngine.Resources:GetBuiltinResource (System.Type,string)
UnityEngine.Resources:GetBuiltinResource<UnityEngine.Sprite> (string)
QuizBattle.UI.UiFactory:get_RoundedSprite () (at Assets/Scripts/UI/UiFactory.cs:70)
QuizBattle.UI.UiFactory:CreateBannerPanel (UnityEngine.Transform,string,UnityEngine.Vector2,UnityEngine.Vector2,UnityEngine.Color,UnityEngine.Vector2) (at Assets/Scripts/UI/UiFactory.cs:103)
QuizBattle.UI.UiFactory:CreateButton (UnityEngine.Transform,string,UnityEngine.Vector2,UnityEngine.Vector2,string,UnityEngine.Vector2) (at Assets/Scripts/UI/UiFactory.cs:113)
QuizBattle.UI.HUD.HudController:Build (UnityEngine.Transform) (at Assets/Scripts/UI/HUD/HudController.cs:50)
QuizBattle.UI.HUD.HudController:Create () (at Assets/Scripts/UI/HUD/HudController.cs:28)
QuizBattle.GameState.GameManager:Bootstrap (System.Collections.Generic.List`1<QuizBattle.Characters.CharacterDefinitionSO>) (at Assets/Scripts/GameState/GameManager.cs:34)
ArenaDemoRunner:RunScenario (string,int,int,string) (at Assets/Editor/ArenaDemoRunner.cs:39)
ArenaDemoRunner:Run () (at Assets/Editor/ArenaDemoRunner.cs:22)

[Assets/Scripts/UI/HUD/HudController.cs line 28]

The resource UISprite.psd could not be loaded from the resource file!
UnityEngine.Debug:ExtractStackTraceNoAlloc (byte*,int,string)
UnityEngine.StackTraceUtility:ExtractStackTrace ()
UnityEngine.Resources:GetBuiltinResource (System.Type,string)
UnityEngine.Resources:GetBuiltinResource<UnityEngine.Sprite> (string)
QuizBattle.UI.UiFactory:get_RoundedSprite () (at Assets/Scripts/UI/UiFactory.cs:70)
QuizBattle.UI.UiFactory:CreateBannerPanel (UnityEngine.Transform,string,UnityEngine.Vector2,UnityEngine.Vector2,UnityEngine.Color,UnityEngine.Vector2) (at Assets/Scripts/UI/UiFactory.cs:103)
QuizBattle.UI.UiFactory:CreateButton (UnityEngine.Transform,string,UnityEngine.Vector2,UnityEngine.Vector2,string,UnityEngine.Vector2) (at Assets/Scripts/UI/UiFactory.cs:113)
QuizBattle.UI.HUD.HudController:Build (UnityEngine.Transform) (at Assets/Scripts/UI/HUD/HudController.cs:50)
QuizBattle.UI.HUD.HudController:Create () (at Assets/Scripts/UI/HUD/HudController.cs:28)
QuizBattle.GameState.GameManager:Bootstrap (System.Collections.Generic.List`1<QuizBattle.Characters.CharacterDefinitionSO>) (at Assets/Scripts/GameState/GameManager.cs:34)
ArenaDemoRunner:RunScenario (string,int,int,string) (at Assets/Editor/ArenaDemoRunner.cs:39)
ArenaDemoRunner:Run () (at Assets/Editor/ArenaDemoRunner.cs:22)

[Assets/Scripts/UI/HUD/HudController.cs line 28]

Tile_0_0: Destroy may not be called from edit mode! Use DestroyImmediate instead.
Destroying an object in edit mode destroys it permanently
UnityEngine.Debug:ExtractStackTraceNoAlloc (byte*,int,string)
UnityEngine.StackTraceUtility:ExtractStackTrace ()
UnityEngine.Object:Destroy (UnityEngine.Object,single)
UnityEngine.Object:Destroy (UnityEngine.Object)
QuizBattle.Arena.GridController:CreateTile (int,int,UnityEngine.Color) (at Assets/Scripts/Arena/GridController.cs:57)
QuizBattle.Arena.GridController:BuildGrid (int,int,int) (at Assets/Scripts/Arena/GridController.cs:42)
QuizBattle.GameState.GameManager:RunAutoPlayMatch (int,int) (at Assets/Scripts/GameState/GameManager.cs:66)
ArenaDemoRunner:RunScenario (string,int,int,string) (at Assets/Editor/ArenaDemoRunner.cs:40)
ArenaDemoRunner:Run () (at Assets/Editor/ArenaDemoRunner.cs:22)

[Assets/Scripts/Arena/GridController.cs line 42]

Tile_0_1: Destroy may not be called from edit mode! Use DestroyImmediate instead.
Destroying an object in edit mode destroys it permanently
UnityEngine.Debug:ExtractStackTraceNoAlloc (byte*,int,string)
UnityEngine.StackTraceUtility:ExtractStackTrace ()
UnityEngine.Object:Destroy (UnityEngine.Object,single)
UnityEngine.Object:Destroy (UnityEngine.Object)
QuizBattle.Arena.GridController:CreateTile (int,int,UnityEngine.Color) (at Assets/Scripts/Arena/GridController.cs:57)
QuizBattle.Arena.GridController:BuildGrid (int,int,int) (at Assets/Scripts/Arena/GridController.cs:42)
QuizBattle.GameState.GameManager:RunAutoPlayMatch (int,int) (at Assets/Scripts/GameState/GameManager.cs:66)
ArenaDemoRunner:RunScenario (string,int,int,string) (at Assets/Editor/ArenaDemoRunner.cs:40)
ArenaDemoRunner:Run () (at Assets/Editor/ArenaDemoRunner.cs:22)

[Assets/Scripts/Arena/GridController.cs line 42]

Tile_0_2: Destroy may not be called from edit mode! Use DestroyImmediate instead.
Destroying an object in edit mode destroys it permanently
UnityEngine.Debug:ExtractStackTraceNoAlloc (byte*,int,string)
UnityEngine.StackTraceUtility:ExtractStackTrace ()
UnityEngine.Object:Destroy (UnityEngine.Object,single)
UnityEngine.Object:Destroy (UnityEngine.Object)
QuizBattle.Arena.GridController:CreateTile (int,int,UnityEngine.Color) (at Assets/Scripts/Arena/GridController.cs:57)
QuizBattle.Arena.GridController:BuildGrid (int,int,int) (at Assets/Scripts/Arena/GridController.cs:42)
QuizBattle.GameState.GameManager:RunAutoPlayMatch (int,int) (at Assets/Scripts/GameState/GameManager.cs:66)
ArenaDemoRunner:RunScenario (string,int,int,string) (at Assets/Editor/ArenaDemoRunner.cs:40)
ArenaDemoRunner:Run () (at Assets/Editor/ArenaDemoRunner.cs:22)

[Assets/Scripts/Arena/GridController.cs line 42]

Tile_0_3: Destroy may not be called from edit mode! Use DestroyImmediate instead.
Destroying an object in edit mode destroys it permanently
UnityEngine.Debug:ExtractStackTraceNoAlloc (byte*,int,string)
UnityEngine.StackTraceUtility:ExtractStackTrace ()
UnityEngine.Object:Destroy (UnityEngine.Object,single)
UnityEngine.Object:Destroy (UnityEngine.Object)
QuizBattle.Arena.GridController:CreateTile (int,int,UnityEngine.Color) (at Assets/Scripts/Arena/GridController.cs:57)
QuizBattle.Arena.GridController:BuildGrid (int,int,int) (at Assets/Scripts/Arena/GridController.cs:42)
QuizBattle.GameState.GameManager:RunAutoPlayMatch (int,int) (at Assets/Scripts/GameState/GameManager.cs:66)
ArenaDemoRunner:RunScenario (string,int,int,string) (at Assets/Editor/ArenaDemoRunner.cs:40)
ArenaDemoRunner:Run () (at Assets/Editor/ArenaDemoRunner.cs:22)

[Assets/Scripts/Arena/GridController.cs line 42]

Tile_0_4: Destroy may not be called from edit mode! Use DestroyImmediate instead.
Destroying an object in edit mode destroys it permanently
UnityEngine.Debug:ExtractStackTraceNoAlloc (byte*,int,string)
UnityEngine.StackTraceUtility:ExtractStackTrace ()
UnityEngine.Object:Destroy (UnityEngine.Object,single)
UnityEngine.Object:Destroy (UnityEngine.Object)
QuizBattle.Arena.GridController:CreateTile (int,int,UnityEngine.Color) (at Assets/Scripts/Arena/GridController.cs:57)
QuizBattle.Arena.GridController:BuildGrid (int,int,int) (at Assets/Scripts/Arena/GridController.cs:42)
QuizBattle.GameState.GameManager:RunAutoPlayMatch (int,int) (at Assets/Scripts/GameState/GameManager.cs:66)
ArenaDemoRunner:RunScenario (string,int,int,string) (at Assets/Editor/ArenaDemoRunner.cs:40)
ArenaDemoRunner:Run () (at Assets/Editor/ArenaDemoRunner.cs:22)

[Assets/Scripts/Arena/GridController.cs line 42]

Tile_0_5: Destroy may not be called from edit mode! Use DestroyImmediate instead.
Destroying an object in edit mode destroys it permanently
UnityEngine.Debug:ExtractStackTraceNoAlloc (byte*,int,string)
UnityEngine.StackTraceUtility:ExtractStackTrace ()
UnityEngine.Object:Destroy (UnityEngine.Object,single)
UnityEngine.Object:Destroy (UnityEngine.Object)
QuizBattle.Arena.GridController:CreateTile (int,int,UnityEngine.Color) (at Assets/Scripts/Arena/GridController.cs:57)
QuizBattle.Arena.GridController:BuildGrid (int,int,int) (at Assets/Scripts/Arena/GridController.cs:42)
QuizBattle.GameState.GameManager:RunAutoPlayMatch (int,int) (at Assets/Scripts/GameState/GameManager.cs:66)
ArenaDemoRunner:RunScenario (string,int,int,string) (at Assets/Editor/ArenaDemoRunner.cs:40)
ArenaDemoRunner:Run () (at Assets/Editor/ArenaDemoRunner.cs:22)

[Assets/Scripts/Arena/GridController.cs line 42]

ZoneGlow_0_5: Destroy may not be called from edit mode! Use DestroyImmediate instead.
Destroying an object in edit mode destroys it permanently
UnityEngine.Debug:ExtractStackTraceNoAlloc (byte*,int,string)
UnityEngine.StackTraceUtility:ExtractStackTrace ()
UnityEngine.Object:Destroy (UnityEngine.Object,single)
UnityEngine.Object:Destroy (UnityEngine.Object)
QuizBattle.Arena.GridController:CreateZoneGlow (int,int) (at Assets/Scripts/Arena/GridController.cs:99)
QuizBattle.Arena.GridController:BuildGrid (int,int,int) (at Assets/Scripts/Arena/GridController.cs:43)
QuizBattle.GameState.GameManager:RunAutoPlayMatch (int,int) (at Assets/Scripts/GameState/GameManager.cs:66)
ArenaDemoRunner:RunScenario (string,int,int,string) (at Assets/Editor/ArenaDemoRunner.cs:40)
ArenaDemoRunner:Run () (at Assets/Editor/ArenaDemoRunner.cs:22)

[Assets/Scripts/Arena/GridController.cs line 99]

Tile_1_0: Destroy may not be called from edit mode! Use DestroyImmediate instead.
Destroying an object in edit mode destroys it permanently
UnityEngine.Debug:ExtractStackTraceNoAlloc (byte*,int,string)
UnityEngine.StackTraceUtility:ExtractStackTrace ()
UnityEngine.Object:Destroy (UnityEngine.Object,single)
UnityEngine.Object:Destroy (UnityEngine.Object)
QuizBattle.Arena.GridController:CreateTile (int,int,UnityEngine.Color) (at Assets/Scripts/Arena/GridController.cs:57)
QuizBattle.Arena.GridController:BuildGrid (int,int,int) (at Assets/Scripts/Arena/GridController.cs:42)
QuizBattle.GameState.GameManager:RunAutoPlayMatch (int,int) (at Assets/Scripts/GameState/GameManager.cs:66)
ArenaDemoRunner:RunScenario (string,int,int,string) (at Assets/Editor/ArenaDemoRunner.cs:40)
ArenaDemoRunner:Run () (at Assets/Editor/ArenaDemoRunner.cs:22)

[Assets/Scripts/Arena/GridController.cs line 42]

Tile_1_1: Destroy may not be called from edit mode! Use DestroyImmediate instead.
Destroying an object in edit mode destroys it permanently
UnityEngine.Debug:ExtractStackTraceNoAlloc (byte*,int,string)
UnityEngine.StackTraceUtility:ExtractStackTrace ()
UnityEngine.Object:Destroy (UnityEngine.Object,single)
UnityEngine.Object:Destroy (UnityEngine.Object)
QuizBattle.Arena.GridController:CreateTile (int,int,UnityEngine.Color) (at Assets/Scripts/Arena/GridController.cs:57)
QuizBattle.Arena.GridController:BuildGrid (int,int,int) (at Assets/Scripts/Arena/GridController.cs:42)
QuizBattle.GameState.GameManager:RunAutoPlayMatch (int,int) (at Assets/Scripts/GameState/GameManager.cs:66)
ArenaDemoRunner:RunScenario (string,int,int,string) (at Assets/Editor/ArenaDemoRunner.cs:40)
ArenaDemoRunner:Run () (at Assets/Editor/ArenaDemoRunner.cs:22)

[Assets/Scripts/Arena/GridController.cs line 42]

Tile_1_2: Destroy may not be called from edit mode! Use DestroyImmediate instead.
Destroying an object in edit mode destroys it permanently
UnityEngine.Debug:ExtractStackTraceNoAlloc (byte*,int,string)
UnityEngine.StackTraceUtility:ExtractStackTrace ()
UnityEngine.Object:Destroy (UnityEngine.Object,single)
UnityEngine.Object:Destroy (UnityEngine.Object)
QuizBattle.Arena.GridController:CreateTile (int,int,UnityEngine.Color) (at Assets/Scripts/Arena/GridController.cs:57)
QuizBattle.Arena.GridController:BuildGrid (int,int,int) (at Assets/Scripts/Arena/GridController.cs:42)
QuizBattle.GameState.GameManager:RunAutoPlayMatch (int,int) (at Assets/Scripts/GameState/GameManager.cs:66)
ArenaDemoRunner:RunScenario (string,int,int,string) (at Assets/Editor/ArenaDemoRunner.cs:40)
ArenaDemoRunner:Run () (at Assets/Editor/ArenaDemoRunner.cs:22)

[Assets/Scripts/Arena/GridController.cs line 42]

Tile_1_3: Destroy may not be called from edit mode! Use DestroyImmediate instead.
Destroying an object in edit mode destroys it permanently
UnityEngine.Debug:ExtractStackTraceNoAlloc (byte*,int,string)
UnityEngine.StackTraceUtility:ExtractStackTrace ()
UnityEngine.Object:Destroy (UnityEngine.Object,single)
UnityEngine.Object:Destroy (UnityEngine.Object)
QuizBattle.Arena.GridController:CreateTile (int,int,UnityEngine.Color) (at Assets/Scripts/Arena/GridController.cs:57)
QuizBattle.Arena.GridController:BuildGrid (int,int,int) (at Assets/Scripts/Arena/GridController.cs:42)
QuizBattle.GameState.GameManager:RunAutoPlayMatch (int,int) (at Assets/Scripts/GameState/GameManager.cs:66)
ArenaDemoRunner:RunScenario (string,int,int,string) (at Assets/Editor/ArenaDemoRunner.cs:40)
ArenaDemoRunner:Run () (at Assets/Editor/ArenaDemoRunner.cs:22)

[Assets/Scripts/Arena/GridController.cs line 42]

Tile_1_4: Destroy may not be called from edit mode! Use DestroyImmediate instead.
Destroying an object in edit mode destroys it permanently
UnityEngine.Debug:ExtractStackTraceNoAlloc (byte*,int,string)
UnityEngine.StackTraceUtility:ExtractStackTrace ()
UnityEngine.Object:Destroy (UnityEngine.Object,single)
UnityEngine.Object:Destroy (UnityEngine.Object)
QuizBattle.Arena.GridController:CreateTile (int,int,UnityEngine.Color) (at Assets/Scripts/Arena/GridController.cs:57)
QuizBattle.Arena.GridController:BuildGrid (int,int,int) (at Assets/Scripts/Arena/GridController.cs:42)
QuizBattle.GameState.GameManager:RunAutoPlayMatch (int,int) (at Assets/Scripts/GameState/GameManager.cs:66)
ArenaDemoRunner:RunScenario (string,int,int,string) (at Assets/Editor/ArenaDemoRunner.cs:40)
ArenaDemoRunner:Run () (at Assets/Editor/ArenaDemoRunner.cs:22)

[Assets/Scripts/Arena/GridController.cs line 42]

Tile_1_5: Destroy may not be called from edit mode! Use DestroyImmediate instead.
Destroying an object in edit mode destroys it permanently
UnityEngine.Debug:ExtractStackTraceNoAlloc (byte*,int,string)
UnityEngine.StackTraceUtility:ExtractStackTrace ()
UnityEngine.Object:Destroy (UnityEngine.Object,single)
UnityEngine.Object:Destroy (UnityEngine.Object)
QuizBattle.Arena.GridController:CreateTile (int,int,UnityEngine.Color) (at Assets/Scripts/Arena/GridController.cs:57)
QuizBattle.Arena.GridController:BuildGrid (int,int,int) (at Assets/Scripts/Arena/GridController.cs:42)
QuizBattle.GameState.GameManager:RunAutoPlayMatch (int,int) (at Assets/Scripts/GameState/GameManager.cs:66)
ArenaDemoRunner:RunScenario (string,int,int,string) (at Assets/Editor/ArenaDemoRunner.cs:40)
ArenaDemoRunner:Run () (at Assets/Editor/ArenaDemoRunner.cs:22)

[Assets/Scripts/Arena/GridController.cs line 42]

ZoneGlow_1_5: Destroy may not be called from edit mode! Use DestroyImmediate instead.
Destroying an object in edit mode destroys it permanently
UnityEngine.Debug:ExtractStackTraceNoAlloc (byte*,int,string)
UnityEngine.StackTraceUtility:ExtractStackTrace ()
UnityEngine.Object:Destroy (UnityEngine.Object,single)
UnityEngine.Object:Destroy (UnityEngine.Object)
QuizBattle.Arena.GridController:CreateZoneGlow (int,int) (at Assets/Scripts/Arena/GridController.cs:99)
QuizBattle.Arena.GridController:BuildGrid (int,int,int) (at Assets/Scripts/Arena/GridController.cs:43)
QuizBattle.GameState.GameManager:RunAutoPlayMatch (int,int) (at Assets/Scripts/GameState/GameManager.cs:66)
ArenaDemoRunner:RunScenario (string,int,int,string) (at Assets/Editor/ArenaDemoRunner.cs:40)
ArenaDemoRunner:Run () (at Assets/Editor/ArenaDemoRunner.cs:22)

[Assets/Scripts/Arena/GridController.cs line 99]

Tile_2_0: Destroy may not be called from edit mode! Use DestroyImmediate instead.
Destroying an object in edit mode destroys it permanently
UnityEngine.Debug:ExtractStackTraceNoAlloc (byte*,int,string)
UnityEngine.StackTraceUtility:ExtractStackTrace ()
UnityEngine.Object:Destroy (UnityEngine.Object,single)
UnityEngine.Object:Destroy (UnityEngine.Object)
QuizBattle.Arena.GridController:CreateTile (int,int,UnityEngine.Color) (at Assets/Scripts/Arena/GridController.cs:57)
QuizBattle.Arena.GridController:BuildGrid (int,int,int) (at Assets/Scripts/Arena/GridController.cs:42)
QuizBattle.GameState.GameManager:RunAutoPlayMatch (int,int) (at Assets/Scripts/GameState/GameManager.cs:66)
ArenaDemoRunner:RunScenario (string,int,int,string) (at Assets/Editor/ArenaDemoRunner.cs:40)
ArenaDemoRunner:Run () (at Assets/Editor/ArenaDemoRunner.cs:22)

[Assets/Scripts/Arena/GridController.cs line 42]

Tile_2_1: Destroy may not be called from edit mode! Use DestroyImmediate instead.
Destroying an object in edit mode destroys it permanently
UnityEngine.Debug:ExtractStackTraceNoAlloc (byte*,int,string)
UnityEngine.StackTraceUtility:ExtractStackTrace ()
UnityEngine.Object:Destroy (UnityEngine.Object,single)
UnityEngine.Object:Destroy (UnityEngine.Object)
QuizBattle.Arena.GridController:CreateTile (int,int,UnityEngine.Color) (at Assets/Scripts/Arena/GridController.cs:57)
QuizBattle.Arena.GridController:BuildGrid (int,int,int) (at Assets/Scripts/Arena/GridController.cs:42)
QuizBattle.GameState.GameManager:RunAutoPlayMatch (int,int) (at Assets/Scripts/GameState/GameManager.cs:66)
ArenaDemoRunner:RunScenario (string,int,int,string) (at Assets/Editor/ArenaDemoRunner.cs:40)
ArenaDemoRunner:Run () (at Assets/Editor/ArenaDemoRunner.cs:22)

[Assets/Scripts/Arena/GridController.cs line 42]

Tile_2_2: Destroy may not be called from edit mode! Use DestroyImmediate instead.
Destroying an object in edit mode destroys it permanently
UnityEngine.Debug:ExtractStackTraceNoAlloc (byte*,int,string)
UnityEngine.StackTraceUtility:ExtractStackTrace ()
UnityEngine.Object:Destroy (UnityEngine.Object,single)
UnityEngine.Object:Destroy (UnityEngine.Object)
QuizBattle.Arena.GridController:CreateTile (int,int,UnityEngine.Color) (at Assets/Scripts/Arena/GridController.cs:57)
QuizBattle.Arena.GridController:BuildGrid (int,int,int) (at Assets/Scripts/Arena/GridController.cs:42)
QuizBattle.GameState.GameManager:RunAutoPlayMatch (int,int) (at Assets/Scripts/GameState/GameManager.cs:66)
ArenaDemoRunner:RunScenario (string,int,int,string) (at Assets/Editor/ArenaDemoRunner.cs:40)
ArenaDemoRunner:Run () (at Assets/Editor/ArenaDemoRunner.cs:22)

[Assets/Scripts/Arena/GridController.cs line 42]

Tile_2_3: Destroy may not be called from edit mode! Use DestroyImmediate instead.
Destroying an object in edit mode destroys it permanently
UnityEngine.Debug:ExtractStackTraceNoAlloc (byte*,int,string)
UnityEngine.StackTraceUtility:ExtractStackTrace ()
UnityEngine.Object:Destroy (UnityEngine.Object,single)
UnityEngine.Object:Destroy (UnityEngine.Object)
QuizBattle.Arena.GridController:CreateTile (int,int,UnityEngine.Color) (at Assets/Scripts/Arena/GridController.cs:57)
QuizBattle.Arena.GridController:BuildGrid (int,int,int) (at Assets/Scripts/Arena/GridController.cs:42)
QuizBattle.GameState.GameManager:RunAutoPlayMatch (int,int) (at Assets/Scripts/GameState/GameManager.cs:66)
ArenaDemoRunner:RunScenario (string,int,int,string) (at Assets/Editor/ArenaDemoRunner.cs:40)
ArenaDemoRunner:Run () (at Assets/Editor/ArenaDemoRunner.cs:22)

[Assets/Scripts/Arena/GridController.cs line 42]

Tile_2_4: Destroy may not be called from edit mode! Use DestroyImmediate instead.
Destroying an object in edit mode destroys it permanently
UnityEngine.Debug:ExtractStackTraceNoAlloc (byte*,int,string)
UnityEngine.StackTraceUtility:ExtractStackTrace ()
UnityEngine.Object:Destroy (UnityEngine.Object,single)
UnityEngine.Object:Destroy (UnityEngine.Object)
QuizBattle.Arena.GridController:CreateTile (int,int,UnityEngine.Color) (at Assets/Scripts/Arena/GridController.cs:57)
QuizBattle.Arena.GridController:BuildGrid (int,int,int) (at Assets/Scripts/Arena/GridController.cs:42)
QuizBattle.GameState.GameManager:RunAutoPlayMatch (int,int) (at Assets/Scripts/GameState/GameManager.cs:66)
ArenaDemoRunner:RunScenario (string,int,int,string) (at Assets/Editor/ArenaDemoRunner.cs:40)
ArenaDemoRunner:Run () (at Assets/Editor/ArenaDemoRunner.cs:22)

[Assets/Scripts/Arena/GridController.cs line 42]

Tile_2_5: Destroy may not be called from edit mode! Use DestroyImmediate instead.
Destroying an object in edit mode destroys it permanently
UnityEngine.Debug:ExtractStackTraceNoAlloc (byte*,int,string)
UnityEngine.StackTraceUtility:ExtractStackTrace ()
UnityEngine.Object:Destroy (UnityEngine.Object,single)
UnityEngine.Object:Destroy (UnityEngine.Object)
QuizBattle.Arena.GridController:CreateTile (int,int,UnityEngine.Color) (at Assets/Scripts/Arena/GridController.cs:57)
QuizBattle.Arena.GridController:BuildGrid (int,int,int) (at Assets/Scripts/Arena/GridController.cs:42)
QuizBattle.GameState.GameManager:RunAutoPlayMatch (int,int) (at Assets/Scripts/GameState/GameManager.cs:66)
ArenaDemoRunner:RunScenario (string,int,int,string) (at Assets/Editor/ArenaDemoRunner.cs:40)
ArenaDemoRunner:Run () (at Assets/Editor/ArenaDemoRunner.cs:22)

[Assets/Scripts/Arena/GridController.cs line 42]

ZoneGlow_2_5: Destroy may not be called from edit mode! Use DestroyImmediate instead.
Destroying an object in edit mode destroys it permanently
UnityEngine.Debug:ExtractStackTraceNoAlloc (byte*,int,string)
UnityEngine.StackTraceUtility:ExtractStackTrace ()
UnityEngine.Object:Destroy (UnityEngine.Object,single)
UnityEngine.Object:Destroy (UnityEngine.Object)
QuizBattle.Arena.GridController:CreateZoneGlow (int,int) (at Assets/Scripts/Arena/GridController.cs:99)
QuizBattle.Arena.GridController:BuildGrid (int,int,int) (at Assets/Scripts/Arena/GridController.cs:43)
QuizBattle.GameState.GameManager:RunAutoPlayMatch (int,int) (at Assets/Scripts/GameState/GameManager.cs:66)
ArenaDemoRunner:RunScenario (string,int,int,string) (at Assets/Editor/ArenaDemoRunner.cs:40)
ArenaDemoRunner:Run () (at Assets/Editor/ArenaDemoRunner.cs:22)

[Assets/Scripts/Arena/GridController.cs line 99]

Tile_3_0: Destroy may not be called from edit mode! Use DestroyImmediate instead.
Destroying an object in edit mode destroys it permanently
UnityEngine.Debug:ExtractStackTraceNoAlloc (byte*,int,string)
UnityEngine.StackTraceUtility:ExtractStackTrace ()
UnityEngine.Object:Destroy (UnityEngine.Object,single)
UnityEngine.Object:Destroy (UnityEngine.Object)
QuizBattle.Arena.GridController:CreateTile (int,int,UnityEngine.Color) (at Assets/Scripts/Arena/GridController.cs:57)
QuizBattle.Arena.GridController:BuildGrid (int,int,int) (at Assets/Scripts/Arena/GridController.cs:42)
QuizBattle.GameState.GameManager:RunAutoPlayMatch (int,int) (at Assets/Scripts/GameState/GameManager.cs:66)
ArenaDemoRunner:RunScenario (string,int,int,string) (at Assets/Editor/ArenaDemoRunner.cs:40)
ArenaDemoRunner:Run () (at Assets/Editor/ArenaDemoRunner.cs:22)

[Assets/Scripts/Arena/GridController.cs line 42]

Tile_3_1: Destroy may not be called from edit mode! Use DestroyImmediate instead.
Destroying an object in edit mode destroys it permanently
UnityEngine.Debug:ExtractStackTraceNoAlloc (byte*,int,string)
UnityEngine.StackTraceUtility:ExtractStackTrace ()
UnityEngine.Object:Destroy (UnityEngine.Object,single)
UnityEngine.Object:Destroy (UnityEngine.Object)
QuizBattle.Arena.GridController:CreateTile (int,int,UnityEngine.Color) (at Assets/Scripts/Arena/GridController.cs:57)
QuizBattle.Arena.GridController:BuildGrid (int,int,int) (at Assets/Scripts/Arena/GridController.cs:42)
QuizBattle.GameState.GameManager:RunAutoPlayMatch (int,int) (at Assets/Scripts/GameState/GameManager.cs:66)
ArenaDemoRunner:RunScenario (string,int,int,string) (at Assets/Editor/ArenaDemoRunner.cs:40)
ArenaDemoRunner:Run () (at Assets/Editor/ArenaDemoRunner.cs:22)

[Assets/Scripts/Arena/GridController.cs line 42]

Tile_3_2: Destroy may not be called from edit mode! Use DestroyImmediate instead.
Destroying an object in edit mode destroys it permanently
UnityEngine.Debug:ExtractStackTraceNoAlloc (byte*,int,string)
UnityEngine.StackTraceUtility:ExtractStackTrace ()
UnityEngine.Object:Destroy (UnityEngine.Object,single)
UnityEngine.Object:Destroy (UnityEngine.Object)
QuizBattle.Arena.GridController:CreateTile (int,int,UnityEngine.Color) (at Assets/Scripts/Arena/GridController.cs:57)
QuizBattle.Arena.GridController:BuildGrid (int,int,int) (at Assets/Scripts/Arena/GridController.cs:42)
QuizBattle.GameState.GameManager:RunAutoPlayMatch (int,int) (at Assets/Scripts/GameState/GameManager.cs:66)
ArenaDemoRunner:RunScenario (string,int,int,string) (at Assets/Editor/ArenaDemoRunner.cs:40)
ArenaDemoRunner:Run () (at Assets/Editor/ArenaDemoRunner.cs:22)

[Assets/Scripts/Arena/GridController.cs line 42]

Tile_3_3: Destroy may not be called from edit mode! Use DestroyImmediate instead.
Destroying an object in edit mode destroys it permanently
UnityEngine.Debug:ExtractStackTraceNoAlloc (byte*,int,string)
UnityEngine.StackTraceUtility:ExtractStackTrace ()
UnityEngine.Object:Destroy (UnityEngine.Object,single)
UnityEngine.Object:Destroy (UnityEngine.Object)
QuizBattle.Arena.GridController:CreateTile (int,int,UnityEngine.Color) (at Assets/Scripts/Arena/GridController.cs:57)
QuizBattle.Arena.GridController:BuildGrid (int,int,int) (at Assets/Scripts/Arena/GridController.cs:42)
QuizBattle.GameState.GameManager:RunAutoPlayMatch (int,int) (at Assets/Scripts/GameState/GameManager.cs:66)
ArenaDemoRunner:RunScenario (string,int,int,string) (at Assets/Editor/ArenaDemoRunner.cs:40)
ArenaDemoRunner:Run () (at Assets/Editor/ArenaDemoRunner.cs:22)

[Assets/Scripts/Arena/GridController.cs line 42]

Tile_3_4: Destroy may not be called from edit mode! Use DestroyImmediate instead.
Destroying an object in edit mode destroys it permanently
UnityEngine.Debug:ExtractStackTraceNoAlloc (byte*,int,string)
UnityEngine.StackTraceUtility:ExtractStackTrace ()
UnityEngine.Object:Destroy (UnityEngine.Object,single)
UnityEngine.Object:Destroy (UnityEngine.Object)
QuizBattle.Arena.GridController:CreateTile (int,int,UnityEngine.Color) (at Assets/Scripts/Arena/GridController.cs:57)
QuizBattle.Arena.GridController:BuildGrid (int,int,int) (at Assets/Scripts/Arena/GridController.cs:42)
QuizBattle.GameState.GameManager:RunAutoPlayMatch (int,int) (at Assets/Scripts/GameState/GameManager.cs:66)
ArenaDemoRunner:RunScenario (string,int,int,string) (at Assets/Editor/ArenaDemoRunner.cs:40)
ArenaDemoRunner:Run () (at Assets/Editor/ArenaDemoRunner.cs:22)

[Assets/Scripts/Arena/GridController.cs line 42]

Tile_3_5: Destroy may not be called from edit mode! Use DestroyImmediate instead.
Destroying an object in edit mode destroys it permanently
UnityEngine.Debug:ExtractStackTraceNoAlloc (byte*,int,string)
UnityEngine.StackTraceUtility:ExtractStackTrace ()
UnityEngine.Object:Destroy (UnityEngine.Object,single)
UnityEngine.Object:Destroy (UnityEngine.Object)
QuizBattle.Arena.GridController:CreateTile (int,int,UnityEngine.Color) (at Assets/Scripts/Arena/GridController.cs:57)
QuizBattle.Arena.GridController:BuildGrid (int,int,int) (at Assets/Scripts/Arena/GridController.cs:42)
QuizBattle.GameState.GameManager:RunAutoPlayMatch (int,int) (at Assets/Scripts/GameState/GameManager.cs:66)
ArenaDemoRunner:RunScenario (string,int,int,string) (at Assets/Editor/ArenaDemoRunner.cs:40)
ArenaDemoRunner:Run () (at Assets/Editor/ArenaDemoRunner.cs:22)

[Assets/Scripts/Arena/GridController.cs line 42]

ZoneGlow_3_5: Destroy may not be called from edit mode! Use DestroyImmediate instead.
Destroying an object in edit mode destroys it permanently
UnityEngine.Debug:ExtractStackTraceNoAlloc (byte*,int,string)
UnityEngine.StackTraceUtility:ExtractStackTrace ()
UnityEngine.Object:Destroy (UnityEngine.Object,single)
UnityEngine.Object:Destroy (UnityEngine.Object)
QuizBattle.Arena.GridController:CreateZoneGlow (int,int) (at Assets/Scripts/Arena/GridController.cs:99)
QuizBattle.Arena.GridController:BuildGrid (int,int,int) (at Assets/Scripts/Arena/GridController.cs:43)
QuizBattle.GameState.GameManager:RunAutoPlayMatch (int,int) (at Assets/Scripts/GameState/GameManager.cs:66)
ArenaDemoRunner:RunScenario (string,int,int,string) (at Assets/Editor/ArenaDemoRunner.cs:40)
ArenaDemoRunner:Run () (at Assets/Editor/ArenaDemoRunner.cs:22)

[Assets/Scripts/Arena/GridController.cs line 99]

Tile_4_0: Destroy may not be called from edit mode! Use DestroyImmediate instead.
Destroying an object in edit mode destroys it permanently
UnityEngine.Debug:ExtractStackTraceNoAlloc (byte*,int,string)
UnityEngine.StackTraceUtility:ExtractStackTrace ()
UnityEngine.Object:Destroy (UnityEngine.Object,single)
UnityEngine.Object:Destroy (UnityEngine.Object)
QuizBattle.Arena.GridController:CreateTile (int,int,UnityEngine.Color) (at Assets/Scripts/Arena/GridController.cs:57)
QuizBattle.Arena.GridController:BuildGrid (int,int,int) (at Assets/Scripts/Arena/GridController.cs:42)
QuizBattle.GameState.GameManager:RunAutoPlayMatch (int,int) (at Assets/Scripts/GameState/GameManager.cs:66)
ArenaDemoRunner:RunScenario (string,int,int,string) (at Assets/Editor/ArenaDemoRunner.cs:40)
ArenaDemoRunner:Run () (at Assets/Editor/ArenaDemoRunner.cs:22)

[Assets/Scripts/Arena/GridController.cs line 42]

Tile_4_1: Destroy may not be called from edit mode! Use DestroyImmediate instead.
Destroying an object in edit mode destroys it permanently
UnityEngine.Debug:ExtractStackTraceNoAlloc (byte*,int,string)
UnityEngine.StackTraceUtility:ExtractStackTrace ()
UnityEngine.Object:Destroy (UnityEngine.Object,single)
UnityEngine.Object:Destroy (UnityEngine.Object)
QuizBattle.Arena.GridController:CreateTile (int,int,UnityEngine.Color) (at Assets/Scripts/Arena/GridController.cs:57)
QuizBattle.Arena.GridController:BuildGrid (int,int,int) (at Assets/Scripts/Arena/GridController.cs:42)
QuizBattle.GameState.GameManager:RunAutoPlayMatch (int,int) (at Assets/Scripts/GameState/GameManager.cs:66)
ArenaDemoRunner:RunScenario (string,int,int,string) (at Assets/Editor/ArenaDemoRunner.cs:40)
ArenaDemoRunner:Run () (at Assets/Editor/ArenaDemoRunner.cs:22)

[Assets/Scripts/Arena/GridController.cs line 42]

Tile_4_2: Destroy may not be called from edit mode! Use DestroyImmediate instead.
Destroying an object in edit mode destroys it permanently
UnityEngine.Debug:ExtractStackTraceNoAlloc (byte*,int,string)
UnityEngine.StackTraceUtility:ExtractStackTrace ()
UnityEngine.Object:Destroy (UnityEngine.Object,single)
UnityEngine.Object:Destroy (UnityEngine.Object)
QuizBattle.Arena.GridController:CreateTile (int,int,UnityEngine.Color) (at Assets/Scripts/Arena/GridController.cs:57)
QuizBattle.Arena.GridController:BuildGrid (int,int,int) (at Assets/Scripts/Arena/GridController.cs:42)
QuizBattle.GameState.GameManager:RunAutoPlayMatch (int,int) (at Assets/Scripts/GameState/GameManager.cs:66)
ArenaDemoRunner:RunScenario (string,int,int,string) (at Assets/Editor/ArenaDemoRunner.cs:40)
ArenaDemoRunner:Run () (at Assets/Editor/ArenaDemoRunner.cs:22)

[Assets/Scripts/Arena/GridController.cs line 42]

Tile_4_3: Destroy may not be called from edit mode! Use DestroyImmediate instead.
Destroying an object in edit mode destroys it permanently
UnityEngine.Debug:ExtractStackTraceNoAlloc (byte*,int,string)
UnityEngine.StackTraceUtility:ExtractStackTrace ()
UnityEngine.Object:Destroy (UnityEngine.Object,single)
UnityEngine.Object:Destroy (UnityEngine.Object)
QuizBattle.Arena.GridController:CreateTile (int,int,UnityEngine.Color) (at Assets/Scripts/Arena/GridController.cs:57)
QuizBattle.Arena.GridController:BuildGrid (int,int,int) (at Assets/Scripts/Arena/GridController.cs:42)
QuizBattle.GameState.GameManager:RunAutoPlayMatch (int,int) (at Assets/Scripts/GameState/GameManager.cs:66)
ArenaDemoRunner:RunScenario (string,int,int,string) (at Assets/Editor/ArenaDemoRunner.cs:40)
ArenaDemoRunner:Run () (at Assets/Editor/ArenaDemoRunner.cs:22)

[Assets/Scripts/Arena/GridController.cs line 42]

Tile_4_4: Destroy may not be called from edit mode! Use DestroyImmediate instead.
Destroying an object in edit mode destroys it permanently
UnityEngine.Debug:ExtractStackTraceNoAlloc (byte*,int,string)
UnityEngine.StackTraceUtility:ExtractStackTrace ()
UnityEngine.Object:Destroy (UnityEngine.Object,single)
UnityEngine.Object:Destroy (UnityEngine.Object)
QuizBattle.Arena.GridController:CreateTile (int,int,UnityEngine.Color) (at Assets/Scripts/Arena/GridController.cs:57)
QuizBattle.Arena.GridController:BuildGrid (int,int,int) (at Assets/Scripts/Arena/GridController.cs:42)
QuizBattle.GameState.GameManager:RunAutoPlayMatch (int,int) (at Assets/Scripts/GameState/GameManager.cs:66)
ArenaDemoRunner:RunScenario (string,int,int,string) (at Assets/Editor/ArenaDemoRunner.cs:40)
ArenaDemoRunner:Run () (at Assets/Editor/ArenaDemoRunner.cs:22)

[Assets/Scripts/Arena/GridController.cs line 42]

Tile_4_5: Destroy may not be called from edit mode! Use DestroyImmediate instead.
Destroying an object in edit mode destroys it permanently
UnityEngine.Debug:ExtractStackTraceNoAlloc (byte*,int,string)
UnityEngine.StackTraceUtility:ExtractStackTrace ()
UnityEngine.Object:Destroy (UnityEngine.Object,single)
UnityEngine.Object:Destroy (UnityEngine.Object)
QuizBattle.Arena.GridController:CreateTile (int,int,UnityEngine.Color) (at Assets/Scripts/Arena/GridController.cs:57)
QuizBattle.Arena.GridController:BuildGrid (int,int,int) (at Assets/Scripts/Arena/GridController.cs:42)
QuizBattle.GameState.GameManager:RunAutoPlayMatch (int,int) (at Assets/Scripts/GameState/GameManager.cs:66)
ArenaDemoRunner:RunScenario (string,int,int,string) (at Assets/Editor/ArenaDemoRunner.cs:40)
ArenaDemoRunner:Run () (at Assets/Editor/ArenaDemoRunner.cs:22)

[Assets/Scripts/Arena/GridController.cs line 42]

ZoneGlow_4_5: Destroy may not be called from edit mode! Use DestroyImmediate instead.
Destroying an object in edit mode destroys it permanently
UnityEngine.Debug:ExtractStackTraceNoAlloc (byte*,int,string)
UnityEngine.StackTraceUtility:ExtractStackTrace ()
UnityEngine.Object:Destroy (UnityEngine.Object,single)
UnityEngine.Object:Destroy (UnityEngine.Object)
QuizBattle.Arena.GridController:CreateZoneGlow (int,int) (at Assets/Scripts/Arena/GridController.cs:99)
QuizBattle.Arena.GridController:BuildGrid (int,int,int) (at Assets/Scripts/Arena/GridController.cs:43)
QuizBattle.GameState.GameManager:RunAutoPlayMatch (int,int) (at Assets/Scripts/GameState/GameManager.cs:66)
ArenaDemoRunner:RunScenario (string,int,int,string) (at Assets/Editor/ArenaDemoRunner.cs:40)
ArenaDemoRunner:Run () (at Assets/Editor/ArenaDemoRunner.cs:22)

[Assets/Scripts/Arena/GridController.cs line 99]

Tile_5_0: Destroy may not be called from edit mode! Use DestroyImmediate instead.
Destroying an object in edit mode destroys it permanently
UnityEngine.Debug:ExtractStackTraceNoAlloc (byte*,int,string)
UnityEngine.StackTraceUtility:ExtractStackTrace ()
UnityEngine.Object:Destroy (UnityEngine.Object,single)
UnityEngine.Object:Destroy (UnityEngine.Object)
QuizBattle.Arena.GridController:CreateTile (int,int,UnityEngine.Color) (at Assets/Scripts/Arena/GridController.cs:57)
QuizBattle.Arena.GridController:BuildGrid (int,int,int) (at Assets/Scripts/Arena/GridController.cs:42)
QuizBattle.GameState.GameManager:RunAutoPlayMatch (int,int) (at Assets/Scripts/GameState/GameManager.cs:66)
ArenaDemoRunner:RunScenario (string,int,int,string) (at Assets/Editor/ArenaDemoRunner.cs:40)
ArenaDemoRunner:Run () (at Assets/Editor/ArenaDemoRunner.cs:22)

[Assets/Scripts/Arena/GridController.cs line 42]

Tile_5_1: Destroy may not be called from edit mode! Use DestroyImmediate instead.
Destroying an object in edit mode destroys it permanently
UnityEngine.Debug:ExtractStackTraceNoAlloc (byte*,int,string)
UnityEngine.StackTraceUtility:ExtractStackTrace ()
UnityEngine.Object:Destroy (UnityEngine.Object,single)
UnityEngine.Object:Destroy (UnityEngine.Object)
QuizBattle.Arena.GridController:CreateTile (int,int,UnityEngine.Color) (at Assets/Scripts/Arena/GridController.cs:57)
QuizBattle.Arena.GridController:BuildGrid (int,int,int) (at Assets/Scripts/Arena/GridController.cs:42)
QuizBattle.GameState.GameManager:RunAutoPlayMatch (int,int) (at Assets/Scripts/GameState/GameManager.cs:66)
ArenaDemoRunner:RunScenario (string,int,int,string) (at Assets/Editor/ArenaDemoRunner.cs:40)
ArenaDemoRunner:Run () (at Assets/Editor/ArenaDemoRunner.cs:22)

[Assets/Scripts/Arena/GridController.cs line 42]

Tile_5_2: Destroy may not be called from edit mode! Use DestroyImmediate instead.
Destroying an object in edit mode destroys it permanently
UnityEngine.Debug:ExtractStackTraceNoAlloc (byte*,int,string)
UnityEngine.StackTraceUtility:ExtractStackTrace ()
UnityEngine.Object:Destroy (UnityEngine.Object,single)
UnityEngine.Object:Destroy (UnityEngine.Object)
QuizBattle.Arena.GridController:CreateTile (int,int,UnityEngine.Color) (at Assets/Scripts/Arena/GridController.cs:57)
QuizBattle.Arena.GridController:BuildGrid (int,int,int) (at Assets/Scripts/Arena/GridController.cs:42)
QuizBattle.GameState.GameManager:RunAutoPlayMatch (int,int) (at Assets/Scripts/GameState/GameManager.cs:66)
ArenaDemoRunner:RunScenario (string,int,int,string) (at Assets/Editor/ArenaDemoRunner.cs:40)
ArenaDemoRunner:Run () (at Assets/Editor/ArenaDemoRunner.cs:22)

[Assets/Scripts/Arena/GridController.cs line 42]

Tile_5_3: Destroy may not be called from edit mode! Use DestroyImmediate instead.
Destroying an object in edit mode destroys it permanently
UnityEngine.Debug:ExtractStackTraceNoAlloc (byte*,int,string)
UnityEngine.StackTraceUtility:ExtractStackTrace ()
UnityEngine.Object:Destroy (UnityEngine.Object,single)
UnityEngine.Object:Destroy (UnityEngine.Object)
QuizBattle.Arena.GridController:CreateTile (int,int,UnityEngine.Color) (at Assets/Scripts/Arena/GridController.cs:57)
QuizBattle.Arena.GridController:BuildGrid (int,int,int) (at Assets/Scripts/Arena/GridController.cs:42)
QuizBattle.GameState.GameManager:RunAutoPlayMatch (int,int) (at Assets/Scripts/GameState/GameManager.cs:66)
ArenaDemoRunner:RunScenario (string,int,int,string) (at Assets/Editor/ArenaDemoRunner.cs:40)
ArenaDemoRunner:Run () (at Assets/Editor/ArenaDemoRunner.cs:22)

[Assets/Scripts/Arena/GridController.cs line 42]

Tile_5_4: Destroy may not be called from edit mode! Use DestroyImmediate instead.
Destroying an object in edit mode destroys it permanently
UnityEngine.Debug:ExtractStackTraceNoAlloc (byte*,int,string)
UnityEngine.StackTraceUtility:ExtractStackTrace ()
UnityEngine.Object:Destroy (UnityEngine.Object,single)
UnityEngine.Object:Destroy (UnityEngine.Object)
QuizBattle.Arena.GridController:CreateTile (int,int,UnityEngine.Color) (at Assets/Scripts/Arena/GridController.cs:57)
QuizBattle.Arena.GridController:BuildGrid (int,int,int) (at Assets/Scripts/Arena/GridController.cs:42)
QuizBattle.GameState.GameManager:RunAutoPlayMatch (int,int) (at Assets/Scripts/GameState/GameManager.cs:66)
ArenaDemoRunner:RunScenario (string,int,int,string) (at Assets/Editor/ArenaDemoRunner.cs:40)
ArenaDemoRunner:Run () (at Assets/Editor/ArenaDemoRunner.cs:22)

[Assets/Scripts/Arena/GridController.cs line 42]

Tile_5_5: Destroy may not be called from edit mode! Use DestroyImmediate instead.
Destroying an object in edit mode destroys it permanently
UnityEngine.Debug:ExtractStackTraceNoAlloc (byte*,int,string)
UnityEngine.StackTraceUtility:ExtractStackTrace ()
UnityEngine.Object:Destroy (UnityEngine.Object,single)
UnityEngine.Object:Destroy (UnityEngine.Object)
QuizBattle.Arena.GridController:CreateTile (int,int,UnityEngine.Color) (at Assets/Scripts/Arena/GridController.cs:57)
QuizBattle.Arena.GridController:BuildGrid (int,int,int) (at Assets/Scripts/Arena/GridController.cs:42)
QuizBattle.GameState.GameManager:RunAutoPlayMatch (int,int) (at Assets/Scripts/GameState/GameManager.cs:66)
ArenaDemoRunner:RunScenario (string,int,int,string) (at Assets/Editor/ArenaDemoRunner.cs:40)
ArenaDemoRunner:Run () (at Assets/Editor/ArenaDemoRunner.cs:22)

[Assets/Scripts/Arena/GridController.cs line 42]

ZoneGlow_5_5: Destroy may not be called from edit mode! Use DestroyImmediate instead.
Destroying an object in edit mode destroys it permanently
UnityEngine.Debug:ExtractStackTraceNoAlloc (byte*,int,string)
UnityEngine.StackTraceUtility:ExtractStackTrace ()
UnityEngine.Object:Destroy (UnityEngine.Object,single)
UnityEngine.Object:Destroy (UnityEngine.Object)
QuizBattle.Arena.GridController:CreateZoneGlow (int,int) (at Assets/Scripts/Arena/GridController.cs:99)
QuizBattle.Arena.GridController:BuildGrid (int,int,int) (at Assets/Scripts/Arena/GridController.cs:43)
QuizBattle.GameState.GameManager:RunAutoPlayMatch (int,int) (at Assets/Scripts/GameState/GameManager.cs:66)
ArenaDemoRunner:RunScenario (string,int,int,string) (at Assets/Editor/ArenaDemoRunner.cs:40)
ArenaDemoRunner:Run () (at Assets/Editor/ArenaDemoRunner.cs:22)

[Assets/Scripts/Arena/GridController.cs line 99]

Tile_6_0: Destroy may not be called from edit mode! Use DestroyImmediate instead.
Destroying an object in edit mode destroys it permanently
UnityEngine.Debug:ExtractStackTraceNoAlloc (byte*,int,string)
UnityEngine.StackTraceUtility:ExtractStackTrace ()
UnityEngine.Object:Destroy (UnityEngine.Object,single)
UnityEngine.Object:Destroy (UnityEngine.Object)
QuizBattle.Arena.GridController:CreateTile (int,int,UnityEngine.Color) (at Assets/Scripts/Arena/GridController.cs:57)
QuizBattle.Arena.GridController:BuildGrid (int,int,int) (at Assets/Scripts/Arena/GridController.cs:42)
QuizBattle.GameState.GameManager:RunAutoPlayMatch (int,int) (at Assets/Scripts/GameState/GameManager.cs:66)
ArenaDemoRunner:RunScenario (string,int,int,string) (at Assets/Editor/ArenaDemoRunner.cs:40)
ArenaDemoRunner:Run () (at Assets/Editor/ArenaDemoRunner.cs:22)

[Assets/Scripts/Arena/GridController.cs line 42]

Tile_6_1: Destroy may not be called from edit mode! Use DestroyImmediate instead.
Destroying an object in edit mode destroys it permanently
UnityEngine.Debug:ExtractStackTraceNoAlloc (byte*,int,string)
UnityEngine.StackTraceUtility:ExtractStackTrace ()
UnityEngine.Object:Destroy (UnityEngine.Object,single)
UnityEngine.Object:Destroy (UnityEngine.Object)
QuizBattle.Arena.GridController:CreateTile (int,int,UnityEngine.Color) (at Assets/Scripts/Arena/GridController.cs:57)
QuizBattle.Arena.GridController:BuildGrid (int,int,int) (at Assets/Scripts/Arena/GridController.cs:42)
QuizBattle.GameState.GameManager:RunAutoPlayMatch (int,int) (at Assets/Scripts/GameState/GameManager.cs:66)
ArenaDemoRunner:RunScenario (string,int,int,string) (at Assets/Editor/ArenaDemoRunner.cs:40)
ArenaDemoRunner:Run () (at Assets/Editor/ArenaDemoRunner.cs:22)

[Assets/Scripts/Arena/GridController.cs line 42]

Tile_6_2: Destroy may not be called from edit mode! Use DestroyImmediate instead.
Destroying an object in edit mode destroys it permanently
UnityEngine.Debug:ExtractStackTraceNoAlloc (byte*,int,string)
UnityEngine.StackTraceUtility:ExtractStackTrace ()
UnityEngine.Object:Destroy (UnityEngine.Object,single)
UnityEngine.Object:Destroy (UnityEngine.Object)
QuizBattle.Arena.GridController:CreateTile (int,int,UnityEngine.Color) (at Assets/Scripts/Arena/GridController.cs:57)
QuizBattle.Arena.GridController:BuildGrid (int,int,int) (at Assets/Scripts/Arena/GridController.cs:42)
QuizBattle.GameState.GameManager:RunAutoPlayMatch (int,int) (at Assets/Scripts/GameState/GameManager.cs:66)
ArenaDemoRunner:RunScenario (string,int,int,string) (at Assets/Editor/ArenaDemoRunner.cs:40)
ArenaDemoRunner:Run () (at Assets/Editor/ArenaDemoRunner.cs:22)

[Assets/Scripts/Arena/GridController.cs line 42]

Tile_6_3: Destroy may not be called from edit mode! Use DestroyImmediate instead.
Destroying an object in edit mode destroys it permanently
UnityEngine.Debug:ExtractStackTraceNoAlloc (byte*,int,string)
UnityEngine.StackTraceUtility:ExtractStackTrace ()
UnityEngine.Object:Destroy (UnityEngine.Object,single)
UnityEngine.Object:Destroy (UnityEngine.Object)
QuizBattle.Arena.GridController:CreateTile (int,int,UnityEngine.Color) (at Assets/Scripts/Arena/GridController.cs:57)
QuizBattle.Arena.GridController:BuildGrid (int,int,int) (at Assets/Scripts/Arena/GridController.cs:42)
QuizBattle.GameState.GameManager:RunAutoPlayMatch (int,int) (at Assets/Scripts/GameState/GameManager.cs:66)
ArenaDemoRunner:RunScenario (string,int,int,string) (at Assets/Editor/ArenaDemoRunner.cs:40)
ArenaDemoRunner:Run () (at Assets/Editor/ArenaDemoRunner.cs:22)

[Assets/Scripts/Arena/GridController.cs line 42]

Tile_6_4: Destroy may not be called from edit mode! Use DestroyImmediate instead.
Destroying an object in edit mode destroys it permanently
UnityEngine.Debug:ExtractStackTraceNoAlloc (byte*,int,string)
UnityEngine.StackTraceUtility:ExtractStackTrace ()
UnityEngine.Object:Destroy (UnityEngine.Object,single)
UnityEngine.Object:Destroy (UnityEngine.Object)
QuizBattle.Arena.GridController:CreateTile (int,int,UnityEngine.Color) (at Assets/Scripts/Arena/GridController.cs:57)
QuizBattle.Arena.GridController:BuildGrid (int,int,int) (at Assets/Scripts/Arena/GridController.cs:42)
QuizBattle.GameState.GameManager:RunAutoPlayMatch (int,int) (at Assets/Scripts/GameState/GameManager.cs:66)
ArenaDemoRunner:RunScenario (string,int,int,string) (at Assets/Editor/ArenaDemoRunner.cs:40)
ArenaDemoRunner:Run () (at Assets/Editor/ArenaDemoRunner.cs:22)

[Assets/Scripts/Arena/GridController.cs line 42]

Tile_6_5: Destroy may not be called from edit mode! Use DestroyImmediate instead.
Destroying an object in edit mode destroys it permanently
UnityEngine.Debug:ExtractStackTraceNoAlloc (byte*,int,string)
UnityEngine.StackTraceUtility:ExtractStackTrace ()
UnityEngine.Object:Destroy (UnityEngine.Object,single)
UnityEngine.Object:Destroy (UnityEngine.Object)
QuizBattle.Arena.GridController:CreateTile (int,int,UnityEngine.Color) (at Assets/Scripts/Arena/GridController.cs:57)
QuizBattle.Arena.GridController:BuildGrid (int,int,int) (at Assets/Scripts/Arena/GridController.cs:42)
QuizBattle.GameState.GameManager:RunAutoPlayMatch (int,int) (at Assets/Scripts/GameState/GameManager.cs:66)
ArenaDemoRunner:RunScenario (string,int,int,string) (at Assets/Editor/ArenaDemoRunner.cs:40)
ArenaDemoRunner:Run () (at Assets/Editor/ArenaDemoRunner.cs:22)

[Assets/Scripts/Arena/GridController.cs line 42]

ZoneGlow_6_5: Destroy may not be called from edit mode! Use DestroyImmediate instead.
Destroying an object in edit mode destroys it permanently
UnityEngine.Debug:ExtractStackTraceNoAlloc (byte*,int,string)
UnityEngine.StackTraceUtility:ExtractStackTrace ()
UnityEngine.Object:Destroy (UnityEngine.Object,single)
UnityEngine.Object:Destroy (UnityEngine.Object)
QuizBattle.Arena.GridController:CreateZoneGlow (int,int) (at Assets/Scripts/Arena/GridController.cs:99)
QuizBattle.Arena.GridController:BuildGrid (int,int,int) (at Assets/Scripts/Arena/GridController.cs:43)
QuizBattle.GameState.GameManager:RunAutoPlayMatch (int,int) (at Assets/Scripts/GameState/GameManager.cs:66)
ArenaDemoRunner:RunScenario (string,int,int,string) (at Assets/Editor/ArenaDemoRunner.cs:40)
ArenaDemoRunner:Run () (at Assets/Editor/ArenaDemoRunner.cs:22)

[Assets/Scripts/Arena/GridController.cs line 99]

Tile_7_0: Destroy may not be called from edit mode! Use DestroyImmediate instead.
Destroying an object in edit mode destroys it permanently
UnityEngine.Debug:ExtractStackTraceNoAlloc (byte*,int,string)
UnityEngine.StackTraceUtility:ExtractStackTrace ()
UnityEngine.Object:Destroy (UnityEngine.Object,single)
UnityEngine.Object:Destroy (UnityEngine.Object)
QuizBattle.Arena.GridController:CreateTile (int,int,UnityEngine.Color) (at Assets/Scripts/Arena/GridController.cs:57)
QuizBattle.Arena.GridController:BuildGrid (int,int,int) (at Assets/Scripts/Arena/GridController.cs:42)
QuizBattle.GameState.GameManager:RunAutoPlayMatch (int,int) (at Assets/Scripts/GameState/GameManager.cs:66)
ArenaDemoRunner:RunScenario (string,int,int,string) (at Assets/Editor/ArenaDemoRunner.cs:40)
ArenaDemoRunner:Run () (at Assets/Editor/ArenaDemoRunner.cs:22)

[Assets/Scripts/Arena/GridController.cs line 42]

Tile_7_1: Destroy may not be called from edit mode! Use DestroyImmediate instead.
Destroying an object in edit mode destroys it permanently
UnityEngine.Debug:ExtractStackTraceNoAlloc (byte*,int,string)
UnityEngine.StackTraceUtility:ExtractStackTrace ()
UnityEngine.Object:Destroy (UnityEngine.Object,single)
UnityEngine.Object:Destroy (UnityEngine.Object)
QuizBattle.Arena.GridController:CreateTile (int,int,UnityEngine.Color) (at Assets/Scripts/Arena/GridController.cs:57)
QuizBattle.Arena.GridController:BuildGrid (int,int,int) (at Assets/Scripts/Arena/GridController.cs:42)
QuizBattle.GameState.GameManager:RunAutoPlayMatch (int,int) (at Assets/Scripts/GameState/GameManager.cs:66)
ArenaDemoRunner:RunScenario (string,int,int,string) (at Assets/Editor/ArenaDemoRunner.cs:40)
ArenaDemoRunner:Run () (at Assets/Editor/ArenaDemoRunner.cs:22)

[Assets/Scripts/Arena/GridController.cs line 42]

Tile_7_2: Destroy may not be called from edit mode! Use DestroyImmediate instead.
Destroying an object in edit mode destroys it permanently
UnityEngine.Debug:ExtractStackTraceNoAlloc (byte*,int,string)
UnityEngine.StackTraceUtility:ExtractStackTrace ()
UnityEngine.Object:Destroy (UnityEngine.Object,single)
UnityEngine.Object:Destroy (UnityEngine.Object)
QuizBattle.Arena.GridController:CreateTile (int,int,UnityEngine.Color) (at Assets/Scripts/Arena/GridController.cs:57)
QuizBattle.Arena.GridController:BuildGrid (int,int,int) (at Assets/Scripts/Arena/GridController.cs:42)
QuizBattle.GameState.GameManager:RunAutoPlayMatch (int,int) (at Assets/Scripts/GameState/GameManager.cs:66)
ArenaDemoRunner:RunScenario (string,int,int,string) (at Assets/Editor/ArenaDemoRunner.cs:40)
ArenaDemoRunner:Run () (at Assets/Editor/ArenaDemoRunner.cs:22)

[Assets/Scripts/Arena/GridController.cs line 42]

Tile_7_3: Destroy may not be called from edit mode! Use DestroyImmediate instead.
Destroying an object in edit mode destroys it permanently
UnityEngine.Debug:ExtractStackTraceNoAlloc (byte*,int,string)
UnityEngine.StackTraceUtility:ExtractStackTrace ()
UnityEngine.Object:Destroy (UnityEngine.Object,single)
UnityEngine.Object:Destroy (UnityEngine.Object)
QuizBattle.Arena.GridController:CreateTile (int,int,UnityEngine.Color) (at Assets/Scripts/Arena/GridController.cs:57)
QuizBattle.Arena.GridController:BuildGrid (int,int,int) (at Assets/Scripts/Arena/GridController.cs:42)
QuizBattle.GameState.GameManager:RunAutoPlayMatch (int,int) (at Assets/Scripts/GameState/GameManager.cs:66)
ArenaDemoRunner:RunScenario (string,int,int,string) (at Assets/Editor/ArenaDemoRunner.cs:40)
ArenaDemoRunner:Run () (at Assets/Editor/ArenaDemoRunner.cs:22)

[Assets/Scripts/Arena/GridController.cs line 42]

Tile_7_4: Destroy may not be called from edit mode! Use DestroyImmediate instead.
Destroying an object in edit mode destroys it permanently
UnityEngine.Debug:ExtractStackTraceNoAlloc (byte*,int,string)
UnityEngine.StackTraceUtility:ExtractStackTrace ()
UnityEngine.Object:Destroy (UnityEngine.Object,single)
UnityEngine.Object:Destroy (UnityEngine.Object)
QuizBattle.Arena.GridController:CreateTile (int,int,UnityEngine.Color) (at Assets/Scripts/Arena/GridController.cs:57)
QuizBattle.Arena.GridController:BuildGrid (int,int,int) (at Assets/Scripts/Arena/GridController.cs:42)
QuizBattle.GameState.GameManager:RunAutoPlayMatch (int,int) (at Assets/Scripts/GameState/GameManager.cs:66)
ArenaDemoRunner:RunScenario (string,int,int,string) (at Assets/Editor/ArenaDemoRunner.cs:40)
ArenaDemoRunner:Run () (at Assets/Editor/ArenaDemoRunner.cs:22)

[Assets/Scripts/Arena/GridController.cs line 42]

Tile_7_5: Destroy may not be called from edit mode! Use DestroyImmediate instead.
Destroying an object in edit mode destroys it permanently
UnityEngine.Debug:ExtractStackTraceNoAlloc (byte*,int,string)
UnityEngine.StackTraceUtility:ExtractStackTrace ()
UnityEngine.Object:Destroy (UnityEngine.Object,single)
UnityEngine.Object:Destroy (UnityEngine.Object)
QuizBattle.Arena.GridController:CreateTile (int,int,UnityEngine.Color) (at Assets/Scripts/Arena/GridController.cs:57)
QuizBattle.Arena.GridController:BuildGrid (int,int,int) (at Assets/Scripts/Arena/GridController.cs:42)
QuizBattle.GameState.GameManager:RunAutoPlayMatch (int,int) (at Assets/Scripts/GameState/GameManager.cs:66)
ArenaDemoRunner:RunScenario (string,int,int,string) (at Assets/Editor/ArenaDemoRunner.cs:40)
ArenaDemoRunner:Run () (at Assets/Editor/ArenaDemoRunner.cs:22)

[Assets/Scripts/Arena/GridController.cs line 42]

ZoneGlow_7_5: Destroy may not be called from edit mode! Use DestroyImmediate instead.
Destroying an object in edit mode destroys it permanently
UnityEngine.Debug:ExtractStackTraceNoAlloc (byte*,int,string)
UnityEngine.StackTraceUtility:ExtractStackTrace ()
UnityEngine.Object:Destroy (UnityEngine.Object,single)
UnityEngine.Object:Destroy (UnityEngine.Object)
QuizBattle.Arena.GridController:CreateZoneGlow (int,int) (at Assets/Scripts/Arena/GridController.cs:99)
QuizBattle.Arena.GridController:BuildGrid (int,int,int) (at Assets/Scripts/Arena/GridController.cs:43)
QuizBattle.GameState.GameManager:RunAutoPlayMatch (int,int) (at Assets/Scripts/GameState/GameManager.cs:66)
ArenaDemoRunner:RunScenario (string,int,int,string) (at Assets/Editor/ArenaDemoRunner.cs:40)
ArenaDemoRunner:Run () (at Assets/Editor/ArenaDemoRunner.cs:22)

[Assets/Scripts/Arena/GridController.cs line 99]

Plinth: Destroy may not be called from edit mode! Use DestroyImmediate instead.
Destroying an object in edit mode destroys it permanently
UnityEngine.Debug:ExtractStackTraceNoAlloc (byte*,int,string)
UnityEngine.StackTraceUtility:ExtractStackTrace ()
UnityEngine.Object:Destroy (UnityEngine.Object,single)
UnityEngine.Object:Destroy (UnityEngine.Object)
QuizBattle.Arena.GridController:CreatePlinth (int,int) (at Assets/Scripts/Arena/GridController.cs:113)
QuizBattle.Arena.GridController:BuildGrid (int,int,int) (at Assets/Scripts/Arena/GridController.cs:47)
QuizBattle.GameState.GameManager:RunAutoPlayMatch (int,int) (at Assets/Scripts/GameState/GameManager.cs:66)
ArenaDemoRunner:RunScenario (string,int,int,string) (at Assets/Editor/ArenaDemoRunner.cs:40)
ArenaDemoRunner:Run () (at Assets/Editor/ArenaDemoRunner.cs:22)

[Assets/Scripts/Arena/GridController.cs line 113]

ChestPlate: Destroy may not be called from edit mode! Use DestroyImmediate instead.
Destroying an object in edit mode destroys it permanently
UnityEngine.Debug:ExtractStackTraceNoAlloc (byte*,int,string)
UnityEngine.StackTraceUtility:ExtractStackTrace ()
UnityEngine.Object:Destroy (UnityEngine.Object,single)
UnityEngine.Object:Destroy (UnityEngine.Object)
QuizBattle.Arena.Visuals.CharacterVisualBuilder:CreatePrimitivePart (UnityEngine.Transform,string,UnityEngine.PrimitiveType,UnityEngine.Vector3,UnityEngine.Quaternion,UnityEngine.Vector3,UnityEngine.Material,System.Collections.Generic.List`1<UnityEngine.Renderer>) (at Assets/Scripts/Arena/Visuals/CharacterVisualBuilder.cs:252)
QuizBattle.Arena.Visuals.CharacterVisualBuilder:BuildTank (UnityEngine.Transform,QuizBattle.Characters.CharacterVisual&,System.Collections.Generic.List`1<UnityEngine.Renderer>) (at Assets/Scripts/Arena/Visuals/CharacterVisualBuilder.cs:174)
QuizBattle.Arena.Visuals.CharacterVisualBuilder:Build (QuizBattle.Characters.CharacterVisual&,UnityEngine.Transform) (at Assets/Scripts/Arena/Visuals/CharacterVisualBuilder.cs:56)
QuizBattle.Arena.CharacterToken:Create (string,QuizBattle.Characters.CharacterVisual&,UnityEngine.Vector3) (at Assets/Scripts/Arena/CharacterToken.cs:44)
QuizBattle.GameState.GameManager:RunAutoPlayMatch (int,int) (at Assets/Scripts/GameState/GameManager.cs:75)
ArenaDemoRunner:RunScenario (string,int,int,string) (at Assets/Editor/ArenaDemoRunner.cs:40)
ArenaDemoRunner:Run () (at Assets/Editor/ArenaDemoRunner.cs:22)

[Assets/Scripts/GameState/GameManager.cs line 75]

ShoulderLeft: Destroy may not be called from edit mode! Use DestroyImmediate instead.
Destroying an object in edit mode destroys it permanently
UnityEngine.Debug:ExtractStackTraceNoAlloc (byte*,int,string)
UnityEngine.StackTraceUtility:ExtractStackTrace ()
UnityEngine.Object:Destroy (UnityEngine.Object,single)
UnityEngine.Object:Destroy (UnityEngine.Object)
QuizBattle.Arena.Visuals.CharacterVisualBuilder:CreatePrimitivePart (UnityEngine.Transform,string,UnityEngine.PrimitiveType,UnityEngine.Vector3,UnityEngine.Quaternion,UnityEngine.Vector3,UnityEngine.Material,System.Collections.Generic.List`1<UnityEngine.Renderer>) (at Assets/Scripts/Arena/Visuals/CharacterVisualBuilder.cs:252)
QuizBattle.Arena.Visuals.CharacterVisualBuilder:BuildTank (UnityEngine.Transform,QuizBattle.Characters.CharacterVisual&,System.Collections.Generic.List`1<UnityEngine.Renderer>) (at Assets/Scripts/Arena/Visuals/CharacterVisualBuilder.cs:176)
QuizBattle.Arena.Visuals.CharacterVisualBuilder:Build (QuizBattle.Characters.CharacterVisual&,UnityEngine.Transform) (at Assets/Scripts/Arena/Visuals/CharacterVisualBuilder.cs:56)
QuizBattle.Arena.CharacterToken:Create (string,QuizBattle.Characters.CharacterVisual&,UnityEngine.Vector3) (at Assets/Scripts/Arena/CharacterToken.cs:44)
QuizBattle.GameState.GameManager:RunAutoPlayMatch (int,int) (at Assets/Scripts/GameState/GameManager.cs:75)
ArenaDemoRunner:RunScenario (string,int,int,string) (at Assets/Editor/ArenaDemoRunner.cs:40)
ArenaDemoRunner:Run () (at Assets/Editor/ArenaDemoRunner.cs:22)

[Assets/Scripts/GameState/GameManager.cs line 75]

ShoulderRight: Destroy may not be called from edit mode! Use DestroyImmediate instead.
Destroying an object in edit mode destroys it permanently
UnityEngine.Debug:ExtractStackTraceNoAlloc (byte*,int,string)
UnityEngine.StackTraceUtility:ExtractStackTrace ()
UnityEngine.Object:Destroy (UnityEngine.Object,single)
UnityEngine.Object:Destroy (UnityEngine.Object)
QuizBattle.Arena.Visuals.CharacterVisualBuilder:CreatePrimitivePart (UnityEngine.Transform,string,UnityEngine.PrimitiveType,UnityEngine.Vector3,UnityEngine.Quaternion,UnityEngine.Vector3,UnityEngine.Material,System.Collections.Generic.List`1<UnityEngine.Renderer>) (at Assets/Scripts/Arena/Visuals/CharacterVisualBuilder.cs:252)
QuizBattle.Arena.Visuals.CharacterVisualBuilder:BuildTank (UnityEngine.Transform,QuizBattle.Characters.CharacterVisual&,System.Collections.Generic.List`1<UnityEngine.Renderer>) (at Assets/Scripts/Arena/Visuals/CharacterVisualBuilder.cs:177)
QuizBattle.Arena.Visuals.CharacterVisualBuilder:Build (QuizBattle.Characters.CharacterVisual&,UnityEngine.Transform) (at Assets/Scripts/Arena/Visuals/CharacterVisualBuilder.cs:56)
QuizBattle.Arena.CharacterToken:Create (string,QuizBattle.Characters.CharacterVisual&,UnityEngine.Vector3) (at Assets/Scripts/Arena/CharacterToken.cs:44)
QuizBattle.GameState.GameManager:RunAutoPlayMatch (int,int) (at Assets/Scripts/GameState/GameManager.cs:75)
ArenaDemoRunner:RunScenario (string,int,int,string) (at Assets/Editor/ArenaDemoRunner.cs:40)
ArenaDemoRunner:Run () (at Assets/Editor/ArenaDemoRunner.cs:22)

[Assets/Scripts/GameState/GameManager.cs line 75]

Shield: Destroy may not be called from edit mode! Use DestroyImmediate instead.
Destroying an object in edit mode destroys it permanently
UnityEngine.Debug:ExtractStackTraceNoAlloc (byte*,int,string)
UnityEngine.StackTraceUtility:ExtractStackTrace ()
UnityEngine.Object:Destroy (UnityEngine.Object,single)
UnityEngine.Object:Destroy (UnityEngine.Object)
QuizBattle.Arena.Visuals.CharacterVisualBuilder:CreatePrimitivePart (UnityEngine.Transform,string,UnityEngine.PrimitiveType,UnityEngine.Vector3,UnityEngine.Quaternion,UnityEngine.Vector3,UnityEngine.Material,System.Collections.Generic.List`1<UnityEngine.Renderer>) (at Assets/Scripts/Arena/Visuals/CharacterVisualBuilder.cs:252)
QuizBattle.Arena.Visuals.CharacterVisualBuilder:BuildTank (UnityEngine.Transform,QuizBattle.Characters.CharacterVisual&,System.Collections.Generic.List`1<UnityEngine.Renderer>) (at Assets/Scripts/Arena/Visuals/CharacterVisualBuilder.cs:179)
QuizBattle.Arena.Visuals.CharacterVisualBuilder:Build (QuizBattle.Characters.CharacterVisual&,UnityEngine.Transform) (at Assets/Scripts/Arena/Visuals/CharacterVisualBuilder.cs:56)
QuizBattle.Arena.CharacterToken:Create (string,QuizBattle.Characters.CharacterVisual&,UnityEngine.Vector3) (at Assets/Scripts/Arena/CharacterToken.cs:44)
QuizBattle.GameState.GameManager:RunAutoPlayMatch (int,int) (at Assets/Scripts/GameState/GameManager.cs:75)
ArenaDemoRunner:RunScenario (string,int,int,string) (at Assets/Editor/ArenaDemoRunner.cs:40)
ArenaDemoRunner:Run () (at Assets/Editor/ArenaDemoRunner.cs:22)

[Assets/Scripts/GameState/GameManager.cs line 75]

GroundDisc: Destroy may not be called from edit mode! Use DestroyImmediate instead.
Destroying an object in edit mode destroys it permanently
UnityEngine.Debug:ExtractStackTraceNoAlloc (byte*,int,string)
UnityEngine.StackTraceUtility:ExtractStackTrace ()
UnityEngine.Object:Destroy (UnityEngine.Object,single)
UnityEngine.Object:Destroy (UnityEngine.Object)
QuizBattle.Arena.Visuals.CharacterVisualBuilder:CreatePrimitivePart (UnityEngine.Transform,string,UnityEngine.PrimitiveType,UnityEngine.Vector3,UnityEngine.Quaternion,UnityEngine.Vector3,UnityEngine.Material,System.Collections.Generic.List`1<UnityEngine.Renderer>) (at Assets/Scripts/Arena/Visuals/CharacterVisualBuilder.cs:252)
QuizBattle.Arena.Visuals.CharacterVisualBuilder:AddGroundDisc (UnityEngine.Transform,UnityEngine.Color,System.Collections.Generic.List`1<UnityEngine.Renderer>,single) (at Assets/Scripts/Arena/Visuals/CharacterVisualBuilder.cs:224)
QuizBattle.Arena.Visuals.CharacterVisualBuilder:BuildTank (UnityEngine.Transform,QuizBattle.Characters.CharacterVisual&,System.Collections.Generic.List`1<UnityEngine.Renderer>) (at Assets/Scripts/Arena/Visuals/CharacterVisualBuilder.cs:181)
QuizBattle.Arena.Visuals.CharacterVisualBuilder:Build (QuizBattle.Characters.CharacterVisual&,UnityEngine.Transform) (at Assets/Scripts/Arena/Visuals/CharacterVisualBuilder.cs:56)
QuizBattle.Arena.CharacterToken:Create (string,QuizBattle.Characters.CharacterVisual&,UnityEngine.Vector3) (at Assets/Scripts/Arena/CharacterToken.cs:44)
QuizBattle.GameState.GameManager:RunAutoPlayMatch (int,int) (at Assets/Scripts/GameState/GameManager.cs:75)
ArenaDemoRunner:RunScenario (string,int,int,string) (at Assets/Editor/ArenaDemoRunner.cs:40)
ArenaDemoRunner:Run () (at Assets/Editor/ArenaDemoRunner.cs:22)

[Assets/Scripts/GameState/GameManager.cs line 75]

Instantiating material due to calling renderer.material during edit mode. This will leak materials into the scene. You most likely want to use renderer.sharedMaterial instead.
UnityEngine.Debug:ExtractStackTraceNoAlloc (byte*,int,string)
UnityEngine.StackTraceUtility:ExtractStackTrace ()
UnityEngine.Renderer:GetMaterial ()
UnityEngine.Renderer:get_material ()
TMPro.TextMeshPro:SetOutlineThickness (single) (at ./Library/PackageCache/com.unity.ugui@67707a67a4ab/Runtime/TMP/TextMeshPro.cs:1318)
TMPro.TMP_Text:set_outlineWidth (single) (at ./Library/PackageCache/com.unity.ugui@67707a67a4ab/Runtime/TMP/TMP_Text.cs:450)
QuizBattle.Arena.CharacterToken:CreateNameLabel (UnityEngine.Transform) (at Assets/Scripts/Arena/CharacterToken.cs:77)
QuizBattle.Arena.CharacterToken:Create (string,QuizBattle.Characters.CharacterVisual&,UnityEngine.Vector3) (at Assets/Scripts/Arena/CharacterToken.cs:51)
QuizBattle.GameState.GameManager:RunAutoPlayMatch (int,int) (at Assets/Scripts/GameState/GameManager.cs:75)
ArenaDemoRunner:RunScenario (string,int,int,string) (at Assets/Editor/ArenaDemoRunner.cs:40)
ArenaDemoRunner:Run () (at Assets/Editor/ArenaDemoRunner.cs:22)

[Assets/Scripts/GameState/GameManager.cs line 75]

HpBarFrame: Destroy may not be called from edit mode! Use DestroyImmediate instead.
Destroying an object in edit mode destroys it permanently
UnityEngine.Debug:ExtractStackTraceNoAlloc (byte*,int,string)
UnityEngine.StackTraceUtility:ExtractStackTrace ()
UnityEngine.Object:Destroy (UnityEngine.Object,single)
UnityEngine.Object:Destroy (UnityEngine.Object)
QuizBattle.Arena.CharacterToken:CreateHpBar (UnityEngine.Transform,UnityEngine.Color) (at Assets/Scripts/Arena/CharacterToken.cs:94)
QuizBattle.Arena.CharacterToken:Create (string,QuizBattle.Characters.CharacterVisual&,UnityEngine.Vector3) (at Assets/Scripts/Arena/CharacterToken.cs:52)
QuizBattle.GameState.GameManager:RunAutoPlayMatch (int,int) (at Assets/Scripts/GameState/GameManager.cs:75)
ArenaDemoRunner:RunScenario (string,int,int,string) (at Assets/Editor/ArenaDemoRunner.cs:40)
ArenaDemoRunner:Run () (at Assets/Editor/ArenaDemoRunner.cs:22)

[Assets/Scripts/GameState/GameManager.cs line 75]

HpBarBg: Destroy may not be called from edit mode! Use DestroyImmediate instead.
Destroying an object in edit mode destroys it permanently
UnityEngine.Debug:ExtractStackTraceNoAlloc (byte*,int,string)
UnityEngine.StackTraceUtility:ExtractStackTrace ()
UnityEngine.Object:Destroy (UnityEngine.Object,single)
UnityEngine.Object:Destroy (UnityEngine.Object)
QuizBattle.Arena.CharacterToken:CreateHpBar (UnityEngine.Transform,UnityEngine.Color) (at Assets/Scripts/Arena/CharacterToken.cs:113)
QuizBattle.Arena.CharacterToken:Create (string,QuizBattle.Characters.CharacterVisual&,UnityEngine.Vector3) (at Assets/Scripts/Arena/CharacterToken.cs:52)
QuizBattle.GameState.GameManager:RunAutoPlayMatch (int,int) (at Assets/Scripts/GameState/GameManager.cs:75)
ArenaDemoRunner:RunScenario (string,int,int,string) (at Assets/Editor/ArenaDemoRunner.cs:40)
ArenaDemoRunner:Run () (at Assets/Editor/ArenaDemoRunner.cs:22)

[Assets/Scripts/GameState/GameManager.cs line 75]

HpBarFill: Destroy may not be called from edit mode! Use DestroyImmediate instead.
Destroying an object in edit mode destroys it permanently
UnityEngine.Debug:ExtractStackTraceNoAlloc (byte*,int,string)
UnityEngine.StackTraceUtility:ExtractStackTrace ()
UnityEngine.Object:Destroy (UnityEngine.Object,single)
UnityEngine.Object:Destroy (UnityEngine.Object)
QuizBattle.Arena.CharacterToken:CreateHpBar (UnityEngine.Transform,UnityEngine.Color) (at Assets/Scripts/Arena/CharacterToken.cs:139)
QuizBattle.Arena.CharacterToken:Create (string,QuizBattle.Characters.CharacterVisual&,UnityEngine.Vector3) (at Assets/Scripts/Arena/CharacterToken.cs:52)
QuizBattle.GameState.GameManager:RunAutoPlayMatch (int,int) (at Assets/Scripts/GameState/GameManager.cs:75)
ArenaDemoRunner:RunScenario (string,int,int,string) (at Assets/Editor/ArenaDemoRunner.cs:40)
ArenaDemoRunner:Run () (at Assets/Editor/ArenaDemoRunner.cs:22)

[Assets/Scripts/GameState/GameManager.cs line 75]

EmberLeft: Destroy may not be called from edit mode! Use DestroyImmediate instead.
Destroying an object in edit mode destroys it permanently
UnityEngine.Debug:ExtractStackTraceNoAlloc (byte*,int,string)
UnityEngine.StackTraceUtility:ExtractStackTrace ()
UnityEngine.Object:Destroy (UnityEngine.Object,single)
UnityEngine.Object:Destroy (UnityEngine.Object)
QuizBattle.Arena.Visuals.CharacterVisualBuilder:CreatePrimitivePart (UnityEngine.Transform,string,UnityEngine.PrimitiveType,UnityEngine.Vector3,UnityEngine.Quaternion,UnityEngine.Vector3,UnityEngine.Material,System.Collections.Generic.List`1<UnityEngine.Renderer>) (at Assets/Scripts/Arena/Visuals/CharacterVisualBuilder.cs:252)
QuizBattle.Arena.Visuals.CharacterVisualBuilder:BuildFire (UnityEngine.Transform,QuizBattle.Characters.CharacterVisual&,System.Collections.Generic.List`1<UnityEngine.Renderer>,QuizBattle.Arena.Visuals.TokenIdleAnimator) (at Assets/Scripts/Arena/Visuals/CharacterVisualBuilder.cs:160)
QuizBattle.Arena.Visuals.CharacterVisualBuilder:Build (QuizBattle.Characters.CharacterVisual&,UnityEngine.Transform) (at Assets/Scripts/Arena/Visuals/CharacterVisualBuilder.cs:53)
QuizBattle.Arena.CharacterToken:Create (string,QuizBattle.Characters.CharacterVisual&,UnityEngine.Vector3) (at Assets/Scripts/Arena/CharacterToken.cs:44)
QuizBattle.GameState.GameManager:RunAutoPlayMatch (int,int) (at Assets/Scripts/GameState/GameManager.cs:75)
ArenaDemoRunner:RunScenario (string,int,int,string) (at Assets/Editor/ArenaDemoRunner.cs:40)
ArenaDemoRunner:Run () (at Assets/Editor/ArenaDemoRunner.cs:22)

[Assets/Scripts/GameState/GameManager.cs line 75]

EmberRight: Destroy may not be called from edit mode! Use DestroyImmediate instead.
Destroying an object in edit mode destroys it permanently
UnityEngine.Debug:ExtractStackTraceNoAlloc (byte*,int,string)
UnityEngine.StackTraceUtility:ExtractStackTrace ()
UnityEngine.Object:Destroy (UnityEngine.Object,single)
UnityEngine.Object:Destroy (UnityEngine.Object)
QuizBattle.Arena.Visuals.CharacterVisualBuilder:CreatePrimitivePart (UnityEngine.Transform,string,UnityEngine.PrimitiveType,UnityEngine.Vector3,UnityEngine.Quaternion,UnityEngine.Vector3,UnityEngine.Material,System.Collections.Generic.List`1<UnityEngine.Renderer>) (at Assets/Scripts/Arena/Visuals/CharacterVisualBuilder.cs:252)
QuizBattle.Arena.Visuals.CharacterVisualBuilder:BuildFire (UnityEngine.Transform,QuizBattle.Characters.CharacterVisual&,System.Collections.Generic.List`1<UnityEngine.Renderer>,QuizBattle.Arena.Visuals.TokenIdleAnimator) (at Assets/Scripts/Arena/Visuals/CharacterVisualBuilder.cs:161)
QuizBattle.Arena.Visuals.CharacterVisualBuilder:Build (QuizBattle.Characters.CharacterVisual&,UnityEngine.Transform) (at Assets/Scripts/Arena/Visuals/CharacterVisualBuilder.cs:53)
QuizBattle.Arena.CharacterToken:Create (string,QuizBattle.Characters.CharacterVisual&,UnityEngine.Vector3) (at Assets/Scripts/Arena/CharacterToken.cs:44)
QuizBattle.GameState.GameManager:RunAutoPlayMatch (int,int) (at Assets/Scripts/GameState/GameManager.cs:75)
ArenaDemoRunner:RunScenario (string,int,int,string) (at Assets/Editor/ArenaDemoRunner.cs:40)
ArenaDemoRunner:Run () (at Assets/Editor/ArenaDemoRunner.cs:22)

[Assets/Scripts/GameState/GameManager.cs line 75]

GroundDisc: Destroy may not be called from edit mode! Use DestroyImmediate instead.
Destroying an object in edit mode destroys it permanently
UnityEngine.Debug:ExtractStackTraceNoAlloc (byte*,int,string)
UnityEngine.StackTraceUtility:ExtractStackTrace ()
UnityEngine.Object:Destroy (UnityEngine.Object,single)
UnityEngine.Object:Destroy (UnityEngine.Object)
QuizBattle.Arena.Visuals.CharacterVisualBuilder:CreatePrimitivePart (UnityEngine.Transform,string,UnityEngine.PrimitiveType,UnityEngine.Vector3,UnityEngine.Quaternion,UnityEngine.Vector3,UnityEngine.Material,System.Collections.Generic.List`1<UnityEngine.Renderer>) (at Assets/Scripts/Arena/Visuals/CharacterVisualBuilder.cs:252)
QuizBattle.Arena.Visuals.CharacterVisualBuilder:AddGroundDisc (UnityEngine.Transform,UnityEngine.Color,System.Collections.Generic.List`1<UnityEngine.Renderer>,single) (at Assets/Scripts/Arena/Visuals/CharacterVisualBuilder.cs:224)
QuizBattle.Arena.Visuals.CharacterVisualBuilder:BuildFire (UnityEngine.Transform,QuizBattle.Characters.CharacterVisual&,System.Collections.Generic.List`1<UnityEngine.Renderer>,QuizBattle.Arena.Visuals.TokenIdleAnimator) (at Assets/Scripts/Arena/Visuals/CharacterVisualBuilder.cs:165)
QuizBattle.Arena.Visuals.CharacterVisualBuilder:Build (QuizBattle.Characters.CharacterVisual&,UnityEngine.Transform) (at Assets/Scripts/Arena/Visuals/CharacterVisualBuilder.cs:53)
QuizBattle.Arena.CharacterToken:Create (string,QuizBattle.Characters.CharacterVisual&,UnityEngine.Vector3) (at Assets/Scripts/Arena/CharacterToken.cs:44)
QuizBattle.GameState.GameManager:RunAutoPlayMatch (int,int) (at Assets/Scripts/GameState/GameManager.cs:75)
ArenaDemoRunner:RunScenario (string,int,int,string) (at Assets/Editor/ArenaDemoRunner.cs:40)
ArenaDemoRunner:Run () (at Assets/Editor/ArenaDemoRunner.cs:22)

[Assets/Scripts/GameState/GameManager.cs line 75]

Instantiating material due to calling renderer.material during edit mode. This will leak materials into the scene. You most likely want to use renderer.sharedMaterial instead.
UnityEngine.Debug:ExtractStackTraceNoAlloc (byte*,int,string)
UnityEngine.StackTraceUtility:ExtractStackTrace ()
UnityEngine.Renderer:GetMaterial ()
UnityEngine.Renderer:get_material ()
TMPro.TextMeshPro:SetOutlineThickness (single) (at ./Library/PackageCache/com.unity.ugui@67707a67a4ab/Runtime/TMP/TextMeshPro.cs:1318)
TMPro.TMP_Text:set_outlineWidth (single) (at ./Library/PackageCache/com.unity.ugui@67707a67a4ab/Runtime/TMP/TMP_Text.cs:450)
QuizBattle.Arena.CharacterToken:CreateNameLabel (UnityEngine.Transform) (at Assets/Scripts/Arena/CharacterToken.cs:77)
QuizBattle.Arena.CharacterToken:Create (string,QuizBattle.Characters.CharacterVisual&,UnityEngine.Vector3) (at Assets/Scripts/Arena/CharacterToken.cs:51)
QuizBattle.GameState.GameManager:RunAutoPlayMatch (int,int) (at Assets/Scripts/GameState/GameManager.cs:75)
ArenaDemoRunner:RunScenario (string,int,int,string) (at Assets/Editor/ArenaDemoRunner.cs:40)
ArenaDemoRunner:Run () (at Assets/Editor/ArenaDemoRunner.cs:22)

[Assets/Scripts/GameState/GameManager.cs line 75]

HpBarFrame: Destroy may not be called from edit mode! Use DestroyImmediate instead.
Destroying an object in edit mode destroys it permanently
UnityEngine.Debug:ExtractStackTraceNoAlloc (byte*,int,string)
UnityEngine.StackTraceUtility:ExtractStackTrace ()
UnityEngine.Object:Destroy (UnityEngine.Object,single)
UnityEngine.Object:Destroy (UnityEngine.Object)
QuizBattle.Arena.CharacterToken:CreateHpBar (UnityEngine.Transform,UnityEngine.Color) (at Assets/Scripts/Arena/CharacterToken.cs:94)
QuizBattle.Arena.CharacterToken:Create (string,QuizBattle.Characters.CharacterVisual&,UnityEngine.Vector3) (at Assets/Scripts/Arena/CharacterToken.cs:52)
QuizBattle.GameState.GameManager:RunAutoPlayMatch (int,int) (at Assets/Scripts/GameState/GameManager.cs:75)
ArenaDemoRunner:RunScenario (string,int,int,string) (at Assets/Editor/ArenaDemoRunner.cs:40)
ArenaDemoRunner:Run () (at Assets/Editor/ArenaDemoRunner.cs:22)

[Assets/Scripts/GameState/GameManager.cs line 75]

HpBarBg: Destroy may not be called from edit mode! Use DestroyImmediate instead.
Destroying an object in edit mode destroys it permanently
UnityEngine.Debug:ExtractStackTraceNoAlloc (byte*,int,string)
UnityEngine.StackTraceUtility:ExtractStackTrace ()
UnityEngine.Object:Destroy (UnityEngine.Object,single)
UnityEngine.Object:Destroy (UnityEngine.Object)
QuizBattle.Arena.CharacterToken:CreateHpBar (UnityEngine.Transform,UnityEngine.Color) (at Assets/Scripts/Arena/CharacterToken.cs:113)
QuizBattle.Arena.CharacterToken:Create (string,QuizBattle.Characters.CharacterVisual&,UnityEngine.Vector3) (at Assets/Scripts/Arena/CharacterToken.cs:52)
QuizBattle.GameState.GameManager:RunAutoPlayMatch (int,int) (at Assets/Scripts/GameState/GameManager.cs:75)
ArenaDemoRunner:RunScenario (string,int,int,string) (at Assets/Editor/ArenaDemoRunner.cs:40)
ArenaDemoRunner:Run () (at Assets/Editor/ArenaDemoRunner.cs:22)

[Assets/Scripts/GameState/GameManager.cs line 75]

HpBarFill: Destroy may not be called from edit mode! Use DestroyImmediate instead.
Destroying an object in edit mode destroys it permanently
UnityEngine.Debug:ExtractStackTraceNoAlloc (byte*,int,string)
UnityEngine.StackTraceUtility:ExtractStackTrace ()
UnityEngine.Object:Destroy (UnityEngine.Object,single)
UnityEngine.Object:Destroy (UnityEngine.Object)
QuizBattle.Arena.CharacterToken:CreateHpBar (UnityEngine.Transform,UnityEngine.Color) (at Assets/Scripts/Arena/CharacterToken.cs:139)
QuizBattle.Arena.CharacterToken:Create (string,QuizBattle.Characters.CharacterVisual&,UnityEngine.Vector3) (at Assets/Scripts/Arena/CharacterToken.cs:52)
QuizBattle.GameState.GameManager:RunAutoPlayMatch (int,int) (at Assets/Scripts/GameState/GameManager.cs:75)
ArenaDemoRunner:RunScenario (string,int,int,string) (at Assets/Editor/ArenaDemoRunner.cs:40)
ArenaDemoRunner:Run () (at Assets/Editor/ArenaDemoRunner.cs:22)

[Assets/Scripts/GameState/GameManager.cs line 75]

Orb: Destroy may not be called from edit mode! Use DestroyImmediate instead.
Destroying an object in edit mode destroys it permanently
UnityEngine.Debug:ExtractStackTraceNoAlloc (byte*,int,string)
UnityEngine.StackTraceUtility:ExtractStackTrace ()
UnityEngine.Object:Destroy (UnityEngine.Object,single)
UnityEngine.Object:Destroy (UnityEngine.Object)
QuizBattle.Arena.Visuals.CharacterVisualBuilder:CreatePrimitivePart (UnityEngine.Transform,string,UnityEngine.PrimitiveType,UnityEngine.Vector3,UnityEngine.Quaternion,UnityEngine.Vector3,UnityEngine.Material,System.Collections.Generic.List`1<UnityEngine.Renderer>) (at Assets/Scripts/Arena/Visuals/CharacterVisualBuilder.cs:252)
QuizBattle.Arena.Visuals.CharacterVisualBuilder:BuildArcane (UnityEngine.Transform,QuizBattle.Characters.CharacterVisual&,System.Collections.Generic.List`1<UnityEngine.Renderer>,QuizBattle.Arena.Visuals.TokenIdleAnimator) (at Assets/Scripts/Arena/Visuals/CharacterVisualBuilder.cs:215)
QuizBattle.Arena.Visuals.CharacterVisualBuilder:Build (QuizBattle.Characters.CharacterVisual&,UnityEngine.Transform) (at Assets/Scripts/Arena/Visuals/CharacterVisualBuilder.cs:62)
QuizBattle.Arena.CharacterToken:Create (string,QuizBattle.Characters.CharacterVisual&,UnityEngine.Vector3) (at Assets/Scripts/Arena/CharacterToken.cs:44)
QuizBattle.GameState.GameManager:RunAutoPlayMatch (int,int) (at Assets/Scripts/GameState/GameManager.cs:75)
ArenaDemoRunner:RunScenario (string,int,int,string) (at Assets/Editor/ArenaDemoRunner.cs:40)
ArenaDemoRunner:Run () (at Assets/Editor/ArenaDemoRunner.cs:22)

[Assets/Scripts/GameState/GameManager.cs line 75]

GroundDisc: Destroy may not be called from edit mode! Use DestroyImmediate instead.
Destroying an object in edit mode destroys it permanently
UnityEngine.Debug:ExtractStackTraceNoAlloc (byte*,int,string)
UnityEngine.StackTraceUtility:ExtractStackTrace ()
UnityEngine.Object:Destroy (UnityEngine.Object,single)
UnityEngine.Object:Destroy (UnityEngine.Object)
QuizBattle.Arena.Visuals.CharacterVisualBuilder:CreatePrimitivePart (UnityEngine.Transform,string,UnityEngine.PrimitiveType,UnityEngine.Vector3,UnityEngine.Quaternion,UnityEngine.Vector3,UnityEngine.Material,System.Collections.Generic.List`1<UnityEngine.Renderer>) (at Assets/Scripts/Arena/Visuals/CharacterVisualBuilder.cs:252)
QuizBattle.Arena.Visuals.CharacterVisualBuilder:AddGroundDisc (UnityEngine.Transform,UnityEngine.Color,System.Collections.Generic.List`1<UnityEngine.Renderer>,single) (at Assets/Scripts/Arena/Visuals/CharacterVisualBuilder.cs:224)
QuizBattle.Arena.Visuals.CharacterVisualBuilder:BuildArcane (UnityEngine.Transform,QuizBattle.Characters.CharacterVisual&,System.Collections.Generic.List`1<UnityEngine.Renderer>,QuizBattle.Arena.Visuals.TokenIdleAnimator) (at Assets/Scripts/Arena/Visuals/CharacterVisualBuilder.cs:218)
QuizBattle.Arena.Visuals.CharacterVisualBuilder:Build (QuizBattle.Characters.CharacterVisual&,UnityEngine.Transform) (at Assets/Scripts/Arena/Visuals/CharacterVisualBuilder.cs:62)
QuizBattle.Arena.CharacterToken:Create (string,QuizBattle.Characters.CharacterVisual&,UnityEngine.Vector3) (at Assets/Scripts/Arena/CharacterToken.cs:44)
QuizBattle.GameState.GameManager:RunAutoPlayMatch (int,int) (at Assets/Scripts/GameState/GameManager.cs:75)
ArenaDemoRunner:RunScenario (string,int,int,string) (at Assets/Editor/ArenaDemoRunner.cs:40)
ArenaDemoRunner:Run () (at Assets/Editor/ArenaDemoRunner.cs:22)

[Assets/Scripts/GameState/GameManager.cs line 75]

Instantiating material due to calling renderer.material during edit mode. This will leak materials into the scene. You most likely want to use renderer.sharedMaterial instead.
UnityEngine.Debug:ExtractStackTraceNoAlloc (byte*,int,string)
UnityEngine.StackTraceUtility:ExtractStackTrace ()
UnityEngine.Renderer:GetMaterial ()
UnityEngine.Renderer:get_material ()
TMPro.TextMeshPro:SetOutlineThickness (single) (at ./Library/PackageCache/com.unity.ugui@67707a67a4ab/Runtime/TMP/TextMeshPro.cs:1318)
TMPro.TMP_Text:set_outlineWidth (single) (at ./Library/PackageCache/com.unity.ugui@67707a67a4ab/Runtime/TMP/TMP_Text.cs:450)
QuizBattle.Arena.CharacterToken:CreateNameLabel (UnityEngine.Transform) (at Assets/Scripts/Arena/CharacterToken.cs:77)
QuizBattle.Arena.CharacterToken:Create (string,QuizBattle.Characters.CharacterVisual&,UnityEngine.Vector3) (at Assets/Scripts/Arena/CharacterToken.cs:51)
QuizBattle.GameState.GameManager:RunAutoPlayMatch (int,int) (at Assets/Scripts/GameState/GameManager.cs:75)
ArenaDemoRunner:RunScenario (string,int,int,string) (at Assets/Editor/ArenaDemoRunner.cs:40)
ArenaDemoRunner:Run () (at Assets/Editor/ArenaDemoRunner.cs:22)

[Assets/Scripts/GameState/GameManager.cs line 75]

HpBarFrame: Destroy may not be called from edit mode! Use DestroyImmediate instead.
Destroying an object in edit mode destroys it permanently
UnityEngine.Debug:ExtractStackTraceNoAlloc (byte*,int,string)
UnityEngine.StackTraceUtility:ExtractStackTrace ()
UnityEngine.Object:Destroy (UnityEngine.Object,single)
UnityEngine.Object:Destroy (UnityEngine.Object)
QuizBattle.Arena.CharacterToken:CreateHpBar (UnityEngine.Transform,UnityEngine.Color) (at Assets/Scripts/Arena/CharacterToken.cs:94)
QuizBattle.Arena.CharacterToken:Create (string,QuizBattle.Characters.CharacterVisual&,UnityEngine.Vector3) (at Assets/Scripts/Arena/CharacterToken.cs:52)
QuizBattle.GameState.GameManager:RunAutoPlayMatch (int,int) (at Assets/Scripts/GameState/GameManager.cs:75)
ArenaDemoRunner:RunScenario (string,int,int,string) (at Assets/Editor/ArenaDemoRunner.cs:40)
ArenaDemoRunner:Run () (at Assets/Editor/ArenaDemoRunner.cs:22)

[Assets/Scripts/GameState/GameManager.cs line 75]

HpBarBg: Destroy may not be called from edit mode! Use DestroyImmediate instead.
Destroying an object in edit mode destroys it permanently
UnityEngine.Debug:ExtractStackTraceNoAlloc (byte*,int,string)
UnityEngine.StackTraceUtility:ExtractStackTrace ()
UnityEngine.Object:Destroy (UnityEngine.Object,single)
UnityEngine.Object:Destroy (UnityEngine.Object)
QuizBattle.Arena.CharacterToken:CreateHpBar (UnityEngine.Transform,UnityEngine.Color) (at Assets/Scripts/Arena/CharacterToken.cs:113)
QuizBattle.Arena.CharacterToken:Create (string,QuizBattle.Characters.CharacterVisual&,UnityEngine.Vector3) (at Assets/Scripts/Arena/CharacterToken.cs:52)
QuizBattle.GameState.GameManager:RunAutoPlayMatch (int,int) (at Assets/Scripts/GameState/GameManager.cs:75)
ArenaDemoRunner:RunScenario (string,int,int,string) (at Assets/Editor/ArenaDemoRunner.cs:40)
ArenaDemoRunner:Run () (at Assets/Editor/ArenaDemoRunner.cs:22)

[Assets/Scripts/GameState/GameManager.cs line 75]

HpBarFill: Destroy may not be called from edit mode! Use DestroyImmediate instead.
Destroying an object in edit mode destroys it permanently
UnityEngine.Debug:ExtractStackTraceNoAlloc (byte*,int,string)
UnityEngine.StackTraceUtility:ExtractStackTrace ()
UnityEngine.Object:Destroy (UnityEngine.Object,single)
UnityEngine.Object:Destroy (UnityEngine.Object)
QuizBattle.Arena.CharacterToken:CreateHpBar (UnityEngine.Transform,UnityEngine.Color) (at Assets/Scripts/Arena/CharacterToken.cs:139)
QuizBattle.Arena.CharacterToken:Create (string,QuizBattle.Characters.CharacterVisual&,UnityEngine.Vector3) (at Assets/Scripts/Arena/CharacterToken.cs:52)
QuizBattle.GameState.GameManager:RunAutoPlayMatch (int,int) (at Assets/Scripts/GameState/GameManager.cs:75)
ArenaDemoRunner:RunScenario (string,int,int,string) (at Assets/Editor/ArenaDemoRunner.cs:40)
ArenaDemoRunner:Run () (at Assets/Editor/ArenaDemoRunner.cs:22)

[Assets/Scripts/GameState/GameManager.cs line 75]

GroundDisc: Destroy may not be called from edit mode! Use DestroyImmediate instead.
Destroying an object in edit mode destroys it permanently
UnityEngine.Debug:ExtractStackTraceNoAlloc (byte*,int,string)
UnityEngine.StackTraceUtility:ExtractStackTrace ()
UnityEngine.Object:Destroy (UnityEngine.Object,single)
UnityEngine.Object:Destroy (UnityEngine.Object)
QuizBattle.Arena.Visuals.CharacterVisualBuilder:CreatePrimitivePart (UnityEngine.Transform,string,UnityEngine.PrimitiveType,UnityEngine.Vector3,UnityEngine.Quaternion,UnityEngine.Vector3,UnityEngine.Material,System.Collections.Generic.List`1<UnityEngine.Renderer>) (at Assets/Scripts/Arena/Visuals/CharacterVisualBuilder.cs:252)
QuizBattle.Arena.Visuals.CharacterVisualBuilder:AddGroundDisc (UnityEngine.Transform,UnityEngine.Color,System.Collections.Generic.List`1<UnityEngine.Renderer>,single) (at Assets/Scripts/Arena/Visuals/CharacterVisualBuilder.cs:224)
QuizBattle.Arena.Visuals.CharacterVisualBuilder:BuildWind (UnityEngine.Transform,QuizBattle.Characters.CharacterVisual&,System.Collections.Generic.List`1<UnityEngine.Renderer>,QuizBattle.Arena.Visuals.TokenIdleAnimator) (at Assets/Scripts/Arena/Visuals/CharacterVisualBuilder.cs:200)
QuizBattle.Arena.Visuals.CharacterVisualBuilder:Build (QuizBattle.Characters.CharacterVisual&,UnityEngine.Transform) (at Assets/Scripts/Arena/Visuals/CharacterVisualBuilder.cs:59)
QuizBattle.Arena.CharacterToken:Create (string,QuizBattle.Characters.CharacterVisual&,UnityEngine.Vector3) (at Assets/Scripts/Arena/CharacterToken.cs:44)
QuizBattle.GameState.GameManager:RunAutoPlayMatch (int,int) (at Assets/Scripts/GameState/GameManager.cs:75)
ArenaDemoRunner:RunScenario (string,int,int,string) (at Assets/Editor/ArenaDemoRunner.cs:40)
ArenaDemoRunner:Run () (at Assets/Editor/ArenaDemoRunner.cs:22)

[Assets/Scripts/GameState/GameManager.cs line 75]

Instantiating material due to calling renderer.material during edit mode. This will leak materials into the scene. You most likely want to use renderer.sharedMaterial instead.
UnityEngine.Debug:ExtractStackTraceNoAlloc (byte*,int,string)
UnityEngine.StackTraceUtility:ExtractStackTrace ()
UnityEngine.Renderer:GetMaterial ()
UnityEngine.Renderer:get_material ()
TMPro.TextMeshPro:SetOutlineThickness (single) (at ./Library/PackageCache/com.unity.ugui@67707a67a4ab/Runtime/TMP/TextMeshPro.cs:1318)
TMPro.TMP_Text:set_outlineWidth (single) (at ./Library/PackageCache/com.unity.ugui@67707a67a4ab/Runtime/TMP/TMP_Text.cs:450)
QuizBattle.Arena.CharacterToken:CreateNameLabel (UnityEngine.Transform) (at Assets/Scripts/Arena/CharacterToken.cs:77)
QuizBattle.Arena.CharacterToken:Create (string,QuizBattle.Characters.CharacterVisual&,UnityEngine.Vector3) (at Assets/Scripts/Arena/CharacterToken.cs:51)
QuizBattle.GameState.GameManager:RunAutoPlayMatch (int,int) (at Assets/Scripts/GameState/GameManager.cs:75)
ArenaDemoRunner:RunScenario (string,int,int,string) (at Assets/Editor/ArenaDemoRunner.cs:40)
ArenaDemoRunner:Run () (at Assets/Editor/ArenaDemoRunner.cs:22)

[Assets/Scripts/GameState/GameManager.cs line 75]

HpBarFrame: Destroy may not be called from edit mode! Use DestroyImmediate instead.
Destroying an object in edit mode destroys it permanently
UnityEngine.Debug:ExtractStackTraceNoAlloc (byte*,int,string)
UnityEngine.StackTraceUtility:ExtractStackTrace ()
UnityEngine.Object:Destroy (UnityEngine.Object,single)
UnityEngine.Object:Destroy (UnityEngine.Object)
QuizBattle.Arena.CharacterToken:CreateHpBar (UnityEngine.Transform,UnityEngine.Color) (at Assets/Scripts/Arena/CharacterToken.cs:94)
QuizBattle.Arena.CharacterToken:Create (string,QuizBattle.Characters.CharacterVisual&,UnityEngine.Vector3) (at Assets/Scripts/Arena/CharacterToken.cs:52)
QuizBattle.GameState.GameManager:RunAutoPlayMatch (int,int) (at Assets/Scripts/GameState/GameManager.cs:75)
ArenaDemoRunner:RunScenario (string,int,int,string) (at Assets/Editor/ArenaDemoRunner.cs:40)
ArenaDemoRunner:Run () (at Assets/Editor/ArenaDemoRunner.cs:22)

[Assets/Scripts/GameState/GameManager.cs line 75]

HpBarBg: Destroy may not be called from edit mode! Use DestroyImmediate instead.
Destroying an object in edit mode destroys it permanently
UnityEngine.Debug:ExtractStackTraceNoAlloc (byte*,int,string)
UnityEngine.StackTraceUtility:ExtractStackTrace ()
UnityEngine.Object:Destroy (UnityEngine.Object,single)
UnityEngine.Object:Destroy (UnityEngine.Object)
QuizBattle.Arena.CharacterToken:CreateHpBar (UnityEngine.Transform,UnityEngine.Color) (at Assets/Scripts/Arena/CharacterToken.cs:113)
QuizBattle.Arena.CharacterToken:Create (string,QuizBattle.Characters.CharacterVisual&,UnityEngine.Vector3) (at Assets/Scripts/Arena/CharacterToken.cs:52)
QuizBattle.GameState.GameManager:RunAutoPlayMatch (int,int) (at Assets/Scripts/GameState/GameManager.cs:75)
ArenaDemoRunner:RunScenario (string,int,int,string) (at Assets/Editor/ArenaDemoRunner.cs:40)
ArenaDemoRunner:Run () (at Assets/Editor/ArenaDemoRunner.cs:22)

[Assets/Scripts/GameState/GameManager.cs line 75]

HpBarFill: Destroy may not be called from edit mode! Use DestroyImmediate instead.
Destroying an object in edit mode destroys it permanently
UnityEngine.Debug:ExtractStackTraceNoAlloc (byte*,int,string)
UnityEngine.StackTraceUtility:ExtractStackTrace ()
UnityEngine.Object:Destroy (UnityEngine.Object,single)
UnityEngine.Object:Destroy (UnityEngine.Object)
QuizBattle.Arena.CharacterToken:CreateHpBar (UnityEngine.Transform,UnityEngine.Color) (at Assets/Scripts/Arena/CharacterToken.cs:139)
QuizBattle.Arena.CharacterToken:Create (string,QuizBattle.Characters.CharacterVisual&,UnityEngine.Vector3) (at Assets/Scripts/Arena/CharacterToken.cs:52)
QuizBattle.GameState.GameManager:RunAutoPlayMatch (int,int) (at Assets/Scripts/GameState/GameManager.cs:75)
ArenaDemoRunner:RunScenario (string,int,int,string) (at Assets/Editor/ArenaDemoRunner.cs:40)
ArenaDemoRunner:Run () (at Assets/Editor/ArenaDemoRunner.cs:22)

[Assets/Scripts/GameState/GameManager.cs line 75]

Vfx_Burst: Destroy may not be called from edit mode! Use DestroyImmediate instead.
Destroying an object in edit mode destroys it permanently
UnityEngine.Debug:ExtractStackTraceNoAlloc (byte*,int,string)
UnityEngine.StackTraceUtility:ExtractStackTrace ()
UnityEngine.Object:Destroy (UnityEngine.Object,single)
QuizBattle.Arena.Vfx.ParticleFactory:Burst (UnityEngine.Vector3,UnityEngine.Color,single,int,single,single) (at Assets/Scripts/Arena/Vfx/ParticleFactory.cs:51)
QuizBattle.Arena.Vfx.AbilityVfxPlayer:PlayBasicStrike (UnityEngine.Vector3,System.Collections.Generic.List`1<UnityEngine.ParticleSystem>) (at Assets/Scripts/Arena/Vfx/AbilityVfxPlayer.cs:76)
QuizBattle.Arena.Vfx.AbilityVfxPlayer:Play (string,UnityEngine.Vector3,UnityEngine.Vector3,bool) (at Assets/Scripts/Arena/Vfx/AbilityVfxPlayer.cs:37)
QuizBattle.GameState.GameManager:HandleReward (QuizBattle.GameState.MockEngine.PlayerState,QuizBattle.GameState.MockEngine.PendingReward,System.Random) (at Assets/Scripts/GameState/GameManager.cs:131)
QuizBattle.GameState.GameManager:RunAutoPlayMatch (int,int) (at Assets/Scripts/GameState/GameManager.cs:105)
ArenaDemoRunner:RunScenario (string,int,int,string) (at Assets/Editor/ArenaDemoRunner.cs:40)
ArenaDemoRunner:Run () (at Assets/Editor/ArenaDemoRunner.cs:22)

[Assets/Scripts/GameState/GameManager.cs line 131]

[ArenaDemoRunner:progress-tiebreak-path] PASSED — winner=1 reason=Progress
UnityEngine.Debug:ExtractStackTraceNoAlloc (byte*,int,string)
UnityEngine.StackTraceUtility:ExtractStackTrace ()
UnityEngine.DebugLogHandler:Internal_Log (UnityEngine.LogType,UnityEngine.LogOption,string,UnityEngine.Object)
UnityEngine.DebugLogHandler:LogFormat (UnityEngine.LogType,UnityEngine.Object,string,object[])
UnityEngine.Logger:Log (UnityEngine.LogType,object)
UnityEngine.Debug:Log (object)
ArenaDemoRunner:RunScenario (string,int,int,string) (at Assets/Editor/ArenaDemoRunner.cs:48)
ArenaDemoRunner:Run () (at Assets/Editor/ArenaDemoRunner.cs:22)

(Filename: Assets/Editor/ArenaDemoRunner.cs Line: 48)

[ArenaDemoRunner] screenshot saved to D:/temp\arena-demo-progress-tiebreak-path.png
UnityEngine.Debug:ExtractStackTraceNoAlloc (byte*,int,string)
UnityEngine.StackTraceUtility:ExtractStackTrace ()
UnityEngine.DebugLogHandler:Internal_Log (UnityEngine.LogType,UnityEngine.LogOption,string,UnityEngine.Object)
UnityEngine.DebugLogHandler:LogFormat (UnityEngine.LogType,UnityEngine.Object,string,object[])
UnityEngine.Logger:Log (UnityEngine.LogType,object)
UnityEngine.Debug:Log (object)
ArenaDemoRunner:CaptureScreenshot (string) (at Assets/Editor/ArenaDemoRunner.cs:136)
ArenaDemoRunner:RunScenario (string,int,int,string) (at Assets/Editor/ArenaDemoRunner.cs:50)
ArenaDemoRunner:Run () (at Assets/Editor/ArenaDemoRunner.cs:22)

(Filename: Assets/Editor/ArenaDemoRunner.cs Line: 136)

Unloading 14 Unused Serialized files (Serialized files now loaded: 0)
Unloading 374 unused Assets / (269.3 KB). Loaded Objects now: 4451.
Memory consumption went from 359.7 MB to 359.4 MB.
Total: 16.756100 ms (FindLiveObjects: 0.418400 ms CreateObjectMapping: 0.828900 ms MarkObjects: 14.571800 ms  DeleteObjects: 0.935000 ms)

Tile_0_0: Destroy may not be called from edit mode! Use DestroyImmediate instead.
Destroying an object in edit mode destroys it permanently
UnityEngine.Debug:ExtractStackTraceNoAlloc (byte*,int,string)
UnityEngine.StackTraceUtility:ExtractStackTrace ()
UnityEngine.Object:Destroy (UnityEngine.Object,single)
UnityEngine.Object:Destroy (UnityEngine.Object)
QuizBattle.Arena.GridController:CreateTile (int,int,UnityEngine.Color) (at Assets/Scripts/Arena/GridController.cs:57)
QuizBattle.Arena.GridController:BuildGrid (int,int,int) (at Assets/Scripts/Arena/GridController.cs:42)
ArenaDemoRunner:RunVfxShowcase () (at Assets/Editor/ArenaDemoRunner.cs:68)
ArenaDemoRunner:Run () (at Assets/Editor/ArenaDemoRunner.cs:23)

[Assets/Scripts/Arena/GridController.cs line 42]

Tile_0_1: Destroy may not be called from edit mode! Use DestroyImmediate instead.
Destroying an object in edit mode destroys it permanently
UnityEngine.Debug:ExtractStackTraceNoAlloc (byte*,int,string)
UnityEngine.StackTraceUtility:ExtractStackTrace ()
UnityEngine.Object:Destroy (UnityEngine.Object,single)
UnityEngine.Object:Destroy (UnityEngine.Object)
QuizBattle.Arena.GridController:CreateTile (int,int,UnityEngine.Color) (at Assets/Scripts/Arena/GridController.cs:57)
QuizBattle.Arena.GridController:BuildGrid (int,int,int) (at Assets/Scripts/Arena/GridController.cs:42)
ArenaDemoRunner:RunVfxShowcase () (at Assets/Editor/ArenaDemoRunner.cs:68)
ArenaDemoRunner:Run () (at Assets/Editor/ArenaDemoRunner.cs:23)

[Assets/Scripts/Arena/GridController.cs line 42]

Tile_0_2: Destroy may not be called from edit mode! Use DestroyImmediate instead.
Destroying an object in edit mode destroys it permanently
UnityEngine.Debug:ExtractStackTraceNoAlloc (byte*,int,string)
UnityEngine.StackTraceUtility:ExtractStackTrace ()
UnityEngine.Object:Destroy (UnityEngine.Object,single)
UnityEngine.Object:Destroy (UnityEngine.Object)
QuizBattle.Arena.GridController:CreateTile (int,int,UnityEngine.Color) (at Assets/Scripts/Arena/GridController.cs:57)
QuizBattle.Arena.GridController:BuildGrid (int,int,int) (at Assets/Scripts/Arena/GridController.cs:42)
ArenaDemoRunner:RunVfxShowcase () (at Assets/Editor/ArenaDemoRunner.cs:68)
ArenaDemoRunner:Run () (at Assets/Editor/ArenaDemoRunner.cs:23)

[Assets/Scripts/Arena/GridController.cs line 42]

Tile_0_3: Destroy may not be called from edit mode! Use DestroyImmediate instead.
Destroying an object in edit mode destroys it permanently
UnityEngine.Debug:ExtractStackTraceNoAlloc (byte*,int,string)
UnityEngine.StackTraceUtility:ExtractStackTrace ()
UnityEngine.Object:Destroy (UnityEngine.Object,single)
UnityEngine.Object:Destroy (UnityEngine.Object)
QuizBattle.Arena.GridController:CreateTile (int,int,UnityEngine.Color) (at Assets/Scripts/Arena/GridController.cs:57)
QuizBattle.Arena.GridController:BuildGrid (int,int,int) (at Assets/Scripts/Arena/GridController.cs:42)
ArenaDemoRunner:RunVfxShowcase () (at Assets/Editor/ArenaDemoRunner.cs:68)
ArenaDemoRunner:Run () (at Assets/Editor/ArenaDemoRunner.cs:23)

[Assets/Scripts/Arena/GridController.cs line 42]

Tile_0_4: Destroy may not be called from edit mode! Use DestroyImmediate instead.
Destroying an object in edit mode destroys it permanently
UnityEngine.Debug:ExtractStackTraceNoAlloc (byte*,int,string)
UnityEngine.StackTraceUtility:ExtractStackTrace ()
UnityEngine.Object:Destroy (UnityEngine.Object,single)
UnityEngine.Object:Destroy (UnityEngine.Object)
QuizBattle.Arena.GridController:CreateTile (int,int,UnityEngine.Color) (at Assets/Scripts/Arena/GridController.cs:57)
QuizBattle.Arena.GridController:BuildGrid (int,int,int) (at Assets/Scripts/Arena/GridController.cs:42)
ArenaDemoRunner:RunVfxShowcase () (at Assets/Editor/ArenaDemoRunner.cs:68)
ArenaDemoRunner:Run () (at Assets/Editor/ArenaDemoRunner.cs:23)

[Assets/Scripts/Arena/GridController.cs line 42]

Tile_0_5: Destroy may not be called from edit mode! Use DestroyImmediate instead.
Destroying an object in edit mode destroys it permanently
UnityEngine.Debug:ExtractStackTraceNoAlloc (byte*,int,string)
UnityEngine.StackTraceUtility:ExtractStackTrace ()
UnityEngine.Object:Destroy (UnityEngine.Object,single)
UnityEngine.Object:Destroy (UnityEngine.Object)
QuizBattle.Arena.GridController:CreateTile (int,int,UnityEngine.Color) (at Assets/Scripts/Arena/GridController.cs:57)
QuizBattle.Arena.GridController:BuildGrid (int,int,int) (at Assets/Scripts/Arena/GridController.cs:42)
ArenaDemoRunner:RunVfxShowcase () (at Assets/Editor/ArenaDemoRunner.cs:68)
ArenaDemoRunner:Run () (at Assets/Editor/ArenaDemoRunner.cs:23)

[Assets/Scripts/Arena/GridController.cs line 42]

ZoneGlow_0_5: Destroy may not be called from edit mode! Use DestroyImmediate instead.
Destroying an object in edit mode destroys it permanently
UnityEngine.Debug:ExtractStackTraceNoAlloc (byte*,int,string)
UnityEngine.StackTraceUtility:ExtractStackTrace ()
UnityEngine.Object:Destroy (UnityEngine.Object,single)
UnityEngine.Object:Destroy (UnityEngine.Object)
QuizBattle.Arena.GridController:CreateZoneGlow (int,int) (at Assets/Scripts/Arena/GridController.cs:99)
QuizBattle.Arena.GridController:BuildGrid (int,int,int) (at Assets/Scripts/Arena/GridController.cs:43)
ArenaDemoRunner:RunVfxShowcase () (at Assets/Editor/ArenaDemoRunner.cs:68)
ArenaDemoRunner:Run () (at Assets/Editor/ArenaDemoRunner.cs:23)

[Assets/Scripts/Arena/GridController.cs line 99]

Tile_1_0: Destroy may not be called from edit mode! Use DestroyImmediate instead.
Destroying an object in edit mode destroys it permanently
UnityEngine.Debug:ExtractStackTraceNoAlloc (byte*,int,string)
UnityEngine.StackTraceUtility:ExtractStackTrace ()
UnityEngine.Object:Destroy (UnityEngine.Object,single)
UnityEngine.Object:Destroy (UnityEngine.Object)
QuizBattle.Arena.GridController:CreateTile (int,int,UnityEngine.Color) (at Assets/Scripts/Arena/GridController.cs:57)
QuizBattle.Arena.GridController:BuildGrid (int,int,int) (at Assets/Scripts/Arena/GridController.cs:42)
ArenaDemoRunner:RunVfxShowcase () (at Assets/Editor/ArenaDemoRunner.cs:68)
ArenaDemoRunner:Run () (at Assets/Editor/ArenaDemoRunner.cs:23)

[Assets/Scripts/Arena/GridController.cs line 42]

Tile_1_1: Destroy may not be called from edit mode! Use DestroyImmediate instead.
Destroying an object in edit mode destroys it permanently
UnityEngine.Debug:ExtractStackTraceNoAlloc (byte*,int,string)
UnityEngine.StackTraceUtility:ExtractStackTrace ()
UnityEngine.Object:Destroy (UnityEngine.Object,single)
UnityEngine.Object:Destroy (UnityEngine.Object)
QuizBattle.Arena.GridController:CreateTile (int,int,UnityEngine.Color) (at Assets/Scripts/Arena/GridController.cs:57)
QuizBattle.Arena.GridController:BuildGrid (int,int,int) (at Assets/Scripts/Arena/GridController.cs:42)
ArenaDemoRunner:RunVfxShowcase () (at Assets/Editor/ArenaDemoRunner.cs:68)
ArenaDemoRunner:Run () (at Assets/Editor/ArenaDemoRunner.cs:23)

[Assets/Scripts/Arena/GridController.cs line 42]

Tile_1_2: Destroy may not be called from edit mode! Use DestroyImmediate instead.
Destroying an object in edit mode destroys it permanently
UnityEngine.Debug:ExtractStackTraceNoAlloc (byte*,int,string)
UnityEngine.StackTraceUtility:ExtractStackTrace ()
UnityEngine.Object:Destroy (UnityEngine.Object,single)
UnityEngine.Object:Destroy (UnityEngine.Object)
QuizBattle.Arena.GridController:CreateTile (int,int,UnityEngine.Color) (at Assets/Scripts/Arena/GridController.cs:57)
QuizBattle.Arena.GridController:BuildGrid (int,int,int) (at Assets/Scripts/Arena/GridController.cs:42)
ArenaDemoRunner:RunVfxShowcase () (at Assets/Editor/ArenaDemoRunner.cs:68)
ArenaDemoRunner:Run () (at Assets/Editor/ArenaDemoRunner.cs:23)

[Assets/Scripts/Arena/GridController.cs line 42]

Tile_1_3: Destroy may not be called from edit mode! Use DestroyImmediate instead.
Destroying an object in edit mode destroys it permanently
UnityEngine.Debug:ExtractStackTraceNoAlloc (byte*,int,string)
UnityEngine.StackTraceUtility:ExtractStackTrace ()
UnityEngine.Object:Destroy (UnityEngine.Object,single)
UnityEngine.Object:Destroy (UnityEngine.Object)
QuizBattle.Arena.GridController:CreateTile (int,int,UnityEngine.Color) (at Assets/Scripts/Arena/GridController.cs:57)
QuizBattle.Arena.GridController:BuildGrid (int,int,int) (at Assets/Scripts/Arena/GridController.cs:42)
ArenaDemoRunner:RunVfxShowcase () (at Assets/Editor/ArenaDemoRunner.cs:68)
ArenaDemoRunner:Run () (at Assets/Editor/ArenaDemoRunner.cs:23)

[Assets/Scripts/Arena/GridController.cs line 42]

Tile_1_4: Destroy may not be called from edit mode! Use DestroyImmediate instead.
Destroying an object in edit mode destroys it permanently
UnityEngine.Debug:ExtractStackTraceNoAlloc (byte*,int,string)
UnityEngine.StackTraceUtility:ExtractStackTrace ()
UnityEngine.Object:Destroy (UnityEngine.Object,single)
UnityEngine.Object:Destroy (UnityEngine.Object)
QuizBattle.Arena.GridController:CreateTile (int,int,UnityEngine.Color) (at Assets/Scripts/Arena/GridController.cs:57)
QuizBattle.Arena.GridController:BuildGrid (int,int,int) (at Assets/Scripts/Arena/GridController.cs:42)
ArenaDemoRunner:RunVfxShowcase () (at Assets/Editor/ArenaDemoRunner.cs:68)
ArenaDemoRunner:Run () (at Assets/Editor/ArenaDemoRunner.cs:23)

[Assets/Scripts/Arena/GridController.cs line 42]

Tile_1_5: Destroy may not be called from edit mode! Use DestroyImmediate instead.
Destroying an object in edit mode destroys it permanently
UnityEngine.Debug:ExtractStackTraceNoAlloc (byte*,int,string)
UnityEngine.StackTraceUtility:ExtractStackTrace ()
UnityEngine.Object:Destroy (UnityEngine.Object,single)
UnityEngine.Object:Destroy (UnityEngine.Object)
QuizBattle.Arena.GridController:CreateTile (int,int,UnityEngine.Color) (at Assets/Scripts/Arena/GridController.cs:57)
QuizBattle.Arena.GridController:BuildGrid (int,int,int) (at Assets/Scripts/Arena/GridController.cs:42)
ArenaDemoRunner:RunVfxShowcase () (at Assets/Editor/ArenaDemoRunner.cs:68)
ArenaDemoRunner:Run () (at Assets/Editor/ArenaDemoRunner.cs:23)

[Assets/Scripts/Arena/GridController.cs line 42]

ZoneGlow_1_5: Destroy may not be called from edit mode! Use DestroyImmediate instead.
Destroying an object in edit mode destroys it permanently
UnityEngine.Debug:ExtractStackTraceNoAlloc (byte*,int,string)
UnityEngine.StackTraceUtility:ExtractStackTrace ()
UnityEngine.Object:Destroy (UnityEngine.Object,single)
UnityEngine.Object:Destroy (UnityEngine.Object)
QuizBattle.Arena.GridController:CreateZoneGlow (int,int) (at Assets/Scripts/Arena/GridController.cs:99)
QuizBattle.Arena.GridController:BuildGrid (int,int,int) (at Assets/Scripts/Arena/GridController.cs:43)
ArenaDemoRunner:RunVfxShowcase () (at Assets/Editor/ArenaDemoRunner.cs:68)
ArenaDemoRunner:Run () (at Assets/Editor/ArenaDemoRunner.cs:23)

[Assets/Scripts/Arena/GridController.cs line 99]

Tile_2_0: Destroy may not be called from edit mode! Use DestroyImmediate instead.
Destroying an object in edit mode destroys it permanently
UnityEngine.Debug:ExtractStackTraceNoAlloc (byte*,int,string)
UnityEngine.StackTraceUtility:ExtractStackTrace ()
UnityEngine.Object:Destroy (UnityEngine.Object,single)
UnityEngine.Object:Destroy (UnityEngine.Object)
QuizBattle.Arena.GridController:CreateTile (int,int,UnityEngine.Color) (at Assets/Scripts/Arena/GridController.cs:57)
QuizBattle.Arena.GridController:BuildGrid (int,int,int) (at Assets/Scripts/Arena/GridController.cs:42)
ArenaDemoRunner:RunVfxShowcase () (at Assets/Editor/ArenaDemoRunner.cs:68)
ArenaDemoRunner:Run () (at Assets/Editor/ArenaDemoRunner.cs:23)

[Assets/Scripts/Arena/GridController.cs line 42]

Tile_2_1: Destroy may not be called from edit mode! Use DestroyImmediate instead.
Destroying an object in edit mode destroys it permanently
UnityEngine.Debug:ExtractStackTraceNoAlloc (byte*,int,string)
UnityEngine.StackTraceUtility:ExtractStackTrace ()
UnityEngine.Object:Destroy (UnityEngine.Object,single)
UnityEngine.Object:Destroy (UnityEngine.Object)
QuizBattle.Arena.GridController:CreateTile (int,int,UnityEngine.Color) (at Assets/Scripts/Arena/GridController.cs:57)
QuizBattle.Arena.GridController:BuildGrid (int,int,int) (at Assets/Scripts/Arena/GridController.cs:42)
ArenaDemoRunner:RunVfxShowcase () (at Assets/Editor/ArenaDemoRunner.cs:68)
ArenaDemoRunner:Run () (at Assets/Editor/ArenaDemoRunner.cs:23)

[Assets/Scripts/Arena/GridController.cs line 42]

Tile_2_2: Destroy may not be called from edit mode! Use DestroyImmediate instead.
Destroying an object in edit mode destroys it permanently
UnityEngine.Debug:ExtractStackTraceNoAlloc (byte*,int,string)
UnityEngine.StackTraceUtility:ExtractStackTrace ()
UnityEngine.Object:Destroy (UnityEngine.Object,single)
UnityEngine.Object:Destroy (UnityEngine.Object)
QuizBattle.Arena.GridController:CreateTile (int,int,UnityEngine.Color) (at Assets/Scripts/Arena/GridController.cs:57)
QuizBattle.Arena.GridController:BuildGrid (int,int,int) (at Assets/Scripts/Arena/GridController.cs:42)
ArenaDemoRunner:RunVfxShowcase () (at Assets/Editor/ArenaDemoRunner.cs:68)
ArenaDemoRunner:Run () (at Assets/Editor/ArenaDemoRunner.cs:23)

[Assets/Scripts/Arena/GridController.cs line 42]

Tile_2_3: Destroy may not be called from edit mode! Use DestroyImmediate instead.
Destroying an object in edit mode destroys it permanently
UnityEngine.Debug:ExtractStackTraceNoAlloc (byte*,int,string)
UnityEngine.StackTraceUtility:ExtractStackTrace ()
UnityEngine.Object:Destroy (UnityEngine.Object,single)
UnityEngine.Object:Destroy (UnityEngine.Object)
QuizBattle.Arena.GridController:CreateTile (int,int,UnityEngine.Color) (at Assets/Scripts/Arena/GridController.cs:57)
QuizBattle.Arena.GridController:BuildGrid (int,int,int) (at Assets/Scripts/Arena/GridController.cs:42)
ArenaDemoRunner:RunVfxShowcase () (at Assets/Editor/ArenaDemoRunner.cs:68)
ArenaDemoRunner:Run () (at Assets/Editor/ArenaDemoRunner.cs:23)

[Assets/Scripts/Arena/GridController.cs line 42]

Tile_2_4: Destroy may not be called from edit mode! Use DestroyImmediate instead.
Destroying an object in edit mode destroys it permanently
UnityEngine.Debug:ExtractStackTraceNoAlloc (byte*,int,string)
UnityEngine.StackTraceUtility:ExtractStackTrace ()
UnityEngine.Object:Destroy (UnityEngine.Object,single)
UnityEngine.Object:Destroy (UnityEngine.Object)
QuizBattle.Arena.GridController:CreateTile (int,int,UnityEngine.Color) (at Assets/Scripts/Arena/GridController.cs:57)
QuizBattle.Arena.GridController:BuildGrid (int,int,int) (at Assets/Scripts/Arena/GridController.cs:42)
ArenaDemoRunner:RunVfxShowcase () (at Assets/Editor/ArenaDemoRunner.cs:68)
ArenaDemoRunner:Run () (at Assets/Editor/ArenaDemoRunner.cs:23)

[Assets/Scripts/Arena/GridController.cs line 42]

Tile_2_5: Destroy may not be called from edit mode! Use DestroyImmediate instead.
Destroying an object in edit mode destroys it permanently
UnityEngine.Debug:ExtractStackTraceNoAlloc (byte*,int,string)
UnityEngine.StackTraceUtility:ExtractStackTrace ()
UnityEngine.Object:Destroy (UnityEngine.Object,single)
UnityEngine.Object:Destroy (UnityEngine.Object)
QuizBattle.Arena.GridController:CreateTile (int,int,UnityEngine.Color) (at Assets/Scripts/Arena/GridController.cs:57)
QuizBattle.Arena.GridController:BuildGrid (int,int,int) (at Assets/Scripts/Arena/GridController.cs:42)
ArenaDemoRunner:RunVfxShowcase () (at Assets/Editor/ArenaDemoRunner.cs:68)
ArenaDemoRunner:Run () (at Assets/Editor/ArenaDemoRunner.cs:23)

[Assets/Scripts/Arena/GridController.cs line 42]

ZoneGlow_2_5: Destroy may not be called from edit mode! Use DestroyImmediate instead.
Destroying an object in edit mode destroys it permanently
UnityEngine.Debug:ExtractStackTraceNoAlloc (byte*,int,string)
UnityEngine.StackTraceUtility:ExtractStackTrace ()
UnityEngine.Object:Destroy (UnityEngine.Object,single)
UnityEngine.Object:Destroy (UnityEngine.Object)
QuizBattle.Arena.GridController:CreateZoneGlow (int,int) (at Assets/Scripts/Arena/GridController.cs:99)
QuizBattle.Arena.GridController:BuildGrid (int,int,int) (at Assets/Scripts/Arena/GridController.cs:43)
ArenaDemoRunner:RunVfxShowcase () (at Assets/Editor/ArenaDemoRunner.cs:68)
ArenaDemoRunner:Run () (at Assets/Editor/ArenaDemoRunner.cs:23)

[Assets/Scripts/Arena/GridController.cs line 99]

Tile_3_0: Destroy may not be called from edit mode! Use DestroyImmediate instead.
Destroying an object in edit mode destroys it permanently
UnityEngine.Debug:ExtractStackTraceNoAlloc (byte*,int,string)
UnityEngine.StackTraceUtility:ExtractStackTrace ()
UnityEngine.Object:Destroy (UnityEngine.Object,single)
UnityEngine.Object:Destroy (UnityEngine.Object)
QuizBattle.Arena.GridController:CreateTile (int,int,UnityEngine.Color) (at Assets/Scripts/Arena/GridController.cs:57)
QuizBattle.Arena.GridController:BuildGrid (int,int,int) (at Assets/Scripts/Arena/GridController.cs:42)
ArenaDemoRunner:RunVfxShowcase () (at Assets/Editor/ArenaDemoRunner.cs:68)
ArenaDemoRunner:Run () (at Assets/Editor/ArenaDemoRunner.cs:23)

[Assets/Scripts/Arena/GridController.cs line 42]

Tile_3_1: Destroy may not be called from edit mode! Use DestroyImmediate instead.
Destroying an object in edit mode destroys it permanently
UnityEngine.Debug:ExtractStackTraceNoAlloc (byte*,int,string)
UnityEngine.StackTraceUtility:ExtractStackTrace ()
UnityEngine.Object:Destroy (UnityEngine.Object,single)
UnityEngine.Object:Destroy (UnityEngine.Object)
QuizBattle.Arena.GridController:CreateTile (int,int,UnityEngine.Color) (at Assets/Scripts/Arena/GridController.cs:57)
QuizBattle.Arena.GridController:BuildGrid (int,int,int) (at Assets/Scripts/Arena/GridController.cs:42)
ArenaDemoRunner:RunVfxShowcase () (at Assets/Editor/ArenaDemoRunner.cs:68)
ArenaDemoRunner:Run () (at Assets/Editor/ArenaDemoRunner.cs:23)

[Assets/Scripts/Arena/GridController.cs line 42]

Tile_3_2: Destroy may not be called from edit mode! Use DestroyImmediate instead.
Destroying an object in edit mode destroys it permanently
UnityEngine.Debug:ExtractStackTraceNoAlloc (byte*,int,string)
UnityEngine.StackTraceUtility:ExtractStackTrace ()
UnityEngine.Object:Destroy (UnityEngine.Object,single)
UnityEngine.Object:Destroy (UnityEngine.Object)
QuizBattle.Arena.GridController:CreateTile (int,int,UnityEngine.Color) (at Assets/Scripts/Arena/GridController.cs:57)
QuizBattle.Arena.GridController:BuildGrid (int,int,int) (at Assets/Scripts/Arena/GridController.cs:42)
ArenaDemoRunner:RunVfxShowcase () (at Assets/Editor/ArenaDemoRunner.cs:68)
ArenaDemoRunner:Run () (at Assets/Editor/ArenaDemoRunner.cs:23)

[Assets/Scripts/Arena/GridController.cs line 42]

Tile_3_3: Destroy may not be called from edit mode! Use DestroyImmediate instead.
Destroying an object in edit mode destroys it permanently
UnityEngine.Debug:ExtractStackTraceNoAlloc (byte*,int,string)
UnityEngine.StackTraceUtility:ExtractStackTrace ()
UnityEngine.Object:Destroy (UnityEngine.Object,single)
UnityEngine.Object:Destroy (UnityEngine.Object)
QuizBattle.Arena.GridController:CreateTile (int,int,UnityEngine.Color) (at Assets/Scripts/Arena/GridController.cs:57)
QuizBattle.Arena.GridController:BuildGrid (int,int,int) (at Assets/Scripts/Arena/GridController.cs:42)
ArenaDemoRunner:RunVfxShowcase () (at Assets/Editor/ArenaDemoRunner.cs:68)
ArenaDemoRunner:Run () (at Assets/Editor/ArenaDemoRunner.cs:23)

[Assets/Scripts/Arena/GridController.cs line 42]

Tile_3_4: Destroy may not be called from edit mode! Use DestroyImmediate instead.
Destroying an object in edit mode destroys it permanently
UnityEngine.Debug:ExtractStackTraceNoAlloc (byte*,int,string)
UnityEngine.StackTraceUtility:ExtractStackTrace ()
UnityEngine.Object:Destroy (UnityEngine.Object,single)
UnityEngine.Object:Destroy (UnityEngine.Object)
QuizBattle.Arena.GridController:CreateTile (int,int,UnityEngine.Color) (at Assets/Scripts/Arena/GridController.cs:57)
QuizBattle.Arena.GridController:BuildGrid (int,int,int) (at Assets/Scripts/Arena/GridController.cs:42)
ArenaDemoRunner:RunVfxShowcase () (at Assets/Editor/ArenaDemoRunner.cs:68)
ArenaDemoRunner:Run () (at Assets/Editor/ArenaDemoRunner.cs:23)

[Assets/Scripts/Arena/GridController.cs line 42]

Tile_3_5: Destroy may not be called from edit mode! Use DestroyImmediate instead.
Destroying an object in edit mode destroys it permanently
UnityEngine.Debug:ExtractStackTraceNoAlloc (byte*,int,string)
UnityEngine.StackTraceUtility:ExtractStackTrace ()
UnityEngine.Object:Destroy (UnityEngine.Object,single)
UnityEngine.Object:Destroy (UnityEngine.Object)
QuizBattle.Arena.GridController:CreateTile (int,int,UnityEngine.Color) (at Assets/Scripts/Arena/GridController.cs:57)
QuizBattle.Arena.GridController:BuildGrid (int,int,int) (at Assets/Scripts/Arena/GridController.cs:42)
ArenaDemoRunner:RunVfxShowcase () (at Assets/Editor/ArenaDemoRunner.cs:68)
ArenaDemoRunner:Run () (at Assets/Editor/ArenaDemoRunner.cs:23)

[Assets/Scripts/Arena/GridController.cs line 42]

ZoneGlow_3_5: Destroy may not be called from edit mode! Use DestroyImmediate instead.
Destroying an object in edit mode destroys it permanently
UnityEngine.Debug:ExtractStackTraceNoAlloc (byte*,int,string)
UnityEngine.StackTraceUtility:ExtractStackTrace ()
UnityEngine.Object:Destroy (UnityEngine.Object,single)
UnityEngine.Object:Destroy (UnityEngine.Object)
QuizBattle.Arena.GridController:CreateZoneGlow (int,int) (at Assets/Scripts/Arena/GridController.cs:99)
QuizBattle.Arena.GridController:BuildGrid (int,int,int) (at Assets/Scripts/Arena/GridController.cs:43)
ArenaDemoRunner:RunVfxShowcase () (at Assets/Editor/ArenaDemoRunner.cs:68)
ArenaDemoRunner:Run () (at Assets/Editor/ArenaDemoRunner.cs:23)

[Assets/Scripts/Arena/GridController.cs line 99]

Tile_4_0: Destroy may not be called from edit mode! Use DestroyImmediate instead.
Destroying an object in edit mode destroys it permanently
UnityEngine.Debug:ExtractStackTraceNoAlloc (byte*,int,string)
UnityEngine.StackTraceUtility:ExtractStackTrace ()
UnityEngine.Object:Destroy (UnityEngine.Object,single)
UnityEngine.Object:Destroy (UnityEngine.Object)
QuizBattle.Arena.GridController:CreateTile (int,int,UnityEngine.Color) (at Assets/Scripts/Arena/GridController.cs:57)
QuizBattle.Arena.GridController:BuildGrid (int,int,int) (at Assets/Scripts/Arena/GridController.cs:42)
ArenaDemoRunner:RunVfxShowcase () (at Assets/Editor/ArenaDemoRunner.cs:68)
ArenaDemoRunner:Run () (at Assets/Editor/ArenaDemoRunner.cs:23)

[Assets/Scripts/Arena/GridController.cs line 42]

Tile_4_1: Destroy may not be called from edit mode! Use DestroyImmediate instead.
Destroying an object in edit mode destroys it permanently
UnityEngine.Debug:ExtractStackTraceNoAlloc (byte*,int,string)
UnityEngine.StackTraceUtility:ExtractStackTrace ()
UnityEngine.Object:Destroy (UnityEngine.Object,single)
UnityEngine.Object:Destroy (UnityEngine.Object)
QuizBattle.Arena.GridController:CreateTile (int,int,UnityEngine.Color) (at Assets/Scripts/Arena/GridController.cs:57)
QuizBattle.Arena.GridController:BuildGrid (int,int,int) (at Assets/Scripts/Arena/GridController.cs:42)
ArenaDemoRunner:RunVfxShowcase () (at Assets/Editor/ArenaDemoRunner.cs:68)
ArenaDemoRunner:Run () (at Assets/Editor/ArenaDemoRunner.cs:23)

[Assets/Scripts/Arena/GridController.cs line 42]

Tile_4_2: Destroy may not be called from edit mode! Use DestroyImmediate instead.
Destroying an object in edit mode destroys it permanently
UnityEngine.Debug:ExtractStackTraceNoAlloc (byte*,int,string)
UnityEngine.StackTraceUtility:ExtractStackTrace ()
UnityEngine.Object:Destroy (UnityEngine.Object,single)
UnityEngine.Object:Destroy (UnityEngine.Object)
QuizBattle.Arena.GridController:CreateTile (int,int,UnityEngine.Color) (at Assets/Scripts/Arena/GridController.cs:57)
QuizBattle.Arena.GridController:BuildGrid (int,int,int) (at Assets/Scripts/Arena/GridController.cs:42)
ArenaDemoRunner:RunVfxShowcase () (at Assets/Editor/ArenaDemoRunner.cs:68)
ArenaDemoRunner:Run () (at Assets/Editor/ArenaDemoRunner.cs:23)

[Assets/Scripts/Arena/GridController.cs line 42]

Tile_4_3: Destroy may not be called from edit mode! Use DestroyImmediate instead.
Destroying an object in edit mode destroys it permanently
UnityEngine.Debug:ExtractStackTraceNoAlloc (byte*,int,string)
UnityEngine.StackTraceUtility:ExtractStackTrace ()
UnityEngine.Object:Destroy (UnityEngine.Object,single)
UnityEngine.Object:Destroy (UnityEngine.Object)
QuizBattle.Arena.GridController:CreateTile (int,int,UnityEngine.Color) (at Assets/Scripts/Arena/GridController.cs:57)
QuizBattle.Arena.GridController:BuildGrid (int,int,int) (at Assets/Scripts/Arena/GridController.cs:42)
ArenaDemoRunner:RunVfxShowcase () (at Assets/Editor/ArenaDemoRunner.cs:68)
ArenaDemoRunner:Run () (at Assets/Editor/ArenaDemoRunner.cs:23)

[Assets/Scripts/Arena/GridController.cs line 42]

Tile_4_4: Destroy may not be called from edit mode! Use DestroyImmediate instead.
Destroying an object in edit mode destroys it permanently
UnityEngine.Debug:ExtractStackTraceNoAlloc (byte*,int,string)
UnityEngine.StackTraceUtility:ExtractStackTrace ()
UnityEngine.Object:Destroy (UnityEngine.Object,single)
UnityEngine.Object:Destroy (UnityEngine.Object)
QuizBattle.Arena.GridController:CreateTile (int,int,UnityEngine.Color) (at Assets/Scripts/Arena/GridController.cs:57)
QuizBattle.Arena.GridController:BuildGrid (int,int,int) (at Assets/Scripts/Arena/GridController.cs:42)
ArenaDemoRunner:RunVfxShowcase () (at Assets/Editor/ArenaDemoRunner.cs:68)
ArenaDemoRunner:Run () (at Assets/Editor/ArenaDemoRunner.cs:23)

[Assets/Scripts/Arena/GridController.cs line 42]

Tile_4_5: Destroy may not be called from edit mode! Use DestroyImmediate instead.
Destroying an object in edit mode destroys it permanently
UnityEngine.Debug:ExtractStackTraceNoAlloc (byte*,int,string)
UnityEngine.StackTraceUtility:ExtractStackTrace ()
UnityEngine.Object:Destroy (UnityEngine.Object,single)
UnityEngine.Object:Destroy (UnityEngine.Object)
QuizBattle.Arena.GridController:CreateTile (int,int,UnityEngine.Color) (at Assets/Scripts/Arena/GridController.cs:57)
QuizBattle.Arena.GridController:BuildGrid (int,int,int) (at Assets/Scripts/Arena/GridController.cs:42)
ArenaDemoRunner:RunVfxShowcase () (at Assets/Editor/ArenaDemoRunner.cs:68)
ArenaDemoRunner:Run () (at Assets/Editor/ArenaDemoRunner.cs:23)

[Assets/Scripts/Arena/GridController.cs line 42]

ZoneGlow_4_5: Destroy may not be called from edit mode! Use DestroyImmediate instead.
Destroying an object in edit mode destroys it permanently
UnityEngine.Debug:ExtractStackTraceNoAlloc (byte*,int,string)
UnityEngine.StackTraceUtility:ExtractStackTrace ()
UnityEngine.Object:Destroy (UnityEngine.Object,single)
UnityEngine.Object:Destroy (UnityEngine.Object)
QuizBattle.Arena.GridController:CreateZoneGlow (int,int) (at Assets/Scripts/Arena/GridController.cs:99)
QuizBattle.Arena.GridController:BuildGrid (int,int,int) (at Assets/Scripts/Arena/GridController.cs:43)
ArenaDemoRunner:RunVfxShowcase () (at Assets/Editor/ArenaDemoRunner.cs:68)
ArenaDemoRunner:Run () (at Assets/Editor/ArenaDemoRunner.cs:23)

[Assets/Scripts/Arena/GridController.cs line 99]

Tile_5_0: Destroy may not be called from edit mode! Use DestroyImmediate instead.
Destroying an object in edit mode destroys it permanently
UnityEngine.Debug:ExtractStackTraceNoAlloc (byte*,int,string)
UnityEngine.StackTraceUtility:ExtractStackTrace ()
UnityEngine.Object:Destroy (UnityEngine.Object,single)
UnityEngine.Object:Destroy (UnityEngine.Object)
QuizBattle.Arena.GridController:CreateTile (int,int,UnityEngine.Color) (at Assets/Scripts/Arena/GridController.cs:57)
QuizBattle.Arena.GridController:BuildGrid (int,int,int) (at Assets/Scripts/Arena/GridController.cs:42)
ArenaDemoRunner:RunVfxShowcase () (at Assets/Editor/ArenaDemoRunner.cs:68)
ArenaDemoRunner:Run () (at Assets/Editor/ArenaDemoRunner.cs:23)

[Assets/Scripts/Arena/GridController.cs line 42]

Tile_5_1: Destroy may not be called from edit mode! Use DestroyImmediate instead.
Destroying an object in edit mode destroys it permanently
UnityEngine.Debug:ExtractStackTraceNoAlloc (byte*,int,string)
UnityEngine.StackTraceUtility:ExtractStackTrace ()
UnityEngine.Object:Destroy (UnityEngine.Object,single)
UnityEngine.Object:Destroy (UnityEngine.Object)
QuizBattle.Arena.GridController:CreateTile (int,int,UnityEngine.Color) (at Assets/Scripts/Arena/GridController.cs:57)
QuizBattle.Arena.GridController:BuildGrid (int,int,int) (at Assets/Scripts/Arena/GridController.cs:42)
ArenaDemoRunner:RunVfxShowcase () (at Assets/Editor/ArenaDemoRunner.cs:68)
ArenaDemoRunner:Run () (at Assets/Editor/ArenaDemoRunner.cs:23)

[Assets/Scripts/Arena/GridController.cs line 42]

Tile_5_2: Destroy may not be called from edit mode! Use DestroyImmediate instead.
Destroying an object in edit mode destroys it permanently
UnityEngine.Debug:ExtractStackTraceNoAlloc (byte*,int,string)
UnityEngine.StackTraceUtility:ExtractStackTrace ()
UnityEngine.Object:Destroy (UnityEngine.Object,single)
UnityEngine.Object:Destroy (UnityEngine.Object)
QuizBattle.Arena.GridController:CreateTile (int,int,UnityEngine.Color) (at Assets/Scripts/Arena/GridController.cs:57)
QuizBattle.Arena.GridController:BuildGrid (int,int,int) (at Assets/Scripts/Arena/GridController.cs:42)
ArenaDemoRunner:RunVfxShowcase () (at Assets/Editor/ArenaDemoRunner.cs:68)
ArenaDemoRunner:Run () (at Assets/Editor/ArenaDemoRunner.cs:23)

[Assets/Scripts/Arena/GridController.cs line 42]

Tile_5_3: Destroy may not be called from edit mode! Use DestroyImmediate instead.
Destroying an object in edit mode destroys it permanently
UnityEngine.Debug:ExtractStackTraceNoAlloc (byte*,int,string)
UnityEngine.StackTraceUtility:ExtractStackTrace ()
UnityEngine.Object:Destroy (UnityEngine.Object,single)
UnityEngine.Object:Destroy (UnityEngine.Object)
QuizBattle.Arena.GridController:CreateTile (int,int,UnityEngine.Color) (at Assets/Scripts/Arena/GridController.cs:57)
QuizBattle.Arena.GridController:BuildGrid (int,int,int) (at Assets/Scripts/Arena/GridController.cs:42)
ArenaDemoRunner:RunVfxShowcase () (at Assets/Editor/ArenaDemoRunner.cs:68)
ArenaDemoRunner:Run () (at Assets/Editor/ArenaDemoRunner.cs:23)

[Assets/Scripts/Arena/GridController.cs line 42]

Tile_5_4: Destroy may not be called from edit mode! Use DestroyImmediate instead.
Destroying an object in edit mode destroys it permanently
UnityEngine.Debug:ExtractStackTraceNoAlloc (byte*,int,string)
UnityEngine.StackTraceUtility:ExtractStackTrace ()
UnityEngine.Object:Destroy (UnityEngine.Object,single)
UnityEngine.Object:Destroy (UnityEngine.Object)
QuizBattle.Arena.GridController:CreateTile (int,int,UnityEngine.Color) (at Assets/Scripts/Arena/GridController.cs:57)
QuizBattle.Arena.GridController:BuildGrid (int,int,int) (at Assets/Scripts/Arena/GridController.cs:42)
ArenaDemoRunner:RunVfxShowcase () (at Assets/Editor/ArenaDemoRunner.cs:68)
ArenaDemoRunner:Run () (at Assets/Editor/ArenaDemoRunner.cs:23)

[Assets/Scripts/Arena/GridController.cs line 42]

Tile_5_5: Destroy may not be called from edit mode! Use DestroyImmediate instead.
Destroying an object in edit mode destroys it permanently
UnityEngine.Debug:ExtractStackTraceNoAlloc (byte*,int,string)
UnityEngine.StackTraceUtility:ExtractStackTrace ()
UnityEngine.Object:Destroy (UnityEngine.Object,single)
UnityEngine.Object:Destroy (UnityEngine.Object)
QuizBattle.Arena.GridController:CreateTile (int,int,UnityEngine.Color) (at Assets/Scripts/Arena/GridController.cs:57)
QuizBattle.Arena.GridController:BuildGrid (int,int,int) (at Assets/Scripts/Arena/GridController.cs:42)
ArenaDemoRunner:RunVfxShowcase () (at Assets/Editor/ArenaDemoRunner.cs:68)
ArenaDemoRunner:Run () (at Assets/Editor/ArenaDemoRunner.cs:23)

[Assets/Scripts/Arena/GridController.cs line 42]

ZoneGlow_5_5: Destroy may not be called from edit mode! Use DestroyImmediate instead.
Destroying an object in edit mode destroys it permanently
UnityEngine.Debug:ExtractStackTraceNoAlloc (byte*,int,string)
UnityEngine.StackTraceUtility:ExtractStackTrace ()
UnityEngine.Object:Destroy (UnityEngine.Object,single)
UnityEngine.Object:Destroy (UnityEngine.Object)
QuizBattle.Arena.GridController:CreateZoneGlow (int,int) (at Assets/Scripts/Arena/GridController.cs:99)
QuizBattle.Arena.GridController:BuildGrid (int,int,int) (at Assets/Scripts/Arena/GridController.cs:43)
ArenaDemoRunner:RunVfxShowcase () (at Assets/Editor/ArenaDemoRunner.cs:68)
ArenaDemoRunner:Run () (at Assets/Editor/ArenaDemoRunner.cs:23)

[Assets/Scripts/Arena/GridController.cs line 99]

Tile_6_0: Destroy may not be called from edit mode! Use DestroyImmediate instead.
Destroying an object in edit mode destroys it permanently
UnityEngine.Debug:ExtractStackTraceNoAlloc (byte*,int,string)
UnityEngine.StackTraceUtility:ExtractStackTrace ()
UnityEngine.Object:Destroy (UnityEngine.Object,single)
UnityEngine.Object:Destroy (UnityEngine.Object)
QuizBattle.Arena.GridController:CreateTile (int,int,UnityEngine.Color) (at Assets/Scripts/Arena/GridController.cs:57)
QuizBattle.Arena.GridController:BuildGrid (int,int,int) (at Assets/Scripts/Arena/GridController.cs:42)
ArenaDemoRunner:RunVfxShowcase () (at Assets/Editor/ArenaDemoRunner.cs:68)
ArenaDemoRunner:Run () (at Assets/Editor/ArenaDemoRunner.cs:23)

[Assets/Scripts/Arena/GridController.cs line 42]

Tile_6_1: Destroy may not be called from edit mode! Use DestroyImmediate instead.
Destroying an object in edit mode destroys it permanently
UnityEngine.Debug:ExtractStackTraceNoAlloc (byte*,int,string)
UnityEngine.StackTraceUtility:ExtractStackTrace ()
UnityEngine.Object:Destroy (UnityEngine.Object,single)
UnityEngine.Object:Destroy (UnityEngine.Object)
QuizBattle.Arena.GridController:CreateTile (int,int,UnityEngine.Color) (at Assets/Scripts/Arena/GridController.cs:57)
QuizBattle.Arena.GridController:BuildGrid (int,int,int) (at Assets/Scripts/Arena/GridController.cs:42)
ArenaDemoRunner:RunVfxShowcase () (at Assets/Editor/ArenaDemoRunner.cs:68)
ArenaDemoRunner:Run () (at Assets/Editor/ArenaDemoRunner.cs:23)

[Assets/Scripts/Arena/GridController.cs line 42]

Tile_6_2: Destroy may not be called from edit mode! Use DestroyImmediate instead.
Destroying an object in edit mode destroys it permanently
UnityEngine.Debug:ExtractStackTraceNoAlloc (byte*,int,string)
UnityEngine.StackTraceUtility:ExtractStackTrace ()
UnityEngine.Object:Destroy (UnityEngine.Object,single)
UnityEngine.Object:Destroy (UnityEngine.Object)
QuizBattle.Arena.GridController:CreateTile (int,int,UnityEngine.Color) (at Assets/Scripts/Arena/GridController.cs:57)
QuizBattle.Arena.GridController:BuildGrid (int,int,int) (at Assets/Scripts/Arena/GridController.cs:42)
ArenaDemoRunner:RunVfxShowcase () (at Assets/Editor/ArenaDemoRunner.cs:68)
ArenaDemoRunner:Run () (at Assets/Editor/ArenaDemoRunner.cs:23)

[Assets/Scripts/Arena/GridController.cs line 42]

Tile_6_3: Destroy may not be called from edit mode! Use DestroyImmediate instead.
Destroying an object in edit mode destroys it permanently
UnityEngine.Debug:ExtractStackTraceNoAlloc (byte*,int,string)
UnityEngine.StackTraceUtility:ExtractStackTrace ()
UnityEngine.Object:Destroy (UnityEngine.Object,single)
UnityEngine.Object:Destroy (UnityEngine.Object)
QuizBattle.Arena.GridController:CreateTile (int,int,UnityEngine.Color) (at Assets/Scripts/Arena/GridController.cs:57)
QuizBattle.Arena.GridController:BuildGrid (int,int,int) (at Assets/Scripts/Arena/GridController.cs:42)
ArenaDemoRunner:RunVfxShowcase () (at Assets/Editor/ArenaDemoRunner.cs:68)
ArenaDemoRunner:Run () (at Assets/Editor/ArenaDemoRunner.cs:23)

[Assets/Scripts/Arena/GridController.cs line 42]

Tile_6_4: Destroy may not be called from edit mode! Use DestroyImmediate instead.
Destroying an object in edit mode destroys it permanently
UnityEngine.Debug:ExtractStackTraceNoAlloc (byte*,int,string)
UnityEngine.StackTraceUtility:ExtractStackTrace ()
UnityEngine.Object:Destroy (UnityEngine.Object,single)
UnityEngine.Object:Destroy (UnityEngine.Object)
QuizBattle.Arena.GridController:CreateTile (int,int,UnityEngine.Color) (at Assets/Scripts/Arena/GridController.cs:57)
QuizBattle.Arena.GridController:BuildGrid (int,int,int) (at Assets/Scripts/Arena/GridController.cs:42)
ArenaDemoRunner:RunVfxShowcase () (at Assets/Editor/ArenaDemoRunner.cs:68)
ArenaDemoRunner:Run () (at Assets/Editor/ArenaDemoRunner.cs:23)

[Assets/Scripts/Arena/GridController.cs line 42]

Tile_6_5: Destroy may not be called from edit mode! Use DestroyImmediate instead.
Destroying an object in edit mode destroys it permanently
UnityEngine.Debug:ExtractStackTraceNoAlloc (byte*,int,string)
UnityEngine.StackTraceUtility:ExtractStackTrace ()
UnityEngine.Object:Destroy (UnityEngine.Object,single)
UnityEngine.Object:Destroy (UnityEngine.Object)
QuizBattle.Arena.GridController:CreateTile (int,int,UnityEngine.Color) (at Assets/Scripts/Arena/GridController.cs:57)
QuizBattle.Arena.GridController:BuildGrid (int,int,int) (at Assets/Scripts/Arena/GridController.cs:42)
ArenaDemoRunner:RunVfxShowcase () (at Assets/Editor/ArenaDemoRunner.cs:68)
ArenaDemoRunner:Run () (at Assets/Editor/ArenaDemoRunner.cs:23)

[Assets/Scripts/Arena/GridController.cs line 42]

ZoneGlow_6_5: Destroy may not be called from edit mode! Use DestroyImmediate instead.
Destroying an object in edit mode destroys it permanently
UnityEngine.Debug:ExtractStackTraceNoAlloc (byte*,int,string)
UnityEngine.StackTraceUtility:ExtractStackTrace ()
UnityEngine.Object:Destroy (UnityEngine.Object,single)
UnityEngine.Object:Destroy (UnityEngine.Object)
QuizBattle.Arena.GridController:CreateZoneGlow (int,int) (at Assets/Scripts/Arena/GridController.cs:99)
QuizBattle.Arena.GridController:BuildGrid (int,int,int) (at Assets/Scripts/Arena/GridController.cs:43)
ArenaDemoRunner:RunVfxShowcase () (at Assets/Editor/ArenaDemoRunner.cs:68)
ArenaDemoRunner:Run () (at Assets/Editor/ArenaDemoRunner.cs:23)

[Assets/Scripts/Arena/GridController.cs line 99]

Tile_7_0: Destroy may not be called from edit mode! Use DestroyImmediate instead.
Destroying an object in edit mode destroys it permanently
UnityEngine.Debug:ExtractStackTraceNoAlloc (byte*,int,string)
UnityEngine.StackTraceUtility:ExtractStackTrace ()
UnityEngine.Object:Destroy (UnityEngine.Object,single)
UnityEngine.Object:Destroy (UnityEngine.Object)
QuizBattle.Arena.GridController:CreateTile (int,int,UnityEngine.Color) (at Assets/Scripts/Arena/GridController.cs:57)
QuizBattle.Arena.GridController:BuildGrid (int,int,int) (at Assets/Scripts/Arena/GridController.cs:42)
ArenaDemoRunner:RunVfxShowcase () (at Assets/Editor/ArenaDemoRunner.cs:68)
ArenaDemoRunner:Run () (at Assets/Editor/ArenaDemoRunner.cs:23)

[Assets/Scripts/Arena/GridController.cs line 42]

Tile_7_1: Destroy may not be called from edit mode! Use DestroyImmediate instead.
Destroying an object in edit mode destroys it permanently
UnityEngine.Debug:ExtractStackTraceNoAlloc (byte*,int,string)
UnityEngine.StackTraceUtility:ExtractStackTrace ()
UnityEngine.Object:Destroy (UnityEngine.Object,single)
UnityEngine.Object:Destroy (UnityEngine.Object)
QuizBattle.Arena.GridController:CreateTile (int,int,UnityEngine.Color) (at Assets/Scripts/Arena/GridController.cs:57)
QuizBattle.Arena.GridController:BuildGrid (int,int,int) (at Assets/Scripts/Arena/GridController.cs:42)
ArenaDemoRunner:RunVfxShowcase () (at Assets/Editor/ArenaDemoRunner.cs:68)
ArenaDemoRunner:Run () (at Assets/Editor/ArenaDemoRunner.cs:23)

[Assets/Scripts/Arena/GridController.cs line 42]

Tile_7_2: Destroy may not be called from edit mode! Use DestroyImmediate instead.
Destroying an object in edit mode destroys it permanently
UnityEngine.Debug:ExtractStackTraceNoAlloc (byte*,int,string)
UnityEngine.StackTraceUtility:ExtractStackTrace ()
UnityEngine.Object:Destroy (UnityEngine.Object,single)
UnityEngine.Object:Destroy (UnityEngine.Object)
QuizBattle.Arena.GridController:CreateTile (int,int,UnityEngine.Color) (at Assets/Scripts/Arena/GridController.cs:57)
QuizBattle.Arena.GridController:BuildGrid (int,int,int) (at Assets/Scripts/Arena/GridController.cs:42)
ArenaDemoRunner:RunVfxShowcase () (at Assets/Editor/ArenaDemoRunner.cs:68)
ArenaDemoRunner:Run () (at Assets/Editor/ArenaDemoRunner.cs:23)

[Assets/Scripts/Arena/GridController.cs line 42]

Tile_7_3: Destroy may not be called from edit mode! Use DestroyImmediate instead.
Destroying an object in edit mode destroys it permanently
UnityEngine.Debug:ExtractStackTraceNoAlloc (byte*,int,string)
UnityEngine.StackTraceUtility:ExtractStackTrace ()
UnityEngine.Object:Destroy (UnityEngine.Object,single)
UnityEngine.Object:Destroy (UnityEngine.Object)
QuizBattle.Arena.GridController:CreateTile (int,int,UnityEngine.Color) (at Assets/Scripts/Arena/GridController.cs:57)
QuizBattle.Arena.GridController:BuildGrid (int,int,int) (at Assets/Scripts/Arena/GridController.cs:42)
ArenaDemoRunner:RunVfxShowcase () (at Assets/Editor/ArenaDemoRunner.cs:68)
ArenaDemoRunner:Run () (at Assets/Editor/ArenaDemoRunner.cs:23)

[Assets/Scripts/Arena/GridController.cs line 42]

Tile_7_4: Destroy may not be called from edit mode! Use DestroyImmediate instead.
Destroying an object in edit mode destroys it permanently
UnityEngine.Debug:ExtractStackTraceNoAlloc (byte*,int,string)
UnityEngine.StackTraceUtility:ExtractStackTrace ()
UnityEngine.Object:Destroy (UnityEngine.Object,single)
UnityEngine.Object:Destroy (UnityEngine.Object)
QuizBattle.Arena.GridController:CreateTile (int,int,UnityEngine.Color) (at Assets/Scripts/Arena/GridController.cs:57)
QuizBattle.Arena.GridController:BuildGrid (int,int,int) (at Assets/Scripts/Arena/GridController.cs:42)
ArenaDemoRunner:RunVfxShowcase () (at Assets/Editor/ArenaDemoRunner.cs:68)
ArenaDemoRunner:Run () (at Assets/Editor/ArenaDemoRunner.cs:23)

[Assets/Scripts/Arena/GridController.cs line 42]

Tile_7_5: Destroy may not be called from edit mode! Use DestroyImmediate instead.
Destroying an object in edit mode destroys it permanently
UnityEngine.Debug:ExtractStackTraceNoAlloc (byte*,int,string)
UnityEngine.StackTraceUtility:ExtractStackTrace ()
UnityEngine.Object:Destroy (UnityEngine.Object,single)
UnityEngine.Object:Destroy (UnityEngine.Object)
QuizBattle.Arena.GridController:CreateTile (int,int,UnityEngine.Color) (at Assets/Scripts/Arena/GridController.cs:57)
QuizBattle.Arena.GridController:BuildGrid (int,int,int) (at Assets/Scripts/Arena/GridController.cs:42)
ArenaDemoRunner:RunVfxShowcase () (at Assets/Editor/ArenaDemoRunner.cs:68)
ArenaDemoRunner:Run () (at Assets/Editor/ArenaDemoRunner.cs:23)

[Assets/Scripts/Arena/GridController.cs line 42]

ZoneGlow_7_5: Destroy may not be called from edit mode! Use DestroyImmediate instead.
Destroying an object in edit mode destroys it permanently
UnityEngine.Debug:ExtractStackTraceNoAlloc (byte*,int,string)
UnityEngine.StackTraceUtility:ExtractStackTrace ()
UnityEngine.Object:Destroy (UnityEngine.Object,single)
UnityEngine.Object:Destroy (UnityEngine.Object)
QuizBattle.Arena.GridController:CreateZoneGlow (int,int) (at Assets/Scripts/Arena/GridController.cs:99)
QuizBattle.Arena.GridController:BuildGrid (int,int,int) (at Assets/Scripts/Arena/GridController.cs:43)
ArenaDemoRunner:RunVfxShowcase () (at Assets/Editor/ArenaDemoRunner.cs:68)
ArenaDemoRunner:Run () (at Assets/Editor/ArenaDemoRunner.cs:23)

[Assets/Scripts/Arena/GridController.cs line 99]

Plinth: Destroy may not be called from edit mode! Use DestroyImmediate instead.
Destroying an object in edit mode destroys it permanently
UnityEngine.Debug:ExtractStackTraceNoAlloc (byte*,int,string)
UnityEngine.StackTraceUtility:ExtractStackTrace ()
UnityEngine.Object:Destroy (UnityEngine.Object,single)
UnityEngine.Object:Destroy (UnityEngine.Object)
QuizBattle.Arena.GridController:CreatePlinth (int,int) (at Assets/Scripts/Arena/GridController.cs:113)
QuizBattle.Arena.GridController:BuildGrid (int,int,int) (at Assets/Scripts/Arena/GridController.cs:47)
ArenaDemoRunner:RunVfxShowcase () (at Assets/Editor/ArenaDemoRunner.cs:68)
ArenaDemoRunner:Run () (at Assets/Editor/ArenaDemoRunner.cs:23)

[Assets/Scripts/Arena/GridController.cs line 113]

Vfx_Streaks: Destroy may not be called from edit mode! Use DestroyImmediate instead.
Destroying an object in edit mode destroys it permanently
UnityEngine.Debug:ExtractStackTraceNoAlloc (byte*,int,string)
UnityEngine.StackTraceUtility:ExtractStackTrace ()
UnityEngine.Object:Destroy (UnityEngine.Object,single)
QuizBattle.Arena.Vfx.ParticleFactory:Streaks (UnityEngine.Vector3,UnityEngine.Vector3,UnityEngine.Color,single,int) (at Assets/Scripts/Arena/Vfx/ParticleFactory.cs:103)
QuizBattle.Arena.Vfx.AbilityVfxPlayer:PlayFireball (UnityEngine.Vector3,UnityEngine.Vector3,System.Collections.Generic.List`1<UnityEngine.ParticleSystem>) (at Assets/Scripts/Arena/Vfx/AbilityVfxPlayer.cs:49)
QuizBattle.Arena.Vfx.AbilityVfxPlayer:Play (string,UnityEngine.Vector3,UnityEngine.Vector3,bool) (at Assets/Scripts/Arena/Vfx/AbilityVfxPlayer.cs:24)
ArenaDemoRunner:RunVfxShowcase () (at Assets/Editor/ArenaDemoRunner.cs:72)
ArenaDemoRunner:Run () (at Assets/Editor/ArenaDemoRunner.cs:23)

[Assets/Editor/ArenaDemoRunner.cs line 72]

Vfx_Burst: Destroy may not be called from edit mode! Use DestroyImmediate instead.
Destroying an object in edit mode destroys it permanently
UnityEngine.Debug:ExtractStackTraceNoAlloc (byte*,int,string)
UnityEngine.StackTraceUtility:ExtractStackTrace ()
UnityEngine.Object:Destroy (UnityEngine.Object,single)
QuizBattle.Arena.Vfx.ParticleFactory:Burst (UnityEngine.Vector3,UnityEngine.Color,single,int,single,single) (at Assets/Scripts/Arena/Vfx/ParticleFactory.cs:51)
QuizBattle.Arena.Vfx.AbilityVfxPlayer:PlayFireball (UnityEngine.Vector3,UnityEngine.Vector3,System.Collections.Generic.List`1<UnityEngine.ParticleSystem>) (at Assets/Scripts/Arena/Vfx/AbilityVfxPlayer.cs:50)
QuizBattle.Arena.Vfx.AbilityVfxPlayer:Play (string,UnityEngine.Vector3,UnityEngine.Vector3,bool) (at Assets/Scripts/Arena/Vfx/AbilityVfxPlayer.cs:24)
ArenaDemoRunner:RunVfxShowcase () (at Assets/Editor/ArenaDemoRunner.cs:72)
ArenaDemoRunner:Run () (at Assets/Editor/ArenaDemoRunner.cs:23)

[Assets/Editor/ArenaDemoRunner.cs line 72]

Vfx_RingWave: Destroy may not be called from edit mode! Use DestroyImmediate instead.
Destroying an object in edit mode destroys it permanently
UnityEngine.Debug:ExtractStackTraceNoAlloc (byte*,int,string)
UnityEngine.StackTraceUtility:ExtractStackTrace ()
UnityEngine.Object:Destroy (UnityEngine.Object,single)
QuizBattle.Arena.Vfx.ParticleFactory:RingWave (UnityEngine.Vector3,UnityEngine.Color,single,single,single,bool) (at Assets/Scripts/Arena/Vfx/ParticleFactory.cs:151)
QuizBattle.Arena.Vfx.AbilityVfxPlayer:PlayShieldShimmer (UnityEngine.Vector3,System.Collections.Generic.List`1<UnityEngine.ParticleSystem>) (at Assets/Scripts/Arena/Vfx/AbilityVfxPlayer.cs:56)
QuizBattle.Arena.Vfx.AbilityVfxPlayer:Play (string,UnityEngine.Vector3,UnityEngine.Vector3,bool) (at Assets/Scripts/Arena/Vfx/AbilityVfxPlayer.cs:27)
ArenaDemoRunner:RunVfxShowcase () (at Assets/Editor/ArenaDemoRunner.cs:73)
ArenaDemoRunner:Run () (at Assets/Editor/ArenaDemoRunner.cs:23)

[Assets/Editor/ArenaDemoRunner.cs line 73]

Vfx_Streaks: Destroy may not be called from edit mode! Use DestroyImmediate instead.
Destroying an object in edit mode destroys it permanently
UnityEngine.Debug:ExtractStackTraceNoAlloc (byte*,int,string)
UnityEngine.StackTraceUtility:ExtractStackTrace ()
UnityEngine.Object:Destroy (UnityEngine.Object,single)
QuizBattle.Arena.Vfx.ParticleFactory:Streaks (UnityEngine.Vector3,UnityEngine.Vector3,UnityEngine.Color,single,int) (at Assets/Scripts/Arena/Vfx/ParticleFactory.cs:103)
QuizBattle.Arena.Vfx.AbilityVfxPlayer:PlayWindTrail (UnityEngine.Vector3,UnityEngine.Vector3,System.Collections.Generic.List`1<UnityEngine.ParticleSystem>) (at Assets/Scripts/Arena/Vfx/AbilityVfxPlayer.cs:62)
QuizBattle.Arena.Vfx.AbilityVfxPlayer:Play (string,UnityEngine.Vector3,UnityEngine.Vector3,bool) (at Assets/Scripts/Arena/Vfx/AbilityVfxPlayer.cs:30)
ArenaDemoRunner:RunVfxShowcase () (at Assets/Editor/ArenaDemoRunner.cs:74)
ArenaDemoRunner:Run () (at Assets/Editor/ArenaDemoRunner.cs:23)

[Assets/Editor/ArenaDemoRunner.cs line 74]

Vfx_RingWave: Destroy may not be called from edit mode! Use DestroyImmediate instead.
Destroying an object in edit mode destroys it permanently
UnityEngine.Debug:ExtractStackTraceNoAlloc (byte*,int,string)
UnityEngine.StackTraceUtility:ExtractStackTrace ()
UnityEngine.Object:Destroy (UnityEngine.Object,single)
QuizBattle.Arena.Vfx.ParticleFactory:RingWave (UnityEngine.Vector3,UnityEngine.Color,single,single,single,bool) (at Assets/Scripts/Arena/Vfx/ParticleFactory.cs:151)
QuizBattle.Arena.Vfx.AbilityVfxPlayer:PlayWindTrail (UnityEngine.Vector3,UnityEngine.Vector3,System.Collections.Generic.List`1<UnityEngine.ParticleSystem>) (at Assets/Scripts/Arena/Vfx/AbilityVfxPlayer.cs:63)
QuizBattle.Arena.Vfx.AbilityVfxPlayer:Play (string,UnityEngine.Vector3,UnityEngine.Vector3,bool) (at Assets/Scripts/Arena/Vfx/AbilityVfxPlayer.cs:30)
ArenaDemoRunner:RunVfxShowcase () (at Assets/Editor/ArenaDemoRunner.cs:74)
ArenaDemoRunner:Run () (at Assets/Editor/ArenaDemoRunner.cs:23)

[Assets/Editor/ArenaDemoRunner.cs line 74]

Vfx_Beam: Destroy may not be called from edit mode! Use DestroyImmediate instead.
Destroying an object in edit mode destroys it permanently
UnityEngine.Debug:ExtractStackTraceNoAlloc (byte*,int,string)
UnityEngine.StackTraceUtility:ExtractStackTrace ()
UnityEngine.Object:Destroy (UnityEngine.Object,single)
UnityEngine.Object:Destroy (UnityEngine.Object)
QuizBattle.Arena.Vfx.ParticleFactory:Beam (UnityEngine.Vector3,UnityEngine.Vector3,UnityEngine.Color,single,single) (at Assets/Scripts/Arena/Vfx/ParticleFactory.cs:162)
QuizBattle.Arena.Vfx.AbilityVfxPlayer:PlayLifeDrain (UnityEngine.Vector3,UnityEngine.Vector3,System.Collections.Generic.List`1<UnityEngine.ParticleSystem>) (at Assets/Scripts/Arena/Vfx/AbilityVfxPlayer.cs:70)
QuizBattle.Arena.Vfx.AbilityVfxPlayer:Play (string,UnityEngine.Vector3,UnityEngine.Vector3,bool) (at Assets/Scripts/Arena/Vfx/AbilityVfxPlayer.cs:33)
ArenaDemoRunner:RunVfxShowcase () (at Assets/Editor/ArenaDemoRunner.cs:75)
ArenaDemoRunner:Run () (at Assets/Editor/ArenaDemoRunner.cs:23)

[Assets/Editor/ArenaDemoRunner.cs line 75]

Vfx_Beam: Destroy may not be called from edit mode! Use DestroyImmediate instead.
Destroying an object in edit mode destroys it permanently
UnityEngine.Debug:ExtractStackTraceNoAlloc (byte*,int,string)
UnityEngine.StackTraceUtility:ExtractStackTrace ()
UnityEngine.Object:Destroy (UnityEngine.Object,single)
QuizBattle.Arena.Vfx.ParticleFactory:Beam (UnityEngine.Vector3,UnityEngine.Vector3,UnityEngine.Color,single,single) (at Assets/Scripts/Arena/Vfx/ParticleFactory.cs:177)
QuizBattle.Arena.Vfx.AbilityVfxPlayer:PlayLifeDrain (UnityEngine.Vector3,UnityEngine.Vector3,System.Collections.Generic.List`1<UnityEngine.ParticleSystem>) (at Assets/Scripts/Arena/Vfx/AbilityVfxPlayer.cs:70)
QuizBattle.Arena.Vfx.AbilityVfxPlayer:Play (string,UnityEngine.Vector3,UnityEngine.Vector3,bool) (at Assets/Scripts/Arena/Vfx/AbilityVfxPlayer.cs:33)
ArenaDemoRunner:RunVfxShowcase () (at Assets/Editor/ArenaDemoRunner.cs:75)
ArenaDemoRunner:Run () (at Assets/Editor/ArenaDemoRunner.cs:23)

[Assets/Editor/ArenaDemoRunner.cs line 75]

Vfx_Burst: Destroy may not be called from edit mode! Use DestroyImmediate instead.
Destroying an object in edit mode destroys it permanently
UnityEngine.Debug:ExtractStackTraceNoAlloc (byte*,int,string)
UnityEngine.StackTraceUtility:ExtractStackTrace ()
UnityEngine.Object:Destroy (UnityEngine.Object,single)
QuizBattle.Arena.Vfx.ParticleFactory:Burst (UnityEngine.Vector3,UnityEngine.Color,single,int,single,single) (at Assets/Scripts/Arena/Vfx/ParticleFactory.cs:51)
QuizBattle.Arena.Vfx.AbilityVfxPlayer:PlayLifeDrain (UnityEngine.Vector3,UnityEngine.Vector3,System.Collections.Generic.List`1<UnityEngine.ParticleSystem>) (at Assets/Scripts/Arena/Vfx/AbilityVfxPlayer.cs:71)
QuizBattle.Arena.Vfx.AbilityVfxPlayer:Play (string,UnityEngine.Vector3,UnityEngine.Vector3,bool) (at Assets/Scripts/Arena/Vfx/AbilityVfxPlayer.cs:33)
ArenaDemoRunner:RunVfxShowcase () (at Assets/Editor/ArenaDemoRunner.cs:75)
ArenaDemoRunner:Run () (at Assets/Editor/ArenaDemoRunner.cs:23)

[Assets/Editor/ArenaDemoRunner.cs line 75]

Vfx_Burst: Destroy may not be called from edit mode! Use DestroyImmediate instead.
Destroying an object in edit mode destroys it permanently
UnityEngine.Debug:ExtractStackTraceNoAlloc (byte*,int,string)
UnityEngine.StackTraceUtility:ExtractStackTrace ()
UnityEngine.Object:Destroy (UnityEngine.Object,single)
QuizBattle.Arena.Vfx.ParticleFactory:Burst (UnityEngine.Vector3,UnityEngine.Color,single,int,single,single) (at Assets/Scripts/Arena/Vfx/ParticleFactory.cs:51)
QuizBattle.Arena.Vfx.AbilityVfxPlayer:PlayBasicStrike (UnityEngine.Vector3,System.Collections.Generic.List`1<UnityEngine.ParticleSystem>) (at Assets/Scripts/Arena/Vfx/AbilityVfxPlayer.cs:76)
QuizBattle.Arena.Vfx.AbilityVfxPlayer:Play (string,UnityEngine.Vector3,UnityEngine.Vector3,bool) (at Assets/Scripts/Arena/Vfx/AbilityVfxPlayer.cs:37)
ArenaDemoRunner:RunVfxShowcase () (at Assets/Editor/ArenaDemoRunner.cs:76)
ArenaDemoRunner:Run () (at Assets/Editor/ArenaDemoRunner.cs:23)

[Assets/Editor/ArenaDemoRunner.cs line 76]

Vfx_Burst: Destroy may not be called from edit mode! Use DestroyImmediate instead.
Destroying an object in edit mode destroys it permanently
UnityEngine.Debug:ExtractStackTraceNoAlloc (byte*,int,string)
UnityEngine.StackTraceUtility:ExtractStackTrace ()
UnityEngine.Object:Destroy (UnityEngine.Object,single)
QuizBattle.Arena.Vfx.ParticleFactory:Burst (UnityEngine.Vector3,UnityEngine.Color,single,int,single,single) (at Assets/Scripts/Arena/Vfx/ParticleFactory.cs:51)
QuizBattle.Arena.Vfx.AbilityVfxPlayer:PlayEliminated (UnityEngine.Vector3,System.Collections.Generic.List`1<UnityEngine.ParticleSystem>) (at Assets/Scripts/Arena/Vfx/AbilityVfxPlayer.cs:81)
QuizBattle.Arena.Vfx.AbilityVfxPlayer:Play (string,UnityEngine.Vector3,UnityEngine.Vector3,bool) (at Assets/Scripts/Arena/Vfx/AbilityVfxPlayer.cs:41)
ArenaDemoRunner:RunVfxShowcase () (at Assets/Editor/ArenaDemoRunner.cs:76)
ArenaDemoRunner:Run () (at Assets/Editor/ArenaDemoRunner.cs:23)

[Assets/Editor/ArenaDemoRunner.cs line 76]

[ArenaDemoRunner:vfx-showcase] spawned 8 particle systems across 5 ability tags
UnityEngine.Debug:ExtractStackTraceNoAlloc (byte*,int,string)
UnityEngine.StackTraceUtility:ExtractStackTrace ()
UnityEngine.DebugLogHandler:Internal_Log (UnityEngine.LogType,UnityEngine.LogOption,string,UnityEngine.Object)
UnityEngine.DebugLogHandler:LogFormat (UnityEngine.LogType,UnityEngine.Object,string,object[])
UnityEngine.Logger:Log (UnityEngine.LogType,object)
UnityEngine.Debug:Log (object)
ArenaDemoRunner:RunVfxShowcase () (at Assets/Editor/ArenaDemoRunner.cs:80)
ArenaDemoRunner:Run () (at Assets/Editor/ArenaDemoRunner.cs:23)

(Filename: Assets/Editor/ArenaDemoRunner.cs Line: 80)

[ArenaDemoRunner] screenshot saved to D:/temp\vfx-showcase.png
UnityEngine.Debug:ExtractStackTraceNoAlloc (byte*,int,string)
UnityEngine.StackTraceUtility:ExtractStackTrace ()
UnityEngine.DebugLogHandler:Internal_Log (UnityEngine.LogType,UnityEngine.LogOption,string,UnityEngine.Object)
UnityEngine.DebugLogHandler:LogFormat (UnityEngine.LogType,UnityEngine.Object,string,object[])
UnityEngine.Logger:Log (UnityEngine.LogType,object)
UnityEngine.Debug:Log (object)
ArenaDemoRunner:CaptureScreenshot (string) (at Assets/Editor/ArenaDemoRunner.cs:136)
ArenaDemoRunner:RunVfxShowcase () (at Assets/Editor/ArenaDemoRunner.cs:81)
ArenaDemoRunner:Run () (at Assets/Editor/ArenaDemoRunner.cs:23)

(Filename: Assets/Editor/ArenaDemoRunner.cs Line: 136)

MonoPathRemapper: Attempts to remap: 17200; Successful remaps: 0
Serialized file version minimum: 23, current 23
Killing ADB server in 2.1213439 seconds.
[Physics::Module] Cleanup current backend.
[Physics::Module] Id: 0xf2b8ea05
Input System module state changed to: ShutdownInProgress.
Input Polling Thread exited.
Input System module state changed to: Shutdown.
[Licensing::IpcConnector] LicenseClient-engmh-6000.5.7-notifications channel disconnected successfully.
[Licensing::IpcConnector] LicenseClient-engmh-6000.5.7 channel disconnected successfully.
Shut down.
AcceleratorClientConnectionCallback - disconnected - :0
Cleanup mono
CodeReloadManager destroyed
abort_threads: Failed aborting id: 00000000000116E4, mono_thread_manage will ignore it

abort_threads: Failed aborting id: 00000000000107F0, mono_thread_manage will ignore it

abort_threads: Failed aborting id: 00000000000116E4, mono_thread_manage will ignore it

abort_threads: Failed aborting id: 00000000000107F0, mono_thread_manage will ignore it

debugger-agent: Unable to listen on 3472
Checking for leaked weakptr:
  Found no leaked weakptrs.
[Package Manager] Server process was shutdown
##utp:{"type":"MemoryLeaks","version":2,"phase":"Immediate","time":1786325352660,"processId":52308,"allocatedMemory":17519720,"memoryLabels":[{"Default":230888},{"Permanent":15516},{"NewDelete":67083},{"Thread":4205176},{"Manager":819461},{"VertexData":8},{"Geometry":816},{"Texture":24},{"Shader":847834},{"Material":24},{"GfxDevice":58448},{"Animation":61304},{"Audio":1544},{"FreeType":8},{"FontEngine":736},{"Physics":2146},{"Physics2D":16},{"Serialization":4216},{"Input":42840},{"JobScheduler":256},{"TextLib":280},{"Mono":48},{"MonoCode":64},{"ScriptingNativeRuntime":1634444},{"BaseObject":1622216},{"Resource":1208},{"Renderer":3080},{"Transform":4685},{"File":1032},{"WebCam":616},{"Culling":32},{"Terrain":11442},{"Wind":24},{"STL":40},{"String":18067},{"StaticString":3808},{"Utility":2673238},{"Curl":2559},{"PoolAlloc":2360},{"AI":80},{"TypeTree":25389},{"CodeReload":448},{"RuntimeInitializeOnLoadManager":64},{"Sprites":102},{"SpriteAtlas":120},{"GI":7816},{"CloudService":9368},{"WebRequest":552},{"VR":47114},{"SceneManager":608},{"Video":64},{"LazyScriptCache":32},{"Camera":17},{"Secure":2377},{"SerializationCache":1576},{"APIUpdating":10320},{"Subsystems":336},{"VirtualTexturing":57888},{"StaticSafetyDebugInfo":278528},{"Analytics":552},{"Hierarchy":1176},{"UIElements":72},{"CoreStats":13688},{"Identifiers":6768},{"Gui":128},{"EditorUtility":124083},{"VersionControl":8},{"Undo":931},{"AssetDatabase":4588138},{"AssetImporter":40},{"EditorGi":328},{"UnityConnect":38905},{"Upm":1912},{"UpmDiagnostics":8},{"AssetCompliance":64},{"DrivenProperties":72},{"LocalIPC":211},{"ProfilerEditor":9746},{"CoreBusinessMetrics":3480},{"Windowing":456},{"Licensing":664},{"AssetReference":32},{"IPCStream":32}]}
