[Licensing::Module] Trying to connect to existing licensing client channel...
[Licensing::IpcConnector] Successfully connected to: "LicenseClient-engmh" at "2026-08-10T01:29:53.5705453Z"
Built from '6000.5/staging' branch; Version is '6000.5.7f1 (017862109af0) revision 96354'; Using compiler version '194234433'; Build Type 'Release'
OS: 'Windows 11  (10.0.26200) Professional' Language: 'en' Physical Memory: 32368 MB
BatchMode: 1, IsHumanControllingUs: 0, StartBugReporterOnCrash: 0, Is64bit: 1
System  architecture: x64
Process architecture: x64
Date: 2026-08-10T01:29:53Z

COMMAND LINE ARGUMENTS:
D:\Program Files\Editor\6000.5.7f1\Editor\Unity.exe
-batchmode
-projectPath
D:\game\game-client
-executeMethod
ArenaDemoRunner.Run
-quit
-logFile
D:\game\unity-demo-run-final.log
Successfully changed project path to: D:\game\game-client
D:/game/game-client
[UnityMemory] Configuration Parameters - Can be set up in boot.config
    "memorysetup-temp-allocator-size-gi-baking-worker=262144"
    "memorysetup-temp-allocator-size-gi-baking-worker=262144"
    "memorysetup-temp-allocator-size-gi-baking-worker=262144"
    "memorysetup-temp-allocator-size-gi-baking-worker=262144"
    "memorysetup-temp-allocator-size-gi-baking-worker=262144"
    "memorysetup-temp-allocator-size-nav-mesh-worker=65536"
    "memorysetup-temp-allocator-size-audio-worker=65536"
    "memorysetup-temp-allocator-size-cloud-worker=32768"
    "memorysetup-temp-allocator-size-gfx=262144"
    "memorysetup-temp-allocator-size-preload-manager=33554432"
    "memorysetup-allocator-temp-initial-block-size-main=262144"
    "memorysetup-allocator-temp-initial-block-size-worker=262144"
    "memorysetup-temp-allocator-size-job-worker=262144"
    "memorysetup-temp-allocator-size-background-worker=32768"
    "memorysetup-bucket-allocator-granularity=16"
    "memorysetup-bucket-allocator-bucket-count=8"
    "memorysetup-bucket-allocator-block-size=33554432"
    "memorysetup-bucket-allocator-block-count=8"
    "memorysetup-main-allocator-block-size=16777216"
    "memorysetup-thread-allocator-block-size=16777216"
    "memorysetup-main-allocator-mimalloc-enabled=0"
    "memorysetup-gfx-main-allocator-block-size=16777216"
    "memorysetup-gfx-thread-allocator-block-size=16777216"
    "memorysetup-cache-allocator-block-size=4194304"
    "memorysetup-typetree-allocator-block-size=2097152"
    "memorysetup-profiler-bucket-allocator-granularity=16"
    "memorysetup-profiler-bucket-allocator-bucket-count=8"
    "memorysetup-profiler-bucket-allocator-block-size=33554432"
    "memorysetup-profiler-bucket-allocator-block-count=8"
    "memorysetup-profiler-allocator-block-size=16777216"
    "memorysetup-profiler-editor-allocator-block-size=1048576"
    "memorysetup-temp-allocator-size-main=16777216"
    "memorysetup-job-temp-allocator-block-size=2097152"
    "memorysetup-job-temp-allocator-block-size-background=1048576"
    "memorysetup-job-temp-allocator-reduction-small-platforms=262144"
Logging is directed to a specific file, skipping project log.Player connection [76692]  Target information:

Player connection [76692]  * "[IP] 10.0.0.111 [Port] 55504 [Flags] 2 [Guid] 1730079380 [EditorId] 1730079380 [Version] 1048832 [Id] WindowsEditor(7,DESKTOP-VJHN5MG) [Debug] 1 [PackageName] WindowsEditor [ProjectName] Editor" 

Player connection [76692] Host joined multi-casting on [225.0.0.222:54997]...
Player connection [76692] Host joined alternative multi-casting on [225.0.0.222:34997]...
Input System module state changed to: Initialized.
[Physics::Module] Initialized fallback backend.
[Physics::Module] Id: 0xdecafbad
[Package Manager] Connected to IPC stream "Upm-68604" after 0.6 seconds.
[Licensing::Module] Licensing is not yet initialized.
[Licensing::Client] Error: HandshakeResponse reported an error:
	ResponseCode: 505
	ResponseStatus: Unsupported protocol version '1.18.1'.
[Licensing::Module] Error: Failed to handshake to channel: "LicenseClient-engmh"
[Licensing::IpcConnector] LicenseClient-engmh channel disconnected successfully.
[Licensing::IpcConnector] Channel LicenseClient-engmh-6000.5.7 doesn't exist
[Licensing::Module] Successfully launched the LicensingClient (PId: 23752)
Starting IPC server.
Waiting for clients to connect on \\.\pipe\Unity-LicenseClient-engmh-6000.5.7, press Ctrl-C to exit.
[Licensing::IpcConnector] Successfully connected to: "LicenseClient-engmh-6000.5.7" at "2026-08-10T01:29:56.6874938Z"
[Licensing::Client] Code 10 while verifying Licensing Client signature (process Id: 23752, path: "D:/Program Files/Editor/6000.5.7f1/Editor/Data/Resources/Licensing/Client/Unity.Licensing.Client.exe")
[Licensing::Module] LicensingClient has failed validation; ignoring
[Licensing::Client] Handshaking with LicensingClient:
  Version:                 1.18.1+9fbee8e
  Session Id:              010dc9d7578f48d691a09192d5d2cdf5
  Correlation Id:          1d2e095dfc32c1fe2f2383f93fde8934
  External correlation Id: 9165186591272090153
  Machine Id:              BvCvD9V+nLWzZG/D2RgCqRIYhiE=
[Licensing::Module] Successfully connected to LicensingClient on channel: "LicenseClient-engmh-6000.5.7" (connect: 0.57s, validation: 0.37s, handshake: 0.02s)
[Licensing::IpcConnector] Successfully connected to: "LicenseClient-engmh-6000.5.7-notifications" at "2026-08-10T01:29:57.0748777Z"
[Licensing::Module] Connected to LicensingClient (PId: 23752, launch time: 0.01, total connection time: 0.95s)
[Licensing::Module] Error: Access token is unavailable; failed to update
[Licensing::Client] Successfully resolved entitlement details
[Licensing::Module] License group:
  Id: 3574445819494-UnityPersXXXX
  Product: Unity Personal
  Type: Assigned
  Expiration: Unlimited
[Licensing::Client] Successfully updated license, isAsync: True, time: 0.02
[Licensing::Client] Successfully resolved entitlement details
[Licensing::Module] Licensing Background thread has ended after 3.60s
[Licensing::Module] Licensing is initialized (took 2.20s).
[Licensing::Client] Successfully resolved entitlement details
Library Redirect Path: Library/
[Physics::Module] Selected backend.
[Physics::Module] Name: PhysX
[Physics::Module] Id: 0xf2b8ea05
[Physics::Module] SDK Version: 4.1.2
[Physics::Module] Integration Version: 1.0.0
[Physics::Module] Threading Mode: Multi-Threaded
Active build profile path: `Assets/Settings/Build Profiles/Windows.asset`
Artifact Garbage Collection - Removed 2 unused hashed content files
Got setting from build profile YAML, name `m_BuildTarget`, value `19`
Got setting from build profile YAML, name `m_Subtarget`, value `2`
Initialize engine version: 6000.5.7f1 (017862109af0)
[Subsystems] Discovering subsystems at path D:/Program Files/Editor/6000.5.7f1/Editor/Data/Resources/UnitySubsystems
[Subsystems] Discovering subsystems at path D:/game/game-client/Assets
GfxDevice: creating device client; kGfxThreadingModeNonThreaded
d3d12: failed to query info queue interface (0x80004002).
Direct3D:
    Version:         Direct3D 12 [level 12.1]
    Renderer:        Intel(R) UHD Graphics (ID=0x9bca)
    Vendor:          Intel
    VRAM:            16184 MB
    App VRAM Budget: 15416 MB
    Driver:          31.0.101.2135
    Unified Memory Architecture
    Cache Coherent UMA
Initialize mono
Mono path[0] = 'D:/Program Files/Editor/6000.5.7f1/Editor/Data/Managed'
Mono path[1] = 'D:/Program Files/Editor/6000.5.7f1/Editor/Data/BCLExtensions/runtime/netstandard2.1'
Mono path[2] = 'D:/Program Files/Editor/6000.5.7f1/Editor/Data/MonoBleedingEdge/lib/mono/unityjit-win32'
Mono config path = 'D:/Program Files/Editor/6000.5.7f1/Editor/Data/MonoBleedingEdge/etc'
Using monoOptions --debugger-agent=transport=dt_socket,embedding=1,server=y,suspend=n,address=127.0.0.1:56604
CodeReloadManager initialized
ImportWorker Server TCP listen port: 0
AcceleratorClientConnectionCallback - disconnected - :0
Begin MonoManager ReloadAssembly
Registering precompiled unity dll's ...
Register platform support module: D:/Program Files/Editor/6000.5.7f1/Editor/Data/PlaybackEngines/WebGLSupport/UnityEditor.WebGL.Extensions.dll
Register platform support module: D:/Program Files/Editor/6000.5.7f1/Editor/Data/PlaybackEngines/WindowsStandaloneSupport/UnityEditor.WindowsStandalone.Extensions.dll
[Licensing::Client] Successfully resolved entitlement details
Register platform support module: D:/Program Files/Editor/6000.5.7f1/Editor/Data/PlaybackEngines/MetroSupport/UnityEditor.UWP.Extensions.dll
[Licensing::Client] Successfully resolved entitlement details
Register platform support module: D:/Program Files/Editor/6000.5.7f1/Editor/Data/PlaybackEngines/AndroidPlayer/UnityEditor.Android.Extensions.dll
Registered in 0.010852 seconds.
Native extension for Android target not found
Native extension for UWP target not found
Native extension for WindowsStandalone target not found
Native extension for WebGL target not found
Package Manager log level set to [2]
ScheduleIndexationOnStartup MainProcess:False IndexOnStartup:True
Mono: successfully reloaded assembly
- Finished resetting the current domain, in  0.892 seconds
Domain Reload Profiling: 1966ms
	BeginReloadAssembly (253ms)
		CreateAndSetChildDomain (12ms)
	RebuildCommonClasses (10ms)
	RebuildNativeTypeToScriptingClass (45ms)
	initialDomainReloadingComplete (125ms)
	LoadAllAssembliesAndSetupDomain (635ms)
		LoadAssemblies (241ms)
		AnalyzeDomain (480ms)
			TypeCache.Refresh (476ms)
				TypeCache.ScanAssembly (445ms)
	FinalizeReload (900ms)
		SetupLoadedEditorAssemblies (0ms)
			InitializePlatformSupportModulesInManaged (89ms)
			BeforeProcessingInitializeOnLoad (192ms)
			ProcessInitializeOnLoadAttributes (212ms)
			ProcessInitializeOnLoadMethodAttributes (236ms)
[Licensing::Client] Successfully resolved entitlement details
Application.AssetDatabase Initial Refresh Start
[Package Manager] Restoring resolved packages state from cache
[Licensing::Client] Successfully resolved entitlement details
[Package Manager] Registered 54 packages:
  Packages from [https://packages.unity.com]:
    com.unity.nuget.newtonsoft-json@3.2.1 (location: D:\game\game-client\Library\PackageCache\com.unity.nuget.newtonsoft-json@74deb55db2a0)
    com.unity.postprocessing@3.5.4 (location: D:\game\game-client\Library\PackageCache\com.unity.postprocessing@141166b789e3)
    com.unity.searcher@4.9.4 (location: D:\game\game-client\Library\PackageCache\com.unity.searcher@d45a78918735)
    com.unity.burst@1.8.30 (location: D:\game\game-client\Library\PackageCache\com.unity.burst@2f3d916873ea)
    com.unity.nuget.mono-cecil@1.11.6 (location: D:\game\game-client\Library\PackageCache\com.unity.nuget.mono-cecil@ecb9724e46ff)
    com.unity.test-framework.performance@3.5.0 (location: D:\game\game-client\Library\PackageCache\com.unity.test-framework.performance@8b56083ec0f0)
  Built-in packages:
    com.unity.multiplayer.center@1.0.1 (location: D:\game\game-client\Library\PackageCache\com.unity.multiplayer.center@b860850997d0)
    com.unity.render-pipelines.universal@17.5.0 (location: D:\game\game-client\Library\PackageCache\com.unity.render-pipelines.universal@73b4c4ff130e)
    com.unity.test-framework@1.7.0 (location: D:\game\game-client\Library\PackageCache\com.unity.test-framework@1405238725ab)
    com.unity.textmeshpro@5.0.0 (location: D:\game\game-client\Library\PackageCache\com.unity.textmeshpro@53f43edfd2e0)
    com.unity.modules.accessibility@1.0.0 (location: D:\game\game-client\Library\PackageCache\com.unity.modules.accessibility)
    com.unity.modules.adaptiveperformance@1.0.0 (location: D:\game\game-client\Library\PackageCache\com.unity.modules.adaptiveperformance)
    com.unity.modules.ai@1.0.0 (location: D:\game\game-client\Library\PackageCache\com.unity.modules.ai)
    com.unity.modules.androidjni@1.0.0 (location: D:\game\game-client\Library\PackageCache\com.unity.modules.androidjni)
    com.unity.modules.animation@1.0.0 (location: D:\game\game-client\Library\PackageCache\com.unity.modules.animation)
    com.unity.modules.assetbundle@1.0.0 (location: D:\game\game-client\Library\PackageCache\com.unity.modules.assetbundle)
    com.unity.modules.audio@1.0.0 (location: D:\game\game-client\Library\PackageCache\com.unity.modules.audio)
    com.unity.modules.cloth@1.0.0 (location: D:\game\game-client\Library\PackageCache\com.unity.modules.cloth)
    com.unity.modules.director@1.0.0 (location: D:\game\game-client\Library\PackageCache\com.unity.modules.director)
    com.unity.modules.imageconversion@1.0.0 (location: D:\game\game-client\Library\PackageCache\com.unity.modules.imageconversion)
    com.unity.modules.imgui@1.0.0 (location: D:\game\game-client\Library\PackageCache\com.unity.modules.imgui)
    com.unity.modules.jsonserialize@1.0.0 (location: D:\game\game-client\Library\PackageCache\com.unity.modules.jsonserialize)
    com.unity.modules.particlesystem@1.0.0 (location: D:\game\game-client\Library\PackageCache\com.unity.modules.particlesystem)
    com.unity.modules.physics@1.0.0 (location: D:\game\game-client\Library\PackageCache\com.unity.modules.physics)
    com.unity.modules.physics2d@1.0.0 (location: D:\game\game-client\Library\PackageCache\com.unity.modules.physics2d)
    com.unity.modules.physicscore2d@1.0.0 (location: D:\game\game-client\Library\PackageCache\com.unity.modules.physicscore2d)
    com.unity.modules.screencapture@1.0.0 (location: D:\game\game-client\Library\PackageCache\com.unity.modules.screencapture)
    com.unity.modules.terrain@1.0.0 (location: D:\game\game-client\Library\PackageCache\com.unity.modules.terrain)
    com.unity.modules.terrainphysics@1.0.0 (location: D:\game\game-client\Library\PackageCache\com.unity.modules.terrainphysics)
    com.unity.modules.tilemap@1.0.0 (location: D:\game\game-client\Library\PackageCache\com.unity.modules.tilemap)
    com.unity.modules.ui@1.0.0 (location: D:\game\game-client\Library\PackageCache\com.unity.modules.ui)
    com.unity.modules.uielements@1.0.0 (location: D:\game\game-client\Library\PackageCache\com.unity.modules.uielements)
    com.unity.modules.umbra@1.0.0 (location: D:\game\game-client\Library\PackageCache\com.unity.modules.umbra)
    com.unity.modules.unityanalytics@1.0.0 (location: D:\game\game-client\Library\PackageCache\com.unity.modules.unityanalytics)
    com.unity.modules.unitywebrequest@1.0.0 (location: D:\game\game-client\Library\PackageCache\com.unity.modules.unitywebrequest)
    com.unity.modules.unitywebrequestassetbundle@1.0.0 (location: D:\game\game-client\Library\PackageCache\com.unity.modules.unitywebrequestassetbundle)
    com.unity.modules.unitywebrequestaudio@1.0.0 (location: D:\game\game-client\Library\PackageCache\com.unity.modules.unitywebrequestaudio)
    com.unity.modules.unitywebrequesttexture@1.0.0 (location: D:\game\game-client\Library\PackageCache\com.unity.modules.unitywebrequesttexture)
    com.unity.modules.unitywebrequestwww@1.0.0 (location: D:\game\game-client\Library\PackageCache\com.unity.modules.unitywebrequestwww)
    com.unity.modules.vectorgraphics@1.0.0 (location: D:\game\game-client\Library\PackageCache\com.unity.modules.vectorgraphics)
    com.unity.modules.vehicles@1.0.0 (location: D:\game\game-client\Library\PackageCache\com.unity.modules.vehicles)
    com.unity.modules.video@1.0.0 (location: D:\game\game-client\Library\PackageCache\com.unity.modules.video)
    com.unity.modules.wind@1.0.0 (location: D:\game\game-client\Library\PackageCache\com.unity.modules.wind)
    com.unity.modules.xr@1.0.0 (location: D:\game\game-client\Library\PackageCache\com.unity.modules.xr)
    com.unity.modules.subsystems@1.0.0 (location: D:\game\game-client\Library\PackageCache\com.unity.modules.subsystems)
    com.unity.modules.hierarchycore@1.0.0 (location: D:\game\game-client\Library\PackageCache\com.unity.modules.hierarchycore)
    com.unity.ugui@2.5.0 (location: D:\game\game-client\Library\PackageCache\com.unity.ugui@67707a67a4ab)
    com.unity.ext.nunit@2.1.0 (location: D:\game\game-client\Library\PackageCache\com.unity.ext.nunit@44f7d31723bd)
    com.unity.render-pipelines.core@17.5.0 (location: D:\game\game-client\Library\PackageCache\com.unity.render-pipelines.core@645717f21c5f)
    com.unity.shadergraph@17.5.0 (location: D:\game\game-client\Library\PackageCache\com.unity.shadergraph@8d7376ec43ee)
    com.unity.render-pipelines.universal-config@17.5.0 (location: D:\game\game-client\Library\PackageCache\com.unity.render-pipelines.universal-config@fdda01c80fe3)
    com.unity.collections@6.5.0 (location: D:\game\game-client\Library\PackageCache\com.unity.collections@ec2c217e4cb2)
    com.unity.mathematics@1.4.0 (location: D:\game\game-client\Library\PackageCache\com.unity.mathematics@981956d94fb6)
  Git packages:
    com.endel.nativewebsocket@https://github.com/endel/NativeWebSocket.git#upm (location: D:\game\game-client\Library\PackageCache\com.endel.nativewebsocket@ea014c9ae534)
[Package Manager] com.unity.textmeshpro is deprecated: This package is no longer supported. TextMeshPro functionalities are now included in the com.unity.ugui package. To continue using them, consider adding it to your project dependencies.
[Subsystems] No new subsystems found in resolved package list.
[Package Manager] Done registering packages in 0.04 seconds
[ScriptCompilation] Requested script compilation because: AssetDatabase observed changes in script compilation related files
info: Microsoft.Hosting.Lifetime[14]
      Now listening on: http://localhost:80
info: Microsoft.Hosting.Lifetime[0]
      Application started. Press Ctrl+C to shut down.
info: Microsoft.Hosting.Lifetime[0]
      Hosting environment: Production
info: Microsoft.Hosting.Lifetime[0]
      Content root path: D:\game\game-client
info: Microsoft.AspNetCore.Hosting.Diagnostics[1]
      Request starting HTTP/2 POST http://ilpp/UnityILPP.PostProcessing/Ping - application/grpc -
info: Microsoft.AspNetCore.Routing.EndpointMiddleware[0]
      Executing endpoint 'gRPC - /UnityILPP.PostProcessing/Ping'
info: Microsoft.AspNetCore.Routing.EndpointMiddleware[1]
      Executed endpoint 'gRPC - /UnityILPP.PostProcessing/Ping'
info: Microsoft.AspNetCore.Hosting.Diagnostics[2]
      Request finished HTTP/2 POST http://ilpp/UnityILPP.PostProcessing/Ping - 200 - application/grpc 62.3665ms
Starting: D:\Program Files\Editor\6000.5.7f1\Editor\Data\Tools\BuildPipeline\bee_backend.exe --ipc --defer-dag-verification --dagfile="Library/Bee/1900b0aE.dag" --continue-on-failure --profile="Library/Bee/backend1.traceevents" ScriptAssemblies
WorkingDir: D:/game/game-client
info: Microsoft.AspNetCore.Hosting.Diagnostics[1]
      Request starting HTTP/2 POST http://ilpp/UnityILPP.PostProcessing/ConfigurePostProcessors - application/grpc -
info: Microsoft.AspNetCore.Routing.EndpointMiddleware[0]
      Executing endpoint 'gRPC - /UnityILPP.PostProcessing/ConfigurePostProcessors'
warn: Unity.ILPP.Runner.PostProcessingAssemblyLoadContext[0]
      Assembly system.runtime.interopservices.windowsruntime has duplicate hint path. Ignoring "D:\Program Files\Editor\6000.5.7f1\Editor\Data\UnityReferenceAssemblies\unity-4.8-api\Facades\System.Runtime.InteropServices.WindowsRuntime.dll" in favor of "D:\Program Files\Editor\6000.5.7f1\Editor\Data\NetStandard\Extensions\2.0.0\System.Runtime.InteropServices.WindowsRuntime.dll"
warn: Unity.ILPP.Runner.PostProcessingAssemblyLoadContext[0]
      Assembly system.componentmodel.composition has duplicate hint path. Ignoring "D:\Program Files\Editor\6000.5.7f1\Editor\Data\UnityReferenceAssemblies\unity-4.8-api\System.ComponentModel.Composition.dll" in favor of "D:\Program Files\Editor\6000.5.7f1\Editor\Data\NetStandard\compat\2.1.0\shims\netfx\System.ComponentModel.Composition.dll"
DisplayProgressbar: Compiling Scripts
info: Unity.ILPP.Runner.PostProcessingAssemblyLoadContext[0]
      Resolved Unity.Burst.Cecil, Version=0.11.6.0, Culture=neutral, PublicKeyToken=50cebf1cceb9d05e with Library\PackageCache\com.unity.burst@2f3d916873ea\Unity.Burst.CodeGen\Unity.Burst.Cecil.dll
info: Unity.ILPP.Runner.PostProcessingAssemblyLoadContext[0]
      Resolved Mono.Cecil, Version=0.11.5.0, Culture=neutral, PublicKeyToken=50cebf1cceb9d05e with Library\PackageCache\com.unity.nuget.mono-cecil@ecb9724e46ff\Mono.Cecil.dll
info: Microsoft.AspNetCore.Routing.EndpointMiddleware[1]
      Executed endpoint 'gRPC - /UnityILPP.PostProcessing/ConfigurePostProcessors'
info: Microsoft.AspNetCore.Hosting.Diagnostics[2]
      Request finished HTTP/2 POST http://ilpp/UnityILPP.PostProcessing/ConfigurePostProcessors - 200 - application/grpc 132.0914ms
Starting: D:\Program Files\Editor\6000.5.7f1\Editor\Data\netcorerun\netcorerun.exe "D:\Program Files\Editor\6000.5.7f1\Editor\Data\Tools\BuildPipeline\ScriptCompilationBuildProgram.exe" "Library/Bee/1900b0aE.dag.json" "Library/Bee/1900b0aE-inputdata.json" "Library\Bee\buildprogram0.traceevents"
WorkingDir: D:/game/game-client
ExitCode: 4 Duration: 2s372ms
Rebuilding DAG because FileSignature timestamp changed: Library/Bee/1900b0aE-inputdata.json
[567/710    0s] ILPP-Configuration Library/ilpp-configuration.nevergeneratedoutput
*** Tundra requires additional run (2.31 seconds), 2 items updated, 566 evaluated
ExitCode: 0 Duration: 1s470ms
Starting: D:\Program Files\Editor\6000.5.7f1\Editor\Data\Tools\BuildPipeline\bee_backend.exe --ipc --defer-dag-verification --dagfile="Library/Bee/1900b0aE.dag" --continue-on-failure --dagfilejson="Library\Bee\1900b0aE.dag.json" --profile="Library/Bee/backend2.traceevents" ScriptAssemblies
WorkingDir: D:/game/game-client
info: Microsoft.AspNetCore.Hosting.Diagnostics[1]
      Request starting HTTP/2 POST http://ilpp/UnityILPP.PostProcessing/ConfigurePostProcessors - application/grpc -
info: Microsoft.AspNetCore.Routing.EndpointMiddleware[0]
      Executing endpoint 'gRPC - /UnityILPP.PostProcessing/ConfigurePostProcessors'
info: Unity.ILPP.Runner.PostProcessingAssemblyLoadContext[0]
      Current configuration matches the requested one, skipping
info: Microsoft.AspNetCore.Routing.EndpointMiddleware[1]
      Executed endpoint 'gRPC - /UnityILPP.PostProcessing/ConfigurePostProcessors'
info: Microsoft.AspNetCore.Hosting.Diagnostics[2]
      Request finished HTTP/2 POST http://ilpp/UnityILPP.PostProcessing/ConfigurePostProcessors - 200 - application/grpc 3.8779ms
info: Microsoft.AspNetCore.Hosting.Diagnostics[1]
      Request starting HTTP/2 POST http://ilpp/UnityILPP.PostProcessing/PostProcessAssembly - application/grpc -
info: Microsoft.AspNetCore.Routing.EndpointMiddleware[0]
      Executing endpoint 'gRPC - /UnityILPP.PostProcessing/PostProcessAssembly'
info: Unity.ILPP.Runner.PostProcessingPipeline[0]
      Processing assembly Library/Bee/artifacts/1900b0aE.dag/Assembly-CSharp-Editor.dll, with 140 defines and 340 references
info: Unity.ILPP.Runner.PostProcessingPipeline[0]
      processors: Unity.Jobs.CodeGen.JobsILPostProcessor, zzzUnity.Burst.CodeGen.BurstILPostProcessor
info: Unity.ILPP.Runner.PostProcessingPipeline[0]
      running Unity.Jobs.CodeGen.JobsILPostProcessor
info: Unity.ILPP.Runner.PostProcessingAssemblyLoadContext[0]
      Resolved Unity.Collections, Version=0.0.0.0, Culture=neutral, PublicKeyToken=null with Library\Bee\artifacts\1900b0aE.dag\Unity.Collections.dll
info: Unity.ILPP.Runner.PostProcessingAssemblyLoadContext[0]
      Resolved UnityEditor.CoreModule, Version=0.0.0.0, Culture=neutral, PublicKeyToken=null with D:\Program Files\Editor\6000.5.7f1\Editor\Data\Managed\UnityEngine\UnityEditor.CoreModule.dll
info: Unity.ILPP.Runner.PostProcessingAssemblyLoadContext[0]
      Resolved UnityEngine.CoreModule, Version=0.0.0.0, Culture=neutral, PublicKeyToken=null with D:\Program Files\Editor\6000.5.7f1\Editor\Data\Managed\UnityEngine\UnityEngine.CoreModule.dll
info: Unity.ILPP.Runner.PostProcessingAssemblyLoadContext[0]
      Resolved Unity.Scripting, Version=0.0.0.0, Culture=neutral, PublicKeyToken=null with D:\Program Files\Editor\6000.5.7f1\Editor\Data\Managed\UnityEngine\Unity.Scripting.dll
info: Unity.ILPP.Runner.PostProcessingPipeline[0]
      running zzzUnity.Burst.CodeGen.BurstILPostProcessor
info: Unity.ILPP.Runner.PostProcessingAssemblyLoadContext[0]
      Resolved Unity.Burst.Cecil.Rocks, Version=0.11.6.0, Culture=neutral, PublicKeyToken=50cebf1cceb9d05e with Library\PackageCache\com.unity.burst@2f3d916873ea\Unity.Burst.CodeGen\Unity.Burst.Cecil.Rocks.dll
info: Microsoft.AspNetCore.Routing.EndpointMiddleware[1]
      Executed endpoint 'gRPC - /UnityILPP.PostProcessing/PostProcessAssembly'
info: Microsoft.AspNetCore.Hosting.Diagnostics[2]
      Request finished HTTP/2 POST http://ilpp/UnityILPP.PostProcessing/PostProcessAssembly - 200 - application/grpc 828.1252ms
ExitCode: 0 Duration: 4s308ms
Finished compiling graph: 713 nodes, 12583 flattened edges (10617 ToBuild, 102 ToUse), maximum node priority 739
[427/710    0s] WriteText Library/Bee/artifacts/1900b0aE.dag/Assembly-CSharp-Editor.rsp
[567/710    0s] ILPP-Configuration Library/ilpp-configuration.nevergeneratedoutput
[706/710    1s] Csc Library/Bee/artifacts/1900b0aE.dag/Assembly-CSharp-Editor.dll (+2 others)
Assets\Editor\ArenaDemoRunner.cs(110,72): warning CS0618: 'FindObjectsSortMode' is obsolete: 'FindObjectsSortMode has been deprecated. Use the FindObjectsByType overloads that do not take a FindObjectsSortMode parameter.'

Assets\Editor\ArenaDemoRunner.cs(110,31): warning CS0618: 'Object.FindObjectsByType<T>(FindObjectsSortMode)' is obsolete: 'FindObjectsByType with FindObjectsSortMode parameter has been deprecated. Use FindObjectsByType<T>() or FindObjectsByType<T>(FindObjectsInactive) instead. InstanceID will be replaced in the future with EntityId and previous sort order cannot be maintained.'

Assets\Editor\NetworkedMatchDemoRunner.cs(203,84): warning CS0618: 'FindObjectsSortMode' is obsolete: 'FindObjectsSortMode has been deprecated. Use the FindObjectsByType overloads that do not take a FindObjectsSortMode parameter.'

Assets\Editor\NetworkedMatchDemoRunner.cs(203,31): warning CS0618: 'Object.FindObjectsByType<T>(FindObjectsSortMode)' is obsolete: 'FindObjectsByType with FindObjectsSortMode parameter has been deprecated. Use FindObjectsByType<T>() or FindObjectsByType<T>(FindObjectsInactive) instead. InstanceID will be replaced in the future with EntityId and previous sort order cannot be maintained.'
[707/710    0s] ILPostProcess Library/Bee/artifacts/1900b0aE.dag/post-processed/Assembly-CSharp-Editor.dll (+pdb)
Processing assembly Library/Bee/artifacts/1900b0aE.dag/Assembly-CSharp-Editor.dll, with 140 defines and 340 references

processors: Unity.Jobs.CodeGen.JobsILPostProcessor, zzzUnity.Burst.CodeGen.BurstILPostProcessor

running Unity.Jobs.CodeGen.JobsILPostProcessor

running zzzUnity.Burst.CodeGen.BurstILPostProcessor
[708/710    0s] CopyFiles Library/ScriptAssemblies/Assembly-CSharp-Editor.pdb
[709/710    0s] CopyFiles Library/ScriptAssemblies/Assembly-CSharp-Editor.dll
*** Tundra build success (4.27 seconds), 6 items updated, 710 evaluated
Assets\Editor\ArenaDemoRunner.cs(110,72): warning CS0618: 'FindObjectsSortMode' is obsolete: 'FindObjectsSortMode has been deprecated. Use the FindObjectsByType overloads that do not take a FindObjectsSortMode parameter.'
Assets\Editor\ArenaDemoRunner.cs(110,31): warning CS0618: 'Object.FindObjectsByType<T>(FindObjectsSortMode)' is obsolete: 'FindObjectsByType with FindObjectsSortMode parameter has been deprecated. Use FindObjectsByType<T>() or FindObjectsByType<T>(FindObjectsInactive) instead. InstanceID will be replaced in the future with EntityId and previous sort order cannot be maintained.'
Assets\Editor\NetworkedMatchDemoRunner.cs(203,84): warning CS0618: 'FindObjectsSortMode' is obsolete: 'FindObjectsSortMode has been deprecated. Use the FindObjectsByType overloads that do not take a FindObjectsSortMode parameter.'
Assets\Editor\NetworkedMatchDemoRunner.cs(203,31): warning CS0618: 'Object.FindObjectsByType<T>(FindObjectsSortMode)' is obsolete: 'FindObjectsByType with FindObjectsSortMode parameter has been deprecated. Use FindObjectsByType<T>() or FindObjectsByType<T>(FindObjectsInactive) instead. InstanceID will be replaced in the future with EntityId and previous sort order cannot be maintained.'
Total cache size 111263889
Total cache size after purge 111263889, took 00:00:00.1397010
AssetDatabase: script compilation time: 9.322022s
Begin MonoManager ReloadAssembly
Symbol file LoadedFromMemory is not a mono symbol file
Native extension for Android target not found
Native extension for UWP target not found
Native extension for WindowsStandalone target not found
Native extension for WebGL target not found
ScheduleIndexationOnStartup MainProcess:True IndexOnStartup:True
Mono: successfully reloaded assembly
- Finished resetting the current domain, in  4.999 seconds
Domain Reload Profiling: 6294ms
	BeginReloadAssembly (416ms)
		DisableScriptedObjects (48ms)
		CreateAndSetChildDomain (84ms)
	RebuildCommonClasses (16ms)
	RebuildNativeTypeToScriptingClass (33ms)
	initialDomainReloadingComplete (78ms)
	LoadAllAssembliesAndSetupDomain (748ms)
		LoadAssemblies (461ms)
		AnalyzeDomain (286ms)
			TypeCache.Refresh (186ms)
				TypeCache.ScanAssembly (164ms)
			BuildScriptInfoCaches (82ms)
			ResolveRequiredComponents (14ms)
	FinalizeReload (5002ms)
		SetupLoadedEditorAssemblies (0ms)
			InitializePlatformSupportModulesInManaged (29ms)
			BeforeProcessingInitializeOnLoad (180ms)
			ProcessInitializeOnLoadAttributes (3460ms)
			ProcessInitializeOnLoadMethodAttributes (803ms)
			AfterProcessingInitializeOnLoad (5ms)
		AwakeInstancesAfterBackupRestoration (56ms)
Starting new worker id: 0 with log in D:/game/game-client/Logs/AssetImportWorkerHW0.log

Asset Pipeline Refresh (id=e1b9b72c0e595424fb489390393c6a58): Total: 16.997 seconds - Initiated by InitialRefreshV2(ForceSynchronousImport)
	(Values over 0.05ms)
	Summary:
		Imports: total=0 (actual=0, local cache=0, cache server=0)
		Asset DB Process Time: managed=0 ms, native=5691 ms
		Asset DB Callback time: managed=506 ms, native=60 ms
		Scripting: domain reloads=1, domain reload time=1344 ms, compile time=9325 ms, other=70 ms
		Project Asset Count: scripts=946, non-scripts=1800
		Asset File Changes: new=0, changed=0, moved=0, deleted=1
		Scan Filter Count: 0
	InvokePackagesCallback: 51.115ms
	ApplyChangesToAssetFolders: 0.995ms
	Scan: 154.367ms
	Collect global state as custom dependencies: 37.491ms
	OnSourceAssetsModified: 2.144ms
	CategorizeScriptCompilationAssets: 48.430ms
	ProcessAssetsWithTransientArtifactChanges: 71.454ms
	CategorizeAssets: 86.942ms
	CompileScripts: 9324.640ms
	ImportOutOfDateAssets: 5110.593ms (5019.546ms without children)
		ReloadNativeAssets: 0.054ms
		UnloadImportedAssets: 1.261ms
		EnsureUptoDateAssetsAreRegisteredWithGuidPM: 0.842ms
		ImportSchedulerStart: 88.885ms
	PostProcessAllAssets: 505.541ms
		VCAutoAddAssetPostprocess 2.023ms
		XRBuildSystem.XRAssetImported 0.155ms
		MonoPostProcessAllAssets: 502.497ms
			AssetPostprocessor.OnPostprocessAllAssets 313.191ms
			UniversalRenderPipelineGlobalSettingsPostprocessor.OnPostprocessAllAssets 60.688ms
			StyleCatalogPostProcessor.OnPostprocessAllAssets 37.268ms
			BuilderAssetPostprocessor.OnPostprocessAllAssets 17.788ms
			SpeedTree9Postprocessor.OnPostprocessAllAssets 4.984ms
			ShaderGraphAssetPostProcessor.OnPostprocessAllAssets 4.840ms
			WindowAssetPostprocessingWatcher.OnPostprocessAllAssets 4.611ms
			AssetChangedListener.OnPostprocessAllAssets 4.233ms
			SyncVS.PostprocessSyncProject 3.845ms
			RetainedModeAssetPostprocessor.OnPostprocessAllAssets 3.339ms
			MaterialPostprocessor.OnPostprocessAllAssets 2.930ms
			CubeLutAssetImporter.OnPostprocessAllAssets 2.094ms
			EditModeScopePostprocessor.OnPostprocessAllAssets 2.004ms
			RenderPipelineGlobalSettingsPostprocessor.OnPostprocessAllAssets 1.681ms
			ShaderReflectionAssetPostProcessor.OnPostprocessAllAssets 1.249ms
			ArtifactBrowserPostProcessor.OnPostprocessAllAssets 1.050ms
			PostProcessor.OnPostprocessAllAssets 0.856ms
			TextAssetPostProcessor.OnPostprocessAllAssets 0.844ms
			SampleDependencyImporterPostProcessor.OnPostprocessAllAssets 0.755ms
			TMPro_TexturePostProcessor.OnPostprocessAllAssets 0.711ms
			AudioMixerPostprocessor.OnPostprocessAllAssets 0.659ms
			ReferencedClipsPostProcessor.OnPostprocessAllAssets 0.651ms
			AssetEvents.OnPostprocessAllAssets 0.515ms
			TerrainToolbarOverlayPostProcessor.OnPostprocessAllAssets 0.480ms
			SpeedTreePostProcessor.OnPostprocessAllAssets 0.439ms
			AssetDatabaseCallbacks.OnPostprocessAllAssets 0.372ms
			ConfigAssetsTracker.OnPostprocessAllAssets 0.298ms
			ScenarioDriftAssetsTracker.OnPostprocessAllAssets 0.291ms
			AudioContainerPostProcessor.OnPostprocessAllAssets 0.169ms
	PostAssetChangesProfiler: 10.785ms
	UnloadStreamsBegin: 7.476ms
	PersistCurrentRevisions: 0.190ms
	GenerateScriptTypeHashes: 3.174ms
	GenerateScriptTypeSerializationHashes: 5.513ms
	Untracked: 1579.138ms

Application.AssetDatabase Initial Refresh End
Launched and connected shader compiler UnityShaderCompiler.exe after 0.02 seconds
Scanning for USB devices : 5.911ms
Initializing Unity extensions:
[MODES] ModeService[none].Initialize
[MODES] ModeService[none].LoadModes
[MODES] Loading mode Default (0) for mode-current-id-game-client
Unloading 38 Unused Serialized files (Serialized files now loaded: 0)
Unloading 3431 unused Assets / (7.4 MB). Loaded Objects now: 4399.
Memory consumption went from 354.4 MB to 347.0 MB.
Total: 19.070800 ms (FindLiveObjects: 0.789800 ms CreateObjectMapping: 2.475800 ms MarkObjects: 11.649600 ms  DeleteObjects: 4.145400 ms)

Unloading 1 Unused Serialized files (Serialized files now loaded: 0)
Unloading 0 unused Assets / (2.2 KB). Loaded Objects now: 4401.
Memory consumption went from 335.1 MB to 335.1 MB.
Total: 11.731100 ms (FindLiveObjects: 0.379500 ms CreateObjectMapping: 0.689700 ms MarkObjects: 10.634900 ms  DeleteObjects: 0.025100 ms)

Failed to find UISprite.psd
UnityEngine.Debug:ExtractStackTraceNoAlloc (byte*,int,string)
UnityEngine.StackTraceUtility:ExtractStackTrace ()
UnityEngine.Resources:GetBuiltinResource (System.Type,string)
UnityEngine.Resources:GetBuiltinResource<UnityEngine.Sprite> (string)
QuizBattle.UI.UiFactory:get_RoundedSprite () (at Assets/Scripts/UI/UiFactory.cs:70)
QuizBattle.UI.UiFactory:CreateBannerPanel (UnityEngine.Transform,string,UnityEngine.Vector2,UnityEngine.Vector2,UnityEngine.Color,UnityEngine.Vector2) (at Assets/Scripts/UI/UiFactory.cs:83)
QuizBattle.UI.UiFactory:CreateButton (UnityEngine.Transform,string,UnityEngine.Vector2,UnityEngine.Vector2,string,UnityEngine.Vector2) (at Assets/Scripts/UI/UiFactory.cs:113)
QuizBattle.UI.HUD.HudController:Build (UnityEngine.Transform) (at Assets/Scripts/UI/HUD/HudController.cs:50)
QuizBattle.UI.HUD.HudController:Create () (at Assets/Scripts/UI/HUD/HudController.cs:28)
QuizBattle.GameState.GameManager:Bootstrap (System.Collections.Generic.List`1<QuizBattle.Characters.CharacterDefinitionSO>) (at Assets/Scripts/GameState/GameManager.cs:34)
ArenaDemoRunner:RunScenario (string,int,int,string) (at Assets/Editor/ArenaDemoRunner.cs:39)
ArenaDemoRunner:Run () (at Assets/Editor/ArenaDemoRunner.cs:21)

[Assets/Scripts/UI/HUD/HudController.cs line 28]

The resource UISprite.psd could not be loaded from the resource file!
UnityEngine.Debug:ExtractStackTraceNoAlloc (byte*,int,string)
UnityEngine.StackTraceUtility:ExtractStackTrace ()
UnityEngine.Resources:GetBuiltinResource (System.Type,string)
UnityEngine.Resources:GetBuiltinResource<UnityEngine.Sprite> (string)
QuizBattle.UI.UiFactory:get_RoundedSprite () (at Assets/Scripts/UI/UiFactory.cs:70)
QuizBattle.UI.UiFactory:CreateBannerPanel (UnityEngine.Transform,string,UnityEngine.Vector2,UnityEngine.Vector2,UnityEngine.Color,UnityEngine.Vector2) (at Assets/Scripts/UI/UiFactory.cs:83)
QuizBattle.UI.UiFactory:CreateButton (UnityEngine.Transform,string,UnityEngine.Vector2,UnityEngine.Vector2,string,UnityEngine.Vector2) (at Assets/Scripts/UI/UiFactory.cs:113)
QuizBattle.UI.HUD.HudController:Build (UnityEngine.Transform) (at Assets/Scripts/UI/HUD/HudController.cs:50)
QuizBattle.UI.HUD.HudController:Create () (at Assets/Scripts/UI/HUD/HudController.cs:28)
QuizBattle.GameState.GameManager:Bootstrap (System.Collections.Generic.List`1<QuizBattle.Characters.CharacterDefinitionSO>) (at Assets/Scripts/GameState/GameManager.cs:34)
ArenaDemoRunner:RunScenario (string,int,int,string) (at Assets/Editor/ArenaDemoRunner.cs:39)
ArenaDemoRunner:Run () (at Assets/Editor/ArenaDemoRunner.cs:21)

[Assets/Scripts/UI/HUD/HudController.cs line 28]

Failed to find UISprite.psd
UnityEngine.Debug:ExtractStackTraceNoAlloc (byte*,int,string)
UnityEngine.StackTraceUtility:ExtractStackTrace ()
UnityEngine.Resources:GetBuiltinResource (System.Type,string)
UnityEngine.Resources:GetBuiltinResource<UnityEngine.Sprite> (string)
QuizBattle.UI.UiFactory:get_RoundedSprite () (at Assets/Scripts/UI/UiFactory.cs:70)
QuizBattle.UI.UiFactory:CreateBannerPanel (UnityEngine.Transform,string,UnityEngine.Vector2,UnityEngine.Vector2,UnityEngine.Color,UnityEngine.Vector2) (at Assets/Scripts/UI/UiFactory.cs:93)
QuizBattle.UI.UiFactory:CreateButton (UnityEngine.Transform,string,UnityEngine.Vector2,UnityEngine.Vector2,string,UnityEngine.Vector2) (at Assets/Scripts/UI/UiFactory.cs:113)
QuizBattle.UI.HUD.HudController:Build (UnityEngine.Transform) (at Assets/Scripts/UI/HUD/HudController.cs:50)
QuizBattle.UI.HUD.HudController:Create () (at Assets/Scripts/UI/HUD/HudController.cs:28)
QuizBattle.GameState.GameManager:Bootstrap (System.Collections.Generic.List`1<QuizBattle.Characters.CharacterDefinitionSO>) (at Assets/Scripts/GameState/GameManager.cs:34)
ArenaDemoRunner:RunScenario (string,int,int,string) (at Assets/Editor/ArenaDemoRunner.cs:39)
ArenaDemoRunner:Run () (at Assets/Editor/ArenaDemoRunner.cs:21)

[Assets/Scripts/UI/HUD/HudController.cs line 28]

The resource UISprite.psd could not be loaded from the resource file!
UnityEngine.Debug:ExtractStackTraceNoAlloc (byte*,int,string)
UnityEngine.StackTraceUtility:ExtractStackTrace ()
UnityEngine.Resources:GetBuiltinResource (System.Type,string)
UnityEngine.Resources:GetBuiltinResource<UnityEngine.Sprite> (string)
QuizBattle.UI.UiFactory:get_RoundedSprite () (at Assets/Scripts/UI/UiFactory.cs:70)
QuizBattle.UI.UiFactory:CreateBannerPanel (UnityEngine.Transform,string,UnityEngine.Vector2,UnityEngine.Vector2,UnityEngine.Color,UnityEngine.Vector2) (at Assets/Scripts/UI/UiFactory.cs:93)
QuizBattle.UI.UiFactory:CreateButton (UnityEngine.Transform,string,UnityEngine.Vector2,UnityEngine.Vector2,string,UnityEngine.Vector2) (at Assets/Scripts/UI/UiFactory.cs:113)
QuizBattle.UI.HUD.HudController:Build (UnityEngine.Transform) (at Assets/Scripts/UI/HUD/HudController.cs:50)
QuizBattle.UI.HUD.HudController:Create () (at Assets/Scripts/UI/HUD/HudController.cs:28)
QuizBattle.GameState.GameManager:Bootstrap (System.Collections.Generic.List`1<QuizBattle.Characters.CharacterDefinitionSO>) (at Assets/Scripts/GameState/GameManager.cs:34)
ArenaDemoRunner:RunScenario (string,int,int,string) (at Assets/Editor/ArenaDemoRunner.cs:39)
ArenaDemoRunner:Run () (at Assets/Editor/ArenaDemoRunner.cs:21)

[Assets/Scripts/UI/HUD/HudController.cs line 28]

Failed to find UISprite.psd
UnityEngine.Debug:ExtractStackTraceNoAlloc (byte*,int,string)
UnityEngine.StackTraceUtility:ExtractStackTrace ()
UnityEngine.Resources:GetBuiltinResource (System.Type,string)
UnityEngine.Resources:GetBuiltinResource<UnityEngine.Sprite> (string)
QuizBattle.UI.UiFactory:get_RoundedSprite () (at Assets/Scripts/UI/UiFactory.cs:70)
QuizBattle.UI.UiFactory:CreateBannerPanel (UnityEngine.Transform,string,UnityEngine.Vector2,UnityEngine.Vector2,UnityEngine.Color,UnityEngine.Vector2) (at Assets/Scripts/UI/UiFactory.cs:103)
QuizBattle.UI.UiFactory:CreateButton (UnityEngine.Transform,string,UnityEngine.Vector2,UnityEngine.Vector2,string,UnityEngine.Vector2) (at Assets/Scripts/UI/UiFactory.cs:113)
QuizBattle.UI.HUD.HudController:Build (UnityEngine.Transform) (at Assets/Scripts/UI/HUD/HudController.cs:50)
QuizBattle.UI.HUD.HudController:Create () (at Assets/Scripts/UI/HUD/HudController.cs:28)
QuizBattle.GameState.GameManager:Bootstrap (System.Collections.Generic.List`1<QuizBattle.Characters.CharacterDefinitionSO>) (at Assets/Scripts/GameState/GameManager.cs:34)
ArenaDemoRunner:RunScenario (string,int,int,string) (at Assets/Editor/ArenaDemoRunner.cs:39)
ArenaDemoRunner:Run () (at Assets/Editor/ArenaDemoRunner.cs:21)

[Assets/Scripts/UI/HUD/HudController.cs line 28]

The resource UISprite.psd could not be loaded from the resource file!
UnityEngine.Debug:ExtractStackTraceNoAlloc (byte*,int,string)
UnityEngine.StackTraceUtility:ExtractStackTrace ()
UnityEngine.Resources:GetBuiltinResource (System.Type,string)
UnityEngine.Resources:GetBuiltinResource<UnityEngine.Sprite> (string)
QuizBattle.UI.UiFactory:get_RoundedSprite () (at Assets/Scripts/UI/UiFactory.cs:70)
QuizBattle.UI.UiFactory:CreateBannerPanel (UnityEngine.Transform,string,UnityEngine.Vector2,UnityEngine.Vector2,UnityEngine.Color,UnityEngine.Vector2) (at Assets/Scripts/UI/UiFactory.cs:103)
QuizBattle.UI.UiFactory:CreateButton (UnityEngine.Transform,string,UnityEngine.Vector2,UnityEngine.Vector2,string,UnityEngine.Vector2) (at Assets/Scripts/UI/UiFactory.cs:113)
QuizBattle.UI.HUD.HudController:Build (UnityEngine.Transform) (at Assets/Scripts/UI/HUD/HudController.cs:50)
QuizBattle.UI.HUD.HudController:Create () (at Assets/Scripts/UI/HUD/HudController.cs:28)
QuizBattle.GameState.GameManager:Bootstrap (System.Collections.Generic.List`1<QuizBattle.Characters.CharacterDefinitionSO>) (at Assets/Scripts/GameState/GameManager.cs:34)
ArenaDemoRunner:RunScenario (string,int,int,string) (at Assets/Editor/ArenaDemoRunner.cs:39)
ArenaDemoRunner:Run () (at Assets/Editor/ArenaDemoRunner.cs:21)

[Assets/Scripts/UI/HUD/HudController.cs line 28]

Failed to find UISprite.psd
UnityEngine.Debug:ExtractStackTraceNoAlloc (byte*,int,string)
UnityEngine.StackTraceUtility:ExtractStackTrace ()
UnityEngine.Resources:GetBuiltinResource (System.Type,string)
UnityEngine.Resources:GetBuiltinResource<UnityEngine.Sprite> (string)
QuizBattle.UI.UiFactory:get_RoundedSprite () (at Assets/Scripts/UI/UiFactory.cs:70)
QuizBattle.UI.UiFactory:CreateBannerPanel (UnityEngine.Transform,string,UnityEngine.Vector2,UnityEngine.Vector2,UnityEngine.Color,UnityEngine.Vector2) (at Assets/Scripts/UI/UiFactory.cs:83)
QuizBattle.UI.UiFactory:CreateButton (UnityEngine.Transform,string,UnityEngine.Vector2,UnityEngine.Vector2,string,UnityEngine.Vector2) (at Assets/Scripts/UI/UiFactory.cs:113)
QuizBattle.UI.HUD.HudController:Build (UnityEngine.Transform) (at Assets/Scripts/UI/HUD/HudController.cs:50)
QuizBattle.UI.HUD.HudController:Create () (at Assets/Scripts/UI/HUD/HudController.cs:28)
QuizBattle.GameState.GameManager:Bootstrap (System.Collections.Generic.List`1<QuizBattle.Characters.CharacterDefinitionSO>) (at Assets/Scripts/GameState/GameManager.cs:34)
ArenaDemoRunner:RunScenario (string,int,int,string) (at Assets/Editor/ArenaDemoRunner.cs:39)
ArenaDemoRunner:Run () (at Assets/Editor/ArenaDemoRunner.cs:21)

[Assets/Scripts/UI/HUD/HudController.cs line 28]

The resource UISprite.psd could not be loaded from the resource file!
UnityEngine.Debug:ExtractStackTraceNoAlloc (byte*,int,string)
UnityEngine.StackTraceUtility:ExtractStackTrace ()
UnityEngine.Resources:GetBuiltinResource (System.Type,string)
UnityEngine.Resources:GetBuiltinResource<UnityEngine.Sprite> (string)
QuizBattle.UI.UiFactory:get_RoundedSprite () (at Assets/Scripts/UI/UiFactory.cs:70)
QuizBattle.UI.UiFactory:CreateBannerPanel (UnityEngine.Transform,string,UnityEngine.Vector2,UnityEngine.Vector2,UnityEngine.Color,UnityEngine.Vector2) (at Assets/Scripts/UI/UiFactory.cs:83)
QuizBattle.UI.UiFactory:CreateButton (UnityEngine.Transform,string,UnityEngine.Vector2,UnityEngine.Vector2,string,UnityEngine.Vector2) (at Assets/Scripts/UI/UiFactory.cs:113)
QuizBattle.UI.HUD.HudController:Build (UnityEngine.Transform) (at Assets/Scripts/UI/HUD/HudController.cs:50)
QuizBattle.UI.HUD.HudController:Create () (at Assets/Scripts/UI/HUD/HudController.cs:28)
QuizBattle.GameState.GameManager:Bootstrap (System.Collections.Generic.List`1<QuizBattle.Characters.CharacterDefinitionSO>) (at Assets/Scripts/GameState/GameManager.cs:34)
ArenaDemoRunner:RunScenario (string,int,int,string) (at Assets/Editor/ArenaDemoRunner.cs:39)
ArenaDemoRunner:Run () (at Assets/Editor/ArenaDemoRunner.cs:21)

[Assets/Scripts/UI/HUD/HudController.cs line 28]

Failed to find UISprite.psd
UnityEngine.Debug:ExtractStackTraceNoAlloc (byte*,int,string)
UnityEngine.StackTraceUtility:ExtractStackTrace ()
UnityEngine.Resources:GetBuiltinResource (System.Type,string)
UnityEngine.Resources:GetBuiltinResource<UnityEngine.Sprite> (string)
QuizBattle.UI.UiFactory:get_RoundedSprite () (at Assets/Scripts/UI/UiFactory.cs:70)
QuizBattle.UI.UiFactory:CreateBannerPanel (UnityEngine.Transform,string,UnityEngine.Vector2,UnityEngine.Vector2,UnityEngine.Color,UnityEngine.Vector2) (at Assets/Scripts/UI/UiFactory.cs:93)
QuizBattle.UI.UiFactory:CreateButton (UnityEngine.Transform,string,UnityEngine.Vector2,UnityEngine.Vector2,string,UnityEngine.Vector2) (at Assets/Scripts/UI/UiFactory.cs:113)
QuizBattle.UI.HUD.HudController:Build (UnityEngine.Transform) (at Assets/Scripts/UI/HUD/HudController.cs:50)
QuizBattle.UI.HUD.HudController:Create () (at Assets/Scripts/UI/HUD/HudController.cs:28)
QuizBattle.GameState.GameManager:Bootstrap (System.Collections.Generic.List`1<QuizBattle.Characters.CharacterDefinitionSO>) (at Assets/Scripts/GameState/GameManager.cs:34)
ArenaDemoRunner:RunScenario (string,int,int,string) (at Assets/Editor/ArenaDemoRunner.cs:39)
ArenaDemoRunner:Run () (at Assets/Editor/ArenaDemoRunner.cs:21)

[Assets/Scripts/UI/HUD/HudController.cs line 28]

The resource UISprite.psd could not be loaded from the resource file!
UnityEngine.Debug:ExtractStackTraceNoAlloc (byte*,int,string)
UnityEngine.StackTraceUtility:ExtractStackTrace ()
UnityEngine.Resources:GetBuiltinResource (System.Type,string)
UnityEngine.Resources:GetBuiltinResource<UnityEngine.Sprite> (string)
QuizBattle.UI.UiFactory:get_RoundedSprite () (at Assets/Scripts/UI/UiFactory.cs:70)
QuizBattle.UI.UiFactory:CreateBannerPanel (UnityEngine.Transform,string,UnityEngine.Vector2,UnityEngine.Vector2,UnityEngine.Color,UnityEngine.Vector2) (at Assets/Scripts/UI/UiFactory.cs:93)
QuizBattle.UI.UiFactory:CreateButton (UnityEngine.Transform,string,UnityEngine.Vector2,UnityEngine.Vector2,string,UnityEngine.Vector2) (at Assets/Scripts/UI/UiFactory.cs:113)
QuizBattle.UI.HUD.HudController:Build (UnityEngine.Transform) (at Assets/Scripts/UI/HUD/HudController.cs:50)
QuizBattle.UI.HUD.HudController:Create () (at Assets/Scripts/UI/HUD/HudController.cs:28)
QuizBattle.GameState.GameManager:Bootstrap (System.Collections.Generic.List`1<QuizBattle.Characters.CharacterDefinitionSO>) (at Assets/Scripts/GameState/GameManager.cs:34)
ArenaDemoRunner:RunScenario (string,int,int,string) (at Assets/Editor/ArenaDemoRunner.cs:39)
ArenaDemoRunner:Run () (at Assets/Editor/ArenaDemoRunner.cs:21)

[Assets/Scripts/UI/HUD/HudController.cs line 28]

Failed to find UISprite.psd
UnityEngine.Debug:ExtractStackTraceNoAlloc (byte*,int,string)
UnityEngine.StackTraceUtility:ExtractStackTrace ()
UnityEngine.Resources:GetBuiltinResource (System.Type,string)
UnityEngine.Resources:GetBuiltinResource<UnityEngine.Sprite> (string)
QuizBattle.UI.UiFactory:get_RoundedSprite () (at Assets/Scripts/UI/UiFactory.cs:70)
QuizBattle.UI.UiFactory:CreateBannerPanel (UnityEngine.Transform,string,UnityEngine.Vector2,UnityEngine.Vector2,UnityEngine.Color,UnityEngine.Vector2) (at Assets/Scripts/UI/UiFactory.cs:103)
QuizBattle.UI.UiFactory:CreateButton (UnityEngine.Transform,string,UnityEngine.Vector2,UnityEngine.Vector2,string,UnityEngine.Vector2) (at Assets/Scripts/UI/UiFactory.cs:113)
QuizBattle.UI.HUD.HudController:Build (UnityEngine.Transform) (at Assets/Scripts/UI/HUD/HudController.cs:50)
QuizBattle.UI.HUD.HudController:Create () (at Assets/Scripts/UI/HUD/HudController.cs:28)
QuizBattle.GameState.GameManager:Bootstrap (System.Collections.Generic.List`1<QuizBattle.Characters.CharacterDefinitionSO>) (at Assets/Scripts/GameState/GameManager.cs:34)
ArenaDemoRunner:RunScenario (string,int,int,string) (at Assets/Editor/ArenaDemoRunner.cs:39)
ArenaDemoRunner:Run () (at Assets/Editor/ArenaDemoRunner.cs:21)

[Assets/Scripts/UI/HUD/HudController.cs line 28]

The resource UISprite.psd could not be loaded from the resource file!
UnityEngine.Debug:ExtractStackTraceNoAlloc (byte*,int,string)
UnityEngine.StackTraceUtility:ExtractStackTrace ()
UnityEngine.Resources:GetBuiltinResource (System.Type,string)
UnityEngine.Resources:GetBuiltinResource<UnityEngine.Sprite> (string)
QuizBattle.UI.UiFactory:get_RoundedSprite () (at Assets/Scripts/UI/UiFactory.cs:70)
QuizBattle.UI.UiFactory:CreateBannerPanel (UnityEngine.Transform,string,UnityEngine.Vector2,UnityEngine.Vector2,UnityEngine.Color,UnityEngine.Vector2) (at Assets/Scripts/UI/UiFactory.cs:103)
QuizBattle.UI.UiFactory:CreateButton (UnityEngine.Transform,string,UnityEngine.Vector2,UnityEngine.Vector2,string,UnityEngine.Vector2) (at Assets/Scripts/UI/UiFactory.cs:113)
QuizBattle.UI.HUD.HudController:Build (UnityEngine.Transform) (at Assets/Scripts/UI/HUD/HudController.cs:50)
QuizBattle.UI.HUD.HudController:Create () (at Assets/Scripts/UI/HUD/HudController.cs:28)
QuizBattle.GameState.GameManager:Bootstrap (System.Collections.Generic.List`1<QuizBattle.Characters.CharacterDefinitionSO>) (at Assets/Scripts/GameState/GameManager.cs:34)
ArenaDemoRunner:RunScenario (string,int,int,string) (at Assets/Editor/ArenaDemoRunner.cs:39)
ArenaDemoRunner:Run () (at Assets/Editor/ArenaDemoRunner.cs:21)

[Assets/Scripts/UI/HUD/HudController.cs line 28]

Failed to find UISprite.psd
UnityEngine.Debug:ExtractStackTraceNoAlloc (byte*,int,string)
UnityEngine.StackTraceUtility:ExtractStackTrace ()
UnityEngine.Resources:GetBuiltinResource (System.Type,string)
UnityEngine.Resources:GetBuiltinResource<UnityEngine.Sprite> (string)
QuizBattle.UI.UiFactory:get_RoundedSprite () (at Assets/Scripts/UI/UiFactory.cs:70)
QuizBattle.UI.UiFactory:CreateBannerPanel (UnityEngine.Transform,string,UnityEngine.Vector2,UnityEngine.Vector2,UnityEngine.Color,UnityEngine.Vector2) (at Assets/Scripts/UI/UiFactory.cs:83)
QuizBattle.UI.UiFactory:CreateButton (UnityEngine.Transform,string,UnityEngine.Vector2,UnityEngine.Vector2,string,UnityEngine.Vector2) (at Assets/Scripts/UI/UiFactory.cs:113)
QuizBattle.UI.HUD.HudController:Build (UnityEngine.Transform) (at Assets/Scripts/UI/HUD/HudController.cs:50)
QuizBattle.UI.HUD.HudController:Create () (at Assets/Scripts/UI/HUD/HudController.cs:28)
QuizBattle.GameState.GameManager:Bootstrap (System.Collections.Generic.List`1<QuizBattle.Characters.CharacterDefinitionSO>) (at Assets/Scripts/GameState/GameManager.cs:34)
ArenaDemoRunner:RunScenario (string,int,int,string) (at Assets/Editor/ArenaDemoRunner.cs:39)
ArenaDemoRunner:Run () (at Assets/Editor/ArenaDemoRunner.cs:21)

[Assets/Scripts/UI/HUD/HudController.cs line 28]

The resource UISprite.psd could not be loaded from the resource file!
UnityEngine.Debug:ExtractStackTraceNoAlloc (byte*,int,string)
UnityEngine.StackTraceUtility:ExtractStackTrace ()
UnityEngine.Resources:GetBuiltinResource (System.Type,string)
UnityEngine.Resources:GetBuiltinResource<UnityEngine.Sprite> (string)
QuizBattle.UI.UiFactory:get_RoundedSprite () (at Assets/Scripts/UI/UiFactory.cs:70)
QuizBattle.UI.UiFactory:CreateBannerPanel (UnityEngine.Transform,string,UnityEngine.Vector2,UnityEngine.Vector2,UnityEngine.Color,UnityEngine.Vector2) (at Assets/Scripts/UI/UiFactory.cs:83)
QuizBattle.UI.UiFactory:CreateButton (UnityEngine.Transform,string,UnityEngine.Vector2,UnityEngine.Vector2,string,UnityEngine.Vector2) (at Assets/Scripts/UI/UiFactory.cs:113)
QuizBattle.UI.HUD.HudController:Build (UnityEngine.Transform) (at Assets/Scripts/UI/HUD/HudController.cs:50)
QuizBattle.UI.HUD.HudController:Create () (at Assets/Scripts/UI/HUD/HudController.cs:28)
QuizBattle.GameState.GameManager:Bootstrap (System.Collections.Generic.List`1<QuizBattle.Characters.CharacterDefinitionSO>) (at Assets/Scripts/GameState/GameManager.cs:34)
ArenaDemoRunner:RunScenario (string,int,int,string) (at Assets/Editor/ArenaDemoRunner.cs:39)
ArenaDemoRunner:Run () (at Assets/Editor/ArenaDemoRunner.cs:21)

[Assets/Scripts/UI/HUD/HudController.cs line 28]

Failed to find UISprite.psd
UnityEngine.Debug:ExtractStackTraceNoAlloc (byte*,int,string)
UnityEngine.StackTraceUtility:ExtractStackTrace ()
UnityEngine.Resources:GetBuiltinResource (System.Type,string)
UnityEngine.Resources:GetBuiltinResource<UnityEngine.Sprite> (string)
QuizBattle.UI.UiFactory:get_RoundedSprite () (at Assets/Scripts/UI/UiFactory.cs:70)
QuizBattle.UI.UiFactory:CreateBannerPanel (UnityEngine.Transform,string,UnityEngine.Vector2,UnityEngine.Vector2,UnityEngine.Color,UnityEngine.Vector2) (at Assets/Scripts/UI/UiFactory.cs:93)
QuizBattle.UI.UiFactory:CreateButton (UnityEngine.Transform,string,UnityEngine.Vector2,UnityEngine.Vector2,string,UnityEngine.Vector2) (at Assets/Scripts/UI/UiFactory.cs:113)
QuizBattle.UI.HUD.HudController:Build (UnityEngine.Transform) (at Assets/Scripts/UI/HUD/HudController.cs:50)
QuizBattle.UI.HUD.HudController:Create () (at Assets/Scripts/UI/HUD/HudController.cs:28)
QuizBattle.GameState.GameManager:Bootstrap (System.Collections.Generic.List`1<QuizBattle.Characters.CharacterDefinitionSO>) (at Assets/Scripts/GameState/GameManager.cs:34)
ArenaDemoRunner:RunScenario (string,int,int,string) (at Assets/Editor/ArenaDemoRunner.cs:39)
ArenaDemoRunner:Run () (at Assets/Editor/ArenaDemoRunner.cs:21)

[Assets/Scripts/UI/HUD/HudController.cs line 28]

The resource UISprite.psd could not be loaded from the resource file!
UnityEngine.Debug:ExtractStackTraceNoAlloc (byte*,int,string)
UnityEngine.StackTraceUtility:ExtractStackTrace ()
UnityEngine.Resources:GetBuiltinResource (System.Type,string)
UnityEngine.Resources:GetBuiltinResource<UnityEngine.Sprite> (string)
QuizBattle.UI.UiFactory:get_RoundedSprite () (at Assets/Scripts/UI/UiFactory.cs:70)
QuizBattle.UI.UiFactory:CreateBannerPanel (UnityEngine.Transform,string,UnityEngine.Vector2,UnityEngine.Vector2,UnityEngine.Color,UnityEngine.Vector2) (at Assets/Scripts/UI/UiFactory.cs:93)
QuizBattle.UI.UiFactory:CreateButton (UnityEngine.Transform,string,UnityEngine.Vector2,UnityEngine.Vector2,string,UnityEngine.Vector2) (at Assets/Scripts/UI/UiFactory.cs:113)
QuizBattle.UI.HUD.HudController:Build (UnityEngine.Transform) (at Assets/Scripts/UI/HUD/HudController.cs:50)
QuizBattle.UI.HUD.HudController:Create () (at Assets/Scripts/UI/HUD/HudController.cs:28)
QuizBattle.GameState.GameManager:Bootstrap (System.Collections.Generic.List`1<QuizBattle.Characters.CharacterDefinitionSO>) (at Assets/Scripts/GameState/GameManager.cs:34)
ArenaDemoRunner:RunScenario (string,int,int,string) (at Assets/Editor/ArenaDemoRunner.cs:39)
ArenaDemoRunner:Run () (at Assets/Editor/ArenaDemoRunner.cs:21)

[Assets/Scripts/UI/HUD/HudController.cs line 28]

Failed to find UISprite.psd
UnityEngine.Debug:ExtractStackTraceNoAlloc (byte*,int,string)
UnityEngine.StackTraceUtility:ExtractStackTrace ()
UnityEngine.Resources:GetBuiltinResource (System.Type,string)
UnityEngine.Resources:GetBuiltinResource<UnityEngine.Sprite> (string)
QuizBattle.UI.UiFactory:get_RoundedSprite () (at Assets/Scripts/UI/UiFactory.cs:70)
QuizBattle.UI.UiFactory:CreateBannerPanel (UnityEngine.Transform,string,UnityEngine.Vector2,UnityEngine.Vector2,UnityEngine.Color,UnityEngine.Vector2) (at Assets/Scripts/UI/UiFactory.cs:103)
QuizBattle.UI.UiFactory:CreateButton (UnityEngine.Transform,string,UnityEngine.Vector2,UnityEngine.Vector2,string,UnityEngine.Vector2) (at Assets/Scripts/UI/UiFactory.cs:113)
QuizBattle.UI.HUD.HudController:Build (UnityEngine.Transform) (at Assets/Scripts/UI/HUD/HudController.cs:50)
QuizBattle.UI.HUD.HudController:Create () (at Assets/Scripts/UI/HUD/HudController.cs:28)
QuizBattle.GameState.GameManager:Bootstrap (System.Collections.Generic.List`1<QuizBattle.Characters.CharacterDefinitionSO>) (at Assets/Scripts/GameState/GameManager.cs:34)
ArenaDemoRunner:RunScenario (string,int,int,string) (at Assets/Editor/ArenaDemoRunner.cs:39)
ArenaDemoRunner:Run () (at Assets/Editor/ArenaDemoRunner.cs:21)

[Assets/Scripts/UI/HUD/HudController.cs line 28]

The resource UISprite.psd could not be loaded from the resource file!
UnityEngine.Debug:ExtractStackTraceNoAlloc (byte*,int,string)
UnityEngine.StackTraceUtility:ExtractStackTrace ()
UnityEngine.Resources:GetBuiltinResource (System.Type,string)
UnityEngine.Resources:GetBuiltinResource<UnityEngine.Sprite> (string)
QuizBattle.UI.UiFactory:get_RoundedSprite () (at Assets/Scripts/UI/UiFactory.cs:70)
QuizBattle.UI.UiFactory:CreateBannerPanel (UnityEngine.Transform,string,UnityEngine.Vector2,UnityEngine.Vector2,UnityEngine.Color,UnityEngine.Vector2) (at Assets/Scripts/UI/UiFactory.cs:103)
QuizBattle.UI.UiFactory:CreateButton (UnityEngine.Transform,string,UnityEngine.Vector2,UnityEngine.Vector2,string,UnityEngine.Vector2) (at Assets/Scripts/UI/UiFactory.cs:113)
QuizBattle.UI.HUD.HudController:Build (UnityEngine.Transform) (at Assets/Scripts/UI/HUD/HudController.cs:50)
QuizBattle.UI.HUD.HudController:Create () (at Assets/Scripts/UI/HUD/HudController.cs:28)
QuizBattle.GameState.GameManager:Bootstrap (System.Collections.Generic.List`1<QuizBattle.Characters.CharacterDefinitionSO>) (at Assets/Scripts/GameState/GameManager.cs:34)
ArenaDemoRunner:RunScenario (string,int,int,string) (at Assets/Editor/ArenaDemoRunner.cs:39)
ArenaDemoRunner:Run () (at Assets/Editor/ArenaDemoRunner.cs:21)

[Assets/Scripts/UI/HUD/HudController.cs line 28]

Failed to find UISprite.psd
UnityEngine.Debug:ExtractStackTraceNoAlloc (byte*,int,string)
UnityEngine.StackTraceUtility:ExtractStackTrace ()
UnityEngine.Resources:GetBuiltinResource (System.Type,string)
UnityEngine.Resources:GetBuiltinResource<UnityEngine.Sprite> (string)
QuizBattle.UI.UiFactory:get_RoundedSprite () (at Assets/Scripts/UI/UiFactory.cs:70)
QuizBattle.UI.UiFactory:CreateBannerPanel (UnityEngine.Transform,string,UnityEngine.Vector2,UnityEngine.Vector2,UnityEngine.Color,UnityEngine.Vector2) (at Assets/Scripts/UI/UiFactory.cs:83)
QuizBattle.UI.UiFactory:CreateButton (UnityEngine.Transform,string,UnityEngine.Vector2,UnityEngine.Vector2,string,UnityEngine.Vector2) (at Assets/Scripts/UI/UiFactory.cs:113)
QuizBattle.UI.HUD.HudController:Build (UnityEngine.Transform) (at Assets/Scripts/UI/HUD/HudController.cs:50)
QuizBattle.UI.HUD.HudController:Create () (at Assets/Scripts/UI/HUD/HudController.cs:28)
QuizBattle.GameState.GameManager:Bootstrap (System.Collections.Generic.List`1<QuizBattle.Characters.CharacterDefinitionSO>) (at Assets/Scripts/GameState/GameManager.cs:34)
ArenaDemoRunner:RunScenario (string,int,int,string) (at Assets/Editor/ArenaDemoRunner.cs:39)
ArenaDemoRunner:Run () (at Assets/Editor/ArenaDemoRunner.cs:21)

[Assets/Scripts/UI/HUD/HudController.cs line 28]

The resource UISprite.psd could not be loaded from the resource file!
UnityEngine.Debug:ExtractStackTraceNoAlloc (byte*,int,string)
UnityEngine.StackTraceUtility:ExtractStackTrace ()
UnityEngine.Resources:GetBuiltinResource (System.Type,string)
UnityEngine.Resources:GetBuiltinResource<UnityEngine.Sprite> (string)
QuizBattle.UI.UiFactory:get_RoundedSprite () (at Assets/Scripts/UI/UiFactory.cs:70)
QuizBattle.UI.UiFactory:CreateBannerPanel (UnityEngine.Transform,string,UnityEngine.Vector2,UnityEngine.Vector2,UnityEngine.Color,UnityEngine.Vector2) (at Assets/Scripts/UI/UiFactory.cs:83)
QuizBattle.UI.UiFactory:CreateButton (UnityEngine.Transform,string,UnityEngine.Vector2,UnityEngine.Vector2,string,UnityEngine.Vector2) (at Assets/Scripts/UI/UiFactory.cs:113)
QuizBattle.UI.HUD.HudController:Build (UnityEngine.Transform) (at Assets/Scripts/UI/HUD/HudController.cs:50)
QuizBattle.UI.HUD.HudController:Create () (at Assets/Scripts/UI/HUD/HudController.cs:28)
QuizBattle.GameState.GameManager:Bootstrap (System.Collections.Generic.List`1<QuizBattle.Characters.CharacterDefinitionSO>) (at Assets/Scripts/GameState/GameManager.cs:34)
ArenaDemoRunner:RunScenario (string,int,int,string) (at Assets/Editor/ArenaDemoRunner.cs:39)
ArenaDemoRunner:Run () (at Assets/Editor/ArenaDemoRunner.cs:21)

[Assets/Scripts/UI/HUD/HudController.cs line 28]

Failed to find UISprite.psd
UnityEngine.Debug:ExtractStackTraceNoAlloc (byte*,int,string)
UnityEngine.StackTraceUtility:ExtractStackTrace ()
UnityEngine.Resources:GetBuiltinResource (System.Type,string)
UnityEngine.Resources:GetBuiltinResource<UnityEngine.Sprite> (string)
QuizBattle.UI.UiFactory:get_RoundedSprite () (at Assets/Scripts/UI/UiFactory.cs:70)
QuizBattle.UI.UiFactory:CreateBannerPanel (UnityEngine.Transform,string,UnityEngine.Vector2,UnityEngine.Vector2,UnityEngine.Color,UnityEngine.Vector2) (at Assets/Scripts/UI/UiFactory.cs:93)
QuizBattle.UI.UiFactory:CreateButton (UnityEngine.Transform,string,UnityEngine.Vector2,UnityEngine.Vector2,string,UnityEngine.Vector2) (at Assets/Scripts/UI/UiFactory.cs:113)
QuizBattle.UI.HUD.HudController:Build (UnityEngine.Transform) (at Assets/Scripts/UI/HUD/HudController.cs:50)
QuizBattle.UI.HUD.HudController:Create () (at Assets/Scripts/UI/HUD/HudController.cs:28)
QuizBattle.GameState.GameManager:Bootstrap (System.Collections.Generic.List`1<QuizBattle.Characters.CharacterDefinitionSO>) (at Assets/Scripts/GameState/GameManager.cs:34)
ArenaDemoRunner:RunScenario (string,int,int,string) (at Assets/Editor/ArenaDemoRunner.cs:39)
ArenaDemoRunner:Run () (at Assets/Editor/ArenaDemoRunner.cs:21)

[Assets/Scripts/UI/HUD/HudController.cs line 28]

The resource UISprite.psd could not be loaded from the resource file!
UnityEngine.Debug:ExtractStackTraceNoAlloc (byte*,int,string)
UnityEngine.StackTraceUtility:ExtractStackTrace ()
UnityEngine.Resources:GetBuiltinResource (System.Type,string)
UnityEngine.Resources:GetBuiltinResource<UnityEngine.Sprite> (string)
QuizBattle.UI.UiFactory:get_RoundedSprite () (at Assets/Scripts/UI/UiFactory.cs:70)
QuizBattle.UI.UiFactory:CreateBannerPanel (UnityEngine.Transform,string,UnityEngine.Vector2,UnityEngine.Vector2,UnityEngine.Color,UnityEngine.Vector2) (at Assets/Scripts/UI/UiFactory.cs:93)
QuizBattle.UI.UiFactory:CreateButton (UnityEngine.Transform,string,UnityEngine.Vector2,UnityEngine.Vector2,string,UnityEngine.Vector2) (at Assets/Scripts/UI/UiFactory.cs:113)
QuizBattle.UI.HUD.HudController:Build (UnityEngine.Transform) (at Assets/Scripts/UI/HUD/HudController.cs:50)
QuizBattle.UI.HUD.HudController:Create () (at Assets/Scripts/UI/HUD/HudController.cs:28)
QuizBattle.GameState.GameManager:Bootstrap (System.Collections.Generic.List`1<QuizBattle.Characters.CharacterDefinitionSO>) (at Assets/Scripts/GameState/GameManager.cs:34)
ArenaDemoRunner:RunScenario (string,int,int,string) (at Assets/Editor/ArenaDemoRunner.cs:39)
ArenaDemoRunner:Run () (at Assets/Editor/ArenaDemoRunner.cs:21)

[Assets/Scripts/UI/HUD/HudController.cs line 28]

Failed to find UISprite.psd
UnityEngine.Debug:ExtractStackTraceNoAlloc (byte*,int,string)
UnityEngine.StackTraceUtility:ExtractStackTrace ()
UnityEngine.Resources:GetBuiltinResource (System.Type,string)
UnityEngine.Resources:GetBuiltinResource<UnityEngine.Sprite> (string)
QuizBattle.UI.UiFactory:get_RoundedSprite () (at Assets/Scripts/UI/UiFactory.cs:70)
QuizBattle.UI.UiFactory:CreateBannerPanel (UnityEngine.Transform,string,UnityEngine.Vector2,UnityEngine.Vector2,UnityEngine.Color,UnityEngine.Vector2) (at Assets/Scripts/UI/UiFactory.cs:103)
QuizBattle.UI.UiFactory:CreateButton (UnityEngine.Transform,string,UnityEngine.Vector2,UnityEngine.Vector2,string,UnityEngine.Vector2) (at Assets/Scripts/UI/UiFactory.cs:113)
QuizBattle.UI.HUD.HudController:Build (UnityEngine.Transform) (at Assets/Scripts/UI/HUD/HudController.cs:50)
QuizBattle.UI.HUD.HudController:Create () (at Assets/Scripts/UI/HUD/HudController.cs:28)
QuizBattle.GameState.GameManager:Bootstrap (System.Collections.Generic.List`1<QuizBattle.Characters.CharacterDefinitionSO>) (at Assets/Scripts/GameState/GameManager.cs:34)
ArenaDemoRunner:RunScenario (string,int,int,string) (at Assets/Editor/ArenaDemoRunner.cs:39)
ArenaDemoRunner:Run () (at Assets/Editor/ArenaDemoRunner.cs:21)

[Assets/Scripts/UI/HUD/HudController.cs line 28]

The resource UISprite.psd could not be loaded from the resource file!
UnityEngine.Debug:ExtractStackTraceNoAlloc (byte*,int,string)
UnityEngine.StackTraceUtility:ExtractStackTrace ()
UnityEngine.Resources:GetBuiltinResource (System.Type,string)
UnityEngine.Resources:GetBuiltinResource<UnityEngine.Sprite> (string)
QuizBattle.UI.UiFactory:get_RoundedSprite () (at Assets/Scripts/UI/UiFactory.cs:70)
QuizBattle.UI.UiFactory:CreateBannerPanel (UnityEngine.Transform,string,UnityEngine.Vector2,UnityEngine.Vector2,UnityEngine.Color,UnityEngine.Vector2) (at Assets/Scripts/UI/UiFactory.cs:103)
QuizBattle.UI.UiFactory:CreateButton (UnityEngine.Transform,string,UnityEngine.Vector2,UnityEngine.Vector2,string,UnityEngine.Vector2) (at Assets/Scripts/UI/UiFactory.cs:113)
QuizBattle.UI.HUD.HudController:Build (UnityEngine.Transform) (at Assets/Scripts/UI/HUD/HudController.cs:50)
QuizBattle.UI.HUD.HudController:Create () (at Assets/Scripts/UI/HUD/HudController.cs:28)
QuizBattle.GameState.GameManager:Bootstrap (System.Collections.Generic.List`1<QuizBattle.Characters.CharacterDefinitionSO>) (at Assets/Scripts/GameState/GameManager.cs:34)
ArenaDemoRunner:RunScenario (string,int,int,string) (at Assets/Editor/ArenaDemoRunner.cs:39)
ArenaDemoRunner:Run () (at Assets/Editor/ArenaDemoRunner.cs:21)

[Assets/Scripts/UI/HUD/HudController.cs line 28]

Tile_0_0: Destroy may not be called from edit mode! Use DestroyImmediate instead.
Destroying an object in edit mode destroys it permanently
UnityEngine.Debug:ExtractStackTraceNoAlloc (byte*,int,string)
UnityEngine.StackTraceUtility:ExtractStackTrace ()
UnityEngine.Object:Destroy (UnityEngine.Object,single)
UnityEngine.Object:Destroy (UnityEngine.Object)
QuizBattle.Arena.GridController:CreateTile (int,int,UnityEngine.Color) (at Assets/Scripts/Arena/GridController.cs:57)
QuizBattle.Arena.GridController:BuildGrid (int,int,int) (at Assets/Scripts/Arena/GridController.cs:42)
QuizBattle.GameState.GameManager:RunAutoPlayMatch (int,int) (at Assets/Scripts/GameState/GameManager.cs:66)
ArenaDemoRunner:RunScenario (string,int,int,string) (at Assets/Editor/ArenaDemoRunner.cs:40)
ArenaDemoRunner:Run () (at Assets/Editor/ArenaDemoRunner.cs:21)

[Assets/Scripts/Arena/GridController.cs line 42]

Tile_0_1: Destroy may not be called from edit mode! Use DestroyImmediate instead.
Destroying an object in edit mode destroys it permanently
UnityEngine.Debug:ExtractStackTraceNoAlloc (byte*,int,string)
UnityEngine.StackTraceUtility:ExtractStackTrace ()
UnityEngine.Object:Destroy (UnityEngine.Object,single)
UnityEngine.Object:Destroy (UnityEngine.Object)
QuizBattle.Arena.GridController:CreateTile (int,int,UnityEngine.Color) (at Assets/Scripts/Arena/GridController.cs:57)
QuizBattle.Arena.GridController:BuildGrid (int,int,int) (at Assets/Scripts/Arena/GridController.cs:42)
QuizBattle.GameState.GameManager:RunAutoPlayMatch (int,int) (at Assets/Scripts/GameState/GameManager.cs:66)
ArenaDemoRunner:RunScenario (string,int,int,string) (at Assets/Editor/ArenaDemoRunner.cs:40)
ArenaDemoRunner:Run () (at Assets/Editor/ArenaDemoRunner.cs:21)

[Assets/Scripts/Arena/GridController.cs line 42]

Tile_0_2: Destroy may not be called from edit mode! Use DestroyImmediate instead.
Destroying an object in edit mode destroys it permanently
UnityEngine.Debug:ExtractStackTraceNoAlloc (byte*,int,string)
UnityEngine.StackTraceUtility:ExtractStackTrace ()
UnityEngine.Object:Destroy (UnityEngine.Object,single)
UnityEngine.Object:Destroy (UnityEngine.Object)
QuizBattle.Arena.GridController:CreateTile (int,int,UnityEngine.Color) (at Assets/Scripts/Arena/GridController.cs:57)
QuizBattle.Arena.GridController:BuildGrid (int,int,int) (at Assets/Scripts/Arena/GridController.cs:42)
QuizBattle.GameState.GameManager:RunAutoPlayMatch (int,int) (at Assets/Scripts/GameState/GameManager.cs:66)
ArenaDemoRunner:RunScenario (string,int,int,string) (at Assets/Editor/ArenaDemoRunner.cs:40)
ArenaDemoRunner:Run () (at Assets/Editor/ArenaDemoRunner.cs:21)

[Assets/Scripts/Arena/GridController.cs line 42]

Tile_0_3: Destroy may not be called from edit mode! Use DestroyImmediate instead.
Destroying an object in edit mode destroys it permanently
UnityEngine.Debug:ExtractStackTraceNoAlloc (byte*,int,string)
UnityEngine.StackTraceUtility:ExtractStackTrace ()
UnityEngine.Object:Destroy (UnityEngine.Object,single)
UnityEngine.Object:Destroy (UnityEngine.Object)
QuizBattle.Arena.GridController:CreateTile (int,int,UnityEngine.Color) (at Assets/Scripts/Arena/GridController.cs:57)
QuizBattle.Arena.GridController:BuildGrid (int,int,int) (at Assets/Scripts/Arena/GridController.cs:42)
QuizBattle.GameState.GameManager:RunAutoPlayMatch (int,int) (at Assets/Scripts/GameState/GameManager.cs:66)
ArenaDemoRunner:RunScenario (string,int,int,string) (at Assets/Editor/ArenaDemoRunner.cs:40)
ArenaDemoRunner:Run () (at Assets/Editor/ArenaDemoRunner.cs:21)

[Assets/Scripts/Arena/GridController.cs line 42]

Tile_0_4: Destroy may not be called from edit mode! Use DestroyImmediate instead.
Destroying an object in edit mode destroys it permanently
UnityEngine.Debug:ExtractStackTraceNoAlloc (byte*,int,string)
UnityEngine.StackTraceUtility:ExtractStackTrace ()
UnityEngine.Object:Destroy (UnityEngine.Object,single)
UnityEngine.Object:Destroy (UnityEngine.Object)
QuizBattle.Arena.GridController:CreateTile (int,int,UnityEngine.Color) (at Assets/Scripts/Arena/GridController.cs:57)
QuizBattle.Arena.GridController:BuildGrid (int,int,int) (at Assets/Scripts/Arena/GridController.cs:42)
QuizBattle.GameState.GameManager:RunAutoPlayMatch (int,int) (at Assets/Scripts/GameState/GameManager.cs:66)
ArenaDemoRunner:RunScenario (string,int,int,string) (at Assets/Editor/ArenaDemoRunner.cs:40)
ArenaDemoRunner:Run () (at Assets/Editor/ArenaDemoRunner.cs:21)

[Assets/Scripts/Arena/GridController.cs line 42]

Tile_0_5: Destroy may not be called from edit mode! Use DestroyImmediate instead.
Destroying an object in edit mode destroys it permanently
UnityEngine.Debug:ExtractStackTraceNoAlloc (byte*,int,string)
UnityEngine.StackTraceUtility:ExtractStackTrace ()
UnityEngine.Object:Destroy (UnityEngine.Object,single)
UnityEngine.Object:Destroy (UnityEngine.Object)
QuizBattle.Arena.GridController:CreateTile (int,int,UnityEngine.Color) (at Assets/Scripts/Arena/GridController.cs:57)
QuizBattle.Arena.GridController:BuildGrid (int,int,int) (at Assets/Scripts/Arena/GridController.cs:42)
QuizBattle.GameState.GameManager:RunAutoPlayMatch (int,int) (at Assets/Scripts/GameState/GameManager.cs:66)
ArenaDemoRunner:RunScenario (string,int,int,string) (at Assets/Editor/ArenaDemoRunner.cs:40)
ArenaDemoRunner:Run () (at Assets/Editor/ArenaDemoRunner.cs:21)

[Assets/Scripts/Arena/GridController.cs line 42]

ZoneGlow_0_5: Destroy may not be called from edit mode! Use DestroyImmediate instead.
Destroying an object in edit mode destroys it permanently
UnityEngine.Debug:ExtractStackTraceNoAlloc (byte*,int,string)
UnityEngine.StackTraceUtility:ExtractStackTrace ()
UnityEngine.Object:Destroy (UnityEngine.Object,single)
UnityEngine.Object:Destroy (UnityEngine.Object)
QuizBattle.Arena.GridController:CreateZoneGlow (int,int) (at Assets/Scripts/Arena/GridController.cs:99)
QuizBattle.Arena.GridController:BuildGrid (int,int,int) (at Assets/Scripts/Arena/GridController.cs:43)
QuizBattle.GameState.GameManager:RunAutoPlayMatch (int,int) (at Assets/Scripts/GameState/GameManager.cs:66)
ArenaDemoRunner:RunScenario (string,int,int,string) (at Assets/Editor/ArenaDemoRunner.cs:40)
ArenaDemoRunner:Run () (at Assets/Editor/ArenaDemoRunner.cs:21)

[Assets/Scripts/Arena/GridController.cs line 99]

Tile_1_0: Destroy may not be called from edit mode! Use DestroyImmediate instead.
Destroying an object in edit mode destroys it permanently
UnityEngine.Debug:ExtractStackTraceNoAlloc (byte*,int,string)
UnityEngine.StackTraceUtility:ExtractStackTrace ()
UnityEngine.Object:Destroy (UnityEngine.Object,single)
UnityEngine.Object:Destroy (UnityEngine.Object)
QuizBattle.Arena.GridController:CreateTile (int,int,UnityEngine.Color) (at Assets/Scripts/Arena/GridController.cs:57)
QuizBattle.Arena.GridController:BuildGrid (int,int,int) (at Assets/Scripts/Arena/GridController.cs:42)
QuizBattle.GameState.GameManager:RunAutoPlayMatch (int,int) (at Assets/Scripts/GameState/GameManager.cs:66)
ArenaDemoRunner:RunScenario (string,int,int,string) (at Assets/Editor/ArenaDemoRunner.cs:40)
ArenaDemoRunner:Run () (at Assets/Editor/ArenaDemoRunner.cs:21)

[Assets/Scripts/Arena/GridController.cs line 42]

Tile_1_1: Destroy may not be called from edit mode! Use DestroyImmediate instead.
Destroying an object in edit mode destroys it permanently
UnityEngine.Debug:ExtractStackTraceNoAlloc (byte*,int,string)
UnityEngine.StackTraceUtility:ExtractStackTrace ()
UnityEngine.Object:Destroy (UnityEngine.Object,single)
UnityEngine.Object:Destroy (UnityEngine.Object)
QuizBattle.Arena.GridController:CreateTile (int,int,UnityEngine.Color) (at Assets/Scripts/Arena/GridController.cs:57)
QuizBattle.Arena.GridController:BuildGrid (int,int,int) (at Assets/Scripts/Arena/GridController.cs:42)
QuizBattle.GameState.GameManager:RunAutoPlayMatch (int,int) (at Assets/Scripts/GameState/GameManager.cs:66)
ArenaDemoRunner:RunScenario (string,int,int,string) (at Assets/Editor/ArenaDemoRunner.cs:40)
ArenaDemoRunner:Run () (at Assets/Editor/ArenaDemoRunner.cs:21)

[Assets/Scripts/Arena/GridController.cs line 42]

Tile_1_2: Destroy may not be called from edit mode! Use DestroyImmediate instead.
Destroying an object in edit mode destroys it permanently
UnityEngine.Debug:ExtractStackTraceNoAlloc (byte*,int,string)
UnityEngine.StackTraceUtility:ExtractStackTrace ()
UnityEngine.Object:Destroy (UnityEngine.Object,single)
UnityEngine.Object:Destroy (UnityEngine.Object)
QuizBattle.Arena.GridController:CreateTile (int,int,UnityEngine.Color) (at Assets/Scripts/Arena/GridController.cs:57)
QuizBattle.Arena.GridController:BuildGrid (int,int,int) (at Assets/Scripts/Arena/GridController.cs:42)
QuizBattle.GameState.GameManager:RunAutoPlayMatch (int,int) (at Assets/Scripts/GameState/GameManager.cs:66)
ArenaDemoRunner:RunScenario (string,int,int,string) (at Assets/Editor/ArenaDemoRunner.cs:40)
ArenaDemoRunner:Run () (at Assets/Editor/ArenaDemoRunner.cs:21)

[Assets/Scripts/Arena/GridController.cs line 42]

Tile_1_3: Destroy may not be called from edit mode! Use DestroyImmediate instead.
Destroying an object in edit mode destroys it permanently
UnityEngine.Debug:ExtractStackTraceNoAlloc (byte*,int,string)
UnityEngine.StackTraceUtility:ExtractStackTrace ()
UnityEngine.Object:Destroy (UnityEngine.Object,single)
UnityEngine.Object:Destroy (UnityEngine.Object)
QuizBattle.Arena.GridController:CreateTile (int,int,UnityEngine.Color) (at Assets/Scripts/Arena/GridController.cs:57)
QuizBattle.Arena.GridController:BuildGrid (int,int,int) (at Assets/Scripts/Arena/GridController.cs:42)
QuizBattle.GameState.GameManager:RunAutoPlayMatch (int,int) (at Assets/Scripts/GameState/GameManager.cs:66)
ArenaDemoRunner:RunScenario (string,int,int,string) (at Assets/Editor/ArenaDemoRunner.cs:40)
ArenaDemoRunner:Run () (at Assets/Editor/ArenaDemoRunner.cs:21)

[Assets/Scripts/Arena/GridController.cs line 42]

Tile_1_4: Destroy may not be called from edit mode! Use DestroyImmediate instead.
Destroying an object in edit mode destroys it permanently
UnityEngine.Debug:ExtractStackTraceNoAlloc (byte*,int,string)
UnityEngine.StackTraceUtility:ExtractStackTrace ()
UnityEngine.Object:Destroy (UnityEngine.Object,single)
UnityEngine.Object:Destroy (UnityEngine.Object)
QuizBattle.Arena.GridController:CreateTile (int,int,UnityEngine.Color) (at Assets/Scripts/Arena/GridController.cs:57)
QuizBattle.Arena.GridController:BuildGrid (int,int,int) (at Assets/Scripts/Arena/GridController.cs:42)
QuizBattle.GameState.GameManager:RunAutoPlayMatch (int,int) (at Assets/Scripts/GameState/GameManager.cs:66)
ArenaDemoRunner:RunScenario (string,int,int,string) (at Assets/Editor/ArenaDemoRunner.cs:40)
ArenaDemoRunner:Run () (at Assets/Editor/ArenaDemoRunner.cs:21)

[Assets/Scripts/Arena/GridController.cs line 42]

Tile_1_5: Destroy may not be called from edit mode! Use DestroyImmediate instead.
Destroying an object in edit mode destroys it permanently
UnityEngine.Debug:ExtractStackTraceNoAlloc (byte*,int,string)
UnityEngine.StackTraceUtility:ExtractStackTrace ()
UnityEngine.Object:Destroy (UnityEngine.Object,single)
UnityEngine.Object:Destroy (UnityEngine.Object)
QuizBattle.Arena.GridController:CreateTile (int,int,UnityEngine.Color) (at Assets/Scripts/Arena/GridController.cs:57)
QuizBattle.Arena.GridController:BuildGrid (int,int,int) (at Assets/Scripts/Arena/GridController.cs:42)
QuizBattle.GameState.GameManager:RunAutoPlayMatch (int,int) (at Assets/Scripts/GameState/GameManager.cs:66)
ArenaDemoRunner:RunScenario (string,int,int,string) (at Assets/Editor/ArenaDemoRunner.cs:40)
ArenaDemoRunner:Run () (at Assets/Editor/ArenaDemoRunner.cs:21)

[Assets/Scripts/Arena/GridController.cs line 42]

ZoneGlow_1_5: Destroy may not be called from edit mode! Use DestroyImmediate instead.
Destroying an object in edit mode destroys it permanently
UnityEngine.Debug:ExtractStackTraceNoAlloc (byte*,int,string)
UnityEngine.StackTraceUtility:ExtractStackTrace ()
UnityEngine.Object:Destroy (UnityEngine.Object,single)
UnityEngine.Object:Destroy (UnityEngine.Object)
QuizBattle.Arena.GridController:CreateZoneGlow (int,int) (at Assets/Scripts/Arena/GridController.cs:99)
QuizBattle.Arena.GridController:BuildGrid (int,int,int) (at Assets/Scripts/Arena/GridController.cs:43)
QuizBattle.GameState.GameManager:RunAutoPlayMatch (int,int) (at Assets/Scripts/GameState/GameManager.cs:66)
ArenaDemoRunner:RunScenario (string,int,int,string) (at Assets/Editor/ArenaDemoRunner.cs:40)
ArenaDemoRunner:Run () (at Assets/Editor/ArenaDemoRunner.cs:21)

[Assets/Scripts/Arena/GridController.cs line 99]

Tile_2_0: Destroy may not be called from edit mode! Use DestroyImmediate instead.
Destroying an object in edit mode destroys it permanently
UnityEngine.Debug:ExtractStackTraceNoAlloc (byte*,int,string)
UnityEngine.StackTraceUtility:ExtractStackTrace ()
UnityEngine.Object:Destroy (UnityEngine.Object,single)
UnityEngine.Object:Destroy (UnityEngine.Object)
QuizBattle.Arena.GridController:CreateTile (int,int,UnityEngine.Color) (at Assets/Scripts/Arena/GridController.cs:57)
QuizBattle.Arena.GridController:BuildGrid (int,int,int) (at Assets/Scripts/Arena/GridController.cs:42)
QuizBattle.GameState.GameManager:RunAutoPlayMatch (int,int) (at Assets/Scripts/GameState/GameManager.cs:66)
ArenaDemoRunner:RunScenario (string,int,int,string) (at Assets/Editor/ArenaDemoRunner.cs:40)
ArenaDemoRunner:Run () (at Assets/Editor/ArenaDemoRunner.cs:21)

[Assets/Scripts/Arena/GridController.cs line 42]

Tile_2_1: Destroy may not be called from edit mode! Use DestroyImmediate instead.
Destroying an object in edit mode destroys it permanently
UnityEngine.Debug:ExtractStackTraceNoAlloc (byte*,int,string)
UnityEngine.StackTraceUtility:ExtractStackTrace ()
UnityEngine.Object:Destroy (UnityEngine.Object,single)
UnityEngine.Object:Destroy (UnityEngine.Object)
QuizBattle.Arena.GridController:CreateTile (int,int,UnityEngine.Color) (at Assets/Scripts/Arena/GridController.cs:57)
QuizBattle.Arena.GridController:BuildGrid (int,int,int) (at Assets/Scripts/Arena/GridController.cs:42)
QuizBattle.GameState.GameManager:RunAutoPlayMatch (int,int) (at Assets/Scripts/GameState/GameManager.cs:66)
ArenaDemoRunner:RunScenario (string,int,int,string) (at Assets/Editor/ArenaDemoRunner.cs:40)
ArenaDemoRunner:Run () (at Assets/Editor/ArenaDemoRunner.cs:21)

[Assets/Scripts/Arena/GridController.cs line 42]

Tile_2_2: Destroy may not be called from edit mode! Use DestroyImmediate instead.
Destroying an object in edit mode destroys it permanently
UnityEngine.Debug:ExtractStackTraceNoAlloc (byte*,int,string)
UnityEngine.StackTraceUtility:ExtractStackTrace ()
UnityEngine.Object:Destroy (UnityEngine.Object,single)
UnityEngine.Object:Destroy (UnityEngine.Object)
QuizBattle.Arena.GridController:CreateTile (int,int,UnityEngine.Color) (at Assets/Scripts/Arena/GridController.cs:57)
QuizBattle.Arena.GridController:BuildGrid (int,int,int) (at Assets/Scripts/Arena/GridController.cs:42)
QuizBattle.GameState.GameManager:RunAutoPlayMatch (int,int) (at Assets/Scripts/GameState/GameManager.cs:66)
ArenaDemoRunner:RunScenario (string,int,int,string) (at Assets/Editor/ArenaDemoRunner.cs:40)
ArenaDemoRunner:Run () (at Assets/Editor/ArenaDemoRunner.cs:21)

[Assets/Scripts/Arena/GridController.cs line 42]

Tile_2_3: Destroy may not be called from edit mode! Use DestroyImmediate instead.
Destroying an object in edit mode destroys it permanently
UnityEngine.Debug:ExtractStackTraceNoAlloc (byte*,int,string)
UnityEngine.StackTraceUtility:ExtractStackTrace ()
UnityEngine.Object:Destroy (UnityEngine.Object,single)
UnityEngine.Object:Destroy (UnityEngine.Object)
QuizBattle.Arena.GridController:CreateTile (int,int,UnityEngine.Color) (at Assets/Scripts/Arena/GridController.cs:57)
QuizBattle.Arena.GridController:BuildGrid (int,int,int) (at Assets/Scripts/Arena/GridController.cs:42)
QuizBattle.GameState.GameManager:RunAutoPlayMatch (int,int) (at Assets/Scripts/GameState/GameManager.cs:66)
ArenaDemoRunner:RunScenario (string,int,int,string) (at Assets/Editor/ArenaDemoRunner.cs:40)
ArenaDemoRunner:Run () (at Assets/Editor/ArenaDemoRunner.cs:21)

[Assets/Scripts/Arena/GridController.cs line 42]

Tile_2_4: Destroy may not be called from edit mode! Use DestroyImmediate instead.
Destroying an object in edit mode destroys it permanently
UnityEngine.Debug:ExtractStackTraceNoAlloc (byte*,int,string)
UnityEngine.StackTraceUtility:ExtractStackTrace ()
UnityEngine.Object:Destroy (UnityEngine.Object,single)
UnityEngine.Object:Destroy (UnityEngine.Object)
QuizBattle.Arena.GridController:CreateTile (int,int,UnityEngine.Color) (at Assets/Scripts/Arena/GridController.cs:57)
QuizBattle.Arena.GridController:BuildGrid (int,int,int) (at Assets/Scripts/Arena/GridController.cs:42)
QuizBattle.GameState.GameManager:RunAutoPlayMatch (int,int) (at Assets/Scripts/GameState/GameManager.cs:66)
ArenaDemoRunner:RunScenario (string,int,int,string) (at Assets/Editor/ArenaDemoRunner.cs:40)
ArenaDemoRunner:Run () (at Assets/Editor/ArenaDemoRunner.cs:21)

[Assets/Scripts/Arena/GridController.cs line 42]

Tile_2_5: Destroy may not be called from edit mode! Use DestroyImmediate instead.
Destroying an object in edit mode destroys it permanently
UnityEngine.Debug:ExtractStackTraceNoAlloc (byte*,int,string)
UnityEngine.StackTraceUtility:ExtractStackTrace ()
UnityEngine.Object:Destroy (UnityEngine.Object,single)
UnityEngine.Object:Destroy (UnityEngine.Object)
QuizBattle.Arena.GridController:CreateTile (int,int,UnityEngine.Color) (at Assets/Scripts/Arena/GridController.cs:57)
QuizBattle.Arena.GridController:BuildGrid (int,int,int) (at Assets/Scripts/Arena/GridController.cs:42)
QuizBattle.GameState.GameManager:RunAutoPlayMatch (int,int) (at Assets/Scripts/GameState/GameManager.cs:66)
ArenaDemoRunner:RunScenario (string,int,int,string) (at Assets/Editor/ArenaDemoRunner.cs:40)
ArenaDemoRunner:Run () (at Assets/Editor/ArenaDemoRunner.cs:21)

[Assets/Scripts/Arena/GridController.cs line 42]

ZoneGlow_2_5: Destroy may not be called from edit mode! Use DestroyImmediate instead.
Destroying an object in edit mode destroys it permanently
UnityEngine.Debug:ExtractStackTraceNoAlloc (byte*,int,string)
UnityEngine.StackTraceUtility:ExtractStackTrace ()
UnityEngine.Object:Destroy (UnityEngine.Object,single)
UnityEngine.Object:Destroy (UnityEngine.Object)
QuizBattle.Arena.GridController:CreateZoneGlow (int,int) (at Assets/Scripts/Arena/GridController.cs:99)
QuizBattle.Arena.GridController:BuildGrid (int,int,int) (at Assets/Scripts/Arena/GridController.cs:43)
QuizBattle.GameState.GameManager:RunAutoPlayMatch (int,int) (at Assets/Scripts/GameState/GameManager.cs:66)
ArenaDemoRunner:RunScenario (string,int,int,string) (at Assets/Editor/ArenaDemoRunner.cs:40)
ArenaDemoRunner:Run () (at Assets/Editor/ArenaDemoRunner.cs:21)

[Assets/Scripts/Arena/GridController.cs line 99]

Tile_3_0: Destroy may not be called from edit mode! Use DestroyImmediate instead.
Destroying an object in edit mode destroys it permanently
UnityEngine.Debug:ExtractStackTraceNoAlloc (byte*,int,string)
UnityEngine.StackTraceUtility:ExtractStackTrace ()
UnityEngine.Object:Destroy (UnityEngine.Object,single)
UnityEngine.Object:Destroy (UnityEngine.Object)
QuizBattle.Arena.GridController:CreateTile (int,int,UnityEngine.Color) (at Assets/Scripts/Arena/GridController.cs:57)
QuizBattle.Arena.GridController:BuildGrid (int,int,int) (at Assets/Scripts/Arena/GridController.cs:42)
QuizBattle.GameState.GameManager:RunAutoPlayMatch (int,int) (at Assets/Scripts/GameState/GameManager.cs:66)
ArenaDemoRunner:RunScenario (string,int,int,string) (at Assets/Editor/ArenaDemoRunner.cs:40)
ArenaDemoRunner:Run () (at Assets/Editor/ArenaDemoRunner.cs:21)

[Assets/Scripts/Arena/GridController.cs line 42]

Tile_3_1: Destroy may not be called from edit mode! Use DestroyImmediate instead.
Destroying an object in edit mode destroys it permanently
UnityEngine.Debug:ExtractStackTraceNoAlloc (byte*,int,string)
UnityEngine.StackTraceUtility:ExtractStackTrace ()
UnityEngine.Object:Destroy (UnityEngine.Object,single)
UnityEngine.Object:Destroy (UnityEngine.Object)
QuizBattle.Arena.GridController:CreateTile (int,int,UnityEngine.Color) (at Assets/Scripts/Arena/GridController.cs:57)
QuizBattle.Arena.GridController:BuildGrid (int,int,int) (at Assets/Scripts/Arena/GridController.cs:42)
QuizBattle.GameState.GameManager:RunAutoPlayMatch (int,int) (at Assets/Scripts/GameState/GameManager.cs:66)
ArenaDemoRunner:RunScenario (string,int,int,string) (at Assets/Editor/ArenaDemoRunner.cs:40)
ArenaDemoRunner:Run () (at Assets/Editor/ArenaDemoRunner.cs:21)

[Assets/Scripts/Arena/GridController.cs line 42]

Tile_3_2: Destroy may not be called from edit mode! Use DestroyImmediate instead.
Destroying an object in edit mode destroys it permanently
UnityEngine.Debug:ExtractStackTraceNoAlloc (byte*,int,string)
UnityEngine.StackTraceUtility:ExtractStackTrace ()
UnityEngine.Object:Destroy (UnityEngine.Object,single)
UnityEngine.Object:Destroy (UnityEngine.Object)
QuizBattle.Arena.GridController:CreateTile (int,int,UnityEngine.Color) (at Assets/Scripts/Arena/GridController.cs:57)
QuizBattle.Arena.GridController:BuildGrid (int,int,int) (at Assets/Scripts/Arena/GridController.cs:42)
QuizBattle.GameState.GameManager:RunAutoPlayMatch (int,int) (at Assets/Scripts/GameState/GameManager.cs:66)
ArenaDemoRunner:RunScenario (string,int,int,string) (at Assets/Editor/ArenaDemoRunner.cs:40)
ArenaDemoRunner:Run () (at Assets/Editor/ArenaDemoRunner.cs:21)

[Assets/Scripts/Arena/GridController.cs line 42]

Tile_3_3: Destroy may not be called from edit mode! Use DestroyImmediate instead.
Destroying an object in edit mode destroys it permanently
UnityEngine.Debug:ExtractStackTraceNoAlloc (byte*,int,string)
UnityEngine.StackTraceUtility:ExtractStackTrace ()
UnityEngine.Object:Destroy (UnityEngine.Object,single)
UnityEngine.Object:Destroy (UnityEngine.Object)
QuizBattle.Arena.GridController:CreateTile (int,int,UnityEngine.Color) (at Assets/Scripts/Arena/GridController.cs:57)
QuizBattle.Arena.GridController:BuildGrid (int,int,int) (at Assets/Scripts/Arena/GridController.cs:42)
QuizBattle.GameState.GameManager:RunAutoPlayMatch (int,int) (at Assets/Scripts/GameState/GameManager.cs:66)
ArenaDemoRunner:RunScenario (string,int,int,string) (at Assets/Editor/ArenaDemoRunner.cs:40)
ArenaDemoRunner:Run () (at Assets/Editor/ArenaDemoRunner.cs:21)

[Assets/Scripts/Arena/GridController.cs line 42]

Tile_3_4: Destroy may not be called from edit mode! Use DestroyImmediate instead.
Destroying an object in edit mode destroys it permanently
UnityEngine.Debug:ExtractStackTraceNoAlloc (byte*,int,string)
UnityEngine.StackTraceUtility:ExtractStackTrace ()
UnityEngine.Object:Destroy (UnityEngine.Object,single)
UnityEngine.Object:Destroy (UnityEngine.Object)
QuizBattle.Arena.GridController:CreateTile (int,int,UnityEngine.Color) (at Assets/Scripts/Arena/GridController.cs:57)
QuizBattle.Arena.GridController:BuildGrid (int,int,int) (at Assets/Scripts/Arena/GridController.cs:42)
QuizBattle.GameState.GameManager:RunAutoPlayMatch (int,int) (at Assets/Scripts/GameState/GameManager.cs:66)
ArenaDemoRunner:RunScenario (string,int,int,string) (at Assets/Editor/ArenaDemoRunner.cs:40)
ArenaDemoRunner:Run () (at Assets/Editor/ArenaDemoRunner.cs:21)

[Assets/Scripts/Arena/GridController.cs line 42]

Tile_3_5: Destroy may not be called from edit mode! Use DestroyImmediate instead.
Destroying an object in edit mode destroys it permanently
UnityEngine.Debug:ExtractStackTraceNoAlloc (byte*,int,string)
UnityEngine.StackTraceUtility:ExtractStackTrace ()
UnityEngine.Object:Destroy (UnityEngine.Object,single)
UnityEngine.Object:Destroy (UnityEngine.Object)
QuizBattle.Arena.GridController:CreateTile (int,int,UnityEngine.Color) (at Assets/Scripts/Arena/GridController.cs:57)
QuizBattle.Arena.GridController:BuildGrid (int,int,int) (at Assets/Scripts/Arena/GridController.cs:42)
QuizBattle.GameState.GameManager:RunAutoPlayMatch (int,int) (at Assets/Scripts/GameState/GameManager.cs:66)
ArenaDemoRunner:RunScenario (string,int,int,string) (at Assets/Editor/ArenaDemoRunner.cs:40)
ArenaDemoRunner:Run () (at Assets/Editor/ArenaDemoRunner.cs:21)

[Assets/Scripts/Arena/GridController.cs line 42]

ZoneGlow_3_5: Destroy may not be called from edit mode! Use DestroyImmediate instead.
Destroying an object in edit mode destroys it permanently
UnityEngine.Debug:ExtractStackTraceNoAlloc (byte*,int,string)
UnityEngine.StackTraceUtility:ExtractStackTrace ()
UnityEngine.Object:Destroy (UnityEngine.Object,single)
UnityEngine.Object:Destroy (UnityEngine.Object)
QuizBattle.Arena.GridController:CreateZoneGlow (int,int) (at Assets/Scripts/Arena/GridController.cs:99)
QuizBattle.Arena.GridController:BuildGrid (int,int,int) (at Assets/Scripts/Arena/GridController.cs:43)
QuizBattle.GameState.GameManager:RunAutoPlayMatch (int,int) (at Assets/Scripts/GameState/GameManager.cs:66)
ArenaDemoRunner:RunScenario (string,int,int,string) (at Assets/Editor/ArenaDemoRunner.cs:40)
ArenaDemoRunner:Run () (at Assets/Editor/ArenaDemoRunner.cs:21)

[Assets/Scripts/Arena/GridController.cs line 99]

Tile_4_0: Destroy may not be called from edit mode! Use DestroyImmediate instead.
Destroying an object in edit mode destroys it permanently
UnityEngine.Debug:ExtractStackTraceNoAlloc (byte*,int,string)
UnityEngine.StackTraceUtility:ExtractStackTrace ()
UnityEngine.Object:Destroy (UnityEngine.Object,single)
UnityEngine.Object:Destroy (UnityEngine.Object)
QuizBattle.Arena.GridController:CreateTile (int,int,UnityEngine.Color) (at Assets/Scripts/Arena/GridController.cs:57)
QuizBattle.Arena.GridController:BuildGrid (int,int,int) (at Assets/Scripts/Arena/GridController.cs:42)
QuizBattle.GameState.GameManager:RunAutoPlayMatch (int,int) (at Assets/Scripts/GameState/GameManager.cs:66)
ArenaDemoRunner:RunScenario (string,int,int,string) (at Assets/Editor/ArenaDemoRunner.cs:40)
ArenaDemoRunner:Run () (at Assets/Editor/ArenaDemoRunner.cs:21)

[Assets/Scripts/Arena/GridController.cs line 42]

Tile_4_1: Destroy may not be called from edit mode! Use DestroyImmediate instead.
Destroying an object in edit mode destroys it permanently
UnityEngine.Debug:ExtractStackTraceNoAlloc (byte*,int,string)
UnityEngine.StackTraceUtility:ExtractStackTrace ()
UnityEngine.Object:Destroy (UnityEngine.Object,single)
UnityEngine.Object:Destroy (UnityEngine.Object)
QuizBattle.Arena.GridController:CreateTile (int,int,UnityEngine.Color) (at Assets/Scripts/Arena/GridController.cs:57)
QuizBattle.Arena.GridController:BuildGrid (int,int,int) (at Assets/Scripts/Arena/GridController.cs:42)
QuizBattle.GameState.GameManager:RunAutoPlayMatch (int,int) (at Assets/Scripts/GameState/GameManager.cs:66)
ArenaDemoRunner:RunScenario (string,int,int,string) (at Assets/Editor/ArenaDemoRunner.cs:40)
ArenaDemoRunner:Run () (at Assets/Editor/ArenaDemoRunner.cs:21)

[Assets/Scripts/Arena/GridController.cs line 42]

Tile_4_2: Destroy may not be called from edit mode! Use DestroyImmediate instead.
Destroying an object in edit mode destroys it permanently
UnityEngine.Debug:ExtractStackTraceNoAlloc (byte*,int,string)
UnityEngine.StackTraceUtility:ExtractStackTrace ()
UnityEngine.Object:Destroy (UnityEngine.Object,single)
UnityEngine.Object:Destroy (UnityEngine.Object)
QuizBattle.Arena.GridController:CreateTile (int,int,UnityEngine.Color) (at Assets/Scripts/Arena/GridController.cs:57)
QuizBattle.Arena.GridController:BuildGrid (int,int,int) (at Assets/Scripts/Arena/GridController.cs:42)
QuizBattle.GameState.GameManager:RunAutoPlayMatch (int,int) (at Assets/Scripts/GameState/GameManager.cs:66)
ArenaDemoRunner:RunScenario (string,int,int,string) (at Assets/Editor/ArenaDemoRunner.cs:40)
ArenaDemoRunner:Run () (at Assets/Editor/ArenaDemoRunner.cs:21)

[Assets/Scripts/Arena/GridController.cs line 42]

Tile_4_3: Destroy may not be called from edit mode! Use DestroyImmediate instead.
Destroying an object in edit mode destroys it permanently
UnityEngine.Debug:ExtractStackTraceNoAlloc (byte*,int,string)
UnityEngine.StackTraceUtility:ExtractStackTrace ()
UnityEngine.Object:Destroy (UnityEngine.Object,single)
UnityEngine.Object:Destroy (UnityEngine.Object)
QuizBattle.Arena.GridController:CreateTile (int,int,UnityEngine.Color) (at Assets/Scripts/Arena/GridController.cs:57)
QuizBattle.Arena.GridController:BuildGrid (int,int,int) (at Assets/Scripts/Arena/GridController.cs:42)
QuizBattle.GameState.GameManager:RunAutoPlayMatch (int,int) (at Assets/Scripts/GameState/GameManager.cs:66)
ArenaDemoRunner:RunScenario (string,int,int,string) (at Assets/Editor/ArenaDemoRunner.cs:40)
ArenaDemoRunner:Run () (at Assets/Editor/ArenaDemoRunner.cs:21)

[Assets/Scripts/Arena/GridController.cs line 42]

Tile_4_4: Destroy may not be called from edit mode! Use DestroyImmediate instead.
Destroying an object in edit mode destroys it permanently
UnityEngine.Debug:ExtractStackTraceNoAlloc (byte*,int,string)
UnityEngine.StackTraceUtility:ExtractStackTrace ()
UnityEngine.Object:Destroy (UnityEngine.Object,single)
UnityEngine.Object:Destroy (UnityEngine.Object)
QuizBattle.Arena.GridController:CreateTile (int,int,UnityEngine.Color) (at Assets/Scripts/Arena/GridController.cs:57)
QuizBattle.Arena.GridController:BuildGrid (int,int,int) (at Assets/Scripts/Arena/GridController.cs:42)
QuizBattle.GameState.GameManager:RunAutoPlayMatch (int,int) (at Assets/Scripts/GameState/GameManager.cs:66)
ArenaDemoRunner:RunScenario (string,int,int,string) (at Assets/Editor/ArenaDemoRunner.cs:40)
ArenaDemoRunner:Run () (at Assets/Editor/ArenaDemoRunner.cs:21)

[Assets/Scripts/Arena/GridController.cs line 42]

Tile_4_5: Destroy may not be called from edit mode! Use DestroyImmediate instead.
Destroying an object in edit mode destroys it permanently
UnityEngine.Debug:ExtractStackTraceNoAlloc (byte*,int,string)
UnityEngine.StackTraceUtility:ExtractStackTrace ()
UnityEngine.Object:Destroy (UnityEngine.Object,single)
UnityEngine.Object:Destroy (UnityEngine.Object)
QuizBattle.Arena.GridController:CreateTile (int,int,UnityEngine.Color) (at Assets/Scripts/Arena/GridController.cs:57)
QuizBattle.Arena.GridController:BuildGrid (int,int,int) (at Assets/Scripts/Arena/GridController.cs:42)
QuizBattle.GameState.GameManager:RunAutoPlayMatch (int,int) (at Assets/Scripts/GameState/GameManager.cs:66)
ArenaDemoRunner:RunScenario (string,int,int,string) (at Assets/Editor/ArenaDemoRunner.cs:40)
ArenaDemoRunner:Run () (at Assets/Editor/ArenaDemoRunner.cs:21)

[Assets/Scripts/Arena/GridController.cs line 42]

ZoneGlow_4_5: Destroy may not be called from edit mode! Use DestroyImmediate instead.
Destroying an object in edit mode destroys it permanently
UnityEngine.Debug:ExtractStackTraceNoAlloc (byte*,int,string)
UnityEngine.StackTraceUtility:ExtractStackTrace ()
UnityEngine.Object:Destroy (UnityEngine.Object,single)
UnityEngine.Object:Destroy (UnityEngine.Object)
QuizBattle.Arena.GridController:CreateZoneGlow (int,int) (at Assets/Scripts/Arena/GridController.cs:99)
QuizBattle.Arena.GridController:BuildGrid (int,int,int) (at Assets/Scripts/Arena/GridController.cs:43)
QuizBattle.GameState.GameManager:RunAutoPlayMatch (int,int) (at Assets/Scripts/GameState/GameManager.cs:66)
ArenaDemoRunner:RunScenario (string,int,int,string) (at Assets/Editor/ArenaDemoRunner.cs:40)
ArenaDemoRunner:Run () (at Assets/Editor/ArenaDemoRunner.cs:21)

[Assets/Scripts/Arena/GridController.cs line 99]

Tile_5_0: Destroy may not be called from edit mode! Use DestroyImmediate instead.
Destroying an object in edit mode destroys it permanently
UnityEngine.Debug:ExtractStackTraceNoAlloc (byte*,int,string)
UnityEngine.StackTraceUtility:ExtractStackTrace ()
UnityEngine.Object:Destroy (UnityEngine.Object,single)
UnityEngine.Object:Destroy (UnityEngine.Object)
QuizBattle.Arena.GridController:CreateTile (int,int,UnityEngine.Color) (at Assets/Scripts/Arena/GridController.cs:57)
QuizBattle.Arena.GridController:BuildGrid (int,int,int) (at Assets/Scripts/Arena/GridController.cs:42)
QuizBattle.GameState.GameManager:RunAutoPlayMatch (int,int) (at Assets/Scripts/GameState/GameManager.cs:66)
ArenaDemoRunner:RunScenario (string,int,int,string) (at Assets/Editor/ArenaDemoRunner.cs:40)
ArenaDemoRunner:Run () (at Assets/Editor/ArenaDemoRunner.cs:21)

[Assets/Scripts/Arena/GridController.cs line 42]

Tile_5_1: Destroy may not be called from edit mode! Use DestroyImmediate instead.
Destroying an object in edit mode destroys it permanently
UnityEngine.Debug:ExtractStackTraceNoAlloc (byte*,int,string)
UnityEngine.StackTraceUtility:ExtractStackTrace ()
UnityEngine.Object:Destroy (UnityEngine.Object,single)
UnityEngine.Object:Destroy (UnityEngine.Object)
QuizBattle.Arena.GridController:CreateTile (int,int,UnityEngine.Color) (at Assets/Scripts/Arena/GridController.cs:57)
QuizBattle.Arena.GridController:BuildGrid (int,int,int) (at Assets/Scripts/Arena/GridController.cs:42)
QuizBattle.GameState.GameManager:RunAutoPlayMatch (int,int) (at Assets/Scripts/GameState/GameManager.cs:66)
ArenaDemoRunner:RunScenario (string,int,int,string) (at Assets/Editor/ArenaDemoRunner.cs:40)
ArenaDemoRunner:Run () (at Assets/Editor/ArenaDemoRunner.cs:21)

[Assets/Scripts/Arena/GridController.cs line 42]

Tile_5_2: Destroy may not be called from edit mode! Use DestroyImmediate instead.
Destroying an object in edit mode destroys it permanently
UnityEngine.Debug:ExtractStackTraceNoAlloc (byte*,int,string)
UnityEngine.StackTraceUtility:ExtractStackTrace ()
UnityEngine.Object:Destroy (UnityEngine.Object,single)
UnityEngine.Object:Destroy (UnityEngine.Object)
QuizBattle.Arena.GridController:CreateTile (int,int,UnityEngine.Color) (at Assets/Scripts/Arena/GridController.cs:57)
QuizBattle.Arena.GridController:BuildGrid (int,int,int) (at Assets/Scripts/Arena/GridController.cs:42)
QuizBattle.GameState.GameManager:RunAutoPlayMatch (int,int) (at Assets/Scripts/GameState/GameManager.cs:66)
ArenaDemoRunner:RunScenario (string,int,int,string) (at Assets/Editor/ArenaDemoRunner.cs:40)
ArenaDemoRunner:Run () (at Assets/Editor/ArenaDemoRunner.cs:21)

[Assets/Scripts/Arena/GridController.cs line 42]

Tile_5_3: Destroy may not be called from edit mode! Use DestroyImmediate instead.
Destroying an object in edit mode destroys it permanently
UnityEngine.Debug:ExtractStackTraceNoAlloc (byte*,int,string)
UnityEngine.StackTraceUtility:ExtractStackTrace ()
UnityEngine.Object:Destroy (UnityEngine.Object,single)
UnityEngine.Object:Destroy (UnityEngine.Object)
QuizBattle.Arena.GridController:CreateTile (int,int,UnityEngine.Color) (at Assets/Scripts/Arena/GridController.cs:57)
QuizBattle.Arena.GridController:BuildGrid (int,int,int) (at Assets/Scripts/Arena/GridController.cs:42)
QuizBattle.GameState.GameManager:RunAutoPlayMatch (int,int) (at Assets/Scripts/GameState/GameManager.cs:66)
ArenaDemoRunner:RunScenario (string,int,int,string) (at Assets/Editor/ArenaDemoRunner.cs:40)
ArenaDemoRunner:Run () (at Assets/Editor/ArenaDemoRunner.cs:21)

[Assets/Scripts/Arena/GridController.cs line 42]

Tile_5_4: Destroy may not be called from edit mode! Use DestroyImmediate instead.
Destroying an object in edit mode destroys it permanently
UnityEngine.Debug:ExtractStackTraceNoAlloc (byte*,int,string)
UnityEngine.StackTraceUtility:ExtractStackTrace ()
UnityEngine.Object:Destroy (UnityEngine.Object,single)
UnityEngine.Object:Destroy (UnityEngine.Object)
QuizBattle.Arena.GridController:CreateTile (int,int,UnityEngine.Color) (at Assets/Scripts/Arena/GridController.cs:57)
QuizBattle.Arena.GridController:BuildGrid (int,int,int) (at Assets/Scripts/Arena/GridController.cs:42)
QuizBattle.GameState.GameManager:RunAutoPlayMatch (int,int) (at Assets/Scripts/GameState/GameManager.cs:66)
ArenaDemoRunner:RunScenario (string,int,int,string) (at Assets/Editor/ArenaDemoRunner.cs:40)
ArenaDemoRunner:Run () (at Assets/Editor/ArenaDemoRunner.cs:21)

[Assets/Scripts/Arena/GridController.cs line 42]

Tile_5_5: Destroy may not be called from edit mode! Use DestroyImmediate instead.
Destroying an object in edit mode destroys it permanently
UnityEngine.Debug:ExtractStackTraceNoAlloc (byte*,int,string)
UnityEngine.StackTraceUtility:ExtractStackTrace ()
UnityEngine.Object:Destroy (UnityEngine.Object,single)
UnityEngine.Object:Destroy (UnityEngine.Object)
QuizBattle.Arena.GridController:CreateTile (int,int,UnityEngine.Color) (at Assets/Scripts/Arena/GridController.cs:57)
QuizBattle.Arena.GridController:BuildGrid (int,int,int) (at Assets/Scripts/Arena/GridController.cs:42)
QuizBattle.GameState.GameManager:RunAutoPlayMatch (int,int) (at Assets/Scripts/GameState/GameManager.cs:66)
ArenaDemoRunner:RunScenario (string,int,int,string) (at Assets/Editor/ArenaDemoRunner.cs:40)
ArenaDemoRunner:Run () (at Assets/Editor/ArenaDemoRunner.cs:21)

[Assets/Scripts/Arena/GridController.cs line 42]

ZoneGlow_5_5: Destroy may not be called from edit mode! Use DestroyImmediate instead.
Destroying an object in edit mode destroys it permanently
UnityEngine.Debug:ExtractStackTraceNoAlloc (byte*,int,string)
UnityEngine.StackTraceUtility:ExtractStackTrace ()
UnityEngine.Object:Destroy (UnityEngine.Object,single)
UnityEngine.Object:Destroy (UnityEngine.Object)
QuizBattle.Arena.GridController:CreateZoneGlow (int,int) (at Assets/Scripts/Arena/GridController.cs:99)
QuizBattle.Arena.GridController:BuildGrid (int,int,int) (at Assets/Scripts/Arena/GridController.cs:43)
QuizBattle.GameState.GameManager:RunAutoPlayMatch (int,int) (at Assets/Scripts/GameState/GameManager.cs:66)
ArenaDemoRunner:RunScenario (string,int,int,string) (at Assets/Editor/ArenaDemoRunner.cs:40)
ArenaDemoRunner:Run () (at Assets/Editor/ArenaDemoRunner.cs:21)

[Assets/Scripts/Arena/GridController.cs line 99]

Tile_6_0: Destroy may not be called from edit mode! Use DestroyImmediate instead.
Destroying an object in edit mode destroys it permanently
UnityEngine.Debug:ExtractStackTraceNoAlloc (byte*,int,string)
UnityEngine.StackTraceUtility:ExtractStackTrace ()
UnityEngine.Object:Destroy (UnityEngine.Object,single)
UnityEngine.Object:Destroy (UnityEngine.Object)
QuizBattle.Arena.GridController:CreateTile (int,int,UnityEngine.Color) (at Assets/Scripts/Arena/GridController.cs:57)
QuizBattle.Arena.GridController:BuildGrid (int,int,int) (at Assets/Scripts/Arena/GridController.cs:42)
QuizBattle.GameState.GameManager:RunAutoPlayMatch (int,int) (at Assets/Scripts/GameState/GameManager.cs:66)
ArenaDemoRunner:RunScenario (string,int,int,string) (at Assets/Editor/ArenaDemoRunner.cs:40)
ArenaDemoRunner:Run () (at Assets/Editor/ArenaDemoRunner.cs:21)

[Assets/Scripts/Arena/GridController.cs line 42]

Tile_6_1: Destroy may not be called from edit mode! Use DestroyImmediate instead.
Destroying an object in edit mode destroys it permanently
UnityEngine.Debug:ExtractStackTraceNoAlloc (byte*,int,string)
UnityEngine.StackTraceUtility:ExtractStackTrace ()
UnityEngine.Object:Destroy (UnityEngine.Object,single)
UnityEngine.Object:Destroy (UnityEngine.Object)
QuizBattle.Arena.GridController:CreateTile (int,int,UnityEngine.Color) (at Assets/Scripts/Arena/GridController.cs:57)
QuizBattle.Arena.GridController:BuildGrid (int,int,int) (at Assets/Scripts/Arena/GridController.cs:42)
QuizBattle.GameState.GameManager:RunAutoPlayMatch (int,int) (at Assets/Scripts/GameState/GameManager.cs:66)
ArenaDemoRunner:RunScenario (string,int,int,string) (at Assets/Editor/ArenaDemoRunner.cs:40)
ArenaDemoRunner:Run () (at Assets/Editor/ArenaDemoRunner.cs:21)

[Assets/Scripts/Arena/GridController.cs line 42]

Tile_6_2: Destroy may not be called from edit mode! Use DestroyImmediate instead.
Destroying an object in edit mode destroys it permanently
UnityEngine.Debug:ExtractStackTraceNoAlloc (byte*,int,string)
UnityEngine.StackTraceUtility:ExtractStackTrace ()
UnityEngine.Object:Destroy (UnityEngine.Object,single)
UnityEngine.Object:Destroy (UnityEngine.Object)
QuizBattle.Arena.GridController:CreateTile (int,int,UnityEngine.Color) (at Assets/Scripts/Arena/GridController.cs:57)
QuizBattle.Arena.GridController:BuildGrid (int,int,int) (at Assets/Scripts/Arena/GridController.cs:42)
QuizBattle.GameState.GameManager:RunAutoPlayMatch (int,int) (at Assets/Scripts/GameState/GameManager.cs:66)
ArenaDemoRunner:RunScenario (string,int,int,string) (at Assets/Editor/ArenaDemoRunner.cs:40)
ArenaDemoRunner:Run () (at Assets/Editor/ArenaDemoRunner.cs:21)

[Assets/Scripts/Arena/GridController.cs line 42]

Tile_6_3: Destroy may not be called from edit mode! Use DestroyImmediate instead.
Destroying an object in edit mode destroys it permanently
UnityEngine.Debug:ExtractStackTraceNoAlloc (byte*,int,string)
UnityEngine.StackTraceUtility:ExtractStackTrace ()
UnityEngine.Object:Destroy (UnityEngine.Object,single)
UnityEngine.Object:Destroy (UnityEngine.Object)
QuizBattle.Arena.GridController:CreateTile (int,int,UnityEngine.Color) (at Assets/Scripts/Arena/GridController.cs:57)
QuizBattle.Arena.GridController:BuildGrid (int,int,int) (at Assets/Scripts/Arena/GridController.cs:42)
QuizBattle.GameState.GameManager:RunAutoPlayMatch (int,int) (at Assets/Scripts/GameState/GameManager.cs:66)
ArenaDemoRunner:RunScenario (string,int,int,string) (at Assets/Editor/ArenaDemoRunner.cs:40)
ArenaDemoRunner:Run () (at Assets/Editor/ArenaDemoRunner.cs:21)

[Assets/Scripts/Arena/GridController.cs line 42]

Tile_6_4: Destroy may not be called from edit mode! Use DestroyImmediate instead.
Destroying an object in edit mode destroys it permanently
UnityEngine.Debug:ExtractStackTraceNoAlloc (byte*,int,string)
UnityEngine.StackTraceUtility:ExtractStackTrace ()
UnityEngine.Object:Destroy (UnityEngine.Object,single)
UnityEngine.Object:Destroy (UnityEngine.Object)
QuizBattle.Arena.GridController:CreateTile (int,int,UnityEngine.Color) (at Assets/Scripts/Arena/GridController.cs:57)
QuizBattle.Arena.GridController:BuildGrid (int,int,int) (at Assets/Scripts/Arena/GridController.cs:42)
QuizBattle.GameState.GameManager:RunAutoPlayMatch (int,int) (at Assets/Scripts/GameState/GameManager.cs:66)
ArenaDemoRunner:RunScenario (string,int,int,string) (at Assets/Editor/ArenaDemoRunner.cs:40)
ArenaDemoRunner:Run () (at Assets/Editor/ArenaDemoRunner.cs:21)

[Assets/Scripts/Arena/GridController.cs line 42]

Tile_6_5: Destroy may not be called from edit mode! Use DestroyImmediate instead.
Destroying an object in edit mode destroys it permanently
UnityEngine.Debug:ExtractStackTraceNoAlloc (byte*,int,string)
UnityEngine.StackTraceUtility:ExtractStackTrace ()
UnityEngine.Object:Destroy (UnityEngine.Object,single)
UnityEngine.Object:Destroy (UnityEngine.Object)
QuizBattle.Arena.GridController:CreateTile (int,int,UnityEngine.Color) (at Assets/Scripts/Arena/GridController.cs:57)
QuizBattle.Arena.GridController:BuildGrid (int,int,int) (at Assets/Scripts/Arena/GridController.cs:42)
QuizBattle.GameState.GameManager:RunAutoPlayMatch (int,int) (at Assets/Scripts/GameState/GameManager.cs:66)
ArenaDemoRunner:RunScenario (string,int,int,string) (at Assets/Editor/ArenaDemoRunner.cs:40)
ArenaDemoRunner:Run () (at Assets/Editor/ArenaDemoRunner.cs:21)

[Assets/Scripts/Arena/GridController.cs line 42]

ZoneGlow_6_5: Destroy may not be called from edit mode! Use DestroyImmediate instead.
Destroying an object in edit mode destroys it permanently
UnityEngine.Debug:ExtractStackTraceNoAlloc (byte*,int,string)
UnityEngine.StackTraceUtility:ExtractStackTrace ()
UnityEngine.Object:Destroy (UnityEngine.Object,single)
UnityEngine.Object:Destroy (UnityEngine.Object)
QuizBattle.Arena.GridController:CreateZoneGlow (int,int) (at Assets/Scripts/Arena/GridController.cs:99)
QuizBattle.Arena.GridController:BuildGrid (int,int,int) (at Assets/Scripts/Arena/GridController.cs:43)
QuizBattle.GameState.GameManager:RunAutoPlayMatch (int,int) (at Assets/Scripts/GameState/GameManager.cs:66)
ArenaDemoRunner:RunScenario (string,int,int,string) (at Assets/Editor/ArenaDemoRunner.cs:40)
ArenaDemoRunner:Run () (at Assets/Editor/ArenaDemoRunner.cs:21)

[Assets/Scripts/Arena/GridController.cs line 99]

Tile_7_0: Destroy may not be called from edit mode! Use DestroyImmediate instead.
Destroying an object in edit mode destroys it permanently
UnityEngine.Debug:ExtractStackTraceNoAlloc (byte*,int,string)
UnityEngine.StackTraceUtility:ExtractStackTrace ()
UnityEngine.Object:Destroy (UnityEngine.Object,single)
UnityEngine.Object:Destroy (UnityEngine.Object)
QuizBattle.Arena.GridController:CreateTile (int,int,UnityEngine.Color) (at Assets/Scripts/Arena/GridController.cs:57)
QuizBattle.Arena.GridController:BuildGrid (int,int,int) (at Assets/Scripts/Arena/GridController.cs:42)
QuizBattle.GameState.GameManager:RunAutoPlayMatch (int,int) (at Assets/Scripts/GameState/GameManager.cs:66)
ArenaDemoRunner:RunScenario (string,int,int,string) (at Assets/Editor/ArenaDemoRunner.cs:40)
ArenaDemoRunner:Run () (at Assets/Editor/ArenaDemoRunner.cs:21)

[Assets/Scripts/Arena/GridController.cs line 42]

Tile_7_1: Destroy may not be called from edit mode! Use DestroyImmediate instead.
Destroying an object in edit mode destroys it permanently
UnityEngine.Debug:ExtractStackTraceNoAlloc (byte*,int,string)
UnityEngine.StackTraceUtility:ExtractStackTrace ()
UnityEngine.Object:Destroy (UnityEngine.Object,single)
UnityEngine.Object:Destroy (UnityEngine.Object)
QuizBattle.Arena.GridController:CreateTile (int,int,UnityEngine.Color) (at Assets/Scripts/Arena/GridController.cs:57)
QuizBattle.Arena.GridController:BuildGrid (int,int,int) (at Assets/Scripts/Arena/GridController.cs:42)
QuizBattle.GameState.GameManager:RunAutoPlayMatch (int,int) (at Assets/Scripts/GameState/GameManager.cs:66)
ArenaDemoRunner:RunScenario (string,int,int,string) (at Assets/Editor/ArenaDemoRunner.cs:40)
ArenaDemoRunner:Run () (at Assets/Editor/ArenaDemoRunner.cs:21)

[Assets/Scripts/Arena/GridController.cs line 42]

Tile_7_2: Destroy may not be called from edit mode! Use DestroyImmediate instead.
Destroying an object in edit mode destroys it permanently
UnityEngine.Debug:ExtractStackTraceNoAlloc (byte*,int,string)
UnityEngine.StackTraceUtility:ExtractStackTrace ()
UnityEngine.Object:Destroy (UnityEngine.Object,single)
UnityEngine.Object:Destroy (UnityEngine.Object)
QuizBattle.Arena.GridController:CreateTile (int,int,UnityEngine.Color) (at Assets/Scripts/Arena/GridController.cs:57)
QuizBattle.Arena.GridController:BuildGrid (int,int,int) (at Assets/Scripts/Arena/GridController.cs:42)
QuizBattle.GameState.GameManager:RunAutoPlayMatch (int,int) (at Assets/Scripts/GameState/GameManager.cs:66)
ArenaDemoRunner:RunScenario (string,int,int,string) (at Assets/Editor/ArenaDemoRunner.cs:40)
ArenaDemoRunner:Run () (at Assets/Editor/ArenaDemoRunner.cs:21)

[Assets/Scripts/Arena/GridController.cs line 42]

Tile_7_3: Destroy may not be called from edit mode! Use DestroyImmediate instead.
Destroying an object in edit mode destroys it permanently
UnityEngine.Debug:ExtractStackTraceNoAlloc (byte*,int,string)
UnityEngine.StackTraceUtility:ExtractStackTrace ()
UnityEngine.Object:Destroy (UnityEngine.Object,single)
UnityEngine.Object:Destroy (UnityEngine.Object)
QuizBattle.Arena.GridController:CreateTile (int,int,UnityEngine.Color) (at Assets/Scripts/Arena/GridController.cs:57)
QuizBattle.Arena.GridController:BuildGrid (int,int,int) (at Assets/Scripts/Arena/GridController.cs:42)
QuizBattle.GameState.GameManager:RunAutoPlayMatch (int,int) (at Assets/Scripts/GameState/GameManager.cs:66)
ArenaDemoRunner:RunScenario (string,int,int,string) (at Assets/Editor/ArenaDemoRunner.cs:40)
ArenaDemoRunner:Run () (at Assets/Editor/ArenaDemoRunner.cs:21)

[Assets/Scripts/Arena/GridController.cs line 42]

Tile_7_4: Destroy may not be called from edit mode! Use DestroyImmediate instead.
Destroying an object in edit mode destroys it permanently
UnityEngine.Debug:ExtractStackTraceNoAlloc (byte*,int,string)
UnityEngine.StackTraceUtility:ExtractStackTrace ()
UnityEngine.Object:Destroy (UnityEngine.Object,single)
UnityEngine.Object:Destroy (UnityEngine.Object)
QuizBattle.Arena.GridController:CreateTile (int,int,UnityEngine.Color) (at Assets/Scripts/Arena/GridController.cs:57)
QuizBattle.Arena.GridController:BuildGrid (int,int,int) (at Assets/Scripts/Arena/GridController.cs:42)
QuizBattle.GameState.GameManager:RunAutoPlayMatch (int,int) (at Assets/Scripts/GameState/GameManager.cs:66)
ArenaDemoRunner:RunScenario (string,int,int,string) (at Assets/Editor/ArenaDemoRunner.cs:40)
ArenaDemoRunner:Run () (at Assets/Editor/ArenaDemoRunner.cs:21)

[Assets/Scripts/Arena/GridController.cs line 42]

Tile_7_5: Destroy may not be called from edit mode! Use DestroyImmediate instead.
Destroying an object in edit mode destroys it permanently
UnityEngine.Debug:ExtractStackTraceNoAlloc (byte*,int,string)
UnityEngine.StackTraceUtility:ExtractStackTrace ()
UnityEngine.Object:Destroy (UnityEngine.Object,single)
UnityEngine.Object:Destroy (UnityEngine.Object)
QuizBattle.Arena.GridController:CreateTile (int,int,UnityEngine.Color) (at Assets/Scripts/Arena/GridController.cs:57)
QuizBattle.Arena.GridController:BuildGrid (int,int,int) (at Assets/Scripts/Arena/GridController.cs:42)
QuizBattle.GameState.GameManager:RunAutoPlayMatch (int,int) (at Assets/Scripts/GameState/GameManager.cs:66)
ArenaDemoRunner:RunScenario (string,int,int,string) (at Assets/Editor/ArenaDemoRunner.cs:40)
ArenaDemoRunner:Run () (at Assets/Editor/ArenaDemoRunner.cs:21)

[Assets/Scripts/Arena/GridController.cs line 42]

ZoneGlow_7_5: Destroy may not be called from edit mode! Use DestroyImmediate instead.
Destroying an object in edit mode destroys it permanently
UnityEngine.Debug:ExtractStackTraceNoAlloc (byte*,int,string)
UnityEngine.StackTraceUtility:ExtractStackTrace ()
UnityEngine.Object:Destroy (UnityEngine.Object,single)
UnityEngine.Object:Destroy (UnityEngine.Object)
QuizBattle.Arena.GridController:CreateZoneGlow (int,int) (at Assets/Scripts/Arena/GridController.cs:99)
QuizBattle.Arena.GridController:BuildGrid (int,int,int) (at Assets/Scripts/Arena/GridController.cs:43)
QuizBattle.GameState.GameManager:RunAutoPlayMatch (int,int) (at Assets/Scripts/GameState/GameManager.cs:66)
ArenaDemoRunner:RunScenario (string,int,int,string) (at Assets/Editor/ArenaDemoRunner.cs:40)
ArenaDemoRunner:Run () (at Assets/Editor/ArenaDemoRunner.cs:21)

[Assets/Scripts/Arena/GridController.cs line 99]

Plinth: Destroy may not be called from edit mode! Use DestroyImmediate instead.
Destroying an object in edit mode destroys it permanently
UnityEngine.Debug:ExtractStackTraceNoAlloc (byte*,int,string)
UnityEngine.StackTraceUtility:ExtractStackTrace ()
UnityEngine.Object:Destroy (UnityEngine.Object,single)
UnityEngine.Object:Destroy (UnityEngine.Object)
QuizBattle.Arena.GridController:CreatePlinth (int,int) (at Assets/Scripts/Arena/GridController.cs:113)
QuizBattle.Arena.GridController:BuildGrid (int,int,int) (at Assets/Scripts/Arena/GridController.cs:47)
QuizBattle.GameState.GameManager:RunAutoPlayMatch (int,int) (at Assets/Scripts/GameState/GameManager.cs:66)
ArenaDemoRunner:RunScenario (string,int,int,string) (at Assets/Editor/ArenaDemoRunner.cs:40)
ArenaDemoRunner:Run () (at Assets/Editor/ArenaDemoRunner.cs:21)

[Assets/Scripts/Arena/GridController.cs line 113]

ChestPlate: Destroy may not be called from edit mode! Use DestroyImmediate instead.
Destroying an object in edit mode destroys it permanently
UnityEngine.Debug:ExtractStackTraceNoAlloc (byte*,int,string)
UnityEngine.StackTraceUtility:ExtractStackTrace ()
UnityEngine.Object:Destroy (UnityEngine.Object,single)
UnityEngine.Object:Destroy (UnityEngine.Object)
QuizBattle.Arena.Visuals.CharacterVisualBuilder:CreatePrimitivePart (UnityEngine.Transform,string,UnityEngine.PrimitiveType,UnityEngine.Vector3,UnityEngine.Quaternion,UnityEngine.Vector3,UnityEngine.Material,System.Collections.Generic.List`1<UnityEngine.Renderer>) (at Assets/Scripts/Arena/Visuals/CharacterVisualBuilder.cs:252)
QuizBattle.Arena.Visuals.CharacterVisualBuilder:BuildTank (UnityEngine.Transform,QuizBattle.Characters.CharacterVisual&,System.Collections.Generic.List`1<UnityEngine.Renderer>) (at Assets/Scripts/Arena/Visuals/CharacterVisualBuilder.cs:174)
QuizBattle.Arena.Visuals.CharacterVisualBuilder:Build (QuizBattle.Characters.CharacterVisual&,UnityEngine.Transform) (at Assets/Scripts/Arena/Visuals/CharacterVisualBuilder.cs:56)
QuizBattle.Arena.CharacterToken:Create (string,QuizBattle.Characters.CharacterVisual&,UnityEngine.Vector3) (at Assets/Scripts/Arena/CharacterToken.cs:44)
QuizBattle.GameState.GameManager:RunAutoPlayMatch (int,int) (at Assets/Scripts/GameState/GameManager.cs:75)
ArenaDemoRunner:RunScenario (string,int,int,string) (at Assets/Editor/ArenaDemoRunner.cs:40)
ArenaDemoRunner:Run () (at Assets/Editor/ArenaDemoRunner.cs:21)

[Assets/Scripts/GameState/GameManager.cs line 75]

ShoulderLeft: Destroy may not be called from edit mode! Use DestroyImmediate instead.
Destroying an object in edit mode destroys it permanently
UnityEngine.Debug:ExtractStackTraceNoAlloc (byte*,int,string)
UnityEngine.StackTraceUtility:ExtractStackTrace ()
UnityEngine.Object:Destroy (UnityEngine.Object,single)
UnityEngine.Object:Destroy (UnityEngine.Object)
QuizBattle.Arena.Visuals.CharacterVisualBuilder:CreatePrimitivePart (UnityEngine.Transform,string,UnityEngine.PrimitiveType,UnityEngine.Vector3,UnityEngine.Quaternion,UnityEngine.Vector3,UnityEngine.Material,System.Collections.Generic.List`1<UnityEngine.Renderer>) (at Assets/Scripts/Arena/Visuals/CharacterVisualBuilder.cs:252)
QuizBattle.Arena.Visuals.CharacterVisualBuilder:BuildTank (UnityEngine.Transform,QuizBattle.Characters.CharacterVisual&,System.Collections.Generic.List`1<UnityEngine.Renderer>) (at Assets/Scripts/Arena/Visuals/CharacterVisualBuilder.cs:176)
QuizBattle.Arena.Visuals.CharacterVisualBuilder:Build (QuizBattle.Characters.CharacterVisual&,UnityEngine.Transform) (at Assets/Scripts/Arena/Visuals/CharacterVisualBuilder.cs:56)
QuizBattle.Arena.CharacterToken:Create (string,QuizBattle.Characters.CharacterVisual&,UnityEngine.Vector3) (at Assets/Scripts/Arena/CharacterToken.cs:44)
QuizBattle.GameState.GameManager:RunAutoPlayMatch (int,int) (at Assets/Scripts/GameState/GameManager.cs:75)
ArenaDemoRunner:RunScenario (string,int,int,string) (at Assets/Editor/ArenaDemoRunner.cs:40)
ArenaDemoRunner:Run () (at Assets/Editor/ArenaDemoRunner.cs:21)

[Assets/Scripts/GameState/GameManager.cs line 75]

ShoulderRight: Destroy may not be called from edit mode! Use DestroyImmediate instead.
Destroying an object in edit mode destroys it permanently
UnityEngine.Debug:ExtractStackTraceNoAlloc (byte*,int,string)
UnityEngine.StackTraceUtility:ExtractStackTrace ()
UnityEngine.Object:Destroy (UnityEngine.Object,single)
UnityEngine.Object:Destroy (UnityEngine.Object)
QuizBattle.Arena.Visuals.CharacterVisualBuilder:CreatePrimitivePart (UnityEngine.Transform,string,UnityEngine.PrimitiveType,UnityEngine.Vector3,UnityEngine.Quaternion,UnityEngine.Vector3,UnityEngine.Material,System.Collections.Generic.List`1<UnityEngine.Renderer>) (at Assets/Scripts/Arena/Visuals/CharacterVisualBuilder.cs:252)
QuizBattle.Arena.Visuals.CharacterVisualBuilder:BuildTank (UnityEngine.Transform,QuizBattle.Characters.CharacterVisual&,System.Collections.Generic.List`1<UnityEngine.Renderer>) (at Assets/Scripts/Arena/Visuals/CharacterVisualBuilder.cs:177)
QuizBattle.Arena.Visuals.CharacterVisualBuilder:Build (QuizBattle.Characters.CharacterVisual&,UnityEngine.Transform) (at Assets/Scripts/Arena/Visuals/CharacterVisualBuilder.cs:56)
QuizBattle.Arena.CharacterToken:Create (string,QuizBattle.Characters.CharacterVisual&,UnityEngine.Vector3) (at Assets/Scripts/Arena/CharacterToken.cs:44)
QuizBattle.GameState.GameManager:RunAutoPlayMatch (int,int) (at Assets/Scripts/GameState/GameManager.cs:75)
ArenaDemoRunner:RunScenario (string,int,int,string) (at Assets/Editor/ArenaDemoRunner.cs:40)
ArenaDemoRunner:Run () (at Assets/Editor/ArenaDemoRunner.cs:21)

[Assets/Scripts/GameState/GameManager.cs line 75]

Shield: Destroy may not be called from edit mode! Use DestroyImmediate instead.
Destroying an object in edit mode destroys it permanently
UnityEngine.Debug:ExtractStackTraceNoAlloc (byte*,int,string)
UnityEngine.StackTraceUtility:ExtractStackTrace ()
UnityEngine.Object:Destroy (UnityEngine.Object,single)
UnityEngine.Object:Destroy (UnityEngine.Object)
QuizBattle.Arena.Visuals.CharacterVisualBuilder:CreatePrimitivePart (UnityEngine.Transform,string,UnityEngine.PrimitiveType,UnityEngine.Vector3,UnityEngine.Quaternion,UnityEngine.Vector3,UnityEngine.Material,System.Collections.Generic.List`1<UnityEngine.Renderer>) (at Assets/Scripts/Arena/Visuals/CharacterVisualBuilder.cs:252)
QuizBattle.Arena.Visuals.CharacterVisualBuilder:BuildTank (UnityEngine.Transform,QuizBattle.Characters.CharacterVisual&,System.Collections.Generic.List`1<UnityEngine.Renderer>) (at Assets/Scripts/Arena/Visuals/CharacterVisualBuilder.cs:179)
QuizBattle.Arena.Visuals.CharacterVisualBuilder:Build (QuizBattle.Characters.CharacterVisual&,UnityEngine.Transform) (at Assets/Scripts/Arena/Visuals/CharacterVisualBuilder.cs:56)
QuizBattle.Arena.CharacterToken:Create (string,QuizBattle.Characters.CharacterVisual&,UnityEngine.Vector3) (at Assets/Scripts/Arena/CharacterToken.cs:44)
QuizBattle.GameState.GameManager:RunAutoPlayMatch (int,int) (at Assets/Scripts/GameState/GameManager.cs:75)
ArenaDemoRunner:RunScenario (string,int,int,string) (at Assets/Editor/ArenaDemoRunner.cs:40)
ArenaDemoRunner:Run () (at Assets/Editor/ArenaDemoRunner.cs:21)

[Assets/Scripts/GameState/GameManager.cs line 75]

GroundDisc: Destroy may not be called from edit mode! Use DestroyImmediate instead.
Destroying an object in edit mode destroys it permanently
UnityEngine.Debug:ExtractStackTraceNoAlloc (byte*,int,string)
UnityEngine.StackTraceUtility:ExtractStackTrace ()
UnityEngine.Object:Destroy (UnityEngine.Object,single)
UnityEngine.Object:Destroy (UnityEngine.Object)
QuizBattle.Arena.Visuals.CharacterVisualBuilder:CreatePrimitivePart (UnityEngine.Transform,string,UnityEngine.PrimitiveType,UnityEngine.Vector3,UnityEngine.Quaternion,UnityEngine.Vector3,UnityEngine.Material,System.Collections.Generic.List`1<UnityEngine.Renderer>) (at Assets/Scripts/Arena/Visuals/CharacterVisualBuilder.cs:252)
QuizBattle.Arena.Visuals.CharacterVisualBuilder:AddGroundDisc (UnityEngine.Transform,UnityEngine.Color,System.Collections.Generic.List`1<UnityEngine.Renderer>,single) (at Assets/Scripts/Arena/Visuals/CharacterVisualBuilder.cs:224)
QuizBattle.Arena.Visuals.CharacterVisualBuilder:BuildTank (UnityEngine.Transform,QuizBattle.Characters.CharacterVisual&,System.Collections.Generic.List`1<UnityEngine.Renderer>) (at Assets/Scripts/Arena/Visuals/CharacterVisualBuilder.cs:181)
QuizBattle.Arena.Visuals.CharacterVisualBuilder:Build (QuizBattle.Characters.CharacterVisual&,UnityEngine.Transform) (at Assets/Scripts/Arena/Visuals/CharacterVisualBuilder.cs:56)
QuizBattle.Arena.CharacterToken:Create (string,QuizBattle.Characters.CharacterVisual&,UnityEngine.Vector3) (at Assets/Scripts/Arena/CharacterToken.cs:44)
QuizBattle.GameState.GameManager:RunAutoPlayMatch (int,int) (at Assets/Scripts/GameState/GameManager.cs:75)
ArenaDemoRunner:RunScenario (string,int,int,string) (at Assets/Editor/ArenaDemoRunner.cs:40)
ArenaDemoRunner:Run () (at Assets/Editor/ArenaDemoRunner.cs:21)

[Assets/Scripts/GameState/GameManager.cs line 75]

Instantiating material due to calling renderer.material during edit mode. This will leak materials into the scene. You most likely want to use renderer.sharedMaterial instead.
UnityEngine.Debug:ExtractStackTraceNoAlloc (byte*,int,string)
UnityEngine.StackTraceUtility:ExtractStackTrace ()
UnityEngine.Renderer:GetMaterial ()
UnityEngine.Renderer:get_material ()
TMPro.TextMeshPro:SetOutlineThickness (single) (at ./Library/PackageCache/com.unity.ugui@67707a67a4ab/Runtime/TMP/TextMeshPro.cs:1318)
TMPro.TMP_Text:set_outlineWidth (single) (at ./Library/PackageCache/com.unity.ugui@67707a67a4ab/Runtime/TMP/TMP_Text.cs:450)
QuizBattle.Arena.CharacterToken:CreateNameLabel (UnityEngine.Transform) (at Assets/Scripts/Arena/CharacterToken.cs:77)
QuizBattle.Arena.CharacterToken:Create (string,QuizBattle.Characters.CharacterVisual&,UnityEngine.Vector3) (at Assets/Scripts/Arena/CharacterToken.cs:51)
QuizBattle.GameState.GameManager:RunAutoPlayMatch (int,int) (at Assets/Scripts/GameState/GameManager.cs:75)
ArenaDemoRunner:RunScenario (string,int,int,string) (at Assets/Editor/ArenaDemoRunner.cs:40)
ArenaDemoRunner:Run () (at Assets/Editor/ArenaDemoRunner.cs:21)

[Assets/Scripts/GameState/GameManager.cs line 75]

HpBarFrame: Destroy may not be called from edit mode! Use DestroyImmediate instead.
Destroying an object in edit mode destroys it permanently
UnityEngine.Debug:ExtractStackTraceNoAlloc (byte*,int,string)
UnityEngine.StackTraceUtility:ExtractStackTrace ()
UnityEngine.Object:Destroy (UnityEngine.Object,single)
UnityEngine.Object:Destroy (UnityEngine.Object)
QuizBattle.Arena.CharacterToken:CreateHpBar (UnityEngine.Transform,UnityEngine.Color) (at Assets/Scripts/Arena/CharacterToken.cs:94)
QuizBattle.Arena.CharacterToken:Create (string,QuizBattle.Characters.CharacterVisual&,UnityEngine.Vector3) (at Assets/Scripts/Arena/CharacterToken.cs:52)
QuizBattle.GameState.GameManager:RunAutoPlayMatch (int,int) (at Assets/Scripts/GameState/GameManager.cs:75)
ArenaDemoRunner:RunScenario (string,int,int,string) (at Assets/Editor/ArenaDemoRunner.cs:40)
ArenaDemoRunner:Run () (at Assets/Editor/ArenaDemoRunner.cs:21)

[Assets/Scripts/GameState/GameManager.cs line 75]

HpBarBg: Destroy may not be called from edit mode! Use DestroyImmediate instead.
Destroying an object in edit mode destroys it permanently
UnityEngine.Debug:ExtractStackTraceNoAlloc (byte*,int,string)
UnityEngine.StackTraceUtility:ExtractStackTrace ()
UnityEngine.Object:Destroy (UnityEngine.Object,single)
UnityEngine.Object:Destroy (UnityEngine.Object)
QuizBattle.Arena.CharacterToken:CreateHpBar (UnityEngine.Transform,UnityEngine.Color) (at Assets/Scripts/Arena/CharacterToken.cs:113)
QuizBattle.Arena.CharacterToken:Create (string,QuizBattle.Characters.CharacterVisual&,UnityEngine.Vector3) (at Assets/Scripts/Arena/CharacterToken.cs:52)
QuizBattle.GameState.GameManager:RunAutoPlayMatch (int,int) (at Assets/Scripts/GameState/GameManager.cs:75)
ArenaDemoRunner:RunScenario (string,int,int,string) (at Assets/Editor/ArenaDemoRunner.cs:40)
ArenaDemoRunner:Run () (at Assets/Editor/ArenaDemoRunner.cs:21)

[Assets/Scripts/GameState/GameManager.cs line 75]

HpBarFill: Destroy may not be called from edit mode! Use DestroyImmediate instead.
Destroying an object in edit mode destroys it permanently
UnityEngine.Debug:ExtractStackTraceNoAlloc (byte*,int,string)
UnityEngine.StackTraceUtility:ExtractStackTrace ()
UnityEngine.Object:Destroy (UnityEngine.Object,single)
UnityEngine.Object:Destroy (UnityEngine.Object)
QuizBattle.Arena.CharacterToken:CreateHpBar (UnityEngine.Transform,UnityEngine.Color) (at Assets/Scripts/Arena/CharacterToken.cs:139)
QuizBattle.Arena.CharacterToken:Create (string,QuizBattle.Characters.CharacterVisual&,UnityEngine.Vector3) (at Assets/Scripts/Arena/CharacterToken.cs:52)
QuizBattle.GameState.GameManager:RunAutoPlayMatch (int,int) (at Assets/Scripts/GameState/GameManager.cs:75)
ArenaDemoRunner:RunScenario (string,int,int,string) (at Assets/Editor/ArenaDemoRunner.cs:40)
ArenaDemoRunner:Run () (at Assets/Editor/ArenaDemoRunner.cs:21)

[Assets/Scripts/GameState/GameManager.cs line 75]

EmberLeft: Destroy may not be called from edit mode! Use DestroyImmediate instead.
Destroying an object in edit mode destroys it permanently
UnityEngine.Debug:ExtractStackTraceNoAlloc (byte*,int,string)
UnityEngine.StackTraceUtility:ExtractStackTrace ()
UnityEngine.Object:Destroy (UnityEngine.Object,single)
UnityEngine.Object:Destroy (UnityEngine.Object)
QuizBattle.Arena.Visuals.CharacterVisualBuilder:CreatePrimitivePart (UnityEngine.Transform,string,UnityEngine.PrimitiveType,UnityEngine.Vector3,UnityEngine.Quaternion,UnityEngine.Vector3,UnityEngine.Material,System.Collections.Generic.List`1<UnityEngine.Renderer>) (at Assets/Scripts/Arena/Visuals/CharacterVisualBuilder.cs:252)
QuizBattle.Arena.Visuals.CharacterVisualBuilder:BuildFire (UnityEngine.Transform,QuizBattle.Characters.CharacterVisual&,System.Collections.Generic.List`1<UnityEngine.Renderer>,QuizBattle.Arena.Visuals.TokenIdleAnimator) (at Assets/Scripts/Arena/Visuals/CharacterVisualBuilder.cs:160)
QuizBattle.Arena.Visuals.CharacterVisualBuilder:Build (QuizBattle.Characters.CharacterVisual&,UnityEngine.Transform) (at Assets/Scripts/Arena/Visuals/CharacterVisualBuilder.cs:53)
QuizBattle.Arena.CharacterToken:Create (string,QuizBattle.Characters.CharacterVisual&,UnityEngine.Vector3) (at Assets/Scripts/Arena/CharacterToken.cs:44)
QuizBattle.GameState.GameManager:RunAutoPlayMatch (int,int) (at Assets/Scripts/GameState/GameManager.cs:75)
ArenaDemoRunner:RunScenario (string,int,int,string) (at Assets/Editor/ArenaDemoRunner.cs:40)
ArenaDemoRunner:Run () (at Assets/Editor/ArenaDemoRunner.cs:21)

[Assets/Scripts/GameState/GameManager.cs line 75]

EmberRight: Destroy may not be called from edit mode! Use DestroyImmediate instead.
Destroying an object in edit mode destroys it permanently
UnityEngine.Debug:ExtractStackTraceNoAlloc (byte*,int,string)
UnityEngine.StackTraceUtility:ExtractStackTrace ()
UnityEngine.Object:Destroy (UnityEngine.Object,single)
UnityEngine.Object:Destroy (UnityEngine.Object)
QuizBattle.Arena.Visuals.CharacterVisualBuilder:CreatePrimitivePart (UnityEngine.Transform,string,UnityEngine.PrimitiveType,UnityEngine.Vector3,UnityEngine.Quaternion,UnityEngine.Vector3,UnityEngine.Material,System.Collections.Generic.List`1<UnityEngine.Renderer>) (at Assets/Scripts/Arena/Visuals/CharacterVisualBuilder.cs:252)
QuizBattle.Arena.Visuals.CharacterVisualBuilder:BuildFire (UnityEngine.Transform,QuizBattle.Characters.CharacterVisual&,System.Collections.Generic.List`1<UnityEngine.Renderer>,QuizBattle.Arena.Visuals.TokenIdleAnimator) (at Assets/Scripts/Arena/Visuals/CharacterVisualBuilder.cs:161)
QuizBattle.Arena.Visuals.CharacterVisualBuilder:Build (QuizBattle.Characters.CharacterVisual&,UnityEngine.Transform) (at Assets/Scripts/Arena/Visuals/CharacterVisualBuilder.cs:53)
QuizBattle.Arena.CharacterToken:Create (string,QuizBattle.Characters.CharacterVisual&,UnityEngine.Vector3) (at Assets/Scripts/Arena/CharacterToken.cs:44)
QuizBattle.GameState.GameManager:RunAutoPlayMatch (int,int) (at Assets/Scripts/GameState/GameManager.cs:75)
ArenaDemoRunner:RunScenario (string,int,int,string) (at Assets/Editor/ArenaDemoRunner.cs:40)
ArenaDemoRunner:Run () (at Assets/Editor/ArenaDemoRunner.cs:21)

[Assets/Scripts/GameState/GameManager.cs line 75]

GroundDisc: Destroy may not be called from edit mode! Use DestroyImmediate instead.
Destroying an object in edit mode destroys it permanently
UnityEngine.Debug:ExtractStackTraceNoAlloc (byte*,int,string)
UnityEngine.StackTraceUtility:ExtractStackTrace ()
UnityEngine.Object:Destroy (UnityEngine.Object,single)
UnityEngine.Object:Destroy (UnityEngine.Object)
QuizBattle.Arena.Visuals.CharacterVisualBuilder:CreatePrimitivePart (UnityEngine.Transform,string,UnityEngine.PrimitiveType,UnityEngine.Vector3,UnityEngine.Quaternion,UnityEngine.Vector3,UnityEngine.Material,System.Collections.Generic.List`1<UnityEngine.Renderer>) (at Assets/Scripts/Arena/Visuals/CharacterVisualBuilder.cs:252)
QuizBattle.Arena.Visuals.CharacterVisualBuilder:AddGroundDisc (UnityEngine.Transform,UnityEngine.Color,System.Collections.Generic.List`1<UnityEngine.Renderer>,single) (at Assets/Scripts/Arena/Visuals/CharacterVisualBuilder.cs:224)
QuizBattle.Arena.Visuals.CharacterVisualBuilder:BuildFire (UnityEngine.Transform,QuizBattle.Characters.CharacterVisual&,System.Collections.Generic.List`1<UnityEngine.Renderer>,QuizBattle.Arena.Visuals.TokenIdleAnimator) (at Assets/Scripts/Arena/Visuals/CharacterVisualBuilder.cs:165)
QuizBattle.Arena.Visuals.CharacterVisualBuilder:Build (QuizBattle.Characters.CharacterVisual&,UnityEngine.Transform) (at Assets/Scripts/Arena/Visuals/CharacterVisualBuilder.cs:53)
QuizBattle.Arena.CharacterToken:Create (string,QuizBattle.Characters.CharacterVisual&,UnityEngine.Vector3) (at Assets/Scripts/Arena/CharacterToken.cs:44)
QuizBattle.GameState.GameManager:RunAutoPlayMatch (int,int) (at Assets/Scripts/GameState/GameManager.cs:75)
ArenaDemoRunner:RunScenario (string,int,int,string) (at Assets/Editor/ArenaDemoRunner.cs:40)
ArenaDemoRunner:Run () (at Assets/Editor/ArenaDemoRunner.cs:21)

[Assets/Scripts/GameState/GameManager.cs line 75]

Instantiating material due to calling renderer.material during edit mode. This will leak materials into the scene. You most likely want to use renderer.sharedMaterial instead.
UnityEngine.Debug:ExtractStackTraceNoAlloc (byte*,int,string)
UnityEngine.StackTraceUtility:ExtractStackTrace ()
UnityEngine.Renderer:GetMaterial ()
UnityEngine.Renderer:get_material ()
TMPro.TextMeshPro:SetOutlineThickness (single) (at ./Library/PackageCache/com.unity.ugui@67707a67a4ab/Runtime/TMP/TextMeshPro.cs:1318)
TMPro.TMP_Text:set_outlineWidth (single) (at ./Library/PackageCache/com.unity.ugui@67707a67a4ab/Runtime/TMP/TMP_Text.cs:450)
QuizBattle.Arena.CharacterToken:CreateNameLabel (UnityEngine.Transform) (at Assets/Scripts/Arena/CharacterToken.cs:77)
QuizBattle.Arena.CharacterToken:Create (string,QuizBattle.Characters.CharacterVisual&,UnityEngine.Vector3) (at Assets/Scripts/Arena/CharacterToken.cs:51)
QuizBattle.GameState.GameManager:RunAutoPlayMatch (int,int) (at Assets/Scripts/GameState/GameManager.cs:75)
ArenaDemoRunner:RunScenario (string,int,int,string) (at Assets/Editor/ArenaDemoRunner.cs:40)
ArenaDemoRunner:Run () (at Assets/Editor/ArenaDemoRunner.cs:21)

[Assets/Scripts/GameState/GameManager.cs line 75]

HpBarFrame: Destroy may not be called from edit mode! Use DestroyImmediate instead.
Destroying an object in edit mode destroys it permanently
UnityEngine.Debug:ExtractStackTraceNoAlloc (byte*,int,string)
UnityEngine.StackTraceUtility:ExtractStackTrace ()
UnityEngine.Object:Destroy (UnityEngine.Object,single)
UnityEngine.Object:Destroy (UnityEngine.Object)
QuizBattle.Arena.CharacterToken:CreateHpBar (UnityEngine.Transform,UnityEngine.Color) (at Assets/Scripts/Arena/CharacterToken.cs:94)
QuizBattle.Arena.CharacterToken:Create (string,QuizBattle.Characters.CharacterVisual&,UnityEngine.Vector3) (at Assets/Scripts/Arena/CharacterToken.cs:52)
QuizBattle.GameState.GameManager:RunAutoPlayMatch (int,int) (at Assets/Scripts/GameState/GameManager.cs:75)
ArenaDemoRunner:RunScenario (string,int,int,string) (at Assets/Editor/ArenaDemoRunner.cs:40)
ArenaDemoRunner:Run () (at Assets/Editor/ArenaDemoRunner.cs:21)

[Assets/Scripts/GameState/GameManager.cs line 75]

HpBarBg: Destroy may not be called from edit mode! Use DestroyImmediate instead.
Destroying an object in edit mode destroys it permanently
UnityEngine.Debug:ExtractStackTraceNoAlloc (byte*,int,string)
UnityEngine.StackTraceUtility:ExtractStackTrace ()
UnityEngine.Object:Destroy (UnityEngine.Object,single)
UnityEngine.Object:Destroy (UnityEngine.Object)
QuizBattle.Arena.CharacterToken:CreateHpBar (UnityEngine.Transform,UnityEngine.Color) (at Assets/Scripts/Arena/CharacterToken.cs:113)
QuizBattle.Arena.CharacterToken:Create (string,QuizBattle.Characters.CharacterVisual&,UnityEngine.Vector3) (at Assets/Scripts/Arena/CharacterToken.cs:52)
QuizBattle.GameState.GameManager:RunAutoPlayMatch (int,int) (at Assets/Scripts/GameState/GameManager.cs:75)
ArenaDemoRunner:RunScenario (string,int,int,string) (at Assets/Editor/ArenaDemoRunner.cs:40)
ArenaDemoRunner:Run () (at Assets/Editor/ArenaDemoRunner.cs:21)

[Assets/Scripts/GameState/GameManager.cs line 75]

HpBarFill: Destroy may not be called from edit mode! Use DestroyImmediate instead.
Destroying an object in edit mode destroys it permanently
UnityEngine.Debug:ExtractStackTraceNoAlloc (byte*,int,string)
UnityEngine.StackTraceUtility:ExtractStackTrace ()
UnityEngine.Object:Destroy (UnityEngine.Object,single)
UnityEngine.Object:Destroy (UnityEngine.Object)
QuizBattle.Arena.CharacterToken:CreateHpBar (UnityEngine.Transform,UnityEngine.Color) (at Assets/Scripts/Arena/CharacterToken.cs:139)
QuizBattle.Arena.CharacterToken:Create (string,QuizBattle.Characters.CharacterVisual&,UnityEngine.Vector3) (at Assets/Scripts/Arena/CharacterToken.cs:52)
QuizBattle.GameState.GameManager:RunAutoPlayMatch (int,int) (at Assets/Scripts/GameState/GameManager.cs:75)
ArenaDemoRunner:RunScenario (string,int,int,string) (at Assets/Editor/ArenaDemoRunner.cs:40)
ArenaDemoRunner:Run () (at Assets/Editor/ArenaDemoRunner.cs:21)

[Assets/Scripts/GameState/GameManager.cs line 75]

Orb: Destroy may not be called from edit mode! Use DestroyImmediate instead.
Destroying an object in edit mode destroys it permanently
UnityEngine.Debug:ExtractStackTraceNoAlloc (byte*,int,string)
UnityEngine.StackTraceUtility:ExtractStackTrace ()
UnityEngine.Object:Destroy (UnityEngine.Object,single)
UnityEngine.Object:Destroy (UnityEngine.Object)
QuizBattle.Arena.Visuals.CharacterVisualBuilder:CreatePrimitivePart (UnityEngine.Transform,string,UnityEngine.PrimitiveType,UnityEngine.Vector3,UnityEngine.Quaternion,UnityEngine.Vector3,UnityEngine.Material,System.Collections.Generic.List`1<UnityEngine.Renderer>) (at Assets/Scripts/Arena/Visuals/CharacterVisualBuilder.cs:252)
QuizBattle.Arena.Visuals.CharacterVisualBuilder:BuildArcane (UnityEngine.Transform,QuizBattle.Characters.CharacterVisual&,System.Collections.Generic.List`1<UnityEngine.Renderer>,QuizBattle.Arena.Visuals.TokenIdleAnimator) (at Assets/Scripts/Arena/Visuals/CharacterVisualBuilder.cs:215)
QuizBattle.Arena.Visuals.CharacterVisualBuilder:Build (QuizBattle.Characters.CharacterVisual&,UnityEngine.Transform) (at Assets/Scripts/Arena/Visuals/CharacterVisualBuilder.cs:62)
QuizBattle.Arena.CharacterToken:Create (string,QuizBattle.Characters.CharacterVisual&,UnityEngine.Vector3) (at Assets/Scripts/Arena/CharacterToken.cs:44)
QuizBattle.GameState.GameManager:RunAutoPlayMatch (int,int) (at Assets/Scripts/GameState/GameManager.cs:75)
ArenaDemoRunner:RunScenario (string,int,int,string) (at Assets/Editor/ArenaDemoRunner.cs:40)
ArenaDemoRunner:Run () (at Assets/Editor/ArenaDemoRunner.cs:21)

[Assets/Scripts/GameState/GameManager.cs line 75]

GroundDisc: Destroy may not be called from edit mode! Use DestroyImmediate instead.
Destroying an object in edit mode destroys it permanently
UnityEngine.Debug:ExtractStackTraceNoAlloc (byte*,int,string)
UnityEngine.StackTraceUtility:ExtractStackTrace ()
UnityEngine.Object:Destroy (UnityEngine.Object,single)
UnityEngine.Object:Destroy (UnityEngine.Object)
QuizBattle.Arena.Visuals.CharacterVisualBuilder:CreatePrimitivePart (UnityEngine.Transform,string,UnityEngine.PrimitiveType,UnityEngine.Vector3,UnityEngine.Quaternion,UnityEngine.Vector3,UnityEngine.Material,System.Collections.Generic.List`1<UnityEngine.Renderer>) (at Assets/Scripts/Arena/Visuals/CharacterVisualBuilder.cs:252)
QuizBattle.Arena.Visuals.CharacterVisualBuilder:AddGroundDisc (UnityEngine.Transform,UnityEngine.Color,System.Collections.Generic.List`1<UnityEngine.Renderer>,single) (at Assets/Scripts/Arena/Visuals/CharacterVisualBuilder.cs:224)
QuizBattle.Arena.Visuals.CharacterVisualBuilder:BuildArcane (UnityEngine.Transform,QuizBattle.Characters.CharacterVisual&,System.Collections.Generic.List`1<UnityEngine.Renderer>,QuizBattle.Arena.Visuals.TokenIdleAnimator) (at Assets/Scripts/Arena/Visuals/CharacterVisualBuilder.cs:218)
QuizBattle.Arena.Visuals.CharacterVisualBuilder:Build (QuizBattle.Characters.CharacterVisual&,UnityEngine.Transform) (at Assets/Scripts/Arena/Visuals/CharacterVisualBuilder.cs:62)
QuizBattle.Arena.CharacterToken:Create (string,QuizBattle.Characters.CharacterVisual&,UnityEngine.Vector3) (at Assets/Scripts/Arena/CharacterToken.cs:44)
QuizBattle.GameState.GameManager:RunAutoPlayMatch (int,int) (at Assets/Scripts/GameState/GameManager.cs:75)
ArenaDemoRunner:RunScenario (string,int,int,string) (at Assets/Editor/ArenaDemoRunner.cs:40)
ArenaDemoRunner:Run () (at Assets/Editor/ArenaDemoRunner.cs:21)

[Assets/Scripts/GameState/GameManager.cs line 75]

Instantiating material due to calling renderer.material during edit mode. This will leak materials into the scene. You most likely want to use renderer.sharedMaterial instead.
UnityEngine.Debug:ExtractStackTraceNoAlloc (byte*,int,string)
UnityEngine.StackTraceUtility:ExtractStackTrace ()
UnityEngine.Renderer:GetMaterial ()
UnityEngine.Renderer:get_material ()
TMPro.TextMeshPro:SetOutlineThickness (single) (at ./Library/PackageCache/com.unity.ugui@67707a67a4ab/Runtime/TMP/TextMeshPro.cs:1318)
TMPro.TMP_Text:set_outlineWidth (single) (at ./Library/PackageCache/com.unity.ugui@67707a67a4ab/Runtime/TMP/TMP_Text.cs:450)
QuizBattle.Arena.CharacterToken:CreateNameLabel (UnityEngine.Transform) (at Assets/Scripts/Arena/CharacterToken.cs:77)
QuizBattle.Arena.CharacterToken:Create (string,QuizBattle.Characters.CharacterVisual&,UnityEngine.Vector3) (at Assets/Scripts/Arena/CharacterToken.cs:51)
QuizBattle.GameState.GameManager:RunAutoPlayMatch (int,int) (at Assets/Scripts/GameState/GameManager.cs:75)
ArenaDemoRunner:RunScenario (string,int,int,string) (at Assets/Editor/ArenaDemoRunner.cs:40)
ArenaDemoRunner:Run () (at Assets/Editor/ArenaDemoRunner.cs:21)

[Assets/Scripts/GameState/GameManager.cs line 75]

HpBarFrame: Destroy may not be called from edit mode! Use DestroyImmediate instead.
Destroying an object in edit mode destroys it permanently
UnityEngine.Debug:ExtractStackTraceNoAlloc (byte*,int,string)
UnityEngine.StackTraceUtility:ExtractStackTrace ()
UnityEngine.Object:Destroy (UnityEngine.Object,single)
UnityEngine.Object:Destroy (UnityEngine.Object)
QuizBattle.Arena.CharacterToken:CreateHpBar (UnityEngine.Transform,UnityEngine.Color) (at Assets/Scripts/Arena/CharacterToken.cs:94)
QuizBattle.Arena.CharacterToken:Create (string,QuizBattle.Characters.CharacterVisual&,UnityEngine.Vector3) (at Assets/Scripts/Arena/CharacterToken.cs:52)
QuizBattle.GameState.GameManager:RunAutoPlayMatch (int,int) (at Assets/Scripts/GameState/GameManager.cs:75)
ArenaDemoRunner:RunScenario (string,int,int,string) (at Assets/Editor/ArenaDemoRunner.cs:40)
ArenaDemoRunner:Run () (at Assets/Editor/ArenaDemoRunner.cs:21)

[Assets/Scripts/GameState/GameManager.cs line 75]

HpBarBg: Destroy may not be called from edit mode! Use DestroyImmediate instead.
Destroying an object in edit mode destroys it permanently
UnityEngine.Debug:ExtractStackTraceNoAlloc (byte*,int,string)
UnityEngine.StackTraceUtility:ExtractStackTrace ()
UnityEngine.Object:Destroy (UnityEngine.Object,single)
UnityEngine.Object:Destroy (UnityEngine.Object)
QuizBattle.Arena.CharacterToken:CreateHpBar (UnityEngine.Transform,UnityEngine.Color) (at Assets/Scripts/Arena/CharacterToken.cs:113)
QuizBattle.Arena.CharacterToken:Create (string,QuizBattle.Characters.CharacterVisual&,UnityEngine.Vector3) (at Assets/Scripts/Arena/CharacterToken.cs:52)
QuizBattle.GameState.GameManager:RunAutoPlayMatch (int,int) (at Assets/Scripts/GameState/GameManager.cs:75)
ArenaDemoRunner:RunScenario (string,int,int,string) (at Assets/Editor/ArenaDemoRunner.cs:40)
ArenaDemoRunner:Run () (at Assets/Editor/ArenaDemoRunner.cs:21)

[Assets/Scripts/GameState/GameManager.cs line 75]

HpBarFill: Destroy may not be called from edit mode! Use DestroyImmediate instead.
Destroying an object in edit mode destroys it permanently
UnityEngine.Debug:ExtractStackTraceNoAlloc (byte*,int,string)
UnityEngine.StackTraceUtility:ExtractStackTrace ()
UnityEngine.Object:Destroy (UnityEngine.Object,single)
UnityEngine.Object:Destroy (UnityEngine.Object)
QuizBattle.Arena.CharacterToken:CreateHpBar (UnityEngine.Transform,UnityEngine.Color) (at Assets/Scripts/Arena/CharacterToken.cs:139)
QuizBattle.Arena.CharacterToken:Create (string,QuizBattle.Characters.CharacterVisual&,UnityEngine.Vector3) (at Assets/Scripts/Arena/CharacterToken.cs:52)
QuizBattle.GameState.GameManager:RunAutoPlayMatch (int,int) (at Assets/Scripts/GameState/GameManager.cs:75)
ArenaDemoRunner:RunScenario (string,int,int,string) (at Assets/Editor/ArenaDemoRunner.cs:40)
ArenaDemoRunner:Run () (at Assets/Editor/ArenaDemoRunner.cs:21)

[Assets/Scripts/GameState/GameManager.cs line 75]

GroundDisc: Destroy may not be called from edit mode! Use DestroyImmediate instead.
Destroying an object in edit mode destroys it permanently
UnityEngine.Debug:ExtractStackTraceNoAlloc (byte*,int,string)
UnityEngine.StackTraceUtility:ExtractStackTrace ()
UnityEngine.Object:Destroy (UnityEngine.Object,single)
UnityEngine.Object:Destroy (UnityEngine.Object)
QuizBattle.Arena.Visuals.CharacterVisualBuilder:CreatePrimitivePart (UnityEngine.Transform,string,UnityEngine.PrimitiveType,UnityEngine.Vector3,UnityEngine.Quaternion,UnityEngine.Vector3,UnityEngine.Material,System.Collections.Generic.List`1<UnityEngine.Renderer>) (at Assets/Scripts/Arena/Visuals/CharacterVisualBuilder.cs:252)
QuizBattle.Arena.Visuals.CharacterVisualBuilder:AddGroundDisc (UnityEngine.Transform,UnityEngine.Color,System.Collections.Generic.List`1<UnityEngine.Renderer>,single) (at Assets/Scripts/Arena/Visuals/CharacterVisualBuilder.cs:224)
QuizBattle.Arena.Visuals.CharacterVisualBuilder:BuildWind (UnityEngine.Transform,QuizBattle.Characters.CharacterVisual&,System.Collections.Generic.List`1<UnityEngine.Renderer>,QuizBattle.Arena.Visuals.TokenIdleAnimator) (at Assets/Scripts/Arena/Visuals/CharacterVisualBuilder.cs:200)
QuizBattle.Arena.Visuals.CharacterVisualBuilder:Build (QuizBattle.Characters.CharacterVisual&,UnityEngine.Transform) (at Assets/Scripts/Arena/Visuals/CharacterVisualBuilder.cs:59)
QuizBattle.Arena.CharacterToken:Create (string,QuizBattle.Characters.CharacterVisual&,UnityEngine.Vector3) (at Assets/Scripts/Arena/CharacterToken.cs:44)
QuizBattle.GameState.GameManager:RunAutoPlayMatch (int,int) (at Assets/Scripts/GameState/GameManager.cs:75)
ArenaDemoRunner:RunScenario (string,int,int,string) (at Assets/Editor/ArenaDemoRunner.cs:40)
ArenaDemoRunner:Run () (at Assets/Editor/ArenaDemoRunner.cs:21)

[Assets/Scripts/GameState/GameManager.cs line 75]

Instantiating material due to calling renderer.material during edit mode. This will leak materials into the scene. You most likely want to use renderer.sharedMaterial instead.
UnityEngine.Debug:ExtractStackTraceNoAlloc (byte*,int,string)
UnityEngine.StackTraceUtility:ExtractStackTrace ()
UnityEngine.Renderer:GetMaterial ()
UnityEngine.Renderer:get_material ()
TMPro.TextMeshPro:SetOutlineThickness (single) (at ./Library/PackageCache/com.unity.ugui@67707a67a4ab/Runtime/TMP/TextMeshPro.cs:1318)
TMPro.TMP_Text:set_outlineWidth (single) (at ./Library/PackageCache/com.unity.ugui@67707a67a4ab/Runtime/TMP/TMP_Text.cs:450)
QuizBattle.Arena.CharacterToken:CreateNameLabel (UnityEngine.Transform) (at Assets/Scripts/Arena/CharacterToken.cs:77)
QuizBattle.Arena.CharacterToken:Create (string,QuizBattle.Characters.CharacterVisual&,UnityEngine.Vector3) (at Assets/Scripts/Arena/CharacterToken.cs:51)
QuizBattle.GameState.GameManager:RunAutoPlayMatch (int,int) (at Assets/Scripts/GameState/GameManager.cs:75)
ArenaDemoRunner:RunScenario (string,int,int,string) (at Assets/Editor/ArenaDemoRunner.cs:40)
ArenaDemoRunner:Run () (at Assets/Editor/ArenaDemoRunner.cs:21)

[Assets/Scripts/GameState/GameManager.cs line 75]

HpBarFrame: Destroy may not be called from edit mode! Use DestroyImmediate instead.
Destroying an object in edit mode destroys it permanently
UnityEngine.Debug:ExtractStackTraceNoAlloc (byte*,int,string)
UnityEngine.StackTraceUtility:ExtractStackTrace ()
UnityEngine.Object:Destroy (UnityEngine.Object,single)
UnityEngine.Object:Destroy (UnityEngine.Object)
QuizBattle.Arena.CharacterToken:CreateHpBar (UnityEngine.Transform,UnityEngine.Color) (at Assets/Scripts/Arena/CharacterToken.cs:94)
QuizBattle.Arena.CharacterToken:Create (string,QuizBattle.Characters.CharacterVisual&,UnityEngine.Vector3) (at Assets/Scripts/Arena/CharacterToken.cs:52)
QuizBattle.GameState.GameManager:RunAutoPlayMatch (int,int) (at Assets/Scripts/GameState/GameManager.cs:75)
ArenaDemoRunner:RunScenario (string,int,int,string) (at Assets/Editor/ArenaDemoRunner.cs:40)
ArenaDemoRunner:Run () (at Assets/Editor/ArenaDemoRunner.cs:21)

[Assets/Scripts/GameState/GameManager.cs line 75]

HpBarBg: Destroy may not be called from edit mode! Use DestroyImmediate instead.
Destroying an object in edit mode destroys it permanently
UnityEngine.Debug:ExtractStackTraceNoAlloc (byte*,int,string)
UnityEngine.StackTraceUtility:ExtractStackTrace ()
UnityEngine.Object:Destroy (UnityEngine.Object,single)
UnityEngine.Object:Destroy (UnityEngine.Object)
QuizBattle.Arena.CharacterToken:CreateHpBar (UnityEngine.Transform,UnityEngine.Color) (at Assets/Scripts/Arena/CharacterToken.cs:113)
QuizBattle.Arena.CharacterToken:Create (string,QuizBattle.Characters.CharacterVisual&,UnityEngine.Vector3) (at Assets/Scripts/Arena/CharacterToken.cs:52)
QuizBattle.GameState.GameManager:RunAutoPlayMatch (int,int) (at Assets/Scripts/GameState/GameManager.cs:75)
ArenaDemoRunner:RunScenario (string,int,int,string) (at Assets/Editor/ArenaDemoRunner.cs:40)
ArenaDemoRunner:Run () (at Assets/Editor/ArenaDemoRunner.cs:21)

[Assets/Scripts/GameState/GameManager.cs line 75]

HpBarFill: Destroy may not be called from edit mode! Use DestroyImmediate instead.
Destroying an object in edit mode destroys it permanently
UnityEngine.Debug:ExtractStackTraceNoAlloc (byte*,int,string)
UnityEngine.StackTraceUtility:ExtractStackTrace ()
UnityEngine.Object:Destroy (UnityEngine.Object,single)
UnityEngine.Object:Destroy (UnityEngine.Object)
QuizBattle.Arena.CharacterToken:CreateHpBar (UnityEngine.Transform,UnityEngine.Color) (at Assets/Scripts/Arena/CharacterToken.cs:139)
QuizBattle.Arena.CharacterToken:Create (string,QuizBattle.Characters.CharacterVisual&,UnityEngine.Vector3) (at Assets/Scripts/Arena/CharacterToken.cs:52)
QuizBattle.GameState.GameManager:RunAutoPlayMatch (int,int) (at Assets/Scripts/GameState/GameManager.cs:75)
ArenaDemoRunner:RunScenario (string,int,int,string) (at Assets/Editor/ArenaDemoRunner.cs:40)
ArenaDemoRunner:Run () (at Assets/Editor/ArenaDemoRunner.cs:21)

[Assets/Scripts/GameState/GameManager.cs line 75]

Vfx_Burst: Destroy may not be called from edit mode! Use DestroyImmediate instead.
Destroying an object in edit mode destroys it permanently
UnityEngine.Debug:ExtractStackTraceNoAlloc (byte*,int,string)
UnityEngine.StackTraceUtility:ExtractStackTrace ()
UnityEngine.Object:Destroy (UnityEngine.Object,single)
QuizBattle.Arena.Vfx.ParticleFactory:Burst (UnityEngine.Vector3,UnityEngine.Color,single,int,single,single) (at Assets/Scripts/Arena/Vfx/ParticleFactory.cs:51)
QuizBattle.Arena.Vfx.AbilityVfxPlayer:PlayBasicStrike (UnityEngine.Vector3,System.Collections.Generic.List`1<UnityEngine.ParticleSystem>) (at Assets/Scripts/Arena/Vfx/AbilityVfxPlayer.cs:76)
QuizBattle.Arena.Vfx.AbilityVfxPlayer:Play (string,UnityEngine.Vector3,UnityEngine.Vector3,bool) (at Assets/Scripts/Arena/Vfx/AbilityVfxPlayer.cs:37)
QuizBattle.GameState.GameManager:HandleReward (QuizBattle.GameState.MockEngine.PlayerState,QuizBattle.GameState.MockEngine.PendingReward,System.Random) (at Assets/Scripts/GameState/GameManager.cs:131)
QuizBattle.GameState.GameManager:RunAutoPlayMatch (int,int) (at Assets/Scripts/GameState/GameManager.cs:105)
ArenaDemoRunner:RunScenario (string,int,int,string) (at Assets/Editor/ArenaDemoRunner.cs:40)
ArenaDemoRunner:Run () (at Assets/Editor/ArenaDemoRunner.cs:21)

[Assets/Scripts/GameState/GameManager.cs line 131]

Vfx_Beam: Destroy may not be called from edit mode! Use DestroyImmediate instead.
Destroying an object in edit mode destroys it permanently
UnityEngine.Debug:ExtractStackTraceNoAlloc (byte*,int,string)
UnityEngine.StackTraceUtility:ExtractStackTrace ()
UnityEngine.Object:Destroy (UnityEngine.Object,single)
UnityEngine.Object:Destroy (UnityEngine.Object)
QuizBattle.Arena.Vfx.ParticleFactory:Beam (UnityEngine.Vector3,UnityEngine.Vector3,UnityEngine.Color,single,single) (at Assets/Scripts/Arena/Vfx/ParticleFactory.cs:162)
QuizBattle.Arena.Vfx.AbilityVfxPlayer:PlayLifeDrain (UnityEngine.Vector3,UnityEngine.Vector3,System.Collections.Generic.List`1<UnityEngine.ParticleSystem>) (at Assets/Scripts/Arena/Vfx/AbilityVfxPlayer.cs:70)
QuizBattle.Arena.Vfx.AbilityVfxPlayer:Play (string,UnityEngine.Vector3,UnityEngine.Vector3,bool) (at Assets/Scripts/Arena/Vfx/AbilityVfxPlayer.cs:33)
QuizBattle.GameState.GameManager:HandleReward (QuizBattle.GameState.MockEngine.PlayerState,QuizBattle.GameState.MockEngine.PendingReward,System.Random) (at Assets/Scripts/GameState/GameManager.cs:131)
QuizBattle.GameState.GameManager:RunAutoPlayMatch (int,int) (at Assets/Scripts/GameState/GameManager.cs:105)
ArenaDemoRunner:RunScenario (string,int,int,string) (at Assets/Editor/ArenaDemoRunner.cs:40)
ArenaDemoRunner:Run () (at Assets/Editor/ArenaDemoRunner.cs:21)

[Assets/Scripts/GameState/GameManager.cs line 131]

Vfx_Beam: Destroy may not be called from edit mode! Use DestroyImmediate instead.
Destroying an object in edit mode destroys it permanently
UnityEngine.Debug:ExtractStackTraceNoAlloc (byte*,int,string)
UnityEngine.StackTraceUtility:ExtractStackTrace ()
UnityEngine.Object:Destroy (UnityEngine.Object,single)
QuizBattle.Arena.Vfx.ParticleFactory:Beam (UnityEngine.Vector3,UnityEngine.Vector3,UnityEngine.Color,single,single) (at Assets/Scripts/Arena/Vfx/ParticleFactory.cs:177)
QuizBattle.Arena.Vfx.AbilityVfxPlayer:PlayLifeDrain (UnityEngine.Vector3,UnityEngine.Vector3,System.Collections.Generic.List`1<UnityEngine.ParticleSystem>) (at Assets/Scripts/Arena/Vfx/AbilityVfxPlayer.cs:70)
QuizBattle.Arena.Vfx.AbilityVfxPlayer:Play (string,UnityEngine.Vector3,UnityEngine.Vector3,bool) (at Assets/Scripts/Arena/Vfx/AbilityVfxPlayer.cs:33)
QuizBattle.GameState.GameManager:HandleReward (QuizBattle.GameState.MockEngine.PlayerState,QuizBattle.GameState.MockEngine.PendingReward,System.Random) (at Assets/Scripts/GameState/GameManager.cs:131)
QuizBattle.GameState.GameManager:RunAutoPlayMatch (int,int) (at Assets/Scripts/GameState/GameManager.cs:105)
ArenaDemoRunner:RunScenario (string,int,int,string) (at Assets/Editor/ArenaDemoRunner.cs:40)
ArenaDemoRunner:Run () (at Assets/Editor/ArenaDemoRunner.cs:21)

[Assets/Scripts/GameState/GameManager.cs line 131]

Vfx_Burst: Destroy may not be called from edit mode! Use DestroyImmediate instead.
Destroying an object in edit mode destroys it permanently
UnityEngine.Debug:ExtractStackTraceNoAlloc (byte*,int,string)
UnityEngine.StackTraceUtility:ExtractStackTrace ()
UnityEngine.Object:Destroy (UnityEngine.Object,single)
QuizBattle.Arena.Vfx.ParticleFactory:Burst (UnityEngine.Vector3,UnityEngine.Color,single,int,single,single) (at Assets/Scripts/Arena/Vfx/ParticleFactory.cs:51)
QuizBattle.Arena.Vfx.AbilityVfxPlayer:PlayLifeDrain (UnityEngine.Vector3,UnityEngine.Vector3,System.Collections.Generic.List`1<UnityEngine.ParticleSystem>) (at Assets/Scripts/Arena/Vfx/AbilityVfxPlayer.cs:71)
QuizBattle.Arena.Vfx.AbilityVfxPlayer:Play (string,UnityEngine.Vector3,UnityEngine.Vector3,bool) (at Assets/Scripts/Arena/Vfx/AbilityVfxPlayer.cs:33)
QuizBattle.GameState.GameManager:HandleReward (QuizBattle.GameState.MockEngine.PlayerState,QuizBattle.GameState.MockEngine.PendingReward,System.Random) (at Assets/Scripts/GameState/GameManager.cs:131)
QuizBattle.GameState.GameManager:RunAutoPlayMatch (int,int) (at Assets/Scripts/GameState/GameManager.cs:105)
ArenaDemoRunner:RunScenario (string,int,int,string) (at Assets/Editor/ArenaDemoRunner.cs:40)
ArenaDemoRunner:Run () (at Assets/Editor/ArenaDemoRunner.cs:21)

[Assets/Scripts/GameState/GameManager.cs line 131]

[ArenaDemoRunner:race-path] PASSED — winner=1 reason=Goal
UnityEngine.Debug:ExtractStackTraceNoAlloc (byte*,int,string)
UnityEngine.StackTraceUtility:ExtractStackTrace ()
UnityEngine.DebugLogHandler:Internal_Log (UnityEngine.LogType,UnityEngine.LogOption,string,UnityEngine.Object)
UnityEngine.DebugLogHandler:LogFormat (UnityEngine.LogType,UnityEngine.Object,string,object[])
UnityEngine.Logger:Log (UnityEngine.LogType,object)
UnityEngine.Debug:Log (object)
ArenaDemoRunner:RunScenario (string,int,int,string) (at Assets/Editor/ArenaDemoRunner.cs:48)
ArenaDemoRunner:Run () (at Assets/Editor/ArenaDemoRunner.cs:21)

(Filename: Assets/Editor/ArenaDemoRunner.cs Line: 48)

[ArenaDemoRunner] screenshot saved to D:/temp\arena-demo-race-path.png
UnityEngine.Debug:ExtractStackTraceNoAlloc (byte*,int,string)
UnityEngine.StackTraceUtility:ExtractStackTrace ()
UnityEngine.DebugLogHandler:Internal_Log (UnityEngine.LogType,UnityEngine.LogOption,string,UnityEngine.Object)
UnityEngine.DebugLogHandler:LogFormat (UnityEngine.LogType,UnityEngine.Object,string,object[])
UnityEngine.Logger:Log (UnityEngine.LogType,object)
UnityEngine.Debug:Log (object)
ArenaDemoRunner:CaptureScreenshot (string) (at Assets/Editor/ArenaDemoRunner.cs:136)
ArenaDemoRunner:RunScenario (string,int,int,string) (at Assets/Editor/ArenaDemoRunner.cs:50)
ArenaDemoRunner:Run () (at Assets/Editor/ArenaDemoRunner.cs:21)

(Filename: Assets/Editor/ArenaDemoRunner.cs Line: 136)

Unloading 26 Unused Serialized files (Serialized files now loaded: 0)
Unloading 375 unused Assets / (220.0 KB). Loaded Objects now: 4450.
Memory consumption went from 361.4 MB to 361.1 MB.
Total: 13.697300 ms (FindLiveObjects: 0.508500 ms CreateObjectMapping: 0.855800 ms MarkObjects: 11.761800 ms  DeleteObjects: 0.569600 ms)

Failed to find UISprite.psd
UnityEngine.Debug:ExtractStackTraceNoAlloc (byte*,int,string)
UnityEngine.StackTraceUtility:ExtractStackTrace ()
UnityEngine.Resources:GetBuiltinResource (System.Type,string)
UnityEngine.Resources:GetBuiltinResource<UnityEngine.Sprite> (string)
QuizBattle.UI.UiFactory:get_RoundedSprite () (at Assets/Scripts/UI/UiFactory.cs:70)
QuizBattle.UI.UiFactory:CreateBannerPanel (UnityEngine.Transform,string,UnityEngine.Vector2,UnityEngine.Vector2,UnityEngine.Color,UnityEngine.Vector2) (at Assets/Scripts/UI/UiFactory.cs:83)
QuizBattle.UI.UiFactory:CreateButton (UnityEngine.Transform,string,UnityEngine.Vector2,UnityEngine.Vector2,string,UnityEngine.Vector2) (at Assets/Scripts/UI/UiFactory.cs:113)
QuizBattle.UI.HUD.HudController:Build (UnityEngine.Transform) (at Assets/Scripts/UI/HUD/HudController.cs:50)
QuizBattle.UI.HUD.HudController:Create () (at Assets/Scripts/UI/HUD/HudController.cs:28)
QuizBattle.GameState.GameManager:Bootstrap (System.Collections.Generic.List`1<QuizBattle.Characters.CharacterDefinitionSO>) (at Assets/Scripts/GameState/GameManager.cs:34)
ArenaDemoRunner:RunScenario (string,int,int,string) (at Assets/Editor/ArenaDemoRunner.cs:39)
ArenaDemoRunner:Run () (at Assets/Editor/ArenaDemoRunner.cs:22)

[Assets/Scripts/UI/HUD/HudController.cs line 28]

The resource UISprite.psd could not be loaded from the resource file!
UnityEngine.Debug:ExtractStackTraceNoAlloc (byte*,int,string)
UnityEngine.StackTraceUtility:ExtractStackTrace ()
UnityEngine.Resources:GetBuiltinResource (System.Type,string)
UnityEngine.Resources:GetBuiltinResource<UnityEngine.Sprite> (string)
QuizBattle.UI.UiFactory:get_RoundedSprite () (at Assets/Scripts/UI/UiFactory.cs:70)
QuizBattle.UI.UiFactory:CreateBannerPanel (UnityEngine.Transform,string,UnityEngine.Vector2,UnityEngine.Vector2,UnityEngine.Color,UnityEngine.Vector2) (at Assets/Scripts/UI/UiFactory.cs:83)
QuizBattle.UI.UiFactory:CreateButton (UnityEngine.Transform,string,UnityEngine.Vector2,UnityEngine.Vector2,string,UnityEngine.Vector2) (at Assets/Scripts/UI/UiFactory.cs:113)
QuizBattle.UI.HUD.HudController:Build (UnityEngine.Transform) (at Assets/Scripts/UI/HUD/HudController.cs:50)
QuizBattle.UI.HUD.HudController:Create () (at Assets/Scripts/UI/HUD/HudController.cs:28)
QuizBattle.GameState.GameManager:Bootstrap (System.Collections.Generic.List`1<QuizBattle.Characters.CharacterDefinitionSO>) (at Assets/Scripts/GameState/GameManager.cs:34)
ArenaDemoRunner:RunScenario (string,int,int,string) (at Assets/Editor/ArenaDemoRunner.cs:39)
ArenaDemoRunner:Run () (at Assets/Editor/ArenaDemoRunner.cs:22)

[Assets/Scripts/UI/HUD/HudController.cs line 28]

Failed to find UISprite.psd
UnityEngine.Debug:ExtractStackTraceNoAlloc (byte*,int,string)
UnityEngine.StackTraceUtility:ExtractStackTrace ()
UnityEngine.Resources:GetBuiltinResource (System.Type,string)
UnityEngine.Resources:GetBuiltinResource<UnityEngine.Sprite> (string)
QuizBattle.UI.UiFactory:get_RoundedSprite () (at Assets/Scripts/UI/UiFactory.cs:70)
QuizBattle.UI.UiFactory:CreateBannerPanel (UnityEngine.Transform,string,UnityEngine.Vector2,UnityEngine.Vector2,UnityEngine.Color,UnityEngine.Vector2) (at Assets/Scripts/UI/UiFactory.cs:93)
QuizBattle.UI.UiFactory:CreateButton (UnityEngine.Transform,string,UnityEngine.Vector2,UnityEngine.Vector2,string,UnityEngine.Vector2) (at Assets/Scripts/UI/UiFactory.cs:113)
QuizBattle.UI.HUD.HudController:Build (UnityEngine.Transform) (at Assets/Scripts/UI/HUD/HudController.cs:50)
QuizBattle.UI.HUD.HudController:Create () (at Assets/Scripts/UI/HUD/HudController.cs:28)
QuizBattle.GameState.GameManager:Bootstrap (System.Collections.Generic.List`1<QuizBattle.Characters.CharacterDefinitionSO>) (at Assets/Scripts/GameState/GameManager.cs:34)
ArenaDemoRunner:RunScenario (string,int,int,string) (at Assets/Editor/ArenaDemoRunner.cs:39)
ArenaDemoRunner:Run () (at Assets/Editor/ArenaDemoRunner.cs:22)

[Assets/Scripts/UI/HUD/HudController.cs line 28]

The resource UISprite.psd could not be loaded from the resource file!
UnityEngine.Debug:ExtractStackTraceNoAlloc (byte*,int,string)
UnityEngine.StackTraceUtility:ExtractStackTrace ()
UnityEngine.Resources:GetBuiltinResource (System.Type,string)
UnityEngine.Resources:GetBuiltinResource<UnityEngine.Sprite> (string)
QuizBattle.UI.UiFactory:get_RoundedSprite () (at Assets/Scripts/UI/UiFactory.cs:70)
QuizBattle.UI.UiFactory:CreateBannerPanel (UnityEngine.Transform,string,UnityEngine.Vector2,UnityEngine.Vector2,UnityEngine.Color,UnityEngine.Vector2) (at Assets/Scripts/UI/UiFactory.cs:93)
QuizBattle.UI.UiFactory:CreateButton (UnityEngine.Transform,string,UnityEngine.Vector2,UnityEngine.Vector2,string,UnityEngine.Vector2) (at Assets/Scripts/UI/UiFactory.cs:113)
QuizBattle.UI.HUD.HudController:Build (UnityEngine.Transform) (at Assets/Scripts/UI/HUD/HudController.cs:50)
QuizBattle.UI.HUD.HudController:Create () (at Assets/Scripts/UI/HUD/HudController.cs:28)
QuizBattle.GameState.GameManager:Bootstrap (System.Collections.Generic.List`1<QuizBattle.Characters.CharacterDefinitionSO>) (at Assets/Scripts/GameState/GameManager.cs:34)
ArenaDemoRunner:RunScenario (string,int,int,string) (at Assets/Editor/ArenaDemoRunner.cs:39)
ArenaDemoRunner:Run () (at Assets/Editor/ArenaDemoRunner.cs:22)

[Assets/Scripts/UI/HUD/HudController.cs line 28]

Failed to find UISprite.psd
UnityEngine.Debug:ExtractStackTraceNoAlloc (byte*,int,string)
UnityEngine.StackTraceUtility:ExtractStackTrace ()
UnityEngine.Resources:GetBuiltinResource (System.Type,string)
UnityEngine.Resources:GetBuiltinResource<UnityEngine.Sprite> (string)
QuizBattle.UI.UiFactory:get_RoundedSprite () (at Assets/Scripts/UI/UiFactory.cs:70)
QuizBattle.UI.UiFactory:CreateBannerPanel (UnityEngine.Transform,string,UnityEngine.Vector2,UnityEngine.Vector2,UnityEngine.Color,UnityEngine.Vector2) (at Assets/Scripts/UI/UiFactory.cs:103)
QuizBattle.UI.UiFactory:CreateButton (UnityEngine.Transform,string,UnityEngine.Vector2,UnityEngine.Vector2,string,UnityEngine.Vector2) (at Assets/Scripts/UI/UiFactory.cs:113)
QuizBattle.UI.HUD.HudController:Build (UnityEngine.Transform) (at Assets/Scripts/UI/HUD/HudController.cs:50)
QuizBattle.UI.HUD.HudController:Create () (at Assets/Scripts/UI/HUD/HudController.cs:28)
QuizBattle.GameState.GameManager:Bootstrap (System.Collections.Generic.List`1<QuizBattle.Characters.CharacterDefinitionSO>) (at Assets/Scripts/GameState/GameManager.cs:34)
ArenaDemoRunner:RunScenario (string,int,int,string) (at Assets/Editor/ArenaDemoRunner.cs:39)
ArenaDemoRunner:Run () (at Assets/Editor/ArenaDemoRunner.cs:22)

[Assets/Scripts/UI/HUD/HudController.cs line 28]

The resource UISprite.psd could not be loaded from the resource file!
UnityEngine.Debug:ExtractStackTraceNoAlloc (byte*,int,string)
UnityEngine.StackTraceUtility:ExtractStackTrace ()
UnityEngine.Resources:GetBuiltinResource (System.Type,string)
UnityEngine.Resources:GetBuiltinResource<UnityEngine.Sprite> (string)
QuizBattle.UI.UiFactory:get_RoundedSprite () (at Assets/Scripts/UI/UiFactory.cs:70)
QuizBattle.UI.UiFactory:CreateBannerPanel (UnityEngine.Transform,string,UnityEngine.Vector2,UnityEngine.Vector2,UnityEngine.Color,UnityEngine.Vector2) (at Assets/Scripts/UI/UiFactory.cs:103)
QuizBattle.UI.UiFactory:CreateButton (UnityEngine.Transform,string,UnityEngine.Vector2,UnityEngine.Vector2,string,UnityEngine.Vector2) (at Assets/Scripts/UI/UiFactory.cs:113)
QuizBattle.UI.HUD.HudController:Build (UnityEngine.Transform) (at Assets/Scripts/UI/HUD/HudController.cs:50)
QuizBattle.UI.HUD.HudController:Create () (at Assets/Scripts/UI/HUD/HudController.cs:28)
QuizBattle.GameState.GameManager:Bootstrap (System.Collections.Generic.List`1<QuizBattle.Characters.CharacterDefinitionSO>) (at Assets/Scripts/GameState/GameManager.cs:34)
ArenaDemoRunner:RunScenario (string,int,int,string) (at Assets/Editor/ArenaDemoRunner.cs:39)
ArenaDemoRunner:Run () (at Assets/Editor/ArenaDemoRunner.cs:22)

[Assets/Scripts/UI/HUD/HudController.cs line 28]

Failed to find UISprite.psd
UnityEngine.Debug:ExtractStackTraceNoAlloc (byte*,int,string)
UnityEngine.StackTraceUtility:ExtractStackTrace ()
UnityEngine.Resources:GetBuiltinResource (System.Type,string)
UnityEngine.Resources:GetBuiltinResource<UnityEngine.Sprite> (string)
QuizBattle.UI.UiFactory:get_RoundedSprite () (at Assets/Scripts/UI/UiFactory.cs:70)
QuizBattle.UI.UiFactory:CreateBannerPanel (UnityEngine.Transform,string,UnityEngine.Vector2,UnityEngine.Vector2,UnityEngine.Color,UnityEngine.Vector2) (at Assets/Scripts/UI/UiFactory.cs:83)
QuizBattle.UI.UiFactory:CreateButton (UnityEngine.Transform,string,UnityEngine.Vector2,UnityEngine.Vector2,string,UnityEngine.Vector2) (at Assets/Scripts/UI/UiFactory.cs:113)
QuizBattle.UI.HUD.HudController:Build (UnityEngine.Transform) (at Assets/Scripts/UI/HUD/HudController.cs:50)
QuizBattle.UI.HUD.HudController:Create () (at Assets/Scripts/UI/HUD/HudController.cs:28)
QuizBattle.GameState.GameManager:Bootstrap (System.Collections.Generic.List`1<QuizBattle.Characters.CharacterDefinitionSO>) (at Assets/Scripts/GameState/GameManager.cs:34)
ArenaDemoRunner:RunScenario (string,int,int,string) (at Assets/Editor/ArenaDemoRunner.cs:39)
ArenaDemoRunner:Run () (at Assets/Editor/ArenaDemoRunner.cs:22)

[Assets/Scripts/UI/HUD/HudController.cs line 28]

The resource UISprite.psd could not be loaded from the resource file!
UnityEngine.Debug:ExtractStackTraceNoAlloc (byte*,int,string)
UnityEngine.StackTraceUtility:ExtractStackTrace ()
UnityEngine.Resources:GetBuiltinResource (System.Type,string)
UnityEngine.Resources:GetBuiltinResource<UnityEngine.Sprite> (string)
QuizBattle.UI.UiFactory:get_RoundedSprite () (at Assets/Scripts/UI/UiFactory.cs:70)
QuizBattle.UI.UiFactory:CreateBannerPanel (UnityEngine.Transform,string,UnityEngine.Vector2,UnityEngine.Vector2,UnityEngine.Color,UnityEngine.Vector2) (at Assets/Scripts/UI/UiFactory.cs:83)
QuizBattle.UI.UiFactory:CreateButton (UnityEngine.Transform,string,UnityEngine.Vector2,UnityEngine.Vector2,string,UnityEngine.Vector2) (at Assets/Scripts/UI/UiFactory.cs:113)
QuizBattle.UI.HUD.HudController:Build (UnityEngine.Transform) (at Assets/Scripts/UI/HUD/HudController.cs:50)
QuizBattle.UI.HUD.HudController:Create () (at Assets/Scripts/UI/HUD/HudController.cs:28)
QuizBattle.GameState.GameManager:Bootstrap (System.Collections.Generic.List`1<QuizBattle.Characters.CharacterDefinitionSO>) (at Assets/Scripts/GameState/GameManager.cs:34)
ArenaDemoRunner:RunScenario (string,int,int,string) (at Assets/Editor/ArenaDemoRunner.cs:39)
ArenaDemoRunner:Run () (at Assets/Editor/ArenaDemoRunner.cs:22)

[Assets/Scripts/UI/HUD/HudController.cs line 28]

Failed to find UISprite.psd
UnityEngine.Debug:ExtractStackTraceNoAlloc (byte*,int,string)
UnityEngine.StackTraceUtility:ExtractStackTrace ()
UnityEngine.Resources:GetBuiltinResource (System.Type,string)
UnityEngine.Resources:GetBuiltinResource<UnityEngine.Sprite> (string)
QuizBattle.UI.UiFactory:get_RoundedSprite () (at Assets/Scripts/UI/UiFactory.cs:70)
QuizBattle.UI.UiFactory:CreateBannerPanel (UnityEngine.Transform,string,UnityEngine.Vector2,UnityEngine.Vector2,UnityEngine.Color,UnityEngine.Vector2) (at Assets/Scripts/UI/UiFactory.cs:93)
QuizBattle.UI.UiFactory:CreateButton (UnityEngine.Transform,string,UnityEngine.Vector2,UnityEngine.Vector2,string,UnityEngine.Vector2) (at Assets/Scripts/UI/UiFactory.cs:113)
QuizBattle.UI.HUD.HudController:Build (UnityEngine.Transform) (at Assets/Scripts/UI/HUD/HudController.cs:50)
QuizBattle.UI.HUD.HudController:Create () (at Assets/Scripts/UI/HUD/HudController.cs:28)
QuizBattle.GameState.GameManager:Bootstrap (System.Collections.Generic.List`1<QuizBattle.Characters.CharacterDefinitionSO>) (at Assets/Scripts/GameState/GameManager.cs:34)
ArenaDemoRunner:RunScenario (string,int,int,string) (at Assets/Editor/ArenaDemoRunner.cs:39)
ArenaDemoRunner:Run () (at Assets/Editor/ArenaDemoRunner.cs:22)

[Assets/Scripts/UI/HUD/HudController.cs line 28]

The resource UISprite.psd could not be loaded from the resource file!
UnityEngine.Debug:ExtractStackTraceNoAlloc (byte*,int,string)
UnityEngine.StackTraceUtility:ExtractStackTrace ()
UnityEngine.Resources:GetBuiltinResource (System.Type,string)
UnityEngine.Resources:GetBuiltinResource<UnityEngine.Sprite> (string)
QuizBattle.UI.UiFactory:get_RoundedSprite () (at Assets/Scripts/UI/UiFactory.cs:70)
QuizBattle.UI.UiFactory:CreateBannerPanel (UnityEngine.Transform,string,UnityEngine.Vector2,UnityEngine.Vector2,UnityEngine.Color,UnityEngine.Vector2) (at Assets/Scripts/UI/UiFactory.cs:93)
QuizBattle.UI.UiFactory:CreateButton (UnityEngine.Transform,string,UnityEngine.Vector2,UnityEngine.Vector2,string,UnityEngine.Vector2) (at Assets/Scripts/UI/UiFactory.cs:113)
QuizBattle.UI.HUD.HudController:Build (UnityEngine.Transform) (at Assets/Scripts/UI/HUD/HudController.cs:50)
QuizBattle.UI.HUD.HudController:Create () (at Assets/Scripts/UI/HUD/HudController.cs:28)
QuizBattle.GameState.GameManager:Bootstrap (System.Collections.Generic.List`1<QuizBattle.Characters.CharacterDefinitionSO>) (at Assets/Scripts/GameState/GameManager.cs:34)
ArenaDemoRunner:RunScenario (string,int,int,string) (at Assets/Editor/ArenaDemoRunner.cs:39)
ArenaDemoRunner:Run () (at Assets/Editor/ArenaDemoRunner.cs:22)

[Assets/Scripts/UI/HUD/HudController.cs line 28]

Failed to find UISprite.psd
UnityEngine.Debug:ExtractStackTraceNoAlloc (byte*,int,string)
UnityEngine.StackTraceUtility:ExtractStackTrace ()
UnityEngine.Resources:GetBuiltinResource (System.Type,string)
UnityEngine.Resources:GetBuiltinResource<UnityEngine.Sprite> (string)
QuizBattle.UI.UiFactory:get_RoundedSprite () (at Assets/Scripts/UI/UiFactory.cs:70)
QuizBattle.UI.UiFactory:CreateBannerPanel (UnityEngine.Transform,string,UnityEngine.Vector2,UnityEngine.Vector2,UnityEngine.Color,UnityEngine.Vector2) (at Assets/Scripts/UI/UiFactory.cs:103)
QuizBattle.UI.UiFactory:CreateButton (UnityEngine.Transform,string,UnityEngine.Vector2,UnityEngine.Vector2,string,UnityEngine.Vector2) (at Assets/Scripts/UI/UiFactory.cs:113)
QuizBattle.UI.HUD.HudController:Build (UnityEngine.Transform) (at Assets/Scripts/UI/HUD/HudController.cs:50)
QuizBattle.UI.HUD.HudController:Create () (at Assets/Scripts/UI/HUD/HudController.cs:28)
QuizBattle.GameState.GameManager:Bootstrap (System.Collections.Generic.List`1<QuizBattle.Characters.CharacterDefinitionSO>) (at Assets/Scripts/GameState/GameManager.cs:34)
ArenaDemoRunner:RunScenario (string,int,int,string) (at Assets/Editor/ArenaDemoRunner.cs:39)
ArenaDemoRunner:Run () (at Assets/Editor/ArenaDemoRunner.cs:22)

[Assets/Scripts/UI/HUD/HudController.cs line 28]

The resource UISprite.psd could not be loaded from the resource file!
UnityEngine.Debug:ExtractStackTraceNoAlloc (byte*,int,string)
UnityEngine.StackTraceUtility:ExtractStackTrace ()
UnityEngine.Resources:GetBuiltinResource (System.Type,string)
UnityEngine.Resources:GetBuiltinResource<UnityEngine.Sprite> (string)
QuizBattle.UI.UiFactory:get_RoundedSprite () (at Assets/Scripts/UI/UiFactory.cs:70)
QuizBattle.UI.UiFactory:CreateBannerPanel (UnityEngine.Transform,string,UnityEngine.Vector2,UnityEngine.Vector2,UnityEngine.Color,UnityEngine.Vector2) (at Assets/Scripts/UI/UiFactory.cs:103)
QuizBattle.UI.UiFactory:CreateButton (UnityEngine.Transform,string,UnityEngine.Vector2,UnityEngine.Vector2,string,UnityEngine.Vector2) (at Assets/Scripts/UI/UiFactory.cs:113)
QuizBattle.UI.HUD.HudController:Build (UnityEngine.Transform) (at Assets/Scripts/UI/HUD/HudController.cs:50)
QuizBattle.UI.HUD.HudController:Create () (at Assets/Scripts/UI/HUD/HudController.cs:28)
QuizBattle.GameState.GameManager:Bootstrap (System.Collections.Generic.List`1<QuizBattle.Characters.CharacterDefinitionSO>) (at Assets/Scripts/GameState/GameManager.cs:34)
ArenaDemoRunner:RunScenario (string,int,int,string) (at Assets/Editor/ArenaDemoRunner.cs:39)
ArenaDemoRunner:Run () (at Assets/Editor/ArenaDemoRunner.cs:22)

[Assets/Scripts/UI/HUD/HudController.cs line 28]

Failed to find UISprite.psd
UnityEngine.Debug:ExtractStackTraceNoAlloc (byte*,int,string)
UnityEngine.StackTraceUtility:ExtractStackTrace ()
UnityEngine.Resources:GetBuiltinResource (System.Type,string)
UnityEngine.Resources:GetBuiltinResource<UnityEngine.Sprite> (string)
QuizBattle.UI.UiFactory:get_RoundedSprite () (at Assets/Scripts/UI/UiFactory.cs:70)
QuizBattle.UI.UiFactory:CreateBannerPanel (UnityEngine.Transform,string,UnityEngine.Vector2,UnityEngine.Vector2,UnityEngine.Color,UnityEngine.Vector2) (at Assets/Scripts/UI/UiFactory.cs:83)
QuizBattle.UI.UiFactory:CreateButton (UnityEngine.Transform,string,UnityEngine.Vector2,UnityEngine.Vector2,string,UnityEngine.Vector2) (at Assets/Scripts/UI/UiFactory.cs:113)
QuizBattle.UI.HUD.HudController:Build (UnityEngine.Transform) (at Assets/Scripts/UI/HUD/HudController.cs:50)
QuizBattle.UI.HUD.HudController:Create () (at Assets/Scripts/UI/HUD/HudController.cs:28)
QuizBattle.GameState.GameManager:Bootstrap (System.Collections.Generic.List`1<QuizBattle.Characters.CharacterDefinitionSO>) (at Assets/Scripts/GameState/GameManager.cs:34)
ArenaDemoRunner:RunScenario (string,int,int,string) (at Assets/Editor/ArenaDemoRunner.cs:39)
ArenaDemoRunner:Run () (at Assets/Editor/ArenaDemoRunner.cs:22)

[Assets/Scripts/UI/HUD/HudController.cs line 28]

The resource UISprite.psd could not be loaded from the resource file!
UnityEngine.Debug:ExtractStackTraceNoAlloc (byte*,int,string)
UnityEngine.StackTraceUtility:ExtractStackTrace ()
UnityEngine.Resources:GetBuiltinResource (System.Type,string)
UnityEngine.Resources:GetBuiltinResource<UnityEngine.Sprite> (string)
QuizBattle.UI.UiFactory:get_RoundedSprite () (at Assets/Scripts/UI/UiFactory.cs:70)
QuizBattle.UI.UiFactory:CreateBannerPanel (UnityEngine.Transform,string,UnityEngine.Vector2,UnityEngine.Vector2,UnityEngine.Color,UnityEngine.Vector2) (at Assets/Scripts/UI/UiFactory.cs:83)
QuizBattle.UI.UiFactory:CreateButton (UnityEngine.Transform,string,UnityEngine.Vector2,UnityEngine.Vector2,string,UnityEngine.Vector2) (at Assets/Scripts/UI/UiFactory.cs:113)
QuizBattle.UI.HUD.HudController:Build (UnityEngine.Transform) (at Assets/Scripts/UI/HUD/HudController.cs:50)
QuizBattle.UI.HUD.HudController:Create () (at Assets/Scripts/UI/HUD/HudController.cs:28)
QuizBattle.GameState.GameManager:Bootstrap (System.Collections.Generic.List`1<QuizBattle.Characters.CharacterDefinitionSO>) (at Assets/Scripts/GameState/GameManager.cs:34)
ArenaDemoRunner:RunScenario (string,int,int,string) (at Assets/Editor/ArenaDemoRunner.cs:39)
ArenaDemoRunner:Run () (at Assets/Editor/ArenaDemoRunner.cs:22)

[Assets/Scripts/UI/HUD/HudController.cs line 28]

Failed to find UISprite.psd
UnityEngine.Debug:ExtractStackTraceNoAlloc (byte*,int,string)
UnityEngine.StackTraceUtility:ExtractStackTrace ()
UnityEngine.Resources:GetBuiltinResource (System.Type,string)
UnityEngine.Resources:GetBuiltinResource<UnityEngine.Sprite> (string)
QuizBattle.UI.UiFactory:get_RoundedSprite () (at Assets/Scripts/UI/UiFactory.cs:70)
QuizBattle.UI.UiFactory:CreateBannerPanel (UnityEngine.Transform,string,UnityEngine.Vector2,UnityEngine.Vector2,UnityEngine.Color,UnityEngine.Vector2) (at Assets/Scripts/UI/UiFactory.cs:93)
QuizBattle.UI.UiFactory:CreateButton (UnityEngine.Transform,string,UnityEngine.Vector2,UnityEngine.Vector2,string,UnityEngine.Vector2) (at Assets/Scripts/UI/UiFactory.cs:113)
QuizBattle.UI.HUD.HudController:Build (UnityEngine.Transform) (at Assets/Scripts/UI/HUD/HudController.cs:50)
QuizBattle.UI.HUD.HudController:Create () (at Assets/Scripts/UI/HUD/HudController.cs:28)
QuizBattle.GameState.GameManager:Bootstrap (System.Collections.Generic.List`1<QuizBattle.Characters.CharacterDefinitionSO>) (at Assets/Scripts/GameState/GameManager.cs:34)
ArenaDemoRunner:RunScenario (string,int,int,string) (at Assets/Editor/ArenaDemoRunner.cs:39)
ArenaDemoRunner:Run () (at Assets/Editor/ArenaDemoRunner.cs:22)

[Assets/Scripts/UI/HUD/HudController.cs line 28]

The resource UISprite.psd could not be loaded from the resource file!
UnityEngine.Debug:ExtractStackTraceNoAlloc (byte*,int,string)
UnityEngine.StackTraceUtility:ExtractStackTrace ()
UnityEngine.Resources:GetBuiltinResource (System.Type,string)
UnityEngine.Resources:GetBuiltinResource<UnityEngine.Sprite> (string)
QuizBattle.UI.UiFactory:get_RoundedSprite () (at Assets/Scripts/UI/UiFactory.cs:70)
QuizBattle.UI.UiFactory:CreateBannerPanel (UnityEngine.Transform,string,UnityEngine.Vector2,UnityEngine.Vector2,UnityEngine.Color,UnityEngine.Vector2) (at Assets/Scripts/UI/UiFactory.cs:93)
QuizBattle.UI.UiFactory:CreateButton (UnityEngine.Transform,string,UnityEngine.Vector2,UnityEngine.Vector2,string,UnityEngine.Vector2) (at Assets/Scripts/UI/UiFactory.cs:113)
QuizBattle.UI.HUD.HudController:Build (UnityEngine.Transform) (at Assets/Scripts/UI/HUD/HudController.cs:50)
QuizBattle.UI.HUD.HudController:Create () (at Assets/Scripts/UI/HUD/HudController.cs:28)
QuizBattle.GameState.GameManager:Bootstrap (System.Collections.Generic.List`1<QuizBattle.Characters.CharacterDefinitionSO>) (at Assets/Scripts/GameState/GameManager.cs:34)
ArenaDemoRunner:RunScenario (string,int,int,string) (at Assets/Editor/ArenaDemoRunner.cs:39)
ArenaDemoRunner:Run () (at Assets/Editor/ArenaDemoRunner.cs:22)

[Assets/Scripts/UI/HUD/HudController.cs line 28]

Failed to find UISprite.psd
UnityEngine.Debug:ExtractStackTraceNoAlloc (byte*,int,string)
UnityEngine.StackTraceUtility:ExtractStackTrace ()
UnityEngine.Resources:GetBuiltinResource (System.Type,string)
UnityEngine.Resources:GetBuiltinResource<UnityEngine.Sprite> (string)
QuizBattle.UI.UiFactory:get_RoundedSprite () (at Assets/Scripts/UI/UiFactory.cs:70)
QuizBattle.UI.UiFactory:CreateBannerPanel (UnityEngine.Transform,string,UnityEngine.Vector2,UnityEngine.Vector2,UnityEngine.Color,UnityEngine.Vector2) (at Assets/Scripts/UI/UiFactory.cs:103)
QuizBattle.UI.UiFactory:CreateButton (UnityEngine.Transform,string,UnityEngine.Vector2,UnityEngine.Vector2,string,UnityEngine.Vector2) (at Assets/Scripts/UI/UiFactory.cs:113)
QuizBattle.UI.HUD.HudController:Build (UnityEngine.Transform) (at Assets/Scripts/UI/HUD/HudController.cs:50)
QuizBattle.UI.HUD.HudController:Create () (at Assets/Scripts/UI/HUD/HudController.cs:28)
QuizBattle.GameState.GameManager:Bootstrap (System.Collections.Generic.List`1<QuizBattle.Characters.CharacterDefinitionSO>) (at Assets/Scripts/GameState/GameManager.cs:34)
ArenaDemoRunner:RunScenario (string,int,int,string) (at Assets/Editor/ArenaDemoRunner.cs:39)
ArenaDemoRunner:Run () (at Assets/Editor/ArenaDemoRunner.cs:22)

[Assets/Scripts/UI/HUD/HudController.cs line 28]

The resource UISprite.psd could not be loaded from the resource file!
UnityEngine.Debug:ExtractStackTraceNoAlloc (byte*,int,string)
UnityEngine.StackTraceUtility:ExtractStackTrace ()
UnityEngine.Resources:GetBuiltinResource (System.Type,string)
UnityEngine.Resources:GetBuiltinResource<UnityEngine.Sprite> (string)
QuizBattle.UI.UiFactory:get_RoundedSprite () (at Assets/Scripts/UI/UiFactory.cs:70)
QuizBattle.UI.UiFactory:CreateBannerPanel (UnityEngine.Transform,string,UnityEngine.Vector2,UnityEngine.Vector2,UnityEngine.Color,UnityEngine.Vector2) (at Assets/Scripts/UI/UiFactory.cs:103)
QuizBattle.UI.UiFactory:CreateButton (UnityEngine.Transform,string,UnityEngine.Vector2,UnityEngine.Vector2,string,UnityEngine.Vector2) (at Assets/Scripts/UI/UiFactory.cs:113)
QuizBattle.UI.HUD.HudController:Build (UnityEngine.Transform) (at Assets/Scripts/UI/HUD/HudController.cs:50)
QuizBattle.UI.HUD.HudController:Create () (at Assets/Scripts/UI/HUD/HudController.cs:28)
QuizBattle.GameState.GameManager:Bootstrap (System.Collections.Generic.List`1<QuizBattle.Characters.CharacterDefinitionSO>) (at Assets/Scripts/GameState/GameManager.cs:34)
ArenaDemoRunner:RunScenario (string,int,int,string) (at Assets/Editor/ArenaDemoRunner.cs:39)
ArenaDemoRunner:Run () (at Assets/Editor/ArenaDemoRunner.cs:22)

[Assets/Scripts/UI/HUD/HudController.cs line 28]

Failed to find UISprite.psd
UnityEngine.Debug:ExtractStackTraceNoAlloc (byte*,int,string)
UnityEngine.StackTraceUtility:ExtractStackTrace ()
UnityEngine.Resources:GetBuiltinResource (System.Type,string)
UnityEngine.Resources:GetBuiltinResource<UnityEngine.Sprite> (string)
QuizBattle.UI.UiFactory:get_RoundedSprite () (at Assets/Scripts/UI/UiFactory.cs:70)
QuizBattle.UI.UiFactory:CreateBannerPanel (UnityEngine.Transform,string,UnityEngine.Vector2,UnityEngine.Vector2,UnityEngine.Color,UnityEngine.Vector2) (at Assets/Scripts/UI/UiFactory.cs:83)
QuizBattle.UI.UiFactory:CreateButton (UnityEngine.Transform,string,UnityEngine.Vector2,UnityEngine.Vector2,string,UnityEngine.Vector2) (at Assets/Scripts/UI/UiFactory.cs:113)
QuizBattle.UI.HUD.HudController:Build (UnityEngine.Transform) (at Assets/Scripts/UI/HUD/HudController.cs:50)
QuizBattle.UI.HUD.HudController:Create () (at Assets/Scripts/UI/HUD/HudController.cs:28)
QuizBattle.GameState.GameManager:Bootstrap (System.Collections.Generic.List`1<QuizBattle.Characters.CharacterDefinitionSO>) (at Assets/Scripts/GameState/GameManager.cs:34)
ArenaDemoRunner:RunScenario (string,int,int,string) (at Assets/Editor/ArenaDemoRunner.cs:39)
ArenaDemoRunner:Run () (at Assets/Editor/ArenaDemoRunner.cs:22)

[Assets/Scripts/UI/HUD/HudController.cs line 28]

The resource UISprite.psd could not be loaded from the resource file!
UnityEngine.Debug:ExtractStackTraceNoAlloc (byte*,int,string)
UnityEngine.StackTraceUtility:ExtractStackTrace ()
UnityEngine.Resources:GetBuiltinResource (System.Type,string)
UnityEngine.Resources:GetBuiltinResource<UnityEngine.Sprite> (string)
QuizBattle.UI.UiFactory:get_RoundedSprite () (at Assets/Scripts/UI/UiFactory.cs:70)
QuizBattle.UI.UiFactory:CreateBannerPanel (UnityEngine.Transform,string,UnityEngine.Vector2,UnityEngine.Vector2,UnityEngine.Color,UnityEngine.Vector2) (at Assets/Scripts/UI/UiFactory.cs:83)
QuizBattle.UI.UiFactory:CreateButton (UnityEngine.Transform,string,UnityEngine.Vector2,UnityEngine.Vector2,string,UnityEngine.Vector2) (at Assets/Scripts/UI/UiFactory.cs:113)
QuizBattle.UI.HUD.HudController:Build (UnityEngine.Transform) (at Assets/Scripts/UI/HUD/HudController.cs:50)
QuizBattle.UI.HUD.HudController:Create () (at Assets/Scripts/UI/HUD/HudController.cs:28)
QuizBattle.GameState.GameManager:Bootstrap (System.Collections.Generic.List`1<QuizBattle.Characters.CharacterDefinitionSO>) (at Assets/Scripts/GameState/GameManager.cs:34)
ArenaDemoRunner:RunScenario (string,int,int,string) (at Assets/Editor/ArenaDemoRunner.cs:39)
ArenaDemoRunner:Run () (at Assets/Editor/ArenaDemoRunner.cs:22)

[Assets/Scripts/UI/HUD/HudController.cs line 28]

Failed to find UISprite.psd
UnityEngine.Debug:ExtractStackTraceNoAlloc (byte*,int,string)
UnityEngine.StackTraceUtility:ExtractStackTrace ()
UnityEngine.Resources:GetBuiltinResource (System.Type,string)
UnityEngine.Resources:GetBuiltinResource<UnityEngine.Sprite> (string)
QuizBattle.UI.UiFactory:get_RoundedSprite () (at Assets/Scripts/UI/UiFactory.cs:70)
QuizBattle.UI.UiFactory:CreateBannerPanel (UnityEngine.Transform,string,UnityEngine.Vector2,UnityEngine.Vector2,UnityEngine.Color,UnityEngine.Vector2) (at Assets/Scripts/UI/UiFactory.cs:93)
QuizBattle.UI.UiFactory:CreateButton (UnityEngine.Transform,string,UnityEngine.Vector2,UnityEngine.Vector2,string,UnityEngine.Vector2) (at Assets/Scripts/UI/UiFactory.cs:113)
QuizBattle.UI.HUD.HudController:Build (UnityEngine.Transform) (at Assets/Scripts/UI/HUD/HudController.cs:50)
QuizBattle.UI.HUD.HudController:Create () (at Assets/Scripts/UI/HUD/HudController.cs:28)
QuizBattle.GameState.GameManager:Bootstrap (System.Collections.Generic.List`1<QuizBattle.Characters.CharacterDefinitionSO>) (at Assets/Scripts/GameState/GameManager.cs:34)
ArenaDemoRunner:RunScenario (string,int,int,string) (at Assets/Editor/ArenaDemoRunner.cs:39)
ArenaDemoRunner:Run () (at Assets/Editor/ArenaDemoRunner.cs:22)

[Assets/Scripts/UI/HUD/HudController.cs line 28]

The resource UISprite.psd could not be loaded from the resource file!
UnityEngine.Debug:ExtractStackTraceNoAlloc (byte*,int,string)
UnityEngine.StackTraceUtility:ExtractStackTrace ()
UnityEngine.Resources:GetBuiltinResource (System.Type,string)
UnityEngine.Resources:GetBuiltinResource<UnityEngine.Sprite> (string)
QuizBattle.UI.UiFactory:get_RoundedSprite () (at Assets/Scripts/UI/UiFactory.cs:70)
QuizBattle.UI.UiFactory:CreateBannerPanel (UnityEngine.Transform,string,UnityEngine.Vector2,UnityEngine.Vector2,UnityEngine.Color,UnityEngine.Vector2) (at Assets/Scripts/UI/UiFactory.cs:93)
QuizBattle.UI.UiFactory:CreateButton (UnityEngine.Transform,string,UnityEngine.Vector2,UnityEngine.Vector2,string,UnityEngine.Vector2) (at Assets/Scripts/UI/UiFactory.cs:113)
QuizBattle.UI.HUD.HudController:Build (UnityEngine.Transform) (at Assets/Scripts/UI/HUD/HudController.cs:50)
QuizBattle.UI.HUD.HudController:Create () (at Assets/Scripts/UI/HUD/HudController.cs:28)
QuizBattle.GameState.GameManager:Bootstrap (System.Collections.Generic.List`1<QuizBattle.Characters.CharacterDefinitionSO>) (at Assets/Scripts/GameState/GameManager.cs:34)
ArenaDemoRunner:RunScenario (string,int,int,string) (at Assets/Editor/ArenaDemoRunner.cs:39)
ArenaDemoRunner:Run () (at Assets/Editor/ArenaDemoRunner.cs:22)

[Assets/Scripts/UI/HUD/HudController.cs line 28]

Failed to find UISprite.psd
UnityEngine.Debug:ExtractStackTraceNoAlloc (byte*,int,string)
UnityEngine.StackTraceUtility:ExtractStackTrace ()
UnityEngine.Resources:GetBuiltinResource (System.Type,string)
UnityEngine.Resources:GetBuiltinResource<UnityEngine.Sprite> (string)
QuizBattle.UI.UiFactory:get_RoundedSprite () (at Assets/Scripts/UI/UiFactory.cs:70)
QuizBattle.UI.UiFactory:CreateBannerPanel (UnityEngine.Transform,string,UnityEngine.Vector2,UnityEngine.Vector2,UnityEngine.Color,UnityEngine.Vector2) (at Assets/Scripts/UI/UiFactory.cs:103)
QuizBattle.UI.UiFactory:CreateButton (UnityEngine.Transform,string,UnityEngine.Vector2,UnityEngine.Vector2,string,UnityEngine.Vector2) (at Assets/Scripts/UI/UiFactory.cs:113)
QuizBattle.UI.HUD.HudController:Build (UnityEngine.Transform) (at Assets/Scripts/UI/HUD/HudController.cs:50)
QuizBattle.UI.HUD.HudController:Create () (at Assets/Scripts/UI/HUD/HudController.cs:28)
QuizBattle.GameState.GameManager:Bootstrap (System.Collections.Generic.List`1<QuizBattle.Characters.CharacterDefinitionSO>) (at Assets/Scripts/GameState/GameManager.cs:34)
ArenaDemoRunner:RunScenario (string,int,int,string) (at Assets/Editor/ArenaDemoRunner.cs:39)
ArenaDemoRunner:Run () (at Assets/Editor/ArenaDemoRunner.cs:22)

[Assets/Scripts/UI/HUD/HudController.cs line 28]

The resource UISprite.psd could not be loaded from the resource file!
UnityEngine.Debug:ExtractStackTraceNoAlloc (byte*,int,string)
UnityEngine.StackTraceUtility:ExtractStackTrace ()
UnityEngine.Resources:GetBuiltinResource (System.Type,string)
UnityEngine.Resources:GetBuiltinResource<UnityEngine.Sprite> (string)
QuizBattle.UI.UiFactory:get_RoundedSprite () (at Assets/Scripts/UI/UiFactory.cs:70)
QuizBattle.UI.UiFactory:CreateBannerPanel (UnityEngine.Transform,string,UnityEngine.Vector2,UnityEngine.Vector2,UnityEngine.Color,UnityEngine.Vector2) (at Assets/Scripts/UI/UiFactory.cs:103)
QuizBattle.UI.UiFactory:CreateButton (UnityEngine.Transform,string,UnityEngine.Vector2,UnityEngine.Vector2,string,UnityEngine.Vector2) (at Assets/Scripts/UI/UiFactory.cs:113)
QuizBattle.UI.HUD.HudController:Build (UnityEngine.Transform) (at Assets/Scripts/UI/HUD/HudController.cs:50)
QuizBattle.UI.HUD.HudController:Create () (at Assets/Scripts/UI/HUD/HudController.cs:28)
QuizBattle.GameState.GameManager:Bootstrap (System.Collections.Generic.List`1<QuizBattle.Characters.CharacterDefinitionSO>) (at Assets/Scripts/GameState/GameManager.cs:34)
ArenaDemoRunner:RunScenario (string,int,int,string) (at Assets/Editor/ArenaDemoRunner.cs:39)
ArenaDemoRunner:Run () (at Assets/Editor/ArenaDemoRunner.cs:22)

[Assets/Scripts/UI/HUD/HudController.cs line 28]

Tile_0_0: Destroy may not be called from edit mode! Use DestroyImmediate instead.
Destroying an object in edit mode destroys it permanently
UnityEngine.Debug:ExtractStackTraceNoAlloc (byte*,int,string)
UnityEngine.StackTraceUtility:ExtractStackTrace ()
UnityEngine.Object:Destroy (UnityEngine.Object,single)
UnityEngine.Object:Destroy (UnityEngine.Object)
QuizBattle.Arena.GridController:CreateTile (int,int,UnityEngine.Color) (at Assets/Scripts/Arena/GridController.cs:57)
QuizBattle.Arena.GridController:BuildGrid (int,int,int) (at Assets/Scripts/Arena/GridController.cs:42)
QuizBattle.GameState.GameManager:RunAutoPlayMatch (int,int) (at Assets/Scripts/GameState/GameManager.cs:66)
ArenaDemoRunner:RunScenario (string,int,int,string) (at Assets/Editor/ArenaDemoRunner.cs:40)
ArenaDemoRunner:Run () (at Assets/Editor/ArenaDemoRunner.cs:22)

[Assets/Scripts/Arena/GridController.cs line 42]

Tile_0_1: Destroy may not be called from edit mode! Use DestroyImmediate instead.
Destroying an object in edit mode destroys it permanently
UnityEngine.Debug:ExtractStackTraceNoAlloc (byte*,int,string)
UnityEngine.StackTraceUtility:ExtractStackTrace ()
UnityEngine.Object:Destroy (UnityEngine.Object,single)
UnityEngine.Object:Destroy (UnityEngine.Object)
QuizBattle.Arena.GridController:CreateTile (int,int,UnityEngine.Color) (at Assets/Scripts/Arena/GridController.cs:57)
QuizBattle.Arena.GridController:BuildGrid (int,int,int) (at Assets/Scripts/Arena/GridController.cs:42)
QuizBattle.GameState.GameManager:RunAutoPlayMatch (int,int) (at Assets/Scripts/GameState/GameManager.cs:66)
ArenaDemoRunner:RunScenario (string,int,int,string) (at Assets/Editor/ArenaDemoRunner.cs:40)
ArenaDemoRunner:Run () (at Assets/Editor/ArenaDemoRunner.cs:22)

[Assets/Scripts/Arena/GridController.cs line 42]

Tile_0_2: Destroy may not be called from edit mode! Use DestroyImmediate instead.
Destroying an object in edit mode destroys it permanently
UnityEngine.Debug:ExtractStackTraceNoAlloc (byte*,int,string)
UnityEngine.StackTraceUtility:ExtractStackTrace ()
UnityEngine.Object:Destroy (UnityEngine.Object,single)
UnityEngine.Object:Destroy (UnityEngine.Object)
QuizBattle.Arena.GridController:CreateTile (int,int,UnityEngine.Color) (at Assets/Scripts/Arena/GridController.cs:57)
QuizBattle.Arena.GridController:BuildGrid (int,int,int) (at Assets/Scripts/Arena/GridController.cs:42)
QuizBattle.GameState.GameManager:RunAutoPlayMatch (int,int) (at Assets/Scripts/GameState/GameManager.cs:66)
ArenaDemoRunner:RunScenario (string,int,int,string) (at Assets/Editor/ArenaDemoRunner.cs:40)
ArenaDemoRunner:Run () (at Assets/Editor/ArenaDemoRunner.cs:22)

[Assets/Scripts/Arena/GridController.cs line 42]

Tile_0_3: Destroy may not be called from edit mode! Use DestroyImmediate instead.
Destroying an object in edit mode destroys it permanently
UnityEngine.Debug:ExtractStackTraceNoAlloc (byte*,int,string)
UnityEngine.StackTraceUtility:ExtractStackTrace ()
UnityEngine.Object:Destroy (UnityEngine.Object,single)
UnityEngine.Object:Destroy (UnityEngine.Object)
QuizBattle.Arena.GridController:CreateTile (int,int,UnityEngine.Color) (at Assets/Scripts/Arena/GridController.cs:57)
QuizBattle.Arena.GridController:BuildGrid (int,int,int) (at Assets/Scripts/Arena/GridController.cs:42)
QuizBattle.GameState.GameManager:RunAutoPlayMatch (int,int) (at Assets/Scripts/GameState/GameManager.cs:66)
ArenaDemoRunner:RunScenario (string,int,int,string) (at Assets/Editor/ArenaDemoRunner.cs:40)
ArenaDemoRunner:Run () (at Assets/Editor/ArenaDemoRunner.cs:22)

[Assets/Scripts/Arena/GridController.cs line 42]

Tile_0_4: Destroy may not be called from edit mode! Use DestroyImmediate instead.
Destroying an object in edit mode destroys it permanently
UnityEngine.Debug:ExtractStackTraceNoAlloc (byte*,int,string)
UnityEngine.StackTraceUtility:ExtractStackTrace ()
UnityEngine.Object:Destroy (UnityEngine.Object,single)
UnityEngine.Object:Destroy (UnityEngine.Object)
QuizBattle.Arena.GridController:CreateTile (int,int,UnityEngine.Color) (at Assets/Scripts/Arena/GridController.cs:57)
QuizBattle.Arena.GridController:BuildGrid (int,int,int) (at Assets/Scripts/Arena/GridController.cs:42)
QuizBattle.GameState.GameManager:RunAutoPlayMatch (int,int) (at Assets/Scripts/GameState/GameManager.cs:66)
ArenaDemoRunner:RunScenario (string,int,int,string) (at Assets/Editor/ArenaDemoRunner.cs:40)
ArenaDemoRunner:Run () (at Assets/Editor/ArenaDemoRunner.cs:22)

[Assets/Scripts/Arena/GridController.cs line 42]

Tile_0_5: Destroy may not be called from edit mode! Use DestroyImmediate instead.
Destroying an object in edit mode destroys it permanently
UnityEngine.Debug:ExtractStackTraceNoAlloc (byte*,int,string)
UnityEngine.StackTraceUtility:ExtractStackTrace ()
UnityEngine.Object:Destroy (UnityEngine.Object,single)
UnityEngine.Object:Destroy (UnityEngine.Object)
QuizBattle.Arena.GridController:CreateTile (int,int,UnityEngine.Color) (at Assets/Scripts/Arena/GridController.cs:57)
QuizBattle.Arena.GridController:BuildGrid (int,int,int) (at Assets/Scripts/Arena/GridController.cs:42)
QuizBattle.GameState.GameManager:RunAutoPlayMatch (int,int) (at Assets/Scripts/GameState/GameManager.cs:66)
ArenaDemoRunner:RunScenario (string,int,int,string) (at Assets/Editor/ArenaDemoRunner.cs:40)
ArenaDemoRunner:Run () (at Assets/Editor/ArenaDemoRunner.cs:22)

[Assets/Scripts/Arena/GridController.cs line 42]

ZoneGlow_0_5: Destroy may not be called from edit mode! Use DestroyImmediate instead.
Destroying an object in edit mode destroys it permanently
UnityEngine.Debug:ExtractStackTraceNoAlloc (byte*,int,string)
UnityEngine.StackTraceUtility:ExtractStackTrace ()
UnityEngine.Object:Destroy (UnityEngine.Object,single)
UnityEngine.Object:Destroy (UnityEngine.Object)
QuizBattle.Arena.GridController:CreateZoneGlow (int,int) (at Assets/Scripts/Arena/GridController.cs:99)
QuizBattle.Arena.GridController:BuildGrid (int,int,int) (at Assets/Scripts/Arena/GridController.cs:43)
QuizBattle.GameState.GameManager:RunAutoPlayMatch (int,int) (at Assets/Scripts/GameState/GameManager.cs:66)
ArenaDemoRunner:RunScenario (string,int,int,string) (at Assets/Editor/ArenaDemoRunner.cs:40)
ArenaDemoRunner:Run () (at Assets/Editor/ArenaDemoRunner.cs:22)

[Assets/Scripts/Arena/GridController.cs line 99]

Tile_1_0: Destroy may not be called from edit mode! Use DestroyImmediate instead.
Destroying an object in edit mode destroys it permanently
UnityEngine.Debug:ExtractStackTraceNoAlloc (byte*,int,string)
UnityEngine.StackTraceUtility:ExtractStackTrace ()
UnityEngine.Object:Destroy (UnityEngine.Object,single)
UnityEngine.Object:Destroy (UnityEngine.Object)
QuizBattle.Arena.GridController:CreateTile (int,int,UnityEngine.Color) (at Assets/Scripts/Arena/GridController.cs:57)
QuizBattle.Arena.GridController:BuildGrid (int,int,int) (at Assets/Scripts/Arena/GridController.cs:42)
QuizBattle.GameState.GameManager:RunAutoPlayMatch (int,int) (at Assets/Scripts/GameState/GameManager.cs:66)
ArenaDemoRunner:RunScenario (string,int,int,string) (at Assets/Editor/ArenaDemoRunner.cs:40)
ArenaDemoRunner:Run () (at Assets/Editor/ArenaDemoRunner.cs:22)

[Assets/Scripts/Arena/GridController.cs line 42]

Tile_1_1: Destroy may not be called from edit mode! Use DestroyImmediate instead.
Destroying an object in edit mode destroys it permanently
UnityEngine.Debug:ExtractStackTraceNoAlloc (byte*,int,string)
UnityEngine.StackTraceUtility:ExtractStackTrace ()
UnityEngine.Object:Destroy (UnityEngine.Object,single)
UnityEngine.Object:Destroy (UnityEngine.Object)
QuizBattle.Arena.GridController:CreateTile (int,int,UnityEngine.Color) (at Assets/Scripts/Arena/GridController.cs:57)
QuizBattle.Arena.GridController:BuildGrid (int,int,int) (at Assets/Scripts/Arena/GridController.cs:42)
QuizBattle.GameState.GameManager:RunAutoPlayMatch (int,int) (at Assets/Scripts/GameState/GameManager.cs:66)
ArenaDemoRunner:RunScenario (string,int,int,string) (at Assets/Editor/ArenaDemoRunner.cs:40)
ArenaDemoRunner:Run () (at Assets/Editor/ArenaDemoRunner.cs:22)

[Assets/Scripts/Arena/GridController.cs line 42]

Tile_1_2: Destroy may not be called from edit mode! Use DestroyImmediate instead.
Destroying an object in edit mode destroys it permanently
UnityEngine.Debug:ExtractStackTraceNoAlloc (byte*,int,string)
UnityEngine.StackTraceUtility:ExtractStackTrace ()
UnityEngine.Object:Destroy (UnityEngine.Object,single)
UnityEngine.Object:Destroy (UnityEngine.Object)
QuizBattle.Arena.GridController:CreateTile (int,int,UnityEngine.Color) (at Assets/Scripts/Arena/GridController.cs:57)
QuizBattle.Arena.GridController:BuildGrid (int,int,int) (at Assets/Scripts/Arena/GridController.cs:42)
QuizBattle.GameState.GameManager:RunAutoPlayMatch (int,int) (at Assets/Scripts/GameState/GameManager.cs:66)
ArenaDemoRunner:RunScenario (string,int,int,string) (at Assets/Editor/ArenaDemoRunner.cs:40)
ArenaDemoRunner:Run () (at Assets/Editor/ArenaDemoRunner.cs:22)

[Assets/Scripts/Arena/GridController.cs line 42]

Tile_1_3: Destroy may not be called from edit mode! Use DestroyImmediate instead.
Destroying an object in edit mode destroys it permanently
UnityEngine.Debug:ExtractStackTraceNoAlloc (byte*,int,string)
UnityEngine.StackTraceUtility:ExtractStackTrace ()
UnityEngine.Object:Destroy (UnityEngine.Object,single)
UnityEngine.Object:Destroy (UnityEngine.Object)
QuizBattle.Arena.GridController:CreateTile (int,int,UnityEngine.Color) (at Assets/Scripts/Arena/GridController.cs:57)
QuizBattle.Arena.GridController:BuildGrid (int,int,int) (at Assets/Scripts/Arena/GridController.cs:42)
QuizBattle.GameState.GameManager:RunAutoPlayMatch (int,int) (at Assets/Scripts/GameState/GameManager.cs:66)
ArenaDemoRunner:RunScenario (string,int,int,string) (at Assets/Editor/ArenaDemoRunner.cs:40)
ArenaDemoRunner:Run () (at Assets/Editor/ArenaDemoRunner.cs:22)

[Assets/Scripts/Arena/GridController.cs line 42]

Tile_1_4: Destroy may not be called from edit mode! Use DestroyImmediate instead.
Destroying an object in edit mode destroys it permanently
UnityEngine.Debug:ExtractStackTraceNoAlloc (byte*,int,string)
UnityEngine.StackTraceUtility:ExtractStackTrace ()
UnityEngine.Object:Destroy (UnityEngine.Object,single)
UnityEngine.Object:Destroy (UnityEngine.Object)
QuizBattle.Arena.GridController:CreateTile (int,int,UnityEngine.Color) (at Assets/Scripts/Arena/GridController.cs:57)
QuizBattle.Arena.GridController:BuildGrid (int,int,int) (at Assets/Scripts/Arena/GridController.cs:42)
QuizBattle.GameState.GameManager:RunAutoPlayMatch (int,int) (at Assets/Scripts/GameState/GameManager.cs:66)
ArenaDemoRunner:RunScenario (string,int,int,string) (at Assets/Editor/ArenaDemoRunner.cs:40)
ArenaDemoRunner:Run () (at Assets/Editor/ArenaDemoRunner.cs:22)

[Assets/Scripts/Arena/GridController.cs line 42]

Tile_1_5: Destroy may not be called from edit mode! Use DestroyImmediate instead.
Destroying an object in edit mode destroys it permanently
UnityEngine.Debug:ExtractStackTraceNoAlloc (byte*,int,string)
UnityEngine.StackTraceUtility:ExtractStackTrace ()
UnityEngine.Object:Destroy (UnityEngine.Object,single)
UnityEngine.Object:Destroy (UnityEngine.Object)
QuizBattle.Arena.GridController:CreateTile (int,int,UnityEngine.Color) (at Assets/Scripts/Arena/GridController.cs:57)
QuizBattle.Arena.GridController:BuildGrid (int,int,int) (at Assets/Scripts/Arena/GridController.cs:42)
QuizBattle.GameState.GameManager:RunAutoPlayMatch (int,int) (at Assets/Scripts/GameState/GameManager.cs:66)
ArenaDemoRunner:RunScenario (string,int,int,string) (at Assets/Editor/ArenaDemoRunner.cs:40)
ArenaDemoRunner:Run () (at Assets/Editor/ArenaDemoRunner.cs:22)

[Assets/Scripts/Arena/GridController.cs line 42]

ZoneGlow_1_5: Destroy may not be called from edit mode! Use DestroyImmediate instead.
Destroying an object in edit mode destroys it permanently
UnityEngine.Debug:ExtractStackTraceNoAlloc (byte*,int,string)
UnityEngine.StackTraceUtility:ExtractStackTrace ()
UnityEngine.Object:Destroy (UnityEngine.Object,single)
UnityEngine.Object:Destroy (UnityEngine.Object)
QuizBattle.Arena.GridController:CreateZoneGlow (int,int) (at Assets/Scripts/Arena/GridController.cs:99)
QuizBattle.Arena.GridController:BuildGrid (int,int,int) (at Assets/Scripts/Arena/GridController.cs:43)
QuizBattle.GameState.GameManager:RunAutoPlayMatch (int,int) (at Assets/Scripts/GameState/GameManager.cs:66)
ArenaDemoRunner:RunScenario (string,int,int,string) (at Assets/Editor/ArenaDemoRunner.cs:40)
ArenaDemoRunner:Run () (at Assets/Editor/ArenaDemoRunner.cs:22)

[Assets/Scripts/Arena/GridController.cs line 99]

Tile_2_0: Destroy may not be called from edit mode! Use DestroyImmediate instead.
Destroying an object in edit mode destroys it permanently
UnityEngine.Debug:ExtractStackTraceNoAlloc (byte*,int,string)
UnityEngine.StackTraceUtility:ExtractStackTrace ()
UnityEngine.Object:Destroy (UnityEngine.Object,single)
UnityEngine.Object:Destroy (UnityEngine.Object)
QuizBattle.Arena.GridController:CreateTile (int,int,UnityEngine.Color) (at Assets/Scripts/Arena/GridController.cs:57)
QuizBattle.Arena.GridController:BuildGrid (int,int,int) (at Assets/Scripts/Arena/GridController.cs:42)
QuizBattle.GameState.GameManager:RunAutoPlayMatch (int,int) (at Assets/Scripts/GameState/GameManager.cs:66)
ArenaDemoRunner:RunScenario (string,int,int,string) (at Assets/Editor/ArenaDemoRunner.cs:40)
ArenaDemoRunner:Run () (at Assets/Editor/ArenaDemoRunner.cs:22)

[Assets/Scripts/Arena/GridController.cs line 42]

Tile_2_1: Destroy may not be called from edit mode! Use DestroyImmediate instead.
Destroying an object in edit mode destroys it permanently
UnityEngine.Debug:ExtractStackTraceNoAlloc (byte*,int,string)
UnityEngine.StackTraceUtility:ExtractStackTrace ()
UnityEngine.Object:Destroy (UnityEngine.Object,single)
UnityEngine.Object:Destroy (UnityEngine.Object)
QuizBattle.Arena.GridController:CreateTile (int,int,UnityEngine.Color) (at Assets/Scripts/Arena/GridController.cs:57)
QuizBattle.Arena.GridController:BuildGrid (int,int,int) (at Assets/Scripts/Arena/GridController.cs:42)
QuizBattle.GameState.GameManager:RunAutoPlayMatch (int,int) (at Assets/Scripts/GameState/GameManager.cs:66)
ArenaDemoRunner:RunScenario (string,int,int,string) (at Assets/Editor/ArenaDemoRunner.cs:40)
ArenaDemoRunner:Run () (at Assets/Editor/ArenaDemoRunner.cs:22)

[Assets/Scripts/Arena/GridController.cs line 42]

Tile_2_2: Destroy may not be called from edit mode! Use DestroyImmediate instead.
Destroying an object in edit mode destroys it permanently
UnityEngine.Debug:ExtractStackTraceNoAlloc (byte*,int,string)
UnityEngine.StackTraceUtility:ExtractStackTrace ()
UnityEngine.Object:Destroy (UnityEngine.Object,single)
UnityEngine.Object:Destroy (UnityEngine.Object)
QuizBattle.Arena.GridController:CreateTile (int,int,UnityEngine.Color) (at Assets/Scripts/Arena/GridController.cs:57)
QuizBattle.Arena.GridController:BuildGrid (int,int,int) (at Assets/Scripts/Arena/GridController.cs:42)
QuizBattle.GameState.GameManager:RunAutoPlayMatch (int,int) (at Assets/Scripts/GameState/GameManager.cs:66)
ArenaDemoRunner:RunScenario (string,int,int,string) (at Assets/Editor/ArenaDemoRunner.cs:40)
ArenaDemoRunner:Run () (at Assets/Editor/ArenaDemoRunner.cs:22)

[Assets/Scripts/Arena/GridController.cs line 42]

Tile_2_3: Destroy may not be called from edit mode! Use DestroyImmediate instead.
Destroying an object in edit mode destroys it permanently
UnityEngine.Debug:ExtractStackTraceNoAlloc (byte*,int,string)
UnityEngine.StackTraceUtility:ExtractStackTrace ()
UnityEngine.Object:Destroy (UnityEngine.Object,single)
UnityEngine.Object:Destroy (UnityEngine.Object)
QuizBattle.Arena.GridController:CreateTile (int,int,UnityEngine.Color) (at Assets/Scripts/Arena/GridController.cs:57)
QuizBattle.Arena.GridController:BuildGrid (int,int,int) (at Assets/Scripts/Arena/GridController.cs:42)
QuizBattle.GameState.GameManager:RunAutoPlayMatch (int,int) (at Assets/Scripts/GameState/GameManager.cs:66)
ArenaDemoRunner:RunScenario (string,int,int,string) (at Assets/Editor/ArenaDemoRunner.cs:40)
ArenaDemoRunner:Run () (at Assets/Editor/ArenaDemoRunner.cs:22)

[Assets/Scripts/Arena/GridController.cs line 42]

Tile_2_4: Destroy may not be called from edit mode! Use DestroyImmediate instead.
Destroying an object in edit mode destroys it permanently
UnityEngine.Debug:ExtractStackTraceNoAlloc (byte*,int,string)
UnityEngine.StackTraceUtility:ExtractStackTrace ()
UnityEngine.Object:Destroy (UnityEngine.Object,single)
UnityEngine.Object:Destroy (UnityEngine.Object)
QuizBattle.Arena.GridController:CreateTile (int,int,UnityEngine.Color) (at Assets/Scripts/Arena/GridController.cs:57)
QuizBattle.Arena.GridController:BuildGrid (int,int,int) (at Assets/Scripts/Arena/GridController.cs:42)
QuizBattle.GameState.GameManager:RunAutoPlayMatch (int,int) (at Assets/Scripts/GameState/GameManager.cs:66)
ArenaDemoRunner:RunScenario (string,int,int,string) (at Assets/Editor/ArenaDemoRunner.cs:40)
ArenaDemoRunner:Run () (at Assets/Editor/ArenaDemoRunner.cs:22)

[Assets/Scripts/Arena/GridController.cs line 42]

Tile_2_5: Destroy may not be called from edit mode! Use DestroyImmediate instead.
Destroying an object in edit mode destroys it permanently
UnityEngine.Debug:ExtractStackTraceNoAlloc (byte*,int,string)
UnityEngine.StackTraceUtility:ExtractStackTrace ()
UnityEngine.Object:Destroy (UnityEngine.Object,single)
UnityEngine.Object:Destroy (UnityEngine.Object)
QuizBattle.Arena.GridController:CreateTile (int,int,UnityEngine.Color) (at Assets/Scripts/Arena/GridController.cs:57)
QuizBattle.Arena.GridController:BuildGrid (int,int,int) (at Assets/Scripts/Arena/GridController.cs:42)
QuizBattle.GameState.GameManager:RunAutoPlayMatch (int,int) (at Assets/Scripts/GameState/GameManager.cs:66)
ArenaDemoRunner:RunScenario (string,int,int,string) (at Assets/Editor/ArenaDemoRunner.cs:40)
ArenaDemoRunner:Run () (at Assets/Editor/ArenaDemoRunner.cs:22)

[Assets/Scripts/Arena/GridController.cs line 42]

ZoneGlow_2_5: Destroy may not be called from edit mode! Use DestroyImmediate instead.
Destroying an object in edit mode destroys it permanently
UnityEngine.Debug:ExtractStackTraceNoAlloc (byte*,int,string)
UnityEngine.StackTraceUtility:ExtractStackTrace ()
UnityEngine.Object:Destroy (UnityEngine.Object,single)
UnityEngine.Object:Destroy (UnityEngine.Object)
QuizBattle.Arena.GridController:CreateZoneGlow (int,int) (at Assets/Scripts/Arena/GridController.cs:99)
QuizBattle.Arena.GridController:BuildGrid (int,int,int) (at Assets/Scripts/Arena/GridController.cs:43)
QuizBattle.GameState.GameManager:RunAutoPlayMatch (int,int) (at Assets/Scripts/GameState/GameManager.cs:66)
ArenaDemoRunner:RunScenario (string,int,int,string) (at Assets/Editor/ArenaDemoRunner.cs:40)
ArenaDemoRunner:Run () (at Assets/Editor/ArenaDemoRunner.cs:22)

[Assets/Scripts/Arena/GridController.cs line 99]

Tile_3_0: Destroy may not be called from edit mode! Use DestroyImmediate instead.
Destroying an object in edit mode destroys it permanently
UnityEngine.Debug:ExtractStackTraceNoAlloc (byte*,int,string)
UnityEngine.StackTraceUtility:ExtractStackTrace ()
UnityEngine.Object:Destroy (UnityEngine.Object,single)
UnityEngine.Object:Destroy (UnityEngine.Object)
QuizBattle.Arena.GridController:CreateTile (int,int,UnityEngine.Color) (at Assets/Scripts/Arena/GridController.cs:57)
QuizBattle.Arena.GridController:BuildGrid (int,int,int) (at Assets/Scripts/Arena/GridController.cs:42)
QuizBattle.GameState.GameManager:RunAutoPlayMatch (int,int) (at Assets/Scripts/GameState/GameManager.cs:66)
ArenaDemoRunner:RunScenario (string,int,int,string) (at Assets/Editor/ArenaDemoRunner.cs:40)
ArenaDemoRunner:Run () (at Assets/Editor/ArenaDemoRunner.cs:22)

[Assets/Scripts/Arena/GridController.cs line 42]

Tile_3_1: Destroy may not be called from edit mode! Use DestroyImmediate instead.
Destroying an object in edit mode destroys it permanently
UnityEngine.Debug:ExtractStackTraceNoAlloc (byte*,int,string)
UnityEngine.StackTraceUtility:ExtractStackTrace ()
UnityEngine.Object:Destroy (UnityEngine.Object,single)
UnityEngine.Object:Destroy (UnityEngine.Object)
QuizBattle.Arena.GridController:CreateTile (int,int,UnityEngine.Color) (at Assets/Scripts/Arena/GridController.cs:57)
QuizBattle.Arena.GridController:BuildGrid (int,int,int) (at Assets/Scripts/Arena/GridController.cs:42)
QuizBattle.GameState.GameManager:RunAutoPlayMatch (int,int) (at Assets/Scripts/GameState/GameManager.cs:66)
ArenaDemoRunner:RunScenario (string,int,int,string) (at Assets/Editor/ArenaDemoRunner.cs:40)
ArenaDemoRunner:Run () (at Assets/Editor/ArenaDemoRunner.cs:22)

[Assets/Scripts/Arena/GridController.cs line 42]

Tile_3_2: Destroy may not be called from edit mode! Use DestroyImmediate instead.
Destroying an object in edit mode destroys it permanently
UnityEngine.Debug:ExtractStackTraceNoAlloc (byte*,int,string)
UnityEngine.StackTraceUtility:ExtractStackTrace ()
UnityEngine.Object:Destroy (UnityEngine.Object,single)
UnityEngine.Object:Destroy (UnityEngine.Object)
QuizBattle.Arena.GridController:CreateTile (int,int,UnityEngine.Color) (at Assets/Scripts/Arena/GridController.cs:57)
QuizBattle.Arena.GridController:BuildGrid (int,int,int) (at Assets/Scripts/Arena/GridController.cs:42)
QuizBattle.GameState.GameManager:RunAutoPlayMatch (int,int) (at Assets/Scripts/GameState/GameManager.cs:66)
ArenaDemoRunner:RunScenario (string,int,int,string) (at Assets/Editor/ArenaDemoRunner.cs:40)
ArenaDemoRunner:Run () (at Assets/Editor/ArenaDemoRunner.cs:22)

[Assets/Scripts/Arena/GridController.cs line 42]

Tile_3_3: Destroy may not be called from edit mode! Use DestroyImmediate instead.
Destroying an object in edit mode destroys it permanently
UnityEngine.Debug:ExtractStackTraceNoAlloc (byte*,int,string)
UnityEngine.StackTraceUtility:ExtractStackTrace ()
UnityEngine.Object:Destroy (UnityEngine.Object,single)
UnityEngine.Object:Destroy (UnityEngine.Object)
QuizBattle.Arena.GridController:CreateTile (int,int,UnityEngine.Color) (at Assets/Scripts/Arena/GridController.cs:57)
QuizBattle.Arena.GridController:BuildGrid (int,int,int) (at Assets/Scripts/Arena/GridController.cs:42)
QuizBattle.GameState.GameManager:RunAutoPlayMatch (int,int) (at Assets/Scripts/GameState/GameManager.cs:66)
ArenaDemoRunner:RunScenario (string,int,int,string) (at Assets/Editor/ArenaDemoRunner.cs:40)
ArenaDemoRunner:Run () (at Assets/Editor/ArenaDemoRunner.cs:22)

[Assets/Scripts/Arena/GridController.cs line 42]

Tile_3_4: Destroy may not be called from edit mode! Use DestroyImmediate instead.
Destroying an object in edit mode destroys it permanently
UnityEngine.Debug:ExtractStackTraceNoAlloc (byte*,int,string)
UnityEngine.StackTraceUtility:ExtractStackTrace ()
UnityEngine.Object:Destroy (UnityEngine.Object,single)
UnityEngine.Object:Destroy (UnityEngine.Object)
QuizBattle.Arena.GridController:CreateTile (int,int,UnityEngine.Color) (at Assets/Scripts/Arena/GridController.cs:57)
QuizBattle.Arena.GridController:BuildGrid (int,int,int) (at Assets/Scripts/Arena/GridController.cs:42)
QuizBattle.GameState.GameManager:RunAutoPlayMatch (int,int) (at Assets/Scripts/GameState/GameManager.cs:66)
ArenaDemoRunner:RunScenario (string,int,int,string) (at Assets/Editor/ArenaDemoRunner.cs:40)
ArenaDemoRunner:Run () (at Assets/Editor/ArenaDemoRunner.cs:22)

[Assets/Scripts/Arena/GridController.cs line 42]

Tile_3_5: Destroy may not be called from edit mode! Use DestroyImmediate instead.
Destroying an object in edit mode destroys it permanently
UnityEngine.Debug:ExtractStackTraceNoAlloc (byte*,int,string)
UnityEngine.StackTraceUtility:ExtractStackTrace ()
UnityEngine.Object:Destroy (UnityEngine.Object,single)
UnityEngine.Object:Destroy (UnityEngine.Object)
QuizBattle.Arena.GridController:CreateTile (int,int,UnityEngine.Color) (at Assets/Scripts/Arena/GridController.cs:57)
QuizBattle.Arena.GridController:BuildGrid (int,int,int) (at Assets/Scripts/Arena/GridController.cs:42)
QuizBattle.GameState.GameManager:RunAutoPlayMatch (int,int) (at Assets/Scripts/GameState/GameManager.cs:66)
ArenaDemoRunner:RunScenario (string,int,int,string) (at Assets/Editor/ArenaDemoRunner.cs:40)
ArenaDemoRunner:Run () (at Assets/Editor/ArenaDemoRunner.cs:22)

[Assets/Scripts/Arena/GridController.cs line 42]

ZoneGlow_3_5: Destroy may not be called from edit mode! Use DestroyImmediate instead.
Destroying an object in edit mode destroys it permanently
UnityEngine.Debug:ExtractStackTraceNoAlloc (byte*,int,string)
UnityEngine.StackTraceUtility:ExtractStackTrace ()
UnityEngine.Object:Destroy (UnityEngine.Object,single)
UnityEngine.Object:Destroy (UnityEngine.Object)
QuizBattle.Arena.GridController:CreateZoneGlow (int,int) (at Assets/Scripts/Arena/GridController.cs:99)
QuizBattle.Arena.GridController:BuildGrid (int,int,int) (at Assets/Scripts/Arena/GridController.cs:43)
QuizBattle.GameState.GameManager:RunAutoPlayMatch (int,int) (at Assets/Scripts/GameState/GameManager.cs:66)
ArenaDemoRunner:RunScenario (string,int,int,string) (at Assets/Editor/ArenaDemoRunner.cs:40)
ArenaDemoRunner:Run () (at Assets/Editor/ArenaDemoRunner.cs:22)

[Assets/Scripts/Arena/GridController.cs line 99]

Tile_4_0: Destroy may not be called from edit mode! Use DestroyImmediate instead.
Destroying an object in edit mode destroys it permanently
UnityEngine.Debug:ExtractStackTraceNoAlloc (byte*,int,string)
UnityEngine.StackTraceUtility:ExtractStackTrace ()
UnityEngine.Object:Destroy (UnityEngine.Object,single)
UnityEngine.Object:Destroy (UnityEngine.Object)
QuizBattle.Arena.GridController:CreateTile (int,int,UnityEngine.Color) (at Assets/Scripts/Arena/GridController.cs:57)
QuizBattle.Arena.GridController:BuildGrid (int,int,int) (at Assets/Scripts/Arena/GridController.cs:42)
QuizBattle.GameState.GameManager:RunAutoPlayMatch (int,int) (at Assets/Scripts/GameState/GameManager.cs:66)
ArenaDemoRunner:RunScenario (string,int,int,string) (at Assets/Editor/ArenaDemoRunner.cs:40)
ArenaDemoRunner:Run () (at Assets/Editor/ArenaDemoRunner.cs:22)

[Assets/Scripts/Arena/GridController.cs line 42]

Tile_4_1: Destroy may not be called from edit mode! Use DestroyImmediate instead.
Destroying an object in edit mode destroys it permanently
UnityEngine.Debug:ExtractStackTraceNoAlloc (byte*,int,string)
UnityEngine.StackTraceUtility:ExtractStackTrace ()
UnityEngine.Object:Destroy (UnityEngine.Object,single)
UnityEngine.Object:Destroy (UnityEngine.Object)
QuizBattle.Arena.GridController:CreateTile (int,int,UnityEngine.Color) (at Assets/Scripts/Arena/GridController.cs:57)
QuizBattle.Arena.GridController:BuildGrid (int,int,int) (at Assets/Scripts/Arena/GridController.cs:42)
QuizBattle.GameState.GameManager:RunAutoPlayMatch (int,int) (at Assets/Scripts/GameState/GameManager.cs:66)
ArenaDemoRunner:RunScenario (string,int,int,string) (at Assets/Editor/ArenaDemoRunner.cs:40)
ArenaDemoRunner:Run () (at Assets/Editor/ArenaDemoRunner.cs:22)

[Assets/Scripts/Arena/GridController.cs line 42]

Tile_4_2: Destroy may not be called from edit mode! Use DestroyImmediate instead.
Destroying an object in edit mode destroys it permanently
UnityEngine.Debug:ExtractStackTraceNoAlloc (byte*,int,string)
UnityEngine.StackTraceUtility:ExtractStackTrace ()
UnityEngine.Object:Destroy (UnityEngine.Object,single)
UnityEngine.Object:Destroy (UnityEngine.Object)
QuizBattle.Arena.GridController:CreateTile (int,int,UnityEngine.Color) (at Assets/Scripts/Arena/GridController.cs:57)
QuizBattle.Arena.GridController:BuildGrid (int,int,int) (at Assets/Scripts/Arena/GridController.cs:42)
QuizBattle.GameState.GameManager:RunAutoPlayMatch (int,int) (at Assets/Scripts/GameState/GameManager.cs:66)
ArenaDemoRunner:RunScenario (string,int,int,string) (at Assets/Editor/ArenaDemoRunner.cs:40)
ArenaDemoRunner:Run () (at Assets/Editor/ArenaDemoRunner.cs:22)

[Assets/Scripts/Arena/GridController.cs line 42]

Tile_4_3: Destroy may not be called from edit mode! Use DestroyImmediate instead.
Destroying an object in edit mode destroys it permanently
UnityEngine.Debug:ExtractStackTraceNoAlloc (byte*,int,string)
UnityEngine.StackTraceUtility:ExtractStackTrace ()
UnityEngine.Object:Destroy (UnityEngine.Object,single)
UnityEngine.Object:Destroy (UnityEngine.Object)
QuizBattle.Arena.GridController:CreateTile (int,int,UnityEngine.Color) (at Assets/Scripts/Arena/GridController.cs:57)
QuizBattle.Arena.GridController:BuildGrid (int,int,int) (at Assets/Scripts/Arena/GridController.cs:42)
QuizBattle.GameState.GameManager:RunAutoPlayMatch (int,int) (at Assets/Scripts/GameState/GameManager.cs:66)
ArenaDemoRunner:RunScenario (string,int,int,string) (at Assets/Editor/ArenaDemoRunner.cs:40)
ArenaDemoRunner:Run () (at Assets/Editor/ArenaDemoRunner.cs:22)

[Assets/Scripts/Arena/GridController.cs line 42]

Tile_4_4: Destroy may not be called from edit mode! Use DestroyImmediate instead.
Destroying an object in edit mode destroys it permanently
UnityEngine.Debug:ExtractStackTraceNoAlloc (byte*,int,string)
UnityEngine.StackTraceUtility:ExtractStackTrace ()
UnityEngine.Object:Destroy (UnityEngine.Object,single)
UnityEngine.Object:Destroy (UnityEngine.Object)
QuizBattle.Arena.GridController:CreateTile (int,int,UnityEngine.Color) (at Assets/Scripts/Arena/GridController.cs:57)
QuizBattle.Arena.GridController:BuildGrid (int,int,int) (at Assets/Scripts/Arena/GridController.cs:42)
QuizBattle.GameState.GameManager:RunAutoPlayMatch (int,int) (at Assets/Scripts/GameState/GameManager.cs:66)
ArenaDemoRunner:RunScenario (string,int,int,string) (at Assets/Editor/ArenaDemoRunner.cs:40)
ArenaDemoRunner:Run () (at Assets/Editor/ArenaDemoRunner.cs:22)

[Assets/Scripts/Arena/GridController.cs line 42]

Tile_4_5: Destroy may not be called from edit mode! Use DestroyImmediate instead.
Destroying an object in edit mode destroys it permanently
UnityEngine.Debug:ExtractStackTraceNoAlloc (byte*,int,string)
UnityEngine.StackTraceUtility:ExtractStackTrace ()
UnityEngine.Object:Destroy (UnityEngine.Object,single)
UnityEngine.Object:Destroy (UnityEngine.Object)
QuizBattle.Arena.GridController:CreateTile (int,int,UnityEngine.Color) (at Assets/Scripts/Arena/GridController.cs:57)
QuizBattle.Arena.GridController:BuildGrid (int,int,int) (at Assets/Scripts/Arena/GridController.cs:42)
QuizBattle.GameState.GameManager:RunAutoPlayMatch (int,int) (at Assets/Scripts/GameState/GameManager.cs:66)
ArenaDemoRunner:RunScenario (string,int,int,string) (at Assets/Editor/ArenaDemoRunner.cs:40)
ArenaDemoRunner:Run () (at Assets/Editor/ArenaDemoRunner.cs:22)

[Assets/Scripts/Arena/GridController.cs line 42]

ZoneGlow_4_5: Destroy may not be called from edit mode! Use DestroyImmediate instead.
Destroying an object in edit mode destroys it permanently
UnityEngine.Debug:ExtractStackTraceNoAlloc (byte*,int,string)
UnityEngine.StackTraceUtility:ExtractStackTrace ()
UnityEngine.Object:Destroy (UnityEngine.Object,single)
UnityEngine.Object:Destroy (UnityEngine.Object)
QuizBattle.Arena.GridController:CreateZoneGlow (int,int) (at Assets/Scripts/Arena/GridController.cs:99)
QuizBattle.Arena.GridController:BuildGrid (int,int,int) (at Assets/Scripts/Arena/GridController.cs:43)
QuizBattle.GameState.GameManager:RunAutoPlayMatch (int,int) (at Assets/Scripts/GameState/GameManager.cs:66)
ArenaDemoRunner:RunScenario (string,int,int,string) (at Assets/Editor/ArenaDemoRunner.cs:40)
ArenaDemoRunner:Run () (at Assets/Editor/ArenaDemoRunner.cs:22)

[Assets/Scripts/Arena/GridController.cs line 99]

Tile_5_0: Destroy may not be called from edit mode! Use DestroyImmediate instead.
Destroying an object in edit mode destroys it permanently
UnityEngine.Debug:ExtractStackTraceNoAlloc (byte*,int,string)
UnityEngine.StackTraceUtility:ExtractStackTrace ()
UnityEngine.Object:Destroy (UnityEngine.Object,single)
UnityEngine.Object:Destroy (UnityEngine.Object)
QuizBattle.Arena.GridController:CreateTile (int,int,UnityEngine.Color) (at Assets/Scripts/Arena/GridController.cs:57)
QuizBattle.Arena.GridController:BuildGrid (int,int,int) (at Assets/Scripts/Arena/GridController.cs:42)
QuizBattle.GameState.GameManager:RunAutoPlayMatch (int,int) (at Assets/Scripts/GameState/GameManager.cs:66)
ArenaDemoRunner:RunScenario (string,int,int,string) (at Assets/Editor/ArenaDemoRunner.cs:40)
ArenaDemoRunner:Run () (at Assets/Editor/ArenaDemoRunner.cs:22)

[Assets/Scripts/Arena/GridController.cs line 42]

Tile_5_1: Destroy may not be called from edit mode! Use DestroyImmediate instead.
Destroying an object in edit mode destroys it permanently
UnityEngine.Debug:ExtractStackTraceNoAlloc (byte*,int,string)
UnityEngine.StackTraceUtility:ExtractStackTrace ()
UnityEngine.Object:Destroy (UnityEngine.Object,single)
UnityEngine.Object:Destroy (UnityEngine.Object)
QuizBattle.Arena.GridController:CreateTile (int,int,UnityEngine.Color) (at Assets/Scripts/Arena/GridController.cs:57)
QuizBattle.Arena.GridController:BuildGrid (int,int,int) (at Assets/Scripts/Arena/GridController.cs:42)
QuizBattle.GameState.GameManager:RunAutoPlayMatch (int,int) (at Assets/Scripts/GameState/GameManager.cs:66)
ArenaDemoRunner:RunScenario (string,int,int,string) (at Assets/Editor/ArenaDemoRunner.cs:40)
ArenaDemoRunner:Run () (at Assets/Editor/ArenaDemoRunner.cs:22)

[Assets/Scripts/Arena/GridController.cs line 42]

Tile_5_2: Destroy may not be called from edit mode! Use DestroyImmediate instead.
Destroying an object in edit mode destroys it permanently
UnityEngine.Debug:ExtractStackTraceNoAlloc (byte*,int,string)
UnityEngine.StackTraceUtility:ExtractStackTrace ()
UnityEngine.Object:Destroy (UnityEngine.Object,single)
UnityEngine.Object:Destroy (UnityEngine.Object)
QuizBattle.Arena.GridController:CreateTile (int,int,UnityEngine.Color) (at Assets/Scripts/Arena/GridController.cs:57)
QuizBattle.Arena.GridController:BuildGrid (int,int,int) (at Assets/Scripts/Arena/GridController.cs:42)
QuizBattle.GameState.GameManager:RunAutoPlayMatch (int,int) (at Assets/Scripts/GameState/GameManager.cs:66)
ArenaDemoRunner:RunScenario (string,int,int,string) (at Assets/Editor/ArenaDemoRunner.cs:40)
ArenaDemoRunner:Run () (at Assets/Editor/ArenaDemoRunner.cs:22)

[Assets/Scripts/Arena/GridController.cs line 42]

Tile_5_3: Destroy may not be called from edit mode! Use DestroyImmediate instead.
Destroying an object in edit mode destroys it permanently
UnityEngine.Debug:ExtractStackTraceNoAlloc (byte*,int,string)
UnityEngine.StackTraceUtility:ExtractStackTrace ()
UnityEngine.Object:Destroy (UnityEngine.Object,single)
UnityEngine.Object:Destroy (UnityEngine.Object)
QuizBattle.Arena.GridController:CreateTile (int,int,UnityEngine.Color) (at Assets/Scripts/Arena/GridController.cs:57)
QuizBattle.Arena.GridController:BuildGrid (int,int,int) (at Assets/Scripts/Arena/GridController.cs:42)
QuizBattle.GameState.GameManager:RunAutoPlayMatch (int,int) (at Assets/Scripts/GameState/GameManager.cs:66)
ArenaDemoRunner:RunScenario (string,int,int,string) (at Assets/Editor/ArenaDemoRunner.cs:40)
ArenaDemoRunner:Run () (at Assets/Editor/ArenaDemoRunner.cs:22)

[Assets/Scripts/Arena/GridController.cs line 42]

Tile_5_4: Destroy may not be called from edit mode! Use DestroyImmediate instead.
Destroying an object in edit mode destroys it permanently
UnityEngine.Debug:ExtractStackTraceNoAlloc (byte*,int,string)
UnityEngine.StackTraceUtility:ExtractStackTrace ()
UnityEngine.Object:Destroy (UnityEngine.Object,single)
UnityEngine.Object:Destroy (UnityEngine.Object)
QuizBattle.Arena.GridController:CreateTile (int,int,UnityEngine.Color) (at Assets/Scripts/Arena/GridController.cs:57)
QuizBattle.Arena.GridController:BuildGrid (int,int,int) (at Assets/Scripts/Arena/GridController.cs:42)
QuizBattle.GameState.GameManager:RunAutoPlayMatch (int,int) (at Assets/Scripts/GameState/GameManager.cs:66)
ArenaDemoRunner:RunScenario (string,int,int,string) (at Assets/Editor/ArenaDemoRunner.cs:40)
ArenaDemoRunner:Run () (at Assets/Editor/ArenaDemoRunner.cs:22)

[Assets/Scripts/Arena/GridController.cs line 42]

Tile_5_5: Destroy may not be called from edit mode! Use DestroyImmediate instead.
Destroying an object in edit mode destroys it permanently
UnityEngine.Debug:ExtractStackTraceNoAlloc (byte*,int,string)
UnityEngine.StackTraceUtility:ExtractStackTrace ()
UnityEngine.Object:Destroy (UnityEngine.Object,single)
UnityEngine.Object:Destroy (UnityEngine.Object)
QuizBattle.Arena.GridController:CreateTile (int,int,UnityEngine.Color) (at Assets/Scripts/Arena/GridController.cs:57)
QuizBattle.Arena.GridController:BuildGrid (int,int,int) (at Assets/Scripts/Arena/GridController.cs:42)
QuizBattle.GameState.GameManager:RunAutoPlayMatch (int,int) (at Assets/Scripts/GameState/GameManager.cs:66)
ArenaDemoRunner:RunScenario (string,int,int,string) (at Assets/Editor/ArenaDemoRunner.cs:40)
ArenaDemoRunner:Run () (at Assets/Editor/ArenaDemoRunner.cs:22)

[Assets/Scripts/Arena/GridController.cs line 42]

ZoneGlow_5_5: Destroy may not be called from edit mode! Use DestroyImmediate instead.
Destroying an object in edit mode destroys it permanently
UnityEngine.Debug:ExtractStackTraceNoAlloc (byte*,int,string)
UnityEngine.StackTraceUtility:ExtractStackTrace ()
UnityEngine.Object:Destroy (UnityEngine.Object,single)
UnityEngine.Object:Destroy (UnityEngine.Object)
QuizBattle.Arena.GridController:CreateZoneGlow (int,int) (at Assets/Scripts/Arena/GridController.cs:99)
QuizBattle.Arena.GridController:BuildGrid (int,int,int) (at Assets/Scripts/Arena/GridController.cs:43)
QuizBattle.GameState.GameManager:RunAutoPlayMatch (int,int) (at Assets/Scripts/GameState/GameManager.cs:66)
ArenaDemoRunner:RunScenario (string,int,int,string) (at Assets/Editor/ArenaDemoRunner.cs:40)
ArenaDemoRunner:Run () (at Assets/Editor/ArenaDemoRunner.cs:22)

[Assets/Scripts/Arena/GridController.cs line 99]

Tile_6_0: Destroy may not be called from edit mode! Use DestroyImmediate instead.
Destroying an object in edit mode destroys it permanently
UnityEngine.Debug:ExtractStackTraceNoAlloc (byte*,int,string)
UnityEngine.StackTraceUtility:ExtractStackTrace ()
UnityEngine.Object:Destroy (UnityEngine.Object,single)
UnityEngine.Object:Destroy (UnityEngine.Object)
QuizBattle.Arena.GridController:CreateTile (int,int,UnityEngine.Color) (at Assets/Scripts/Arena/GridController.cs:57)
QuizBattle.Arena.GridController:BuildGrid (int,int,int) (at Assets/Scripts/Arena/GridController.cs:42)
QuizBattle.GameState.GameManager:RunAutoPlayMatch (int,int) (at Assets/Scripts/GameState/GameManager.cs:66)
ArenaDemoRunner:RunScenario (string,int,int,string) (at Assets/Editor/ArenaDemoRunner.cs:40)
ArenaDemoRunner:Run () (at Assets/Editor/ArenaDemoRunner.cs:22)

[Assets/Scripts/Arena/GridController.cs line 42]

Tile_6_1: Destroy may not be called from edit mode! Use DestroyImmediate instead.
Destroying an object in edit mode destroys it permanently
UnityEngine.Debug:ExtractStackTraceNoAlloc (byte*,int,string)
UnityEngine.StackTraceUtility:ExtractStackTrace ()
UnityEngine.Object:Destroy (UnityEngine.Object,single)
UnityEngine.Object:Destroy (UnityEngine.Object)
QuizBattle.Arena.GridController:CreateTile (int,int,UnityEngine.Color) (at Assets/Scripts/Arena/GridController.cs:57)
QuizBattle.Arena.GridController:BuildGrid (int,int,int) (at Assets/Scripts/Arena/GridController.cs:42)
QuizBattle.GameState.GameManager:RunAutoPlayMatch (int,int) (at Assets/Scripts/GameState/GameManager.cs:66)
ArenaDemoRunner:RunScenario (string,int,int,string) (at Assets/Editor/ArenaDemoRunner.cs:40)
ArenaDemoRunner:Run () (at Assets/Editor/ArenaDemoRunner.cs:22)

[Assets/Scripts/Arena/GridController.cs line 42]

Tile_6_2: Destroy may not be called from edit mode! Use DestroyImmediate instead.
Destroying an object in edit mode destroys it permanently
UnityEngine.Debug:ExtractStackTraceNoAlloc (byte*,int,string)
UnityEngine.StackTraceUtility:ExtractStackTrace ()
UnityEngine.Object:Destroy (UnityEngine.Object,single)
UnityEngine.Object:Destroy (UnityEngine.Object)
QuizBattle.Arena.GridController:CreateTile (int,int,UnityEngine.Color) (at Assets/Scripts/Arena/GridController.cs:57)
QuizBattle.Arena.GridController:BuildGrid (int,int,int) (at Assets/Scripts/Arena/GridController.cs:42)
QuizBattle.GameState.GameManager:RunAutoPlayMatch (int,int) (at Assets/Scripts/GameState/GameManager.cs:66)
ArenaDemoRunner:RunScenario (string,int,int,string) (at Assets/Editor/ArenaDemoRunner.cs:40)
ArenaDemoRunner:Run () (at Assets/Editor/ArenaDemoRunner.cs:22)

[Assets/Scripts/Arena/GridController.cs line 42]

Tile_6_3: Destroy may not be called from edit mode! Use DestroyImmediate instead.
Destroying an object in edit mode destroys it permanently
UnityEngine.Debug:ExtractStackTraceNoAlloc (byte*,int,string)
UnityEngine.StackTraceUtility:ExtractStackTrace ()
UnityEngine.Object:Destroy (UnityEngine.Object,single)
UnityEngine.Object:Destroy (UnityEngine.Object)
QuizBattle.Arena.GridController:CreateTile (int,int,UnityEngine.Color) (at Assets/Scripts/Arena/GridController.cs:57)
QuizBattle.Arena.GridController:BuildGrid (int,int,int) (at Assets/Scripts/Arena/GridController.cs:42)
QuizBattle.GameState.GameManager:RunAutoPlayMatch (int,int) (at Assets/Scripts/GameState/GameManager.cs:66)
ArenaDemoRunner:RunScenario (string,int,int,string) (at Assets/Editor/ArenaDemoRunner.cs:40)
ArenaDemoRunner:Run () (at Assets/Editor/ArenaDemoRunner.cs:22)

[Assets/Scripts/Arena/GridController.cs line 42]

Tile_6_4: Destroy may not be called from edit mode! Use DestroyImmediate instead.
Destroying an object in edit mode destroys it permanently
UnityEngine.Debug:ExtractStackTraceNoAlloc (byte*,int,string)
UnityEngine.StackTraceUtility:ExtractStackTrace ()
UnityEngine.Object:Destroy (UnityEngine.Object,single)
UnityEngine.Object:Destroy (UnityEngine.Object)
QuizBattle.Arena.GridController:CreateTile (int,int,UnityEngine.Color) (at Assets/Scripts/Arena/GridController.cs:57)
QuizBattle.Arena.GridController:BuildGrid (int,int,int) (at Assets/Scripts/Arena/GridController.cs:42)
QuizBattle.GameState.GameManager:RunAutoPlayMatch (int,int) (at Assets/Scripts/GameState/GameManager.cs:66)
ArenaDemoRunner:RunScenario (string,int,int,string) (at Assets/Editor/ArenaDemoRunner.cs:40)
ArenaDemoRunner:Run () (at Assets/Editor/ArenaDemoRunner.cs:22)

[Assets/Scripts/Arena/GridController.cs line 42]

Tile_6_5: Destroy may not be called from edit mode! Use DestroyImmediate instead.
Destroying an object in edit mode destroys it permanently
UnityEngine.Debug:ExtractStackTraceNoAlloc (byte*,int,string)
UnityEngine.StackTraceUtility:ExtractStackTrace ()
UnityEngine.Object:Destroy (UnityEngine.Object,single)
UnityEngine.Object:Destroy (UnityEngine.Object)
QuizBattle.Arena.GridController:CreateTile (int,int,UnityEngine.Color) (at Assets/Scripts/Arena/GridController.cs:57)
QuizBattle.Arena.GridController:BuildGrid (int,int,int) (at Assets/Scripts/Arena/GridController.cs:42)
QuizBattle.GameState.GameManager:RunAutoPlayMatch (int,int) (at Assets/Scripts/GameState/GameManager.cs:66)
ArenaDemoRunner:RunScenario (string,int,int,string) (at Assets/Editor/ArenaDemoRunner.cs:40)
ArenaDemoRunner:Run () (at Assets/Editor/ArenaDemoRunner.cs:22)

[Assets/Scripts/Arena/GridController.cs line 42]

ZoneGlow_6_5: Destroy may not be called from edit mode! Use DestroyImmediate instead.
Destroying an object in edit mode destroys it permanently
UnityEngine.Debug:ExtractStackTraceNoAlloc (byte*,int,string)
UnityEngine.StackTraceUtility:ExtractStackTrace ()
UnityEngine.Object:Destroy (UnityEngine.Object,single)
UnityEngine.Object:Destroy (UnityEngine.Object)
QuizBattle.Arena.GridController:CreateZoneGlow (int,int) (at Assets/Scripts/Arena/GridController.cs:99)
QuizBattle.Arena.GridController:BuildGrid (int,int,int) (at Assets/Scripts/Arena/GridController.cs:43)
QuizBattle.GameState.GameManager:RunAutoPlayMatch (int,int) (at Assets/Scripts/GameState/GameManager.cs:66)
ArenaDemoRunner:RunScenario (string,int,int,string) (at Assets/Editor/ArenaDemoRunner.cs:40)
ArenaDemoRunner:Run () (at Assets/Editor/ArenaDemoRunner.cs:22)

[Assets/Scripts/Arena/GridController.cs line 99]

Tile_7_0: Destroy may not be called from edit mode! Use DestroyImmediate instead.
Destroying an object in edit mode destroys it permanently
UnityEngine.Debug:ExtractStackTraceNoAlloc (byte*,int,string)
UnityEngine.StackTraceUtility:ExtractStackTrace ()
UnityEngine.Object:Destroy (UnityEngine.Object,single)
UnityEngine.Object:Destroy (UnityEngine.Object)
QuizBattle.Arena.GridController:CreateTile (int,int,UnityEngine.Color) (at Assets/Scripts/Arena/GridController.cs:57)
QuizBattle.Arena.GridController:BuildGrid (int,int,int) (at Assets/Scripts/Arena/GridController.cs:42)
QuizBattle.GameState.GameManager:RunAutoPlayMatch (int,int) (at Assets/Scripts/GameState/GameManager.cs:66)
ArenaDemoRunner:RunScenario (string,int,int,string) (at Assets/Editor/ArenaDemoRunner.cs:40)
ArenaDemoRunner:Run () (at Assets/Editor/ArenaDemoRunner.cs:22)

[Assets/Scripts/Arena/GridController.cs line 42]

Tile_7_1: Destroy may not be called from edit mode! Use DestroyImmediate instead.
Destroying an object in edit mode destroys it permanently
UnityEngine.Debug:ExtractStackTraceNoAlloc (byte*,int,string)
UnityEngine.StackTraceUtility:ExtractStackTrace ()
UnityEngine.Object:Destroy (UnityEngine.Object,single)
UnityEngine.Object:Destroy (UnityEngine.Object)
QuizBattle.Arena.GridController:CreateTile (int,int,UnityEngine.Color) (at Assets/Scripts/Arena/GridController.cs:57)
QuizBattle.Arena.GridController:BuildGrid (int,int,int) (at Assets/Scripts/Arena/GridController.cs:42)
QuizBattle.GameState.GameManager:RunAutoPlayMatch (int,int) (at Assets/Scripts/GameState/GameManager.cs:66)
ArenaDemoRunner:RunScenario (string,int,int,string) (at Assets/Editor/ArenaDemoRunner.cs:40)
ArenaDemoRunner:Run () (at Assets/Editor/ArenaDemoRunner.cs:22)

[Assets/Scripts/Arena/GridController.cs line 42]

Tile_7_2: Destroy may not be called from edit mode! Use DestroyImmediate instead.
Destroying an object in edit mode destroys it permanently
UnityEngine.Debug:ExtractStackTraceNoAlloc (byte*,int,string)
UnityEngine.StackTraceUtility:ExtractStackTrace ()
UnityEngine.Object:Destroy (UnityEngine.Object,single)
UnityEngine.Object:Destroy (UnityEngine.Object)
QuizBattle.Arena.GridController:CreateTile (int,int,UnityEngine.Color) (at Assets/Scripts/Arena/GridController.cs:57)
QuizBattle.Arena.GridController:BuildGrid (int,int,int) (at Assets/Scripts/Arena/GridController.cs:42)
QuizBattle.GameState.GameManager:RunAutoPlayMatch (int,int) (at Assets/Scripts/GameState/GameManager.cs:66)
ArenaDemoRunner:RunScenario (string,int,int,string) (at Assets/Editor/ArenaDemoRunner.cs:40)
ArenaDemoRunner:Run () (at Assets/Editor/ArenaDemoRunner.cs:22)

[Assets/Scripts/Arena/GridController.cs line 42]

Tile_7_3: Destroy may not be called from edit mode! Use DestroyImmediate instead.
Destroying an object in edit mode destroys it permanently
UnityEngine.Debug:ExtractStackTraceNoAlloc (byte*,int,string)
UnityEngine.StackTraceUtility:ExtractStackTrace ()
UnityEngine.Object:Destroy (UnityEngine.Object,single)
UnityEngine.Object:Destroy (UnityEngine.Object)
QuizBattle.Arena.GridController:CreateTile (int,int,UnityEngine.Color) (at Assets/Scripts/Arena/GridController.cs:57)
QuizBattle.Arena.GridController:BuildGrid (int,int,int) (at Assets/Scripts/Arena/GridController.cs:42)
QuizBattle.GameState.GameManager:RunAutoPlayMatch (int,int) (at Assets/Scripts/GameState/GameManager.cs:66)
ArenaDemoRunner:RunScenario (string,int,int,string) (at Assets/Editor/ArenaDemoRunner.cs:40)
ArenaDemoRunner:Run () (at Assets/Editor/ArenaDemoRunner.cs:22)

[Assets/Scripts/Arena/GridController.cs line 42]

Tile_7_4: Destroy may not be called from edit mode! Use DestroyImmediate instead.
Destroying an object in edit mode destroys it permanently
UnityEngine.Debug:ExtractStackTraceNoAlloc (byte*,int,string)
UnityEngine.StackTraceUtility:ExtractStackTrace ()
UnityEngine.Object:Destroy (UnityEngine.Object,single)
UnityEngine.Object:Destroy (UnityEngine.Object)
QuizBattle.Arena.GridController:CreateTile (int,int,UnityEngine.Color) (at Assets/Scripts/Arena/GridController.cs:57)
QuizBattle.Arena.GridController:BuildGrid (int,int,int) (at Assets/Scripts/Arena/GridController.cs:42)
QuizBattle.GameState.GameManager:RunAutoPlayMatch (int,int) (at Assets/Scripts/GameState/GameManager.cs:66)
ArenaDemoRunner:RunScenario (string,int,int,string) (at Assets/Editor/ArenaDemoRunner.cs:40)
ArenaDemoRunner:Run () (at Assets/Editor/ArenaDemoRunner.cs:22)

[Assets/Scripts/Arena/GridController.cs line 42]

Tile_7_5: Destroy may not be called from edit mode! Use DestroyImmediate instead.
Destroying an object in edit mode destroys it permanently
UnityEngine.Debug:ExtractStackTraceNoAlloc (byte*,int,string)
UnityEngine.StackTraceUtility:ExtractStackTrace ()
UnityEngine.Object:Destroy (UnityEngine.Object,single)
UnityEngine.Object:Destroy (UnityEngine.Object)
QuizBattle.Arena.GridController:CreateTile (int,int,UnityEngine.Color) (at Assets/Scripts/Arena/GridController.cs:57)
QuizBattle.Arena.GridController:BuildGrid (int,int,int) (at Assets/Scripts/Arena/GridController.cs:42)
QuizBattle.GameState.GameManager:RunAutoPlayMatch (int,int) (at Assets/Scripts/GameState/GameManager.cs:66)
ArenaDemoRunner:RunScenario (string,int,int,string) (at Assets/Editor/ArenaDemoRunner.cs:40)
ArenaDemoRunner:Run () (at Assets/Editor/ArenaDemoRunner.cs:22)

[Assets/Scripts/Arena/GridController.cs line 42]

ZoneGlow_7_5: Destroy may not be called from edit mode! Use DestroyImmediate instead.
Destroying an object in edit mode destroys it permanently
UnityEngine.Debug:ExtractStackTraceNoAlloc (byte*,int,string)
UnityEngine.StackTraceUtility:ExtractStackTrace ()
UnityEngine.Object:Destroy (UnityEngine.Object,single)
UnityEngine.Object:Destroy (UnityEngine.Object)
QuizBattle.Arena.GridController:CreateZoneGlow (int,int) (at Assets/Scripts/Arena/GridController.cs:99)
QuizBattle.Arena.GridController:BuildGrid (int,int,int) (at Assets/Scripts/Arena/GridController.cs:43)
QuizBattle.GameState.GameManager:RunAutoPlayMatch (int,int) (at Assets/Scripts/GameState/GameManager.cs:66)
ArenaDemoRunner:RunScenario (string,int,int,string) (at Assets/Editor/ArenaDemoRunner.cs:40)
ArenaDemoRunner:Run () (at Assets/Editor/ArenaDemoRunner.cs:22)

[Assets/Scripts/Arena/GridController.cs line 99]

Plinth: Destroy may not be called from edit mode! Use DestroyImmediate instead.
Destroying an object in edit mode destroys it permanently
UnityEngine.Debug:ExtractStackTraceNoAlloc (byte*,int,string)
UnityEngine.StackTraceUtility:ExtractStackTrace ()
UnityEngine.Object:Destroy (UnityEngine.Object,single)
UnityEngine.Object:Destroy (UnityEngine.Object)
QuizBattle.Arena.GridController:CreatePlinth (int,int) (at Assets/Scripts/Arena/GridController.cs:113)
QuizBattle.Arena.GridController:BuildGrid (int,int,int) (at Assets/Scripts/Arena/GridController.cs:47)
QuizBattle.GameState.GameManager:RunAutoPlayMatch (int,int) (at Assets/Scripts/GameState/GameManager.cs:66)
ArenaDemoRunner:RunScenario (string,int,int,string) (at Assets/Editor/ArenaDemoRunner.cs:40)
ArenaDemoRunner:Run () (at Assets/Editor/ArenaDemoRunner.cs:22)

[Assets/Scripts/Arena/GridController.cs line 113]

ChestPlate: Destroy may not be called from edit mode! Use DestroyImmediate instead.
Destroying an object in edit mode destroys it permanently
UnityEngine.Debug:ExtractStackTraceNoAlloc (byte*,int,string)
UnityEngine.StackTraceUtility:ExtractStackTrace ()
UnityEngine.Object:Destroy (UnityEngine.Object,single)
UnityEngine.Object:Destroy (UnityEngine.Object)
QuizBattle.Arena.Visuals.CharacterVisualBuilder:CreatePrimitivePart (UnityEngine.Transform,string,UnityEngine.PrimitiveType,UnityEngine.Vector3,UnityEngine.Quaternion,UnityEngine.Vector3,UnityEngine.Material,System.Collections.Generic.List`1<UnityEngine.Renderer>) (at Assets/Scripts/Arena/Visuals/CharacterVisualBuilder.cs:252)
QuizBattle.Arena.Visuals.CharacterVisualBuilder:BuildTank (UnityEngine.Transform,QuizBattle.Characters.CharacterVisual&,System.Collections.Generic.List`1<UnityEngine.Renderer>) (at Assets/Scripts/Arena/Visuals/CharacterVisualBuilder.cs:174)
QuizBattle.Arena.Visuals.CharacterVisualBuilder:Build (QuizBattle.Characters.CharacterVisual&,UnityEngine.Transform) (at Assets/Scripts/Arena/Visuals/CharacterVisualBuilder.cs:56)
QuizBattle.Arena.CharacterToken:Create (string,QuizBattle.Characters.CharacterVisual&,UnityEngine.Vector3) (at Assets/Scripts/Arena/CharacterToken.cs:44)
QuizBattle.GameState.GameManager:RunAutoPlayMatch (int,int) (at Assets/Scripts/GameState/GameManager.cs:75)
ArenaDemoRunner:RunScenario (string,int,int,string) (at Assets/Editor/ArenaDemoRunner.cs:40)
ArenaDemoRunner:Run () (at Assets/Editor/ArenaDemoRunner.cs:22)

[Assets/Scripts/GameState/GameManager.cs line 75]

ShoulderLeft: Destroy may not be called from edit mode! Use DestroyImmediate instead.
Destroying an object in edit mode destroys it permanently
UnityEngine.Debug:ExtractStackTraceNoAlloc (byte*,int,string)
UnityEngine.StackTraceUtility:ExtractStackTrace ()
UnityEngine.Object:Destroy (UnityEngine.Object,single)
UnityEngine.Object:Destroy (UnityEngine.Object)
QuizBattle.Arena.Visuals.CharacterVisualBuilder:CreatePrimitivePart (UnityEngine.Transform,string,UnityEngine.PrimitiveType,UnityEngine.Vector3,UnityEngine.Quaternion,UnityEngine.Vector3,UnityEngine.Material,System.Collections.Generic.List`1<UnityEngine.Renderer>) (at Assets/Scripts/Arena/Visuals/CharacterVisualBuilder.cs:252)
QuizBattle.Arena.Visuals.CharacterVisualBuilder:BuildTank (UnityEngine.Transform,QuizBattle.Characters.CharacterVisual&,System.Collections.Generic.List`1<UnityEngine.Renderer>) (at Assets/Scripts/Arena/Visuals/CharacterVisualBuilder.cs:176)
QuizBattle.Arena.Visuals.CharacterVisualBuilder:Build (QuizBattle.Characters.CharacterVisual&,UnityEngine.Transform) (at Assets/Scripts/Arena/Visuals/CharacterVisualBuilder.cs:56)
QuizBattle.Arena.CharacterToken:Create (string,QuizBattle.Characters.CharacterVisual&,UnityEngine.Vector3) (at Assets/Scripts/Arena/CharacterToken.cs:44)
QuizBattle.GameState.GameManager:RunAutoPlayMatch (int,int) (at Assets/Scripts/GameState/GameManager.cs:75)
ArenaDemoRunner:RunScenario (string,int,int,string) (at Assets/Editor/ArenaDemoRunner.cs:40)
ArenaDemoRunner:Run () (at Assets/Editor/ArenaDemoRunner.cs:22)

[Assets/Scripts/GameState/GameManager.cs line 75]

ShoulderRight: Destroy may not be called from edit mode! Use DestroyImmediate instead.
Destroying an object in edit mode destroys it permanently
UnityEngine.Debug:ExtractStackTraceNoAlloc (byte*,int,string)
UnityEngine.StackTraceUtility:ExtractStackTrace ()
UnityEngine.Object:Destroy (UnityEngine.Object,single)
UnityEngine.Object:Destroy (UnityEngine.Object)
QuizBattle.Arena.Visuals.CharacterVisualBuilder:CreatePrimitivePart (UnityEngine.Transform,string,UnityEngine.PrimitiveType,UnityEngine.Vector3,UnityEngine.Quaternion,UnityEngine.Vector3,UnityEngine.Material,System.Collections.Generic.List`1<UnityEngine.Renderer>) (at Assets/Scripts/Arena/Visuals/CharacterVisualBuilder.cs:252)
QuizBattle.Arena.Visuals.CharacterVisualBuilder:BuildTank (UnityEngine.Transform,QuizBattle.Characters.CharacterVisual&,System.Collections.Generic.List`1<UnityEngine.Renderer>) (at Assets/Scripts/Arena/Visuals/CharacterVisualBuilder.cs:177)
QuizBattle.Arena.Visuals.CharacterVisualBuilder:Build (QuizBattle.Characters.CharacterVisual&,UnityEngine.Transform) (at Assets/Scripts/Arena/Visuals/CharacterVisualBuilder.cs:56)
QuizBattle.Arena.CharacterToken:Create (string,QuizBattle.Characters.CharacterVisual&,UnityEngine.Vector3) (at Assets/Scripts/Arena/CharacterToken.cs:44)
QuizBattle.GameState.GameManager:RunAutoPlayMatch (int,int) (at Assets/Scripts/GameState/GameManager.cs:75)
ArenaDemoRunner:RunScenario (string,int,int,string) (at Assets/Editor/ArenaDemoRunner.cs:40)
ArenaDemoRunner:Run () (at Assets/Editor/ArenaDemoRunner.cs:22)

[Assets/Scripts/GameState/GameManager.cs line 75]

Shield: Destroy may not be called from edit mode! Use DestroyImmediate instead.
Destroying an object in edit mode destroys it permanently
UnityEngine.Debug:ExtractStackTraceNoAlloc (byte*,int,string)
UnityEngine.StackTraceUtility:ExtractStackTrace ()
UnityEngine.Object:Destroy (UnityEngine.Object,single)
UnityEngine.Object:Destroy (UnityEngine.Object)
QuizBattle.Arena.Visuals.CharacterVisualBuilder:CreatePrimitivePart (UnityEngine.Transform,string,UnityEngine.PrimitiveType,UnityEngine.Vector3,UnityEngine.Quaternion,UnityEngine.Vector3,UnityEngine.Material,System.Collections.Generic.List`1<UnityEngine.Renderer>) (at Assets/Scripts/Arena/Visuals/CharacterVisualBuilder.cs:252)
QuizBattle.Arena.Visuals.CharacterVisualBuilder:BuildTank (UnityEngine.Transform,QuizBattle.Characters.CharacterVisual&,System.Collections.Generic.List`1<UnityEngine.Renderer>) (at Assets/Scripts/Arena/Visuals/CharacterVisualBuilder.cs:179)
QuizBattle.Arena.Visuals.CharacterVisualBuilder:Build (QuizBattle.Characters.CharacterVisual&,UnityEngine.Transform) (at Assets/Scripts/Arena/Visuals/CharacterVisualBuilder.cs:56)
QuizBattle.Arena.CharacterToken:Create (string,QuizBattle.Characters.CharacterVisual&,UnityEngine.Vector3) (at Assets/Scripts/Arena/CharacterToken.cs:44)
QuizBattle.GameState.GameManager:RunAutoPlayMatch (int,int) (at Assets/Scripts/GameState/GameManager.cs:75)
ArenaDemoRunner:RunScenario (string,int,int,string) (at Assets/Editor/ArenaDemoRunner.cs:40)
ArenaDemoRunner:Run () (at Assets/Editor/ArenaDemoRunner.cs:22)

[Assets/Scripts/GameState/GameManager.cs line 75]

GroundDisc: Destroy may not be called from edit mode! Use DestroyImmediate instead.
Destroying an object in edit mode destroys it permanently
UnityEngine.Debug:ExtractStackTraceNoAlloc (byte*,int,string)
UnityEngine.StackTraceUtility:ExtractStackTrace ()
UnityEngine.Object:Destroy (UnityEngine.Object,single)
UnityEngine.Object:Destroy (UnityEngine.Object)
QuizBattle.Arena.Visuals.CharacterVisualBuilder:CreatePrimitivePart (UnityEngine.Transform,string,UnityEngine.PrimitiveType,UnityEngine.Vector3,UnityEngine.Quaternion,UnityEngine.Vector3,UnityEngine.Material,System.Collections.Generic.List`1<UnityEngine.Renderer>) (at Assets/Scripts/Arena/Visuals/CharacterVisualBuilder.cs:252)
QuizBattle.Arena.Visuals.CharacterVisualBuilder:AddGroundDisc (UnityEngine.Transform,UnityEngine.Color,System.Collections.Generic.List`1<UnityEngine.Renderer>,single) (at Assets/Scripts/Arena/Visuals/CharacterVisualBuilder.cs:224)
QuizBattle.Arena.Visuals.CharacterVisualBuilder:BuildTank (UnityEngine.Transform,QuizBattle.Characters.CharacterVisual&,System.Collections.Generic.List`1<UnityEngine.Renderer>) (at Assets/Scripts/Arena/Visuals/CharacterVisualBuilder.cs:181)
QuizBattle.Arena.Visuals.CharacterVisualBuilder:Build (QuizBattle.Characters.CharacterVisual&,UnityEngine.Transform) (at Assets/Scripts/Arena/Visuals/CharacterVisualBuilder.cs:56)
QuizBattle.Arena.CharacterToken:Create (string,QuizBattle.Characters.CharacterVisual&,UnityEngine.Vector3) (at Assets/Scripts/Arena/CharacterToken.cs:44)
QuizBattle.GameState.GameManager:RunAutoPlayMatch (int,int) (at Assets/Scripts/GameState/GameManager.cs:75)
ArenaDemoRunner:RunScenario (string,int,int,string) (at Assets/Editor/ArenaDemoRunner.cs:40)
ArenaDemoRunner:Run () (at Assets/Editor/ArenaDemoRunner.cs:22)

[Assets/Scripts/GameState/GameManager.cs line 75]

Instantiating material due to calling renderer.material during edit mode. This will leak materials into the scene. You most likely want to use renderer.sharedMaterial instead.
UnityEngine.Debug:ExtractStackTraceNoAlloc (byte*,int,string)
UnityEngine.StackTraceUtility:ExtractStackTrace ()
UnityEngine.Renderer:GetMaterial ()
UnityEngine.Renderer:get_material ()
TMPro.TextMeshPro:SetOutlineThickness (single) (at ./Library/PackageCache/com.unity.ugui@67707a67a4ab/Runtime/TMP/TextMeshPro.cs:1318)
TMPro.TMP_Text:set_outlineWidth (single) (at ./Library/PackageCache/com.unity.ugui@67707a67a4ab/Runtime/TMP/TMP_Text.cs:450)
QuizBattle.Arena.CharacterToken:CreateNameLabel (UnityEngine.Transform) (at Assets/Scripts/Arena/CharacterToken.cs:77)
QuizBattle.Arena.CharacterToken:Create (string,QuizBattle.Characters.CharacterVisual&,UnityEngine.Vector3) (at Assets/Scripts/Arena/CharacterToken.cs:51)
QuizBattle.GameState.GameManager:RunAutoPlayMatch (int,int) (at Assets/Scripts/GameState/GameManager.cs:75)
ArenaDemoRunner:RunScenario (string,int,int,string) (at Assets/Editor/ArenaDemoRunner.cs:40)
ArenaDemoRunner:Run () (at Assets/Editor/ArenaDemoRunner.cs:22)

[Assets/Scripts/GameState/GameManager.cs line 75]

HpBarFrame: Destroy may not be called from edit mode! Use DestroyImmediate instead.
Destroying an object in edit mode destroys it permanently
UnityEngine.Debug:ExtractStackTraceNoAlloc (byte*,int,string)
UnityEngine.StackTraceUtility:ExtractStackTrace ()
UnityEngine.Object:Destroy (UnityEngine.Object,single)
UnityEngine.Object:Destroy (UnityEngine.Object)
QuizBattle.Arena.CharacterToken:CreateHpBar (UnityEngine.Transform,UnityEngine.Color) (at Assets/Scripts/Arena/CharacterToken.cs:94)
QuizBattle.Arena.CharacterToken:Create (string,QuizBattle.Characters.CharacterVisual&,UnityEngine.Vector3) (at Assets/Scripts/Arena/CharacterToken.cs:52)
QuizBattle.GameState.GameManager:RunAutoPlayMatch (int,int) (at Assets/Scripts/GameState/GameManager.cs:75)
ArenaDemoRunner:RunScenario (string,int,int,string) (at Assets/Editor/ArenaDemoRunner.cs:40)
ArenaDemoRunner:Run () (at Assets/Editor/ArenaDemoRunner.cs:22)

[Assets/Scripts/GameState/GameManager.cs line 75]

HpBarBg: Destroy may not be called from edit mode! Use DestroyImmediate instead.
Destroying an object in edit mode destroys it permanently
UnityEngine.Debug:ExtractStackTraceNoAlloc (byte*,int,string)
UnityEngine.StackTraceUtility:ExtractStackTrace ()
UnityEngine.Object:Destroy (UnityEngine.Object,single)
UnityEngine.Object:Destroy (UnityEngine.Object)
QuizBattle.Arena.CharacterToken:CreateHpBar (UnityEngine.Transform,UnityEngine.Color) (at Assets/Scripts/Arena/CharacterToken.cs:113)
QuizBattle.Arena.CharacterToken:Create (string,QuizBattle.Characters.CharacterVisual&,UnityEngine.Vector3) (at Assets/Scripts/Arena/CharacterToken.cs:52)
QuizBattle.GameState.GameManager:RunAutoPlayMatch (int,int) (at Assets/Scripts/GameState/GameManager.cs:75)
ArenaDemoRunner:RunScenario (string,int,int,string) (at Assets/Editor/ArenaDemoRunner.cs:40)
ArenaDemoRunner:Run () (at Assets/Editor/ArenaDemoRunner.cs:22)

[Assets/Scripts/GameState/GameManager.cs line 75]

HpBarFill: Destroy may not be called from edit mode! Use DestroyImmediate instead.
Destroying an object in edit mode destroys it permanently
UnityEngine.Debug:ExtractStackTraceNoAlloc (byte*,int,string)
UnityEngine.StackTraceUtility:ExtractStackTrace ()
UnityEngine.Object:Destroy (UnityEngine.Object,single)
UnityEngine.Object:Destroy (UnityEngine.Object)
QuizBattle.Arena.CharacterToken:CreateHpBar (UnityEngine.Transform,UnityEngine.Color) (at Assets/Scripts/Arena/CharacterToken.cs:139)
QuizBattle.Arena.CharacterToken:Create (string,QuizBattle.Characters.CharacterVisual&,UnityEngine.Vector3) (at Assets/Scripts/Arena/CharacterToken.cs:52)
QuizBattle.GameState.GameManager:RunAutoPlayMatch (int,int) (at Assets/Scripts/GameState/GameManager.cs:75)
ArenaDemoRunner:RunScenario (string,int,int,string) (at Assets/Editor/ArenaDemoRunner.cs:40)
ArenaDemoRunner:Run () (at Assets/Editor/ArenaDemoRunner.cs:22)

[Assets/Scripts/GameState/GameManager.cs line 75]

EmberLeft: Destroy may not be called from edit mode! Use DestroyImmediate instead.
Destroying an object in edit mode destroys it permanently
UnityEngine.Debug:ExtractStackTraceNoAlloc (byte*,int,string)
UnityEngine.StackTraceUtility:ExtractStackTrace ()
UnityEngine.Object:Destroy (UnityEngine.Object,single)
UnityEngine.Object:Destroy (UnityEngine.Object)
QuizBattle.Arena.Visuals.CharacterVisualBuilder:CreatePrimitivePart (UnityEngine.Transform,string,UnityEngine.PrimitiveType,UnityEngine.Vector3,UnityEngine.Quaternion,UnityEngine.Vector3,UnityEngine.Material,System.Collections.Generic.List`1<UnityEngine.Renderer>) (at Assets/Scripts/Arena/Visuals/CharacterVisualBuilder.cs:252)
QuizBattle.Arena.Visuals.CharacterVisualBuilder:BuildFire (UnityEngine.Transform,QuizBattle.Characters.CharacterVisual&,System.Collections.Generic.List`1<UnityEngine.Renderer>,QuizBattle.Arena.Visuals.TokenIdleAnimator) (at Assets/Scripts/Arena/Visuals/CharacterVisualBuilder.cs:160)
QuizBattle.Arena.Visuals.CharacterVisualBuilder:Build (QuizBattle.Characters.CharacterVisual&,UnityEngine.Transform) (at Assets/Scripts/Arena/Visuals/CharacterVisualBuilder.cs:53)
QuizBattle.Arena.CharacterToken:Create (string,QuizBattle.Characters.CharacterVisual&,UnityEngine.Vector3) (at Assets/Scripts/Arena/CharacterToken.cs:44)
QuizBattle.GameState.GameManager:RunAutoPlayMatch (int,int) (at Assets/Scripts/GameState/GameManager.cs:75)
ArenaDemoRunner:RunScenario (string,int,int,string) (at Assets/Editor/ArenaDemoRunner.cs:40)
ArenaDemoRunner:Run () (at Assets/Editor/ArenaDemoRunner.cs:22)

[Assets/Scripts/GameState/GameManager.cs line 75]

EmberRight: Destroy may not be called from edit mode! Use DestroyImmediate instead.
Destroying an object in edit mode destroys it permanently
UnityEngine.Debug:ExtractStackTraceNoAlloc (byte*,int,string)
UnityEngine.StackTraceUtility:ExtractStackTrace ()
UnityEngine.Object:Destroy (UnityEngine.Object,single)
UnityEngine.Object:Destroy (UnityEngine.Object)
QuizBattle.Arena.Visuals.CharacterVisualBuilder:CreatePrimitivePart (UnityEngine.Transform,string,UnityEngine.PrimitiveType,UnityEngine.Vector3,UnityEngine.Quaternion,UnityEngine.Vector3,UnityEngine.Material,System.Collections.Generic.List`1<UnityEngine.Renderer>) (at Assets/Scripts/Arena/Visuals/CharacterVisualBuilder.cs:252)
QuizBattle.Arena.Visuals.CharacterVisualBuilder:BuildFire (UnityEngine.Transform,QuizBattle.Characters.CharacterVisual&,System.Collections.Generic.List`1<UnityEngine.Renderer>,QuizBattle.Arena.Visuals.TokenIdleAnimator) (at Assets/Scripts/Arena/Visuals/CharacterVisualBuilder.cs:161)
QuizBattle.Arena.Visuals.CharacterVisualBuilder:Build (QuizBattle.Characters.CharacterVisual&,UnityEngine.Transform) (at Assets/Scripts/Arena/Visuals/CharacterVisualBuilder.cs:53)
QuizBattle.Arena.CharacterToken:Create (string,QuizBattle.Characters.CharacterVisual&,UnityEngine.Vector3) (at Assets/Scripts/Arena/CharacterToken.cs:44)
QuizBattle.GameState.GameManager:RunAutoPlayMatch (int,int) (at Assets/Scripts/GameState/GameManager.cs:75)
ArenaDemoRunner:RunScenario (string,int,int,string) (at Assets/Editor/ArenaDemoRunner.cs:40)
ArenaDemoRunner:Run () (at Assets/Editor/ArenaDemoRunner.cs:22)

[Assets/Scripts/GameState/GameManager.cs line 75]

GroundDisc: Destroy may not be called from edit mode! Use DestroyImmediate instead.
Destroying an object in edit mode destroys it permanently
UnityEngine.Debug:ExtractStackTraceNoAlloc (byte*,int,string)
UnityEngine.StackTraceUtility:ExtractStackTrace ()
UnityEngine.Object:Destroy (UnityEngine.Object,single)
UnityEngine.Object:Destroy (UnityEngine.Object)
QuizBattle.Arena.Visuals.CharacterVisualBuilder:CreatePrimitivePart (UnityEngine.Transform,string,UnityEngine.PrimitiveType,UnityEngine.Vector3,UnityEngine.Quaternion,UnityEngine.Vector3,UnityEngine.Material,System.Collections.Generic.List`1<UnityEngine.Renderer>) (at Assets/Scripts/Arena/Visuals/CharacterVisualBuilder.cs:252)
QuizBattle.Arena.Visuals.CharacterVisualBuilder:AddGroundDisc (UnityEngine.Transform,UnityEngine.Color,System.Collections.Generic.List`1<UnityEngine.Renderer>,single) (at Assets/Scripts/Arena/Visuals/CharacterVisualBuilder.cs:224)
QuizBattle.Arena.Visuals.CharacterVisualBuilder:BuildFire (UnityEngine.Transform,QuizBattle.Characters.CharacterVisual&,System.Collections.Generic.List`1<UnityEngine.Renderer>,QuizBattle.Arena.Visuals.TokenIdleAnimator) (at Assets/Scripts/Arena/Visuals/CharacterVisualBuilder.cs:165)
QuizBattle.Arena.Visuals.CharacterVisualBuilder:Build (QuizBattle.Characters.CharacterVisual&,UnityEngine.Transform) (at Assets/Scripts/Arena/Visuals/CharacterVisualBuilder.cs:53)
QuizBattle.Arena.CharacterToken:Create (string,QuizBattle.Characters.CharacterVisual&,UnityEngine.Vector3) (at Assets/Scripts/Arena/CharacterToken.cs:44)
QuizBattle.GameState.GameManager:RunAutoPlayMatch (int,int) (at Assets/Scripts/GameState/GameManager.cs:75)
ArenaDemoRunner:RunScenario (string,int,int,string) (at Assets/Editor/ArenaDemoRunner.cs:40)
ArenaDemoRunner:Run () (at Assets/Editor/ArenaDemoRunner.cs:22)

[Assets/Scripts/GameState/GameManager.cs line 75]

Instantiating material due to calling renderer.material during edit mode. This will leak materials into the scene. You most likely want to use renderer.sharedMaterial instead.
UnityEngine.Debug:ExtractStackTraceNoAlloc (byte*,int,string)
UnityEngine.StackTraceUtility:ExtractStackTrace ()
UnityEngine.Renderer:GetMaterial ()
UnityEngine.Renderer:get_material ()
TMPro.TextMeshPro:SetOutlineThickness (single) (at ./Library/PackageCache/com.unity.ugui@67707a67a4ab/Runtime/TMP/TextMeshPro.cs:1318)
TMPro.TMP_Text:set_outlineWidth (single) (at ./Library/PackageCache/com.unity.ugui@67707a67a4ab/Runtime/TMP/TMP_Text.cs:450)
QuizBattle.Arena.CharacterToken:CreateNameLabel (UnityEngine.Transform) (at Assets/Scripts/Arena/CharacterToken.cs:77)
QuizBattle.Arena.CharacterToken:Create (string,QuizBattle.Characters.CharacterVisual&,UnityEngine.Vector3) (at Assets/Scripts/Arena/CharacterToken.cs:51)
QuizBattle.GameState.GameManager:RunAutoPlayMatch (int,int) (at Assets/Scripts/GameState/GameManager.cs:75)
ArenaDemoRunner:RunScenario (string,int,int,string) (at Assets/Editor/ArenaDemoRunner.cs:40)
ArenaDemoRunner:Run () (at Assets/Editor/ArenaDemoRunner.cs:22)

[Assets/Scripts/GameState/GameManager.cs line 75]

HpBarFrame: Destroy may not be called from edit mode! Use DestroyImmediate instead.
Destroying an object in edit mode destroys it permanently
UnityEngine.Debug:ExtractStackTraceNoAlloc (byte*,int,string)
UnityEngine.StackTraceUtility:ExtractStackTrace ()
UnityEngine.Object:Destroy (UnityEngine.Object,single)
UnityEngine.Object:Destroy (UnityEngine.Object)
QuizBattle.Arena.CharacterToken:CreateHpBar (UnityEngine.Transform,UnityEngine.Color) (at Assets/Scripts/Arena/CharacterToken.cs:94)
QuizBattle.Arena.CharacterToken:Create (string,QuizBattle.Characters.CharacterVisual&,UnityEngine.Vector3) (at Assets/Scripts/Arena/CharacterToken.cs:52)
QuizBattle.GameState.GameManager:RunAutoPlayMatch (int,int) (at Assets/Scripts/GameState/GameManager.cs:75)
ArenaDemoRunner:RunScenario (string,int,int,string) (at Assets/Editor/ArenaDemoRunner.cs:40)
ArenaDemoRunner:Run () (at Assets/Editor/ArenaDemoRunner.cs:22)

[Assets/Scripts/GameState/GameManager.cs line 75]

HpBarBg: Destroy may not be called from edit mode! Use DestroyImmediate instead.
Destroying an object in edit mode destroys it permanently
UnityEngine.Debug:ExtractStackTraceNoAlloc (byte*,int,string)
UnityEngine.StackTraceUtility:ExtractStackTrace ()
UnityEngine.Object:Destroy (UnityEngine.Object,single)
UnityEngine.Object:Destroy (UnityEngine.Object)
QuizBattle.Arena.CharacterToken:CreateHpBar (UnityEngine.Transform,UnityEngine.Color) (at Assets/Scripts/Arena/CharacterToken.cs:113)
QuizBattle.Arena.CharacterToken:Create (string,QuizBattle.Characters.CharacterVisual&,UnityEngine.Vector3) (at Assets/Scripts/Arena/CharacterToken.cs:52)
QuizBattle.GameState.GameManager:RunAutoPlayMatch (int,int) (at Assets/Scripts/GameState/GameManager.cs:75)
ArenaDemoRunner:RunScenario (string,int,int,string) (at Assets/Editor/ArenaDemoRunner.cs:40)
ArenaDemoRunner:Run () (at Assets/Editor/ArenaDemoRunner.cs:22)

[Assets/Scripts/GameState/GameManager.cs line 75]

HpBarFill: Destroy may not be called from edit mode! Use DestroyImmediate instead.
Destroying an object in edit mode destroys it permanently
UnityEngine.Debug:ExtractStackTraceNoAlloc (byte*,int,string)
UnityEngine.StackTraceUtility:ExtractStackTrace ()
UnityEngine.Object:Destroy (UnityEngine.Object,single)
UnityEngine.Object:Destroy (UnityEngine.Object)
QuizBattle.Arena.CharacterToken:CreateHpBar (UnityEngine.Transform,UnityEngine.Color) (at Assets/Scripts/Arena/CharacterToken.cs:139)
QuizBattle.Arena.CharacterToken:Create (string,QuizBattle.Characters.CharacterVisual&,UnityEngine.Vector3) (at Assets/Scripts/Arena/CharacterToken.cs:52)
QuizBattle.GameState.GameManager:RunAutoPlayMatch (int,int) (at Assets/Scripts/GameState/GameManager.cs:75)
ArenaDemoRunner:RunScenario (string,int,int,string) (at Assets/Editor/ArenaDemoRunner.cs:40)
ArenaDemoRunner:Run () (at Assets/Editor/ArenaDemoRunner.cs:22)

[Assets/Scripts/GameState/GameManager.cs line 75]

Orb: Destroy may not be called from edit mode! Use DestroyImmediate instead.
Destroying an object in edit mode destroys it permanently
UnityEngine.Debug:ExtractStackTraceNoAlloc (byte*,int,string)
UnityEngine.StackTraceUtility:ExtractStackTrace ()
UnityEngine.Object:Destroy (UnityEngine.Object,single)
UnityEngine.Object:Destroy (UnityEngine.Object)
QuizBattle.Arena.Visuals.CharacterVisualBuilder:CreatePrimitivePart (UnityEngine.Transform,string,UnityEngine.PrimitiveType,UnityEngine.Vector3,UnityEngine.Quaternion,UnityEngine.Vector3,UnityEngine.Material,System.Collections.Generic.List`1<UnityEngine.Renderer>) (at Assets/Scripts/Arena/Visuals/CharacterVisualBuilder.cs:252)
QuizBattle.Arena.Visuals.CharacterVisualBuilder:BuildArcane (UnityEngine.Transform,QuizBattle.Characters.CharacterVisual&,System.Collections.Generic.List`1<UnityEngine.Renderer>,QuizBattle.Arena.Visuals.TokenIdleAnimator) (at Assets/Scripts/Arena/Visuals/CharacterVisualBuilder.cs:215)
QuizBattle.Arena.Visuals.CharacterVisualBuilder:Build (QuizBattle.Characters.CharacterVisual&,UnityEngine.Transform) (at Assets/Scripts/Arena/Visuals/CharacterVisualBuilder.cs:62)
QuizBattle.Arena.CharacterToken:Create (string,QuizBattle.Characters.CharacterVisual&,UnityEngine.Vector3) (at Assets/Scripts/Arena/CharacterToken.cs:44)
QuizBattle.GameState.GameManager:RunAutoPlayMatch (int,int) (at Assets/Scripts/GameState/GameManager.cs:75)
ArenaDemoRunner:RunScenario (string,int,int,string) (at Assets/Editor/ArenaDemoRunner.cs:40)
ArenaDemoRunner:Run () (at Assets/Editor/ArenaDemoRunner.cs:22)

[Assets/Scripts/GameState/GameManager.cs line 75]

GroundDisc: Destroy may not be called from edit mode! Use DestroyImmediate instead.
Destroying an object in edit mode destroys it permanently
UnityEngine.Debug:ExtractStackTraceNoAlloc (byte*,int,string)
UnityEngine.StackTraceUtility:ExtractStackTrace ()
UnityEngine.Object:Destroy (UnityEngine.Object,single)
UnityEngine.Object:Destroy (UnityEngine.Object)
QuizBattle.Arena.Visuals.CharacterVisualBuilder:CreatePrimitivePart (UnityEngine.Transform,string,UnityEngine.PrimitiveType,UnityEngine.Vector3,UnityEngine.Quaternion,UnityEngine.Vector3,UnityEngine.Material,System.Collections.Generic.List`1<UnityEngine.Renderer>) (at Assets/Scripts/Arena/Visuals/CharacterVisualBuilder.cs:252)
QuizBattle.Arena.Visuals.CharacterVisualBuilder:AddGroundDisc (UnityEngine.Transform,UnityEngine.Color,System.Collections.Generic.List`1<UnityEngine.Renderer>,single) (at Assets/Scripts/Arena/Visuals/CharacterVisualBuilder.cs:224)
QuizBattle.Arena.Visuals.CharacterVisualBuilder:BuildArcane (UnityEngine.Transform,QuizBattle.Characters.CharacterVisual&,System.Collections.Generic.List`1<UnityEngine.Renderer>,QuizBattle.Arena.Visuals.TokenIdleAnimator) (at Assets/Scripts/Arena/Visuals/CharacterVisualBuilder.cs:218)
QuizBattle.Arena.Visuals.CharacterVisualBuilder:Build (QuizBattle.Characters.CharacterVisual&,UnityEngine.Transform) (at Assets/Scripts/Arena/Visuals/CharacterVisualBuilder.cs:62)
QuizBattle.Arena.CharacterToken:Create (string,QuizBattle.Characters.CharacterVisual&,UnityEngine.Vector3) (at Assets/Scripts/Arena/CharacterToken.cs:44)
QuizBattle.GameState.GameManager:RunAutoPlayMatch (int,int) (at Assets/Scripts/GameState/GameManager.cs:75)
ArenaDemoRunner:RunScenario (string,int,int,string) (at Assets/Editor/ArenaDemoRunner.cs:40)
ArenaDemoRunner:Run () (at Assets/Editor/ArenaDemoRunner.cs:22)

[Assets/Scripts/GameState/GameManager.cs line 75]

Instantiating material due to calling renderer.material during edit mode. This will leak materials into the scene. You most likely want to use renderer.sharedMaterial instead.
UnityEngine.Debug:ExtractStackTraceNoAlloc (byte*,int,string)
UnityEngine.StackTraceUtility:ExtractStackTrace ()
UnityEngine.Renderer:GetMaterial ()
UnityEngine.Renderer:get_material ()
TMPro.TextMeshPro:SetOutlineThickness (single) (at ./Library/PackageCache/com.unity.ugui@67707a67a4ab/Runtime/TMP/TextMeshPro.cs:1318)
TMPro.TMP_Text:set_outlineWidth (single) (at ./Library/PackageCache/com.unity.ugui@67707a67a4ab/Runtime/TMP/TMP_Text.cs:450)
QuizBattle.Arena.CharacterToken:CreateNameLabel (UnityEngine.Transform) (at Assets/Scripts/Arena/CharacterToken.cs:77)
QuizBattle.Arena.CharacterToken:Create (string,QuizBattle.Characters.CharacterVisual&,UnityEngine.Vector3) (at Assets/Scripts/Arena/CharacterToken.cs:51)
QuizBattle.GameState.GameManager:RunAutoPlayMatch (int,int) (at Assets/Scripts/GameState/GameManager.cs:75)
ArenaDemoRunner:RunScenario (string,int,int,string) (at Assets/Editor/ArenaDemoRunner.cs:40)
ArenaDemoRunner:Run () (at Assets/Editor/ArenaDemoRunner.cs:22)

[Assets/Scripts/GameState/GameManager.cs line 75]

HpBarFrame: Destroy may not be called from edit mode! Use DestroyImmediate instead.
Destroying an object in edit mode destroys it permanently
UnityEngine.Debug:ExtractStackTraceNoAlloc (byte*,int,string)
UnityEngine.StackTraceUtility:ExtractStackTrace ()
UnityEngine.Object:Destroy (UnityEngine.Object,single)
UnityEngine.Object:Destroy (UnityEngine.Object)
QuizBattle.Arena.CharacterToken:CreateHpBar (UnityEngine.Transform,UnityEngine.Color) (at Assets/Scripts/Arena/CharacterToken.cs:94)
QuizBattle.Arena.CharacterToken:Create (string,QuizBattle.Characters.CharacterVisual&,UnityEngine.Vector3) (at Assets/Scripts/Arena/CharacterToken.cs:52)
QuizBattle.GameState.GameManager:RunAutoPlayMatch (int,int) (at Assets/Scripts/GameState/GameManager.cs:75)
ArenaDemoRunner:RunScenario (string,int,int,string) (at Assets/Editor/ArenaDemoRunner.cs:40)
ArenaDemoRunner:Run () (at Assets/Editor/ArenaDemoRunner.cs:22)

[Assets/Scripts/GameState/GameManager.cs line 75]

HpBarBg: Destroy may not be called from edit mode! Use DestroyImmediate instead.
Destroying an object in edit mode destroys it permanently
UnityEngine.Debug:ExtractStackTraceNoAlloc (byte*,int,string)
UnityEngine.StackTraceUtility:ExtractStackTrace ()
UnityEngine.Object:Destroy (UnityEngine.Object,single)
UnityEngine.Object:Destroy (UnityEngine.Object)
QuizBattle.Arena.CharacterToken:CreateHpBar (UnityEngine.Transform,UnityEngine.Color) (at Assets/Scripts/Arena/CharacterToken.cs:113)
QuizBattle.Arena.CharacterToken:Create (string,QuizBattle.Characters.CharacterVisual&,UnityEngine.Vector3) (at Assets/Scripts/Arena/CharacterToken.cs:52)
QuizBattle.GameState.GameManager:RunAutoPlayMatch (int,int) (at Assets/Scripts/GameState/GameManager.cs:75)
ArenaDemoRunner:RunScenario (string,int,int,string) (at Assets/Editor/ArenaDemoRunner.cs:40)
ArenaDemoRunner:Run () (at Assets/Editor/ArenaDemoRunner.cs:22)

[Assets/Scripts/GameState/GameManager.cs line 75]

HpBarFill: Destroy may not be called from edit mode! Use DestroyImmediate instead.
Destroying an object in edit mode destroys it permanently
UnityEngine.Debug:ExtractStackTraceNoAlloc (byte*,int,string)
UnityEngine.StackTraceUtility:ExtractStackTrace ()
UnityEngine.Object:Destroy (UnityEngine.Object,single)
UnityEngine.Object:Destroy (UnityEngine.Object)
QuizBattle.Arena.CharacterToken:CreateHpBar (UnityEngine.Transform,UnityEngine.Color) (at Assets/Scripts/Arena/CharacterToken.cs:139)
QuizBattle.Arena.CharacterToken:Create (string,QuizBattle.Characters.CharacterVisual&,UnityEngine.Vector3) (at Assets/Scripts/Arena/CharacterToken.cs:52)
QuizBattle.GameState.GameManager:RunAutoPlayMatch (int,int) (at Assets/Scripts/GameState/GameManager.cs:75)
ArenaDemoRunner:RunScenario (string,int,int,string) (at Assets/Editor/ArenaDemoRunner.cs:40)
ArenaDemoRunner:Run () (at Assets/Editor/ArenaDemoRunner.cs:22)

[Assets/Scripts/GameState/GameManager.cs line 75]

GroundDisc: Destroy may not be called from edit mode! Use DestroyImmediate instead.
Destroying an object in edit mode destroys it permanently
UnityEngine.Debug:ExtractStackTraceNoAlloc (byte*,int,string)
UnityEngine.StackTraceUtility:ExtractStackTrace ()
UnityEngine.Object:Destroy (UnityEngine.Object,single)
UnityEngine.Object:Destroy (UnityEngine.Object)
QuizBattle.Arena.Visuals.CharacterVisualBuilder:CreatePrimitivePart (UnityEngine.Transform,string,UnityEngine.PrimitiveType,UnityEngine.Vector3,UnityEngine.Quaternion,UnityEngine.Vector3,UnityEngine.Material,System.Collections.Generic.List`1<UnityEngine.Renderer>) (at Assets/Scripts/Arena/Visuals/CharacterVisualBuilder.cs:252)
QuizBattle.Arena.Visuals.CharacterVisualBuilder:AddGroundDisc (UnityEngine.Transform,UnityEngine.Color,System.Collections.Generic.List`1<UnityEngine.Renderer>,single) (at Assets/Scripts/Arena/Visuals/CharacterVisualBuilder.cs:224)
QuizBattle.Arena.Visuals.CharacterVisualBuilder:BuildWind (UnityEngine.Transform,QuizBattle.Characters.CharacterVisual&,System.Collections.Generic.List`1<UnityEngine.Renderer>,QuizBattle.Arena.Visuals.TokenIdleAnimator) (at Assets/Scripts/Arena/Visuals/CharacterVisualBuilder.cs:200)
QuizBattle.Arena.Visuals.CharacterVisualBuilder:Build (QuizBattle.Characters.CharacterVisual&,UnityEngine.Transform) (at Assets/Scripts/Arena/Visuals/CharacterVisualBuilder.cs:59)
QuizBattle.Arena.CharacterToken:Create (string,QuizBattle.Characters.CharacterVisual&,UnityEngine.Vector3) (at Assets/Scripts/Arena/CharacterToken.cs:44)
QuizBattle.GameState.GameManager:RunAutoPlayMatch (int,int) (at Assets/Scripts/GameState/GameManager.cs:75)
ArenaDemoRunner:RunScenario (string,int,int,string) (at Assets/Editor/ArenaDemoRunner.cs:40)
ArenaDemoRunner:Run () (at Assets/Editor/ArenaDemoRunner.cs:22)

[Assets/Scripts/GameState/GameManager.cs line 75]

Instantiating material due to calling renderer.material during edit mode. This will leak materials into the scene. You most likely want to use renderer.sharedMaterial instead.
UnityEngine.Debug:ExtractStackTraceNoAlloc (byte*,int,string)
UnityEngine.StackTraceUtility:ExtractStackTrace ()
UnityEngine.Renderer:GetMaterial ()
UnityEngine.Renderer:get_material ()
TMPro.TextMeshPro:SetOutlineThickness (single) (at ./Library/PackageCache/com.unity.ugui@67707a67a4ab/Runtime/TMP/TextMeshPro.cs:1318)
TMPro.TMP_Text:set_outlineWidth (single) (at ./Library/PackageCache/com.unity.ugui@67707a67a4ab/Runtime/TMP/TMP_Text.cs:450)
QuizBattle.Arena.CharacterToken:CreateNameLabel (UnityEngine.Transform) (at Assets/Scripts/Arena/CharacterToken.cs:77)
QuizBattle.Arena.CharacterToken:Create (string,QuizBattle.Characters.CharacterVisual&,UnityEngine.Vector3) (at Assets/Scripts/Arena/CharacterToken.cs:51)
QuizBattle.GameState.GameManager:RunAutoPlayMatch (int,int) (at Assets/Scripts/GameState/GameManager.cs:75)
ArenaDemoRunner:RunScenario (string,int,int,string) (at Assets/Editor/ArenaDemoRunner.cs:40)
ArenaDemoRunner:Run () (at Assets/Editor/ArenaDemoRunner.cs:22)

[Assets/Scripts/GameState/GameManager.cs line 75]

HpBarFrame: Destroy may not be called from edit mode! Use DestroyImmediate instead.
Destroying an object in edit mode destroys it permanently
UnityEngine.Debug:ExtractStackTraceNoAlloc (byte*,int,string)
UnityEngine.StackTraceUtility:ExtractStackTrace ()
UnityEngine.Object:Destroy (UnityEngine.Object,single)
UnityEngine.Object:Destroy (UnityEngine.Object)
QuizBattle.Arena.CharacterToken:CreateHpBar (UnityEngine.Transform,UnityEngine.Color) (at Assets/Scripts/Arena/CharacterToken.cs:94)
QuizBattle.Arena.CharacterToken:Create (string,QuizBattle.Characters.CharacterVisual&,UnityEngine.Vector3) (at Assets/Scripts/Arena/CharacterToken.cs:52)
QuizBattle.GameState.GameManager:RunAutoPlayMatch (int,int) (at Assets/Scripts/GameState/GameManager.cs:75)
ArenaDemoRunner:RunScenario (string,int,int,string) (at Assets/Editor/ArenaDemoRunner.cs:40)
ArenaDemoRunner:Run () (at Assets/Editor/ArenaDemoRunner.cs:22)

[Assets/Scripts/GameState/GameManager.cs line 75]

HpBarBg: Destroy may not be called from edit mode! Use DestroyImmediate instead.
Destroying an object in edit mode destroys it permanently
UnityEngine.Debug:ExtractStackTraceNoAlloc (byte*,int,string)
UnityEngine.StackTraceUtility:ExtractStackTrace ()
UnityEngine.Object:Destroy (UnityEngine.Object,single)
UnityEngine.Object:Destroy (UnityEngine.Object)
QuizBattle.Arena.CharacterToken:CreateHpBar (UnityEngine.Transform,UnityEngine.Color) (at Assets/Scripts/Arena/CharacterToken.cs:113)
QuizBattle.Arena.CharacterToken:Create (string,QuizBattle.Characters.CharacterVisual&,UnityEngine.Vector3) (at Assets/Scripts/Arena/CharacterToken.cs:52)
QuizBattle.GameState.GameManager:RunAutoPlayMatch (int,int) (at Assets/Scripts/GameState/GameManager.cs:75)
ArenaDemoRunner:RunScenario (string,int,int,string) (at Assets/Editor/ArenaDemoRunner.cs:40)
ArenaDemoRunner:Run () (at Assets/Editor/ArenaDemoRunner.cs:22)

[Assets/Scripts/GameState/GameManager.cs line 75]

HpBarFill: Destroy may not be called from edit mode! Use DestroyImmediate instead.
Destroying an object in edit mode destroys it permanently
UnityEngine.Debug:ExtractStackTraceNoAlloc (byte*,int,string)
UnityEngine.StackTraceUtility:ExtractStackTrace ()
UnityEngine.Object:Destroy (UnityEngine.Object,single)
UnityEngine.Object:Destroy (UnityEngine.Object)
QuizBattle.Arena.CharacterToken:CreateHpBar (UnityEngine.Transform,UnityEngine.Color) (at Assets/Scripts/Arena/CharacterToken.cs:139)
QuizBattle.Arena.CharacterToken:Create (string,QuizBattle.Characters.CharacterVisual&,UnityEngine.Vector3) (at Assets/Scripts/Arena/CharacterToken.cs:52)
QuizBattle.GameState.GameManager:RunAutoPlayMatch (int,int) (at Assets/Scripts/GameState/GameManager.cs:75)
ArenaDemoRunner:RunScenario (string,int,int,string) (at Assets/Editor/ArenaDemoRunner.cs:40)
ArenaDemoRunner:Run () (at Assets/Editor/ArenaDemoRunner.cs:22)

[Assets/Scripts/GameState/GameManager.cs line 75]

Vfx_Burst: Destroy may not be called from edit mode! Use DestroyImmediate instead.
Destroying an object in edit mode destroys it permanently
UnityEngine.Debug:ExtractStackTraceNoAlloc (byte*,int,string)
UnityEngine.StackTraceUtility:ExtractStackTrace ()
UnityEngine.Object:Destroy (UnityEngine.Object,single)
QuizBattle.Arena.Vfx.ParticleFactory:Burst (UnityEngine.Vector3,UnityEngine.Color,single,int,single,single) (at Assets/Scripts/Arena/Vfx/ParticleFactory.cs:51)
QuizBattle.Arena.Vfx.AbilityVfxPlayer:PlayBasicStrike (UnityEngine.Vector3,System.Collections.Generic.List`1<UnityEngine.ParticleSystem>) (at Assets/Scripts/Arena/Vfx/AbilityVfxPlayer.cs:76)
QuizBattle.Arena.Vfx.AbilityVfxPlayer:Play (string,UnityEngine.Vector3,UnityEngine.Vector3,bool) (at Assets/Scripts/Arena/Vfx/AbilityVfxPlayer.cs:37)
QuizBattle.GameState.GameManager:HandleReward (QuizBattle.GameState.MockEngine.PlayerState,QuizBattle.GameState.MockEngine.PendingReward,System.Random) (at Assets/Scripts/GameState/GameManager.cs:131)
QuizBattle.GameState.GameManager:RunAutoPlayMatch (int,int) (at Assets/Scripts/GameState/GameManager.cs:105)
ArenaDemoRunner:RunScenario (string,int,int,string) (at Assets/Editor/ArenaDemoRunner.cs:40)
ArenaDemoRunner:Run () (at Assets/Editor/ArenaDemoRunner.cs:22)

[Assets/Scripts/GameState/GameManager.cs line 131]

[ArenaDemoRunner:progress-tiebreak-path] PASSED — winner=1 reason=Progress
UnityEngine.Debug:ExtractStackTraceNoAlloc (byte*,int,string)
UnityEngine.StackTraceUtility:ExtractStackTrace ()
UnityEngine.DebugLogHandler:Internal_Log (UnityEngine.LogType,UnityEngine.LogOption,string,UnityEngine.Object)
UnityEngine.DebugLogHandler:LogFormat (UnityEngine.LogType,UnityEngine.Object,string,object[])
UnityEngine.Logger:Log (UnityEngine.LogType,object)
UnityEngine.Debug:Log (object)
ArenaDemoRunner:RunScenario (string,int,int,string) (at Assets/Editor/ArenaDemoRunner.cs:48)
ArenaDemoRunner:Run () (at Assets/Editor/ArenaDemoRunner.cs:22)

(Filename: Assets/Editor/ArenaDemoRunner.cs Line: 48)

[ArenaDemoRunner] screenshot saved to D:/temp\arena-demo-progress-tiebreak-path.png
UnityEngine.Debug:ExtractStackTraceNoAlloc (byte*,int,string)
UnityEngine.StackTraceUtility:ExtractStackTrace ()
UnityEngine.DebugLogHandler:Internal_Log (UnityEngine.LogType,UnityEngine.LogOption,string,UnityEngine.Object)
UnityEngine.DebugLogHandler:LogFormat (UnityEngine.LogType,UnityEngine.Object,string,object[])
UnityEngine.Logger:Log (UnityEngine.LogType,object)
UnityEngine.Debug:Log (object)
ArenaDemoRunner:CaptureScreenshot (string) (at Assets/Editor/ArenaDemoRunner.cs:136)
ArenaDemoRunner:RunScenario (string,int,int,string) (at Assets/Editor/ArenaDemoRunner.cs:50)
ArenaDemoRunner:Run () (at Assets/Editor/ArenaDemoRunner.cs:22)

(Filename: Assets/Editor/ArenaDemoRunner.cs Line: 136)

Unloading 14 Unused Serialized files (Serialized files now loaded: 0)
Unloading 374 unused Assets / (149.0 KB). Loaded Objects now: 4450.
Memory consumption went from 360.5 MB to 360.3 MB.
Total: 16.719000 ms (FindLiveObjects: 0.524900 ms CreateObjectMapping: 0.842800 ms MarkObjects: 14.731000 ms  DeleteObjects: 0.618300 ms)

Tile_0_0: Destroy may not be called from edit mode! Use DestroyImmediate instead.
Destroying an object in edit mode destroys it permanently
UnityEngine.Debug:ExtractStackTraceNoAlloc (byte*,int,string)
UnityEngine.StackTraceUtility:ExtractStackTrace ()
UnityEngine.Object:Destroy (UnityEngine.Object,single)
UnityEngine.Object:Destroy (UnityEngine.Object)
QuizBattle.Arena.GridController:CreateTile (int,int,UnityEngine.Color) (at Assets/Scripts/Arena/GridController.cs:57)
QuizBattle.Arena.GridController:BuildGrid (int,int,int) (at Assets/Scripts/Arena/GridController.cs:42)
ArenaDemoRunner:RunVfxShowcase () (at Assets/Editor/ArenaDemoRunner.cs:68)
ArenaDemoRunner:Run () (at Assets/Editor/ArenaDemoRunner.cs:23)

[Assets/Scripts/Arena/GridController.cs line 42]

Tile_0_1: Destroy may not be called from edit mode! Use DestroyImmediate instead.
Destroying an object in edit mode destroys it permanently
UnityEngine.Debug:ExtractStackTraceNoAlloc (byte*,int,string)
UnityEngine.StackTraceUtility:ExtractStackTrace ()
UnityEngine.Object:Destroy (UnityEngine.Object,single)
UnityEngine.Object:Destroy (UnityEngine.Object)
QuizBattle.Arena.GridController:CreateTile (int,int,UnityEngine.Color) (at Assets/Scripts/Arena/GridController.cs:57)
QuizBattle.Arena.GridController:BuildGrid (int,int,int) (at Assets/Scripts/Arena/GridController.cs:42)
ArenaDemoRunner:RunVfxShowcase () (at Assets/Editor/ArenaDemoRunner.cs:68)
ArenaDemoRunner:Run () (at Assets/Editor/ArenaDemoRunner.cs:23)

[Assets/Scripts/Arena/GridController.cs line 42]

Tile_0_2: Destroy may not be called from edit mode! Use DestroyImmediate instead.
Destroying an object in edit mode destroys it permanently
UnityEngine.Debug:ExtractStackTraceNoAlloc (byte*,int,string)
UnityEngine.StackTraceUtility:ExtractStackTrace ()
UnityEngine.Object:Destroy (UnityEngine.Object,single)
UnityEngine.Object:Destroy (UnityEngine.Object)
QuizBattle.Arena.GridController:CreateTile (int,int,UnityEngine.Color) (at Assets/Scripts/Arena/GridController.cs:57)
QuizBattle.Arena.GridController:BuildGrid (int,int,int) (at Assets/Scripts/Arena/GridController.cs:42)
ArenaDemoRunner:RunVfxShowcase () (at Assets/Editor/ArenaDemoRunner.cs:68)
ArenaDemoRunner:Run () (at Assets/Editor/ArenaDemoRunner.cs:23)

[Assets/Scripts/Arena/GridController.cs line 42]

Tile_0_3: Destroy may not be called from edit mode! Use DestroyImmediate instead.
Destroying an object in edit mode destroys it permanently
UnityEngine.Debug:ExtractStackTraceNoAlloc (byte*,int,string)
UnityEngine.StackTraceUtility:ExtractStackTrace ()
UnityEngine.Object:Destroy (UnityEngine.Object,single)
UnityEngine.Object:Destroy (UnityEngine.Object)
QuizBattle.Arena.GridController:CreateTile (int,int,UnityEngine.Color) (at Assets/Scripts/Arena/GridController.cs:57)
QuizBattle.Arena.GridController:BuildGrid (int,int,int) (at Assets/Scripts/Arena/GridController.cs:42)
ArenaDemoRunner:RunVfxShowcase () (at Assets/Editor/ArenaDemoRunner.cs:68)
ArenaDemoRunner:Run () (at Assets/Editor/ArenaDemoRunner.cs:23)

[Assets/Scripts/Arena/GridController.cs line 42]

Tile_0_4: Destroy may not be called from edit mode! Use DestroyImmediate instead.
Destroying an object in edit mode destroys it permanently
UnityEngine.Debug:ExtractStackTraceNoAlloc (byte*,int,string)
UnityEngine.StackTraceUtility:ExtractStackTrace ()
UnityEngine.Object:Destroy (UnityEngine.Object,single)
UnityEngine.Object:Destroy (UnityEngine.Object)
QuizBattle.Arena.GridController:CreateTile (int,int,UnityEngine.Color) (at Assets/Scripts/Arena/GridController.cs:57)
QuizBattle.Arena.GridController:BuildGrid (int,int,int) (at Assets/Scripts/Arena/GridController.cs:42)
ArenaDemoRunner:RunVfxShowcase () (at Assets/Editor/ArenaDemoRunner.cs:68)
ArenaDemoRunner:Run () (at Assets/Editor/ArenaDemoRunner.cs:23)

[Assets/Scripts/Arena/GridController.cs line 42]

Tile_0_5: Destroy may not be called from edit mode! Use DestroyImmediate instead.
Destroying an object in edit mode destroys it permanently
UnityEngine.Debug:ExtractStackTraceNoAlloc (byte*,int,string)
UnityEngine.StackTraceUtility:ExtractStackTrace ()
UnityEngine.Object:Destroy (UnityEngine.Object,single)
UnityEngine.Object:Destroy (UnityEngine.Object)
QuizBattle.Arena.GridController:CreateTile (int,int,UnityEngine.Color) (at Assets/Scripts/Arena/GridController.cs:57)
QuizBattle.Arena.GridController:BuildGrid (int,int,int) (at Assets/Scripts/Arena/GridController.cs:42)
ArenaDemoRunner:RunVfxShowcase () (at Assets/Editor/ArenaDemoRunner.cs:68)
ArenaDemoRunner:Run () (at Assets/Editor/ArenaDemoRunner.cs:23)

[Assets/Scripts/Arena/GridController.cs line 42]

ZoneGlow_0_5: Destroy may not be called from edit mode! Use DestroyImmediate instead.
Destroying an object in edit mode destroys it permanently
UnityEngine.Debug:ExtractStackTraceNoAlloc (byte*,int,string)
UnityEngine.StackTraceUtility:ExtractStackTrace ()
UnityEngine.Object:Destroy (UnityEngine.Object,single)
UnityEngine.Object:Destroy (UnityEngine.Object)
QuizBattle.Arena.GridController:CreateZoneGlow (int,int) (at Assets/Scripts/Arena/GridController.cs:99)
QuizBattle.Arena.GridController:BuildGrid (int,int,int) (at Assets/Scripts/Arena/GridController.cs:43)
ArenaDemoRunner:RunVfxShowcase () (at Assets/Editor/ArenaDemoRunner.cs:68)
ArenaDemoRunner:Run () (at Assets/Editor/ArenaDemoRunner.cs:23)

[Assets/Scripts/Arena/GridController.cs line 99]

Tile_1_0: Destroy may not be called from edit mode! Use DestroyImmediate instead.
Destroying an object in edit mode destroys it permanently
UnityEngine.Debug:ExtractStackTraceNoAlloc (byte*,int,string)
UnityEngine.StackTraceUtility:ExtractStackTrace ()
UnityEngine.Object:Destroy (UnityEngine.Object,single)
UnityEngine.Object:Destroy (UnityEngine.Object)
QuizBattle.Arena.GridController:CreateTile (int,int,UnityEngine.Color) (at Assets/Scripts/Arena/GridController.cs:57)
QuizBattle.Arena.GridController:BuildGrid (int,int,int) (at Assets/Scripts/Arena/GridController.cs:42)
ArenaDemoRunner:RunVfxShowcase () (at Assets/Editor/ArenaDemoRunner.cs:68)
ArenaDemoRunner:Run () (at Assets/Editor/ArenaDemoRunner.cs:23)

[Assets/Scripts/Arena/GridController.cs line 42]

Tile_1_1: Destroy may not be called from edit mode! Use DestroyImmediate instead.
Destroying an object in edit mode destroys it permanently
UnityEngine.Debug:ExtractStackTraceNoAlloc (byte*,int,string)
UnityEngine.StackTraceUtility:ExtractStackTrace ()
UnityEngine.Object:Destroy (UnityEngine.Object,single)
UnityEngine.Object:Destroy (UnityEngine.Object)
QuizBattle.Arena.GridController:CreateTile (int,int,UnityEngine.Color) (at Assets/Scripts/Arena/GridController.cs:57)
QuizBattle.Arena.GridController:BuildGrid (int,int,int) (at Assets/Scripts/Arena/GridController.cs:42)
ArenaDemoRunner:RunVfxShowcase () (at Assets/Editor/ArenaDemoRunner.cs:68)
ArenaDemoRunner:Run () (at Assets/Editor/ArenaDemoRunner.cs:23)

[Assets/Scripts/Arena/GridController.cs line 42]

Tile_1_2: Destroy may not be called from edit mode! Use DestroyImmediate instead.
Destroying an object in edit mode destroys it permanently
UnityEngine.Debug:ExtractStackTraceNoAlloc (byte*,int,string)
UnityEngine.StackTraceUtility:ExtractStackTrace ()
UnityEngine.Object:Destroy (UnityEngine.Object,single)
UnityEngine.Object:Destroy (UnityEngine.Object)
QuizBattle.Arena.GridController:CreateTile (int,int,UnityEngine.Color) (at Assets/Scripts/Arena/GridController.cs:57)
QuizBattle.Arena.GridController:BuildGrid (int,int,int) (at Assets/Scripts/Arena/GridController.cs:42)
ArenaDemoRunner:RunVfxShowcase () (at Assets/Editor/ArenaDemoRunner.cs:68)
ArenaDemoRunner:Run () (at Assets/Editor/ArenaDemoRunner.cs:23)

[Assets/Scripts/Arena/GridController.cs line 42]

Tile_1_3: Destroy may not be called from edit mode! Use DestroyImmediate instead.
Destroying an object in edit mode destroys it permanently
UnityEngine.Debug:ExtractStackTraceNoAlloc (byte*,int,string)
UnityEngine.StackTraceUtility:ExtractStackTrace ()
UnityEngine.Object:Destroy (UnityEngine.Object,single)
UnityEngine.Object:Destroy (UnityEngine.Object)
QuizBattle.Arena.GridController:CreateTile (int,int,UnityEngine.Color) (at Assets/Scripts/Arena/GridController.cs:57)
QuizBattle.Arena.GridController:BuildGrid (int,int,int) (at Assets/Scripts/Arena/GridController.cs:42)
ArenaDemoRunner:RunVfxShowcase () (at Assets/Editor/ArenaDemoRunner.cs:68)
ArenaDemoRunner:Run () (at Assets/Editor/ArenaDemoRunner.cs:23)

[Assets/Scripts/Arena/GridController.cs line 42]

Tile_1_4: Destroy may not be called from edit mode! Use DestroyImmediate instead.
Destroying an object in edit mode destroys it permanently
UnityEngine.Debug:ExtractStackTraceNoAlloc (byte*,int,string)
UnityEngine.StackTraceUtility:ExtractStackTrace ()
UnityEngine.Object:Destroy (UnityEngine.Object,single)
UnityEngine.Object:Destroy (UnityEngine.Object)
QuizBattle.Arena.GridController:CreateTile (int,int,UnityEngine.Color) (at Assets/Scripts/Arena/GridController.cs:57)
QuizBattle.Arena.GridController:BuildGrid (int,int,int) (at Assets/Scripts/Arena/GridController.cs:42)
ArenaDemoRunner:RunVfxShowcase () (at Assets/Editor/ArenaDemoRunner.cs:68)
ArenaDemoRunner:Run () (at Assets/Editor/ArenaDemoRunner.cs:23)

[Assets/Scripts/Arena/GridController.cs line 42]

Tile_1_5: Destroy may not be called from edit mode! Use DestroyImmediate instead.
Destroying an object in edit mode destroys it permanently
UnityEngine.Debug:ExtractStackTraceNoAlloc (byte*,int,string)
UnityEngine.StackTraceUtility:ExtractStackTrace ()
UnityEngine.Object:Destroy (UnityEngine.Object,single)
UnityEngine.Object:Destroy (UnityEngine.Object)
QuizBattle.Arena.GridController:CreateTile (int,int,UnityEngine.Color) (at Assets/Scripts/Arena/GridController.cs:57)
QuizBattle.Arena.GridController:BuildGrid (int,int,int) (at Assets/Scripts/Arena/GridController.cs:42)
ArenaDemoRunner:RunVfxShowcase () (at Assets/Editor/ArenaDemoRunner.cs:68)
ArenaDemoRunner:Run () (at Assets/Editor/ArenaDemoRunner.cs:23)

[Assets/Scripts/Arena/GridController.cs line 42]

ZoneGlow_1_5: Destroy may not be called from edit mode! Use DestroyImmediate instead.
Destroying an object in edit mode destroys it permanently
UnityEngine.Debug:ExtractStackTraceNoAlloc (byte*,int,string)
UnityEngine.StackTraceUtility:ExtractStackTrace ()
UnityEngine.Object:Destroy (UnityEngine.Object,single)
UnityEngine.Object:Destroy (UnityEngine.Object)
QuizBattle.Arena.GridController:CreateZoneGlow (int,int) (at Assets/Scripts/Arena/GridController.cs:99)
QuizBattle.Arena.GridController:BuildGrid (int,int,int) (at Assets/Scripts/Arena/GridController.cs:43)
ArenaDemoRunner:RunVfxShowcase () (at Assets/Editor/ArenaDemoRunner.cs:68)
ArenaDemoRunner:Run () (at Assets/Editor/ArenaDemoRunner.cs:23)

[Assets/Scripts/Arena/GridController.cs line 99]

Tile_2_0: Destroy may not be called from edit mode! Use DestroyImmediate instead.
Destroying an object in edit mode destroys it permanently
UnityEngine.Debug:ExtractStackTraceNoAlloc (byte*,int,string)
UnityEngine.StackTraceUtility:ExtractStackTrace ()
UnityEngine.Object:Destroy (UnityEngine.Object,single)
UnityEngine.Object:Destroy (UnityEngine.Object)
QuizBattle.Arena.GridController:CreateTile (int,int,UnityEngine.Color) (at Assets/Scripts/Arena/GridController.cs:57)
QuizBattle.Arena.GridController:BuildGrid (int,int,int) (at Assets/Scripts/Arena/GridController.cs:42)
ArenaDemoRunner:RunVfxShowcase () (at Assets/Editor/ArenaDemoRunner.cs:68)
ArenaDemoRunner:Run () (at Assets/Editor/ArenaDemoRunner.cs:23)

[Assets/Scripts/Arena/GridController.cs line 42]

Tile_2_1: Destroy may not be called from edit mode! Use DestroyImmediate instead.
Destroying an object in edit mode destroys it permanently
UnityEngine.Debug:ExtractStackTraceNoAlloc (byte*,int,string)
UnityEngine.StackTraceUtility:ExtractStackTrace ()
UnityEngine.Object:Destroy (UnityEngine.Object,single)
UnityEngine.Object:Destroy (UnityEngine.Object)
QuizBattle.Arena.GridController:CreateTile (int,int,UnityEngine.Color) (at Assets/Scripts/Arena/GridController.cs:57)
QuizBattle.Arena.GridController:BuildGrid (int,int,int) (at Assets/Scripts/Arena/GridController.cs:42)
ArenaDemoRunner:RunVfxShowcase () (at Assets/Editor/ArenaDemoRunner.cs:68)
ArenaDemoRunner:Run () (at Assets/Editor/ArenaDemoRunner.cs:23)

[Assets/Scripts/Arena/GridController.cs line 42]

Tile_2_2: Destroy may not be called from edit mode! Use DestroyImmediate instead.
Destroying an object in edit mode destroys it permanently
UnityEngine.Debug:ExtractStackTraceNoAlloc (byte*,int,string)
UnityEngine.StackTraceUtility:ExtractStackTrace ()
UnityEngine.Object:Destroy (UnityEngine.Object,single)
UnityEngine.Object:Destroy (UnityEngine.Object)
QuizBattle.Arena.GridController:CreateTile (int,int,UnityEngine.Color) (at Assets/Scripts/Arena/GridController.cs:57)
QuizBattle.Arena.GridController:BuildGrid (int,int,int) (at Assets/Scripts/Arena/GridController.cs:42)
ArenaDemoRunner:RunVfxShowcase () (at Assets/Editor/ArenaDemoRunner.cs:68)
ArenaDemoRunner:Run () (at Assets/Editor/ArenaDemoRunner.cs:23)

[Assets/Scripts/Arena/GridController.cs line 42]

Tile_2_3: Destroy may not be called from edit mode! Use DestroyImmediate instead.
Destroying an object in edit mode destroys it permanently
UnityEngine.Debug:ExtractStackTraceNoAlloc (byte*,int,string)
UnityEngine.StackTraceUtility:ExtractStackTrace ()
UnityEngine.Object:Destroy (UnityEngine.Object,single)
UnityEngine.Object:Destroy (UnityEngine.Object)
QuizBattle.Arena.GridController:CreateTile (int,int,UnityEngine.Color) (at Assets/Scripts/Arena/GridController.cs:57)
QuizBattle.Arena.GridController:BuildGrid (int,int,int) (at Assets/Scripts/Arena/GridController.cs:42)
ArenaDemoRunner:RunVfxShowcase () (at Assets/Editor/ArenaDemoRunner.cs:68)
ArenaDemoRunner:Run () (at Assets/Editor/ArenaDemoRunner.cs:23)

[Assets/Scripts/Arena/GridController.cs line 42]

Tile_2_4: Destroy may not be called from edit mode! Use DestroyImmediate instead.
Destroying an object in edit mode destroys it permanently
UnityEngine.Debug:ExtractStackTraceNoAlloc (byte*,int,string)
UnityEngine.StackTraceUtility:ExtractStackTrace ()
UnityEngine.Object:Destroy (UnityEngine.Object,single)
UnityEngine.Object:Destroy (UnityEngine.Object)
QuizBattle.Arena.GridController:CreateTile (int,int,UnityEngine.Color) (at Assets/Scripts/Arena/GridController.cs:57)
QuizBattle.Arena.GridController:BuildGrid (int,int,int) (at Assets/Scripts/Arena/GridController.cs:42)
ArenaDemoRunner:RunVfxShowcase () (at Assets/Editor/ArenaDemoRunner.cs:68)
ArenaDemoRunner:Run () (at Assets/Editor/ArenaDemoRunner.cs:23)

[Assets/Scripts/Arena/GridController.cs line 42]

Tile_2_5: Destroy may not be called from edit mode! Use DestroyImmediate instead.
Destroying an object in edit mode destroys it permanently
UnityEngine.Debug:ExtractStackTraceNoAlloc (byte*,int,string)
UnityEngine.StackTraceUtility:ExtractStackTrace ()
UnityEngine.Object:Destroy (UnityEngine.Object,single)
UnityEngine.Object:Destroy (UnityEngine.Object)
QuizBattle.Arena.GridController:CreateTile (int,int,UnityEngine.Color) (at Assets/Scripts/Arena/GridController.cs:57)
QuizBattle.Arena.GridController:BuildGrid (int,int,int) (at Assets/Scripts/Arena/GridController.cs:42)
ArenaDemoRunner:RunVfxShowcase () (at Assets/Editor/ArenaDemoRunner.cs:68)
ArenaDemoRunner:Run () (at Assets/Editor/ArenaDemoRunner.cs:23)

[Assets/Scripts/Arena/GridController.cs line 42]

ZoneGlow_2_5: Destroy may not be called from edit mode! Use DestroyImmediate instead.
Destroying an object in edit mode destroys it permanently
UnityEngine.Debug:ExtractStackTraceNoAlloc (byte*,int,string)
UnityEngine.StackTraceUtility:ExtractStackTrace ()
UnityEngine.Object:Destroy (UnityEngine.Object,single)
UnityEngine.Object:Destroy (UnityEngine.Object)
QuizBattle.Arena.GridController:CreateZoneGlow (int,int) (at Assets/Scripts/Arena/GridController.cs:99)
QuizBattle.Arena.GridController:BuildGrid (int,int,int) (at Assets/Scripts/Arena/GridController.cs:43)
ArenaDemoRunner:RunVfxShowcase () (at Assets/Editor/ArenaDemoRunner.cs:68)
ArenaDemoRunner:Run () (at Assets/Editor/ArenaDemoRunner.cs:23)

[Assets/Scripts/Arena/GridController.cs line 99]

Tile_3_0: Destroy may not be called from edit mode! Use DestroyImmediate instead.
Destroying an object in edit mode destroys it permanently
UnityEngine.Debug:ExtractStackTraceNoAlloc (byte*,int,string)
UnityEngine.StackTraceUtility:ExtractStackTrace ()
UnityEngine.Object:Destroy (UnityEngine.Object,single)
UnityEngine.Object:Destroy (UnityEngine.Object)
QuizBattle.Arena.GridController:CreateTile (int,int,UnityEngine.Color) (at Assets/Scripts/Arena/GridController.cs:57)
QuizBattle.Arena.GridController:BuildGrid (int,int,int) (at Assets/Scripts/Arena/GridController.cs:42)
ArenaDemoRunner:RunVfxShowcase () (at Assets/Editor/ArenaDemoRunner.cs:68)
ArenaDemoRunner:Run () (at Assets/Editor/ArenaDemoRunner.cs:23)

[Assets/Scripts/Arena/GridController.cs line 42]

Tile_3_1: Destroy may not be called from edit mode! Use DestroyImmediate instead.
Destroying an object in edit mode destroys it permanently
UnityEngine.Debug:ExtractStackTraceNoAlloc (byte*,int,string)
UnityEngine.StackTraceUtility:ExtractStackTrace ()
UnityEngine.Object:Destroy (UnityEngine.Object,single)
UnityEngine.Object:Destroy (UnityEngine.Object)
QuizBattle.Arena.GridController:CreateTile (int,int,UnityEngine.Color) (at Assets/Scripts/Arena/GridController.cs:57)
QuizBattle.Arena.GridController:BuildGrid (int,int,int) (at Assets/Scripts/Arena/GridController.cs:42)
ArenaDemoRunner:RunVfxShowcase () (at Assets/Editor/ArenaDemoRunner.cs:68)
ArenaDemoRunner:Run () (at Assets/Editor/ArenaDemoRunner.cs:23)

[Assets/Scripts/Arena/GridController.cs line 42]

Tile_3_2: Destroy may not be called from edit mode! Use DestroyImmediate instead.
Destroying an object in edit mode destroys it permanently
UnityEngine.Debug:ExtractStackTraceNoAlloc (byte*,int,string)
UnityEngine.StackTraceUtility:ExtractStackTrace ()
UnityEngine.Object:Destroy (UnityEngine.Object,single)
UnityEngine.Object:Destroy (UnityEngine.Object)
QuizBattle.Arena.GridController:CreateTile (int,int,UnityEngine.Color) (at Assets/Scripts/Arena/GridController.cs:57)
QuizBattle.Arena.GridController:BuildGrid (int,int,int) (at Assets/Scripts/Arena/GridController.cs:42)
ArenaDemoRunner:RunVfxShowcase () (at Assets/Editor/ArenaDemoRunner.cs:68)
ArenaDemoRunner:Run () (at Assets/Editor/ArenaDemoRunner.cs:23)

[Assets/Scripts/Arena/GridController.cs line 42]

Tile_3_3: Destroy may not be called from edit mode! Use DestroyImmediate instead.
Destroying an object in edit mode destroys it permanently
UnityEngine.Debug:ExtractStackTraceNoAlloc (byte*,int,string)
UnityEngine.StackTraceUtility:ExtractStackTrace ()
UnityEngine.Object:Destroy (UnityEngine.Object,single)
UnityEngine.Object:Destroy (UnityEngine.Object)
QuizBattle.Arena.GridController:CreateTile (int,int,UnityEngine.Color) (at Assets/Scripts/Arena/GridController.cs:57)
QuizBattle.Arena.GridController:BuildGrid (int,int,int) (at Assets/Scripts/Arena/GridController.cs:42)
ArenaDemoRunner:RunVfxShowcase () (at Assets/Editor/ArenaDemoRunner.cs:68)
ArenaDemoRunner:Run () (at Assets/Editor/ArenaDemoRunner.cs:23)

[Assets/Scripts/Arena/GridController.cs line 42]

Tile_3_4: Destroy may not be called from edit mode! Use DestroyImmediate instead.
Destroying an object in edit mode destroys it permanently
UnityEngine.Debug:ExtractStackTraceNoAlloc (byte*,int,string)
UnityEngine.StackTraceUtility:ExtractStackTrace ()
UnityEngine.Object:Destroy (UnityEngine.Object,single)
UnityEngine.Object:Destroy (UnityEngine.Object)
QuizBattle.Arena.GridController:CreateTile (int,int,UnityEngine.Color) (at Assets/Scripts/Arena/GridController.cs:57)
QuizBattle.Arena.GridController:BuildGrid (int,int,int) (at Assets/Scripts/Arena/GridController.cs:42)
ArenaDemoRunner:RunVfxShowcase () (at Assets/Editor/ArenaDemoRunner.cs:68)
ArenaDemoRunner:Run () (at Assets/Editor/ArenaDemoRunner.cs:23)

[Assets/Scripts/Arena/GridController.cs line 42]

Tile_3_5: Destroy may not be called from edit mode! Use DestroyImmediate instead.
Destroying an object in edit mode destroys it permanently
UnityEngine.Debug:ExtractStackTraceNoAlloc (byte*,int,string)
UnityEngine.StackTraceUtility:ExtractStackTrace ()
UnityEngine.Object:Destroy (UnityEngine.Object,single)
UnityEngine.Object:Destroy (UnityEngine.Object)
QuizBattle.Arena.GridController:CreateTile (int,int,UnityEngine.Color) (at Assets/Scripts/Arena/GridController.cs:57)
QuizBattle.Arena.GridController:BuildGrid (int,int,int) (at Assets/Scripts/Arena/GridController.cs:42)
ArenaDemoRunner:RunVfxShowcase () (at Assets/Editor/ArenaDemoRunner.cs:68)
ArenaDemoRunner:Run () (at Assets/Editor/ArenaDemoRunner.cs:23)

[Assets/Scripts/Arena/GridController.cs line 42]

ZoneGlow_3_5: Destroy may not be called from edit mode! Use DestroyImmediate instead.
Destroying an object in edit mode destroys it permanently
UnityEngine.Debug:ExtractStackTraceNoAlloc (byte*,int,string)
UnityEngine.StackTraceUtility:ExtractStackTrace ()
UnityEngine.Object:Destroy (UnityEngine.Object,single)
UnityEngine.Object:Destroy (UnityEngine.Object)
QuizBattle.Arena.GridController:CreateZoneGlow (int,int) (at Assets/Scripts/Arena/GridController.cs:99)
QuizBattle.Arena.GridController:BuildGrid (int,int,int) (at Assets/Scripts/Arena/GridController.cs:43)
ArenaDemoRunner:RunVfxShowcase () (at Assets/Editor/ArenaDemoRunner.cs:68)
ArenaDemoRunner:Run () (at Assets/Editor/ArenaDemoRunner.cs:23)

[Assets/Scripts/Arena/GridController.cs line 99]

Tile_4_0: Destroy may not be called from edit mode! Use DestroyImmediate instead.
Destroying an object in edit mode destroys it permanently
UnityEngine.Debug:ExtractStackTraceNoAlloc (byte*,int,string)
UnityEngine.StackTraceUtility:ExtractStackTrace ()
UnityEngine.Object:Destroy (UnityEngine.Object,single)
UnityEngine.Object:Destroy (UnityEngine.Object)
QuizBattle.Arena.GridController:CreateTile (int,int,UnityEngine.Color) (at Assets/Scripts/Arena/GridController.cs:57)
QuizBattle.Arena.GridController:BuildGrid (int,int,int) (at Assets/Scripts/Arena/GridController.cs:42)
ArenaDemoRunner:RunVfxShowcase () (at Assets/Editor/ArenaDemoRunner.cs:68)
ArenaDemoRunner:Run () (at Assets/Editor/ArenaDemoRunner.cs:23)

[Assets/Scripts/Arena/GridController.cs line 42]

Tile_4_1: Destroy may not be called from edit mode! Use DestroyImmediate instead.
Destroying an object in edit mode destroys it permanently
UnityEngine.Debug:ExtractStackTraceNoAlloc (byte*,int,string)
UnityEngine.StackTraceUtility:ExtractStackTrace ()
UnityEngine.Object:Destroy (UnityEngine.Object,single)
UnityEngine.Object:Destroy (UnityEngine.Object)
QuizBattle.Arena.GridController:CreateTile (int,int,UnityEngine.Color) (at Assets/Scripts/Arena/GridController.cs:57)
QuizBattle.Arena.GridController:BuildGrid (int,int,int) (at Assets/Scripts/Arena/GridController.cs:42)
ArenaDemoRunner:RunVfxShowcase () (at Assets/Editor/ArenaDemoRunner.cs:68)
ArenaDemoRunner:Run () (at Assets/Editor/ArenaDemoRunner.cs:23)

[Assets/Scripts/Arena/GridController.cs line 42]

Tile_4_2: Destroy may not be called from edit mode! Use DestroyImmediate instead.
Destroying an object in edit mode destroys it permanently
UnityEngine.Debug:ExtractStackTraceNoAlloc (byte*,int,string)
UnityEngine.StackTraceUtility:ExtractStackTrace ()
UnityEngine.Object:Destroy (UnityEngine.Object,single)
UnityEngine.Object:Destroy (UnityEngine.Object)
QuizBattle.Arena.GridController:CreateTile (int,int,UnityEngine.Color) (at Assets/Scripts/Arena/GridController.cs:57)
QuizBattle.Arena.GridController:BuildGrid (int,int,int) (at Assets/Scripts/Arena/GridController.cs:42)
ArenaDemoRunner:RunVfxShowcase () (at Assets/Editor/ArenaDemoRunner.cs:68)
ArenaDemoRunner:Run () (at Assets/Editor/ArenaDemoRunner.cs:23)

[Assets/Scripts/Arena/GridController.cs line 42]

Tile_4_3: Destroy may not be called from edit mode! Use DestroyImmediate instead.
Destroying an object in edit mode destroys it permanently
UnityEngine.Debug:ExtractStackTraceNoAlloc (byte*,int,string)
UnityEngine.StackTraceUtility:ExtractStackTrace ()
UnityEngine.Object:Destroy (UnityEngine.Object,single)
UnityEngine.Object:Destroy (UnityEngine.Object)
QuizBattle.Arena.GridController:CreateTile (int,int,UnityEngine.Color) (at Assets/Scripts/Arena/GridController.cs:57)
QuizBattle.Arena.GridController:BuildGrid (int,int,int) (at Assets/Scripts/Arena/GridController.cs:42)
ArenaDemoRunner:RunVfxShowcase () (at Assets/Editor/ArenaDemoRunner.cs:68)
ArenaDemoRunner:Run () (at Assets/Editor/ArenaDemoRunner.cs:23)

[Assets/Scripts/Arena/GridController.cs line 42]

Tile_4_4: Destroy may not be called from edit mode! Use DestroyImmediate instead.
Destroying an object in edit mode destroys it permanently
UnityEngine.Debug:ExtractStackTraceNoAlloc (byte*,int,string)
UnityEngine.StackTraceUtility:ExtractStackTrace ()
UnityEngine.Object:Destroy (UnityEngine.Object,single)
UnityEngine.Object:Destroy (UnityEngine.Object)
QuizBattle.Arena.GridController:CreateTile (int,int,UnityEngine.Color) (at Assets/Scripts/Arena/GridController.cs:57)
QuizBattle.Arena.GridController:BuildGrid (int,int,int) (at Assets/Scripts/Arena/GridController.cs:42)
ArenaDemoRunner:RunVfxShowcase () (at Assets/Editor/ArenaDemoRunner.cs:68)
ArenaDemoRunner:Run () (at Assets/Editor/ArenaDemoRunner.cs:23)

[Assets/Scripts/Arena/GridController.cs line 42]

Tile_4_5: Destroy may not be called from edit mode! Use DestroyImmediate instead.
Destroying an object in edit mode destroys it permanently
UnityEngine.Debug:ExtractStackTraceNoAlloc (byte*,int,string)
UnityEngine.StackTraceUtility:ExtractStackTrace ()
UnityEngine.Object:Destroy (UnityEngine.Object,single)
UnityEngine.Object:Destroy (UnityEngine.Object)
QuizBattle.Arena.GridController:CreateTile (int,int,UnityEngine.Color) (at Assets/Scripts/Arena/GridController.cs:57)
QuizBattle.Arena.GridController:BuildGrid (int,int,int) (at Assets/Scripts/Arena/GridController.cs:42)
ArenaDemoRunner:RunVfxShowcase () (at Assets/Editor/ArenaDemoRunner.cs:68)
ArenaDemoRunner:Run () (at Assets/Editor/ArenaDemoRunner.cs:23)

[Assets/Scripts/Arena/GridController.cs line 42]

ZoneGlow_4_5: Destroy may not be called from edit mode! Use DestroyImmediate instead.
Destroying an object in edit mode destroys it permanently
UnityEngine.Debug:ExtractStackTraceNoAlloc (byte*,int,string)
UnityEngine.StackTraceUtility:ExtractStackTrace ()
UnityEngine.Object:Destroy (UnityEngine.Object,single)
UnityEngine.Object:Destroy (UnityEngine.Object)
QuizBattle.Arena.GridController:CreateZoneGlow (int,int) (at Assets/Scripts/Arena/GridController.cs:99)
QuizBattle.Arena.GridController:BuildGrid (int,int,int) (at Assets/Scripts/Arena/GridController.cs:43)
ArenaDemoRunner:RunVfxShowcase () (at Assets/Editor/ArenaDemoRunner.cs:68)
ArenaDemoRunner:Run () (at Assets/Editor/ArenaDemoRunner.cs:23)

[Assets/Scripts/Arena/GridController.cs line 99]

Tile_5_0: Destroy may not be called from edit mode! Use DestroyImmediate instead.
Destroying an object in edit mode destroys it permanently
UnityEngine.Debug:ExtractStackTraceNoAlloc (byte*,int,string)
UnityEngine.StackTraceUtility:ExtractStackTrace ()
UnityEngine.Object:Destroy (UnityEngine.Object,single)
UnityEngine.Object:Destroy (UnityEngine.Object)
QuizBattle.Arena.GridController:CreateTile (int,int,UnityEngine.Color) (at Assets/Scripts/Arena/GridController.cs:57)
QuizBattle.Arena.GridController:BuildGrid (int,int,int) (at Assets/Scripts/Arena/GridController.cs:42)
ArenaDemoRunner:RunVfxShowcase () (at Assets/Editor/ArenaDemoRunner.cs:68)
ArenaDemoRunner:Run () (at Assets/Editor/ArenaDemoRunner.cs:23)

[Assets/Scripts/Arena/GridController.cs line 42]

Tile_5_1: Destroy may not be called from edit mode! Use DestroyImmediate instead.
Destroying an object in edit mode destroys it permanently
UnityEngine.Debug:ExtractStackTraceNoAlloc (byte*,int,string)
UnityEngine.StackTraceUtility:ExtractStackTrace ()
UnityEngine.Object:Destroy (UnityEngine.Object,single)
UnityEngine.Object:Destroy (UnityEngine.Object)
QuizBattle.Arena.GridController:CreateTile (int,int,UnityEngine.Color) (at Assets/Scripts/Arena/GridController.cs:57)
QuizBattle.Arena.GridController:BuildGrid (int,int,int) (at Assets/Scripts/Arena/GridController.cs:42)
ArenaDemoRunner:RunVfxShowcase () (at Assets/Editor/ArenaDemoRunner.cs:68)
ArenaDemoRunner:Run () (at Assets/Editor/ArenaDemoRunner.cs:23)

[Assets/Scripts/Arena/GridController.cs line 42]

Tile_5_2: Destroy may not be called from edit mode! Use DestroyImmediate instead.
Destroying an object in edit mode destroys it permanently
UnityEngine.Debug:ExtractStackTraceNoAlloc (byte*,int,string)
UnityEngine.StackTraceUtility:ExtractStackTrace ()
UnityEngine.Object:Destroy (UnityEngine.Object,single)
UnityEngine.Object:Destroy (UnityEngine.Object)
QuizBattle.Arena.GridController:CreateTile (int,int,UnityEngine.Color) (at Assets/Scripts/Arena/GridController.cs:57)
QuizBattle.Arena.GridController:BuildGrid (int,int,int) (at Assets/Scripts/Arena/GridController.cs:42)
ArenaDemoRunner:RunVfxShowcase () (at Assets/Editor/ArenaDemoRunner.cs:68)
ArenaDemoRunner:Run () (at Assets/Editor/ArenaDemoRunner.cs:23)

[Assets/Scripts/Arena/GridController.cs line 42]

Tile_5_3: Destroy may not be called from edit mode! Use DestroyImmediate instead.
Destroying an object in edit mode destroys it permanently
UnityEngine.Debug:ExtractStackTraceNoAlloc (byte*,int,string)
UnityEngine.StackTraceUtility:ExtractStackTrace ()
UnityEngine.Object:Destroy (UnityEngine.Object,single)
UnityEngine.Object:Destroy (UnityEngine.Object)
QuizBattle.Arena.GridController:CreateTile (int,int,UnityEngine.Color) (at Assets/Scripts/Arena/GridController.cs:57)
QuizBattle.Arena.GridController:BuildGrid (int,int,int) (at Assets/Scripts/Arena/GridController.cs:42)
ArenaDemoRunner:RunVfxShowcase () (at Assets/Editor/ArenaDemoRunner.cs:68)
ArenaDemoRunner:Run () (at Assets/Editor/ArenaDemoRunner.cs:23)

[Assets/Scripts/Arena/GridController.cs line 42]

Tile_5_4: Destroy may not be called from edit mode! Use DestroyImmediate instead.
Destroying an object in edit mode destroys it permanently
UnityEngine.Debug:ExtractStackTraceNoAlloc (byte*,int,string)
UnityEngine.StackTraceUtility:ExtractStackTrace ()
UnityEngine.Object:Destroy (UnityEngine.Object,single)
UnityEngine.Object:Destroy (UnityEngine.Object)
QuizBattle.Arena.GridController:CreateTile (int,int,UnityEngine.Color) (at Assets/Scripts/Arena/GridController.cs:57)
QuizBattle.Arena.GridController:BuildGrid (int,int,int) (at Assets/Scripts/Arena/GridController.cs:42)
ArenaDemoRunner:RunVfxShowcase () (at Assets/Editor/ArenaDemoRunner.cs:68)
ArenaDemoRunner:Run () (at Assets/Editor/ArenaDemoRunner.cs:23)

[Assets/Scripts/Arena/GridController.cs line 42]

Tile_5_5: Destroy may not be called from edit mode! Use DestroyImmediate instead.
Destroying an object in edit mode destroys it permanently
UnityEngine.Debug:ExtractStackTraceNoAlloc (byte*,int,string)
UnityEngine.StackTraceUtility:ExtractStackTrace ()
UnityEngine.Object:Destroy (UnityEngine.Object,single)
UnityEngine.Object:Destroy (UnityEngine.Object)
QuizBattle.Arena.GridController:CreateTile (int,int,UnityEngine.Color) (at Assets/Scripts/Arena/GridController.cs:57)
QuizBattle.Arena.GridController:BuildGrid (int,int,int) (at Assets/Scripts/Arena/GridController.cs:42)
ArenaDemoRunner:RunVfxShowcase () (at Assets/Editor/ArenaDemoRunner.cs:68)
ArenaDemoRunner:Run () (at Assets/Editor/ArenaDemoRunner.cs:23)

[Assets/Scripts/Arena/GridController.cs line 42]

ZoneGlow_5_5: Destroy may not be called from edit mode! Use DestroyImmediate instead.
Destroying an object in edit mode destroys it permanently
UnityEngine.Debug:ExtractStackTraceNoAlloc (byte*,int,string)
UnityEngine.StackTraceUtility:ExtractStackTrace ()
UnityEngine.Object:Destroy (UnityEngine.Object,single)
UnityEngine.Object:Destroy (UnityEngine.Object)
QuizBattle.Arena.GridController:CreateZoneGlow (int,int) (at Assets/Scripts/Arena/GridController.cs:99)
QuizBattle.Arena.GridController:BuildGrid (int,int,int) (at Assets/Scripts/Arena/GridController.cs:43)
ArenaDemoRunner:RunVfxShowcase () (at Assets/Editor/ArenaDemoRunner.cs:68)
ArenaDemoRunner:Run () (at Assets/Editor/ArenaDemoRunner.cs:23)

[Assets/Scripts/Arena/GridController.cs line 99]

Tile_6_0: Destroy may not be called from edit mode! Use DestroyImmediate instead.
Destroying an object in edit mode destroys it permanently
UnityEngine.Debug:ExtractStackTraceNoAlloc (byte*,int,string)
UnityEngine.StackTraceUtility:ExtractStackTrace ()
UnityEngine.Object:Destroy (UnityEngine.Object,single)
UnityEngine.Object:Destroy (UnityEngine.Object)
QuizBattle.Arena.GridController:CreateTile (int,int,UnityEngine.Color) (at Assets/Scripts/Arena/GridController.cs:57)
QuizBattle.Arena.GridController:BuildGrid (int,int,int) (at Assets/Scripts/Arena/GridController.cs:42)
ArenaDemoRunner:RunVfxShowcase () (at Assets/Editor/ArenaDemoRunner.cs:68)
ArenaDemoRunner:Run () (at Assets/Editor/ArenaDemoRunner.cs:23)

[Assets/Scripts/Arena/GridController.cs line 42]

Tile_6_1: Destroy may not be called from edit mode! Use DestroyImmediate instead.
Destroying an object in edit mode destroys it permanently
UnityEngine.Debug:ExtractStackTraceNoAlloc (byte*,int,string)
UnityEngine.StackTraceUtility:ExtractStackTrace ()
UnityEngine.Object:Destroy (UnityEngine.Object,single)
UnityEngine.Object:Destroy (UnityEngine.Object)
QuizBattle.Arena.GridController:CreateTile (int,int,UnityEngine.Color) (at Assets/Scripts/Arena/GridController.cs:57)
QuizBattle.Arena.GridController:BuildGrid (int,int,int) (at Assets/Scripts/Arena/GridController.cs:42)
ArenaDemoRunner:RunVfxShowcase () (at Assets/Editor/ArenaDemoRunner.cs:68)
ArenaDemoRunner:Run () (at Assets/Editor/ArenaDemoRunner.cs:23)

[Assets/Scripts/Arena/GridController.cs line 42]

Tile_6_2: Destroy may not be called from edit mode! Use DestroyImmediate instead.
Destroying an object in edit mode destroys it permanently
UnityEngine.Debug:ExtractStackTraceNoAlloc (byte*,int,string)
UnityEngine.StackTraceUtility:ExtractStackTrace ()
UnityEngine.Object:Destroy (UnityEngine.Object,single)
UnityEngine.Object:Destroy (UnityEngine.Object)
QuizBattle.Arena.GridController:CreateTile (int,int,UnityEngine.Color) (at Assets/Scripts/Arena/GridController.cs:57)
QuizBattle.Arena.GridController:BuildGrid (int,int,int) (at Assets/Scripts/Arena/GridController.cs:42)
ArenaDemoRunner:RunVfxShowcase () (at Assets/Editor/ArenaDemoRunner.cs:68)
ArenaDemoRunner:Run () (at Assets/Editor/ArenaDemoRunner.cs:23)

[Assets/Scripts/Arena/GridController.cs line 42]

Tile_6_3: Destroy may not be called from edit mode! Use DestroyImmediate instead.
Destroying an object in edit mode destroys it permanently
UnityEngine.Debug:ExtractStackTraceNoAlloc (byte*,int,string)
UnityEngine.StackTraceUtility:ExtractStackTrace ()
UnityEngine.Object:Destroy (UnityEngine.Object,single)
UnityEngine.Object:Destroy (UnityEngine.Object)
QuizBattle.Arena.GridController:CreateTile (int,int,UnityEngine.Color) (at Assets/Scripts/Arena/GridController.cs:57)
QuizBattle.Arena.GridController:BuildGrid (int,int,int) (at Assets/Scripts/Arena/GridController.cs:42)
ArenaDemoRunner:RunVfxShowcase () (at Assets/Editor/ArenaDemoRunner.cs:68)
ArenaDemoRunner:Run () (at Assets/Editor/ArenaDemoRunner.cs:23)

[Assets/Scripts/Arena/GridController.cs line 42]

Tile_6_4: Destroy may not be called from edit mode! Use DestroyImmediate instead.
Destroying an object in edit mode destroys it permanently
UnityEngine.Debug:ExtractStackTraceNoAlloc (byte*,int,string)
UnityEngine.StackTraceUtility:ExtractStackTrace ()
UnityEngine.Object:Destroy (UnityEngine.Object,single)
UnityEngine.Object:Destroy (UnityEngine.Object)
QuizBattle.Arena.GridController:CreateTile (int,int,UnityEngine.Color) (at Assets/Scripts/Arena/GridController.cs:57)
QuizBattle.Arena.GridController:BuildGrid (int,int,int) (at Assets/Scripts/Arena/GridController.cs:42)
ArenaDemoRunner:RunVfxShowcase () (at Assets/Editor/ArenaDemoRunner.cs:68)
ArenaDemoRunner:Run () (at Assets/Editor/ArenaDemoRunner.cs:23)

[Assets/Scripts/Arena/GridController.cs line 42]

Tile_6_5: Destroy may not be called from edit mode! Use DestroyImmediate instead.
Destroying an object in edit mode destroys it permanently
UnityEngine.Debug:ExtractStackTraceNoAlloc (byte*,int,string)
UnityEngine.StackTraceUtility:ExtractStackTrace ()
UnityEngine.Object:Destroy (UnityEngine.Object,single)
UnityEngine.Object:Destroy (UnityEngine.Object)
QuizBattle.Arena.GridController:CreateTile (int,int,UnityEngine.Color) (at Assets/Scripts/Arena/GridController.cs:57)
QuizBattle.Arena.GridController:BuildGrid (int,int,int) (at Assets/Scripts/Arena/GridController.cs:42)
ArenaDemoRunner:RunVfxShowcase () (at Assets/Editor/ArenaDemoRunner.cs:68)
ArenaDemoRunner:Run () (at Assets/Editor/ArenaDemoRunner.cs:23)

[Assets/Scripts/Arena/GridController.cs line 42]

ZoneGlow_6_5: Destroy may not be called from edit mode! Use DestroyImmediate instead.
Destroying an object in edit mode destroys it permanently
UnityEngine.Debug:ExtractStackTraceNoAlloc (byte*,int,string)
UnityEngine.StackTraceUtility:ExtractStackTrace ()
UnityEngine.Object:Destroy (UnityEngine.Object,single)
UnityEngine.Object:Destroy (UnityEngine.Object)
QuizBattle.Arena.GridController:CreateZoneGlow (int,int) (at Assets/Scripts/Arena/GridController.cs:99)
QuizBattle.Arena.GridController:BuildGrid (int,int,int) (at Assets/Scripts/Arena/GridController.cs:43)
ArenaDemoRunner:RunVfxShowcase () (at Assets/Editor/ArenaDemoRunner.cs:68)
ArenaDemoRunner:Run () (at Assets/Editor/ArenaDemoRunner.cs:23)

[Assets/Scripts/Arena/GridController.cs line 99]

Tile_7_0: Destroy may not be called from edit mode! Use DestroyImmediate instead.
Destroying an object in edit mode destroys it permanently
UnityEngine.Debug:ExtractStackTraceNoAlloc (byte*,int,string)
UnityEngine.StackTraceUtility:ExtractStackTrace ()
UnityEngine.Object:Destroy (UnityEngine.Object,single)
UnityEngine.Object:Destroy (UnityEngine.Object)
QuizBattle.Arena.GridController:CreateTile (int,int,UnityEngine.Color) (at Assets/Scripts/Arena/GridController.cs:57)
QuizBattle.Arena.GridController:BuildGrid (int,int,int) (at Assets/Scripts/Arena/GridController.cs:42)
ArenaDemoRunner:RunVfxShowcase () (at Assets/Editor/ArenaDemoRunner.cs:68)
ArenaDemoRunner:Run () (at Assets/Editor/ArenaDemoRunner.cs:23)

[Assets/Scripts/Arena/GridController.cs line 42]

Tile_7_1: Destroy may not be called from edit mode! Use DestroyImmediate instead.
Destroying an object in edit mode destroys it permanently
UnityEngine.Debug:ExtractStackTraceNoAlloc (byte*,int,string)
UnityEngine.StackTraceUtility:ExtractStackTrace ()
UnityEngine.Object:Destroy (UnityEngine.Object,single)
UnityEngine.Object:Destroy (UnityEngine.Object)
QuizBattle.Arena.GridController:CreateTile (int,int,UnityEngine.Color) (at Assets/Scripts/Arena/GridController.cs:57)
QuizBattle.Arena.GridController:BuildGrid (int,int,int) (at Assets/Scripts/Arena/GridController.cs:42)
ArenaDemoRunner:RunVfxShowcase () (at Assets/Editor/ArenaDemoRunner.cs:68)
ArenaDemoRunner:Run () (at Assets/Editor/ArenaDemoRunner.cs:23)

[Assets/Scripts/Arena/GridController.cs line 42]

Tile_7_2: Destroy may not be called from edit mode! Use DestroyImmediate instead.
Destroying an object in edit mode destroys it permanently
UnityEngine.Debug:ExtractStackTraceNoAlloc (byte*,int,string)
UnityEngine.StackTraceUtility:ExtractStackTrace ()
UnityEngine.Object:Destroy (UnityEngine.Object,single)
UnityEngine.Object:Destroy (UnityEngine.Object)
QuizBattle.Arena.GridController:CreateTile (int,int,UnityEngine.Color) (at Assets/Scripts/Arena/GridController.cs:57)
QuizBattle.Arena.GridController:BuildGrid (int,int,int) (at Assets/Scripts/Arena/GridController.cs:42)
ArenaDemoRunner:RunVfxShowcase () (at Assets/Editor/ArenaDemoRunner.cs:68)
ArenaDemoRunner:Run () (at Assets/Editor/ArenaDemoRunner.cs:23)

[Assets/Scripts/Arena/GridController.cs line 42]

Tile_7_3: Destroy may not be called from edit mode! Use DestroyImmediate instead.
Destroying an object in edit mode destroys it permanently
UnityEngine.Debug:ExtractStackTraceNoAlloc (byte*,int,string)
UnityEngine.StackTraceUtility:ExtractStackTrace ()
UnityEngine.Object:Destroy (UnityEngine.Object,single)
UnityEngine.Object:Destroy (UnityEngine.Object)
QuizBattle.Arena.GridController:CreateTile (int,int,UnityEngine.Color) (at Assets/Scripts/Arena/GridController.cs:57)
QuizBattle.Arena.GridController:BuildGrid (int,int,int) (at Assets/Scripts/Arena/GridController.cs:42)
ArenaDemoRunner:RunVfxShowcase () (at Assets/Editor/ArenaDemoRunner.cs:68)
ArenaDemoRunner:Run () (at Assets/Editor/ArenaDemoRunner.cs:23)

[Assets/Scripts/Arena/GridController.cs line 42]

Tile_7_4: Destroy may not be called from edit mode! Use DestroyImmediate instead.
Destroying an object in edit mode destroys it permanently
UnityEngine.Debug:ExtractStackTraceNoAlloc (byte*,int,string)
UnityEngine.StackTraceUtility:ExtractStackTrace ()
UnityEngine.Object:Destroy (UnityEngine.Object,single)
UnityEngine.Object:Destroy (UnityEngine.Object)
QuizBattle.Arena.GridController:CreateTile (int,int,UnityEngine.Color) (at Assets/Scripts/Arena/GridController.cs:57)
QuizBattle.Arena.GridController:BuildGrid (int,int,int) (at Assets/Scripts/Arena/GridController.cs:42)
ArenaDemoRunner:RunVfxShowcase () (at Assets/Editor/ArenaDemoRunner.cs:68)
ArenaDemoRunner:Run () (at Assets/Editor/ArenaDemoRunner.cs:23)

[Assets/Scripts/Arena/GridController.cs line 42]

Tile_7_5: Destroy may not be called from edit mode! Use DestroyImmediate instead.
Destroying an object in edit mode destroys it permanently
UnityEngine.Debug:ExtractStackTraceNoAlloc (byte*,int,string)
UnityEngine.StackTraceUtility:ExtractStackTrace ()
UnityEngine.Object:Destroy (UnityEngine.Object,single)
UnityEngine.Object:Destroy (UnityEngine.Object)
QuizBattle.Arena.GridController:CreateTile (int,int,UnityEngine.Color) (at Assets/Scripts/Arena/GridController.cs:57)
QuizBattle.Arena.GridController:BuildGrid (int,int,int) (at Assets/Scripts/Arena/GridController.cs:42)
ArenaDemoRunner:RunVfxShowcase () (at Assets/Editor/ArenaDemoRunner.cs:68)
ArenaDemoRunner:Run () (at Assets/Editor/ArenaDemoRunner.cs:23)

[Assets/Scripts/Arena/GridController.cs line 42]

ZoneGlow_7_5: Destroy may not be called from edit mode! Use DestroyImmediate instead.
Destroying an object in edit mode destroys it permanently
UnityEngine.Debug:ExtractStackTraceNoAlloc (byte*,int,string)
UnityEngine.StackTraceUtility:ExtractStackTrace ()
UnityEngine.Object:Destroy (UnityEngine.Object,single)
UnityEngine.Object:Destroy (UnityEngine.Object)
QuizBattle.Arena.GridController:CreateZoneGlow (int,int) (at Assets/Scripts/Arena/GridController.cs:99)
QuizBattle.Arena.GridController:BuildGrid (int,int,int) (at Assets/Scripts/Arena/GridController.cs:43)
ArenaDemoRunner:RunVfxShowcase () (at Assets/Editor/ArenaDemoRunner.cs:68)
ArenaDemoRunner:Run () (at Assets/Editor/ArenaDemoRunner.cs:23)

[Assets/Scripts/Arena/GridController.cs line 99]

Plinth: Destroy may not be called from edit mode! Use DestroyImmediate instead.
Destroying an object in edit mode destroys it permanently
UnityEngine.Debug:ExtractStackTraceNoAlloc (byte*,int,string)
UnityEngine.StackTraceUtility:ExtractStackTrace ()
UnityEngine.Object:Destroy (UnityEngine.Object,single)
UnityEngine.Object:Destroy (UnityEngine.Object)
QuizBattle.Arena.GridController:CreatePlinth (int,int) (at Assets/Scripts/Arena/GridController.cs:113)
QuizBattle.Arena.GridController:BuildGrid (int,int,int) (at Assets/Scripts/Arena/GridController.cs:47)
ArenaDemoRunner:RunVfxShowcase () (at Assets/Editor/ArenaDemoRunner.cs:68)
ArenaDemoRunner:Run () (at Assets/Editor/ArenaDemoRunner.cs:23)

[Assets/Scripts/Arena/GridController.cs line 113]

Vfx_Streaks: Destroy may not be called from edit mode! Use DestroyImmediate instead.
Destroying an object in edit mode destroys it permanently
UnityEngine.Debug:ExtractStackTraceNoAlloc (byte*,int,string)
UnityEngine.StackTraceUtility:ExtractStackTrace ()
UnityEngine.Object:Destroy (UnityEngine.Object,single)
QuizBattle.Arena.Vfx.ParticleFactory:Streaks (UnityEngine.Vector3,UnityEngine.Vector3,UnityEngine.Color,single,int) (at Assets/Scripts/Arena/Vfx/ParticleFactory.cs:103)
QuizBattle.Arena.Vfx.AbilityVfxPlayer:PlayFireball (UnityEngine.Vector3,UnityEngine.Vector3,System.Collections.Generic.List`1<UnityEngine.ParticleSystem>) (at Assets/Scripts/Arena/Vfx/AbilityVfxPlayer.cs:49)
QuizBattle.Arena.Vfx.AbilityVfxPlayer:Play (string,UnityEngine.Vector3,UnityEngine.Vector3,bool) (at Assets/Scripts/Arena/Vfx/AbilityVfxPlayer.cs:24)
ArenaDemoRunner:RunVfxShowcase () (at Assets/Editor/ArenaDemoRunner.cs:72)
ArenaDemoRunner:Run () (at Assets/Editor/ArenaDemoRunner.cs:23)

[Assets/Editor/ArenaDemoRunner.cs line 72]

Vfx_Burst: Destroy may not be called from edit mode! Use DestroyImmediate instead.
Destroying an object in edit mode destroys it permanently
UnityEngine.Debug:ExtractStackTraceNoAlloc (byte*,int,string)
UnityEngine.StackTraceUtility:ExtractStackTrace ()
UnityEngine.Object:Destroy (UnityEngine.Object,single)
QuizBattle.Arena.Vfx.ParticleFactory:Burst (UnityEngine.Vector3,UnityEngine.Color,single,int,single,single) (at Assets/Scripts/Arena/Vfx/ParticleFactory.cs:51)
QuizBattle.Arena.Vfx.AbilityVfxPlayer:PlayFireball (UnityEngine.Vector3,UnityEngine.Vector3,System.Collections.Generic.List`1<UnityEngine.ParticleSystem>) (at Assets/Scripts/Arena/Vfx/AbilityVfxPlayer.cs:50)
QuizBattle.Arena.Vfx.AbilityVfxPlayer:Play (string,UnityEngine.Vector3,UnityEngine.Vector3,bool) (at Assets/Scripts/Arena/Vfx/AbilityVfxPlayer.cs:24)
ArenaDemoRunner:RunVfxShowcase () (at Assets/Editor/ArenaDemoRunner.cs:72)
ArenaDemoRunner:Run () (at Assets/Editor/ArenaDemoRunner.cs:23)

[Assets/Editor/ArenaDemoRunner.cs line 72]

Vfx_RingWave: Destroy may not be called from edit mode! Use DestroyImmediate instead.
Destroying an object in edit mode destroys it permanently
UnityEngine.Debug:ExtractStackTraceNoAlloc (byte*,int,string)
UnityEngine.StackTraceUtility:ExtractStackTrace ()
UnityEngine.Object:Destroy (UnityEngine.Object,single)
QuizBattle.Arena.Vfx.ParticleFactory:RingWave (UnityEngine.Vector3,UnityEngine.Color,single,single,single,bool) (at Assets/Scripts/Arena/Vfx/ParticleFactory.cs:151)
QuizBattle.Arena.Vfx.AbilityVfxPlayer:PlayShieldShimmer (UnityEngine.Vector3,System.Collections.Generic.List`1<UnityEngine.ParticleSystem>) (at Assets/Scripts/Arena/Vfx/AbilityVfxPlayer.cs:56)
QuizBattle.Arena.Vfx.AbilityVfxPlayer:Play (string,UnityEngine.Vector3,UnityEngine.Vector3,bool) (at Assets/Scripts/Arena/Vfx/AbilityVfxPlayer.cs:27)
ArenaDemoRunner:RunVfxShowcase () (at Assets/Editor/ArenaDemoRunner.cs:73)
ArenaDemoRunner:Run () (at Assets/Editor/ArenaDemoRunner.cs:23)

[Assets/Editor/ArenaDemoRunner.cs line 73]

Vfx_Streaks: Destroy may not be called from edit mode! Use DestroyImmediate instead.
Destroying an object in edit mode destroys it permanently
UnityEngine.Debug:ExtractStackTraceNoAlloc (byte*,int,string)
UnityEngine.StackTraceUtility:ExtractStackTrace ()
UnityEngine.Object:Destroy (UnityEngine.Object,single)
QuizBattle.Arena.Vfx.ParticleFactory:Streaks (UnityEngine.Vector3,UnityEngine.Vector3,UnityEngine.Color,single,int) (at Assets/Scripts/Arena/Vfx/ParticleFactory.cs:103)
QuizBattle.Arena.Vfx.AbilityVfxPlayer:PlayWindTrail (UnityEngine.Vector3,UnityEngine.Vector3,System.Collections.Generic.List`1<UnityEngine.ParticleSystem>) (at Assets/Scripts/Arena/Vfx/AbilityVfxPlayer.cs:62)
QuizBattle.Arena.Vfx.AbilityVfxPlayer:Play (string,UnityEngine.Vector3,UnityEngine.Vector3,bool) (at Assets/Scripts/Arena/Vfx/AbilityVfxPlayer.cs:30)
ArenaDemoRunner:RunVfxShowcase () (at Assets/Editor/ArenaDemoRunner.cs:74)
ArenaDemoRunner:Run () (at Assets/Editor/ArenaDemoRunner.cs:23)

[Assets/Editor/ArenaDemoRunner.cs line 74]

Vfx_RingWave: Destroy may not be called from edit mode! Use DestroyImmediate instead.
Destroying an object in edit mode destroys it permanently
UnityEngine.Debug:ExtractStackTraceNoAlloc (byte*,int,string)
UnityEngine.StackTraceUtility:ExtractStackTrace ()
UnityEngine.Object:Destroy (UnityEngine.Object,single)
QuizBattle.Arena.Vfx.ParticleFactory:RingWave (UnityEngine.Vector3,UnityEngine.Color,single,single,single,bool) (at Assets/Scripts/Arena/Vfx/ParticleFactory.cs:151)
QuizBattle.Arena.Vfx.AbilityVfxPlayer:PlayWindTrail (UnityEngine.Vector3,UnityEngine.Vector3,System.Collections.Generic.List`1<UnityEngine.ParticleSystem>) (at Assets/Scripts/Arena/Vfx/AbilityVfxPlayer.cs:63)
QuizBattle.Arena.Vfx.AbilityVfxPlayer:Play (string,UnityEngine.Vector3,UnityEngine.Vector3,bool) (at Assets/Scripts/Arena/Vfx/AbilityVfxPlayer.cs:30)
ArenaDemoRunner:RunVfxShowcase () (at Assets/Editor/ArenaDemoRunner.cs:74)
ArenaDemoRunner:Run () (at Assets/Editor/ArenaDemoRunner.cs:23)

[Assets/Editor/ArenaDemoRunner.cs line 74]

Vfx_Beam: Destroy may not be called from edit mode! Use DestroyImmediate instead.
Destroying an object in edit mode destroys it permanently
UnityEngine.Debug:ExtractStackTraceNoAlloc (byte*,int,string)
UnityEngine.StackTraceUtility:ExtractStackTrace ()
UnityEngine.Object:Destroy (UnityEngine.Object,single)
UnityEngine.Object:Destroy (UnityEngine.Object)
QuizBattle.Arena.Vfx.ParticleFactory:Beam (UnityEngine.Vector3,UnityEngine.Vector3,UnityEngine.Color,single,single) (at Assets/Scripts/Arena/Vfx/ParticleFactory.cs:162)
QuizBattle.Arena.Vfx.AbilityVfxPlayer:PlayLifeDrain (UnityEngine.Vector3,UnityEngine.Vector3,System.Collections.Generic.List`1<UnityEngine.ParticleSystem>) (at Assets/Scripts/Arena/Vfx/AbilityVfxPlayer.cs:70)
QuizBattle.Arena.Vfx.AbilityVfxPlayer:Play (string,UnityEngine.Vector3,UnityEngine.Vector3,bool) (at Assets/Scripts/Arena/Vfx/AbilityVfxPlayer.cs:33)
ArenaDemoRunner:RunVfxShowcase () (at Assets/Editor/ArenaDemoRunner.cs:75)
ArenaDemoRunner:Run () (at Assets/Editor/ArenaDemoRunner.cs:23)

[Assets/Editor/ArenaDemoRunner.cs line 75]

Vfx_Beam: Destroy may not be called from edit mode! Use DestroyImmediate instead.
Destroying an object in edit mode destroys it permanently
UnityEngine.Debug:ExtractStackTraceNoAlloc (byte*,int,string)
UnityEngine.StackTraceUtility:ExtractStackTrace ()
UnityEngine.Object:Destroy (UnityEngine.Object,single)
QuizBattle.Arena.Vfx.ParticleFactory:Beam (UnityEngine.Vector3,UnityEngine.Vector3,UnityEngine.Color,single,single) (at Assets/Scripts/Arena/Vfx/ParticleFactory.cs:177)
QuizBattle.Arena.Vfx.AbilityVfxPlayer:PlayLifeDrain (UnityEngine.Vector3,UnityEngine.Vector3,System.Collections.Generic.List`1<UnityEngine.ParticleSystem>) (at Assets/Scripts/Arena/Vfx/AbilityVfxPlayer.cs:70)
QuizBattle.Arena.Vfx.AbilityVfxPlayer:Play (string,UnityEngine.Vector3,UnityEngine.Vector3,bool) (at Assets/Scripts/Arena/Vfx/AbilityVfxPlayer.cs:33)
ArenaDemoRunner:RunVfxShowcase () (at Assets/Editor/ArenaDemoRunner.cs:75)
ArenaDemoRunner:Run () (at Assets/Editor/ArenaDemoRunner.cs:23)

[Assets/Editor/ArenaDemoRunner.cs line 75]

Vfx_Burst: Destroy may not be called from edit mode! Use DestroyImmediate instead.
Destroying an object in edit mode destroys it permanently
UnityEngine.Debug:ExtractStackTraceNoAlloc (byte*,int,string)
UnityEngine.StackTraceUtility:ExtractStackTrace ()
UnityEngine.Object:Destroy (UnityEngine.Object,single)
QuizBattle.Arena.Vfx.ParticleFactory:Burst (UnityEngine.Vector3,UnityEngine.Color,single,int,single,single) (at Assets/Scripts/Arena/Vfx/ParticleFactory.cs:51)
QuizBattle.Arena.Vfx.AbilityVfxPlayer:PlayLifeDrain (UnityEngine.Vector3,UnityEngine.Vector3,System.Collections.Generic.List`1<UnityEngine.ParticleSystem>) (at Assets/Scripts/Arena/Vfx/AbilityVfxPlayer.cs:71)
QuizBattle.Arena.Vfx.AbilityVfxPlayer:Play (string,UnityEngine.Vector3,UnityEngine.Vector3,bool) (at Assets/Scripts/Arena/Vfx/AbilityVfxPlayer.cs:33)
ArenaDemoRunner:RunVfxShowcase () (at Assets/Editor/ArenaDemoRunner.cs:75)
ArenaDemoRunner:Run () (at Assets/Editor/ArenaDemoRunner.cs:23)

[Assets/Editor/ArenaDemoRunner.cs line 75]

Vfx_Burst: Destroy may not be called from edit mode! Use DestroyImmediate instead.
Destroying an object in edit mode destroys it permanently
UnityEngine.Debug:ExtractStackTraceNoAlloc (byte*,int,string)
UnityEngine.StackTraceUtility:ExtractStackTrace ()
UnityEngine.Object:Destroy (UnityEngine.Object,single)
QuizBattle.Arena.Vfx.ParticleFactory:Burst (UnityEngine.Vector3,UnityEngine.Color,single,int,single,single) (at Assets/Scripts/Arena/Vfx/ParticleFactory.cs:51)
QuizBattle.Arena.Vfx.AbilityVfxPlayer:PlayBasicStrike (UnityEngine.Vector3,System.Collections.Generic.List`1<UnityEngine.ParticleSystem>) (at Assets/Scripts/Arena/Vfx/AbilityVfxPlayer.cs:76)
QuizBattle.Arena.Vfx.AbilityVfxPlayer:Play (string,UnityEngine.Vector3,UnityEngine.Vector3,bool) (at Assets/Scripts/Arena/Vfx/AbilityVfxPlayer.cs:37)
ArenaDemoRunner:RunVfxShowcase () (at Assets/Editor/ArenaDemoRunner.cs:76)
ArenaDemoRunner:Run () (at Assets/Editor/ArenaDemoRunner.cs:23)

[Assets/Editor/ArenaDemoRunner.cs line 76]

Vfx_Burst: Destroy may not be called from edit mode! Use DestroyImmediate instead.
Destroying an object in edit mode destroys it permanently
UnityEngine.Debug:ExtractStackTraceNoAlloc (byte*,int,string)
UnityEngine.StackTraceUtility:ExtractStackTrace ()
UnityEngine.Object:Destroy (UnityEngine.Object,single)
QuizBattle.Arena.Vfx.ParticleFactory:Burst (UnityEngine.Vector3,UnityEngine.Color,single,int,single,single) (at Assets/Scripts/Arena/Vfx/ParticleFactory.cs:51)
QuizBattle.Arena.Vfx.AbilityVfxPlayer:PlayEliminated (UnityEngine.Vector3,System.Collections.Generic.List`1<UnityEngine.ParticleSystem>) (at Assets/Scripts/Arena/Vfx/AbilityVfxPlayer.cs:81)
QuizBattle.Arena.Vfx.AbilityVfxPlayer:Play (string,UnityEngine.Vector3,UnityEngine.Vector3,bool) (at Assets/Scripts/Arena/Vfx/AbilityVfxPlayer.cs:41)
ArenaDemoRunner:RunVfxShowcase () (at Assets/Editor/ArenaDemoRunner.cs:76)
ArenaDemoRunner:Run () (at Assets/Editor/ArenaDemoRunner.cs:23)

[Assets/Editor/ArenaDemoRunner.cs line 76]

[ArenaDemoRunner:vfx-showcase] spawned 8 particle systems across 5 ability tags
UnityEngine.Debug:ExtractStackTraceNoAlloc (byte*,int,string)
UnityEngine.StackTraceUtility:ExtractStackTrace ()
UnityEngine.DebugLogHandler:Internal_Log (UnityEngine.LogType,UnityEngine.LogOption,string,UnityEngine.Object)
UnityEngine.DebugLogHandler:LogFormat (UnityEngine.LogType,UnityEngine.Object,string,object[])
UnityEngine.Logger:Log (UnityEngine.LogType,object)
UnityEngine.Debug:Log (object)
ArenaDemoRunner:RunVfxShowcase () (at Assets/Editor/ArenaDemoRunner.cs:80)
ArenaDemoRunner:Run () (at Assets/Editor/ArenaDemoRunner.cs:23)

(Filename: Assets/Editor/ArenaDemoRunner.cs Line: 80)

Worker ready: AssetImportWorkerHW0 0
[ArenaDemoRunner] screenshot saved to D:/temp\vfx-showcase.png
UnityEngine.Debug:ExtractStackTraceNoAlloc (byte*,int,string)
UnityEngine.StackTraceUtility:ExtractStackTrace ()
UnityEngine.DebugLogHandler:Internal_Log (UnityEngine.LogType,UnityEngine.LogOption,string,UnityEngine.Object)
UnityEngine.DebugLogHandler:LogFormat (UnityEngine.LogType,UnityEngine.Object,string,object[])
UnityEngine.Logger:Log (UnityEngine.LogType,object)
UnityEngine.Debug:Log (object)
ArenaDemoRunner:CaptureScreenshot (string) (at Assets/Editor/ArenaDemoRunner.cs:136)
ArenaDemoRunner:RunVfxShowcase () (at Assets/Editor/ArenaDemoRunner.cs:81)
ArenaDemoRunner:Run () (at Assets/Editor/ArenaDemoRunner.cs:23)

(Filename: Assets/Editor/ArenaDemoRunner.cs Line: 136)

MonoPathRemapper: Attempts to remap: 17235; Successful remaps: 0
Serialized file version minimum: 23, current 23
Killing ADB server in 2.1010035 seconds.
[Physics::Module] Cleanup current backend.
[Physics::Module] Id: 0xf2b8ea05
Input System module state changed to: ShutdownInProgress.
Input Polling Thread exited.
Input System module state changed to: Shutdown.
[Licensing::IpcConnector] LicenseClient-engmh-6000.5.7-notifications channel disconnected successfully.
[Licensing::IpcConnector] LicenseClient-engmh-6000.5.7 channel disconnected successfully.
Shut down.
AcceleratorClientConnectionCallback - disconnected - :0
Cleanup mono
CodeReloadManager destroyed
abort_threads: Failed aborting id: 0000000000012720, mono_thread_manage will ignore it

abort_threads: Failed aborting id: 00000000000084F0, mono_thread_manage will ignore it

abort_threads: Failed aborting id: 0000000000012720, mono_thread_manage will ignore it

abort_threads: Failed aborting id: 00000000000084F0, mono_thread_manage will ignore it

debugger-agent: Unable to listen on 2252
Checking for leaked weakptr:
  Found no leaked weakptrs.
[Package Manager] Server process was shutdown
##utp:{"type":"MemoryLeaks","version":2,"phase":"Immediate","time":1786325427643,"processId":68604,"allocatedMemory":17505413,"memoryLabels":[{"Default":228252},{"Permanent":15516},{"NewDelete":67083},{"Thread":4205176},{"Manager":819461},{"VertexData":8},{"Geometry":816},{"Texture":24},{"Shader":847834},{"Material":24},{"GfxDevice":58448},{"Animation":61304},{"Audio":1544},{"FreeType":8},{"FontEngine":736},{"Physics":2146},{"Physics2D":16},{"Serialization":4216},{"Input":42840},{"JobScheduler":256},{"TextLib":280},{"Mono":48},{"MonoCode":64},{"ScriptingNativeRuntime":1642716},{"BaseObject":1622216},{"Resource":1208},{"Renderer":3080},{"Transform":4685},{"File":1032},{"WebCam":616},{"Culling":32},{"Terrain":11442},{"Wind":24},{"STL":40},{"String":15676},{"StaticString":3808},{"Utility":2673238},{"Curl":2559},{"PoolAlloc":2360},{"AI":80},{"TypeTree":25389},{"CodeReload":448},{"RuntimeInitializeOnLoadManager":64},{"Sprites":102},{"SpriteAtlas":120},{"GI":7816},{"CloudService":8360},{"WebRequest":552},{"VR":47114},{"SceneManager":608},{"Video":64},{"LazyScriptCache":32},{"Camera":17},{"Secure":2377},{"SerializationCache":1576},{"APIUpdating":10320},{"Subsystems":336},{"VirtualTexturing":57888},{"StaticSafetyDebugInfo":278528},{"Analytics":552},{"Hierarchy":1176},{"UIElements":72},{"CoreStats":13688},{"Identifiers":6768},{"Gui":128},{"EditorUtility":124083},{"VersionControl":8},{"Undo":931},{"AssetDatabase":4571594},{"AssetImporter":40},{"EditorGi":328},{"UnityConnect":38905},{"Upm":1912},{"UpmDiagnostics":8},{"AssetCompliance":64},{"DrivenProperties":72},{"LocalIPC":211},{"ProfilerEditor":9746},{"CoreBusinessMetrics":3480},{"Windowing":456},{"Licensing":664},{"AssetReference":32},{"IPCStream":32}]}
