[Licensing::Module] Trying to connect to existing licensing client channel...
Built from '6000.5/staging' branch; Version is '6000.5.7f1 (017862109af0) revision 96354'; Using compiler version '194234433'; Build Type 'Release'
[Licensing::IpcConnector] Channel LicenseClient-engmh doesn't exist
OS: 'Windows 11  (10.0.26200) Professional' Language: 'en' Physical Memory: 32368 MB
BatchMode: 1, IsHumanControllingUs: 0, StartBugReporterOnCrash: 0, Is64bit: 1
System  architecture: x64
Process architecture: x64
Date: 2026-08-27T21:20:40Z
[Licensing::Module] Successfully launched the LicensingClient (PId: 20832)

COMMAND LINE ARGUMENTS:
D:\Program Files\Editor\6000.5.7f1\Editor\Unity.exe
-batchmode
-projectPath
D:\game\game-client
-executeMethod
CaptureCurrentArena.Capture
-quit
-logFile
D:\game\unity-capture-new4.log
Successfully changed project path to: D:\game\game-client
D:/game/game-client
[UnityMemory] Configuration Parameters - Can be set up in boot.config
    "memorysetup-temp-allocator-size-gi-baking-worker=262144"
    "memorysetup-temp-allocator-size-gi-baking-worker=262144"
    "memorysetup-temp-allocator-size-gi-baking-worker=262144"
    "memorysetup-temp-allocator-size-gi-baking-worker=262144"
    "memorysetup-temp-allocator-size-gi-baking-worker=262144"
    "memorysetup-temp-allocator-size-nav-mesh-worker=65536"
    "memorysetup-temp-allocator-size-audio-worker=65536"
    "memorysetup-temp-allocator-size-cloud-worker=32768"
    "memorysetup-temp-allocator-size-gfx=262144"
    "memorysetup-temp-allocator-size-preload-manager=33554432"
    "memorysetup-allocator-temp-initial-block-size-main=262144"
    "memorysetup-allocator-temp-initial-block-size-worker=262144"
    "memorysetup-temp-allocator-size-job-worker=262144"
    "memorysetup-temp-allocator-size-background-worker=32768"
    "memorysetup-bucket-allocator-granularity=16"
    "memorysetup-bucket-allocator-bucket-count=8"
    "memorysetup-bucket-allocator-block-size=33554432"
    "memorysetup-bucket-allocator-block-count=8"
    "memorysetup-main-allocator-block-size=16777216"
    "memorysetup-thread-allocator-block-size=16777216"
    "memorysetup-main-allocator-mimalloc-enabled=0"
    "memorysetup-gfx-main-allocator-block-size=16777216"
    "memorysetup-gfx-thread-allocator-block-size=16777216"
    "memorysetup-cache-allocator-block-size=4194304"
    "memorysetup-typetree-allocator-block-size=2097152"
    "memorysetup-profiler-bucket-allocator-granularity=16"
    "memorysetup-profiler-bucket-allocator-bucket-count=8"
    "memorysetup-profiler-bucket-allocator-block-size=33554432"
    "memorysetup-profiler-bucket-allocator-block-count=8"
    "memorysetup-profiler-allocator-block-size=16777216"
    "memorysetup-profiler-editor-allocator-block-size=1048576"
    "memorysetup-temp-allocator-size-main=16777216"
    "memorysetup-job-temp-allocator-block-size=2097152"
    "memorysetup-job-temp-allocator-block-size-background=1048576"
    "memorysetup-job-temp-allocator-reduction-small-platforms=262144"
Logging is directed to a specific file, skipping project log.Player connection [34000]  Target information:

Player connection [34000]  * "[IP] 10.0.0.111 [Port] 55504 [Flags] 2 [Guid] 2097986700 [EditorId] 2097986700 [Version] 1048832 [Id] WindowsEditor(7,DESKTOP-VJHN5MG) [Debug] 1 [PackageName] WindowsEditor [ProjectName] Editor" 

Player connection [34000] Host joined multi-casting on [225.0.0.222:54997]...
Player connection [34000] Host joined alternative multi-casting on [225.0.0.222:34997]...
Input System module state changed to: Initialized.
[Physics::Module] Initialized fallback backend.
[Physics::Module] Id: 0xdecafbad
Starting IPC server.
Waiting for clients to connect on \\.\pipe\Unity-LicenseClient-engmh, press Ctrl-C to exit.
[Licensing::IpcConnector] Successfully connected to: "LicenseClient-engmh" at "2026-08-27T21:20:41.2441444Z"
[Licensing::Client] Code 10 while verifying Licensing Client signature (process Id: 20832, path: "D:/Program Files/Editor/6000.5.7f1/Editor/Data/Resources/Licensing/Client/Unity.Licensing.Client.exe")
[Licensing::Module] LicensingClient has failed validation; ignoring
[Licensing::Client] Handshaking with LicensingClient:
  Version:                 1.18.1+9fbee8e
  Session Id:              f76c18f091bd4409a064257de5332cdd
  Correlation Id:          650da876f217432125ac1cf0ebb545df
  External correlation Id: 2387821904853754847
  Machine Id:              BvCvD9V+nLWzZG/D2RgCqRIYhiE=
[Licensing::Module] Successfully connected to LicensingClient on channel: "LicenseClient-engmh" (connect: 0.37s, validation: 0.14s, handshake: 0.06s)
[Licensing::IpcConnector] Successfully connected to: "LicenseClient-engmh-notifications" at "2026-08-27T21:20:41.4459592Z"
[Licensing::Module] Connected to LicensingClient (PId: 20832, launch time: 0.01, total connection time: 0.58s)
[Licensing::Module] Error: Access token is unavailable; failed to update
[Licensing::Client] Successfully resolved entitlement details
[Licensing::Module] License group:
  Id: 3574445819494-UnityPersXXXX
  Product: Unity Personal
  Type: Assigned
  Expiration: Unlimited
[Licensing::Client] Successfully updated license, isAsync: True, time: 0.02
[Licensing::Client] Successfully resolved entitlement details
[Licensing::Module] Licensing Background thread has ended after 0.66s
[Package Manager] Connected to IPC stream "Upm-12348" after 0.5 seconds.
[Licensing::Client] Successfully resolved entitlement details
Library Redirect Path: Library/
[Physics::Module] Selected backend.
[Physics::Module] Name: PhysX
[Physics::Module] Id: 0xf2b8ea05
[Physics::Module] SDK Version: 4.1.2
[Physics::Module] Integration Version: 1.0.0
[Physics::Module] Threading Mode: Multi-Threaded
Initialize engine version: 6000.5.7f1 (017862109af0)
[Subsystems] Discovering subsystems at path D:/Program Files/Editor/6000.5.7f1/Editor/Data/Resources/UnitySubsystems
[Subsystems] Discovering subsystems at path D:/game/game-client/Assets
GfxDevice: creating device client; kGfxThreadingModeNonThreaded
d3d12: failed to query info queue interface (0x80004002).
Direct3D:
    Version:         Direct3D 12 [level 12.1]
    Renderer:        Intel(R) UHD Graphics (ID=0x9bca)
    Vendor:          Intel
    VRAM:            16184 MB
    App VRAM Budget: 15416 MB
    Driver:          31.0.101.2135
    Unified Memory Architecture
    Cache Coherent UMA
Initialize mono
Mono path[0] = 'D:/Program Files/Editor/6000.5.7f1/Editor/Data/Managed'
Mono path[1] = 'D:/Program Files/Editor/6000.5.7f1/Editor/Data/BCLExtensions/runtime/netstandard2.1'
Mono path[2] = 'D:/Program Files/Editor/6000.5.7f1/Editor/Data/MonoBleedingEdge/lib/mono/unityjit-win32'
Mono config path = 'D:/Program Files/Editor/6000.5.7f1/Editor/Data/MonoBleedingEdge/etc'
Using monoOptions --debugger-agent=transport=dt_socket,embedding=1,server=y,suspend=n,address=127.0.0.1:56348
CodeReloadManager initialized
ImportWorker Server TCP listen port: 0
AcceleratorClientConnectionCallback - disconnected - :0
Begin MonoManager ReloadAssembly
Registering precompiled unity dll's ...
Register platform support module: D:/Program Files/Editor/6000.5.7f1/Editor/Data/PlaybackEngines/WebGLSupport/UnityEditor.WebGL.Extensions.dll
Register platform support module: D:/Program Files/Editor/6000.5.7f1/Editor/Data/PlaybackEngines/WindowsStandaloneSupport/UnityEditor.WindowsStandalone.Extensions.dll
[Licensing::Client] Successfully resolved entitlement details
Register platform support module: D:/Program Files/Editor/6000.5.7f1/Editor/Data/PlaybackEngines/MetroSupport/UnityEditor.UWP.Extensions.dll
[Licensing::Client] Successfully resolved entitlement details
Register platform support module: D:/Program Files/Editor/6000.5.7f1/Editor/Data/PlaybackEngines/AndroidPlayer/UnityEditor.Android.Extensions.dll
Registered in 0.009033 seconds.
Native extension for Android target not found
Native extension for UWP target not found
Native extension for WindowsStandalone target not found
Native extension for WebGL target not found
Package Manager log level set to [2]
ScheduleIndexationOnStartup MainProcess:False IndexOnStartup:True
Mono: successfully reloaded assembly
- Finished resetting the current domain, in  0.700 seconds
Domain Reload Profiling: 1524ms
	BeginReloadAssembly (180ms)
	RebuildCommonClasses (7ms)
	RebuildNativeTypeToScriptingClass (27ms)
	initialDomainReloadingComplete (92ms)
	LoadAllAssembliesAndSetupDomain (515ms)
		LoadAssemblies (178ms)
		AnalyzeDomain (347ms)
			TypeCache.Refresh (344ms)
				TypeCache.ScanAssembly (323ms)
	FinalizeReload (704ms)
		SetupLoadedEditorAssemblies (0ms)
			InitializePlatformSupportModulesInManaged (87ms)
			BeforeProcessingInitializeOnLoad (146ms)
			ProcessInitializeOnLoadAttributes (155ms)
			ProcessInitializeOnLoadMethodAttributes (167ms)
[Licensing::Client] Successfully resolved entitlement details
Application.AssetDatabase Initial Refresh Start
[Package Manager] Restoring resolved packages state from cache
[Licensing::Client] Successfully resolved entitlement details
[Package Manager] Registered 54 packages:
  Packages from [https://packages.unity.com]:
    com.unity.nuget.newtonsoft-json@3.2.1 (location: D:\game\game-client\Library\PackageCache\com.unity.nuget.newtonsoft-json@74deb55db2a0)
    com.unity.postprocessing@3.5.4 (location: D:\game\game-client\Library\PackageCache\com.unity.postprocessing@141166b789e3)
    com.unity.searcher@4.9.4 (location: D:\game\game-client\Library\PackageCache\com.unity.searcher@d45a78918735)
    com.unity.burst@1.8.30 (location: D:\game\game-client\Library\PackageCache\com.unity.burst@2f3d916873ea)
    com.unity.nuget.mono-cecil@1.11.6 (location: D:\game\game-client\Library\PackageCache\com.unity.nuget.mono-cecil@ecb9724e46ff)
    com.unity.test-framework.performance@3.5.0 (location: D:\game\game-client\Library\PackageCache\com.unity.test-framework.performance@8b56083ec0f0)
  Built-in packages:
    com.unity.multiplayer.center@1.0.1 (location: D:\game\game-client\Library\PackageCache\com.unity.multiplayer.center@b860850997d0)
    com.unity.render-pipelines.universal@17.5.0 (location: D:\game\game-client\Library\PackageCache\com.unity.render-pipelines.universal@73b4c4ff130e)
    com.unity.test-framework@1.7.0 (location: D:\game\game-client\Library\PackageCache\com.unity.test-framework@1405238725ab)
    com.unity.textmeshpro@5.0.0 (location: D:\game\game-client\Library\PackageCache\com.unity.textmeshpro@53f43edfd2e0)
    com.unity.modules.accessibility@1.0.0 (location: D:\game\game-client\Library\PackageCache\com.unity.modules.accessibility)
    com.unity.modules.adaptiveperformance@1.0.0 (location: D:\game\game-client\Library\PackageCache\com.unity.modules.adaptiveperformance)
    com.unity.modules.ai@1.0.0 (location: D:\game\game-client\Library\PackageCache\com.unity.modules.ai)
    com.unity.modules.androidjni@1.0.0 (location: D:\game\game-client\Library\PackageCache\com.unity.modules.androidjni)
    com.unity.modules.animation@1.0.0 (location: D:\game\game-client\Library\PackageCache\com.unity.modules.animation)
    com.unity.modules.assetbundle@1.0.0 (location: D:\game\game-client\Library\PackageCache\com.unity.modules.assetbundle)
    com.unity.modules.audio@1.0.0 (location: D:\game\game-client\Library\PackageCache\com.unity.modules.audio)
    com.unity.modules.cloth@1.0.0 (location: D:\game\game-client\Library\PackageCache\com.unity.modules.cloth)
    com.unity.modules.director@1.0.0 (location: D:\game\game-client\Library\PackageCache\com.unity.modules.director)
    com.unity.modules.imageconversion@1.0.0 (location: D:\game\game-client\Library\PackageCache\com.unity.modules.imageconversion)
    com.unity.modules.imgui@1.0.0 (location: D:\game\game-client\Library\PackageCache\com.unity.modules.imgui)
    com.unity.modules.jsonserialize@1.0.0 (location: D:\game\game-client\Library\PackageCache\com.unity.modules.jsonserialize)
    com.unity.modules.particlesystem@1.0.0 (location: D:\game\game-client\Library\PackageCache\com.unity.modules.particlesystem)
    com.unity.modules.physics@1.0.0 (location: D:\game\game-client\Library\PackageCache\com.unity.modules.physics)
    com.unity.modules.physics2d@1.0.0 (location: D:\game\game-client\Library\PackageCache\com.unity.modules.physics2d)
    com.unity.modules.physicscore2d@1.0.0 (location: D:\game\game-client\Library\PackageCache\com.unity.modules.physicscore2d)
    com.unity.modules.screencapture@1.0.0 (location: D:\game\game-client\Library\PackageCache\com.unity.modules.screencapture)
    com.unity.modules.terrain@1.0.0 (location: D:\game\game-client\Library\PackageCache\com.unity.modules.terrain)
    com.unity.modules.terrainphysics@1.0.0 (location: D:\game\game-client\Library\PackageCache\com.unity.modules.terrainphysics)
    com.unity.modules.tilemap@1.0.0 (location: D:\game\game-client\Library\PackageCache\com.unity.modules.tilemap)
    com.unity.modules.ui@1.0.0 (location: D:\game\game-client\Library\PackageCache\com.unity.modules.ui)
    com.unity.modules.uielements@1.0.0 (location: D:\game\game-client\Library\PackageCache\com.unity.modules.uielements)
    com.unity.modules.umbra@1.0.0 (location: D:\game\game-client\Library\PackageCache\com.unity.modules.umbra)
    com.unity.modules.unityanalytics@1.0.0 (location: D:\game\game-client\Library\PackageCache\com.unity.modules.unityanalytics)
    com.unity.modules.unitywebrequest@1.0.0 (location: D:\game\game-client\Library\PackageCache\com.unity.modules.unitywebrequest)
    com.unity.modules.unitywebrequestassetbundle@1.0.0 (location: D:\game\game-client\Library\PackageCache\com.unity.modules.unitywebrequestassetbundle)
    com.unity.modules.unitywebrequestaudio@1.0.0 (location: D:\game\game-client\Library\PackageCache\com.unity.modules.unitywebrequestaudio)
    com.unity.modules.unitywebrequesttexture@1.0.0 (location: D:\game\game-client\Library\PackageCache\com.unity.modules.unitywebrequesttexture)
    com.unity.modules.unitywebrequestwww@1.0.0 (location: D:\game\game-client\Library\PackageCache\com.unity.modules.unitywebrequestwww)
    com.unity.modules.vectorgraphics@1.0.0 (location: D:\game\game-client\Library\PackageCache\com.unity.modules.vectorgraphics)
    com.unity.modules.vehicles@1.0.0 (location: D:\game\game-client\Library\PackageCache\com.unity.modules.vehicles)
    com.unity.modules.video@1.0.0 (location: D:\game\game-client\Library\PackageCache\com.unity.modules.video)
    com.unity.modules.wind@1.0.0 (location: D:\game\game-client\Library\PackageCache\com.unity.modules.wind)
    com.unity.modules.xr@1.0.0 (location: D:\game\game-client\Library\PackageCache\com.unity.modules.xr)
    com.unity.modules.subsystems@1.0.0 (location: D:\game\game-client\Library\PackageCache\com.unity.modules.subsystems)
    com.unity.modules.hierarchycore@1.0.0 (location: D:\game\game-client\Library\PackageCache\com.unity.modules.hierarchycore)
    com.unity.ugui@2.5.0 (location: D:\game\game-client\Library\PackageCache\com.unity.ugui@67707a67a4ab)
    com.unity.ext.nunit@2.1.0 (location: D:\game\game-client\Library\PackageCache\com.unity.ext.nunit@44f7d31723bd)
    com.unity.render-pipelines.core@17.5.0 (location: D:\game\game-client\Library\PackageCache\com.unity.render-pipelines.core@645717f21c5f)
    com.unity.shadergraph@17.5.0 (location: D:\game\game-client\Library\PackageCache\com.unity.shadergraph@8d7376ec43ee)
    com.unity.render-pipelines.universal-config@17.5.0 (location: D:\game\game-client\Library\PackageCache\com.unity.render-pipelines.universal-config@fdda01c80fe3)
    com.unity.collections@6.5.0 (location: D:\game\game-client\Library\PackageCache\com.unity.collections@ec2c217e4cb2)
    com.unity.mathematics@1.4.0 (location: D:\game\game-client\Library\PackageCache\com.unity.mathematics@981956d94fb6)
  Git packages:
    com.endel.nativewebsocket@https://github.com/endel/NativeWebSocket.git#upm (location: D:\game\game-client\Library\PackageCache\com.endel.nativewebsocket@ea014c9ae534)
[Package Manager] com.unity.textmeshpro is deprecated: This package is no longer supported. TextMeshPro functionalities are now included in the com.unity.ugui package. To continue using them, consider adding it to your project dependencies.
[Subsystems] No new subsystems found in resolved package list.
[Package Manager] Done registering packages in 0.03 seconds
[ScriptCompilation] Requested script compilation because: AssetDatabase observed changes in script compilation related files
info: Microsoft.Hosting.Lifetime[14]
      Now listening on: http://localhost:80
info: Microsoft.Hosting.Lifetime[0]
      Application started. Press Ctrl+C to shut down.
info: Microsoft.Hosting.Lifetime[0]
      Hosting environment: Production
info: Microsoft.Hosting.Lifetime[0]
      Content root path: D:\game\game-client
info: Microsoft.AspNetCore.Hosting.Diagnostics[1]
      Request starting HTTP/2 POST http://ilpp/UnityILPP.PostProcessing/Ping - application/grpc -
info: Microsoft.AspNetCore.Routing.EndpointMiddleware[0]
      Executing endpoint 'gRPC - /UnityILPP.PostProcessing/Ping'
info: Microsoft.AspNetCore.Routing.EndpointMiddleware[1]
      Executed endpoint 'gRPC - /UnityILPP.PostProcessing/Ping'
info: Microsoft.AspNetCore.Hosting.Diagnostics[2]
      Request finished HTTP/2 POST http://ilpp/UnityILPP.PostProcessing/Ping - 200 - application/grpc 43.9070ms
Starting: D:\Program Files\Editor\6000.5.7f1\Editor\Data\Tools\BuildPipeline\bee_backend.exe --ipc --defer-dag-verification --dagfile="Library/Bee/2000b0aE.dag" --continue-on-failure --profile="Library/Bee/backend1.traceevents" ScriptAssemblies
WorkingDir: D:/game/game-client
info: Microsoft.AspNetCore.Hosting.Diagnostics[1]
      Request starting HTTP/2 POST http://ilpp/UnityILPP.PostProcessing/ConfigurePostProcessors - application/grpc -
info: Microsoft.AspNetCore.Routing.EndpointMiddleware[0]
      Executing endpoint 'gRPC - /UnityILPP.PostProcessing/ConfigurePostProcessors'
warn: Unity.ILPP.Runner.PostProcessingAssemblyLoadContext[0]
      Assembly system.runtime.interopservices.windowsruntime has duplicate hint path. Ignoring "D:\Program Files\Editor\6000.5.7f1\Editor\Data\UnityReferenceAssemblies\unity-4.8-api\Facades\System.Runtime.InteropServices.WindowsRuntime.dll" in favor of "D:\Program Files\Editor\6000.5.7f1\Editor\Data\NetStandard\Extensions\2.0.0\System.Runtime.InteropServices.WindowsRuntime.dll"
warn: Unity.ILPP.Runner.PostProcessingAssemblyLoadContext[0]
      Assembly system.componentmodel.composition has duplicate hint path. Ignoring "D:\Program Files\Editor\6000.5.7f1\Editor\Data\UnityReferenceAssemblies\unity-4.8-api\System.ComponentModel.Composition.dll" in favor of "D:\Program Files\Editor\6000.5.7f1\Editor\Data\NetStandard\compat\2.1.0\shims\netfx\System.ComponentModel.Composition.dll"
DisplayProgressbar: Compiling Scripts
info: Unity.ILPP.Runner.PostProcessingAssemblyLoadContext[0]
      Resolved Unity.Burst.Cecil, Version=0.11.6.0, Culture=neutral, PublicKeyToken=50cebf1cceb9d05e with Library\PackageCache\com.unity.burst@2f3d916873ea\Unity.Burst.CodeGen\Unity.Burst.Cecil.dll
info: Unity.ILPP.Runner.PostProcessingAssemblyLoadContext[0]
      Resolved Mono.Cecil, Version=0.11.5.0, Culture=neutral, PublicKeyToken=50cebf1cceb9d05e with Library\PackageCache\com.unity.nuget.mono-cecil@ecb9724e46ff\Mono.Cecil.dll
info: Microsoft.AspNetCore.Routing.EndpointMiddleware[1]
      Executed endpoint 'gRPC - /UnityILPP.PostProcessing/ConfigurePostProcessors'
info: Microsoft.AspNetCore.Hosting.Diagnostics[2]
      Request finished HTTP/2 POST http://ilpp/UnityILPP.PostProcessing/ConfigurePostProcessors - 200 - application/grpc 98.7303ms
info: Microsoft.AspNetCore.Hosting.Diagnostics[1]
      Request starting HTTP/2 POST http://ilpp/UnityILPP.PostProcessing/PostProcessAssembly - application/grpc -
info: Microsoft.AspNetCore.Hosting.Diagnostics[1]
      Request starting HTTP/2 POST http://ilpp/UnityILPP.PostProcessing/PostProcessAssembly - application/grpc -
info: Microsoft.AspNetCore.Hosting.Diagnostics[1]
      Request starting HTTP/2 POST http://ilpp/UnityILPP.PostProcessing/PostProcessAssembly - application/grpc -
info: Microsoft.AspNetCore.Routing.EndpointMiddleware[0]
      Executing endpoint 'gRPC - /UnityILPP.PostProcessing/PostProcessAssembly'
info: Microsoft.AspNetCore.Routing.EndpointMiddleware[0]
      Executing endpoint 'gRPC - /UnityILPP.PostProcessing/PostProcessAssembly'
info: Microsoft.AspNetCore.Routing.EndpointMiddleware[0]
      Executing endpoint 'gRPC - /UnityILPP.PostProcessing/PostProcessAssembly'
info: Unity.ILPP.Runner.PostProcessingPipeline[0]
      Processing assembly Library/Bee/artifacts/2000b0aE.dag/QuizBattle.Runtime.dll, with 117 defines and 290 references
info: Unity.ILPP.Runner.PostProcessingPipeline[0]
      Processing assembly Library/Bee/artifacts/2000b0aE.dag/QuizBattle.Tests.EditMode.dll, with 115 defines and 297 references
info: Unity.ILPP.Runner.PostProcessingPipeline[0]
      Processing assembly Library/Bee/artifacts/2000b0aE.dag/Assembly-CSharp-Editor.dll, with 115 defines and 342 references
info: Unity.ILPP.Runner.PostProcessingPipeline[0]
      processors: Unity.Jobs.CodeGen.JobsILPostProcessor, zzzUnity.Burst.CodeGen.BurstILPostProcessor
info: Unity.ILPP.Runner.PostProcessingPipeline[0]
      processors: Unity.Jobs.CodeGen.JobsILPostProcessor, zzzUnity.Burst.CodeGen.BurstILPostProcessor
info: Unity.ILPP.Runner.PostProcessingPipeline[0]
      processors: Unity.Jobs.CodeGen.JobsILPostProcessor, zzzUnity.Burst.CodeGen.BurstILPostProcessor
info: Unity.ILPP.Runner.PostProcessingPipeline[0]
      running Unity.Jobs.CodeGen.JobsILPostProcessor
info: Unity.ILPP.Runner.PostProcessingPipeline[0]
      running Unity.Jobs.CodeGen.JobsILPostProcessor
info: Unity.ILPP.Runner.PostProcessingPipeline[0]
      running Unity.Jobs.CodeGen.JobsILPostProcessor
info: Unity.ILPP.Runner.PostProcessingPipeline[0]
      running zzzUnity.Burst.CodeGen.BurstILPostProcessor
info: Unity.ILPP.Runner.PostProcessingPipeline[0]
      running zzzUnity.Burst.CodeGen.BurstILPostProcessor
info: Unity.ILPP.Runner.PostProcessingAssemblyLoadContext[0]
      Resolved Unity.Collections, Version=0.0.0.0, Culture=neutral, PublicKeyToken=null with Library\Bee\artifacts\2000b0aE.dag\Unity.Collections.dll
info: Microsoft.AspNetCore.Routing.EndpointMiddleware[1]
      Executed endpoint 'gRPC - /UnityILPP.PostProcessing/PostProcessAssembly'
info: Microsoft.AspNetCore.Routing.EndpointMiddleware[1]
      Executed endpoint 'gRPC - /UnityILPP.PostProcessing/PostProcessAssembly'
info: Microsoft.AspNetCore.Hosting.Diagnostics[2]
      Request finished HTTP/2 POST http://ilpp/UnityILPP.PostProcessing/PostProcessAssembly - 200 - application/grpc 21.5314ms
info: Microsoft.AspNetCore.Hosting.Diagnostics[2]
      Request finished HTTP/2 POST http://ilpp/UnityILPP.PostProcessing/PostProcessAssembly - 200 - application/grpc 21.5751ms
info: Unity.ILPP.Runner.PostProcessingAssemblyLoadContext[0]
      Resolved UnityEditor.CoreModule, Version=0.0.0.0, Culture=neutral, PublicKeyToken=null with D:\Program Files\Editor\6000.5.7f1\Editor\Data\Managed\UnityEngine\UnityEditor.CoreModule.dll
info: Unity.ILPP.Runner.PostProcessingAssemblyLoadContext[0]
      Resolved UnityEngine.CoreModule, Version=0.0.0.0, Culture=neutral, PublicKeyToken=null with D:\Program Files\Editor\6000.5.7f1\Editor\Data\Managed\UnityEngine\UnityEngine.CoreModule.dll
info: Unity.ILPP.Runner.PostProcessingAssemblyLoadContext[0]
      Resolved Unity.Scripting, Version=0.0.0.0, Culture=neutral, PublicKeyToken=null with D:\Program Files\Editor\6000.5.7f1\Editor\Data\Managed\UnityEngine\Unity.Scripting.dll
info: Unity.ILPP.Runner.PostProcessingPipeline[0]
      running zzzUnity.Burst.CodeGen.BurstILPostProcessor
info: Unity.ILPP.Runner.PostProcessingAssemblyLoadContext[0]
      Resolved Unity.Burst.Cecil.Rocks, Version=0.11.6.0, Culture=neutral, PublicKeyToken=50cebf1cceb9d05e with Library\PackageCache\com.unity.burst@2f3d916873ea\Unity.Burst.CodeGen\Unity.Burst.Cecil.Rocks.dll
info: Microsoft.AspNetCore.Routing.EndpointMiddleware[1]
      Executed endpoint 'gRPC - /UnityILPP.PostProcessing/PostProcessAssembly'
info: Microsoft.AspNetCore.Hosting.Diagnostics[2]
      Request finished HTTP/2 POST http://ilpp/UnityILPP.PostProcessing/PostProcessAssembly - 200 - application/grpc 593.9135ms
ExitCode: 0 Duration: 3s296ms
[573/721    0s] ILPP-Configuration Library/ilpp-configuration.nevergeneratedoutput
[709/721    1s] Csc Library/Bee/artifacts/2000b0aE.dag/QuizBattle.Runtime.dll (+2 others)
Assets\Scripts\UI\UiFactory.cs(31,17): warning CS0618: 'Object.FindFirstObjectByType<T>()' is obsolete: 'FindFirstObjectByType has been deprecated because it relies on instance ID ordering. Use FindAnyObjectByType instead, which does not depend on ordering.'

Assets\Scripts\UI\UiFactory.cs(59,13): warning CS0618: 'TMP_Text.enableWordWrapping' is obsolete: 'The enabledWordWrapping property is now obsolete. Please use the textWrappingMode property instead.'

Assets\Scripts\Arena\ArenaEnvironment.cs(82,67): warning CS0618: 'FindObjectsSortMode' is obsolete: 'FindObjectsSortMode has been deprecated. Use the FindObjectsByType overloads that do not take a FindObjectsSortMode parameter.'

Assets\Scripts\Arena\ArenaEnvironment.cs(82,35): warning CS0618: 'Object.FindObjectsByType<T>(FindObjectsSortMode)' is obsolete: 'FindObjectsByType with FindObjectsSortMode parameter has been deprecated. Use FindObjectsByType<T>() or FindObjectsByType<T>(FindObjectsInactive) instead. InstanceID will be replaced in the future with EntityId and previous sort order cannot be maintained.'

Assets\Scripts\Arena\ArenaEnvironment.cs(128,28): warning CS0618: 'Object.FindFirstObjectByType<T>()' is obsolete: 'FindFirstObjectByType has been deprecated because it relies on instance ID ordering. Use FindAnyObjectByType instead, which does not depend on ordering.'

Assets\Scripts\Arena\Vfx\VictoryFireworksController.cs(29,28): warning CS0618: 'Object.FindFirstObjectByType<T>()' is obsolete: 'FindFirstObjectByType has been deprecated because it relies on instance ID ordering. Use FindAnyObjectByType instead, which does not depend on ordering.'

Assets\Scripts\Arena\CharacterToken.cs(141,13): warning CS0618: 'TMP_Text.enableWordWrapping' is obsolete: 'The enabledWordWrapping property is now obsolete. Please use the textWrappingMode property instead.'

Assets\Scripts\Arena\Visuals\FloatingCombatText.cs(42,13): warning CS0618: 'TMP_Text.enableWordWrapping' is obsolete: 'The enabledWordWrapping property is now obsolete. Please use the textWrappingMode property instead.'
[712/721    0s] ILPostProcess Library/Bee/artifacts/2000b0aE.dag/post-processed/QuizBattle.Runtime.dll (+pdb)
Processing assembly Library/Bee/artifacts/2000b0aE.dag/QuizBattle.Runtime.dll, with 117 defines and 290 references

processors: Unity.Jobs.CodeGen.JobsILPostProcessor, zzzUnity.Burst.CodeGen.BurstILPostProcessor

running Unity.Jobs.CodeGen.JobsILPostProcessor

running zzzUnity.Burst.CodeGen.BurstILPostProcessor
[713/721    0s] ILPostProcess Library/Bee/artifacts/2000b0aE.dag/post-processed/QuizBattle.Tests.EditMode.dll (+pdb)
Processing assembly Library/Bee/artifacts/2000b0aE.dag/QuizBattle.Tests.EditMode.dll, with 115 defines and 297 references

processors: Unity.Jobs.CodeGen.JobsILPostProcessor, zzzUnity.Burst.CodeGen.BurstILPostProcessor

running Unity.Jobs.CodeGen.JobsILPostProcessor

running zzzUnity.Burst.CodeGen.BurstILPostProcessor
[715/721    0s] CopyFiles Library/ScriptAssemblies/QuizBattle.Runtime.pdb
[717/721    0s] CopyFiles Library/ScriptAssemblies/QuizBattle.Runtime.dll
[718/721    0s] ILPostProcess Library/Bee/artifacts/2000b0aE.dag/post-processed/Assembly-CSharp-Editor.dll (+pdb)
Processing assembly Library/Bee/artifacts/2000b0aE.dag/Assembly-CSharp-Editor.dll, with 115 defines and 342 references

processors: Unity.Jobs.CodeGen.JobsILPostProcessor, zzzUnity.Burst.CodeGen.BurstILPostProcessor

running Unity.Jobs.CodeGen.JobsILPostProcessor

running zzzUnity.Burst.CodeGen.BurstILPostProcessor
*** Tundra build success (3.25 seconds), 7 items updated, 721 evaluated
Assets\Scripts\UI\UiFactory.cs(31,17): warning CS0618: 'Object.FindFirstObjectByType<T>()' is obsolete: 'FindFirstObjectByType has been deprecated because it relies on instance ID ordering. Use FindAnyObjectByType instead, which does not depend on ordering.'
Assets\Scripts\UI\UiFactory.cs(59,13): warning CS0618: 'TMP_Text.enableWordWrapping' is obsolete: 'The enabledWordWrapping property is now obsolete. Please use the textWrappingMode property instead.'
Assets\Scripts\Arena\ArenaEnvironment.cs(82,67): warning CS0618: 'FindObjectsSortMode' is obsolete: 'FindObjectsSortMode has been deprecated. Use the FindObjectsByType overloads that do not take a FindObjectsSortMode parameter.'
Assets\Scripts\Arena\ArenaEnvironment.cs(82,35): warning CS0618: 'Object.FindObjectsByType<T>(FindObjectsSortMode)' is obsolete: 'FindObjectsByType with FindObjectsSortMode parameter has been deprecated. Use FindObjectsByType<T>() or FindObjectsByType<T>(FindObjectsInactive) instead. InstanceID will be replaced in the future with EntityId and previous sort order cannot be maintained.'
Assets\Scripts\Arena\ArenaEnvironment.cs(128,28): warning CS0618: 'Object.FindFirstObjectByType<T>()' is obsolete: 'FindFirstObjectByType has been deprecated because it relies on instance ID ordering. Use FindAnyObjectByType instead, which does not depend on ordering.'
Assets\Scripts\Arena\Vfx\VictoryFireworksController.cs(29,28): warning CS0618: 'Object.FindFirstObjectByType<T>()' is obsolete: 'FindFirstObjectByType has been deprecated because it relies on instance ID ordering. Use FindAnyObjectByType instead, which does not depend on ordering.'
Assets\Scripts\Arena\CharacterToken.cs(141,13): warning CS0618: 'TMP_Text.enableWordWrapping' is obsolete: 'The enabledWordWrapping property is now obsolete. Please use the textWrappingMode property instead.'
Assets\Scripts\Arena\Visuals\FloatingCombatText.cs(42,13): warning CS0618: 'TMP_Text.enableWordWrapping' is obsolete: 'The enabledWordWrapping property is now obsolete. Please use the textWrappingMode property instead.'
Total cache size 187449023
Total cache size after purge 187449023, took 00:00:00.2199299
AssetDatabase: script compilation time: 4.416950s
Begin MonoManager ReloadAssembly
Symbol file LoadedFromMemory is not a mono symbol file
Native extension for Android target not found
Native extension for UWP target not found
Native extension for WindowsStandalone target not found
Native extension for WebGL target not found
ScheduleIndexationOnStartup MainProcess:True IndexOnStartup:True
Mono: successfully reloaded assembly
- Finished resetting the current domain, in  4.080 seconds
Domain Reload Profiling: 5136ms
	BeginReloadAssembly (344ms)
		DisableScriptedObjects (36ms)
		CreateAndSetChildDomain (85ms)
	RebuildCommonClasses (14ms)
	RebuildNativeTypeToScriptingClass (25ms)
	initialDomainReloadingComplete (65ms)
	LoadAllAssembliesAndSetupDomain (606ms)
		LoadAssemblies (380ms)
		AnalyzeDomain (224ms)
			TypeCache.Refresh (145ms)
				TypeCache.ScanAssembly (127ms)
			BuildScriptInfoCaches (65ms)
			ResolveRequiredComponents (10ms)
	FinalizeReload (4082ms)
		SetupLoadedEditorAssemblies (0ms)
			InitializePlatformSupportModulesInManaged (22ms)
			BeforeProcessingInitializeOnLoad (147ms)
			ProcessInitializeOnLoadAttributes (3012ms)
			ProcessInitializeOnLoadMethodAttributes (514ms)
			AfterProcessingInitializeOnLoad (5ms)
		AwakeInstancesAfterBackupRestoration (41ms)
Starting new worker id: 0 with log in D:/game/game-client/Logs/AssetImportWorkerHW0.log

Asset Pipeline Refresh (id=3378da1222bdf3246bec759d49e03e36): Total: 10.663 seconds - Initiated by InitialRefreshV2(ForceSynchronousImport)
	(Values over 0.05ms)
	Summary:
		Imports: total=0 (actual=0, local cache=0, cache server=0)
		Asset DB Process Time: managed=0 ms, native=4564 ms
		Asset DB Callback time: managed=457 ms, native=40 ms
		Scripting: domain reloads=1, domain reload time=1132 ms, compile time=4419 ms, other=48 ms
		Project Asset Count: scripts=950, non-scripts=1811
		Asset File Changes: new=0, changed=1, moved=0, deleted=0
		Scan Filter Count: 0
	InvokePackagesCallback: 31.536ms
	ApplyChangesToAssetFolders: 0.902ms
	Scan: 103.929ms
	Collect global state as custom dependencies: 27.914ms
	OnSourceAssetsModified: 0.842ms
	CategorizeScriptCompilationAssets: 25.139ms
	ProcessAssetsWithTransientArtifactChanges: 61.316ms
	CategorizeAssets: 55.493ms
	CompileScripts: 4419.026ms
	ImportOutOfDateAssets: 4168.326ms (4097.074ms without children)
		UnloadImportedAssets: 0.904ms
		EnsureUptoDateAssetsAreRegisteredWithGuidPM: 0.619ms
		ImportSchedulerStart: 69.691ms
	PostProcessAllAssets: 459.617ms
		VCAutoAddAssetPostprocess 1.624ms
		XRBuildSystem.XRAssetImported 0.133ms
		PostProcessCallbackCreateDeferredMaterials 0.050ms
		MonoPostProcessAllAssets: 457.085ms
			AssetPostprocessor.OnPostprocessAllAssets 190.040ms
			BuilderAssetPostprocessor.OnPostprocessAllAssets 135.156ms
			StyleCatalogPostProcessor.OnPostprocessAllAssets 23.266ms
			UniversalRenderPipelineGlobalSettingsPostprocessor.OnPostprocessAllAssets 21.358ms
			ShaderGraphAssetPostProcessor.OnPostprocessAllAssets 4.106ms
			WindowAssetPostprocessingWatcher.OnPostprocessAllAssets 3.827ms
			SpeedTree9Postprocessor.OnPostprocessAllAssets 3.343ms
			AssetChangedListener.OnPostprocessAllAssets 2.990ms
			RetainedModeAssetPostprocessor.OnPostprocessAllAssets 2.898ms
			EditModeScopePostprocessor.OnPostprocessAllAssets 2.495ms
			SyncVS.PostprocessSyncProject 2.088ms
			MaterialPostprocessor.OnPostprocessAllAssets 1.363ms
			ArtifactBrowserPostProcessor.OnPostprocessAllAssets 1.028ms
			RenderPipelineGlobalSettingsPostprocessor.OnPostprocessAllAssets 0.980ms
			CubeLutAssetImporter.OnPostprocessAllAssets 0.852ms
			ReferencedClipsPostProcessor.OnPostprocessAllAssets 0.751ms
			ShaderReflectionAssetPostProcessor.OnPostprocessAllAssets 0.738ms
			SampleDependencyImporterPostProcessor.OnPostprocessAllAssets 0.580ms
			AssetEvents.OnPostprocessAllAssets 0.552ms
			TextAssetPostProcessor.OnPostprocessAllAssets 0.547ms
			TMPro_TexturePostProcessor.OnPostprocessAllAssets 0.506ms
			PostProcessor.OnPostprocessAllAssets 0.483ms
			AudioMixerPostprocessor.OnPostprocessAllAssets 0.474ms
			AssetDatabaseCallbacks.OnPostprocessAllAssets 0.356ms
			TerrainToolbarOverlayPostProcessor.OnPostprocessAllAssets 0.306ms
			ConfigAssetsTracker.OnPostprocessAllAssets 0.254ms
			SpeedTreePostProcessor.OnPostprocessAllAssets 0.205ms
			ScenarioDriftAssetsTracker.OnPostprocessAllAssets 0.199ms
			AudioContainerPostProcessor.OnPostprocessAllAssets 0.116ms
	PostAssetChangesProfiler: 8.533ms
	UnloadStreamsBegin: 5.174ms
	PersistCurrentRevisions: 0.143ms
	GenerateScriptTypeHashes: 1.808ms
	GenerateScriptTypeSerializationHashes: 3.172ms
	Untracked: 1290.433ms

Application.AssetDatabase Initial Refresh End
Launched and connected shader compiler UnityShaderCompiler.exe after 0.02 seconds
Scanning for USB devices : 6.756ms
Initializing Unity extensions:
[MODES] ModeService[none].Initialize
[MODES] ModeService[none].LoadModes
[MODES] Loading mode Default (0) for mode-current-id-game-client
Unloading 38 Unused Serialized files (Serialized files now loaded: 0)
Unloading 3438 unused Assets / (8.3 MB). Loaded Objects now: 4408.
Memory consumption went from 355.2 MB to 346.9 MB.
Total: 22.020500 ms (FindLiveObjects: 0.737000 ms CreateObjectMapping: 2.293800 ms MarkObjects: 12.884600 ms  DeleteObjects: 6.096600 ms)

Unloading 1 Unused Serialized files (Serialized files now loaded: 0)
Unloading 0 unused Assets / (2.2 KB). Loaded Objects now: 4410.
Memory consumption went from 335.6 MB to 335.6 MB.
Total: 9.818900 ms (FindLiveObjects: 0.314700 ms CreateObjectMapping: 0.488000 ms MarkObjects: 9.004000 ms  DeleteObjects: 0.011000 ms)

Worker ready: AssetImportWorkerHW0 0
Tile_0_0: Destroy may not be called from edit mode! Use DestroyImmediate instead.
Destroying an object in edit mode destroys it permanently
UnityEngine.Debug:ExtractStackTraceNoAlloc (byte*,int,string)
UnityEngine.StackTraceUtility:ExtractStackTrace ()
UnityEngine.Object:Destroy (UnityEngine.Object,single)
UnityEngine.Object:Destroy (UnityEngine.Object)
QuizBattle.Arena.GridController:CreateTile (int,int,UnityEngine.Color,bool) (at Assets/Scripts/Arena/GridController.cs:61)
QuizBattle.Arena.GridController:BuildGrid (int,int,int) (at Assets/Scripts/Arena/GridController.cs:44)
QuizBattle.GameState.GameManager:RunAutoPlayMatch (int,int) (at Assets/Scripts/GameState/GameManager.cs:67)
CaptureCurrentArena:Capture () (at Assets/Editor/CaptureCurrentArena.cs:22)

[Assets/Scripts/Arena/GridController.cs line 44]

Tile_0_1: Destroy may not be called from edit mode! Use DestroyImmediate instead.
Destroying an object in edit mode destroys it permanently
UnityEngine.Debug:ExtractStackTraceNoAlloc (byte*,int,string)
UnityEngine.StackTraceUtility:ExtractStackTrace ()
UnityEngine.Object:Destroy (UnityEngine.Object,single)
UnityEngine.Object:Destroy (UnityEngine.Object)
QuizBattle.Arena.GridController:CreateTile (int,int,UnityEngine.Color,bool) (at Assets/Scripts/Arena/GridController.cs:61)
QuizBattle.Arena.GridController:BuildGrid (int,int,int) (at Assets/Scripts/Arena/GridController.cs:44)
QuizBattle.GameState.GameManager:RunAutoPlayMatch (int,int) (at Assets/Scripts/GameState/GameManager.cs:67)
CaptureCurrentArena:Capture () (at Assets/Editor/CaptureCurrentArena.cs:22)

[Assets/Scripts/Arena/GridController.cs line 44]

Tile_0_2: Destroy may not be called from edit mode! Use DestroyImmediate instead.
Destroying an object in edit mode destroys it permanently
UnityEngine.Debug:ExtractStackTraceNoAlloc (byte*,int,string)
UnityEngine.StackTraceUtility:ExtractStackTrace ()
UnityEngine.Object:Destroy (UnityEngine.Object,single)
UnityEngine.Object:Destroy (UnityEngine.Object)
QuizBattle.Arena.GridController:CreateTile (int,int,UnityEngine.Color,bool) (at Assets/Scripts/Arena/GridController.cs:61)
QuizBattle.Arena.GridController:BuildGrid (int,int,int) (at Assets/Scripts/Arena/GridController.cs:44)
QuizBattle.GameState.GameManager:RunAutoPlayMatch (int,int) (at Assets/Scripts/GameState/GameManager.cs:67)
CaptureCurrentArena:Capture () (at Assets/Editor/CaptureCurrentArena.cs:22)

[Assets/Scripts/Arena/GridController.cs line 44]

Tile_0_3: Destroy may not be called from edit mode! Use DestroyImmediate instead.
Destroying an object in edit mode destroys it permanently
UnityEngine.Debug:ExtractStackTraceNoAlloc (byte*,int,string)
UnityEngine.StackTraceUtility:ExtractStackTrace ()
UnityEngine.Object:Destroy (UnityEngine.Object,single)
UnityEngine.Object:Destroy (UnityEngine.Object)
QuizBattle.Arena.GridController:CreateTile (int,int,UnityEngine.Color,bool) (at Assets/Scripts/Arena/GridController.cs:61)
QuizBattle.Arena.GridController:BuildGrid (int,int,int) (at Assets/Scripts/Arena/GridController.cs:44)
QuizBattle.GameState.GameManager:RunAutoPlayMatch (int,int) (at Assets/Scripts/GameState/GameManager.cs:67)
CaptureCurrentArena:Capture () (at Assets/Editor/CaptureCurrentArena.cs:22)

[Assets/Scripts/Arena/GridController.cs line 44]

Tile_0_4: Destroy may not be called from edit mode! Use DestroyImmediate instead.
Destroying an object in edit mode destroys it permanently
UnityEngine.Debug:ExtractStackTraceNoAlloc (byte*,int,string)
UnityEngine.StackTraceUtility:ExtractStackTrace ()
UnityEngine.Object:Destroy (UnityEngine.Object,single)
UnityEngine.Object:Destroy (UnityEngine.Object)
QuizBattle.Arena.GridController:CreateTile (int,int,UnityEngine.Color,bool) (at Assets/Scripts/Arena/GridController.cs:61)
QuizBattle.Arena.GridController:BuildGrid (int,int,int) (at Assets/Scripts/Arena/GridController.cs:44)
QuizBattle.GameState.GameManager:RunAutoPlayMatch (int,int) (at Assets/Scripts/GameState/GameManager.cs:67)
CaptureCurrentArena:Capture () (at Assets/Editor/CaptureCurrentArena.cs:22)

[Assets/Scripts/Arena/GridController.cs line 44]

Tile_0_5: Destroy may not be called from edit mode! Use DestroyImmediate instead.
Destroying an object in edit mode destroys it permanently
UnityEngine.Debug:ExtractStackTraceNoAlloc (byte*,int,string)
UnityEngine.StackTraceUtility:ExtractStackTrace ()
UnityEngine.Object:Destroy (UnityEngine.Object,single)
UnityEngine.Object:Destroy (UnityEngine.Object)
QuizBattle.Arena.GridController:CreateTile (int,int,UnityEngine.Color,bool) (at Assets/Scripts/Arena/GridController.cs:61)
QuizBattle.Arena.GridController:BuildGrid (int,int,int) (at Assets/Scripts/Arena/GridController.cs:44)
QuizBattle.GameState.GameManager:RunAutoPlayMatch (int,int) (at Assets/Scripts/GameState/GameManager.cs:67)
CaptureCurrentArena:Capture () (at Assets/Editor/CaptureCurrentArena.cs:22)

[Assets/Scripts/Arena/GridController.cs line 44]

ZoneGlow_0_5: Destroy may not be called from edit mode! Use DestroyImmediate instead.
Destroying an object in edit mode destroys it permanently
UnityEngine.Debug:ExtractStackTraceNoAlloc (byte*,int,string)
UnityEngine.StackTraceUtility:ExtractStackTrace ()
UnityEngine.Object:Destroy (UnityEngine.Object,single)
UnityEngine.Object:Destroy (UnityEngine.Object)
QuizBattle.Arena.GridController:CreateZoneGlow (int,int,bool,bool) (at Assets/Scripts/Arena/GridController.cs:121)
QuizBattle.Arena.GridController:BuildGrid (int,int,int) (at Assets/Scripts/Arena/GridController.cs:45)
QuizBattle.GameState.GameManager:RunAutoPlayMatch (int,int) (at Assets/Scripts/GameState/GameManager.cs:67)
CaptureCurrentArena:Capture () (at Assets/Editor/CaptureCurrentArena.cs:22)

[Assets/Scripts/Arena/GridController.cs line 121]

SpotFan_0_5: Destroy may not be called from edit mode! Use DestroyImmediate instead.
Destroying an object in edit mode destroys it permanently
UnityEngine.Debug:ExtractStackTraceNoAlloc (byte*,int,string)
UnityEngine.StackTraceUtility:ExtractStackTrace ()
UnityEngine.Object:Destroy (UnityEngine.Object,single)
UnityEngine.Object:Destroy (UnityEngine.Object)
QuizBattle.Arena.GridController:CreateZoneGlow (int,int,bool,bool) (at Assets/Scripts/Arena/GridController.cs:145)
QuizBattle.Arena.GridController:BuildGrid (int,int,int) (at Assets/Scripts/Arena/GridController.cs:45)
QuizBattle.GameState.GameManager:RunAutoPlayMatch (int,int) (at Assets/Scripts/GameState/GameManager.cs:67)
CaptureCurrentArena:Capture () (at Assets/Editor/CaptureCurrentArena.cs:22)

[Assets/Scripts/Arena/GridController.cs line 145]

Pillar: Destroy may not be called from edit mode! Use DestroyImmediate instead.
Destroying an object in edit mode destroys it permanently
UnityEngine.Debug:ExtractStackTraceNoAlloc (byte*,int,string)
UnityEngine.StackTraceUtility:ExtractStackTrace ()
UnityEngine.Object:Destroy (UnityEngine.Object,single)
UnityEngine.Object:Destroy (UnityEngine.Object)
QuizBattle.Arena.GridController:CreateGoalPost (int,int,bool) (at Assets/Scripts/Arena/GridController.cs:182)
QuizBattle.Arena.GridController:CreateZoneGlow (int,int,bool,bool) (at Assets/Scripts/Arena/GridController.cs:163)
QuizBattle.Arena.GridController:BuildGrid (int,int,int) (at Assets/Scripts/Arena/GridController.cs:45)
QuizBattle.GameState.GameManager:RunAutoPlayMatch (int,int) (at Assets/Scripts/GameState/GameManager.cs:67)
CaptureCurrentArena:Capture () (at Assets/Editor/CaptureCurrentArena.cs:22)

[Assets/Scripts/Arena/GridController.cs line 182]

CrownCap: Destroy may not be called from edit mode! Use DestroyImmediate instead.
Destroying an object in edit mode destroys it permanently
UnityEngine.Debug:ExtractStackTraceNoAlloc (byte*,int,string)
UnityEngine.StackTraceUtility:ExtractStackTrace ()
UnityEngine.Object:Destroy (UnityEngine.Object,single)
UnityEngine.Object:Destroy (UnityEngine.Object)
QuizBattle.Arena.GridController:CreateGoalPost (int,int,bool) (at Assets/Scripts/Arena/GridController.cs:191)
QuizBattle.Arena.GridController:CreateZoneGlow (int,int,bool,bool) (at Assets/Scripts/Arena/GridController.cs:163)
QuizBattle.Arena.GridController:BuildGrid (int,int,int) (at Assets/Scripts/Arena/GridController.cs:45)
QuizBattle.GameState.GameManager:RunAutoPlayMatch (int,int) (at Assets/Scripts/GameState/GameManager.cs:67)
CaptureCurrentArena:Capture () (at Assets/Editor/CaptureCurrentArena.cs:22)

[Assets/Scripts/Arena/GridController.cs line 191]

Bracket_0: Destroy may not be called from edit mode! Use DestroyImmediate instead.
Destroying an object in edit mode destroys it permanently
UnityEngine.Debug:ExtractStackTraceNoAlloc (byte*,int,string)
UnityEngine.StackTraceUtility:ExtractStackTrace ()
UnityEngine.Object:Destroy (UnityEngine.Object,single)
UnityEngine.Object:Destroy (UnityEngine.Object)
QuizBattle.Arena.GridController:CreateGoalPost (int,int,bool) (at Assets/Scripts/Arena/GridController.cs:219)
QuizBattle.Arena.GridController:CreateZoneGlow (int,int,bool,bool) (at Assets/Scripts/Arena/GridController.cs:163)
QuizBattle.Arena.GridController:BuildGrid (int,int,int) (at Assets/Scripts/Arena/GridController.cs:45)
QuizBattle.GameState.GameManager:RunAutoPlayMatch (int,int) (at Assets/Scripts/GameState/GameManager.cs:67)
CaptureCurrentArena:Capture () (at Assets/Editor/CaptureCurrentArena.cs:22)

[Assets/Scripts/Arena/GridController.cs line 219]

Bracket_1: Destroy may not be called from edit mode! Use DestroyImmediate instead.
Destroying an object in edit mode destroys it permanently
UnityEngine.Debug:ExtractStackTraceNoAlloc (byte*,int,string)
UnityEngine.StackTraceUtility:ExtractStackTrace ()
UnityEngine.Object:Destroy (UnityEngine.Object,single)
UnityEngine.Object:Destroy (UnityEngine.Object)
QuizBattle.Arena.GridController:CreateGoalPost (int,int,bool) (at Assets/Scripts/Arena/GridController.cs:219)
QuizBattle.Arena.GridController:CreateZoneGlow (int,int,bool,bool) (at Assets/Scripts/Arena/GridController.cs:163)
QuizBattle.Arena.GridController:BuildGrid (int,int,int) (at Assets/Scripts/Arena/GridController.cs:45)
QuizBattle.GameState.GameManager:RunAutoPlayMatch (int,int) (at Assets/Scripts/GameState/GameManager.cs:67)
CaptureCurrentArena:Capture () (at Assets/Editor/CaptureCurrentArena.cs:22)

[Assets/Scripts/Arena/GridController.cs line 219]

Bracket_2: Destroy may not be called from edit mode! Use DestroyImmediate instead.
Destroying an object in edit mode destroys it permanently
UnityEngine.Debug:ExtractStackTraceNoAlloc (byte*,int,string)
UnityEngine.StackTraceUtility:ExtractStackTrace ()
UnityEngine.Object:Destroy (UnityEngine.Object,single)
UnityEngine.Object:Destroy (UnityEngine.Object)
QuizBattle.Arena.GridController:CreateGoalPost (int,int,bool) (at Assets/Scripts/Arena/GridController.cs:219)
QuizBattle.Arena.GridController:CreateZoneGlow (int,int,bool,bool) (at Assets/Scripts/Arena/GridController.cs:163)
QuizBattle.Arena.GridController:BuildGrid (int,int,int) (at Assets/Scripts/Arena/GridController.cs:45)
QuizBattle.GameState.GameManager:RunAutoPlayMatch (int,int) (at Assets/Scripts/GameState/GameManager.cs:67)
CaptureCurrentArena:Capture () (at Assets/Editor/CaptureCurrentArena.cs:22)

[Assets/Scripts/Arena/GridController.cs line 219]

Tile_1_0: Destroy may not be called from edit mode! Use DestroyImmediate instead.
Destroying an object in edit mode destroys it permanently
UnityEngine.Debug:ExtractStackTraceNoAlloc (byte*,int,string)
UnityEngine.StackTraceUtility:ExtractStackTrace ()
UnityEngine.Object:Destroy (UnityEngine.Object,single)
UnityEngine.Object:Destroy (UnityEngine.Object)
QuizBattle.Arena.GridController:CreateTile (int,int,UnityEngine.Color,bool) (at Assets/Scripts/Arena/GridController.cs:61)
QuizBattle.Arena.GridController:BuildGrid (int,int,int) (at Assets/Scripts/Arena/GridController.cs:44)
QuizBattle.GameState.GameManager:RunAutoPlayMatch (int,int) (at Assets/Scripts/GameState/GameManager.cs:67)
CaptureCurrentArena:Capture () (at Assets/Editor/CaptureCurrentArena.cs:22)

[Assets/Scripts/Arena/GridController.cs line 44]

Tile_1_1: Destroy may not be called from edit mode! Use DestroyImmediate instead.
Destroying an object in edit mode destroys it permanently
UnityEngine.Debug:ExtractStackTraceNoAlloc (byte*,int,string)
UnityEngine.StackTraceUtility:ExtractStackTrace ()
UnityEngine.Object:Destroy (UnityEngine.Object,single)
UnityEngine.Object:Destroy (UnityEngine.Object)
QuizBattle.Arena.GridController:CreateTile (int,int,UnityEngine.Color,bool) (at Assets/Scripts/Arena/GridController.cs:61)
QuizBattle.Arena.GridController:BuildGrid (int,int,int) (at Assets/Scripts/Arena/GridController.cs:44)
QuizBattle.GameState.GameManager:RunAutoPlayMatch (int,int) (at Assets/Scripts/GameState/GameManager.cs:67)
CaptureCurrentArena:Capture () (at Assets/Editor/CaptureCurrentArena.cs:22)

[Assets/Scripts/Arena/GridController.cs line 44]

Tile_1_2: Destroy may not be called from edit mode! Use DestroyImmediate instead.
Destroying an object in edit mode destroys it permanently
UnityEngine.Debug:ExtractStackTraceNoAlloc (byte*,int,string)
UnityEngine.StackTraceUtility:ExtractStackTrace ()
UnityEngine.Object:Destroy (UnityEngine.Object,single)
UnityEngine.Object:Destroy (UnityEngine.Object)
QuizBattle.Arena.GridController:CreateTile (int,int,UnityEngine.Color,bool) (at Assets/Scripts/Arena/GridController.cs:61)
QuizBattle.Arena.GridController:BuildGrid (int,int,int) (at Assets/Scripts/Arena/GridController.cs:44)
QuizBattle.GameState.GameManager:RunAutoPlayMatch (int,int) (at Assets/Scripts/GameState/GameManager.cs:67)
CaptureCurrentArena:Capture () (at Assets/Editor/CaptureCurrentArena.cs:22)

[Assets/Scripts/Arena/GridController.cs line 44]

Tile_1_3: Destroy may not be called from edit mode! Use DestroyImmediate instead.
Destroying an object in edit mode destroys it permanently
UnityEngine.Debug:ExtractStackTraceNoAlloc (byte*,int,string)
UnityEngine.StackTraceUtility:ExtractStackTrace ()
UnityEngine.Object:Destroy (UnityEngine.Object,single)
UnityEngine.Object:Destroy (UnityEngine.Object)
QuizBattle.Arena.GridController:CreateTile (int,int,UnityEngine.Color,bool) (at Assets/Scripts/Arena/GridController.cs:61)
QuizBattle.Arena.GridController:BuildGrid (int,int,int) (at Assets/Scripts/Arena/GridController.cs:44)
QuizBattle.GameState.GameManager:RunAutoPlayMatch (int,int) (at Assets/Scripts/GameState/GameManager.cs:67)
CaptureCurrentArena:Capture () (at Assets/Editor/CaptureCurrentArena.cs:22)

[Assets/Scripts/Arena/GridController.cs line 44]

Tile_1_4: Destroy may not be called from edit mode! Use DestroyImmediate instead.
Destroying an object in edit mode destroys it permanently
UnityEngine.Debug:ExtractStackTraceNoAlloc (byte*,int,string)
UnityEngine.StackTraceUtility:ExtractStackTrace ()
UnityEngine.Object:Destroy (UnityEngine.Object,single)
UnityEngine.Object:Destroy (UnityEngine.Object)
QuizBattle.Arena.GridController:CreateTile (int,int,UnityEngine.Color,bool) (at Assets/Scripts/Arena/GridController.cs:61)
QuizBattle.Arena.GridController:BuildGrid (int,int,int) (at Assets/Scripts/Arena/GridController.cs:44)
QuizBattle.GameState.GameManager:RunAutoPlayMatch (int,int) (at Assets/Scripts/GameState/GameManager.cs:67)
CaptureCurrentArena:Capture () (at Assets/Editor/CaptureCurrentArena.cs:22)

[Assets/Scripts/Arena/GridController.cs line 44]

Tile_1_5: Destroy may not be called from edit mode! Use DestroyImmediate instead.
Destroying an object in edit mode destroys it permanently
UnityEngine.Debug:ExtractStackTraceNoAlloc (byte*,int,string)
UnityEngine.StackTraceUtility:ExtractStackTrace ()
UnityEngine.Object:Destroy (UnityEngine.Object,single)
UnityEngine.Object:Destroy (UnityEngine.Object)
QuizBattle.Arena.GridController:CreateTile (int,int,UnityEngine.Color,bool) (at Assets/Scripts/Arena/GridController.cs:61)
QuizBattle.Arena.GridController:BuildGrid (int,int,int) (at Assets/Scripts/Arena/GridController.cs:44)
QuizBattle.GameState.GameManager:RunAutoPlayMatch (int,int) (at Assets/Scripts/GameState/GameManager.cs:67)
CaptureCurrentArena:Capture () (at Assets/Editor/CaptureCurrentArena.cs:22)

[Assets/Scripts/Arena/GridController.cs line 44]

ZoneGlow_1_5: Destroy may not be called from edit mode! Use DestroyImmediate instead.
Destroying an object in edit mode destroys it permanently
UnityEngine.Debug:ExtractStackTraceNoAlloc (byte*,int,string)
UnityEngine.StackTraceUtility:ExtractStackTrace ()
UnityEngine.Object:Destroy (UnityEngine.Object,single)
UnityEngine.Object:Destroy (UnityEngine.Object)
QuizBattle.Arena.GridController:CreateZoneGlow (int,int,bool,bool) (at Assets/Scripts/Arena/GridController.cs:121)
QuizBattle.Arena.GridController:BuildGrid (int,int,int) (at Assets/Scripts/Arena/GridController.cs:45)
QuizBattle.GameState.GameManager:RunAutoPlayMatch (int,int) (at Assets/Scripts/GameState/GameManager.cs:67)
CaptureCurrentArena:Capture () (at Assets/Editor/CaptureCurrentArena.cs:22)

[Assets/Scripts/Arena/GridController.cs line 121]

SpotFan_1_5: Destroy may not be called from edit mode! Use DestroyImmediate instead.
Destroying an object in edit mode destroys it permanently
UnityEngine.Debug:ExtractStackTraceNoAlloc (byte*,int,string)
UnityEngine.StackTraceUtility:ExtractStackTrace ()
UnityEngine.Object:Destroy (UnityEngine.Object,single)
UnityEngine.Object:Destroy (UnityEngine.Object)
QuizBattle.Arena.GridController:CreateZoneGlow (int,int,bool,bool) (at Assets/Scripts/Arena/GridController.cs:145)
QuizBattle.Arena.GridController:BuildGrid (int,int,int) (at Assets/Scripts/Arena/GridController.cs:45)
QuizBattle.GameState.GameManager:RunAutoPlayMatch (int,int) (at Assets/Scripts/GameState/GameManager.cs:67)
CaptureCurrentArena:Capture () (at Assets/Editor/CaptureCurrentArena.cs:22)

[Assets/Scripts/Arena/GridController.cs line 145]

Tile_2_0: Destroy may not be called from edit mode! Use DestroyImmediate instead.
Destroying an object in edit mode destroys it permanently
UnityEngine.Debug:ExtractStackTraceNoAlloc (byte*,int,string)
UnityEngine.StackTraceUtility:ExtractStackTrace ()
UnityEngine.Object:Destroy (UnityEngine.Object,single)
UnityEngine.Object:Destroy (UnityEngine.Object)
QuizBattle.Arena.GridController:CreateTile (int,int,UnityEngine.Color,bool) (at Assets/Scripts/Arena/GridController.cs:61)
QuizBattle.Arena.GridController:BuildGrid (int,int,int) (at Assets/Scripts/Arena/GridController.cs:44)
QuizBattle.GameState.GameManager:RunAutoPlayMatch (int,int) (at Assets/Scripts/GameState/GameManager.cs:67)
CaptureCurrentArena:Capture () (at Assets/Editor/CaptureCurrentArena.cs:22)

[Assets/Scripts/Arena/GridController.cs line 44]

Tile_2_1: Destroy may not be called from edit mode! Use DestroyImmediate instead.
Destroying an object in edit mode destroys it permanently
UnityEngine.Debug:ExtractStackTraceNoAlloc (byte*,int,string)
UnityEngine.StackTraceUtility:ExtractStackTrace ()
UnityEngine.Object:Destroy (UnityEngine.Object,single)
UnityEngine.Object:Destroy (UnityEngine.Object)
QuizBattle.Arena.GridController:CreateTile (int,int,UnityEngine.Color,bool) (at Assets/Scripts/Arena/GridController.cs:61)
QuizBattle.Arena.GridController:BuildGrid (int,int,int) (at Assets/Scripts/Arena/GridController.cs:44)
QuizBattle.GameState.GameManager:RunAutoPlayMatch (int,int) (at Assets/Scripts/GameState/GameManager.cs:67)
CaptureCurrentArena:Capture () (at Assets/Editor/CaptureCurrentArena.cs:22)

[Assets/Scripts/Arena/GridController.cs line 44]

Tile_2_2: Destroy may not be called from edit mode! Use DestroyImmediate instead.
Destroying an object in edit mode destroys it permanently
UnityEngine.Debug:ExtractStackTraceNoAlloc (byte*,int,string)
UnityEngine.StackTraceUtility:ExtractStackTrace ()
UnityEngine.Object:Destroy (UnityEngine.Object,single)
UnityEngine.Object:Destroy (UnityEngine.Object)
QuizBattle.Arena.GridController:CreateTile (int,int,UnityEngine.Color,bool) (at Assets/Scripts/Arena/GridController.cs:61)
QuizBattle.Arena.GridController:BuildGrid (int,int,int) (at Assets/Scripts/Arena/GridController.cs:44)
QuizBattle.GameState.GameManager:RunAutoPlayMatch (int,int) (at Assets/Scripts/GameState/GameManager.cs:67)
CaptureCurrentArena:Capture () (at Assets/Editor/CaptureCurrentArena.cs:22)

[Assets/Scripts/Arena/GridController.cs line 44]

Tile_2_3: Destroy may not be called from edit mode! Use DestroyImmediate instead.
Destroying an object in edit mode destroys it permanently
UnityEngine.Debug:ExtractStackTraceNoAlloc (byte*,int,string)
UnityEngine.StackTraceUtility:ExtractStackTrace ()
UnityEngine.Object:Destroy (UnityEngine.Object,single)
UnityEngine.Object:Destroy (UnityEngine.Object)
QuizBattle.Arena.GridController:CreateTile (int,int,UnityEngine.Color,bool) (at Assets/Scripts/Arena/GridController.cs:61)
QuizBattle.Arena.GridController:BuildGrid (int,int,int) (at Assets/Scripts/Arena/GridController.cs:44)
QuizBattle.GameState.GameManager:RunAutoPlayMatch (int,int) (at Assets/Scripts/GameState/GameManager.cs:67)
CaptureCurrentArena:Capture () (at Assets/Editor/CaptureCurrentArena.cs:22)

[Assets/Scripts/Arena/GridController.cs line 44]

Tile_2_4: Destroy may not be called from edit mode! Use DestroyImmediate instead.
Destroying an object in edit mode destroys it permanently
UnityEngine.Debug:ExtractStackTraceNoAlloc (byte*,int,string)
UnityEngine.StackTraceUtility:ExtractStackTrace ()
UnityEngine.Object:Destroy (UnityEngine.Object,single)
UnityEngine.Object:Destroy (UnityEngine.Object)
QuizBattle.Arena.GridController:CreateTile (int,int,UnityEngine.Color,bool) (at Assets/Scripts/Arena/GridController.cs:61)
QuizBattle.Arena.GridController:BuildGrid (int,int,int) (at Assets/Scripts/Arena/GridController.cs:44)
QuizBattle.GameState.GameManager:RunAutoPlayMatch (int,int) (at Assets/Scripts/GameState/GameManager.cs:67)
CaptureCurrentArena:Capture () (at Assets/Editor/CaptureCurrentArena.cs:22)

[Assets/Scripts/Arena/GridController.cs line 44]

Tile_2_5: Destroy may not be called from edit mode! Use DestroyImmediate instead.
Destroying an object in edit mode destroys it permanently
UnityEngine.Debug:ExtractStackTraceNoAlloc (byte*,int,string)
UnityEngine.StackTraceUtility:ExtractStackTrace ()
UnityEngine.Object:Destroy (UnityEngine.Object,single)
UnityEngine.Object:Destroy (UnityEngine.Object)
QuizBattle.Arena.GridController:CreateTile (int,int,UnityEngine.Color,bool) (at Assets/Scripts/Arena/GridController.cs:61)
QuizBattle.Arena.GridController:BuildGrid (int,int,int) (at Assets/Scripts/Arena/GridController.cs:44)
QuizBattle.GameState.GameManager:RunAutoPlayMatch (int,int) (at Assets/Scripts/GameState/GameManager.cs:67)
CaptureCurrentArena:Capture () (at Assets/Editor/CaptureCurrentArena.cs:22)

[Assets/Scripts/Arena/GridController.cs line 44]

ZoneGlow_2_5: Destroy may not be called from edit mode! Use DestroyImmediate instead.
Destroying an object in edit mode destroys it permanently
UnityEngine.Debug:ExtractStackTraceNoAlloc (byte*,int,string)
UnityEngine.StackTraceUtility:ExtractStackTrace ()
UnityEngine.Object:Destroy (UnityEngine.Object,single)
UnityEngine.Object:Destroy (UnityEngine.Object)
QuizBattle.Arena.GridController:CreateZoneGlow (int,int,bool,bool) (at Assets/Scripts/Arena/GridController.cs:121)
QuizBattle.Arena.GridController:BuildGrid (int,int,int) (at Assets/Scripts/Arena/GridController.cs:45)
QuizBattle.GameState.GameManager:RunAutoPlayMatch (int,int) (at Assets/Scripts/GameState/GameManager.cs:67)
CaptureCurrentArena:Capture () (at Assets/Editor/CaptureCurrentArena.cs:22)

[Assets/Scripts/Arena/GridController.cs line 121]

SpotFan_2_5: Destroy may not be called from edit mode! Use DestroyImmediate instead.
Destroying an object in edit mode destroys it permanently
UnityEngine.Debug:ExtractStackTraceNoAlloc (byte*,int,string)
UnityEngine.StackTraceUtility:ExtractStackTrace ()
UnityEngine.Object:Destroy (UnityEngine.Object,single)
UnityEngine.Object:Destroy (UnityEngine.Object)
QuizBattle.Arena.GridController:CreateZoneGlow (int,int,bool,bool) (at Assets/Scripts/Arena/GridController.cs:145)
QuizBattle.Arena.GridController:BuildGrid (int,int,int) (at Assets/Scripts/Arena/GridController.cs:45)
QuizBattle.GameState.GameManager:RunAutoPlayMatch (int,int) (at Assets/Scripts/GameState/GameManager.cs:67)
CaptureCurrentArena:Capture () (at Assets/Editor/CaptureCurrentArena.cs:22)

[Assets/Scripts/Arena/GridController.cs line 145]

Tile_3_0: Destroy may not be called from edit mode! Use DestroyImmediate instead.
Destroying an object in edit mode destroys it permanently
UnityEngine.Debug:ExtractStackTraceNoAlloc (byte*,int,string)
UnityEngine.StackTraceUtility:ExtractStackTrace ()
UnityEngine.Object:Destroy (UnityEngine.Object,single)
UnityEngine.Object:Destroy (UnityEngine.Object)
QuizBattle.Arena.GridController:CreateTile (int,int,UnityEngine.Color,bool) (at Assets/Scripts/Arena/GridController.cs:61)
QuizBattle.Arena.GridController:BuildGrid (int,int,int) (at Assets/Scripts/Arena/GridController.cs:44)
QuizBattle.GameState.GameManager:RunAutoPlayMatch (int,int) (at Assets/Scripts/GameState/GameManager.cs:67)
CaptureCurrentArena:Capture () (at Assets/Editor/CaptureCurrentArena.cs:22)

[Assets/Scripts/Arena/GridController.cs line 44]

Tile_3_1: Destroy may not be called from edit mode! Use DestroyImmediate instead.
Destroying an object in edit mode destroys it permanently
UnityEngine.Debug:ExtractStackTraceNoAlloc (byte*,int,string)
UnityEngine.StackTraceUtility:ExtractStackTrace ()
UnityEngine.Object:Destroy (UnityEngine.Object,single)
UnityEngine.Object:Destroy (UnityEngine.Object)
QuizBattle.Arena.GridController:CreateTile (int,int,UnityEngine.Color,bool) (at Assets/Scripts/Arena/GridController.cs:61)
QuizBattle.Arena.GridController:BuildGrid (int,int,int) (at Assets/Scripts/Arena/GridController.cs:44)
QuizBattle.GameState.GameManager:RunAutoPlayMatch (int,int) (at Assets/Scripts/GameState/GameManager.cs:67)
CaptureCurrentArena:Capture () (at Assets/Editor/CaptureCurrentArena.cs:22)

[Assets/Scripts/Arena/GridController.cs line 44]

Tile_3_2: Destroy may not be called from edit mode! Use DestroyImmediate instead.
Destroying an object in edit mode destroys it permanently
UnityEngine.Debug:ExtractStackTraceNoAlloc (byte*,int,string)
UnityEngine.StackTraceUtility:ExtractStackTrace ()
UnityEngine.Object:Destroy (UnityEngine.Object,single)
UnityEngine.Object:Destroy (UnityEngine.Object)
QuizBattle.Arena.GridController:CreateTile (int,int,UnityEngine.Color,bool) (at Assets/Scripts/Arena/GridController.cs:61)
QuizBattle.Arena.GridController:BuildGrid (int,int,int) (at Assets/Scripts/Arena/GridController.cs:44)
QuizBattle.GameState.GameManager:RunAutoPlayMatch (int,int) (at Assets/Scripts/GameState/GameManager.cs:67)
CaptureCurrentArena:Capture () (at Assets/Editor/CaptureCurrentArena.cs:22)

[Assets/Scripts/Arena/GridController.cs line 44]

Tile_3_3: Destroy may not be called from edit mode! Use DestroyImmediate instead.
Destroying an object in edit mode destroys it permanently
UnityEngine.Debug:ExtractStackTraceNoAlloc (byte*,int,string)
UnityEngine.StackTraceUtility:ExtractStackTrace ()
UnityEngine.Object:Destroy (UnityEngine.Object,single)
UnityEngine.Object:Destroy (UnityEngine.Object)
QuizBattle.Arena.GridController:CreateTile (int,int,UnityEngine.Color,bool) (at Assets/Scripts/Arena/GridController.cs:61)
QuizBattle.Arena.GridController:BuildGrid (int,int,int) (at Assets/Scripts/Arena/GridController.cs:44)
QuizBattle.GameState.GameManager:RunAutoPlayMatch (int,int) (at Assets/Scripts/GameState/GameManager.cs:67)
CaptureCurrentArena:Capture () (at Assets/Editor/CaptureCurrentArena.cs:22)

[Assets/Scripts/Arena/GridController.cs line 44]

Tile_3_4: Destroy may not be called from edit mode! Use DestroyImmediate instead.
Destroying an object in edit mode destroys it permanently
UnityEngine.Debug:ExtractStackTraceNoAlloc (byte*,int,string)
UnityEngine.StackTraceUtility:ExtractStackTrace ()
UnityEngine.Object:Destroy (UnityEngine.Object,single)
UnityEngine.Object:Destroy (UnityEngine.Object)
QuizBattle.Arena.GridController:CreateTile (int,int,UnityEngine.Color,bool) (at Assets/Scripts/Arena/GridController.cs:61)
QuizBattle.Arena.GridController:BuildGrid (int,int,int) (at Assets/Scripts/Arena/GridController.cs:44)
QuizBattle.GameState.GameManager:RunAutoPlayMatch (int,int) (at Assets/Scripts/GameState/GameManager.cs:67)
CaptureCurrentArena:Capture () (at Assets/Editor/CaptureCurrentArena.cs:22)

[Assets/Scripts/Arena/GridController.cs line 44]

Tile_3_5: Destroy may not be called from edit mode! Use DestroyImmediate instead.
Destroying an object in edit mode destroys it permanently
UnityEngine.Debug:ExtractStackTraceNoAlloc (byte*,int,string)
UnityEngine.StackTraceUtility:ExtractStackTrace ()
UnityEngine.Object:Destroy (UnityEngine.Object,single)
UnityEngine.Object:Destroy (UnityEngine.Object)
QuizBattle.Arena.GridController:CreateTile (int,int,UnityEngine.Color,bool) (at Assets/Scripts/Arena/GridController.cs:61)
QuizBattle.Arena.GridController:BuildGrid (int,int,int) (at Assets/Scripts/Arena/GridController.cs:44)
QuizBattle.GameState.GameManager:RunAutoPlayMatch (int,int) (at Assets/Scripts/GameState/GameManager.cs:67)
CaptureCurrentArena:Capture () (at Assets/Editor/CaptureCurrentArena.cs:22)

[Assets/Scripts/Arena/GridController.cs line 44]

ZoneGlow_3_5: Destroy may not be called from edit mode! Use DestroyImmediate instead.
Destroying an object in edit mode destroys it permanently
UnityEngine.Debug:ExtractStackTraceNoAlloc (byte*,int,string)
UnityEngine.StackTraceUtility:ExtractStackTrace ()
UnityEngine.Object:Destroy (UnityEngine.Object,single)
UnityEngine.Object:Destroy (UnityEngine.Object)
QuizBattle.Arena.GridController:CreateZoneGlow (int,int,bool,bool) (at Assets/Scripts/Arena/GridController.cs:121)
QuizBattle.Arena.GridController:BuildGrid (int,int,int) (at Assets/Scripts/Arena/GridController.cs:45)
QuizBattle.GameState.GameManager:RunAutoPlayMatch (int,int) (at Assets/Scripts/GameState/GameManager.cs:67)
CaptureCurrentArena:Capture () (at Assets/Editor/CaptureCurrentArena.cs:22)

[Assets/Scripts/Arena/GridController.cs line 121]

SpotFan_3_5: Destroy may not be called from edit mode! Use DestroyImmediate instead.
Destroying an object in edit mode destroys it permanently
UnityEngine.Debug:ExtractStackTraceNoAlloc (byte*,int,string)
UnityEngine.StackTraceUtility:ExtractStackTrace ()
UnityEngine.Object:Destroy (UnityEngine.Object,single)
UnityEngine.Object:Destroy (UnityEngine.Object)
QuizBattle.Arena.GridController:CreateZoneGlow (int,int,bool,bool) (at Assets/Scripts/Arena/GridController.cs:145)
QuizBattle.Arena.GridController:BuildGrid (int,int,int) (at Assets/Scripts/Arena/GridController.cs:45)
QuizBattle.GameState.GameManager:RunAutoPlayMatch (int,int) (at Assets/Scripts/GameState/GameManager.cs:67)
CaptureCurrentArena:Capture () (at Assets/Editor/CaptureCurrentArena.cs:22)

[Assets/Scripts/Arena/GridController.cs line 145]

Tile_4_0: Destroy may not be called from edit mode! Use DestroyImmediate instead.
Destroying an object in edit mode destroys it permanently
UnityEngine.Debug:ExtractStackTraceNoAlloc (byte*,int,string)
UnityEngine.StackTraceUtility:ExtractStackTrace ()
UnityEngine.Object:Destroy (UnityEngine.Object,single)
UnityEngine.Object:Destroy (UnityEngine.Object)
QuizBattle.Arena.GridController:CreateTile (int,int,UnityEngine.Color,bool) (at Assets/Scripts/Arena/GridController.cs:61)
QuizBattle.Arena.GridController:BuildGrid (int,int,int) (at Assets/Scripts/Arena/GridController.cs:44)
QuizBattle.GameState.GameManager:RunAutoPlayMatch (int,int) (at Assets/Scripts/GameState/GameManager.cs:67)
CaptureCurrentArena:Capture () (at Assets/Editor/CaptureCurrentArena.cs:22)

[Assets/Scripts/Arena/GridController.cs line 44]

Tile_4_1: Destroy may not be called from edit mode! Use DestroyImmediate instead.
Destroying an object in edit mode destroys it permanently
UnityEngine.Debug:ExtractStackTraceNoAlloc (byte*,int,string)
UnityEngine.StackTraceUtility:ExtractStackTrace ()
UnityEngine.Object:Destroy (UnityEngine.Object,single)
UnityEngine.Object:Destroy (UnityEngine.Object)
QuizBattle.Arena.GridController:CreateTile (int,int,UnityEngine.Color,bool) (at Assets/Scripts/Arena/GridController.cs:61)
QuizBattle.Arena.GridController:BuildGrid (int,int,int) (at Assets/Scripts/Arena/GridController.cs:44)
QuizBattle.GameState.GameManager:RunAutoPlayMatch (int,int) (at Assets/Scripts/GameState/GameManager.cs:67)
CaptureCurrentArena:Capture () (at Assets/Editor/CaptureCurrentArena.cs:22)

[Assets/Scripts/Arena/GridController.cs line 44]

Tile_4_2: Destroy may not be called from edit mode! Use DestroyImmediate instead.
Destroying an object in edit mode destroys it permanently
UnityEngine.Debug:ExtractStackTraceNoAlloc (byte*,int,string)
UnityEngine.StackTraceUtility:ExtractStackTrace ()
UnityEngine.Object:Destroy (UnityEngine.Object,single)
UnityEngine.Object:Destroy (UnityEngine.Object)
QuizBattle.Arena.GridController:CreateTile (int,int,UnityEngine.Color,bool) (at Assets/Scripts/Arena/GridController.cs:61)
QuizBattle.Arena.GridController:BuildGrid (int,int,int) (at Assets/Scripts/Arena/GridController.cs:44)
QuizBattle.GameState.GameManager:RunAutoPlayMatch (int,int) (at Assets/Scripts/GameState/GameManager.cs:67)
CaptureCurrentArena:Capture () (at Assets/Editor/CaptureCurrentArena.cs:22)

[Assets/Scripts/Arena/GridController.cs line 44]

Tile_4_3: Destroy may not be called from edit mode! Use DestroyImmediate instead.
Destroying an object in edit mode destroys it permanently
UnityEngine.Debug:ExtractStackTraceNoAlloc (byte*,int,string)
UnityEngine.StackTraceUtility:ExtractStackTrace ()
UnityEngine.Object:Destroy (UnityEngine.Object,single)
UnityEngine.Object:Destroy (UnityEngine.Object)
QuizBattle.Arena.GridController:CreateTile (int,int,UnityEngine.Color,bool) (at Assets/Scripts/Arena/GridController.cs:61)
QuizBattle.Arena.GridController:BuildGrid (int,int,int) (at Assets/Scripts/Arena/GridController.cs:44)
QuizBattle.GameState.GameManager:RunAutoPlayMatch (int,int) (at Assets/Scripts/GameState/GameManager.cs:67)
CaptureCurrentArena:Capture () (at Assets/Editor/CaptureCurrentArena.cs:22)

[Assets/Scripts/Arena/GridController.cs line 44]

Tile_4_4: Destroy may not be called from edit mode! Use DestroyImmediate instead.
Destroying an object in edit mode destroys it permanently
UnityEngine.Debug:ExtractStackTraceNoAlloc (byte*,int,string)
UnityEngine.StackTraceUtility:ExtractStackTrace ()
UnityEngine.Object:Destroy (UnityEngine.Object,single)
UnityEngine.Object:Destroy (UnityEngine.Object)
QuizBattle.Arena.GridController:CreateTile (int,int,UnityEngine.Color,bool) (at Assets/Scripts/Arena/GridController.cs:61)
QuizBattle.Arena.GridController:BuildGrid (int,int,int) (at Assets/Scripts/Arena/GridController.cs:44)
QuizBattle.GameState.GameManager:RunAutoPlayMatch (int,int) (at Assets/Scripts/GameState/GameManager.cs:67)
CaptureCurrentArena:Capture () (at Assets/Editor/CaptureCurrentArena.cs:22)

[Assets/Scripts/Arena/GridController.cs line 44]

Tile_4_5: Destroy may not be called from edit mode! Use DestroyImmediate instead.
Destroying an object in edit mode destroys it permanently
UnityEngine.Debug:ExtractStackTraceNoAlloc (byte*,int,string)
UnityEngine.StackTraceUtility:ExtractStackTrace ()
UnityEngine.Object:Destroy (UnityEngine.Object,single)
UnityEngine.Object:Destroy (UnityEngine.Object)
QuizBattle.Arena.GridController:CreateTile (int,int,UnityEngine.Color,bool) (at Assets/Scripts/Arena/GridController.cs:61)
QuizBattle.Arena.GridController:BuildGrid (int,int,int) (at Assets/Scripts/Arena/GridController.cs:44)
QuizBattle.GameState.GameManager:RunAutoPlayMatch (int,int) (at Assets/Scripts/GameState/GameManager.cs:67)
CaptureCurrentArena:Capture () (at Assets/Editor/CaptureCurrentArena.cs:22)

[Assets/Scripts/Arena/GridController.cs line 44]

ZoneGlow_4_5: Destroy may not be called from edit mode! Use DestroyImmediate instead.
Destroying an object in edit mode destroys it permanently
UnityEngine.Debug:ExtractStackTraceNoAlloc (byte*,int,string)
UnityEngine.StackTraceUtility:ExtractStackTrace ()
UnityEngine.Object:Destroy (UnityEngine.Object,single)
UnityEngine.Object:Destroy (UnityEngine.Object)
QuizBattle.Arena.GridController:CreateZoneGlow (int,int,bool,bool) (at Assets/Scripts/Arena/GridController.cs:121)
QuizBattle.Arena.GridController:BuildGrid (int,int,int) (at Assets/Scripts/Arena/GridController.cs:45)
QuizBattle.GameState.GameManager:RunAutoPlayMatch (int,int) (at Assets/Scripts/GameState/GameManager.cs:67)
CaptureCurrentArena:Capture () (at Assets/Editor/CaptureCurrentArena.cs:22)

[Assets/Scripts/Arena/GridController.cs line 121]

SpotFan_4_5: Destroy may not be called from edit mode! Use DestroyImmediate instead.
Destroying an object in edit mode destroys it permanently
UnityEngine.Debug:ExtractStackTraceNoAlloc (byte*,int,string)
UnityEngine.StackTraceUtility:ExtractStackTrace ()
UnityEngine.Object:Destroy (UnityEngine.Object,single)
UnityEngine.Object:Destroy (UnityEngine.Object)
QuizBattle.Arena.GridController:CreateZoneGlow (int,int,bool,bool) (at Assets/Scripts/Arena/GridController.cs:145)
QuizBattle.Arena.GridController:BuildGrid (int,int,int) (at Assets/Scripts/Arena/GridController.cs:45)
QuizBattle.GameState.GameManager:RunAutoPlayMatch (int,int) (at Assets/Scripts/GameState/GameManager.cs:67)
CaptureCurrentArena:Capture () (at Assets/Editor/CaptureCurrentArena.cs:22)

[Assets/Scripts/Arena/GridController.cs line 145]

Tile_5_0: Destroy may not be called from edit mode! Use DestroyImmediate instead.
Destroying an object in edit mode destroys it permanently
UnityEngine.Debug:ExtractStackTraceNoAlloc (byte*,int,string)
UnityEngine.StackTraceUtility:ExtractStackTrace ()
UnityEngine.Object:Destroy (UnityEngine.Object,single)
UnityEngine.Object:Destroy (UnityEngine.Object)
QuizBattle.Arena.GridController:CreateTile (int,int,UnityEngine.Color,bool) (at Assets/Scripts/Arena/GridController.cs:61)
QuizBattle.Arena.GridController:BuildGrid (int,int,int) (at Assets/Scripts/Arena/GridController.cs:44)
QuizBattle.GameState.GameManager:RunAutoPlayMatch (int,int) (at Assets/Scripts/GameState/GameManager.cs:67)
CaptureCurrentArena:Capture () (at Assets/Editor/CaptureCurrentArena.cs:22)

[Assets/Scripts/Arena/GridController.cs line 44]

Tile_5_1: Destroy may not be called from edit mode! Use DestroyImmediate instead.
Destroying an object in edit mode destroys it permanently
UnityEngine.Debug:ExtractStackTraceNoAlloc (byte*,int,string)
UnityEngine.StackTraceUtility:ExtractStackTrace ()
UnityEngine.Object:Destroy (UnityEngine.Object,single)
UnityEngine.Object:Destroy (UnityEngine.Object)
QuizBattle.Arena.GridController:CreateTile (int,int,UnityEngine.Color,bool) (at Assets/Scripts/Arena/GridController.cs:61)
QuizBattle.Arena.GridController:BuildGrid (int,int,int) (at Assets/Scripts/Arena/GridController.cs:44)
QuizBattle.GameState.GameManager:RunAutoPlayMatch (int,int) (at Assets/Scripts/GameState/GameManager.cs:67)
CaptureCurrentArena:Capture () (at Assets/Editor/CaptureCurrentArena.cs:22)

[Assets/Scripts/Arena/GridController.cs line 44]

Tile_5_2: Destroy may not be called from edit mode! Use DestroyImmediate instead.
Destroying an object in edit mode destroys it permanently
UnityEngine.Debug:ExtractStackTraceNoAlloc (byte*,int,string)
UnityEngine.StackTraceUtility:ExtractStackTrace ()
UnityEngine.Object:Destroy (UnityEngine.Object,single)
UnityEngine.Object:Destroy (UnityEngine.Object)
QuizBattle.Arena.GridController:CreateTile (int,int,UnityEngine.Color,bool) (at Assets/Scripts/Arena/GridController.cs:61)
QuizBattle.Arena.GridController:BuildGrid (int,int,int) (at Assets/Scripts/Arena/GridController.cs:44)
QuizBattle.GameState.GameManager:RunAutoPlayMatch (int,int) (at Assets/Scripts/GameState/GameManager.cs:67)
CaptureCurrentArena:Capture () (at Assets/Editor/CaptureCurrentArena.cs:22)

[Assets/Scripts/Arena/GridController.cs line 44]

Tile_5_3: Destroy may not be called from edit mode! Use DestroyImmediate instead.
Destroying an object in edit mode destroys it permanently
UnityEngine.Debug:ExtractStackTraceNoAlloc (byte*,int,string)
UnityEngine.StackTraceUtility:ExtractStackTrace ()
UnityEngine.Object:Destroy (UnityEngine.Object,single)
UnityEngine.Object:Destroy (UnityEngine.Object)
QuizBattle.Arena.GridController:CreateTile (int,int,UnityEngine.Color,bool) (at Assets/Scripts/Arena/GridController.cs:61)
QuizBattle.Arena.GridController:BuildGrid (int,int,int) (at Assets/Scripts/Arena/GridController.cs:44)
QuizBattle.GameState.GameManager:RunAutoPlayMatch (int,int) (at Assets/Scripts/GameState/GameManager.cs:67)
CaptureCurrentArena:Capture () (at Assets/Editor/CaptureCurrentArena.cs:22)

[Assets/Scripts/Arena/GridController.cs line 44]

Tile_5_4: Destroy may not be called from edit mode! Use DestroyImmediate instead.
Destroying an object in edit mode destroys it permanently
UnityEngine.Debug:ExtractStackTraceNoAlloc (byte*,int,string)
UnityEngine.StackTraceUtility:ExtractStackTrace ()
UnityEngine.Object:Destroy (UnityEngine.Object,single)
UnityEngine.Object:Destroy (UnityEngine.Object)
QuizBattle.Arena.GridController:CreateTile (int,int,UnityEngine.Color,bool) (at Assets/Scripts/Arena/GridController.cs:61)
QuizBattle.Arena.GridController:BuildGrid (int,int,int) (at Assets/Scripts/Arena/GridController.cs:44)
QuizBattle.GameState.GameManager:RunAutoPlayMatch (int,int) (at Assets/Scripts/GameState/GameManager.cs:67)
CaptureCurrentArena:Capture () (at Assets/Editor/CaptureCurrentArena.cs:22)

[Assets/Scripts/Arena/GridController.cs line 44]

Tile_5_5: Destroy may not be called from edit mode! Use DestroyImmediate instead.
Destroying an object in edit mode destroys it permanently
UnityEngine.Debug:ExtractStackTraceNoAlloc (byte*,int,string)
UnityEngine.StackTraceUtility:ExtractStackTrace ()
UnityEngine.Object:Destroy (UnityEngine.Object,single)
UnityEngine.Object:Destroy (UnityEngine.Object)
QuizBattle.Arena.GridController:CreateTile (int,int,UnityEngine.Color,bool) (at Assets/Scripts/Arena/GridController.cs:61)
QuizBattle.Arena.GridController:BuildGrid (int,int,int) (at Assets/Scripts/Arena/GridController.cs:44)
QuizBattle.GameState.GameManager:RunAutoPlayMatch (int,int) (at Assets/Scripts/GameState/GameManager.cs:67)
CaptureCurrentArena:Capture () (at Assets/Editor/CaptureCurrentArena.cs:22)

[Assets/Scripts/Arena/GridController.cs line 44]

ZoneGlow_5_5: Destroy may not be called from edit mode! Use DestroyImmediate instead.
Destroying an object in edit mode destroys it permanently
UnityEngine.Debug:ExtractStackTraceNoAlloc (byte*,int,string)
UnityEngine.StackTraceUtility:ExtractStackTrace ()
UnityEngine.Object:Destroy (UnityEngine.Object,single)
UnityEngine.Object:Destroy (UnityEngine.Object)
QuizBattle.Arena.GridController:CreateZoneGlow (int,int,bool,bool) (at Assets/Scripts/Arena/GridController.cs:121)
QuizBattle.Arena.GridController:BuildGrid (int,int,int) (at Assets/Scripts/Arena/GridController.cs:45)
QuizBattle.GameState.GameManager:RunAutoPlayMatch (int,int) (at Assets/Scripts/GameState/GameManager.cs:67)
CaptureCurrentArena:Capture () (at Assets/Editor/CaptureCurrentArena.cs:22)

[Assets/Scripts/Arena/GridController.cs line 121]

SpotFan_5_5: Destroy may not be called from edit mode! Use DestroyImmediate instead.
Destroying an object in edit mode destroys it permanently
UnityEngine.Debug:ExtractStackTraceNoAlloc (byte*,int,string)
UnityEngine.StackTraceUtility:ExtractStackTrace ()
UnityEngine.Object:Destroy (UnityEngine.Object,single)
UnityEngine.Object:Destroy (UnityEngine.Object)
QuizBattle.Arena.GridController:CreateZoneGlow (int,int,bool,bool) (at Assets/Scripts/Arena/GridController.cs:145)
QuizBattle.Arena.GridController:BuildGrid (int,int,int) (at Assets/Scripts/Arena/GridController.cs:45)
QuizBattle.GameState.GameManager:RunAutoPlayMatch (int,int) (at Assets/Scripts/GameState/GameManager.cs:67)
CaptureCurrentArena:Capture () (at Assets/Editor/CaptureCurrentArena.cs:22)

[Assets/Scripts/Arena/GridController.cs line 145]

Tile_6_0: Destroy may not be called from edit mode! Use DestroyImmediate instead.
Destroying an object in edit mode destroys it permanently
UnityEngine.Debug:ExtractStackTraceNoAlloc (byte*,int,string)
UnityEngine.StackTraceUtility:ExtractStackTrace ()
UnityEngine.Object:Destroy (UnityEngine.Object,single)
UnityEngine.Object:Destroy (UnityEngine.Object)
QuizBattle.Arena.GridController:CreateTile (int,int,UnityEngine.Color,bool) (at Assets/Scripts/Arena/GridController.cs:61)
QuizBattle.Arena.GridController:BuildGrid (int,int,int) (at Assets/Scripts/Arena/GridController.cs:44)
QuizBattle.GameState.GameManager:RunAutoPlayMatch (int,int) (at Assets/Scripts/GameState/GameManager.cs:67)
CaptureCurrentArena:Capture () (at Assets/Editor/CaptureCurrentArena.cs:22)

[Assets/Scripts/Arena/GridController.cs line 44]

Tile_6_1: Destroy may not be called from edit mode! Use DestroyImmediate instead.
Destroying an object in edit mode destroys it permanently
UnityEngine.Debug:ExtractStackTraceNoAlloc (byte*,int,string)
UnityEngine.StackTraceUtility:ExtractStackTrace ()
UnityEngine.Object:Destroy (UnityEngine.Object,single)
UnityEngine.Object:Destroy (UnityEngine.Object)
QuizBattle.Arena.GridController:CreateTile (int,int,UnityEngine.Color,bool) (at Assets/Scripts/Arena/GridController.cs:61)
QuizBattle.Arena.GridController:BuildGrid (int,int,int) (at Assets/Scripts/Arena/GridController.cs:44)
QuizBattle.GameState.GameManager:RunAutoPlayMatch (int,int) (at Assets/Scripts/GameState/GameManager.cs:67)
CaptureCurrentArena:Capture () (at Assets/Editor/CaptureCurrentArena.cs:22)

[Assets/Scripts/Arena/GridController.cs line 44]

Tile_6_2: Destroy may not be called from edit mode! Use DestroyImmediate instead.
Destroying an object in edit mode destroys it permanently
UnityEngine.Debug:ExtractStackTraceNoAlloc (byte*,int,string)
UnityEngine.StackTraceUtility:ExtractStackTrace ()
UnityEngine.Object:Destroy (UnityEngine.Object,single)
UnityEngine.Object:Destroy (UnityEngine.Object)
QuizBattle.Arena.GridController:CreateTile (int,int,UnityEngine.Color,bool) (at Assets/Scripts/Arena/GridController.cs:61)
QuizBattle.Arena.GridController:BuildGrid (int,int,int) (at Assets/Scripts/Arena/GridController.cs:44)
QuizBattle.GameState.GameManager:RunAutoPlayMatch (int,int) (at Assets/Scripts/GameState/GameManager.cs:67)
CaptureCurrentArena:Capture () (at Assets/Editor/CaptureCurrentArena.cs:22)

[Assets/Scripts/Arena/GridController.cs line 44]

Tile_6_3: Destroy may not be called from edit mode! Use DestroyImmediate instead.
Destroying an object in edit mode destroys it permanently
UnityEngine.Debug:ExtractStackTraceNoAlloc (byte*,int,string)
UnityEngine.StackTraceUtility:ExtractStackTrace ()
UnityEngine.Object:Destroy (UnityEngine.Object,single)
UnityEngine.Object:Destroy (UnityEngine.Object)
QuizBattle.Arena.GridController:CreateTile (int,int,UnityEngine.Color,bool) (at Assets/Scripts/Arena/GridController.cs:61)
QuizBattle.Arena.GridController:BuildGrid (int,int,int) (at Assets/Scripts/Arena/GridController.cs:44)
QuizBattle.GameState.GameManager:RunAutoPlayMatch (int,int) (at Assets/Scripts/GameState/GameManager.cs:67)
CaptureCurrentArena:Capture () (at Assets/Editor/CaptureCurrentArena.cs:22)

[Assets/Scripts/Arena/GridController.cs line 44]

Tile_6_4: Destroy may not be called from edit mode! Use DestroyImmediate instead.
Destroying an object in edit mode destroys it permanently
UnityEngine.Debug:ExtractStackTraceNoAlloc (byte*,int,string)
UnityEngine.StackTraceUtility:ExtractStackTrace ()
UnityEngine.Object:Destroy (UnityEngine.Object,single)
UnityEngine.Object:Destroy (UnityEngine.Object)
QuizBattle.Arena.GridController:CreateTile (int,int,UnityEngine.Color,bool) (at Assets/Scripts/Arena/GridController.cs:61)
QuizBattle.Arena.GridController:BuildGrid (int,int,int) (at Assets/Scripts/Arena/GridController.cs:44)
QuizBattle.GameState.GameManager:RunAutoPlayMatch (int,int) (at Assets/Scripts/GameState/GameManager.cs:67)
CaptureCurrentArena:Capture () (at Assets/Editor/CaptureCurrentArena.cs:22)

[Assets/Scripts/Arena/GridController.cs line 44]

Tile_6_5: Destroy may not be called from edit mode! Use DestroyImmediate instead.
Destroying an object in edit mode destroys it permanently
UnityEngine.Debug:ExtractStackTraceNoAlloc (byte*,int,string)
UnityEngine.StackTraceUtility:ExtractStackTrace ()
UnityEngine.Object:Destroy (UnityEngine.Object,single)
UnityEngine.Object:Destroy (UnityEngine.Object)
QuizBattle.Arena.GridController:CreateTile (int,int,UnityEngine.Color,bool) (at Assets/Scripts/Arena/GridController.cs:61)
QuizBattle.Arena.GridController:BuildGrid (int,int,int) (at Assets/Scripts/Arena/GridController.cs:44)
QuizBattle.GameState.GameManager:RunAutoPlayMatch (int,int) (at Assets/Scripts/GameState/GameManager.cs:67)
CaptureCurrentArena:Capture () (at Assets/Editor/CaptureCurrentArena.cs:22)

[Assets/Scripts/Arena/GridController.cs line 44]

ZoneGlow_6_5: Destroy may not be called from edit mode! Use DestroyImmediate instead.
Destroying an object in edit mode destroys it permanently
UnityEngine.Debug:ExtractStackTraceNoAlloc (byte*,int,string)
UnityEngine.StackTraceUtility:ExtractStackTrace ()
UnityEngine.Object:Destroy (UnityEngine.Object,single)
UnityEngine.Object:Destroy (UnityEngine.Object)
QuizBattle.Arena.GridController:CreateZoneGlow (int,int,bool,bool) (at Assets/Scripts/Arena/GridController.cs:121)
QuizBattle.Arena.GridController:BuildGrid (int,int,int) (at Assets/Scripts/Arena/GridController.cs:45)
QuizBattle.GameState.GameManager:RunAutoPlayMatch (int,int) (at Assets/Scripts/GameState/GameManager.cs:67)
CaptureCurrentArena:Capture () (at Assets/Editor/CaptureCurrentArena.cs:22)

[Assets/Scripts/Arena/GridController.cs line 121]

SpotFan_6_5: Destroy may not be called from edit mode! Use DestroyImmediate instead.
Destroying an object in edit mode destroys it permanently
UnityEngine.Debug:ExtractStackTraceNoAlloc (byte*,int,string)
UnityEngine.StackTraceUtility:ExtractStackTrace ()
UnityEngine.Object:Destroy (UnityEngine.Object,single)
UnityEngine.Object:Destroy (UnityEngine.Object)
QuizBattle.Arena.GridController:CreateZoneGlow (int,int,bool,bool) (at Assets/Scripts/Arena/GridController.cs:145)
QuizBattle.Arena.GridController:BuildGrid (int,int,int) (at Assets/Scripts/Arena/GridController.cs:45)
QuizBattle.GameState.GameManager:RunAutoPlayMatch (int,int) (at Assets/Scripts/GameState/GameManager.cs:67)
CaptureCurrentArena:Capture () (at Assets/Editor/CaptureCurrentArena.cs:22)

[Assets/Scripts/Arena/GridController.cs line 145]

Tile_7_0: Destroy may not be called from edit mode! Use DestroyImmediate instead.
Destroying an object in edit mode destroys it permanently
UnityEngine.Debug:ExtractStackTraceNoAlloc (byte*,int,string)
UnityEngine.StackTraceUtility:ExtractStackTrace ()
UnityEngine.Object:Destroy (UnityEngine.Object,single)
UnityEngine.Object:Destroy (UnityEngine.Object)
QuizBattle.Arena.GridController:CreateTile (int,int,UnityEngine.Color,bool) (at Assets/Scripts/Arena/GridController.cs:61)
QuizBattle.Arena.GridController:BuildGrid (int,int,int) (at Assets/Scripts/Arena/GridController.cs:44)
QuizBattle.GameState.GameManager:RunAutoPlayMatch (int,int) (at Assets/Scripts/GameState/GameManager.cs:67)
CaptureCurrentArena:Capture () (at Assets/Editor/CaptureCurrentArena.cs:22)

[Assets/Scripts/Arena/GridController.cs line 44]

Tile_7_1: Destroy may not be called from edit mode! Use DestroyImmediate instead.
Destroying an object in edit mode destroys it permanently
UnityEngine.Debug:ExtractStackTraceNoAlloc (byte*,int,string)
UnityEngine.StackTraceUtility:ExtractStackTrace ()
UnityEngine.Object:Destroy (UnityEngine.Object,single)
UnityEngine.Object:Destroy (UnityEngine.Object)
QuizBattle.Arena.GridController:CreateTile (int,int,UnityEngine.Color,bool) (at Assets/Scripts/Arena/GridController.cs:61)
QuizBattle.Arena.GridController:BuildGrid (int,int,int) (at Assets/Scripts/Arena/GridController.cs:44)
QuizBattle.GameState.GameManager:RunAutoPlayMatch (int,int) (at Assets/Scripts/GameState/GameManager.cs:67)
CaptureCurrentArena:Capture () (at Assets/Editor/CaptureCurrentArena.cs:22)

[Assets/Scripts/Arena/GridController.cs line 44]

Tile_7_2: Destroy may not be called from edit mode! Use DestroyImmediate instead.
Destroying an object in edit mode destroys it permanently
UnityEngine.Debug:ExtractStackTraceNoAlloc (byte*,int,string)
UnityEngine.StackTraceUtility:ExtractStackTrace ()
UnityEngine.Object:Destroy (UnityEngine.Object,single)
UnityEngine.Object:Destroy (UnityEngine.Object)
QuizBattle.Arena.GridController:CreateTile (int,int,UnityEngine.Color,bool) (at Assets/Scripts/Arena/GridController.cs:61)
QuizBattle.Arena.GridController:BuildGrid (int,int,int) (at Assets/Scripts/Arena/GridController.cs:44)
QuizBattle.GameState.GameManager:RunAutoPlayMatch (int,int) (at Assets/Scripts/GameState/GameManager.cs:67)
CaptureCurrentArena:Capture () (at Assets/Editor/CaptureCurrentArena.cs:22)

[Assets/Scripts/Arena/GridController.cs line 44]

Tile_7_3: Destroy may not be called from edit mode! Use DestroyImmediate instead.
Destroying an object in edit mode destroys it permanently
UnityEngine.Debug:ExtractStackTraceNoAlloc (byte*,int,string)
UnityEngine.StackTraceUtility:ExtractStackTrace ()
UnityEngine.Object:Destroy (UnityEngine.Object,single)
UnityEngine.Object:Destroy (UnityEngine.Object)
QuizBattle.Arena.GridController:CreateTile (int,int,UnityEngine.Color,bool) (at Assets/Scripts/Arena/GridController.cs:61)
QuizBattle.Arena.GridController:BuildGrid (int,int,int) (at Assets/Scripts/Arena/GridController.cs:44)
QuizBattle.GameState.GameManager:RunAutoPlayMatch (int,int) (at Assets/Scripts/GameState/GameManager.cs:67)
CaptureCurrentArena:Capture () (at Assets/Editor/CaptureCurrentArena.cs:22)

[Assets/Scripts/Arena/GridController.cs line 44]

Tile_7_4: Destroy may not be called from edit mode! Use DestroyImmediate instead.
Destroying an object in edit mode destroys it permanently
UnityEngine.Debug:ExtractStackTraceNoAlloc (byte*,int,string)
UnityEngine.StackTraceUtility:ExtractStackTrace ()
UnityEngine.Object:Destroy (UnityEngine.Object,single)
UnityEngine.Object:Destroy (UnityEngine.Object)
QuizBattle.Arena.GridController:CreateTile (int,int,UnityEngine.Color,bool) (at Assets/Scripts/Arena/GridController.cs:61)
QuizBattle.Arena.GridController:BuildGrid (int,int,int) (at Assets/Scripts/Arena/GridController.cs:44)
QuizBattle.GameState.GameManager:RunAutoPlayMatch (int,int) (at Assets/Scripts/GameState/GameManager.cs:67)
CaptureCurrentArena:Capture () (at Assets/Editor/CaptureCurrentArena.cs:22)

[Assets/Scripts/Arena/GridController.cs line 44]

Tile_7_5: Destroy may not be called from edit mode! Use DestroyImmediate instead.
Destroying an object in edit mode destroys it permanently
UnityEngine.Debug:ExtractStackTraceNoAlloc (byte*,int,string)
UnityEngine.StackTraceUtility:ExtractStackTrace ()
UnityEngine.Object:Destroy (UnityEngine.Object,single)
UnityEngine.Object:Destroy (UnityEngine.Object)
QuizBattle.Arena.GridController:CreateTile (int,int,UnityEngine.Color,bool) (at Assets/Scripts/Arena/GridController.cs:61)
QuizBattle.Arena.GridController:BuildGrid (int,int,int) (at Assets/Scripts/Arena/GridController.cs:44)
QuizBattle.GameState.GameManager:RunAutoPlayMatch (int,int) (at Assets/Scripts/GameState/GameManager.cs:67)
CaptureCurrentArena:Capture () (at Assets/Editor/CaptureCurrentArena.cs:22)

[Assets/Scripts/Arena/GridController.cs line 44]

ZoneGlow_7_5: Destroy may not be called from edit mode! Use DestroyImmediate instead.
Destroying an object in edit mode destroys it permanently
UnityEngine.Debug:ExtractStackTraceNoAlloc (byte*,int,string)
UnityEngine.StackTraceUtility:ExtractStackTrace ()
UnityEngine.Object:Destroy (UnityEngine.Object,single)
UnityEngine.Object:Destroy (UnityEngine.Object)
QuizBattle.Arena.GridController:CreateZoneGlow (int,int,bool,bool) (at Assets/Scripts/Arena/GridController.cs:121)
QuizBattle.Arena.GridController:BuildGrid (int,int,int) (at Assets/Scripts/Arena/GridController.cs:45)
QuizBattle.GameState.GameManager:RunAutoPlayMatch (int,int) (at Assets/Scripts/GameState/GameManager.cs:67)
CaptureCurrentArena:Capture () (at Assets/Editor/CaptureCurrentArena.cs:22)

[Assets/Scripts/Arena/GridController.cs line 121]

SpotFan_7_5: Destroy may not be called from edit mode! Use DestroyImmediate instead.
Destroying an object in edit mode destroys it permanently
UnityEngine.Debug:ExtractStackTraceNoAlloc (byte*,int,string)
UnityEngine.StackTraceUtility:ExtractStackTrace ()
UnityEngine.Object:Destroy (UnityEngine.Object,single)
UnityEngine.Object:Destroy (UnityEngine.Object)
QuizBattle.Arena.GridController:CreateZoneGlow (int,int,bool,bool) (at Assets/Scripts/Arena/GridController.cs:145)
QuizBattle.Arena.GridController:BuildGrid (int,int,int) (at Assets/Scripts/Arena/GridController.cs:45)
QuizBattle.GameState.GameManager:RunAutoPlayMatch (int,int) (at Assets/Scripts/GameState/GameManager.cs:67)
CaptureCurrentArena:Capture () (at Assets/Editor/CaptureCurrentArena.cs:22)

[Assets/Scripts/Arena/GridController.cs line 145]

Pillar: Destroy may not be called from edit mode! Use DestroyImmediate instead.
Destroying an object in edit mode destroys it permanently
UnityEngine.Debug:ExtractStackTraceNoAlloc (byte*,int,string)
UnityEngine.StackTraceUtility:ExtractStackTrace ()
UnityEngine.Object:Destroy (UnityEngine.Object,single)
UnityEngine.Object:Destroy (UnityEngine.Object)
QuizBattle.Arena.GridController:CreateGoalPost (int,int,bool) (at Assets/Scripts/Arena/GridController.cs:182)
QuizBattle.Arena.GridController:CreateZoneGlow (int,int,bool,bool) (at Assets/Scripts/Arena/GridController.cs:163)
QuizBattle.Arena.GridController:BuildGrid (int,int,int) (at Assets/Scripts/Arena/GridController.cs:45)
QuizBattle.GameState.GameManager:RunAutoPlayMatch (int,int) (at Assets/Scripts/GameState/GameManager.cs:67)
CaptureCurrentArena:Capture () (at Assets/Editor/CaptureCurrentArena.cs:22)

[Assets/Scripts/Arena/GridController.cs line 182]

CrownCap: Destroy may not be called from edit mode! Use DestroyImmediate instead.
Destroying an object in edit mode destroys it permanently
UnityEngine.Debug:ExtractStackTraceNoAlloc (byte*,int,string)
UnityEngine.StackTraceUtility:ExtractStackTrace ()
UnityEngine.Object:Destroy (UnityEngine.Object,single)
UnityEngine.Object:Destroy (UnityEngine.Object)
QuizBattle.Arena.GridController:CreateGoalPost (int,int,bool) (at Assets/Scripts/Arena/GridController.cs:191)
QuizBattle.Arena.GridController:CreateZoneGlow (int,int,bool,bool) (at Assets/Scripts/Arena/GridController.cs:163)
QuizBattle.Arena.GridController:BuildGrid (int,int,int) (at Assets/Scripts/Arena/GridController.cs:45)
QuizBattle.GameState.GameManager:RunAutoPlayMatch (int,int) (at Assets/Scripts/GameState/GameManager.cs:67)
CaptureCurrentArena:Capture () (at Assets/Editor/CaptureCurrentArena.cs:22)

[Assets/Scripts/Arena/GridController.cs line 191]

Bracket_0: Destroy may not be called from edit mode! Use DestroyImmediate instead.
Destroying an object in edit mode destroys it permanently
UnityEngine.Debug:ExtractStackTraceNoAlloc (byte*,int,string)
UnityEngine.StackTraceUtility:ExtractStackTrace ()
UnityEngine.Object:Destroy (UnityEngine.Object,single)
UnityEngine.Object:Destroy (UnityEngine.Object)
QuizBattle.Arena.GridController:CreateGoalPost (int,int,bool) (at Assets/Scripts/Arena/GridController.cs:219)
QuizBattle.Arena.GridController:CreateZoneGlow (int,int,bool,bool) (at Assets/Scripts/Arena/GridController.cs:163)
QuizBattle.Arena.GridController:BuildGrid (int,int,int) (at Assets/Scripts/Arena/GridController.cs:45)
QuizBattle.GameState.GameManager:RunAutoPlayMatch (int,int) (at Assets/Scripts/GameState/GameManager.cs:67)
CaptureCurrentArena:Capture () (at Assets/Editor/CaptureCurrentArena.cs:22)

[Assets/Scripts/Arena/GridController.cs line 219]

Bracket_1: Destroy may not be called from edit mode! Use DestroyImmediate instead.
Destroying an object in edit mode destroys it permanently
UnityEngine.Debug:ExtractStackTraceNoAlloc (byte*,int,string)
UnityEngine.StackTraceUtility:ExtractStackTrace ()
UnityEngine.Object:Destroy (UnityEngine.Object,single)
UnityEngine.Object:Destroy (UnityEngine.Object)
QuizBattle.Arena.GridController:CreateGoalPost (int,int,bool) (at Assets/Scripts/Arena/GridController.cs:219)
QuizBattle.Arena.GridController:CreateZoneGlow (int,int,bool,bool) (at Assets/Scripts/Arena/GridController.cs:163)
QuizBattle.Arena.GridController:BuildGrid (int,int,int) (at Assets/Scripts/Arena/GridController.cs:45)
QuizBattle.GameState.GameManager:RunAutoPlayMatch (int,int) (at Assets/Scripts/GameState/GameManager.cs:67)
CaptureCurrentArena:Capture () (at Assets/Editor/CaptureCurrentArena.cs:22)

[Assets/Scripts/Arena/GridController.cs line 219]

Bracket_2: Destroy may not be called from edit mode! Use DestroyImmediate instead.
Destroying an object in edit mode destroys it permanently
UnityEngine.Debug:ExtractStackTraceNoAlloc (byte*,int,string)
UnityEngine.StackTraceUtility:ExtractStackTrace ()
UnityEngine.Object:Destroy (UnityEngine.Object,single)
UnityEngine.Object:Destroy (UnityEngine.Object)
QuizBattle.Arena.GridController:CreateGoalPost (int,int,bool) (at Assets/Scripts/Arena/GridController.cs:219)
QuizBattle.Arena.GridController:CreateZoneGlow (int,int,bool,bool) (at Assets/Scripts/Arena/GridController.cs:163)
QuizBattle.Arena.GridController:BuildGrid (int,int,int) (at Assets/Scripts/Arena/GridController.cs:45)
QuizBattle.GameState.GameManager:RunAutoPlayMatch (int,int) (at Assets/Scripts/GameState/GameManager.cs:67)
CaptureCurrentArena:Capture () (at Assets/Editor/CaptureCurrentArena.cs:22)

[Assets/Scripts/Arena/GridController.cs line 219]

Curb: Destroy may not be called from edit mode! Use DestroyImmediate instead.
Destroying an object in edit mode destroys it permanently
UnityEngine.Debug:ExtractStackTraceNoAlloc (byte*,int,string)
UnityEngine.StackTraceUtility:ExtractStackTrace ()
UnityEngine.Object:Destroy (UnityEngine.Object,single)
UnityEngine.Object:Destroy (UnityEngine.Object)
QuizBattle.Arena.GridController:CreateCurbSegment (UnityEngine.Transform,UnityEngine.Vector3,UnityEngine.Vector3,UnityEngine.Material) (at Assets/Scripts/Arena/GridController.cs:270)
QuizBattle.Arena.GridController:CreateCurbBorder (int,int) (at Assets/Scripts/Arena/GridController.cs:240)
QuizBattle.Arena.GridController:BuildGrid (int,int,int) (at Assets/Scripts/Arena/GridController.cs:49)
QuizBattle.GameState.GameManager:RunAutoPlayMatch (int,int) (at Assets/Scripts/GameState/GameManager.cs:67)
CaptureCurrentArena:Capture () (at Assets/Editor/CaptureCurrentArena.cs:22)

[Assets/Scripts/Arena/GridController.cs line 240]

Curb: Destroy may not be called from edit mode! Use DestroyImmediate instead.
Destroying an object in edit mode destroys it permanently
UnityEngine.Debug:ExtractStackTraceNoAlloc (byte*,int,string)
UnityEngine.StackTraceUtility:ExtractStackTrace ()
UnityEngine.Object:Destroy (UnityEngine.Object,single)
UnityEngine.Object:Destroy (UnityEngine.Object)
QuizBattle.Arena.GridController:CreateCurbSegment (UnityEngine.Transform,UnityEngine.Vector3,UnityEngine.Vector3,UnityEngine.Material) (at Assets/Scripts/Arena/GridController.cs:270)
QuizBattle.Arena.GridController:CreateCurbBorder (int,int) (at Assets/Scripts/Arena/GridController.cs:241)
QuizBattle.Arena.GridController:BuildGrid (int,int,int) (at Assets/Scripts/Arena/GridController.cs:49)
QuizBattle.GameState.GameManager:RunAutoPlayMatch (int,int) (at Assets/Scripts/GameState/GameManager.cs:67)
CaptureCurrentArena:Capture () (at Assets/Editor/CaptureCurrentArena.cs:22)

[Assets/Scripts/Arena/GridController.cs line 241]

Curb: Destroy may not be called from edit mode! Use DestroyImmediate instead.
Destroying an object in edit mode destroys it permanently
UnityEngine.Debug:ExtractStackTraceNoAlloc (byte*,int,string)
UnityEngine.StackTraceUtility:ExtractStackTrace ()
UnityEngine.Object:Destroy (UnityEngine.Object,single)
UnityEngine.Object:Destroy (UnityEngine.Object)
QuizBattle.Arena.GridController:CreateCurbSegment (UnityEngine.Transform,UnityEngine.Vector3,UnityEngine.Vector3,UnityEngine.Material) (at Assets/Scripts/Arena/GridController.cs:270)
QuizBattle.Arena.GridController:CreateCurbBorder (int,int) (at Assets/Scripts/Arena/GridController.cs:242)
QuizBattle.Arena.GridController:BuildGrid (int,int,int) (at Assets/Scripts/Arena/GridController.cs:49)
QuizBattle.GameState.GameManager:RunAutoPlayMatch (int,int) (at Assets/Scripts/GameState/GameManager.cs:67)
CaptureCurrentArena:Capture () (at Assets/Editor/CaptureCurrentArena.cs:22)

[Assets/Scripts/Arena/GridController.cs line 242]

Curb: Destroy may not be called from edit mode! Use DestroyImmediate instead.
Destroying an object in edit mode destroys it permanently
UnityEngine.Debug:ExtractStackTraceNoAlloc (byte*,int,string)
UnityEngine.StackTraceUtility:ExtractStackTrace ()
UnityEngine.Object:Destroy (UnityEngine.Object,single)
UnityEngine.Object:Destroy (UnityEngine.Object)
QuizBattle.Arena.GridController:CreateCurbSegment (UnityEngine.Transform,UnityEngine.Vector3,UnityEngine.Vector3,UnityEngine.Material) (at Assets/Scripts/Arena/GridController.cs:270)
QuizBattle.Arena.GridController:CreateCurbBorder (int,int) (at Assets/Scripts/Arena/GridController.cs:243)
QuizBattle.Arena.GridController:BuildGrid (int,int,int) (at Assets/Scripts/Arena/GridController.cs:49)
QuizBattle.GameState.GameManager:RunAutoPlayMatch (int,int) (at Assets/Scripts/GameState/GameManager.cs:67)
CaptureCurrentArena:Capture () (at Assets/Editor/CaptureCurrentArena.cs:22)

[Assets/Scripts/Arena/GridController.cs line 243]

CornerStud: Destroy may not be called from edit mode! Use DestroyImmediate instead.
Destroying an object in edit mode destroys it permanently
UnityEngine.Debug:ExtractStackTraceNoAlloc (byte*,int,string)
UnityEngine.StackTraceUtility:ExtractStackTrace ()
UnityEngine.Object:Destroy (UnityEngine.Object,single)
UnityEngine.Object:Destroy (UnityEngine.Object)
QuizBattle.Arena.GridController:CreateCurbBorder (int,int) (at Assets/Scripts/Arena/GridController.cs:258)
QuizBattle.Arena.GridController:BuildGrid (int,int,int) (at Assets/Scripts/Arena/GridController.cs:49)
QuizBattle.GameState.GameManager:RunAutoPlayMatch (int,int) (at Assets/Scripts/GameState/GameManager.cs:67)
CaptureCurrentArena:Capture () (at Assets/Editor/CaptureCurrentArena.cs:22)

[Assets/Scripts/Arena/GridController.cs line 258]

CornerStud: Destroy may not be called from edit mode! Use DestroyImmediate instead.
Destroying an object in edit mode destroys it permanently
UnityEngine.Debug:ExtractStackTraceNoAlloc (byte*,int,string)
UnityEngine.StackTraceUtility:ExtractStackTrace ()
UnityEngine.Object:Destroy (UnityEngine.Object,single)
UnityEngine.Object:Destroy (UnityEngine.Object)
QuizBattle.Arena.GridController:CreateCurbBorder (int,int) (at Assets/Scripts/Arena/GridController.cs:258)
QuizBattle.Arena.GridController:BuildGrid (int,int,int) (at Assets/Scripts/Arena/GridController.cs:49)
QuizBattle.GameState.GameManager:RunAutoPlayMatch (int,int) (at Assets/Scripts/GameState/GameManager.cs:67)
CaptureCurrentArena:Capture () (at Assets/Editor/CaptureCurrentArena.cs:22)

[Assets/Scripts/Arena/GridController.cs line 258]

Plinth_Tier1: Destroy may not be called from edit mode! Use DestroyImmediate instead.
Destroying an object in edit mode destroys it permanently
UnityEngine.Debug:ExtractStackTraceNoAlloc (byte*,int,string)
UnityEngine.StackTraceUtility:ExtractStackTrace ()
UnityEngine.Object:Destroy (UnityEngine.Object,single)
UnityEngine.Object:Destroy (UnityEngine.Object)
QuizBattle.Arena.GridController:CreatePlinth (int,int) (at Assets/Scripts/Arena/GridController.cs:313)
QuizBattle.Arena.GridController:BuildGrid (int,int,int) (at Assets/Scripts/Arena/GridController.cs:50)
QuizBattle.GameState.GameManager:RunAutoPlayMatch (int,int) (at Assets/Scripts/GameState/GameManager.cs:67)
CaptureCurrentArena:Capture () (at Assets/Editor/CaptureCurrentArena.cs:22)

[Assets/Scripts/Arena/GridController.cs line 313]

Plinth_Tier2: Destroy may not be called from edit mode! Use DestroyImmediate instead.
Destroying an object in edit mode destroys it permanently
UnityEngine.Debug:ExtractStackTraceNoAlloc (byte*,int,string)
UnityEngine.StackTraceUtility:ExtractStackTrace ()
UnityEngine.Object:Destroy (UnityEngine.Object,single)
UnityEngine.Object:Destroy (UnityEngine.Object)
QuizBattle.Arena.GridController:CreatePlinth (int,int) (at Assets/Scripts/Arena/GridController.cs:322)
QuizBattle.Arena.GridController:BuildGrid (int,int,int) (at Assets/Scripts/Arena/GridController.cs:50)
QuizBattle.GameState.GameManager:RunAutoPlayMatch (int,int) (at Assets/Scripts/GameState/GameManager.cs:67)
CaptureCurrentArena:Capture () (at Assets/Editor/CaptureCurrentArena.cs:22)

[Assets/Scripts/Arena/GridController.cs line 322]

ExpansiveGrassTerrain: Destroy may not be called from edit mode! Use DestroyImmediate instead.
Destroying an object in edit mode destroys it permanently
UnityEngine.Debug:ExtractStackTraceNoAlloc (byte*,int,string)
UnityEngine.StackTraceUtility:ExtractStackTrace ()
UnityEngine.Object:Destroy (UnityEngine.Object,single)
UnityEngine.Object:Destroy (UnityEngine.Object)
QuizBattle.Arena.Visuals.ArenaColosseumBuilder:CreateTerrainGround (UnityEngine.Transform,UnityEngine.Vector3,single,single) (at Assets/Scripts/Arena/Visuals/ArenaColosseumBuilder.cs:50)
QuizBattle.Arena.Visuals.ArenaColosseumBuilder:Build (UnityEngine.Transform,int,int,single) (at Assets/Scripts/Arena/Visuals/ArenaColosseumBuilder.cs:25)
QuizBattle.Arena.GridController:BuildGrid (int,int,int) (at Assets/Scripts/Arena/GridController.cs:51)
QuizBattle.GameState.GameManager:RunAutoPlayMatch (int,int) (at Assets/Scripts/GameState/GameManager.cs:67)
CaptureCurrentArena:Capture () (at Assets/Editor/CaptureCurrentArena.cs:22)

[Assets/Scripts/Arena/GridController.cs line 51]

Sphere: Destroy may not be called from edit mode! Use DestroyImmediate instead.
Destroying an object in edit mode destroys it permanently
UnityEngine.Debug:ExtractStackTraceNoAlloc (byte*,int,string)
UnityEngine.StackTraceUtility:ExtractStackTrace ()
UnityEngine.Object:Destroy (UnityEngine.Object,single)
UnityEngine.Object:Destroy (UnityEngine.Object)
QuizBattle.Arena.Visuals.ArenaColosseumBuilder:CreateCloud (UnityEngine.Transform,UnityEngine.Vector3,single) (at Assets/Scripts/Arena/Visuals/ArenaColosseumBuilder.cs:123)
QuizBattle.Arena.Visuals.ArenaColosseumBuilder:CreateSkyAndClouds (UnityEngine.Transform,UnityEngine.Vector3,single) (at Assets/Scripts/Arena/Visuals/ArenaColosseumBuilder.cs:79)
QuizBattle.Arena.Visuals.ArenaColosseumBuilder:Build (UnityEngine.Transform,int,int,single) (at Assets/Scripts/Arena/Visuals/ArenaColosseumBuilder.cs:26)
QuizBattle.Arena.GridController:BuildGrid (int,int,int) (at Assets/Scripts/Arena/GridController.cs:51)
QuizBattle.GameState.GameManager:RunAutoPlayMatch (int,int) (at Assets/Scripts/GameState/GameManager.cs:67)
CaptureCurrentArena:Capture () (at Assets/Editor/CaptureCurrentArena.cs:22)

[Assets/Scripts/Arena/GridController.cs line 51]

Sphere: Destroy may not be called from edit mode! Use DestroyImmediate instead.
Destroying an object in edit mode destroys it permanently
UnityEngine.Debug:ExtractStackTraceNoAlloc (byte*,int,string)
UnityEngine.StackTraceUtility:ExtractStackTrace ()
UnityEngine.Object:Destroy (UnityEngine.Object,single)
UnityEngine.Object:Destroy (UnityEngine.Object)
QuizBattle.Arena.Visuals.ArenaColosseumBuilder:CreateCloud (UnityEngine.Transform,UnityEngine.Vector3,single) (at Assets/Scripts/Arena/Visuals/ArenaColosseumBuilder.cs:123)
QuizBattle.Arena.Visuals.ArenaColosseumBuilder:CreateSkyAndClouds (UnityEngine.Transform,UnityEngine.Vector3,single) (at Assets/Scripts/Arena/Visuals/ArenaColosseumBuilder.cs:79)
QuizBattle.Arena.Visuals.ArenaColosseumBuilder:Build (UnityEngine.Transform,int,int,single) (at Assets/Scripts/Arena/Visuals/ArenaColosseumBuilder.cs:26)
QuizBattle.Arena.GridController:BuildGrid (int,int,int) (at Assets/Scripts/Arena/GridController.cs:51)
QuizBattle.GameState.GameManager:RunAutoPlayMatch (int,int) (at Assets/Scripts/GameState/GameManager.cs:67)
CaptureCurrentArena:Capture () (at Assets/Editor/CaptureCurrentArena.cs:22)

[Assets/Scripts/Arena/GridController.cs line 51]

Sphere: Destroy may not be called from edit mode! Use DestroyImmediate instead.
Destroying an object in edit mode destroys it permanently
UnityEngine.Debug:ExtractStackTraceNoAlloc (byte*,int,string)
UnityEngine.StackTraceUtility:ExtractStackTrace ()
UnityEngine.Object:Destroy (UnityEngine.Object,single)
UnityEngine.Object:Destroy (UnityEngine.Object)
QuizBattle.Arena.Visuals.ArenaColosseumBuilder:CreateCloud (UnityEngine.Transform,UnityEngine.Vector3,single) (at Assets/Scripts/Arena/Visuals/ArenaColosseumBuilder.cs:123)
QuizBattle.Arena.Visuals.ArenaColosseumBuilder:CreateSkyAndClouds (UnityEngine.Transform,UnityEngine.Vector3,single) (at Assets/Scripts/Arena/Visuals/ArenaColosseumBuilder.cs:79)
QuizBattle.Arena.Visuals.ArenaColosseumBuilder:Build (UnityEngine.Transform,int,int,single) (at Assets/Scripts/Arena/Visuals/ArenaColosseumBuilder.cs:26)
QuizBattle.Arena.GridController:BuildGrid (int,int,int) (at Assets/Scripts/Arena/GridController.cs:51)
QuizBattle.GameState.GameManager:RunAutoPlayMatch (int,int) (at Assets/Scripts/GameState/GameManager.cs:67)
CaptureCurrentArena:Capture () (at Assets/Editor/CaptureCurrentArena.cs:22)

[Assets/Scripts/Arena/GridController.cs line 51]

Sphere: Destroy may not be called from edit mode! Use DestroyImmediate instead.
Destroying an object in edit mode destroys it permanently
UnityEngine.Debug:ExtractStackTraceNoAlloc (byte*,int,string)
UnityEngine.StackTraceUtility:ExtractStackTrace ()
UnityEngine.Object:Destroy (UnityEngine.Object,single)
UnityEngine.Object:Destroy (UnityEngine.Object)
QuizBattle.Arena.Visuals.ArenaColosseumBuilder:CreateCloud (UnityEngine.Transform,UnityEngine.Vector3,single) (at Assets/Scripts/Arena/Visuals/ArenaColosseumBuilder.cs:123)
QuizBattle.Arena.Visuals.ArenaColosseumBuilder:CreateSkyAndClouds (UnityEngine.Transform,UnityEngine.Vector3,single) (at Assets/Scripts/Arena/Visuals/ArenaColosseumBuilder.cs:79)
QuizBattle.Arena.Visuals.ArenaColosseumBuilder:Build (UnityEngine.Transform,int,int,single) (at Assets/Scripts/Arena/Visuals/ArenaColosseumBuilder.cs:26)
QuizBattle.Arena.GridController:BuildGrid (int,int,int) (at Assets/Scripts/Arena/GridController.cs:51)
QuizBattle.GameState.GameManager:RunAutoPlayMatch (int,int) (at Assets/Scripts/GameState/GameManager.cs:67)
CaptureCurrentArena:Capture () (at Assets/Editor/CaptureCurrentArena.cs:22)

[Assets/Scripts/Arena/GridController.cs line 51]

Sphere: Destroy may not be called from edit mode! Use DestroyImmediate instead.
Destroying an object in edit mode destroys it permanently
UnityEngine.Debug:ExtractStackTraceNoAlloc (byte*,int,string)
UnityEngine.StackTraceUtility:ExtractStackTrace ()
UnityEngine.Object:Destroy (UnityEngine.Object,single)
UnityEngine.Object:Destroy (UnityEngine.Object)
QuizBattle.Arena.Visuals.ArenaColosseumBuilder:CreateCloud (UnityEngine.Transform,UnityEngine.Vector3,single) (at Assets/Scripts/Arena/Visuals/ArenaColosseumBuilder.cs:123)
QuizBattle.Arena.Visuals.ArenaColosseumBuilder:CreateSkyAndClouds (UnityEngine.Transform,UnityEngine.Vector3,single) (at Assets/Scripts/Arena/Visuals/ArenaColosseumBuilder.cs:79)
QuizBattle.Arena.Visuals.ArenaColosseumBuilder:Build (UnityEngine.Transform,int,int,single) (at Assets/Scripts/Arena/Visuals/ArenaColosseumBuilder.cs:26)
QuizBattle.Arena.GridController:BuildGrid (int,int,int) (at Assets/Scripts/Arena/GridController.cs:51)
QuizBattle.GameState.GameManager:RunAutoPlayMatch (int,int) (at Assets/Scripts/GameState/GameManager.cs:67)
CaptureCurrentArena:Capture () (at Assets/Editor/CaptureCurrentArena.cs:22)

[Assets/Scripts/Arena/GridController.cs line 51]

Sphere: Destroy may not be called from edit mode! Use DestroyImmediate instead.
Destroying an object in edit mode destroys it permanently
UnityEngine.Debug:ExtractStackTraceNoAlloc (byte*,int,string)
UnityEngine.StackTraceUtility:ExtractStackTrace ()
UnityEngine.Object:Destroy (UnityEngine.Object,single)
UnityEngine.Object:Destroy (UnityEngine.Object)
QuizBattle.Arena.Visuals.ArenaColosseumBuilder:CreateCloud (UnityEngine.Transform,UnityEngine.Vector3,single) (at Assets/Scripts/Arena/Visuals/ArenaColosseumBuilder.cs:123)
QuizBattle.Arena.Visuals.ArenaColosseumBuilder:CreateSkyAndClouds (UnityEngine.Transform,UnityEngine.Vector3,single) (at Assets/Scripts/Arena/Visuals/ArenaColosseumBuilder.cs:79)
QuizBattle.Arena.Visuals.ArenaColosseumBuilder:Build (UnityEngine.Transform,int,int,single) (at Assets/Scripts/Arena/Visuals/ArenaColosseumBuilder.cs:26)
QuizBattle.Arena.GridController:BuildGrid (int,int,int) (at Assets/Scripts/Arena/GridController.cs:51)
QuizBattle.GameState.GameManager:RunAutoPlayMatch (int,int) (at Assets/Scripts/GameState/GameManager.cs:67)
CaptureCurrentArena:Capture () (at Assets/Editor/CaptureCurrentArena.cs:22)

[Assets/Scripts/Arena/GridController.cs line 51]

Sphere: Destroy may not be called from edit mode! Use DestroyImmediate instead.
Destroying an object in edit mode destroys it permanently
UnityEngine.Debug:ExtractStackTraceNoAlloc (byte*,int,string)
UnityEngine.StackTraceUtility:ExtractStackTrace ()
UnityEngine.Object:Destroy (UnityEngine.Object,single)
UnityEngine.Object:Destroy (UnityEngine.Object)
QuizBattle.Arena.Visuals.ArenaColosseumBuilder:CreateCloud (UnityEngine.Transform,UnityEngine.Vector3,single) (at Assets/Scripts/Arena/Visuals/ArenaColosseumBuilder.cs:123)
QuizBattle.Arena.Visuals.ArenaColosseumBuilder:CreateSkyAndClouds (UnityEngine.Transform,UnityEngine.Vector3,single) (at Assets/Scripts/Arena/Visuals/ArenaColosseumBuilder.cs:79)
QuizBattle.Arena.Visuals.ArenaColosseumBuilder:Build (UnityEngine.Transform,int,int,single) (at Assets/Scripts/Arena/Visuals/ArenaColosseumBuilder.cs:26)
QuizBattle.Arena.GridController:BuildGrid (int,int,int) (at Assets/Scripts/Arena/GridController.cs:51)
QuizBattle.GameState.GameManager:RunAutoPlayMatch (int,int) (at Assets/Scripts/GameState/GameManager.cs:67)
CaptureCurrentArena:Capture () (at Assets/Editor/CaptureCurrentArena.cs:22)

[Assets/Scripts/Arena/GridController.cs line 51]

Sphere: Destroy may not be called from edit mode! Use DestroyImmediate instead.
Destroying an object in edit mode destroys it permanently
UnityEngine.Debug:ExtractStackTraceNoAlloc (byte*,int,string)
UnityEngine.StackTraceUtility:ExtractStackTrace ()
UnityEngine.Object:Destroy (UnityEngine.Object,single)
UnityEngine.Object:Destroy (UnityEngine.Object)
QuizBattle.Arena.Visuals.ArenaColosseumBuilder:CreateCloud (UnityEngine.Transform,UnityEngine.Vector3,single) (at Assets/Scripts/Arena/Visuals/ArenaColosseumBuilder.cs:123)
QuizBattle.Arena.Visuals.ArenaColosseumBuilder:CreateSkyAndClouds (UnityEngine.Transform,UnityEngine.Vector3,single) (at Assets/Scripts/Arena/Visuals/ArenaColosseumBuilder.cs:79)
QuizBattle.Arena.Visuals.ArenaColosseumBuilder:Build (UnityEngine.Transform,int,int,single) (at Assets/Scripts/Arena/Visuals/ArenaColosseumBuilder.cs:26)
QuizBattle.Arena.GridController:BuildGrid (int,int,int) (at Assets/Scripts/Arena/GridController.cs:51)
QuizBattle.GameState.GameManager:RunAutoPlayMatch (int,int) (at Assets/Scripts/GameState/GameManager.cs:67)
CaptureCurrentArena:Capture () (at Assets/Editor/CaptureCurrentArena.cs:22)

[Assets/Scripts/Arena/GridController.cs line 51]

Sphere: Destroy may not be called from edit mode! Use DestroyImmediate instead.
Destroying an object in edit mode destroys it permanently
UnityEngine.Debug:ExtractStackTraceNoAlloc (byte*,int,string)
UnityEngine.StackTraceUtility:ExtractStackTrace ()
UnityEngine.Object:Destroy (UnityEngine.Object,single)
UnityEngine.Object:Destroy (UnityEngine.Object)
QuizBattle.Arena.Visuals.ArenaColosseumBuilder:CreateCloud (UnityEngine.Transform,UnityEngine.Vector3,single) (at Assets/Scripts/Arena/Visuals/ArenaColosseumBuilder.cs:123)
QuizBattle.Arena.Visuals.ArenaColosseumBuilder:CreateSkyAndClouds (UnityEngine.Transform,UnityEngine.Vector3,single) (at Assets/Scripts/Arena/Visuals/ArenaColosseumBuilder.cs:79)
QuizBattle.Arena.Visuals.ArenaColosseumBuilder:Build (UnityEngine.Transform,int,int,single) (at Assets/Scripts/Arena/Visuals/ArenaColosseumBuilder.cs:26)
QuizBattle.Arena.GridController:BuildGrid (int,int,int) (at Assets/Scripts/Arena/GridController.cs:51)
QuizBattle.GameState.GameManager:RunAutoPlayMatch (int,int) (at Assets/Scripts/GameState/GameManager.cs:67)
CaptureCurrentArena:Capture () (at Assets/Editor/CaptureCurrentArena.cs:22)

[Assets/Scripts/Arena/GridController.cs line 51]

Sphere: Destroy may not be called from edit mode! Use DestroyImmediate instead.
Destroying an object in edit mode destroys it permanently
UnityEngine.Debug:ExtractStackTraceNoAlloc (byte*,int,string)
UnityEngine.StackTraceUtility:ExtractStackTrace ()
UnityEngine.Object:Destroy (UnityEngine.Object,single)
UnityEngine.Object:Destroy (UnityEngine.Object)
QuizBattle.Arena.Visuals.ArenaColosseumBuilder:CreateCloud (UnityEngine.Transform,UnityEngine.Vector3,single) (at Assets/Scripts/Arena/Visuals/ArenaColosseumBuilder.cs:123)
QuizBattle.Arena.Visuals.ArenaColosseumBuilder:CreateSkyAndClouds (UnityEngine.Transform,UnityEngine.Vector3,single) (at Assets/Scripts/Arena/Visuals/ArenaColosseumBuilder.cs:79)
QuizBattle.Arena.Visuals.ArenaColosseumBuilder:Build (UnityEngine.Transform,int,int,single) (at Assets/Scripts/Arena/Visuals/ArenaColosseumBuilder.cs:26)
QuizBattle.Arena.GridController:BuildGrid (int,int,int) (at Assets/Scripts/Arena/GridController.cs:51)
QuizBattle.GameState.GameManager:RunAutoPlayMatch (int,int) (at Assets/Scripts/GameState/GameManager.cs:67)
CaptureCurrentArena:Capture () (at Assets/Editor/CaptureCurrentArena.cs:22)

[Assets/Scripts/Arena/GridController.cs line 51]

Sphere: Destroy may not be called from edit mode! Use DestroyImmediate instead.
Destroying an object in edit mode destroys it permanently
UnityEngine.Debug:ExtractStackTraceNoAlloc (byte*,int,string)
UnityEngine.StackTraceUtility:ExtractStackTrace ()
UnityEngine.Object:Destroy (UnityEngine.Object,single)
UnityEngine.Object:Destroy (UnityEngine.Object)
QuizBattle.Arena.Visuals.ArenaColosseumBuilder:CreateCloud (UnityEngine.Transform,UnityEngine.Vector3,single) (at Assets/Scripts/Arena/Visuals/ArenaColosseumBuilder.cs:123)
QuizBattle.Arena.Visuals.ArenaColosseumBuilder:CreateSkyAndClouds (UnityEngine.Transform,UnityEngine.Vector3,single) (at Assets/Scripts/Arena/Visuals/ArenaColosseumBuilder.cs:79)
QuizBattle.Arena.Visuals.ArenaColosseumBuilder:Build (UnityEngine.Transform,int,int,single) (at Assets/Scripts/Arena/Visuals/ArenaColosseumBuilder.cs:26)
QuizBattle.Arena.GridController:BuildGrid (int,int,int) (at Assets/Scripts/Arena/GridController.cs:51)
QuizBattle.GameState.GameManager:RunAutoPlayMatch (int,int) (at Assets/Scripts/GameState/GameManager.cs:67)
CaptureCurrentArena:Capture () (at Assets/Editor/CaptureCurrentArena.cs:22)

[Assets/Scripts/Arena/GridController.cs line 51]

Sphere: Destroy may not be called from edit mode! Use DestroyImmediate instead.
Destroying an object in edit mode destroys it permanently
UnityEngine.Debug:ExtractStackTraceNoAlloc (byte*,int,string)
UnityEngine.StackTraceUtility:ExtractStackTrace ()
UnityEngine.Object:Destroy (UnityEngine.Object,single)
UnityEngine.Object:Destroy (UnityEngine.Object)
QuizBattle.Arena.Visuals.ArenaColosseumBuilder:CreateCloud (UnityEngine.Transform,UnityEngine.Vector3,single) (at Assets/Scripts/Arena/Visuals/ArenaColosseumBuilder.cs:123)
QuizBattle.Arena.Visuals.ArenaColosseumBuilder:CreateSkyAndClouds (UnityEngine.Transform,UnityEngine.Vector3,single) (at Assets/Scripts/Arena/Visuals/ArenaColosseumBuilder.cs:79)
QuizBattle.Arena.Visuals.ArenaColosseumBuilder:Build (UnityEngine.Transform,int,int,single) (at Assets/Scripts/Arena/Visuals/ArenaColosseumBuilder.cs:26)
QuizBattle.Arena.GridController:BuildGrid (int,int,int) (at Assets/Scripts/Arena/GridController.cs:51)
QuizBattle.GameState.GameManager:RunAutoPlayMatch (int,int) (at Assets/Scripts/GameState/GameManager.cs:67)
CaptureCurrentArena:Capture () (at Assets/Editor/CaptureCurrentArena.cs:22)

[Assets/Scripts/Arena/GridController.cs line 51]

Sphere: Destroy may not be called from edit mode! Use DestroyImmediate instead.
Destroying an object in edit mode destroys it permanently
UnityEngine.Debug:ExtractStackTraceNoAlloc (byte*,int,string)
UnityEngine.StackTraceUtility:ExtractStackTrace ()
UnityEngine.Object:Destroy (UnityEngine.Object,single)
UnityEngine.Object:Destroy (UnityEngine.Object)
QuizBattle.Arena.Visuals.ArenaColosseumBuilder:CreateCloud (UnityEngine.Transform,UnityEngine.Vector3,single) (at Assets/Scripts/Arena/Visuals/ArenaColosseumBuilder.cs:123)
QuizBattle.Arena.Visuals.ArenaColosseumBuilder:CreateSkyAndClouds (UnityEngine.Transform,UnityEngine.Vector3,single) (at Assets/Scripts/Arena/Visuals/ArenaColosseumBuilder.cs:79)
QuizBattle.Arena.Visuals.ArenaColosseumBuilder:Build (UnityEngine.Transform,int,int,single) (at Assets/Scripts/Arena/Visuals/ArenaColosseumBuilder.cs:26)
QuizBattle.Arena.GridController:BuildGrid (int,int,int) (at Assets/Scripts/Arena/GridController.cs:51)
QuizBattle.GameState.GameManager:RunAutoPlayMatch (int,int) (at Assets/Scripts/GameState/GameManager.cs:67)
CaptureCurrentArena:Capture () (at Assets/Editor/CaptureCurrentArena.cs:22)

[Assets/Scripts/Arena/GridController.cs line 51]

Sphere: Destroy may not be called from edit mode! Use DestroyImmediate instead.
Destroying an object in edit mode destroys it permanently
UnityEngine.Debug:ExtractStackTraceNoAlloc (byte*,int,string)
UnityEngine.StackTraceUtility:ExtractStackTrace ()
UnityEngine.Object:Destroy (UnityEngine.Object,single)
UnityEngine.Object:Destroy (UnityEngine.Object)
QuizBattle.Arena.Visuals.ArenaColosseumBuilder:CreateCloud (UnityEngine.Transform,UnityEngine.Vector3,single) (at Assets/Scripts/Arena/Visuals/ArenaColosseumBuilder.cs:123)
QuizBattle.Arena.Visuals.ArenaColosseumBuilder:CreateSkyAndClouds (UnityEngine.Transform,UnityEngine.Vector3,single) (at Assets/Scripts/Arena/Visuals/ArenaColosseumBuilder.cs:79)
QuizBattle.Arena.Visuals.ArenaColosseumBuilder:Build (UnityEngine.Transform,int,int,single) (at Assets/Scripts/Arena/Visuals/ArenaColosseumBuilder.cs:26)
QuizBattle.Arena.GridController:BuildGrid (int,int,int) (at Assets/Scripts/Arena/GridController.cs:51)
QuizBattle.GameState.GameManager:RunAutoPlayMatch (int,int) (at Assets/Scripts/GameState/GameManager.cs:67)
CaptureCurrentArena:Capture () (at Assets/Editor/CaptureCurrentArena.cs:22)

[Assets/Scripts/Arena/GridController.cs line 51]

Sphere: Destroy may not be called from edit mode! Use DestroyImmediate instead.
Destroying an object in edit mode destroys it permanently
UnityEngine.Debug:ExtractStackTraceNoAlloc (byte*,int,string)
UnityEngine.StackTraceUtility:ExtractStackTrace ()
UnityEngine.Object:Destroy (UnityEngine.Object,single)
UnityEngine.Object:Destroy (UnityEngine.Object)
QuizBattle.Arena.Visuals.ArenaColosseumBuilder:CreateCloud (UnityEngine.Transform,UnityEngine.Vector3,single) (at Assets/Scripts/Arena/Visuals/ArenaColosseumBuilder.cs:123)
QuizBattle.Arena.Visuals.ArenaColosseumBuilder:CreateSkyAndClouds (UnityEngine.Transform,UnityEngine.Vector3,single) (at Assets/Scripts/Arena/Visuals/ArenaColosseumBuilder.cs:79)
QuizBattle.Arena.Visuals.ArenaColosseumBuilder:Build (UnityEngine.Transform,int,int,single) (at Assets/Scripts/Arena/Visuals/ArenaColosseumBuilder.cs:26)
QuizBattle.Arena.GridController:BuildGrid (int,int,int) (at Assets/Scripts/Arena/GridController.cs:51)
QuizBattle.GameState.GameManager:RunAutoPlayMatch (int,int) (at Assets/Scripts/GameState/GameManager.cs:67)
CaptureCurrentArena:Capture () (at Assets/Editor/CaptureCurrentArena.cs:22)

[Assets/Scripts/Arena/GridController.cs line 51]

Sphere: Destroy may not be called from edit mode! Use DestroyImmediate instead.
Destroying an object in edit mode destroys it permanently
UnityEngine.Debug:ExtractStackTraceNoAlloc (byte*,int,string)
UnityEngine.StackTraceUtility:ExtractStackTrace ()
UnityEngine.Object:Destroy (UnityEngine.Object,single)
UnityEngine.Object:Destroy (UnityEngine.Object)
QuizBattle.Arena.Visuals.ArenaColosseumBuilder:CreateCloud (UnityEngine.Transform,UnityEngine.Vector3,single) (at Assets/Scripts/Arena/Visuals/ArenaColosseumBuilder.cs:123)
QuizBattle.Arena.Visuals.ArenaColosseumBuilder:CreateSkyAndClouds (UnityEngine.Transform,UnityEngine.Vector3,single) (at Assets/Scripts/Arena/Visuals/ArenaColosseumBuilder.cs:79)
QuizBattle.Arena.Visuals.ArenaColosseumBuilder:Build (UnityEngine.Transform,int,int,single) (at Assets/Scripts/Arena/Visuals/ArenaColosseumBuilder.cs:26)
QuizBattle.Arena.GridController:BuildGrid (int,int,int) (at Assets/Scripts/Arena/GridController.cs:51)
QuizBattle.GameState.GameManager:RunAutoPlayMatch (int,int) (at Assets/Scripts/GameState/GameManager.cs:67)
CaptureCurrentArena:Capture () (at Assets/Editor/CaptureCurrentArena.cs:22)

[Assets/Scripts/Arena/GridController.cs line 51]

Sphere: Destroy may not be called from edit mode! Use DestroyImmediate instead.
Destroying an object in edit mode destroys it permanently
UnityEngine.Debug:ExtractStackTraceNoAlloc (byte*,int,string)
UnityEngine.StackTraceUtility:ExtractStackTrace ()
UnityEngine.Object:Destroy (UnityEngine.Object,single)
UnityEngine.Object:Destroy (UnityEngine.Object)
QuizBattle.Arena.Visuals.ArenaColosseumBuilder:CreateCloud (UnityEngine.Transform,UnityEngine.Vector3,single) (at Assets/Scripts/Arena/Visuals/ArenaColosseumBuilder.cs:123)
QuizBattle.Arena.Visuals.ArenaColosseumBuilder:CreateSkyAndClouds (UnityEngine.Transform,UnityEngine.Vector3,single) (at Assets/Scripts/Arena/Visuals/ArenaColosseumBuilder.cs:79)
QuizBattle.Arena.Visuals.ArenaColosseumBuilder:Build (UnityEngine.Transform,int,int,single) (at Assets/Scripts/Arena/Visuals/ArenaColosseumBuilder.cs:26)
QuizBattle.Arena.GridController:BuildGrid (int,int,int) (at Assets/Scripts/Arena/GridController.cs:51)
QuizBattle.GameState.GameManager:RunAutoPlayMatch (int,int) (at Assets/Scripts/GameState/GameManager.cs:67)
CaptureCurrentArena:Capture () (at Assets/Editor/CaptureCurrentArena.cs:22)

[Assets/Scripts/Arena/GridController.cs line 51]

Sphere: Destroy may not be called from edit mode! Use DestroyImmediate instead.
Destroying an object in edit mode destroys it permanently
UnityEngine.Debug:ExtractStackTraceNoAlloc (byte*,int,string)
UnityEngine.StackTraceUtility:ExtractStackTrace ()
UnityEngine.Object:Destroy (UnityEngine.Object,single)
UnityEngine.Object:Destroy (UnityEngine.Object)
QuizBattle.Arena.Visuals.ArenaColosseumBuilder:CreateCloud (UnityEngine.Transform,UnityEngine.Vector3,single) (at Assets/Scripts/Arena/Visuals/ArenaColosseumBuilder.cs:123)
QuizBattle.Arena.Visuals.ArenaColosseumBuilder:CreateSkyAndClouds (UnityEngine.Transform,UnityEngine.Vector3,single) (at Assets/Scripts/Arena/Visuals/ArenaColosseumBuilder.cs:79)
QuizBattle.Arena.Visuals.ArenaColosseumBuilder:Build (UnityEngine.Transform,int,int,single) (at Assets/Scripts/Arena/Visuals/ArenaColosseumBuilder.cs:26)
QuizBattle.Arena.GridController:BuildGrid (int,int,int) (at Assets/Scripts/Arena/GridController.cs:51)
QuizBattle.GameState.GameManager:RunAutoPlayMatch (int,int) (at Assets/Scripts/GameState/GameManager.cs:67)
CaptureCurrentArena:Capture () (at Assets/Editor/CaptureCurrentArena.cs:22)

[Assets/Scripts/Arena/GridController.cs line 51]

Sphere: Destroy may not be called from edit mode! Use DestroyImmediate instead.
Destroying an object in edit mode destroys it permanently
UnityEngine.Debug:ExtractStackTraceNoAlloc (byte*,int,string)
UnityEngine.StackTraceUtility:ExtractStackTrace ()
UnityEngine.Object:Destroy (UnityEngine.Object,single)
UnityEngine.Object:Destroy (UnityEngine.Object)
QuizBattle.Arena.Visuals.ArenaColosseumBuilder:CreateCloud (UnityEngine.Transform,UnityEngine.Vector3,single) (at Assets/Scripts/Arena/Visuals/ArenaColosseumBuilder.cs:123)
QuizBattle.Arena.Visuals.ArenaColosseumBuilder:CreateSkyAndClouds (UnityEngine.Transform,UnityEngine.Vector3,single) (at Assets/Scripts/Arena/Visuals/ArenaColosseumBuilder.cs:79)
QuizBattle.Arena.Visuals.ArenaColosseumBuilder:Build (UnityEngine.Transform,int,int,single) (at Assets/Scripts/Arena/Visuals/ArenaColosseumBuilder.cs:26)
QuizBattle.Arena.GridController:BuildGrid (int,int,int) (at Assets/Scripts/Arena/GridController.cs:51)
QuizBattle.GameState.GameManager:RunAutoPlayMatch (int,int) (at Assets/Scripts/GameState/GameManager.cs:67)
CaptureCurrentArena:Capture () (at Assets/Editor/CaptureCurrentArena.cs:22)

[Assets/Scripts/Arena/GridController.cs line 51]

Sphere: Destroy may not be called from edit mode! Use DestroyImmediate instead.
Destroying an object in edit mode destroys it permanently
UnityEngine.Debug:ExtractStackTraceNoAlloc (byte*,int,string)
UnityEngine.StackTraceUtility:ExtractStackTrace ()
UnityEngine.Object:Destroy (UnityEngine.Object,single)
UnityEngine.Object:Destroy (UnityEngine.Object)
QuizBattle.Arena.Visuals.ArenaColosseumBuilder:CreateCloud (UnityEngine.Transform,UnityEngine.Vector3,single) (at Assets/Scripts/Arena/Visuals/ArenaColosseumBuilder.cs:123)
QuizBattle.Arena.Visuals.ArenaColosseumBuilder:CreateSkyAndClouds (UnityEngine.Transform,UnityEngine.Vector3,single) (at Assets/Scripts/Arena/Visuals/ArenaColosseumBuilder.cs:79)
QuizBattle.Arena.Visuals.ArenaColosseumBuilder:Build (UnityEngine.Transform,int,int,single) (at Assets/Scripts/Arena/Visuals/ArenaColosseumBuilder.cs:26)
QuizBattle.Arena.GridController:BuildGrid (int,int,int) (at Assets/Scripts/Arena/GridController.cs:51)
QuizBattle.GameState.GameManager:RunAutoPlayMatch (int,int) (at Assets/Scripts/GameState/GameManager.cs:67)
CaptureCurrentArena:Capture () (at Assets/Editor/CaptureCurrentArena.cs:22)

[Assets/Scripts/Arena/GridController.cs line 51]

WallSection: Destroy may not be called from edit mode! Use DestroyImmediate instead.
Destroying an object in edit mode destroys it permanently
UnityEngine.Debug:ExtractStackTraceNoAlloc (byte*,int,string)
UnityEngine.StackTraceUtility:ExtractStackTrace ()
UnityEngine.Object:Destroy (UnityEngine.Object,single)
UnityEngine.Object:Destroy (UnityEngine.Object)
QuizBattle.Arena.Visuals.ArenaColosseumBuilder:CreateWallSection (UnityEngine.Transform,UnityEngine.Vector3,UnityEngine.Vector3,UnityEngine.Material,bool) (at Assets/Scripts/Arena/Visuals/ArenaColosseumBuilder.cs:205)
QuizBattle.Arena.Visuals.ArenaColosseumBuilder:CreateStadiumWallsAndTowers (UnityEngine.Transform,UnityEngine.Vector3,single,single) (at Assets/Scripts/Arena/Visuals/ArenaColosseumBuilder.cs:173)
QuizBattle.Arena.Visuals.ArenaColosseumBuilder:Build (UnityEngine.Transform,int,int,single) (at Assets/Scripts/Arena/Visuals/ArenaColosseumBuilder.cs:27)
QuizBattle.Arena.GridController:BuildGrid (int,int,int) (at Assets/Scripts/Arena/GridController.cs:51)
QuizBattle.GameState.GameManager:RunAutoPlayMatch (int,int) (at Assets/Scripts/GameState/GameManager.cs:67)
CaptureCurrentArena:Capture () (at Assets/Editor/CaptureCurrentArena.cs:22)

[Assets/Scripts/Arena/GridController.cs line 51]

Crenellation: Destroy may not be called from edit mode! Use DestroyImmediate instead.
Destroying an object in edit mode destroys it permanently
UnityEngine.Debug:ExtractStackTraceNoAlloc (byte*,int,string)
UnityEngine.StackTraceUtility:ExtractStackTrace ()
UnityEngine.Object:Destroy (UnityEngine.Object,single)
UnityEngine.Object:Destroy (UnityEngine.Object)
QuizBattle.Arena.Visuals.ArenaColosseumBuilder:CreateWallSection (UnityEngine.Transform,UnityEngine.Vector3,UnityEngine.Vector3,UnityEngine.Material,bool) (at Assets/Scripts/Arena/Visuals/ArenaColosseumBuilder.cs:221)
QuizBattle.Arena.Visuals.ArenaColosseumBuilder:CreateStadiumWallsAndTowers (UnityEngine.Transform,UnityEngine.Vector3,single,single) (at Assets/Scripts/Arena/Visuals/ArenaColosseumBuilder.cs:173)
QuizBattle.Arena.Visuals.ArenaColosseumBuilder:Build (UnityEngine.Transform,int,int,single) (at Assets/Scripts/Arena/Visuals/ArenaColosseumBuilder.cs:27)
QuizBattle.Arena.GridController:BuildGrid (int,int,int) (at Assets/Scripts/Arena/GridController.cs:51)
QuizBattle.GameState.GameManager:RunAutoPlayMatch (int,int) (at Assets/Scripts/GameState/GameManager.cs:67)
CaptureCurrentArena:Capture () (at Assets/Editor/CaptureCurrentArena.cs:22)

[Assets/Scripts/Arena/GridController.cs line 51]

Crenellation: Destroy may not be called from edit mode! Use DestroyImmediate instead.
Destroying an object in edit mode destroys it permanently
UnityEngine.Debug:ExtractStackTraceNoAlloc (byte*,int,string)
UnityEngine.StackTraceUtility:ExtractStackTrace ()
UnityEngine.Object:Destroy (UnityEngine.Object,single)
UnityEngine.Object:Destroy (UnityEngine.Object)
QuizBattle.Arena.Visuals.ArenaColosseumBuilder:CreateWallSection (UnityEngine.Transform,UnityEngine.Vector3,UnityEngine.Vector3,UnityEngine.Material,bool) (at Assets/Scripts/Arena/Visuals/ArenaColosseumBuilder.cs:221)
QuizBattle.Arena.Visuals.ArenaColosseumBuilder:CreateStadiumWallsAndTowers (UnityEngine.Transform,UnityEngine.Vector3,single,single) (at Assets/Scripts/Arena/Visuals/ArenaColosseumBuilder.cs:173)
QuizBattle.Arena.Visuals.ArenaColosseumBuilder:Build (UnityEngine.Transform,int,int,single) (at Assets/Scripts/Arena/Visuals/ArenaColosseumBuilder.cs:27)
QuizBattle.Arena.GridController:BuildGrid (int,int,int) (at Assets/Scripts/Arena/GridController.cs:51)
QuizBattle.GameState.GameManager:RunAutoPlayMatch (int,int) (at Assets/Scripts/GameState/GameManager.cs:67)
CaptureCurrentArena:Capture () (at Assets/Editor/CaptureCurrentArena.cs:22)

[Assets/Scripts/Arena/GridController.cs line 51]

Crenellation: Destroy may not be called from edit mode! Use DestroyImmediate instead.
Destroying an object in edit mode destroys it permanently
UnityEngine.Debug:ExtractStackTraceNoAlloc (byte*,int,string)
UnityEngine.StackTraceUtility:ExtractStackTrace ()
UnityEngine.Object:Destroy (UnityEngine.Object,single)
UnityEngine.Object:Destroy (UnityEngine.Object)
QuizBattle.Arena.Visuals.ArenaColosseumBuilder:CreateWallSection (UnityEngine.Transform,UnityEngine.Vector3,UnityEngine.Vector3,UnityEngine.Material,bool) (at Assets/Scripts/Arena/Visuals/ArenaColosseumBuilder.cs:221)
QuizBattle.Arena.Visuals.ArenaColosseumBuilder:CreateStadiumWallsAndTowers (UnityEngine.Transform,UnityEngine.Vector3,single,single) (at Assets/Scripts/Arena/Visuals/ArenaColosseumBuilder.cs:173)
QuizBattle.Arena.Visuals.ArenaColosseumBuilder:Build (UnityEngine.Transform,int,int,single) (at Assets/Scripts/Arena/Visuals/ArenaColosseumBuilder.cs:27)
QuizBattle.Arena.GridController:BuildGrid (int,int,int) (at Assets/Scripts/Arena/GridController.cs:51)
QuizBattle.GameState.GameManager:RunAutoPlayMatch (int,int) (at Assets/Scripts/GameState/GameManager.cs:67)
CaptureCurrentArena:Capture () (at Assets/Editor/CaptureCurrentArena.cs:22)

[Assets/Scripts/Arena/GridController.cs line 51]

Crenellation: Destroy may not be called from edit mode! Use DestroyImmediate instead.
Destroying an object in edit mode destroys it permanently
UnityEngine.Debug:ExtractStackTraceNoAlloc (byte*,int,string)
UnityEngine.StackTraceUtility:ExtractStackTrace ()
UnityEngine.Object:Destroy (UnityEngine.Object,single)
UnityEngine.Object:Destroy (UnityEngine.Object)
QuizBattle.Arena.Visuals.ArenaColosseumBuilder:CreateWallSection (UnityEngine.Transform,UnityEngine.Vector3,UnityEngine.Vector3,UnityEngine.Material,bool) (at Assets/Scripts/Arena/Visuals/ArenaColosseumBuilder.cs:221)
QuizBattle.Arena.Visuals.ArenaColosseumBuilder:CreateStadiumWallsAndTowers (UnityEngine.Transform,UnityEngine.Vector3,single,single) (at Assets/Scripts/Arena/Visuals/ArenaColosseumBuilder.cs:173)
QuizBattle.Arena.Visuals.ArenaColosseumBuilder:Build (UnityEngine.Transform,int,int,single) (at Assets/Scripts/Arena/Visuals/ArenaColosseumBuilder.cs:27)
QuizBattle.Arena.GridController:BuildGrid (int,int,int) (at Assets/Scripts/Arena/GridController.cs:51)
QuizBattle.GameState.GameManager:RunAutoPlayMatch (int,int) (at Assets/Scripts/GameState/GameManager.cs:67)
CaptureCurrentArena:Capture () (at Assets/Editor/CaptureCurrentArena.cs:22)

[Assets/Scripts/Arena/GridController.cs line 51]

Crenellation: Destroy may not be called from edit mode! Use DestroyImmediate instead.
Destroying an object in edit mode destroys it permanently
UnityEngine.Debug:ExtractStackTraceNoAlloc (byte*,int,string)
UnityEngine.StackTraceUtility:ExtractStackTrace ()
UnityEngine.Object:Destroy (UnityEngine.Object,single)
UnityEngine.Object:Destroy (UnityEngine.Object)
QuizBattle.Arena.Visuals.ArenaColosseumBuilder:CreateWallSection (UnityEngine.Transform,UnityEngine.Vector3,UnityEngine.Vector3,UnityEngine.Material,bool) (at Assets/Scripts/Arena/Visuals/ArenaColosseumBuilder.cs:221)
QuizBattle.Arena.Visuals.ArenaColosseumBuilder:CreateStadiumWallsAndTowers (UnityEngine.Transform,UnityEngine.Vector3,single,single) (at Assets/Scripts/Arena/Visuals/ArenaColosseumBuilder.cs:173)
QuizBattle.Arena.Visuals.ArenaColosseumBuilder:Build (UnityEngine.Transform,int,int,single) (at Assets/Scripts/Arena/Visuals/ArenaColosseumBuilder.cs:27)
QuizBattle.Arena.GridController:BuildGrid (int,int,int) (at Assets/Scripts/Arena/GridController.cs:51)
QuizBattle.GameState.GameManager:RunAutoPlayMatch (int,int) (at Assets/Scripts/GameState/GameManager.cs:67)
CaptureCurrentArena:Capture () (at Assets/Editor/CaptureCurrentArena.cs:22)

[Assets/Scripts/Arena/GridController.cs line 51]

Crenellation: Destroy may not be called from edit mode! Use DestroyImmediate instead.
Destroying an object in edit mode destroys it permanently
UnityEngine.Debug:ExtractStackTraceNoAlloc (byte*,int,string)
UnityEngine.StackTraceUtility:ExtractStackTrace ()
UnityEngine.Object:Destroy (UnityEngine.Object,single)
UnityEngine.Object:Destroy (UnityEngine.Object)
QuizBattle.Arena.Visuals.ArenaColosseumBuilder:CreateWallSection (UnityEngine.Transform,UnityEngine.Vector3,UnityEngine.Vector3,UnityEngine.Material,bool) (at Assets/Scripts/Arena/Visuals/ArenaColosseumBuilder.cs:221)
QuizBattle.Arena.Visuals.ArenaColosseumBuilder:CreateStadiumWallsAndTowers (UnityEngine.Transform,UnityEngine.Vector3,single,single) (at Assets/Scripts/Arena/Visuals/ArenaColosseumBuilder.cs:173)
QuizBattle.Arena.Visuals.ArenaColosseumBuilder:Build (UnityEngine.Transform,int,int,single) (at Assets/Scripts/Arena/Visuals/ArenaColosseumBuilder.cs:27)
QuizBattle.Arena.GridController:BuildGrid (int,int,int) (at Assets/Scripts/Arena/GridController.cs:51)
QuizBattle.GameState.GameManager:RunAutoPlayMatch (int,int) (at Assets/Scripts/GameState/GameManager.cs:67)
CaptureCurrentArena:Capture () (at Assets/Editor/CaptureCurrentArena.cs:22)

[Assets/Scripts/Arena/GridController.cs line 51]

Crenellation: Destroy may not be called from edit mode! Use DestroyImmediate instead.
Destroying an object in edit mode destroys it permanently
UnityEngine.Debug:ExtractStackTraceNoAlloc (byte*,int,string)
UnityEngine.StackTraceUtility:ExtractStackTrace ()
UnityEngine.Object:Destroy (UnityEngine.Object,single)
UnityEngine.Object:Destroy (UnityEngine.Object)
QuizBattle.Arena.Visuals.ArenaColosseumBuilder:CreateWallSection (UnityEngine.Transform,UnityEngine.Vector3,UnityEngine.Vector3,UnityEngine.Material,bool) (at Assets/Scripts/Arena/Visuals/ArenaColosseumBuilder.cs:221)
QuizBattle.Arena.Visuals.ArenaColosseumBuilder:CreateStadiumWallsAndTowers (UnityEngine.Transform,UnityEngine.Vector3,single,single) (at Assets/Scripts/Arena/Visuals/ArenaColosseumBuilder.cs:173)
QuizBattle.Arena.Visuals.ArenaColosseumBuilder:Build (UnityEngine.Transform,int,int,single) (at Assets/Scripts/Arena/Visuals/ArenaColosseumBuilder.cs:27)
QuizBattle.Arena.GridController:BuildGrid (int,int,int) (at Assets/Scripts/Arena/GridController.cs:51)
QuizBattle.GameState.GameManager:RunAutoPlayMatch (int,int) (at Assets/Scripts/GameState/GameManager.cs:67)
CaptureCurrentArena:Capture () (at Assets/Editor/CaptureCurrentArena.cs:22)

[Assets/Scripts/Arena/GridController.cs line 51]

WallSection: Destroy may not be called from edit mode! Use DestroyImmediate instead.
Destroying an object in edit mode destroys it permanently
UnityEngine.Debug:ExtractStackTraceNoAlloc (byte*,int,string)
UnityEngine.StackTraceUtility:ExtractStackTrace ()
UnityEngine.Object:Destroy (UnityEngine.Object,single)
UnityEngine.Object:Destroy (UnityEngine.Object)
QuizBattle.Arena.Visuals.ArenaColosseumBuilder:CreateWallSection (UnityEngine.Transform,UnityEngine.Vector3,UnityEngine.Vector3,UnityEngine.Material,bool) (at Assets/Scripts/Arena/Visuals/ArenaColosseumBuilder.cs:205)
QuizBattle.Arena.Visuals.ArenaColosseumBuilder:CreateStadiumWallsAndTowers (UnityEngine.Transform,UnityEngine.Vector3,single,single) (at Assets/Scripts/Arena/Visuals/ArenaColosseumBuilder.cs:177)
QuizBattle.Arena.Visuals.ArenaColosseumBuilder:Build (UnityEngine.Transform,int,int,single) (at Assets/Scripts/Arena/Visuals/ArenaColosseumBuilder.cs:27)
QuizBattle.Arena.GridController:BuildGrid (int,int,int) (at Assets/Scripts/Arena/GridController.cs:51)
QuizBattle.GameState.GameManager:RunAutoPlayMatch (int,int) (at Assets/Scripts/GameState/GameManager.cs:67)
CaptureCurrentArena:Capture () (at Assets/Editor/CaptureCurrentArena.cs:22)

[Assets/Scripts/Arena/GridController.cs line 51]

WallSection: Destroy may not be called from edit mode! Use DestroyImmediate instead.
Destroying an object in edit mode destroys it permanently
UnityEngine.Debug:ExtractStackTraceNoAlloc (byte*,int,string)
UnityEngine.StackTraceUtility:ExtractStackTrace ()
UnityEngine.Object:Destroy (UnityEngine.Object,single)
UnityEngine.Object:Destroy (UnityEngine.Object)
QuizBattle.Arena.Visuals.ArenaColosseumBuilder:CreateWallSection (UnityEngine.Transform,UnityEngine.Vector3,UnityEngine.Vector3,UnityEngine.Material,bool) (at Assets/Scripts/Arena/Visuals/ArenaColosseumBuilder.cs:205)
QuizBattle.Arena.Visuals.ArenaColosseumBuilder:CreateStadiumWallsAndTowers (UnityEngine.Transform,UnityEngine.Vector3,single,single) (at Assets/Scripts/Arena/Visuals/ArenaColosseumBuilder.cs:181)
QuizBattle.Arena.Visuals.ArenaColosseumBuilder:Build (UnityEngine.Transform,int,int,single) (at Assets/Scripts/Arena/Visuals/ArenaColosseumBuilder.cs:27)
QuizBattle.Arena.GridController:BuildGrid (int,int,int) (at Assets/Scripts/Arena/GridController.cs:51)
QuizBattle.GameState.GameManager:RunAutoPlayMatch (int,int) (at Assets/Scripts/GameState/GameManager.cs:67)
CaptureCurrentArena:Capture () (at Assets/Editor/CaptureCurrentArena.cs:22)

[Assets/Scripts/Arena/GridController.cs line 51]

WallSection: Destroy may not be called from edit mode! Use DestroyImmediate instead.
Destroying an object in edit mode destroys it permanently
UnityEngine.Debug:ExtractStackTraceNoAlloc (byte*,int,string)
UnityEngine.StackTraceUtility:ExtractStackTrace ()
UnityEngine.Object:Destroy (UnityEngine.Object,single)
UnityEngine.Object:Destroy (UnityEngine.Object)
QuizBattle.Arena.Visuals.ArenaColosseumBuilder:CreateWallSection (UnityEngine.Transform,UnityEngine.Vector3,UnityEngine.Vector3,UnityEngine.Material,bool) (at Assets/Scripts/Arena/Visuals/ArenaColosseumBuilder.cs:205)
QuizBattle.Arena.Visuals.ArenaColosseumBuilder:CreateStadiumWallsAndTowers (UnityEngine.Transform,UnityEngine.Vector3,single,single) (at Assets/Scripts/Arena/Visuals/ArenaColosseumBuilder.cs:184)
QuizBattle.Arena.Visuals.ArenaColosseumBuilder:Build (UnityEngine.Transform,int,int,single) (at Assets/Scripts/Arena/Visuals/ArenaColosseumBuilder.cs:27)
QuizBattle.Arena.GridController:BuildGrid (int,int,int) (at Assets/Scripts/Arena/GridController.cs:51)
QuizBattle.GameState.GameManager:RunAutoPlayMatch (int,int) (at Assets/Scripts/GameState/GameManager.cs:67)
CaptureCurrentArena:Capture () (at Assets/Editor/CaptureCurrentArena.cs:22)

[Assets/Scripts/Arena/GridController.cs line 51]

Bench_Tier_0: Destroy may not be called from edit mode! Use DestroyImmediate instead.
Destroying an object in edit mode destroys it permanently
UnityEngine.Debug:ExtractStackTraceNoAlloc (byte*,int,string)
UnityEngine.StackTraceUtility:ExtractStackTrace ()
UnityEngine.Object:Destroy (UnityEngine.Object,single)
UnityEngine.Object:Destroy (UnityEngine.Object)
QuizBattle.Arena.Visuals.ArenaColosseumBuilder:CreateSpectatorBenches (UnityEngine.Transform,UnityEngine.Vector3,single,UnityEngine.Material,bool) (at Assets/Scripts/Arena/Visuals/ArenaColosseumBuilder.cs:241)
QuizBattle.Arena.Visuals.ArenaColosseumBuilder:CreateStadiumWallsAndTowers (UnityEngine.Transform,UnityEngine.Vector3,single,single) (at Assets/Scripts/Arena/Visuals/ArenaColosseumBuilder.cs:188)
QuizBattle.Arena.Visuals.ArenaColosseumBuilder:Build (UnityEngine.Transform,int,int,single) (at Assets/Scripts/Arena/Visuals/ArenaColosseumBuilder.cs:27)
QuizBattle.Arena.GridController:BuildGrid (int,int,int) (at Assets/Scripts/Arena/GridController.cs:51)
QuizBattle.GameState.GameManager:RunAutoPlayMatch (int,int) (at Assets/Scripts/GameState/GameManager.cs:67)
CaptureCurrentArena:Capture () (at Assets/Editor/CaptureCurrentArena.cs:22)

[Assets/Scripts/Arena/GridController.cs line 51]

Bench_Tier_1: Destroy may not be called from edit mode! Use DestroyImmediate instead.
Destroying an object in edit mode destroys it permanently
UnityEngine.Debug:ExtractStackTraceNoAlloc (byte*,int,string)
UnityEngine.StackTraceUtility:ExtractStackTrace ()
UnityEngine.Object:Destroy (UnityEngine.Object,single)
UnityEngine.Object:Destroy (UnityEngine.Object)
QuizBattle.Arena.Visuals.ArenaColosseumBuilder:CreateSpectatorBenches (UnityEngine.Transform,UnityEngine.Vector3,single,UnityEngine.Material,bool) (at Assets/Scripts/Arena/Visuals/ArenaColosseumBuilder.cs:241)
QuizBattle.Arena.Visuals.ArenaColosseumBuilder:CreateStadiumWallsAndTowers (UnityEngine.Transform,UnityEngine.Vector3,single,single) (at Assets/Scripts/Arena/Visuals/ArenaColosseumBuilder.cs:188)
QuizBattle.Arena.Visuals.ArenaColosseumBuilder:Build (UnityEngine.Transform,int,int,single) (at Assets/Scripts/Arena/Visuals/ArenaColosseumBuilder.cs:27)
QuizBattle.Arena.GridController:BuildGrid (int,int,int) (at Assets/Scripts/Arena/GridController.cs:51)
QuizBattle.GameState.GameManager:RunAutoPlayMatch (int,int) (at Assets/Scripts/GameState/GameManager.cs:67)
CaptureCurrentArena:Capture () (at Assets/Editor/CaptureCurrentArena.cs:22)

[Assets/Scripts/Arena/GridController.cs line 51]

Bench_Tier_2: Destroy may not be called from edit mode! Use DestroyImmediate instead.
Destroying an object in edit mode destroys it permanently
UnityEngine.Debug:ExtractStackTraceNoAlloc (byte*,int,string)
UnityEngine.StackTraceUtility:ExtractStackTrace ()
UnityEngine.Object:Destroy (UnityEngine.Object,single)
UnityEngine.Object:Destroy (UnityEngine.Object)
QuizBattle.Arena.Visuals.ArenaColosseumBuilder:CreateSpectatorBenches (UnityEngine.Transform,UnityEngine.Vector3,single,UnityEngine.Material,bool) (at Assets/Scripts/Arena/Visuals/ArenaColosseumBuilder.cs:241)
QuizBattle.Arena.Visuals.ArenaColosseumBuilder:CreateStadiumWallsAndTowers (UnityEngine.Transform,UnityEngine.Vector3,single,single) (at Assets/Scripts/Arena/Visuals/ArenaColosseumBuilder.cs:188)
QuizBattle.Arena.Visuals.ArenaColosseumBuilder:Build (UnityEngine.Transform,int,int,single) (at Assets/Scripts/Arena/Visuals/ArenaColosseumBuilder.cs:27)
QuizBattle.Arena.GridController:BuildGrid (int,int,int) (at Assets/Scripts/Arena/GridController.cs:51)
QuizBattle.GameState.GameManager:RunAutoPlayMatch (int,int) (at Assets/Scripts/GameState/GameManager.cs:67)
CaptureCurrentArena:Capture () (at Assets/Editor/CaptureCurrentArena.cs:22)

[Assets/Scripts/Arena/GridController.cs line 51]

Bench_Tier_0: Destroy may not be called from edit mode! Use DestroyImmediate instead.
Destroying an object in edit mode destroys it permanently
UnityEngine.Debug:ExtractStackTraceNoAlloc (byte*,int,string)
UnityEngine.StackTraceUtility:ExtractStackTrace ()
UnityEngine.Object:Destroy (UnityEngine.Object,single)
UnityEngine.Object:Destroy (UnityEngine.Object)
QuizBattle.Arena.Visuals.ArenaColosseumBuilder:CreateSpectatorBenches (UnityEngine.Transform,UnityEngine.Vector3,single,UnityEngine.Material,bool) (at Assets/Scripts/Arena/Visuals/ArenaColosseumBuilder.cs:241)
QuizBattle.Arena.Visuals.ArenaColosseumBuilder:CreateStadiumWallsAndTowers (UnityEngine.Transform,UnityEngine.Vector3,single,single) (at Assets/Scripts/Arena/Visuals/ArenaColosseumBuilder.cs:189)
QuizBattle.Arena.Visuals.ArenaColosseumBuilder:Build (UnityEngine.Transform,int,int,single) (at Assets/Scripts/Arena/Visuals/ArenaColosseumBuilder.cs:27)
QuizBattle.Arena.GridController:BuildGrid (int,int,int) (at Assets/Scripts/Arena/GridController.cs:51)
QuizBattle.GameState.GameManager:RunAutoPlayMatch (int,int) (at Assets/Scripts/GameState/GameManager.cs:67)
CaptureCurrentArena:Capture () (at Assets/Editor/CaptureCurrentArena.cs:22)

[Assets/Scripts/Arena/GridController.cs line 51]

Bench_Tier_1: Destroy may not be called from edit mode! Use DestroyImmediate instead.
Destroying an object in edit mode destroys it permanently
UnityEngine.Debug:ExtractStackTraceNoAlloc (byte*,int,string)
UnityEngine.StackTraceUtility:ExtractStackTrace ()
UnityEngine.Object:Destroy (UnityEngine.Object,single)
UnityEngine.Object:Destroy (UnityEngine.Object)
QuizBattle.Arena.Visuals.ArenaColosseumBuilder:CreateSpectatorBenches (UnityEngine.Transform,UnityEngine.Vector3,single,UnityEngine.Material,bool) (at Assets/Scripts/Arena/Visuals/ArenaColosseumBuilder.cs:241)
QuizBattle.Arena.Visuals.ArenaColosseumBuilder:CreateStadiumWallsAndTowers (UnityEngine.Transform,UnityEngine.Vector3,single,single) (at Assets/Scripts/Arena/Visuals/ArenaColosseumBuilder.cs:189)
QuizBattle.Arena.Visuals.ArenaColosseumBuilder:Build (UnityEngine.Transform,int,int,single) (at Assets/Scripts/Arena/Visuals/ArenaColosseumBuilder.cs:27)
QuizBattle.Arena.GridController:BuildGrid (int,int,int) (at Assets/Scripts/Arena/GridController.cs:51)
QuizBattle.GameState.GameManager:RunAutoPlayMatch (int,int) (at Assets/Scripts/GameState/GameManager.cs:67)
CaptureCurrentArena:Capture () (at Assets/Editor/CaptureCurrentArena.cs:22)

[Assets/Scripts/Arena/GridController.cs line 51]

Bench_Tier_2: Destroy may not be called from edit mode! Use DestroyImmediate instead.
Destroying an object in edit mode destroys it permanently
UnityEngine.Debug:ExtractStackTraceNoAlloc (byte*,int,string)
UnityEngine.StackTraceUtility:ExtractStackTrace ()
UnityEngine.Object:Destroy (UnityEngine.Object,single)
UnityEngine.Object:Destroy (UnityEngine.Object)
QuizBattle.Arena.Visuals.ArenaColosseumBuilder:CreateSpectatorBenches (UnityEngine.Transform,UnityEngine.Vector3,single,UnityEngine.Material,bool) (at Assets/Scripts/Arena/Visuals/ArenaColosseumBuilder.cs:241)
QuizBattle.Arena.Visuals.ArenaColosseumBuilder:CreateStadiumWallsAndTowers (UnityEngine.Transform,UnityEngine.Vector3,single,single) (at Assets/Scripts/Arena/Visuals/ArenaColosseumBuilder.cs:189)
QuizBattle.Arena.Visuals.ArenaColosseumBuilder:Build (UnityEngine.Transform,int,int,single) (at Assets/Scripts/Arena/Visuals/ArenaColosseumBuilder.cs:27)
QuizBattle.Arena.GridController:BuildGrid (int,int,int) (at Assets/Scripts/Arena/GridController.cs:51)
QuizBattle.GameState.GameManager:RunAutoPlayMatch (int,int) (at Assets/Scripts/GameState/GameManager.cs:67)
CaptureCurrentArena:Capture () (at Assets/Editor/CaptureCurrentArena.cs:22)

[Assets/Scripts/Arena/GridController.cs line 51]

TowerShaft: Destroy may not be called from edit mode! Use DestroyImmediate instead.
Destroying an object in edit mode destroys it permanently
UnityEngine.Debug:ExtractStackTraceNoAlloc (byte*,int,string)
UnityEngine.StackTraceUtility:ExtractStackTrace ()
UnityEngine.Object:Destroy (UnityEngine.Object,single)
UnityEngine.Object:Destroy (UnityEngine.Object)
QuizBattle.Arena.Visuals.ArenaColosseumBuilder:CreateTower (UnityEngine.Transform,UnityEngine.Vector3,UnityEngine.Material,UnityEngine.Color) (at Assets/Scripts/Arena/Visuals/ArenaColosseumBuilder.cs:258)
QuizBattle.Arena.Visuals.ArenaColosseumBuilder:CreateStadiumWallsAndTowers (UnityEngine.Transform,UnityEngine.Vector3,single,single) (at Assets/Scripts/Arena/Visuals/ArenaColosseumBuilder.cs:192)
QuizBattle.Arena.Visuals.ArenaColosseumBuilder:Build (UnityEngine.Transform,int,int,single) (at Assets/Scripts/Arena/Visuals/ArenaColosseumBuilder.cs:27)
QuizBattle.Arena.GridController:BuildGrid (int,int,int) (at Assets/Scripts/Arena/GridController.cs:51)
QuizBattle.GameState.GameManager:RunAutoPlayMatch (int,int) (at Assets/Scripts/GameState/GameManager.cs:67)
CaptureCurrentArena:Capture () (at Assets/Editor/CaptureCurrentArena.cs:22)

[Assets/Scripts/Arena/GridController.cs line 51]

TowerRim: Destroy may not be called from edit mode! Use DestroyImmediate instead.
Destroying an object in edit mode destroys it permanently
UnityEngine.Debug:ExtractStackTraceNoAlloc (byte*,int,string)
UnityEngine.StackTraceUtility:ExtractStackTrace ()
UnityEngine.Object:Destroy (UnityEngine.Object,single)
UnityEngine.Object:Destroy (UnityEngine.Object)
QuizBattle.Arena.Visuals.ArenaColosseumBuilder:CreateTower (UnityEngine.Transform,UnityEngine.Vector3,UnityEngine.Material,UnityEngine.Color) (at Assets/Scripts/Arena/Visuals/ArenaColosseumBuilder.cs:267)
QuizBattle.Arena.Visuals.ArenaColosseumBuilder:CreateStadiumWallsAndTowers (UnityEngine.Transform,UnityEngine.Vector3,single,single) (at Assets/Scripts/Arena/Visuals/ArenaColosseumBuilder.cs:192)
QuizBattle.Arena.Visuals.ArenaColosseumBuilder:Build (UnityEngine.Transform,int,int,single) (at Assets/Scripts/Arena/Visuals/ArenaColosseumBuilder.cs:27)
QuizBattle.Arena.GridController:BuildGrid (int,int,int) (at Assets/Scripts/Arena/GridController.cs:51)
QuizBattle.GameState.GameManager:RunAutoPlayMatch (int,int) (at Assets/Scripts/GameState/GameManager.cs:67)
CaptureCurrentArena:Capture () (at Assets/Editor/CaptureCurrentArena.cs:22)

[Assets/Scripts/Arena/GridController.cs line 51]

GoldSpire: Destroy may not be called from edit mode! Use DestroyImmediate instead.
Destroying an object in edit mode destroys it permanently
UnityEngine.Debug:ExtractStackTraceNoAlloc (byte*,int,string)
UnityEngine.StackTraceUtility:ExtractStackTrace ()
UnityEngine.Object:Destroy (UnityEngine.Object,single)
UnityEngine.Object:Destroy (UnityEngine.Object)
QuizBattle.Arena.Visuals.ArenaColosseumBuilder:CreateTower (UnityEngine.Transform,UnityEngine.Vector3,UnityEngine.Material,UnityEngine.Color) (at Assets/Scripts/Arena/Visuals/ArenaColosseumBuilder.cs:297)
QuizBattle.Arena.Visuals.ArenaColosseumBuilder:CreateStadiumWallsAndTowers (UnityEngine.Transform,UnityEngine.Vector3,single,single) (at Assets/Scripts/Arena/Visuals/ArenaColosseumBuilder.cs:192)
QuizBattle.Arena.Visuals.ArenaColosseumBuilder:Build (UnityEngine.Transform,int,int,single) (at Assets/Scripts/Arena/Visuals/ArenaColosseumBuilder.cs:27)
QuizBattle.Arena.GridController:BuildGrid (int,int,int) (at Assets/Scripts/Arena/GridController.cs:51)
QuizBattle.GameState.GameManager:RunAutoPlayMatch (int,int) (at Assets/Scripts/GameState/GameManager.cs:67)
CaptureCurrentArena:Capture () (at Assets/Editor/CaptureCurrentArena.cs:22)

[Assets/Scripts/Arena/GridController.cs line 51]

TowerShaft: Destroy may not be called from edit mode! Use DestroyImmediate instead.
Destroying an object in edit mode destroys it permanently
UnityEngine.Debug:ExtractStackTraceNoAlloc (byte*,int,string)
UnityEngine.StackTraceUtility:ExtractStackTrace ()
UnityEngine.Object:Destroy (UnityEngine.Object,single)
UnityEngine.Object:Destroy (UnityEngine.Object)
QuizBattle.Arena.Visuals.ArenaColosseumBuilder:CreateTower (UnityEngine.Transform,UnityEngine.Vector3,UnityEngine.Material,UnityEngine.Color) (at Assets/Scripts/Arena/Visuals/ArenaColosseumBuilder.cs:258)
QuizBattle.Arena.Visuals.ArenaColosseumBuilder:CreateStadiumWallsAndTowers (UnityEngine.Transform,UnityEngine.Vector3,single,single) (at Assets/Scripts/Arena/Visuals/ArenaColosseumBuilder.cs:193)
QuizBattle.Arena.Visuals.ArenaColosseumBuilder:Build (UnityEngine.Transform,int,int,single) (at Assets/Scripts/Arena/Visuals/ArenaColosseumBuilder.cs:27)
QuizBattle.Arena.GridController:BuildGrid (int,int,int) (at Assets/Scripts/Arena/GridController.cs:51)
QuizBattle.GameState.GameManager:RunAutoPlayMatch (int,int) (at Assets/Scripts/GameState/GameManager.cs:67)
CaptureCurrentArena:Capture () (at Assets/Editor/CaptureCurrentArena.cs:22)

[Assets/Scripts/Arena/GridController.cs line 51]

TowerRim: Destroy may not be called from edit mode! Use DestroyImmediate instead.
Destroying an object in edit mode destroys it permanently
UnityEngine.Debug:ExtractStackTraceNoAlloc (byte*,int,string)
UnityEngine.StackTraceUtility:ExtractStackTrace ()
UnityEngine.Object:Destroy (UnityEngine.Object,single)
UnityEngine.Object:Destroy (UnityEngine.Object)
QuizBattle.Arena.Visuals.ArenaColosseumBuilder:CreateTower (UnityEngine.Transform,UnityEngine.Vector3,UnityEngine.Material,UnityEngine.Color) (at Assets/Scripts/Arena/Visuals/ArenaColosseumBuilder.cs:267)
QuizBattle.Arena.Visuals.ArenaColosseumBuilder:CreateStadiumWallsAndTowers (UnityEngine.Transform,UnityEngine.Vector3,single,single) (at Assets/Scripts/Arena/Visuals/ArenaColosseumBuilder.cs:193)
QuizBattle.Arena.Visuals.ArenaColosseumBuilder:Build (UnityEngine.Transform,int,int,single) (at Assets/Scripts/Arena/Visuals/ArenaColosseumBuilder.cs:27)
QuizBattle.Arena.GridController:BuildGrid (int,int,int) (at Assets/Scripts/Arena/GridController.cs:51)
QuizBattle.GameState.GameManager:RunAutoPlayMatch (int,int) (at Assets/Scripts/GameState/GameManager.cs:67)
CaptureCurrentArena:Capture () (at Assets/Editor/CaptureCurrentArena.cs:22)

[Assets/Scripts/Arena/GridController.cs line 51]

GoldSpire: Destroy may not be called from edit mode! Use DestroyImmediate instead.
Destroying an object in edit mode destroys it permanently
UnityEngine.Debug:ExtractStackTraceNoAlloc (byte*,int,string)
UnityEngine.StackTraceUtility:ExtractStackTrace ()
UnityEngine.Object:Destroy (UnityEngine.Object,single)
UnityEngine.Object:Destroy (UnityEngine.Object)
QuizBattle.Arena.Visuals.ArenaColosseumBuilder:CreateTower (UnityEngine.Transform,UnityEngine.Vector3,UnityEngine.Material,UnityEngine.Color) (at Assets/Scripts/Arena/Visuals/ArenaColosseumBuilder.cs:297)
QuizBattle.Arena.Visuals.ArenaColosseumBuilder:CreateStadiumWallsAndTowers (UnityEngine.Transform,UnityEngine.Vector3,single,single) (at Assets/Scripts/Arena/Visuals/ArenaColosseumBuilder.cs:193)
QuizBattle.Arena.Visuals.ArenaColosseumBuilder:Build (UnityEngine.Transform,int,int,single) (at Assets/Scripts/Arena/Visuals/ArenaColosseumBuilder.cs:27)
QuizBattle.Arena.GridController:BuildGrid (int,int,int) (at Assets/Scripts/Arena/GridController.cs:51)
QuizBattle.GameState.GameManager:RunAutoPlayMatch (int,int) (at Assets/Scripts/GameState/GameManager.cs:67)
CaptureCurrentArena:Capture () (at Assets/Editor/CaptureCurrentArena.cs:22)

[Assets/Scripts/Arena/GridController.cs line 51]

TowerShaft: Destroy may not be called from edit mode! Use DestroyImmediate instead.
Destroying an object in edit mode destroys it permanently
UnityEngine.Debug:ExtractStackTraceNoAlloc (byte*,int,string)
UnityEngine.StackTraceUtility:ExtractStackTrace ()
UnityEngine.Object:Destroy (UnityEngine.Object,single)
UnityEngine.Object:Destroy (UnityEngine.Object)
QuizBattle.Arena.Visuals.ArenaColosseumBuilder:CreateTower (UnityEngine.Transform,UnityEngine.Vector3,UnityEngine.Material,UnityEngine.Color) (at Assets/Scripts/Arena/Visuals/ArenaColosseumBuilder.cs:258)
QuizBattle.Arena.Visuals.ArenaColosseumBuilder:CreateStadiumWallsAndTowers (UnityEngine.Transform,UnityEngine.Vector3,single,single) (at Assets/Scripts/Arena/Visuals/ArenaColosseumBuilder.cs:194)
QuizBattle.Arena.Visuals.ArenaColosseumBuilder:Build (UnityEngine.Transform,int,int,single) (at Assets/Scripts/Arena/Visuals/ArenaColosseumBuilder.cs:27)
QuizBattle.Arena.GridController:BuildGrid (int,int,int) (at Assets/Scripts/Arena/GridController.cs:51)
QuizBattle.GameState.GameManager:RunAutoPlayMatch (int,int) (at Assets/Scripts/GameState/GameManager.cs:67)
CaptureCurrentArena:Capture () (at Assets/Editor/CaptureCurrentArena.cs:22)

[Assets/Scripts/Arena/GridController.cs line 51]

TowerRim: Destroy may not be called from edit mode! Use DestroyImmediate instead.
Destroying an object in edit mode destroys it permanently
UnityEngine.Debug:ExtractStackTraceNoAlloc (byte*,int,string)
UnityEngine.StackTraceUtility:ExtractStackTrace ()
UnityEngine.Object:Destroy (UnityEngine.Object,single)
UnityEngine.Object:Destroy (UnityEngine.Object)
QuizBattle.Arena.Visuals.ArenaColosseumBuilder:CreateTower (UnityEngine.Transform,UnityEngine.Vector3,UnityEngine.Material,UnityEngine.Color) (at Assets/Scripts/Arena/Visuals/ArenaColosseumBuilder.cs:267)
QuizBattle.Arena.Visuals.ArenaColosseumBuilder:CreateStadiumWallsAndTowers (UnityEngine.Transform,UnityEngine.Vector3,single,single) (at Assets/Scripts/Arena/Visuals/ArenaColosseumBuilder.cs:194)
QuizBattle.Arena.Visuals.ArenaColosseumBuilder:Build (UnityEngine.Transform,int,int,single) (at Assets/Scripts/Arena/Visuals/ArenaColosseumBuilder.cs:27)
QuizBattle.Arena.GridController:BuildGrid (int,int,int) (at Assets/Scripts/Arena/GridController.cs:51)
QuizBattle.GameState.GameManager:RunAutoPlayMatch (int,int) (at Assets/Scripts/GameState/GameManager.cs:67)
CaptureCurrentArena:Capture () (at Assets/Editor/CaptureCurrentArena.cs:22)

[Assets/Scripts/Arena/GridController.cs line 51]

GoldSpire: Destroy may not be called from edit mode! Use DestroyImmediate instead.
Destroying an object in edit mode destroys it permanently
UnityEngine.Debug:ExtractStackTraceNoAlloc (byte*,int,string)
UnityEngine.StackTraceUtility:ExtractStackTrace ()
UnityEngine.Object:Destroy (UnityEngine.Object,single)
UnityEngine.Object:Destroy (UnityEngine.Object)
QuizBattle.Arena.Visuals.ArenaColosseumBuilder:CreateTower (UnityEngine.Transform,UnityEngine.Vector3,UnityEngine.Material,UnityEngine.Color) (at Assets/Scripts/Arena/Visuals/ArenaColosseumBuilder.cs:297)
QuizBattle.Arena.Visuals.ArenaColosseumBuilder:CreateStadiumWallsAndTowers (UnityEngine.Transform,UnityEngine.Vector3,single,single) (at Assets/Scripts/Arena/Visuals/ArenaColosseumBuilder.cs:194)
QuizBattle.Arena.Visuals.ArenaColosseumBuilder:Build (UnityEngine.Transform,int,int,single) (at Assets/Scripts/Arena/Visuals/ArenaColosseumBuilder.cs:27)
QuizBattle.Arena.GridController:BuildGrid (int,int,int) (at Assets/Scripts/Arena/GridController.cs:51)
QuizBattle.GameState.GameManager:RunAutoPlayMatch (int,int) (at Assets/Scripts/GameState/GameManager.cs:67)
CaptureCurrentArena:Capture () (at Assets/Editor/CaptureCurrentArena.cs:22)

[Assets/Scripts/Arena/GridController.cs line 51]

TowerShaft: Destroy may not be called from edit mode! Use DestroyImmediate instead.
Destroying an object in edit mode destroys it permanently
UnityEngine.Debug:ExtractStackTraceNoAlloc (byte*,int,string)
UnityEngine.StackTraceUtility:ExtractStackTrace ()
UnityEngine.Object:Destroy (UnityEngine.Object,single)
UnityEngine.Object:Destroy (UnityEngine.Object)
QuizBattle.Arena.Visuals.ArenaColosseumBuilder:CreateTower (UnityEngine.Transform,UnityEngine.Vector3,UnityEngine.Material,UnityEngine.Color) (at Assets/Scripts/Arena/Visuals/ArenaColosseumBuilder.cs:258)
QuizBattle.Arena.Visuals.ArenaColosseumBuilder:CreateStadiumWallsAndTowers (UnityEngine.Transform,UnityEngine.Vector3,single,single) (at Assets/Scripts/Arena/Visuals/ArenaColosseumBuilder.cs:195)
QuizBattle.Arena.Visuals.ArenaColosseumBuilder:Build (UnityEngine.Transform,int,int,single) (at Assets/Scripts/Arena/Visuals/ArenaColosseumBuilder.cs:27)
QuizBattle.Arena.GridController:BuildGrid (int,int,int) (at Assets/Scripts/Arena/GridController.cs:51)
QuizBattle.GameState.GameManager:RunAutoPlayMatch (int,int) (at Assets/Scripts/GameState/GameManager.cs:67)
CaptureCurrentArena:Capture () (at Assets/Editor/CaptureCurrentArena.cs:22)

[Assets/Scripts/Arena/GridController.cs line 51]

TowerRim: Destroy may not be called from edit mode! Use DestroyImmediate instead.
Destroying an object in edit mode destroys it permanently
UnityEngine.Debug:ExtractStackTraceNoAlloc (byte*,int,string)
UnityEngine.StackTraceUtility:ExtractStackTrace ()
UnityEngine.Object:Destroy (UnityEngine.Object,single)
UnityEngine.Object:Destroy (UnityEngine.Object)
QuizBattle.Arena.Visuals.ArenaColosseumBuilder:CreateTower (UnityEngine.Transform,UnityEngine.Vector3,UnityEngine.Material,UnityEngine.Color) (at Assets/Scripts/Arena/Visuals/ArenaColosseumBuilder.cs:267)
QuizBattle.Arena.Visuals.ArenaColosseumBuilder:CreateStadiumWallsAndTowers (UnityEngine.Transform,UnityEngine.Vector3,single,single) (at Assets/Scripts/Arena/Visuals/ArenaColosseumBuilder.cs:195)
QuizBattle.Arena.Visuals.ArenaColosseumBuilder:Build (UnityEngine.Transform,int,int,single) (at Assets/Scripts/Arena/Visuals/ArenaColosseumBuilder.cs:27)
QuizBattle.Arena.GridController:BuildGrid (int,int,int) (at Assets/Scripts/Arena/GridController.cs:51)
QuizBattle.GameState.GameManager:RunAutoPlayMatch (int,int) (at Assets/Scripts/GameState/GameManager.cs:67)
CaptureCurrentArena:Capture () (at Assets/Editor/CaptureCurrentArena.cs:22)

[Assets/Scripts/Arena/GridController.cs line 51]

GoldSpire: Destroy may not be called from edit mode! Use DestroyImmediate instead.
Destroying an object in edit mode destroys it permanently
UnityEngine.Debug:ExtractStackTraceNoAlloc (byte*,int,string)
UnityEngine.StackTraceUtility:ExtractStackTrace ()
UnityEngine.Object:Destroy (UnityEngine.Object,single)
UnityEngine.Object:Destroy (UnityEngine.Object)
QuizBattle.Arena.Visuals.ArenaColosseumBuilder:CreateTower (UnityEngine.Transform,UnityEngine.Vector3,UnityEngine.Material,UnityEngine.Color) (at Assets/Scripts/Arena/Visuals/ArenaColosseumBuilder.cs:297)
QuizBattle.Arena.Visuals.ArenaColosseumBuilder:CreateStadiumWallsAndTowers (UnityEngine.Transform,UnityEngine.Vector3,single,single) (at Assets/Scripts/Arena/Visuals/ArenaColosseumBuilder.cs:195)
QuizBattle.Arena.Visuals.ArenaColosseumBuilder:Build (UnityEngine.Transform,int,int,single) (at Assets/Scripts/Arena/Visuals/ArenaColosseumBuilder.cs:27)
QuizBattle.Arena.GridController:BuildGrid (int,int,int) (at Assets/Scripts/Arena/GridController.cs:51)
QuizBattle.GameState.GameManager:RunAutoPlayMatch (int,int) (at Assets/Scripts/GameState/GameManager.cs:67)
CaptureCurrentArena:Capture () (at Assets/Editor/CaptureCurrentArena.cs:22)

[Assets/Scripts/Arena/GridController.cs line 51]

Cloth: Destroy may not be called from edit mode! Use DestroyImmediate instead.
Destroying an object in edit mode destroys it permanently
UnityEngine.Debug:ExtractStackTraceNoAlloc (byte*,int,string)
UnityEngine.StackTraceUtility:ExtractStackTrace ()
UnityEngine.Object:Destroy (UnityEngine.Object,single)
UnityEngine.Object:Destroy (UnityEngine.Object)
QuizBattle.Arena.Visuals.ArenaColosseumBuilder:CreateBanner (UnityEngine.Transform,UnityEngine.Vector3,UnityEngine.Color,bool) (at Assets/Scripts/Arena/Visuals/ArenaColosseumBuilder.cs:347)
QuizBattle.Arena.Visuals.ArenaColosseumBuilder:CreateRoyalBanners (UnityEngine.Transform,UnityEngine.Vector3,single,single) (at Assets/Scripts/Arena/Visuals/ArenaColosseumBuilder.cs:313)
QuizBattle.Arena.Visuals.ArenaColosseumBuilder:Build (UnityEngine.Transform,int,int,single) (at Assets/Scripts/Arena/Visuals/ArenaColosseumBuilder.cs:28)
QuizBattle.Arena.GridController:BuildGrid (int,int,int) (at Assets/Scripts/Arena/GridController.cs:51)
QuizBattle.GameState.GameManager:RunAutoPlayMatch (int,int) (at Assets/Scripts/GameState/GameManager.cs:67)
CaptureCurrentArena:Capture () (at Assets/Editor/CaptureCurrentArena.cs:22)

[Assets/Scripts/Arena/GridController.cs line 51]

Rod: Destroy may not be called from edit mode! Use DestroyImmediate instead.
Destroying an object in edit mode destroys it permanently
UnityEngine.Debug:ExtractStackTraceNoAlloc (byte*,int,string)
UnityEngine.StackTraceUtility:ExtractStackTrace ()
UnityEngine.Object:Destroy (UnityEngine.Object,single)
UnityEngine.Object:Destroy (UnityEngine.Object)
QuizBattle.Arena.Visuals.ArenaColosseumBuilder:CreateBanner (UnityEngine.Transform,UnityEngine.Vector3,UnityEngine.Color,bool) (at Assets/Scripts/Arena/Visuals/ArenaColosseumBuilder.cs:357)
QuizBattle.Arena.Visuals.ArenaColosseumBuilder:CreateRoyalBanners (UnityEngine.Transform,UnityEngine.Vector3,single,single) (at Assets/Scripts/Arena/Visuals/ArenaColosseumBuilder.cs:313)
QuizBattle.Arena.Visuals.ArenaColosseumBuilder:Build (UnityEngine.Transform,int,int,single) (at Assets/Scripts/Arena/Visuals/ArenaColosseumBuilder.cs:28)
QuizBattle.Arena.GridController:BuildGrid (int,int,int) (at Assets/Scripts/Arena/GridController.cs:51)
QuizBattle.GameState.GameManager:RunAutoPlayMatch (int,int) (at Assets/Scripts/GameState/GameManager.cs:67)
CaptureCurrentArena:Capture () (at Assets/Editor/CaptureCurrentArena.cs:22)

[Assets/Scripts/Arena/GridController.cs line 51]

Emblem: Destroy may not be called from edit mode! Use DestroyImmediate instead.
Destroying an object in edit mode destroys it permanently
UnityEngine.Debug:ExtractStackTraceNoAlloc (byte*,int,string)
UnityEngine.StackTraceUtility:ExtractStackTrace ()
UnityEngine.Object:Destroy (UnityEngine.Object,single)
UnityEngine.Object:Destroy (UnityEngine.Object)
QuizBattle.Arena.Visuals.ArenaColosseumBuilder:CreateBanner (UnityEngine.Transform,UnityEngine.Vector3,UnityEngine.Color,bool) (at Assets/Scripts/Arena/Visuals/ArenaColosseumBuilder.cs:367)
QuizBattle.Arena.Visuals.ArenaColosseumBuilder:CreateRoyalBanners (UnityEngine.Transform,UnityEngine.Vector3,single,single) (at Assets/Scripts/Arena/Visuals/ArenaColosseumBuilder.cs:313)
QuizBattle.Arena.Visuals.ArenaColosseumBuilder:Build (UnityEngine.Transform,int,int,single) (at Assets/Scripts/Arena/Visuals/ArenaColosseumBuilder.cs:28)
QuizBattle.Arena.GridController:BuildGrid (int,int,int) (at Assets/Scripts/Arena/GridController.cs:51)
QuizBattle.GameState.GameManager:RunAutoPlayMatch (int,int) (at Assets/Scripts/GameState/GameManager.cs:67)
CaptureCurrentArena:Capture () (at Assets/Editor/CaptureCurrentArena.cs:22)

[Assets/Scripts/Arena/GridController.cs line 51]

Cloth: Destroy may not be called from edit mode! Use DestroyImmediate instead.
Destroying an object in edit mode destroys it permanently
UnityEngine.Debug:ExtractStackTraceNoAlloc (byte*,int,string)
UnityEngine.StackTraceUtility:ExtractStackTrace ()
UnityEngine.Object:Destroy (UnityEngine.Object,single)
UnityEngine.Object:Destroy (UnityEngine.Object)
QuizBattle.Arena.Visuals.ArenaColosseumBuilder:CreateBanner (UnityEngine.Transform,UnityEngine.Vector3,UnityEngine.Color,bool) (at Assets/Scripts/Arena/Visuals/ArenaColosseumBuilder.cs:347)
QuizBattle.Arena.Visuals.ArenaColosseumBuilder:CreateRoyalBanners (UnityEngine.Transform,UnityEngine.Vector3,single,single) (at Assets/Scripts/Arena/Visuals/ArenaColosseumBuilder.cs:314)
QuizBattle.Arena.Visuals.ArenaColosseumBuilder:Build (UnityEngine.Transform,int,int,single) (at Assets/Scripts/Arena/Visuals/ArenaColosseumBuilder.cs:28)
QuizBattle.Arena.GridController:BuildGrid (int,int,int) (at Assets/Scripts/Arena/GridController.cs:51)
QuizBattle.GameState.GameManager:RunAutoPlayMatch (int,int) (at Assets/Scripts/GameState/GameManager.cs:67)
CaptureCurrentArena:Capture () (at Assets/Editor/CaptureCurrentArena.cs:22)

[Assets/Scripts/Arena/GridController.cs line 51]

Rod: Destroy may not be called from edit mode! Use DestroyImmediate instead.
Destroying an object in edit mode destroys it permanently
UnityEngine.Debug:ExtractStackTraceNoAlloc (byte*,int,string)
UnityEngine.StackTraceUtility:ExtractStackTrace ()
UnityEngine.Object:Destroy (UnityEngine.Object,single)
UnityEngine.Object:Destroy (UnityEngine.Object)
QuizBattle.Arena.Visuals.ArenaColosseumBuilder:CreateBanner (UnityEngine.Transform,UnityEngine.Vector3,UnityEngine.Color,bool) (at Assets/Scripts/Arena/Visuals/ArenaColosseumBuilder.cs:357)
QuizBattle.Arena.Visuals.ArenaColosseumBuilder:CreateRoyalBanners (UnityEngine.Transform,UnityEngine.Vector3,single,single) (at Assets/Scripts/Arena/Visuals/ArenaColosseumBuilder.cs:314)
QuizBattle.Arena.Visuals.ArenaColosseumBuilder:Build (UnityEngine.Transform,int,int,single) (at Assets/Scripts/Arena/Visuals/ArenaColosseumBuilder.cs:28)
QuizBattle.Arena.GridController:BuildGrid (int,int,int) (at Assets/Scripts/Arena/GridController.cs:51)
QuizBattle.GameState.GameManager:RunAutoPlayMatch (int,int) (at Assets/Scripts/GameState/GameManager.cs:67)
CaptureCurrentArena:Capture () (at Assets/Editor/CaptureCurrentArena.cs:22)

[Assets/Scripts/Arena/GridController.cs line 51]

Emblem: Destroy may not be called from edit mode! Use DestroyImmediate instead.
Destroying an object in edit mode destroys it permanently
UnityEngine.Debug:ExtractStackTraceNoAlloc (byte*,int,string)
UnityEngine.StackTraceUtility:ExtractStackTrace ()
UnityEngine.Object:Destroy (UnityEngine.Object,single)
UnityEngine.Object:Destroy (UnityEngine.Object)
QuizBattle.Arena.Visuals.ArenaColosseumBuilder:CreateBanner (UnityEngine.Transform,UnityEngine.Vector3,UnityEngine.Color,bool) (at Assets/Scripts/Arena/Visuals/ArenaColosseumBuilder.cs:367)
QuizBattle.Arena.Visuals.ArenaColosseumBuilder:CreateRoyalBanners (UnityEngine.Transform,UnityEngine.Vector3,single,single) (at Assets/Scripts/Arena/Visuals/ArenaColosseumBuilder.cs:314)
QuizBattle.Arena.Visuals.ArenaColosseumBuilder:Build (UnityEngine.Transform,int,int,single) (at Assets/Scripts/Arena/Visuals/ArenaColosseumBuilder.cs:28)
QuizBattle.Arena.GridController:BuildGrid (int,int,int) (at Assets/Scripts/Arena/GridController.cs:51)
QuizBattle.GameState.GameManager:RunAutoPlayMatch (int,int) (at Assets/Scripts/GameState/GameManager.cs:67)
CaptureCurrentArena:Capture () (at Assets/Editor/CaptureCurrentArena.cs:22)

[Assets/Scripts/Arena/GridController.cs line 51]

Cloth: Destroy may not be called from edit mode! Use DestroyImmediate instead.
Destroying an object in edit mode destroys it permanently
UnityEngine.Debug:ExtractStackTraceNoAlloc (byte*,int,string)
UnityEngine.StackTraceUtility:ExtractStackTrace ()
UnityEngine.Object:Destroy (UnityEngine.Object,single)
UnityEngine.Object:Destroy (UnityEngine.Object)
QuizBattle.Arena.Visuals.ArenaColosseumBuilder:CreateBanner (UnityEngine.Transform,UnityEngine.Vector3,UnityEngine.Color,bool) (at Assets/Scripts/Arena/Visuals/ArenaColosseumBuilder.cs:347)
QuizBattle.Arena.Visuals.ArenaColosseumBuilder:CreateRoyalBanners (UnityEngine.Transform,UnityEngine.Vector3,single,single) (at Assets/Scripts/Arena/Visuals/ArenaColosseumBuilder.cs:317)
QuizBattle.Arena.Visuals.ArenaColosseumBuilder:Build (UnityEngine.Transform,int,int,single) (at Assets/Scripts/Arena/Visuals/ArenaColosseumBuilder.cs:28)
QuizBattle.Arena.GridController:BuildGrid (int,int,int) (at Assets/Scripts/Arena/GridController.cs:51)
QuizBattle.GameState.GameManager:RunAutoPlayMatch (int,int) (at Assets/Scripts/GameState/GameManager.cs:67)
CaptureCurrentArena:Capture () (at Assets/Editor/CaptureCurrentArena.cs:22)

[Assets/Scripts/Arena/GridController.cs line 51]

Rod: Destroy may not be called from edit mode! Use DestroyImmediate instead.
Destroying an object in edit mode destroys it permanently
UnityEngine.Debug:ExtractStackTraceNoAlloc (byte*,int,string)
UnityEngine.StackTraceUtility:ExtractStackTrace ()
UnityEngine.Object:Destroy (UnityEngine.Object,single)
UnityEngine.Object:Destroy (UnityEngine.Object)
QuizBattle.Arena.Visuals.ArenaColosseumBuilder:CreateBanner (UnityEngine.Transform,UnityEngine.Vector3,UnityEngine.Color,bool) (at Assets/Scripts/Arena/Visuals/ArenaColosseumBuilder.cs:357)
QuizBattle.Arena.Visuals.ArenaColosseumBuilder:CreateRoyalBanners (UnityEngine.Transform,UnityEngine.Vector3,single,single) (at Assets/Scripts/Arena/Visuals/ArenaColosseumBuilder.cs:317)
QuizBattle.Arena.Visuals.ArenaColosseumBuilder:Build (UnityEngine.Transform,int,int,single) (at Assets/Scripts/Arena/Visuals/ArenaColosseumBuilder.cs:28)
QuizBattle.Arena.GridController:BuildGrid (int,int,int) (at Assets/Scripts/Arena/GridController.cs:51)
QuizBattle.GameState.GameManager:RunAutoPlayMatch (int,int) (at Assets/Scripts/GameState/GameManager.cs:67)
CaptureCurrentArena:Capture () (at Assets/Editor/CaptureCurrentArena.cs:22)

[Assets/Scripts/Arena/GridController.cs line 51]

Emblem: Destroy may not be called from edit mode! Use DestroyImmediate instead.
Destroying an object in edit mode destroys it permanently
UnityEngine.Debug:ExtractStackTraceNoAlloc (byte*,int,string)
UnityEngine.StackTraceUtility:ExtractStackTrace ()
UnityEngine.Object:Destroy (UnityEngine.Object,single)
UnityEngine.Object:Destroy (UnityEngine.Object)
QuizBattle.Arena.Visuals.ArenaColosseumBuilder:CreateBanner (UnityEngine.Transform,UnityEngine.Vector3,UnityEngine.Color,bool) (at Assets/Scripts/Arena/Visuals/ArenaColosseumBuilder.cs:367)
QuizBattle.Arena.Visuals.ArenaColosseumBuilder:CreateRoyalBanners (UnityEngine.Transform,UnityEngine.Vector3,single,single) (at Assets/Scripts/Arena/Visuals/ArenaColosseumBuilder.cs:317)
QuizBattle.Arena.Visuals.ArenaColosseumBuilder:Build (UnityEngine.Transform,int,int,single) (at Assets/Scripts/Arena/Visuals/ArenaColosseumBuilder.cs:28)
QuizBattle.Arena.GridController:BuildGrid (int,int,int) (at Assets/Scripts/Arena/GridController.cs:51)
QuizBattle.GameState.GameManager:RunAutoPlayMatch (int,int) (at Assets/Scripts/GameState/GameManager.cs:67)
CaptureCurrentArena:Capture () (at Assets/Editor/CaptureCurrentArena.cs:22)

[Assets/Scripts/Arena/GridController.cs line 51]

Cloth: Destroy may not be called from edit mode! Use DestroyImmediate instead.
Destroying an object in edit mode destroys it permanently
UnityEngine.Debug:ExtractStackTraceNoAlloc (byte*,int,string)
UnityEngine.StackTraceUtility:ExtractStackTrace ()
UnityEngine.Object:Destroy (UnityEngine.Object,single)
UnityEngine.Object:Destroy (UnityEngine.Object)
QuizBattle.Arena.Visuals.ArenaColosseumBuilder:CreateBanner (UnityEngine.Transform,UnityEngine.Vector3,UnityEngine.Color,bool) (at Assets/Scripts/Arena/Visuals/ArenaColosseumBuilder.cs:347)
QuizBattle.Arena.Visuals.ArenaColosseumBuilder:CreateRoyalBanners (UnityEngine.Transform,UnityEngine.Vector3,single,single) (at Assets/Scripts/Arena/Visuals/ArenaColosseumBuilder.cs:318)
QuizBattle.Arena.Visuals.ArenaColosseumBuilder:Build (UnityEngine.Transform,int,int,single) (at Assets/Scripts/Arena/Visuals/ArenaColosseumBuilder.cs:28)
QuizBattle.Arena.GridController:BuildGrid (int,int,int) (at Assets/Scripts/Arena/GridController.cs:51)
QuizBattle.GameState.GameManager:RunAutoPlayMatch (int,int) (at Assets/Scripts/GameState/GameManager.cs:67)
CaptureCurrentArena:Capture () (at Assets/Editor/CaptureCurrentArena.cs:22)

[Assets/Scripts/Arena/GridController.cs line 51]

Rod: Destroy may not be called from edit mode! Use DestroyImmediate instead.
Destroying an object in edit mode destroys it permanently
UnityEngine.Debug:ExtractStackTraceNoAlloc (byte*,int,string)
UnityEngine.StackTraceUtility:ExtractStackTrace ()
UnityEngine.Object:Destroy (UnityEngine.Object,single)
UnityEngine.Object:Destroy (UnityEngine.Object)
QuizBattle.Arena.Visuals.ArenaColosseumBuilder:CreateBanner (UnityEngine.Transform,UnityEngine.Vector3,UnityEngine.Color,bool) (at Assets/Scripts/Arena/Visuals/ArenaColosseumBuilder.cs:357)
QuizBattle.Arena.Visuals.ArenaColosseumBuilder:CreateRoyalBanners (UnityEngine.Transform,UnityEngine.Vector3,single,single) (at Assets/Scripts/Arena/Visuals/ArenaColosseumBuilder.cs:318)
QuizBattle.Arena.Visuals.ArenaColosseumBuilder:Build (UnityEngine.Transform,int,int,single) (at Assets/Scripts/Arena/Visuals/ArenaColosseumBuilder.cs:28)
QuizBattle.Arena.GridController:BuildGrid (int,int,int) (at Assets/Scripts/Arena/GridController.cs:51)
QuizBattle.GameState.GameManager:RunAutoPlayMatch (int,int) (at Assets/Scripts/GameState/GameManager.cs:67)
CaptureCurrentArena:Capture () (at Assets/Editor/CaptureCurrentArena.cs:22)

[Assets/Scripts/Arena/GridController.cs line 51]

Emblem: Destroy may not be called from edit mode! Use DestroyImmediate instead.
Destroying an object in edit mode destroys it permanently
UnityEngine.Debug:ExtractStackTraceNoAlloc (byte*,int,string)
UnityEngine.StackTraceUtility:ExtractStackTrace ()
UnityEngine.Object:Destroy (UnityEngine.Object,single)
UnityEngine.Object:Destroy (UnityEngine.Object)
QuizBattle.Arena.Visuals.ArenaColosseumBuilder:CreateBanner (UnityEngine.Transform,UnityEngine.Vector3,UnityEngine.Color,bool) (at Assets/Scripts/Arena/Visuals/ArenaColosseumBuilder.cs:367)
QuizBattle.Arena.Visuals.ArenaColosseumBuilder:CreateRoyalBanners (UnityEngine.Transform,UnityEngine.Vector3,single,single) (at Assets/Scripts/Arena/Visuals/ArenaColosseumBuilder.cs:318)
QuizBattle.Arena.Visuals.ArenaColosseumBuilder:Build (UnityEngine.Transform,int,int,single) (at Assets/Scripts/Arena/Visuals/ArenaColosseumBuilder.cs:28)
QuizBattle.Arena.GridController:BuildGrid (int,int,int) (at Assets/Scripts/Arena/GridController.cs:51)
QuizBattle.GameState.GameManager:RunAutoPlayMatch (int,int) (at Assets/Scripts/GameState/GameManager.cs:67)
CaptureCurrentArena:Capture () (at Assets/Editor/CaptureCurrentArena.cs:22)

[Assets/Scripts/Arena/GridController.cs line 51]

Base: Destroy may not be called from edit mode! Use DestroyImmediate instead.
Destroying an object in edit mode destroys it permanently
UnityEngine.Debug:ExtractStackTraceNoAlloc (byte*,int,string)
UnityEngine.StackTraceUtility:ExtractStackTrace ()
UnityEngine.Object:Destroy (UnityEngine.Object,single)
UnityEngine.Object:Destroy (UnityEngine.Object)
QuizBattle.Arena.Visuals.ArenaColosseumBuilder:CreateBrazier (UnityEngine.Transform,UnityEngine.Vector3) (at Assets/Scripts/Arena/Visuals/ArenaColosseumBuilder.cs:411)
QuizBattle.Arena.Visuals.ArenaColosseumBuilder:CreateCornerBraziers (UnityEngine.Transform,UnityEngine.Vector3,single,single) (at Assets/Scripts/Arena/Visuals/ArenaColosseumBuilder.cs:392)
QuizBattle.Arena.Visuals.ArenaColosseumBuilder:Build (UnityEngine.Transform,int,int,single) (at Assets/Scripts/Arena/Visuals/ArenaColosseumBuilder.cs:29)
QuizBattle.Arena.GridController:BuildGrid (int,int,int) (at Assets/Scripts/Arena/GridController.cs:51)
QuizBattle.GameState.GameManager:RunAutoPlayMatch (int,int) (at Assets/Scripts/GameState/GameManager.cs:67)
CaptureCurrentArena:Capture () (at Assets/Editor/CaptureCurrentArena.cs:22)

[Assets/Scripts/Arena/GridController.cs line 51]

Pillar: Destroy may not be called from edit mode! Use DestroyImmediate instead.
Destroying an object in edit mode destroys it permanently
UnityEngine.Debug:ExtractStackTraceNoAlloc (byte*,int,string)
UnityEngine.StackTraceUtility:ExtractStackTrace ()
UnityEngine.Object:Destroy (UnityEngine.Object,single)
UnityEngine.Object:Destroy (UnityEngine.Object)
QuizBattle.Arena.Visuals.ArenaColosseumBuilder:CreateBrazier (UnityEngine.Transform,UnityEngine.Vector3) (at Assets/Scripts/Arena/Visuals/ArenaColosseumBuilder.cs:420)
QuizBattle.Arena.Visuals.ArenaColosseumBuilder:CreateCornerBraziers (UnityEngine.Transform,UnityEngine.Vector3,single,single) (at Assets/Scripts/Arena/Visuals/ArenaColosseumBuilder.cs:392)
QuizBattle.Arena.Visuals.ArenaColosseumBuilder:Build (UnityEngine.Transform,int,int,single) (at Assets/Scripts/Arena/Visuals/ArenaColosseumBuilder.cs:29)
QuizBattle.Arena.GridController:BuildGrid (int,int,int) (at Assets/Scripts/Arena/GridController.cs:51)
QuizBattle.GameState.GameManager:RunAutoPlayMatch (int,int) (at Assets/Scripts/GameState/GameManager.cs:67)
CaptureCurrentArena:Capture () (at Assets/Editor/CaptureCurrentArena.cs:22)

[Assets/Scripts/Arena/GridController.cs line 51]

Bowl: Destroy may not be called from edit mode! Use DestroyImmediate instead.
Destroying an object in edit mode destroys it permanently
UnityEngine.Debug:ExtractStackTraceNoAlloc (byte*,int,string)
UnityEngine.StackTraceUtility:ExtractStackTrace ()
UnityEngine.Object:Destroy (UnityEngine.Object,single)
UnityEngine.Object:Destroy (UnityEngine.Object)
QuizBattle.Arena.Visuals.ArenaColosseumBuilder:CreateBrazier (UnityEngine.Transform,UnityEngine.Vector3) (at Assets/Scripts/Arena/Visuals/ArenaColosseumBuilder.cs:429)
QuizBattle.Arena.Visuals.ArenaColosseumBuilder:CreateCornerBraziers (UnityEngine.Transform,UnityEngine.Vector3,single,single) (at Assets/Scripts/Arena/Visuals/ArenaColosseumBuilder.cs:392)
QuizBattle.Arena.Visuals.ArenaColosseumBuilder:Build (UnityEngine.Transform,int,int,single) (at Assets/Scripts/Arena/Visuals/ArenaColosseumBuilder.cs:29)
QuizBattle.Arena.GridController:BuildGrid (int,int,int) (at Assets/Scripts/Arena/GridController.cs:51)
QuizBattle.GameState.GameManager:RunAutoPlayMatch (int,int) (at Assets/Scripts/GameState/GameManager.cs:67)
CaptureCurrentArena:Capture () (at Assets/Editor/CaptureCurrentArena.cs:22)

[Assets/Scripts/Arena/GridController.cs line 51]

FireCore: Destroy may not be called from edit mode! Use DestroyImmediate instead.
Destroying an object in edit mode destroys it permanently
UnityEngine.Debug:ExtractStackTraceNoAlloc (byte*,int,string)
UnityEngine.StackTraceUtility:ExtractStackTrace ()
UnityEngine.Object:Destroy (UnityEngine.Object,single)
UnityEngine.Object:Destroy (UnityEngine.Object)
QuizBattle.Arena.Visuals.ArenaColosseumBuilder:CreateBrazier (UnityEngine.Transform,UnityEngine.Vector3) (at Assets/Scripts/Arena/Visuals/ArenaColosseumBuilder.cs:438)
QuizBattle.Arena.Visuals.ArenaColosseumBuilder:CreateCornerBraziers (UnityEngine.Transform,UnityEngine.Vector3,single,single) (at Assets/Scripts/Arena/Visuals/ArenaColosseumBuilder.cs:392)
QuizBattle.Arena.Visuals.ArenaColosseumBuilder:Build (UnityEngine.Transform,int,int,single) (at Assets/Scripts/Arena/Visuals/ArenaColosseumBuilder.cs:29)
QuizBattle.Arena.GridController:BuildGrid (int,int,int) (at Assets/Scripts/Arena/GridController.cs:51)
QuizBattle.GameState.GameManager:RunAutoPlayMatch (int,int) (at Assets/Scripts/GameState/GameManager.cs:67)
CaptureCurrentArena:Capture () (at Assets/Editor/CaptureCurrentArena.cs:22)

[Assets/Scripts/Arena/GridController.cs line 51]

Base: Destroy may not be called from edit mode! Use DestroyImmediate instead.
Destroying an object in edit mode destroys it permanently
UnityEngine.Debug:ExtractStackTraceNoAlloc (byte*,int,string)
UnityEngine.StackTraceUtility:ExtractStackTrace ()
UnityEngine.Object:Destroy (UnityEngine.Object,single)
UnityEngine.Object:Destroy (UnityEngine.Object)
QuizBattle.Arena.Visuals.ArenaColosseumBuilder:CreateBrazier (UnityEngine.Transform,UnityEngine.Vector3) (at Assets/Scripts/Arena/Visuals/ArenaColosseumBuilder.cs:411)
QuizBattle.Arena.Visuals.ArenaColosseumBuilder:CreateCornerBraziers (UnityEngine.Transform,UnityEngine.Vector3,single,single) (at Assets/Scripts/Arena/Visuals/ArenaColosseumBuilder.cs:392)
QuizBattle.Arena.Visuals.ArenaColosseumBuilder:Build (UnityEngine.Transform,int,int,single) (at Assets/Scripts/Arena/Visuals/ArenaColosseumBuilder.cs:29)
QuizBattle.Arena.GridController:BuildGrid (int,int,int) (at Assets/Scripts/Arena/GridController.cs:51)
QuizBattle.GameState.GameManager:RunAutoPlayMatch (int,int) (at Assets/Scripts/GameState/GameManager.cs:67)
CaptureCurrentArena:Capture () (at Assets/Editor/CaptureCurrentArena.cs:22)

[Assets/Scripts/Arena/GridController.cs line 51]

Pillar: Destroy may not be called from edit mode! Use DestroyImmediate instead.
Destroying an object in edit mode destroys it permanently
UnityEngine.Debug:ExtractStackTraceNoAlloc (byte*,int,string)
UnityEngine.StackTraceUtility:ExtractStackTrace ()
UnityEngine.Object:Destroy (UnityEngine.Object,single)
UnityEngine.Object:Destroy (UnityEngine.Object)
QuizBattle.Arena.Visuals.ArenaColosseumBuilder:CreateBrazier (UnityEngine.Transform,UnityEngine.Vector3) (at Assets/Scripts/Arena/Visuals/ArenaColosseumBuilder.cs:420)
QuizBattle.Arena.Visuals.ArenaColosseumBuilder:CreateCornerBraziers (UnityEngine.Transform,UnityEngine.Vector3,single,single) (at Assets/Scripts/Arena/Visuals/ArenaColosseumBuilder.cs:392)
QuizBattle.Arena.Visuals.ArenaColosseumBuilder:Build (UnityEngine.Transform,int,int,single) (at Assets/Scripts/Arena/Visuals/ArenaColosseumBuilder.cs:29)
QuizBattle.Arena.GridController:BuildGrid (int,int,int) (at Assets/Scripts/Arena/GridController.cs:51)
QuizBattle.GameState.GameManager:RunAutoPlayMatch (int,int) (at Assets/Scripts/GameState/GameManager.cs:67)
CaptureCurrentArena:Capture () (at Assets/Editor/CaptureCurrentArena.cs:22)

[Assets/Scripts/Arena/GridController.cs line 51]

Bowl: Destroy may not be called from edit mode! Use DestroyImmediate instead.
Destroying an object in edit mode destroys it permanently
UnityEngine.Debug:ExtractStackTraceNoAlloc (byte*,int,string)
UnityEngine.StackTraceUtility:ExtractStackTrace ()
UnityEngine.Object:Destroy (UnityEngine.Object,single)
UnityEngine.Object:Destroy (UnityEngine.Object)
QuizBattle.Arena.Visuals.ArenaColosseumBuilder:CreateBrazier (UnityEngine.Transform,UnityEngine.Vector3) (at Assets/Scripts/Arena/Visuals/ArenaColosseumBuilder.cs:429)
QuizBattle.Arena.Visuals.ArenaColosseumBuilder:CreateCornerBraziers (UnityEngine.Transform,UnityEngine.Vector3,single,single) (at Assets/Scripts/Arena/Visuals/ArenaColosseumBuilder.cs:392)
QuizBattle.Arena.Visuals.ArenaColosseumBuilder:Build (UnityEngine.Transform,int,int,single) (at Assets/Scripts/Arena/Visuals/ArenaColosseumBuilder.cs:29)
QuizBattle.Arena.GridController:BuildGrid (int,int,int) (at Assets/Scripts/Arena/GridController.cs:51)
QuizBattle.GameState.GameManager:RunAutoPlayMatch (int,int) (at Assets/Scripts/GameState/GameManager.cs:67)
CaptureCurrentArena:Capture () (at Assets/Editor/CaptureCurrentArena.cs:22)

[Assets/Scripts/Arena/GridController.cs line 51]

FireCore: Destroy may not be called from edit mode! Use DestroyImmediate instead.
Destroying an object in edit mode destroys it permanently
UnityEngine.Debug:ExtractStackTraceNoAlloc (byte*,int,string)
UnityEngine.StackTraceUtility:ExtractStackTrace ()
UnityEngine.Object:Destroy (UnityEngine.Object,single)
UnityEngine.Object:Destroy (UnityEngine.Object)
QuizBattle.Arena.Visuals.ArenaColosseumBuilder:CreateBrazier (UnityEngine.Transform,UnityEngine.Vector3) (at Assets/Scripts/Arena/Visuals/ArenaColosseumBuilder.cs:438)
QuizBattle.Arena.Visuals.ArenaColosseumBuilder:CreateCornerBraziers (UnityEngine.Transform,UnityEngine.Vector3,single,single) (at Assets/Scripts/Arena/Visuals/ArenaColosseumBuilder.cs:392)
QuizBattle.Arena.Visuals.ArenaColosseumBuilder:Build (UnityEngine.Transform,int,int,single) (at Assets/Scripts/Arena/Visuals/ArenaColosseumBuilder.cs:29)
QuizBattle.Arena.GridController:BuildGrid (int,int,int) (at Assets/Scripts/Arena/GridController.cs:51)
QuizBattle.GameState.GameManager:RunAutoPlayMatch (int,int) (at Assets/Scripts/GameState/GameManager.cs:67)
CaptureCurrentArena:Capture () (at Assets/Editor/CaptureCurrentArena.cs:22)

[Assets/Scripts/Arena/GridController.cs line 51]

Base: Destroy may not be called from edit mode! Use DestroyImmediate instead.
Destroying an object in edit mode destroys it permanently
UnityEngine.Debug:ExtractStackTraceNoAlloc (byte*,int,string)
UnityEngine.StackTraceUtility:ExtractStackTrace ()
UnityEngine.Object:Destroy (UnityEngine.Object,single)
UnityEngine.Object:Destroy (UnityEngine.Object)
QuizBattle.Arena.Visuals.ArenaColosseumBuilder:CreateBrazier (UnityEngine.Transform,UnityEngine.Vector3) (at Assets/Scripts/Arena/Visuals/ArenaColosseumBuilder.cs:411)
QuizBattle.Arena.Visuals.ArenaColosseumBuilder:CreateCornerBraziers (UnityEngine.Transform,UnityEngine.Vector3,single,single) (at Assets/Scripts/Arena/Visuals/ArenaColosseumBuilder.cs:392)
QuizBattle.Arena.Visuals.ArenaColosseumBuilder:Build (UnityEngine.Transform,int,int,single) (at Assets/Scripts/Arena/Visuals/ArenaColosseumBuilder.cs:29)
QuizBattle.Arena.GridController:BuildGrid (int,int,int) (at Assets/Scripts/Arena/GridController.cs:51)
QuizBattle.GameState.GameManager:RunAutoPlayMatch (int,int) (at Assets/Scripts/GameState/GameManager.cs:67)
CaptureCurrentArena:Capture () (at Assets/Editor/CaptureCurrentArena.cs:22)

[Assets/Scripts/Arena/GridController.cs line 51]

Pillar: Destroy may not be called from edit mode! Use DestroyImmediate instead.
Destroying an object in edit mode destroys it permanently
UnityEngine.Debug:ExtractStackTraceNoAlloc (byte*,int,string)
UnityEngine.StackTraceUtility:ExtractStackTrace ()
UnityEngine.Object:Destroy (UnityEngine.Object,single)
UnityEngine.Object:Destroy (UnityEngine.Object)
QuizBattle.Arena.Visuals.ArenaColosseumBuilder:CreateBrazier (UnityEngine.Transform,UnityEngine.Vector3) (at Assets/Scripts/Arena/Visuals/ArenaColosseumBuilder.cs:420)
QuizBattle.Arena.Visuals.ArenaColosseumBuilder:CreateCornerBraziers (UnityEngine.Transform,UnityEngine.Vector3,single,single) (at Assets/Scripts/Arena/Visuals/ArenaColosseumBuilder.cs:392)
QuizBattle.Arena.Visuals.ArenaColosseumBuilder:Build (UnityEngine.Transform,int,int,single) (at Assets/Scripts/Arena/Visuals/ArenaColosseumBuilder.cs:29)
QuizBattle.Arena.GridController:BuildGrid (int,int,int) (at Assets/Scripts/Arena/GridController.cs:51)
QuizBattle.GameState.GameManager:RunAutoPlayMatch (int,int) (at Assets/Scripts/GameState/GameManager.cs:67)
CaptureCurrentArena:Capture () (at Assets/Editor/CaptureCurrentArena.cs:22)

[Assets/Scripts/Arena/GridController.cs line 51]

Bowl: Destroy may not be called from edit mode! Use DestroyImmediate instead.
Destroying an object in edit mode destroys it permanently
UnityEngine.Debug:ExtractStackTraceNoAlloc (byte*,int,string)
UnityEngine.StackTraceUtility:ExtractStackTrace ()
UnityEngine.Object:Destroy (UnityEngine.Object,single)
UnityEngine.Object:Destroy (UnityEngine.Object)
QuizBattle.Arena.Visuals.ArenaColosseumBuilder:CreateBrazier (UnityEngine.Transform,UnityEngine.Vector3) (at Assets/Scripts/Arena/Visuals/ArenaColosseumBuilder.cs:429)
QuizBattle.Arena.Visuals.ArenaColosseumBuilder:CreateCornerBraziers (UnityEngine.Transform,UnityEngine.Vector3,single,single) (at Assets/Scripts/Arena/Visuals/ArenaColosseumBuilder.cs:392)
QuizBattle.Arena.Visuals.ArenaColosseumBuilder:Build (UnityEngine.Transform,int,int,single) (at Assets/Scripts/Arena/Visuals/ArenaColosseumBuilder.cs:29)
QuizBattle.Arena.GridController:BuildGrid (int,int,int) (at Assets/Scripts/Arena/GridController.cs:51)
QuizBattle.GameState.GameManager:RunAutoPlayMatch (int,int) (at Assets/Scripts/GameState/GameManager.cs:67)
CaptureCurrentArena:Capture () (at Assets/Editor/CaptureCurrentArena.cs:22)

[Assets/Scripts/Arena/GridController.cs line 51]

FireCore: Destroy may not be called from edit mode! Use DestroyImmediate instead.
Destroying an object in edit mode destroys it permanently
UnityEngine.Debug:ExtractStackTraceNoAlloc (byte*,int,string)
UnityEngine.StackTraceUtility:ExtractStackTrace ()
UnityEngine.Object:Destroy (UnityEngine.Object,single)
UnityEngine.Object:Destroy (UnityEngine.Object)
QuizBattle.Arena.Visuals.ArenaColosseumBuilder:CreateBrazier (UnityEngine.Transform,UnityEngine.Vector3) (at Assets/Scripts/Arena/Visuals/ArenaColosseumBuilder.cs:438)
QuizBattle.Arena.Visuals.ArenaColosseumBuilder:CreateCornerBraziers (UnityEngine.Transform,UnityEngine.Vector3,single,single) (at Assets/Scripts/Arena/Visuals/ArenaColosseumBuilder.cs:392)
QuizBattle.Arena.Visuals.ArenaColosseumBuilder:Build (UnityEngine.Transform,int,int,single) (at Assets/Scripts/Arena/Visuals/ArenaColosseumBuilder.cs:29)
QuizBattle.Arena.GridController:BuildGrid (int,int,int) (at Assets/Scripts/Arena/GridController.cs:51)
QuizBattle.GameState.GameManager:RunAutoPlayMatch (int,int) (at Assets/Scripts/GameState/GameManager.cs:67)
CaptureCurrentArena:Capture () (at Assets/Editor/CaptureCurrentArena.cs:22)

[Assets/Scripts/Arena/GridController.cs line 51]

Base: Destroy may not be called from edit mode! Use DestroyImmediate instead.
Destroying an object in edit mode destroys it permanently
UnityEngine.Debug:ExtractStackTraceNoAlloc (byte*,int,string)
UnityEngine.StackTraceUtility:ExtractStackTrace ()
UnityEngine.Object:Destroy (UnityEngine.Object,single)
UnityEngine.Object:Destroy (UnityEngine.Object)
QuizBattle.Arena.Visuals.ArenaColosseumBuilder:CreateBrazier (UnityEngine.Transform,UnityEngine.Vector3) (at Assets/Scripts/Arena/Visuals/ArenaColosseumBuilder.cs:411)
QuizBattle.Arena.Visuals.ArenaColosseumBuilder:CreateCornerBraziers (UnityEngine.Transform,UnityEngine.Vector3,single,single) (at Assets/Scripts/Arena/Visuals/ArenaColosseumBuilder.cs:392)
QuizBattle.Arena.Visuals.ArenaColosseumBuilder:Build (UnityEngine.Transform,int,int,single) (at Assets/Scripts/Arena/Visuals/ArenaColosseumBuilder.cs:29)
QuizBattle.Arena.GridController:BuildGrid (int,int,int) (at Assets/Scripts/Arena/GridController.cs:51)
QuizBattle.GameState.GameManager:RunAutoPlayMatch (int,int) (at Assets/Scripts/GameState/GameManager.cs:67)
CaptureCurrentArena:Capture () (at Assets/Editor/CaptureCurrentArena.cs:22)

[Assets/Scripts/Arena/GridController.cs line 51]

Pillar: Destroy may not be called from edit mode! Use DestroyImmediate instead.
Destroying an object in edit mode destroys it permanently
UnityEngine.Debug:ExtractStackTraceNoAlloc (byte*,int,string)
UnityEngine.StackTraceUtility:ExtractStackTrace ()
UnityEngine.Object:Destroy (UnityEngine.Object,single)
UnityEngine.Object:Destroy (UnityEngine.Object)
QuizBattle.Arena.Visuals.ArenaColosseumBuilder:CreateBrazier (UnityEngine.Transform,UnityEngine.Vector3) (at Assets/Scripts/Arena/Visuals/ArenaColosseumBuilder.cs:420)
QuizBattle.Arena.Visuals.ArenaColosseumBuilder:CreateCornerBraziers (UnityEngine.Transform,UnityEngine.Vector3,single,single) (at Assets/Scripts/Arena/Visuals/ArenaColosseumBuilder.cs:392)
QuizBattle.Arena.Visuals.ArenaColosseumBuilder:Build (UnityEngine.Transform,int,int,single) (at Assets/Scripts/Arena/Visuals/ArenaColosseumBuilder.cs:29)
QuizBattle.Arena.GridController:BuildGrid (int,int,int) (at Assets/Scripts/Arena/GridController.cs:51)
QuizBattle.GameState.GameManager:RunAutoPlayMatch (int,int) (at Assets/Scripts/GameState/GameManager.cs:67)
CaptureCurrentArena:Capture () (at Assets/Editor/CaptureCurrentArena.cs:22)

[Assets/Scripts/Arena/GridController.cs line 51]

Bowl: Destroy may not be called from edit mode! Use DestroyImmediate instead.
Destroying an object in edit mode destroys it permanently
UnityEngine.Debug:ExtractStackTraceNoAlloc (byte*,int,string)
UnityEngine.StackTraceUtility:ExtractStackTrace ()
UnityEngine.Object:Destroy (UnityEngine.Object,single)
UnityEngine.Object:Destroy (UnityEngine.Object)
QuizBattle.Arena.Visuals.ArenaColosseumBuilder:CreateBrazier (UnityEngine.Transform,UnityEngine.Vector3) (at Assets/Scripts/Arena/Visuals/ArenaColosseumBuilder.cs:429)
QuizBattle.Arena.Visuals.ArenaColosseumBuilder:CreateCornerBraziers (UnityEngine.Transform,UnityEngine.Vector3,single,single) (at Assets/Scripts/Arena/Visuals/ArenaColosseumBuilder.cs:392)
QuizBattle.Arena.Visuals.ArenaColosseumBuilder:Build (UnityEngine.Transform,int,int,single) (at Assets/Scripts/Arena/Visuals/ArenaColosseumBuilder.cs:29)
QuizBattle.Arena.GridController:BuildGrid (int,int,int) (at Assets/Scripts/Arena/GridController.cs:51)
QuizBattle.GameState.GameManager:RunAutoPlayMatch (int,int) (at Assets/Scripts/GameState/GameManager.cs:67)
CaptureCurrentArena:Capture () (at Assets/Editor/CaptureCurrentArena.cs:22)

[Assets/Scripts/Arena/GridController.cs line 51]

FireCore: Destroy may not be called from edit mode! Use DestroyImmediate instead.
Destroying an object in edit mode destroys it permanently
UnityEngine.Debug:ExtractStackTraceNoAlloc (byte*,int,string)
UnityEngine.StackTraceUtility:ExtractStackTrace ()
UnityEngine.Object:Destroy (UnityEngine.Object,single)
UnityEngine.Object:Destroy (UnityEngine.Object)
QuizBattle.Arena.Visuals.ArenaColosseumBuilder:CreateBrazier (UnityEngine.Transform,UnityEngine.Vector3) (at Assets/Scripts/Arena/Visuals/ArenaColosseumBuilder.cs:438)
QuizBattle.Arena.Visuals.ArenaColosseumBuilder:CreateCornerBraziers (UnityEngine.Transform,UnityEngine.Vector3,single,single) (at Assets/Scripts/Arena/Visuals/ArenaColosseumBuilder.cs:392)
QuizBattle.Arena.Visuals.ArenaColosseumBuilder:Build (UnityEngine.Transform,int,int,single) (at Assets/Scripts/Arena/Visuals/ArenaColosseumBuilder.cs:29)
QuizBattle.Arena.GridController:BuildGrid (int,int,int) (at Assets/Scripts/Arena/GridController.cs:51)
QuizBattle.GameState.GameManager:RunAutoPlayMatch (int,int) (at Assets/Scripts/GameState/GameManager.cs:67)
CaptureCurrentArena:Capture () (at Assets/Editor/CaptureCurrentArena.cs:22)

[Assets/Scripts/Arena/GridController.cs line 51]

Water: Destroy may not be called from edit mode! Use DestroyImmediate instead.
Destroying an object in edit mode destroys it permanently
UnityEngine.Debug:ExtractStackTraceNoAlloc (byte*,int,string)
UnityEngine.StackTraceUtility:ExtractStackTrace ()
UnityEngine.Object:Destroy (UnityEngine.Object,single)
UnityEngine.Object:Destroy (UnityEngine.Object)
QuizBattle.Arena.Visuals.ArenaColosseumBuilder:CreateWaterMoatAndBridges (UnityEngine.Transform,UnityEngine.Vector3,single,single) (at Assets/Scripts/Arena/Visuals/ArenaColosseumBuilder.cs:524)
QuizBattle.Arena.Visuals.ArenaColosseumBuilder:Build (UnityEngine.Transform,int,int,single) (at Assets/Scripts/Arena/Visuals/ArenaColosseumBuilder.cs:30)
QuizBattle.Arena.GridController:BuildGrid (int,int,int) (at Assets/Scripts/Arena/GridController.cs:51)
QuizBattle.GameState.GameManager:RunAutoPlayMatch (int,int) (at Assets/Scripts/GameState/GameManager.cs:67)
CaptureCurrentArena:Capture () (at Assets/Editor/CaptureCurrentArena.cs:22)

[Assets/Scripts/Arena/GridController.cs line 51]

Planks: Destroy may not be called from edit mode! Use DestroyImmediate instead.
Destroying an object in edit mode destroys it permanently
UnityEngine.Debug:ExtractStackTraceNoAlloc (byte*,int,string)
UnityEngine.StackTraceUtility:ExtractStackTrace ()
UnityEngine.Object:Destroy (UnityEngine.Object,single)
UnityEngine.Object:Destroy (UnityEngine.Object)
QuizBattle.Arena.Visuals.ArenaColosseumBuilder:CreateBridge (UnityEngine.Transform,UnityEngine.Vector3) (at Assets/Scripts/Arena/Visuals/ArenaColosseumBuilder.cs:557)
QuizBattle.Arena.Visuals.ArenaColosseumBuilder:CreateWaterMoatAndBridges (UnityEngine.Transform,UnityEngine.Vector3,single,single) (at Assets/Scripts/Arena/Visuals/ArenaColosseumBuilder.cs:540)
QuizBattle.Arena.Visuals.ArenaColosseumBuilder:Build (UnityEngine.Transform,int,int,single) (at Assets/Scripts/Arena/Visuals/ArenaColosseumBuilder.cs:30)
QuizBattle.Arena.GridController:BuildGrid (int,int,int) (at Assets/Scripts/Arena/GridController.cs:51)
QuizBattle.GameState.GameManager:RunAutoPlayMatch (int,int) (at Assets/Scripts/GameState/GameManager.cs:67)
CaptureCurrentArena:Capture () (at Assets/Editor/CaptureCurrentArena.cs:22)

[Assets/Scripts/Arena/GridController.cs line 51]

Rail: Destroy may not be called from edit mode! Use DestroyImmediate instead.
Destroying an object in edit mode destroys it permanently
UnityEngine.Debug:ExtractStackTraceNoAlloc (byte*,int,string)
UnityEngine.StackTraceUtility:ExtractStackTrace ()
UnityEngine.Object:Destroy (UnityEngine.Object,single)
UnityEngine.Object:Destroy (UnityEngine.Object)
QuizBattle.Arena.Visuals.ArenaColosseumBuilder:CreateBridge (UnityEngine.Transform,UnityEngine.Vector3) (at Assets/Scripts/Arena/Visuals/ArenaColosseumBuilder.cs:568)
QuizBattle.Arena.Visuals.ArenaColosseumBuilder:CreateWaterMoatAndBridges (UnityEngine.Transform,UnityEngine.Vector3,single,single) (at Assets/Scripts/Arena/Visuals/ArenaColosseumBuilder.cs:540)
QuizBattle.Arena.Visuals.ArenaColosseumBuilder:Build (UnityEngine.Transform,int,int,single) (at Assets/Scripts/Arena/Visuals/ArenaColosseumBuilder.cs:30)
QuizBattle.Arena.GridController:BuildGrid (int,int,int) (at Assets/Scripts/Arena/GridController.cs:51)
QuizBattle.GameState.GameManager:RunAutoPlayMatch (int,int) (at Assets/Scripts/GameState/GameManager.cs:67)
CaptureCurrentArena:Capture () (at Assets/Editor/CaptureCurrentArena.cs:22)

[Assets/Scripts/Arena/GridController.cs line 51]

Rail: Destroy may not be called from edit mode! Use DestroyImmediate instead.
Destroying an object in edit mode destroys it permanently
UnityEngine.Debug:ExtractStackTraceNoAlloc (byte*,int,string)
UnityEngine.StackTraceUtility:ExtractStackTrace ()
UnityEngine.Object:Destroy (UnityEngine.Object,single)
UnityEngine.Object:Destroy (UnityEngine.Object)
QuizBattle.Arena.Visuals.ArenaColosseumBuilder:CreateBridge (UnityEngine.Transform,UnityEngine.Vector3) (at Assets/Scripts/Arena/Visuals/ArenaColosseumBuilder.cs:568)
QuizBattle.Arena.Visuals.ArenaColosseumBuilder:CreateWaterMoatAndBridges (UnityEngine.Transform,UnityEngine.Vector3,single,single) (at Assets/Scripts/Arena/Visuals/ArenaColosseumBuilder.cs:540)
QuizBattle.Arena.Visuals.ArenaColosseumBuilder:Build (UnityEngine.Transform,int,int,single) (at Assets/Scripts/Arena/Visuals/ArenaColosseumBuilder.cs:30)
QuizBattle.Arena.GridController:BuildGrid (int,int,int) (at Assets/Scripts/Arena/GridController.cs:51)
QuizBattle.GameState.GameManager:RunAutoPlayMatch (int,int) (at Assets/Scripts/GameState/GameManager.cs:67)
CaptureCurrentArena:Capture () (at Assets/Editor/CaptureCurrentArena.cs:22)

[Assets/Scripts/Arena/GridController.cs line 51]

Planks: Destroy may not be called from edit mode! Use DestroyImmediate instead.
Destroying an object in edit mode destroys it permanently
UnityEngine.Debug:ExtractStackTraceNoAlloc (byte*,int,string)
UnityEngine.StackTraceUtility:ExtractStackTrace ()
UnityEngine.Object:Destroy (UnityEngine.Object,single)
UnityEngine.Object:Destroy (UnityEngine.Object)
QuizBattle.Arena.Visuals.ArenaColosseumBuilder:CreateBridge (UnityEngine.Transform,UnityEngine.Vector3) (at Assets/Scripts/Arena/Visuals/ArenaColosseumBuilder.cs:557)
QuizBattle.Arena.Visuals.ArenaColosseumBuilder:CreateWaterMoatAndBridges (UnityEngine.Transform,UnityEngine.Vector3,single,single) (at Assets/Scripts/Arena/Visuals/ArenaColosseumBuilder.cs:541)
QuizBattle.Arena.Visuals.ArenaColosseumBuilder:Build (UnityEngine.Transform,int,int,single) (at Assets/Scripts/Arena/Visuals/ArenaColosseumBuilder.cs:30)
QuizBattle.Arena.GridController:BuildGrid (int,int,int) (at Assets/Scripts/Arena/GridController.cs:51)
QuizBattle.GameState.GameManager:RunAutoPlayMatch (int,int) (at Assets/Scripts/GameState/GameManager.cs:67)
CaptureCurrentArena:Capture () (at Assets/Editor/CaptureCurrentArena.cs:22)

[Assets/Scripts/Arena/GridController.cs line 51]

Rail: Destroy may not be called from edit mode! Use DestroyImmediate instead.
Destroying an object in edit mode destroys it permanently
UnityEngine.Debug:ExtractStackTraceNoAlloc (byte*,int,string)
UnityEngine.StackTraceUtility:ExtractStackTrace ()
UnityEngine.Object:Destroy (UnityEngine.Object,single)
UnityEngine.Object:Destroy (UnityEngine.Object)
QuizBattle.Arena.Visuals.ArenaColosseumBuilder:CreateBridge (UnityEngine.Transform,UnityEngine.Vector3) (at Assets/Scripts/Arena/Visuals/ArenaColosseumBuilder.cs:568)
QuizBattle.Arena.Visuals.ArenaColosseumBuilder:CreateWaterMoatAndBridges (UnityEngine.Transform,UnityEngine.Vector3,single,single) (at Assets/Scripts/Arena/Visuals/ArenaColosseumBuilder.cs:541)
QuizBattle.Arena.Visuals.ArenaColosseumBuilder:Build (UnityEngine.Transform,int,int,single) (at Assets/Scripts/Arena/Visuals/ArenaColosseumBuilder.cs:30)
QuizBattle.Arena.GridController:BuildGrid (int,int,int) (at Assets/Scripts/Arena/GridController.cs:51)
QuizBattle.GameState.GameManager:RunAutoPlayMatch (int,int) (at Assets/Scripts/GameState/GameManager.cs:67)
CaptureCurrentArena:Capture () (at Assets/Editor/CaptureCurrentArena.cs:22)

[Assets/Scripts/Arena/GridController.cs line 51]

Rail: Destroy may not be called from edit mode! Use DestroyImmediate instead.
Destroying an object in edit mode destroys it permanently
UnityEngine.Debug:ExtractStackTraceNoAlloc (byte*,int,string)
UnityEngine.StackTraceUtility:ExtractStackTrace ()
UnityEngine.Object:Destroy (UnityEngine.Object,single)
UnityEngine.Object:Destroy (UnityEngine.Object)
QuizBattle.Arena.Visuals.ArenaColosseumBuilder:CreateBridge (UnityEngine.Transform,UnityEngine.Vector3) (at Assets/Scripts/Arena/Visuals/ArenaColosseumBuilder.cs:568)
QuizBattle.Arena.Visuals.ArenaColosseumBuilder:CreateWaterMoatAndBridges (UnityEngine.Transform,UnityEngine.Vector3,single,single) (at Assets/Scripts/Arena/Visuals/ArenaColosseumBuilder.cs:541)
QuizBattle.Arena.Visuals.ArenaColosseumBuilder:Build (UnityEngine.Transform,int,int,single) (at Assets/Scripts/Arena/Visuals/ArenaColosseumBuilder.cs:30)
QuizBattle.Arena.GridController:BuildGrid (int,int,int) (at Assets/Scripts/Arena/GridController.cs:51)
QuizBattle.GameState.GameManager:RunAutoPlayMatch (int,int) (at Assets/Scripts/GameState/GameManager.cs:67)
CaptureCurrentArena:Capture () (at Assets/Editor/CaptureCurrentArena.cs:22)

[Assets/Scripts/Arena/GridController.cs line 51]

Trunk: Destroy may not be called from edit mode! Use DestroyImmediate instead.
Destroying an object in edit mode destroys it permanently
UnityEngine.Debug:ExtractStackTraceNoAlloc (byte*,int,string)
UnityEngine.StackTraceUtility:ExtractStackTrace ()
UnityEngine.Object:Destroy (UnityEngine.Object,single)
UnityEngine.Object:Destroy (UnityEngine.Object)
QuizBattle.Arena.Visuals.ArenaColosseumBuilder:CreateCartoonTree (UnityEngine.Transform,UnityEngine.Vector3) (at Assets/Scripts/Arena/Visuals/ArenaColosseumBuilder.cs:618)
QuizBattle.Arena.Visuals.ArenaColosseumBuilder:CreateFoliageAndProps (UnityEngine.Transform,UnityEngine.Vector3,single,single) (at Assets/Scripts/Arena/Visuals/ArenaColosseumBuilder.cs:594)
QuizBattle.Arena.Visuals.ArenaColosseumBuilder:Build (UnityEngine.Transform,int,int,single) (at Assets/Scripts/Arena/Visuals/ArenaColosseumBuilder.cs:31)
QuizBattle.Arena.GridController:BuildGrid (int,int,int) (at Assets/Scripts/Arena/GridController.cs:51)
QuizBattle.GameState.GameManager:RunAutoPlayMatch (int,int) (at Assets/Scripts/GameState/GameManager.cs:67)
CaptureCurrentArena:Capture () (at Assets/Editor/CaptureCurrentArena.cs:22)

[Assets/Scripts/Arena/GridController.cs line 51]

FoliagePuff: Destroy may not be called from edit mode! Use DestroyImmediate instead.
Destroying an object in edit mode destroys it permanently
UnityEngine.Debug:ExtractStackTraceNoAlloc (byte*,int,string)
UnityEngine.StackTraceUtility:ExtractStackTrace ()
UnityEngine.Object:Destroy (UnityEngine.Object,single)
UnityEngine.Object:Destroy (UnityEngine.Object)
QuizBattle.Arena.Visuals.ArenaColosseumBuilder:CreateCartoonTree (UnityEngine.Transform,UnityEngine.Vector3) (at Assets/Scripts/Arena/Visuals/ArenaColosseumBuilder.cs:637)
QuizBattle.Arena.Visuals.ArenaColosseumBuilder:CreateFoliageAndProps (UnityEngine.Transform,UnityEngine.Vector3,single,single) (at Assets/Scripts/Arena/Visuals/ArenaColosseumBuilder.cs:594)
QuizBattle.Arena.Visuals.ArenaColosseumBuilder:Build (UnityEngine.Transform,int,int,single) (at Assets/Scripts/Arena/Visuals/ArenaColosseumBuilder.cs:31)
QuizBattle.Arena.GridController:BuildGrid (int,int,int) (at Assets/Scripts/Arena/GridController.cs:51)
QuizBattle.GameState.GameManager:RunAutoPlayMatch (int,int) (at Assets/Scripts/GameState/GameManager.cs:67)
CaptureCurrentArena:Capture () (at Assets/Editor/CaptureCurrentArena.cs:22)

[Assets/Scripts/Arena/GridController.cs line 51]

FoliagePuff: Destroy may not be called from edit mode! Use DestroyImmediate instead.
Destroying an object in edit mode destroys it permanently
UnityEngine.Debug:ExtractStackTraceNoAlloc (byte*,int,string)
UnityEngine.StackTraceUtility:ExtractStackTrace ()
UnityEngine.Object:Destroy (UnityEngine.Object,single)
UnityEngine.Object:Destroy (UnityEngine.Object)
QuizBattle.Arena.Visuals.ArenaColosseumBuilder:CreateCartoonTree (UnityEngine.Transform,UnityEngine.Vector3) (at Assets/Scripts/Arena/Visuals/ArenaColosseumBuilder.cs:637)
QuizBattle.Arena.Visuals.ArenaColosseumBuilder:CreateFoliageAndProps (UnityEngine.Transform,UnityEngine.Vector3,single,single) (at Assets/Scripts/Arena/Visuals/ArenaColosseumBuilder.cs:594)
QuizBattle.Arena.Visuals.ArenaColosseumBuilder:Build (UnityEngine.Transform,int,int,single) (at Assets/Scripts/Arena/Visuals/ArenaColosseumBuilder.cs:31)
QuizBattle.Arena.GridController:BuildGrid (int,int,int) (at Assets/Scripts/Arena/GridController.cs:51)
QuizBattle.GameState.GameManager:RunAutoPlayMatch (int,int) (at Assets/Scripts/GameState/GameManager.cs:67)
CaptureCurrentArena:Capture () (at Assets/Editor/CaptureCurrentArena.cs:22)

[Assets/Scripts/Arena/GridController.cs line 51]

FoliagePuff: Destroy may not be called from edit mode! Use DestroyImmediate instead.
Destroying an object in edit mode destroys it permanently
UnityEngine.Debug:ExtractStackTraceNoAlloc (byte*,int,string)
UnityEngine.StackTraceUtility:ExtractStackTrace ()
UnityEngine.Object:Destroy (UnityEngine.Object,single)
UnityEngine.Object:Destroy (UnityEngine.Object)
QuizBattle.Arena.Visuals.ArenaColosseumBuilder:CreateCartoonTree (UnityEngine.Transform,UnityEngine.Vector3) (at Assets/Scripts/Arena/Visuals/ArenaColosseumBuilder.cs:637)
QuizBattle.Arena.Visuals.ArenaColosseumBuilder:CreateFoliageAndProps (UnityEngine.Transform,UnityEngine.Vector3,single,single) (at Assets/Scripts/Arena/Visuals/ArenaColosseumBuilder.cs:594)
QuizBattle.Arena.Visuals.ArenaColosseumBuilder:Build (UnityEngine.Transform,int,int,single) (at Assets/Scripts/Arena/Visuals/ArenaColosseumBuilder.cs:31)
QuizBattle.Arena.GridController:BuildGrid (int,int,int) (at Assets/Scripts/Arena/GridController.cs:51)
QuizBattle.GameState.GameManager:RunAutoPlayMatch (int,int) (at Assets/Scripts/GameState/GameManager.cs:67)
CaptureCurrentArena:Capture () (at Assets/Editor/CaptureCurrentArena.cs:22)

[Assets/Scripts/Arena/GridController.cs line 51]

FoliagePuff: Destroy may not be called from edit mode! Use DestroyImmediate instead.
Destroying an object in edit mode destroys it permanently
UnityEngine.Debug:ExtractStackTraceNoAlloc (byte*,int,string)
UnityEngine.StackTraceUtility:ExtractStackTrace ()
UnityEngine.Object:Destroy (UnityEngine.Object,single)
UnityEngine.Object:Destroy (UnityEngine.Object)
QuizBattle.Arena.Visuals.ArenaColosseumBuilder:CreateCartoonTree (UnityEngine.Transform,UnityEngine.Vector3) (at Assets/Scripts/Arena/Visuals/ArenaColosseumBuilder.cs:637)
QuizBattle.Arena.Visuals.ArenaColosseumBuilder:CreateFoliageAndProps (UnityEngine.Transform,UnityEngine.Vector3,single,single) (at Assets/Scripts/Arena/Visuals/ArenaColosseumBuilder.cs:594)
QuizBattle.Arena.Visuals.ArenaColosseumBuilder:Build (UnityEngine.Transform,int,int,single) (at Assets/Scripts/Arena/Visuals/ArenaColosseumBuilder.cs:31)
QuizBattle.Arena.GridController:BuildGrid (int,int,int) (at Assets/Scripts/Arena/GridController.cs:51)
QuizBattle.GameState.GameManager:RunAutoPlayMatch (int,int) (at Assets/Scripts/GameState/GameManager.cs:67)
CaptureCurrentArena:Capture () (at Assets/Editor/CaptureCurrentArena.cs:22)

[Assets/Scripts/Arena/GridController.cs line 51]

Trunk: Destroy may not be called from edit mode! Use DestroyImmediate instead.
Destroying an object in edit mode destroys it permanently
UnityEngine.Debug:ExtractStackTraceNoAlloc (byte*,int,string)
UnityEngine.StackTraceUtility:ExtractStackTrace ()
UnityEngine.Object:Destroy (UnityEngine.Object,single)
UnityEngine.Object:Destroy (UnityEngine.Object)
QuizBattle.Arena.Visuals.ArenaColosseumBuilder:CreateCartoonTree (UnityEngine.Transform,UnityEngine.Vector3) (at Assets/Scripts/Arena/Visuals/ArenaColosseumBuilder.cs:618)
QuizBattle.Arena.Visuals.ArenaColosseumBuilder:CreateFoliageAndProps (UnityEngine.Transform,UnityEngine.Vector3,single,single) (at Assets/Scripts/Arena/Visuals/ArenaColosseumBuilder.cs:594)
QuizBattle.Arena.Visuals.ArenaColosseumBuilder:Build (UnityEngine.Transform,int,int,single) (at Assets/Scripts/Arena/Visuals/ArenaColosseumBuilder.cs:31)
QuizBattle.Arena.GridController:BuildGrid (int,int,int) (at Assets/Scripts/Arena/GridController.cs:51)
QuizBattle.GameState.GameManager:RunAutoPlayMatch (int,int) (at Assets/Scripts/GameState/GameManager.cs:67)
CaptureCurrentArena:Capture () (at Assets/Editor/CaptureCurrentArena.cs:22)

[Assets/Scripts/Arena/GridController.cs line 51]

FoliagePuff: Destroy may not be called from edit mode! Use DestroyImmediate instead.
Destroying an object in edit mode destroys it permanently
UnityEngine.Debug:ExtractStackTraceNoAlloc (byte*,int,string)
UnityEngine.StackTraceUtility:ExtractStackTrace ()
UnityEngine.Object:Destroy (UnityEngine.Object,single)
UnityEngine.Object:Destroy (UnityEngine.Object)
QuizBattle.Arena.Visuals.ArenaColosseumBuilder:CreateCartoonTree (UnityEngine.Transform,UnityEngine.Vector3) (at Assets/Scripts/Arena/Visuals/ArenaColosseumBuilder.cs:637)
QuizBattle.Arena.Visuals.ArenaColosseumBuilder:CreateFoliageAndProps (UnityEngine.Transform,UnityEngine.Vector3,single,single) (at Assets/Scripts/Arena/Visuals/ArenaColosseumBuilder.cs:594)
QuizBattle.Arena.Visuals.ArenaColosseumBuilder:Build (UnityEngine.Transform,int,int,single) (at Assets/Scripts/Arena/Visuals/ArenaColosseumBuilder.cs:31)
QuizBattle.Arena.GridController:BuildGrid (int,int,int) (at Assets/Scripts/Arena/GridController.cs:51)
QuizBattle.GameState.GameManager:RunAutoPlayMatch (int,int) (at Assets/Scripts/GameState/GameManager.cs:67)
CaptureCurrentArena:Capture () (at Assets/Editor/CaptureCurrentArena.cs:22)

[Assets/Scripts/Arena/GridController.cs line 51]

FoliagePuff: Destroy may not be called from edit mode! Use DestroyImmediate instead.
Destroying an object in edit mode destroys it permanently
UnityEngine.Debug:ExtractStackTraceNoAlloc (byte*,int,string)
UnityEngine.StackTraceUtility:ExtractStackTrace ()
UnityEngine.Object:Destroy (UnityEngine.Object,single)
UnityEngine.Object:Destroy (UnityEngine.Object)
QuizBattle.Arena.Visuals.ArenaColosseumBuilder:CreateCartoonTree (UnityEngine.Transform,UnityEngine.Vector3) (at Assets/Scripts/Arena/Visuals/ArenaColosseumBuilder.cs:637)
QuizBattle.Arena.Visuals.ArenaColosseumBuilder:CreateFoliageAndProps (UnityEngine.Transform,UnityEngine.Vector3,single,single) (at Assets/Scripts/Arena/Visuals/ArenaColosseumBuilder.cs:594)
QuizBattle.Arena.Visuals.ArenaColosseumBuilder:Build (UnityEngine.Transform,int,int,single) (at Assets/Scripts/Arena/Visuals/ArenaColosseumBuilder.cs:31)
QuizBattle.Arena.GridController:BuildGrid (int,int,int) (at Assets/Scripts/Arena/GridController.cs:51)
QuizBattle.GameState.GameManager:RunAutoPlayMatch (int,int) (at Assets/Scripts/GameState/GameManager.cs:67)
CaptureCurrentArena:Capture () (at Assets/Editor/CaptureCurrentArena.cs:22)

[Assets/Scripts/Arena/GridController.cs line 51]

FoliagePuff: Destroy may not be called from edit mode! Use DestroyImmediate instead.
Destroying an object in edit mode destroys it permanently
UnityEngine.Debug:ExtractStackTraceNoAlloc (byte*,int,string)
UnityEngine.StackTraceUtility:ExtractStackTrace ()
UnityEngine.Object:Destroy (UnityEngine.Object,single)
UnityEngine.Object:Destroy (UnityEngine.Object)
QuizBattle.Arena.Visuals.ArenaColosseumBuilder:CreateCartoonTree (UnityEngine.Transform,UnityEngine.Vector3) (at Assets/Scripts/Arena/Visuals/ArenaColosseumBuilder.cs:637)
QuizBattle.Arena.Visuals.ArenaColosseumBuilder:CreateFoliageAndProps (UnityEngine.Transform,UnityEngine.Vector3,single,single) (at Assets/Scripts/Arena/Visuals/ArenaColosseumBuilder.cs:594)
QuizBattle.Arena.Visuals.ArenaColosseumBuilder:Build (UnityEngine.Transform,int,int,single) (at Assets/Scripts/Arena/Visuals/ArenaColosseumBuilder.cs:31)
QuizBattle.Arena.GridController:BuildGrid (int,int,int) (at Assets/Scripts/Arena/GridController.cs:51)
QuizBattle.GameState.GameManager:RunAutoPlayMatch (int,int) (at Assets/Scripts/GameState/GameManager.cs:67)
CaptureCurrentArena:Capture () (at Assets/Editor/CaptureCurrentArena.cs:22)

[Assets/Scripts/Arena/GridController.cs line 51]

FoliagePuff: Destroy may not be called from edit mode! Use DestroyImmediate instead.
Destroying an object in edit mode destroys it permanently
UnityEngine.Debug:ExtractStackTraceNoAlloc (byte*,int,string)
UnityEngine.StackTraceUtility:ExtractStackTrace ()
UnityEngine.Object:Destroy (UnityEngine.Object,single)
UnityEngine.Object:Destroy (UnityEngine.Object)
QuizBattle.Arena.Visuals.ArenaColosseumBuilder:CreateCartoonTree (UnityEngine.Transform,UnityEngine.Vector3) (at Assets/Scripts/Arena/Visuals/ArenaColosseumBuilder.cs:637)
QuizBattle.Arena.Visuals.ArenaColosseumBuilder:CreateFoliageAndProps (UnityEngine.Transform,UnityEngine.Vector3,single,single) (at Assets/Scripts/Arena/Visuals/ArenaColosseumBuilder.cs:594)
QuizBattle.Arena.Visuals.ArenaColosseumBuilder:Build (UnityEngine.Transform,int,int,single) (at Assets/Scripts/Arena/Visuals/ArenaColosseumBuilder.cs:31)
QuizBattle.Arena.GridController:BuildGrid (int,int,int) (at Assets/Scripts/Arena/GridController.cs:51)
QuizBattle.GameState.GameManager:RunAutoPlayMatch (int,int) (at Assets/Scripts/GameState/GameManager.cs:67)
CaptureCurrentArena:Capture () (at Assets/Editor/CaptureCurrentArena.cs:22)

[Assets/Scripts/Arena/GridController.cs line 51]

Trunk: Destroy may not be called from edit mode! Use DestroyImmediate instead.
Destroying an object in edit mode destroys it permanently
UnityEngine.Debug:ExtractStackTraceNoAlloc (byte*,int,string)
UnityEngine.StackTraceUtility:ExtractStackTrace ()
UnityEngine.Object:Destroy (UnityEngine.Object,single)
UnityEngine.Object:Destroy (UnityEngine.Object)
QuizBattle.Arena.Visuals.ArenaColosseumBuilder:CreateCartoonTree (UnityEngine.Transform,UnityEngine.Vector3) (at Assets/Scripts/Arena/Visuals/ArenaColosseumBuilder.cs:618)
QuizBattle.Arena.Visuals.ArenaColosseumBuilder:CreateFoliageAndProps (UnityEngine.Transform,UnityEngine.Vector3,single,single) (at Assets/Scripts/Arena/Visuals/ArenaColosseumBuilder.cs:594)
QuizBattle.Arena.Visuals.ArenaColosseumBuilder:Build (UnityEngine.Transform,int,int,single) (at Assets/Scripts/Arena/Visuals/ArenaColosseumBuilder.cs:31)
QuizBattle.Arena.GridController:BuildGrid (int,int,int) (at Assets/Scripts/Arena/GridController.cs:51)
QuizBattle.GameState.GameManager:RunAutoPlayMatch (int,int) (at Assets/Scripts/GameState/GameManager.cs:67)
CaptureCurrentArena:Capture () (at Assets/Editor/CaptureCurrentArena.cs:22)

[Assets/Scripts/Arena/GridController.cs line 51]

FoliagePuff: Destroy may not be called from edit mode! Use DestroyImmediate instead.
Destroying an object in edit mode destroys it permanently
UnityEngine.Debug:ExtractStackTraceNoAlloc (byte*,int,string)
UnityEngine.StackTraceUtility:ExtractStackTrace ()
UnityEngine.Object:Destroy (UnityEngine.Object,single)
UnityEngine.Object:Destroy (UnityEngine.Object)
QuizBattle.Arena.Visuals.ArenaColosseumBuilder:CreateCartoonTree (UnityEngine.Transform,UnityEngine.Vector3) (at Assets/Scripts/Arena/Visuals/ArenaColosseumBuilder.cs:637)
QuizBattle.Arena.Visuals.ArenaColosseumBuilder:CreateFoliageAndProps (UnityEngine.Transform,UnityEngine.Vector3,single,single) (at Assets/Scripts/Arena/Visuals/ArenaColosseumBuilder.cs:594)
QuizBattle.Arena.Visuals.ArenaColosseumBuilder:Build (UnityEngine.Transform,int,int,single) (at Assets/Scripts/Arena/Visuals/ArenaColosseumBuilder.cs:31)
QuizBattle.Arena.GridController:BuildGrid (int,int,int) (at Assets/Scripts/Arena/GridController.cs:51)
QuizBattle.GameState.GameManager:RunAutoPlayMatch (int,int) (at Assets/Scripts/GameState/GameManager.cs:67)
CaptureCurrentArena:Capture () (at Assets/Editor/CaptureCurrentArena.cs:22)

[Assets/Scripts/Arena/GridController.cs line 51]

FoliagePuff: Destroy may not be called from edit mode! Use DestroyImmediate instead.
Destroying an object in edit mode destroys it permanently
UnityEngine.Debug:ExtractStackTraceNoAlloc (byte*,int,string)
UnityEngine.StackTraceUtility:ExtractStackTrace ()
UnityEngine.Object:Destroy (UnityEngine.Object,single)
UnityEngine.Object:Destroy (UnityEngine.Object)
QuizBattle.Arena.Visuals.ArenaColosseumBuilder:CreateCartoonTree (UnityEngine.Transform,UnityEngine.Vector3) (at Assets/Scripts/Arena/Visuals/ArenaColosseumBuilder.cs:637)
QuizBattle.Arena.Visuals.ArenaColosseumBuilder:CreateFoliageAndProps (UnityEngine.Transform,UnityEngine.Vector3,single,single) (at Assets/Scripts/Arena/Visuals/ArenaColosseumBuilder.cs:594)
QuizBattle.Arena.Visuals.ArenaColosseumBuilder:Build (UnityEngine.Transform,int,int,single) (at Assets/Scripts/Arena/Visuals/ArenaColosseumBuilder.cs:31)
QuizBattle.Arena.GridController:BuildGrid (int,int,int) (at Assets/Scripts/Arena/GridController.cs:51)
QuizBattle.GameState.GameManager:RunAutoPlayMatch (int,int) (at Assets/Scripts/GameState/GameManager.cs:67)
CaptureCurrentArena:Capture () (at Assets/Editor/CaptureCurrentArena.cs:22)

[Assets/Scripts/Arena/GridController.cs line 51]

FoliagePuff: Destroy may not be called from edit mode! Use DestroyImmediate instead.
Destroying an object in edit mode destroys it permanently
UnityEngine.Debug:ExtractStackTraceNoAlloc (byte*,int,string)
UnityEngine.StackTraceUtility:ExtractStackTrace ()
UnityEngine.Object:Destroy (UnityEngine.Object,single)
UnityEngine.Object:Destroy (UnityEngine.Object)
QuizBattle.Arena.Visuals.ArenaColosseumBuilder:CreateCartoonTree (UnityEngine.Transform,UnityEngine.Vector3) (at Assets/Scripts/Arena/Visuals/ArenaColosseumBuilder.cs:637)
QuizBattle.Arena.Visuals.ArenaColosseumBuilder:CreateFoliageAndProps (UnityEngine.Transform,UnityEngine.Vector3,single,single) (at Assets/Scripts/Arena/Visuals/ArenaColosseumBuilder.cs:594)
QuizBattle.Arena.Visuals.ArenaColosseumBuilder:Build (UnityEngine.Transform,int,int,single) (at Assets/Scripts/Arena/Visuals/ArenaColosseumBuilder.cs:31)
QuizBattle.Arena.GridController:BuildGrid (int,int,int) (at Assets/Scripts/Arena/GridController.cs:51)
QuizBattle.GameState.GameManager:RunAutoPlayMatch (int,int) (at Assets/Scripts/GameState/GameManager.cs:67)
CaptureCurrentArena:Capture () (at Assets/Editor/CaptureCurrentArena.cs:22)

[Assets/Scripts/Arena/GridController.cs line 51]

FoliagePuff: Destroy may not be called from edit mode! Use DestroyImmediate instead.
Destroying an object in edit mode destroys it permanently
UnityEngine.Debug:ExtractStackTraceNoAlloc (byte*,int,string)
UnityEngine.StackTraceUtility:ExtractStackTrace ()
UnityEngine.Object:Destroy (UnityEngine.Object,single)
UnityEngine.Object:Destroy (UnityEngine.Object)
QuizBattle.Arena.Visuals.ArenaColosseumBuilder:CreateCartoonTree (UnityEngine.Transform,UnityEngine.Vector3) (at Assets/Scripts/Arena/Visuals/ArenaColosseumBuilder.cs:637)
QuizBattle.Arena.Visuals.ArenaColosseumBuilder:CreateFoliageAndProps (UnityEngine.Transform,UnityEngine.Vector3,single,single) (at Assets/Scripts/Arena/Visuals/ArenaColosseumBuilder.cs:594)
QuizBattle.Arena.Visuals.ArenaColosseumBuilder:Build (UnityEngine.Transform,int,int,single) (at Assets/Scripts/Arena/Visuals/ArenaColosseumBuilder.cs:31)
QuizBattle.Arena.GridController:BuildGrid (int,int,int) (at Assets/Scripts/Arena/GridController.cs:51)
QuizBattle.GameState.GameManager:RunAutoPlayMatch (int,int) (at Assets/Scripts/GameState/GameManager.cs:67)
CaptureCurrentArena:Capture () (at Assets/Editor/CaptureCurrentArena.cs:22)

[Assets/Scripts/Arena/GridController.cs line 51]

Trunk: Destroy may not be called from edit mode! Use DestroyImmediate instead.
Destroying an object in edit mode destroys it permanently
UnityEngine.Debug:ExtractStackTraceNoAlloc (byte*,int,string)
UnityEngine.StackTraceUtility:ExtractStackTrace ()
UnityEngine.Object:Destroy (UnityEngine.Object,single)
UnityEngine.Object:Destroy (UnityEngine.Object)
QuizBattle.Arena.Visuals.ArenaColosseumBuilder:CreateCartoonTree (UnityEngine.Transform,UnityEngine.Vector3) (at Assets/Scripts/Arena/Visuals/ArenaColosseumBuilder.cs:618)
QuizBattle.Arena.Visuals.ArenaColosseumBuilder:CreateFoliageAndProps (UnityEngine.Transform,UnityEngine.Vector3,single,single) (at Assets/Scripts/Arena/Visuals/ArenaColosseumBuilder.cs:594)
QuizBattle.Arena.Visuals.ArenaColosseumBuilder:Build (UnityEngine.Transform,int,int,single) (at Assets/Scripts/Arena/Visuals/ArenaColosseumBuilder.cs:31)
QuizBattle.Arena.GridController:BuildGrid (int,int,int) (at Assets/Scripts/Arena/GridController.cs:51)
QuizBattle.GameState.GameManager:RunAutoPlayMatch (int,int) (at Assets/Scripts/GameState/GameManager.cs:67)
CaptureCurrentArena:Capture () (at Assets/Editor/CaptureCurrentArena.cs:22)

[Assets/Scripts/Arena/GridController.cs line 51]

FoliagePuff: Destroy may not be called from edit mode! Use DestroyImmediate instead.
Destroying an object in edit mode destroys it permanently
UnityEngine.Debug:ExtractStackTraceNoAlloc (byte*,int,string)
UnityEngine.StackTraceUtility:ExtractStackTrace ()
UnityEngine.Object:Destroy (UnityEngine.Object,single)
UnityEngine.Object:Destroy (UnityEngine.Object)
QuizBattle.Arena.Visuals.ArenaColosseumBuilder:CreateCartoonTree (UnityEngine.Transform,UnityEngine.Vector3) (at Assets/Scripts/Arena/Visuals/ArenaColosseumBuilder.cs:637)
QuizBattle.Arena.Visuals.ArenaColosseumBuilder:CreateFoliageAndProps (UnityEngine.Transform,UnityEngine.Vector3,single,single) (at Assets/Scripts/Arena/Visuals/ArenaColosseumBuilder.cs:594)
QuizBattle.Arena.Visuals.ArenaColosseumBuilder:Build (UnityEngine.Transform,int,int,single) (at Assets/Scripts/Arena/Visuals/ArenaColosseumBuilder.cs:31)
QuizBattle.Arena.GridController:BuildGrid (int,int,int) (at Assets/Scripts/Arena/GridController.cs:51)
QuizBattle.GameState.GameManager:RunAutoPlayMatch (int,int) (at Assets/Scripts/GameState/GameManager.cs:67)
CaptureCurrentArena:Capture () (at Assets/Editor/CaptureCurrentArena.cs:22)

[Assets/Scripts/Arena/GridController.cs line 51]

FoliagePuff: Destroy may not be called from edit mode! Use DestroyImmediate instead.
Destroying an object in edit mode destroys it permanently
UnityEngine.Debug:ExtractStackTraceNoAlloc (byte*,int,string)
UnityEngine.StackTraceUtility:ExtractStackTrace ()
UnityEngine.Object:Destroy (UnityEngine.Object,single)
UnityEngine.Object:Destroy (UnityEngine.Object)
QuizBattle.Arena.Visuals.ArenaColosseumBuilder:CreateCartoonTree (UnityEngine.Transform,UnityEngine.Vector3) (at Assets/Scripts/Arena/Visuals/ArenaColosseumBuilder.cs:637)
QuizBattle.Arena.Visuals.ArenaColosseumBuilder:CreateFoliageAndProps (UnityEngine.Transform,UnityEngine.Vector3,single,single) (at Assets/Scripts/Arena/Visuals/ArenaColosseumBuilder.cs:594)
QuizBattle.Arena.Visuals.ArenaColosseumBuilder:Build (UnityEngine.Transform,int,int,single) (at Assets/Scripts/Arena/Visuals/ArenaColosseumBuilder.cs:31)
QuizBattle.Arena.GridController:BuildGrid (int,int,int) (at Assets/Scripts/Arena/GridController.cs:51)
QuizBattle.GameState.GameManager:RunAutoPlayMatch (int,int) (at Assets/Scripts/GameState/GameManager.cs:67)
CaptureCurrentArena:Capture () (at Assets/Editor/CaptureCurrentArena.cs:22)

[Assets/Scripts/Arena/GridController.cs line 51]

FoliagePuff: Destroy may not be called from edit mode! Use DestroyImmediate instead.
Destroying an object in edit mode destroys it permanently
UnityEngine.Debug:ExtractStackTraceNoAlloc (byte*,int,string)
UnityEngine.StackTraceUtility:ExtractStackTrace ()
UnityEngine.Object:Destroy (UnityEngine.Object,single)
UnityEngine.Object:Destroy (UnityEngine.Object)
QuizBattle.Arena.Visuals.ArenaColosseumBuilder:CreateCartoonTree (UnityEngine.Transform,UnityEngine.Vector3) (at Assets/Scripts/Arena/Visuals/ArenaColosseumBuilder.cs:637)
QuizBattle.Arena.Visuals.ArenaColosseumBuilder:CreateFoliageAndProps (UnityEngine.Transform,UnityEngine.Vector3,single,single) (at Assets/Scripts/Arena/Visuals/ArenaColosseumBuilder.cs:594)
QuizBattle.Arena.Visuals.ArenaColosseumBuilder:Build (UnityEngine.Transform,int,int,single) (at Assets/Scripts/Arena/Visuals/ArenaColosseumBuilder.cs:31)
QuizBattle.Arena.GridController:BuildGrid (int,int,int) (at Assets/Scripts/Arena/GridController.cs:51)
QuizBattle.GameState.GameManager:RunAutoPlayMatch (int,int) (at Assets/Scripts/GameState/GameManager.cs:67)
CaptureCurrentArena:Capture () (at Assets/Editor/CaptureCurrentArena.cs:22)

[Assets/Scripts/Arena/GridController.cs line 51]

FoliagePuff: Destroy may not be called from edit mode! Use DestroyImmediate instead.
Destroying an object in edit mode destroys it permanently
UnityEngine.Debug:ExtractStackTraceNoAlloc (byte*,int,string)
UnityEngine.StackTraceUtility:ExtractStackTrace ()
UnityEngine.Object:Destroy (UnityEngine.Object,single)
UnityEngine.Object:Destroy (UnityEngine.Object)
QuizBattle.Arena.Visuals.ArenaColosseumBuilder:CreateCartoonTree (UnityEngine.Transform,UnityEngine.Vector3) (at Assets/Scripts/Arena/Visuals/ArenaColosseumBuilder.cs:637)
QuizBattle.Arena.Visuals.ArenaColosseumBuilder:CreateFoliageAndProps (UnityEngine.Transform,UnityEngine.Vector3,single,single) (at Assets/Scripts/Arena/Visuals/ArenaColosseumBuilder.cs:594)
QuizBattle.Arena.Visuals.ArenaColosseumBuilder:Build (UnityEngine.Transform,int,int,single) (at Assets/Scripts/Arena/Visuals/ArenaColosseumBuilder.cs:31)
QuizBattle.Arena.GridController:BuildGrid (int,int,int) (at Assets/Scripts/Arena/GridController.cs:51)
QuizBattle.GameState.GameManager:RunAutoPlayMatch (int,int) (at Assets/Scripts/GameState/GameManager.cs:67)
CaptureCurrentArena:Capture () (at Assets/Editor/CaptureCurrentArena.cs:22)

[Assets/Scripts/Arena/GridController.cs line 51]

Trunk: Destroy may not be called from edit mode! Use DestroyImmediate instead.
Destroying an object in edit mode destroys it permanently
UnityEngine.Debug:ExtractStackTraceNoAlloc (byte*,int,string)
UnityEngine.StackTraceUtility:ExtractStackTrace ()
UnityEngine.Object:Destroy (UnityEngine.Object,single)
UnityEngine.Object:Destroy (UnityEngine.Object)
QuizBattle.Arena.Visuals.ArenaColosseumBuilder:CreateCartoonTree (UnityEngine.Transform,UnityEngine.Vector3) (at Assets/Scripts/Arena/Visuals/ArenaColosseumBuilder.cs:618)
QuizBattle.Arena.Visuals.ArenaColosseumBuilder:CreateFoliageAndProps (UnityEngine.Transform,UnityEngine.Vector3,single,single) (at Assets/Scripts/Arena/Visuals/ArenaColosseumBuilder.cs:594)
QuizBattle.Arena.Visuals.ArenaColosseumBuilder:Build (UnityEngine.Transform,int,int,single) (at Assets/Scripts/Arena/Visuals/ArenaColosseumBuilder.cs:31)
QuizBattle.Arena.GridController:BuildGrid (int,int,int) (at Assets/Scripts/Arena/GridController.cs:51)
QuizBattle.GameState.GameManager:RunAutoPlayMatch (int,int) (at Assets/Scripts/GameState/GameManager.cs:67)
CaptureCurrentArena:Capture () (at Assets/Editor/CaptureCurrentArena.cs:22)

[Assets/Scripts/Arena/GridController.cs line 51]

FoliagePuff: Destroy may not be called from edit mode! Use DestroyImmediate instead.
Destroying an object in edit mode destroys it permanently
UnityEngine.Debug:ExtractStackTraceNoAlloc (byte*,int,string)
UnityEngine.StackTraceUtility:ExtractStackTrace ()
UnityEngine.Object:Destroy (UnityEngine.Object,single)
UnityEngine.Object:Destroy (UnityEngine.Object)
QuizBattle.Arena.Visuals.ArenaColosseumBuilder:CreateCartoonTree (UnityEngine.Transform,UnityEngine.Vector3) (at Assets/Scripts/Arena/Visuals/ArenaColosseumBuilder.cs:637)
QuizBattle.Arena.Visuals.ArenaColosseumBuilder:CreateFoliageAndProps (UnityEngine.Transform,UnityEngine.Vector3,single,single) (at Assets/Scripts/Arena/Visuals/ArenaColosseumBuilder.cs:594)
QuizBattle.Arena.Visuals.ArenaColosseumBuilder:Build (UnityEngine.Transform,int,int,single) (at Assets/Scripts/Arena/Visuals/ArenaColosseumBuilder.cs:31)
QuizBattle.Arena.GridController:BuildGrid (int,int,int) (at Assets/Scripts/Arena/GridController.cs:51)
QuizBattle.GameState.GameManager:RunAutoPlayMatch (int,int) (at Assets/Scripts/GameState/GameManager.cs:67)
CaptureCurrentArena:Capture () (at Assets/Editor/CaptureCurrentArena.cs:22)

[Assets/Scripts/Arena/GridController.cs line 51]

FoliagePuff: Destroy may not be called from edit mode! Use DestroyImmediate instead.
Destroying an object in edit mode destroys it permanently
UnityEngine.Debug:ExtractStackTraceNoAlloc (byte*,int,string)
UnityEngine.StackTraceUtility:ExtractStackTrace ()
UnityEngine.Object:Destroy (UnityEngine.Object,single)
UnityEngine.Object:Destroy (UnityEngine.Object)
QuizBattle.Arena.Visuals.ArenaColosseumBuilder:CreateCartoonTree (UnityEngine.Transform,UnityEngine.Vector3) (at Assets/Scripts/Arena/Visuals/ArenaColosseumBuilder.cs:637)
QuizBattle.Arena.Visuals.ArenaColosseumBuilder:CreateFoliageAndProps (UnityEngine.Transform,UnityEngine.Vector3,single,single) (at Assets/Scripts/Arena/Visuals/ArenaColosseumBuilder.cs:594)
QuizBattle.Arena.Visuals.ArenaColosseumBuilder:Build (UnityEngine.Transform,int,int,single) (at Assets/Scripts/Arena/Visuals/ArenaColosseumBuilder.cs:31)
QuizBattle.Arena.GridController:BuildGrid (int,int,int) (at Assets/Scripts/Arena/GridController.cs:51)
QuizBattle.GameState.GameManager:RunAutoPlayMatch (int,int) (at Assets/Scripts/GameState/GameManager.cs:67)
CaptureCurrentArena:Capture () (at Assets/Editor/CaptureCurrentArena.cs:22)

[Assets/Scripts/Arena/GridController.cs line 51]

FoliagePuff: Destroy may not be called from edit mode! Use DestroyImmediate instead.
Destroying an object in edit mode destroys it permanently
UnityEngine.Debug:ExtractStackTraceNoAlloc (byte*,int,string)
UnityEngine.StackTraceUtility:ExtractStackTrace ()
UnityEngine.Object:Destroy (UnityEngine.Object,single)
UnityEngine.Object:Destroy (UnityEngine.Object)
QuizBattle.Arena.Visuals.ArenaColosseumBuilder:CreateCartoonTree (UnityEngine.Transform,UnityEngine.Vector3) (at Assets/Scripts/Arena/Visuals/ArenaColosseumBuilder.cs:637)
QuizBattle.Arena.Visuals.ArenaColosseumBuilder:CreateFoliageAndProps (UnityEngine.Transform,UnityEngine.Vector3,single,single) (at Assets/Scripts/Arena/Visuals/ArenaColosseumBuilder.cs:594)
QuizBattle.Arena.Visuals.ArenaColosseumBuilder:Build (UnityEngine.Transform,int,int,single) (at Assets/Scripts/Arena/Visuals/ArenaColosseumBuilder.cs:31)
QuizBattle.Arena.GridController:BuildGrid (int,int,int) (at Assets/Scripts/Arena/GridController.cs:51)
QuizBattle.GameState.GameManager:RunAutoPlayMatch (int,int) (at Assets/Scripts/GameState/GameManager.cs:67)
CaptureCurrentArena:Capture () (at Assets/Editor/CaptureCurrentArena.cs:22)

[Assets/Scripts/Arena/GridController.cs line 51]

FoliagePuff: Destroy may not be called from edit mode! Use DestroyImmediate instead.
Destroying an object in edit mode destroys it permanently
UnityEngine.Debug:ExtractStackTraceNoAlloc (byte*,int,string)
UnityEngine.StackTraceUtility:ExtractStackTrace ()
UnityEngine.Object:Destroy (UnityEngine.Object,single)
UnityEngine.Object:Destroy (UnityEngine.Object)
QuizBattle.Arena.Visuals.ArenaColosseumBuilder:CreateCartoonTree (UnityEngine.Transform,UnityEngine.Vector3) (at Assets/Scripts/Arena/Visuals/ArenaColosseumBuilder.cs:637)
QuizBattle.Arena.Visuals.ArenaColosseumBuilder:CreateFoliageAndProps (UnityEngine.Transform,UnityEngine.Vector3,single,single) (at Assets/Scripts/Arena/Visuals/ArenaColosseumBuilder.cs:594)
QuizBattle.Arena.Visuals.ArenaColosseumBuilder:Build (UnityEngine.Transform,int,int,single) (at Assets/Scripts/Arena/Visuals/ArenaColosseumBuilder.cs:31)
QuizBattle.Arena.GridController:BuildGrid (int,int,int) (at Assets/Scripts/Arena/GridController.cs:51)
QuizBattle.GameState.GameManager:RunAutoPlayMatch (int,int) (at Assets/Scripts/GameState/GameManager.cs:67)
CaptureCurrentArena:Capture () (at Assets/Editor/CaptureCurrentArena.cs:22)

[Assets/Scripts/Arena/GridController.cs line 51]

Trunk: Destroy may not be called from edit mode! Use DestroyImmediate instead.
Destroying an object in edit mode destroys it permanently
UnityEngine.Debug:ExtractStackTraceNoAlloc (byte*,int,string)
UnityEngine.StackTraceUtility:ExtractStackTrace ()
UnityEngine.Object:Destroy (UnityEngine.Object,single)
UnityEngine.Object:Destroy (UnityEngine.Object)
QuizBattle.Arena.Visuals.ArenaColosseumBuilder:CreateCartoonTree (UnityEngine.Transform,UnityEngine.Vector3) (at Assets/Scripts/Arena/Visuals/ArenaColosseumBuilder.cs:618)
QuizBattle.Arena.Visuals.ArenaColosseumBuilder:CreateFoliageAndProps (UnityEngine.Transform,UnityEngine.Vector3,single,single) (at Assets/Scripts/Arena/Visuals/ArenaColosseumBuilder.cs:594)
QuizBattle.Arena.Visuals.ArenaColosseumBuilder:Build (UnityEngine.Transform,int,int,single) (at Assets/Scripts/Arena/Visuals/ArenaColosseumBuilder.cs:31)
QuizBattle.Arena.GridController:BuildGrid (int,int,int) (at Assets/Scripts/Arena/GridController.cs:51)
QuizBattle.GameState.GameManager:RunAutoPlayMatch (int,int) (at Assets/Scripts/GameState/GameManager.cs:67)
CaptureCurrentArena:Capture () (at Assets/Editor/CaptureCurrentArena.cs:22)

[Assets/Scripts/Arena/GridController.cs line 51]

FoliagePuff: Destroy may not be called from edit mode! Use DestroyImmediate instead.
Destroying an object in edit mode destroys it permanently
UnityEngine.Debug:ExtractStackTraceNoAlloc (byte*,int,string)
UnityEngine.StackTraceUtility:ExtractStackTrace ()
UnityEngine.Object:Destroy (UnityEngine.Object,single)
UnityEngine.Object:Destroy (UnityEngine.Object)
QuizBattle.Arena.Visuals.ArenaColosseumBuilder:CreateCartoonTree (UnityEngine.Transform,UnityEngine.Vector3) (at Assets/Scripts/Arena/Visuals/ArenaColosseumBuilder.cs:637)
QuizBattle.Arena.Visuals.ArenaColosseumBuilder:CreateFoliageAndProps (UnityEngine.Transform,UnityEngine.Vector3,single,single) (at Assets/Scripts/Arena/Visuals/ArenaColosseumBuilder.cs:594)
QuizBattle.Arena.Visuals.ArenaColosseumBuilder:Build (UnityEngine.Transform,int,int,single) (at Assets/Scripts/Arena/Visuals/ArenaColosseumBuilder.cs:31)
QuizBattle.Arena.GridController:BuildGrid (int,int,int) (at Assets/Scripts/Arena/GridController.cs:51)
QuizBattle.GameState.GameManager:RunAutoPlayMatch (int,int) (at Assets/Scripts/GameState/GameManager.cs:67)
CaptureCurrentArena:Capture () (at Assets/Editor/CaptureCurrentArena.cs:22)

[Assets/Scripts/Arena/GridController.cs line 51]

FoliagePuff: Destroy may not be called from edit mode! Use DestroyImmediate instead.
Destroying an object in edit mode destroys it permanently
UnityEngine.Debug:ExtractStackTraceNoAlloc (byte*,int,string)
UnityEngine.StackTraceUtility:ExtractStackTrace ()
UnityEngine.Object:Destroy (UnityEngine.Object,single)
UnityEngine.Object:Destroy (UnityEngine.Object)
QuizBattle.Arena.Visuals.ArenaColosseumBuilder:CreateCartoonTree (UnityEngine.Transform,UnityEngine.Vector3) (at Assets/Scripts/Arena/Visuals/ArenaColosseumBuilder.cs:637)
QuizBattle.Arena.Visuals.ArenaColosseumBuilder:CreateFoliageAndProps (UnityEngine.Transform,UnityEngine.Vector3,single,single) (at Assets/Scripts/Arena/Visuals/ArenaColosseumBuilder.cs:594)
QuizBattle.Arena.Visuals.ArenaColosseumBuilder:Build (UnityEngine.Transform,int,int,single) (at Assets/Scripts/Arena/Visuals/ArenaColosseumBuilder.cs:31)
QuizBattle.Arena.GridController:BuildGrid (int,int,int) (at Assets/Scripts/Arena/GridController.cs:51)
QuizBattle.GameState.GameManager:RunAutoPlayMatch (int,int) (at Assets/Scripts/GameState/GameManager.cs:67)
CaptureCurrentArena:Capture () (at Assets/Editor/CaptureCurrentArena.cs:22)

[Assets/Scripts/Arena/GridController.cs line 51]

FoliagePuff: Destroy may not be called from edit mode! Use DestroyImmediate instead.
Destroying an object in edit mode destroys it permanently
UnityEngine.Debug:ExtractStackTraceNoAlloc (byte*,int,string)
UnityEngine.StackTraceUtility:ExtractStackTrace ()
UnityEngine.Object:Destroy (UnityEngine.Object,single)
UnityEngine.Object:Destroy (UnityEngine.Object)
QuizBattle.Arena.Visuals.ArenaColosseumBuilder:CreateCartoonTree (UnityEngine.Transform,UnityEngine.Vector3) (at Assets/Scripts/Arena/Visuals/ArenaColosseumBuilder.cs:637)
QuizBattle.Arena.Visuals.ArenaColosseumBuilder:CreateFoliageAndProps (UnityEngine.Transform,UnityEngine.Vector3,single,single) (at Assets/Scripts/Arena/Visuals/ArenaColosseumBuilder.cs:594)
QuizBattle.Arena.Visuals.ArenaColosseumBuilder:Build (UnityEngine.Transform,int,int,single) (at Assets/Scripts/Arena/Visuals/ArenaColosseumBuilder.cs:31)
QuizBattle.Arena.GridController:BuildGrid (int,int,int) (at Assets/Scripts/Arena/GridController.cs:51)
QuizBattle.GameState.GameManager:RunAutoPlayMatch (int,int) (at Assets/Scripts/GameState/GameManager.cs:67)
CaptureCurrentArena:Capture () (at Assets/Editor/CaptureCurrentArena.cs:22)

[Assets/Scripts/Arena/GridController.cs line 51]

FoliagePuff: Destroy may not be called from edit mode! Use DestroyImmediate instead.
Destroying an object in edit mode destroys it permanently
UnityEngine.Debug:ExtractStackTraceNoAlloc (byte*,int,string)
UnityEngine.StackTraceUtility:ExtractStackTrace ()
UnityEngine.Object:Destroy (UnityEngine.Object,single)
UnityEngine.Object:Destroy (UnityEngine.Object)
QuizBattle.Arena.Visuals.ArenaColosseumBuilder:CreateCartoonTree (UnityEngine.Transform,UnityEngine.Vector3) (at Assets/Scripts/Arena/Visuals/ArenaColosseumBuilder.cs:637)
QuizBattle.Arena.Visuals.ArenaColosseumBuilder:CreateFoliageAndProps (UnityEngine.Transform,UnityEngine.Vector3,single,single) (at Assets/Scripts/Arena/Visuals/ArenaColosseumBuilder.cs:594)
QuizBattle.Arena.Visuals.ArenaColosseumBuilder:Build (UnityEngine.Transform,int,int,single) (at Assets/Scripts/Arena/Visuals/ArenaColosseumBuilder.cs:31)
QuizBattle.Arena.GridController:BuildGrid (int,int,int) (at Assets/Scripts/Arena/GridController.cs:51)
QuizBattle.GameState.GameManager:RunAutoPlayMatch (int,int) (at Assets/Scripts/GameState/GameManager.cs:67)
CaptureCurrentArena:Capture () (at Assets/Editor/CaptureCurrentArena.cs:22)

[Assets/Scripts/Arena/GridController.cs line 51]

WoodenBarrel: Destroy may not be called from edit mode! Use DestroyImmediate instead.
Destroying an object in edit mode destroys it permanently
UnityEngine.Debug:ExtractStackTraceNoAlloc (byte*,int,string)
UnityEngine.StackTraceUtility:ExtractStackTrace ()
UnityEngine.Object:Destroy (UnityEngine.Object,single)
UnityEngine.Object:Destroy (UnityEngine.Object)
QuizBattle.Arena.Visuals.ArenaColosseumBuilder:CreateBarrel (UnityEngine.Transform,UnityEngine.Vector3) (at Assets/Scripts/Arena/Visuals/ArenaColosseumBuilder.cs:649)
QuizBattle.Arena.Visuals.ArenaColosseumBuilder:CreateFoliageAndProps (UnityEngine.Transform,UnityEngine.Vector3,single,single) (at Assets/Scripts/Arena/Visuals/ArenaColosseumBuilder.cs:598)
QuizBattle.Arena.Visuals.ArenaColosseumBuilder:Build (UnityEngine.Transform,int,int,single) (at Assets/Scripts/Arena/Visuals/ArenaColosseumBuilder.cs:31)
QuizBattle.Arena.GridController:BuildGrid (int,int,int) (at Assets/Scripts/Arena/GridController.cs:51)
QuizBattle.GameState.GameManager:RunAutoPlayMatch (int,int) (at Assets/Scripts/GameState/GameManager.cs:67)
CaptureCurrentArena:Capture () (at Assets/Editor/CaptureCurrentArena.cs:22)

[Assets/Scripts/Arena/GridController.cs line 51]

WoodenCrate: Destroy may not be called from edit mode! Use DestroyImmediate instead.
Destroying an object in edit mode destroys it permanently
UnityEngine.Debug:ExtractStackTraceNoAlloc (byte*,int,string)
UnityEngine.StackTraceUtility:ExtractStackTrace ()
UnityEngine.Object:Destroy (UnityEngine.Object,single)
UnityEngine.Object:Destroy (UnityEngine.Object)
QuizBattle.Arena.Visuals.ArenaColosseumBuilder:CreateCrate (UnityEngine.Transform,UnityEngine.Vector3) (at Assets/Scripts/Arena/Visuals/ArenaColosseumBuilder.cs:660)
QuizBattle.Arena.Visuals.ArenaColosseumBuilder:CreateFoliageAndProps (UnityEngine.Transform,UnityEngine.Vector3,single,single) (at Assets/Scripts/Arena/Visuals/ArenaColosseumBuilder.cs:599)
QuizBattle.Arena.Visuals.ArenaColosseumBuilder:Build (UnityEngine.Transform,int,int,single) (at Assets/Scripts/Arena/Visuals/ArenaColosseumBuilder.cs:31)
QuizBattle.Arena.GridController:BuildGrid (int,int,int) (at Assets/Scripts/Arena/GridController.cs:51)
QuizBattle.GameState.GameManager:RunAutoPlayMatch (int,int) (at Assets/Scripts/GameState/GameManager.cs:67)
CaptureCurrentArena:Capture () (at Assets/Editor/CaptureCurrentArena.cs:22)

[Assets/Scripts/Arena/GridController.cs line 51]

WoodenBarrel: Destroy may not be called from edit mode! Use DestroyImmediate instead.
Destroying an object in edit mode destroys it permanently
UnityEngine.Debug:ExtractStackTraceNoAlloc (byte*,int,string)
UnityEngine.StackTraceUtility:ExtractStackTrace ()
UnityEngine.Object:Destroy (UnityEngine.Object,single)
UnityEngine.Object:Destroy (UnityEngine.Object)
QuizBattle.Arena.Visuals.ArenaColosseumBuilder:CreateBarrel (UnityEngine.Transform,UnityEngine.Vector3) (at Assets/Scripts/Arena/Visuals/ArenaColosseumBuilder.cs:649)
QuizBattle.Arena.Visuals.ArenaColosseumBuilder:CreateFoliageAndProps (UnityEngine.Transform,UnityEngine.Vector3,single,single) (at Assets/Scripts/Arena/Visuals/ArenaColosseumBuilder.cs:600)
QuizBattle.Arena.Visuals.ArenaColosseumBuilder:Build (UnityEngine.Transform,int,int,single) (at Assets/Scripts/Arena/Visuals/ArenaColosseumBuilder.cs:31)
QuizBattle.Arena.GridController:BuildGrid (int,int,int) (at Assets/Scripts/Arena/GridController.cs:51)
QuizBattle.GameState.GameManager:RunAutoPlayMatch (int,int) (at Assets/Scripts/GameState/GameManager.cs:67)
CaptureCurrentArena:Capture () (at Assets/Editor/CaptureCurrentArena.cs:22)

[Assets/Scripts/Arena/GridController.cs line 51]

Torso: Destroy may not be called from edit mode! Use DestroyImmediate instead.
Destroying an object in edit mode destroys it permanently
UnityEngine.Debug:ExtractStackTraceNoAlloc (byte*,int,string)
UnityEngine.StackTraceUtility:ExtractStackTrace ()
UnityEngine.Object:Destroy (UnityEngine.Object,single)
UnityEngine.Object:Destroy (UnityEngine.Object)
QuizBattle.Arena.Visuals.CharacterVisualBuilder:CreatePrimitivePart (UnityEngine.Transform,string,UnityEngine.PrimitiveType,UnityEngine.Vector3,UnityEngine.Quaternion,UnityEngine.Vector3,UnityEngine.Material,System.Collections.Generic.List`1<UnityEngine.Renderer>) (at Assets/Scripts/Arena/Visuals/CharacterVisualBuilder.cs:340)
QuizBattle.Arena.Visuals.CharacterVisualBuilder:BuildAegis (UnityEngine.Transform,QuizBattle.Characters.CharacterVisual&,System.Collections.Generic.List`1<UnityEngine.Renderer>,QuizBattle.Arena.Visuals.TokenIdleAnimator) (at Assets/Scripts/Arena/Visuals/CharacterVisualBuilder.cs:127)
QuizBattle.Arena.Visuals.CharacterVisualBuilder:Build (QuizBattle.Characters.CharacterVisual&,UnityEngine.Transform) (at Assets/Scripts/Arena/Visuals/CharacterVisualBuilder.cs:32)
QuizBattle.Arena.CharacterToken:Create (string,QuizBattle.Characters.CharacterVisual&,UnityEngine.Vector3) (at Assets/Scripts/Arena/CharacterToken.cs:54)
QuizBattle.GameState.GameManager:RunAutoPlayMatch (int,int) (at Assets/Scripts/GameState/GameManager.cs:76)
CaptureCurrentArena:Capture () (at Assets/Editor/CaptureCurrentArena.cs:22)

[Assets/Scripts/GameState/GameManager.cs line 76]

ChestPlate: Destroy may not be called from edit mode! Use DestroyImmediate instead.
Destroying an object in edit mode destroys it permanently
UnityEngine.Debug:ExtractStackTraceNoAlloc (byte*,int,string)
UnityEngine.StackTraceUtility:ExtractStackTrace ()
UnityEngine.Object:Destroy (UnityEngine.Object,single)
UnityEngine.Object:Destroy (UnityEngine.Object)
QuizBattle.Arena.Visuals.CharacterVisualBuilder:CreatePrimitivePart (UnityEngine.Transform,string,UnityEngine.PrimitiveType,UnityEngine.Vector3,UnityEngine.Quaternion,UnityEngine.Vector3,UnityEngine.Material,System.Collections.Generic.List`1<UnityEngine.Renderer>) (at Assets/Scripts/Arena/Visuals/CharacterVisualBuilder.cs:340)
QuizBattle.Arena.Visuals.CharacterVisualBuilder:BuildAegis (UnityEngine.Transform,QuizBattle.Characters.CharacterVisual&,System.Collections.Generic.List`1<UnityEngine.Renderer>,QuizBattle.Arena.Visuals.TokenIdleAnimator) (at Assets/Scripts/Arena/Visuals/CharacterVisualBuilder.cs:128)
QuizBattle.Arena.Visuals.CharacterVisualBuilder:Build (QuizBattle.Characters.CharacterVisual&,UnityEngine.Transform) (at Assets/Scripts/Arena/Visuals/CharacterVisualBuilder.cs:32)
QuizBattle.Arena.CharacterToken:Create (string,QuizBattle.Characters.CharacterVisual&,UnityEngine.Vector3) (at Assets/Scripts/Arena/CharacterToken.cs:54)
QuizBattle.GameState.GameManager:RunAutoPlayMatch (int,int) (at Assets/Scripts/GameState/GameManager.cs:76)
CaptureCurrentArena:Capture () (at Assets/Editor/CaptureCurrentArena.cs:22)

[Assets/Scripts/GameState/GameManager.cs line 76]

PowerReactor: Destroy may not be called from edit mode! Use DestroyImmediate instead.
Destroying an object in edit mode destroys it permanently
UnityEngine.Debug:ExtractStackTraceNoAlloc (byte*,int,string)
UnityEngine.StackTraceUtility:ExtractStackTrace ()
UnityEngine.Object:Destroy (UnityEngine.Object,single)
UnityEngine.Object:Destroy (UnityEngine.Object)
QuizBattle.Arena.Visuals.CharacterVisualBuilder:CreatePrimitivePart (UnityEngine.Transform,string,UnityEngine.PrimitiveType,UnityEngine.Vector3,UnityEngine.Quaternion,UnityEngine.Vector3,UnityEngine.Material,System.Collections.Generic.List`1<UnityEngine.Renderer>) (at Assets/Scripts/Arena/Visuals/CharacterVisualBuilder.cs:340)
QuizBattle.Arena.Visuals.CharacterVisualBuilder:BuildAegis (UnityEngine.Transform,QuizBattle.Characters.CharacterVisual&,System.Collections.Generic.List`1<UnityEngine.Renderer>,QuizBattle.Arena.Visuals.TokenIdleAnimator) (at Assets/Scripts/Arena/Visuals/CharacterVisualBuilder.cs:129)
QuizBattle.Arena.Visuals.CharacterVisualBuilder:Build (QuizBattle.Characters.CharacterVisual&,UnityEngine.Transform) (at Assets/Scripts/Arena/Visuals/CharacterVisualBuilder.cs:32)
QuizBattle.Arena.CharacterToken:Create (string,QuizBattle.Characters.CharacterVisual&,UnityEngine.Vector3) (at Assets/Scripts/Arena/CharacterToken.cs:54)
QuizBattle.GameState.GameManager:RunAutoPlayMatch (int,int) (at Assets/Scripts/GameState/GameManager.cs:76)
CaptureCurrentArena:Capture () (at Assets/Editor/CaptureCurrentArena.cs:22)

[Assets/Scripts/GameState/GameManager.cs line 76]

ExhaustL: Destroy may not be called from edit mode! Use DestroyImmediate instead.
Destroying an object in edit mode destroys it permanently
UnityEngine.Debug:ExtractStackTraceNoAlloc (byte*,int,string)
UnityEngine.StackTraceUtility:ExtractStackTrace ()
UnityEngine.Object:Destroy (UnityEngine.Object,single)
UnityEngine.Object:Destroy (UnityEngine.Object)
QuizBattle.Arena.Visuals.CharacterVisualBuilder:CreatePrimitivePart (UnityEngine.Transform,string,UnityEngine.PrimitiveType,UnityEngine.Vector3,UnityEngine.Quaternion,UnityEngine.Vector3,UnityEngine.Material,System.Collections.Generic.List`1<UnityEngine.Renderer>) (at Assets/Scripts/Arena/Visuals/CharacterVisualBuilder.cs:340)
QuizBattle.Arena.Visuals.CharacterVisualBuilder:BuildAegis (UnityEngine.Transform,QuizBattle.Characters.CharacterVisual&,System.Collections.Generic.List`1<UnityEngine.Renderer>,QuizBattle.Arena.Visuals.TokenIdleAnimator) (at Assets/Scripts/Arena/Visuals/CharacterVisualBuilder.cs:132)
QuizBattle.Arena.Visuals.CharacterVisualBuilder:Build (QuizBattle.Characters.CharacterVisual&,UnityEngine.Transform) (at Assets/Scripts/Arena/Visuals/CharacterVisualBuilder.cs:32)
QuizBattle.Arena.CharacterToken:Create (string,QuizBattle.Characters.CharacterVisual&,UnityEngine.Vector3) (at Assets/Scripts/Arena/CharacterToken.cs:54)
QuizBattle.GameState.GameManager:RunAutoPlayMatch (int,int) (at Assets/Scripts/GameState/GameManager.cs:76)
CaptureCurrentArena:Capture () (at Assets/Editor/CaptureCurrentArena.cs:22)

[Assets/Scripts/GameState/GameManager.cs line 76]

ExhaustR: Destroy may not be called from edit mode! Use DestroyImmediate instead.
Destroying an object in edit mode destroys it permanently
UnityEngine.Debug:ExtractStackTraceNoAlloc (byte*,int,string)
UnityEngine.StackTraceUtility:ExtractStackTrace ()
UnityEngine.Object:Destroy (UnityEngine.Object,single)
UnityEngine.Object:Destroy (UnityEngine.Object)
QuizBattle.Arena.Visuals.CharacterVisualBuilder:CreatePrimitivePart (UnityEngine.Transform,string,UnityEngine.PrimitiveType,UnityEngine.Vector3,UnityEngine.Quaternion,UnityEngine.Vector3,UnityEngine.Material,System.Collections.Generic.List`1<UnityEngine.Renderer>) (at Assets/Scripts/Arena/Visuals/CharacterVisualBuilder.cs:340)
QuizBattle.Arena.Visuals.CharacterVisualBuilder:BuildAegis (UnityEngine.Transform,QuizBattle.Characters.CharacterVisual&,System.Collections.Generic.List`1<UnityEngine.Renderer>,QuizBattle.Arena.Visuals.TokenIdleAnimator) (at Assets/Scripts/Arena/Visuals/CharacterVisualBuilder.cs:133)
QuizBattle.Arena.Visuals.CharacterVisualBuilder:Build (QuizBattle.Characters.CharacterVisual&,UnityEngine.Transform) (at Assets/Scripts/Arena/Visuals/CharacterVisualBuilder.cs:32)
QuizBattle.Arena.CharacterToken:Create (string,QuizBattle.Characters.CharacterVisual&,UnityEngine.Vector3) (at Assets/Scripts/Arena/CharacterToken.cs:54)
QuizBattle.GameState.GameManager:RunAutoPlayMatch (int,int) (at Assets/Scripts/GameState/GameManager.cs:76)
CaptureCurrentArena:Capture () (at Assets/Editor/CaptureCurrentArena.cs:22)

[Assets/Scripts/GameState/GameManager.cs line 76]

Head: Destroy may not be called from edit mode! Use DestroyImmediate instead.
Destroying an object in edit mode destroys it permanently
UnityEngine.Debug:ExtractStackTraceNoAlloc (byte*,int,string)
UnityEngine.StackTraceUtility:ExtractStackTrace ()
UnityEngine.Object:Destroy (UnityEngine.Object,single)
UnityEngine.Object:Destroy (UnityEngine.Object)
QuizBattle.Arena.Visuals.CharacterVisualBuilder:CreatePrimitivePart (UnityEngine.Transform,string,UnityEngine.PrimitiveType,UnityEngine.Vector3,UnityEngine.Quaternion,UnityEngine.Vector3,UnityEngine.Material,System.Collections.Generic.List`1<UnityEngine.Renderer>) (at Assets/Scripts/Arena/Visuals/CharacterVisualBuilder.cs:340)
QuizBattle.Arena.Visuals.CharacterVisualBuilder:BuildAegis (UnityEngine.Transform,QuizBattle.Characters.CharacterVisual&,System.Collections.Generic.List`1<UnityEngine.Renderer>,QuizBattle.Arena.Visuals.TokenIdleAnimator) (at Assets/Scripts/Arena/Visuals/CharacterVisualBuilder.cs:136)
QuizBattle.Arena.Visuals.CharacterVisualBuilder:Build (QuizBattle.Characters.CharacterVisual&,UnityEngine.Transform) (at Assets/Scripts/Arena/Visuals/CharacterVisualBuilder.cs:32)
QuizBattle.Arena.CharacterToken:Create (string,QuizBattle.Characters.CharacterVisual&,UnityEngine.Vector3) (at Assets/Scripts/Arena/CharacterToken.cs:54)
QuizBattle.GameState.GameManager:RunAutoPlayMatch (int,int) (at Assets/Scripts/GameState/GameManager.cs:76)
CaptureCurrentArena:Capture () (at Assets/Editor/CaptureCurrentArena.cs:22)

[Assets/Scripts/GameState/GameManager.cs line 76]

HeadPlate: Destroy may not be called from edit mode! Use DestroyImmediate instead.
Destroying an object in edit mode destroys it permanently
UnityEngine.Debug:ExtractStackTraceNoAlloc (byte*,int,string)
UnityEngine.StackTraceUtility:ExtractStackTrace ()
UnityEngine.Object:Destroy (UnityEngine.Object,single)
UnityEngine.Object:Destroy (UnityEngine.Object)
QuizBattle.Arena.Visuals.CharacterVisualBuilder:CreatePrimitivePart (UnityEngine.Transform,string,UnityEngine.PrimitiveType,UnityEngine.Vector3,UnityEngine.Quaternion,UnityEngine.Vector3,UnityEngine.Material,System.Collections.Generic.List`1<UnityEngine.Renderer>) (at Assets/Scripts/Arena/Visuals/CharacterVisualBuilder.cs:340)
QuizBattle.Arena.Visuals.CharacterVisualBuilder:BuildAegis (UnityEngine.Transform,QuizBattle.Characters.CharacterVisual&,System.Collections.Generic.List`1<UnityEngine.Renderer>,QuizBattle.Arena.Visuals.TokenIdleAnimator) (at Assets/Scripts/Arena/Visuals/CharacterVisualBuilder.cs:137)
QuizBattle.Arena.Visuals.CharacterVisualBuilder:Build (QuizBattle.Characters.CharacterVisual&,UnityEngine.Transform) (at Assets/Scripts/Arena/Visuals/CharacterVisualBuilder.cs:32)
QuizBattle.Arena.CharacterToken:Create (string,QuizBattle.Characters.CharacterVisual&,UnityEngine.Vector3) (at Assets/Scripts/Arena/CharacterToken.cs:54)
QuizBattle.GameState.GameManager:RunAutoPlayMatch (int,int) (at Assets/Scripts/GameState/GameManager.cs:76)
CaptureCurrentArena:Capture () (at Assets/Editor/CaptureCurrentArena.cs:22)

[Assets/Scripts/GameState/GameManager.cs line 76]

CyanVisor: Destroy may not be called from edit mode! Use DestroyImmediate instead.
Destroying an object in edit mode destroys it permanently
UnityEngine.Debug:ExtractStackTraceNoAlloc (byte*,int,string)
UnityEngine.StackTraceUtility:ExtractStackTrace ()
UnityEngine.Object:Destroy (UnityEngine.Object,single)
UnityEngine.Object:Destroy (UnityEngine.Object)
QuizBattle.Arena.Visuals.CharacterVisualBuilder:CreatePrimitivePart (UnityEngine.Transform,string,UnityEngine.PrimitiveType,UnityEngine.Vector3,UnityEngine.Quaternion,UnityEngine.Vector3,UnityEngine.Material,System.Collections.Generic.List`1<UnityEngine.Renderer>) (at Assets/Scripts/Arena/Visuals/CharacterVisualBuilder.cs:340)
QuizBattle.Arena.Visuals.CharacterVisualBuilder:BuildAegis (UnityEngine.Transform,QuizBattle.Characters.CharacterVisual&,System.Collections.Generic.List`1<UnityEngine.Renderer>,QuizBattle.Arena.Visuals.TokenIdleAnimator) (at Assets/Scripts/Arena/Visuals/CharacterVisualBuilder.cs:138)
QuizBattle.Arena.Visuals.CharacterVisualBuilder:Build (QuizBattle.Characters.CharacterVisual&,UnityEngine.Transform) (at Assets/Scripts/Arena/Visuals/CharacterVisualBuilder.cs:32)
QuizBattle.Arena.CharacterToken:Create (string,QuizBattle.Characters.CharacterVisual&,UnityEngine.Vector3) (at Assets/Scripts/Arena/CharacterToken.cs:54)
QuizBattle.GameState.GameManager:RunAutoPlayMatch (int,int) (at Assets/Scripts/GameState/GameManager.cs:76)
CaptureCurrentArena:Capture () (at Assets/Editor/CaptureCurrentArena.cs:22)

[Assets/Scripts/GameState/GameManager.cs line 76]

PauldronsL: Destroy may not be called from edit mode! Use DestroyImmediate instead.
Destroying an object in edit mode destroys it permanently
UnityEngine.Debug:ExtractStackTraceNoAlloc (byte*,int,string)
UnityEngine.StackTraceUtility:ExtractStackTrace ()
UnityEngine.Object:Destroy (UnityEngine.Object,single)
UnityEngine.Object:Destroy (UnityEngine.Object)
QuizBattle.Arena.Visuals.CharacterVisualBuilder:CreatePrimitivePart (UnityEngine.Transform,string,UnityEngine.PrimitiveType,UnityEngine.Vector3,UnityEngine.Quaternion,UnityEngine.Vector3,UnityEngine.Material,System.Collections.Generic.List`1<UnityEngine.Renderer>) (at Assets/Scripts/Arena/Visuals/CharacterVisualBuilder.cs:340)
QuizBattle.Arena.Visuals.CharacterVisualBuilder:BuildAegis (UnityEngine.Transform,QuizBattle.Characters.CharacterVisual&,System.Collections.Generic.List`1<UnityEngine.Renderer>,QuizBattle.Arena.Visuals.TokenIdleAnimator) (at Assets/Scripts/Arena/Visuals/CharacterVisualBuilder.cs:141)
QuizBattle.Arena.Visuals.CharacterVisualBuilder:Build (QuizBattle.Characters.CharacterVisual&,UnityEngine.Transform) (at Assets/Scripts/Arena/Visuals/CharacterVisualBuilder.cs:32)
QuizBattle.Arena.CharacterToken:Create (string,QuizBattle.Characters.CharacterVisual&,UnityEngine.Vector3) (at Assets/Scripts/Arena/CharacterToken.cs:54)
QuizBattle.GameState.GameManager:RunAutoPlayMatch (int,int) (at Assets/Scripts/GameState/GameManager.cs:76)
CaptureCurrentArena:Capture () (at Assets/Editor/CaptureCurrentArena.cs:22)

[Assets/Scripts/GameState/GameManager.cs line 76]

PauldronsR: Destroy may not be called from edit mode! Use DestroyImmediate instead.
Destroying an object in edit mode destroys it permanently
UnityEngine.Debug:ExtractStackTraceNoAlloc (byte*,int,string)
UnityEngine.StackTraceUtility:ExtractStackTrace ()
UnityEngine.Object:Destroy (UnityEngine.Object,single)
UnityEngine.Object:Destroy (UnityEngine.Object)
QuizBattle.Arena.Visuals.CharacterVisualBuilder:CreatePrimitivePart (UnityEngine.Transform,string,UnityEngine.PrimitiveType,UnityEngine.Vector3,UnityEngine.Quaternion,UnityEngine.Vector3,UnityEngine.Material,System.Collections.Generic.List`1<UnityEngine.Renderer>) (at Assets/Scripts/Arena/Visuals/CharacterVisualBuilder.cs:340)
QuizBattle.Arena.Visuals.CharacterVisualBuilder:BuildAegis (UnityEngine.Transform,QuizBattle.Characters.CharacterVisual&,System.Collections.Generic.List`1<UnityEngine.Renderer>,QuizBattle.Arena.Visuals.TokenIdleAnimator) (at Assets/Scripts/Arena/Visuals/CharacterVisualBuilder.cs:142)
QuizBattle.Arena.Visuals.CharacterVisualBuilder:Build (QuizBattle.Characters.CharacterVisual&,UnityEngine.Transform) (at Assets/Scripts/Arena/Visuals/CharacterVisualBuilder.cs:32)
QuizBattle.Arena.CharacterToken:Create (string,QuizBattle.Characters.CharacterVisual&,UnityEngine.Vector3) (at Assets/Scripts/Arena/CharacterToken.cs:54)
QuizBattle.GameState.GameManager:RunAutoPlayMatch (int,int) (at Assets/Scripts/GameState/GameManager.cs:76)
CaptureCurrentArena:Capture () (at Assets/Editor/CaptureCurrentArena.cs:22)

[Assets/Scripts/GameState/GameManager.cs line 76]

ArmL: Destroy may not be called from edit mode! Use DestroyImmediate instead.
Destroying an object in edit mode destroys it permanently
UnityEngine.Debug:ExtractStackTraceNoAlloc (byte*,int,string)
UnityEngine.StackTraceUtility:ExtractStackTrace ()
UnityEngine.Object:Destroy (UnityEngine.Object,single)
UnityEngine.Object:Destroy (UnityEngine.Object)
QuizBattle.Arena.Visuals.CharacterVisualBuilder:CreatePrimitivePart (UnityEngine.Transform,string,UnityEngine.PrimitiveType,UnityEngine.Vector3,UnityEngine.Quaternion,UnityEngine.Vector3,UnityEngine.Material,System.Collections.Generic.List`1<UnityEngine.Renderer>) (at Assets/Scripts/Arena/Visuals/CharacterVisualBuilder.cs:340)
QuizBattle.Arena.Visuals.CharacterVisualBuilder:BuildAegis (UnityEngine.Transform,QuizBattle.Characters.CharacterVisual&,System.Collections.Generic.List`1<UnityEngine.Renderer>,QuizBattle.Arena.Visuals.TokenIdleAnimator) (at Assets/Scripts/Arena/Visuals/CharacterVisualBuilder.cs:145)
QuizBattle.Arena.Visuals.CharacterVisualBuilder:Build (QuizBattle.Characters.CharacterVisual&,UnityEngine.Transform) (at Assets/Scripts/Arena/Visuals/CharacterVisualBuilder.cs:32)
QuizBattle.Arena.CharacterToken:Create (string,QuizBattle.Characters.CharacterVisual&,UnityEngine.Vector3) (at Assets/Scripts/Arena/CharacterToken.cs:54)
QuizBattle.GameState.GameManager:RunAutoPlayMatch (int,int) (at Assets/Scripts/GameState/GameManager.cs:76)
CaptureCurrentArena:Capture () (at Assets/Editor/CaptureCurrentArena.cs:22)

[Assets/Scripts/GameState/GameManager.cs line 76]

ArmR: Destroy may not be called from edit mode! Use DestroyImmediate instead.
Destroying an object in edit mode destroys it permanently
UnityEngine.Debug:ExtractStackTraceNoAlloc (byte*,int,string)
UnityEngine.StackTraceUtility:ExtractStackTrace ()
UnityEngine.Object:Destroy (UnityEngine.Object,single)
UnityEngine.Object:Destroy (UnityEngine.Object)
QuizBattle.Arena.Visuals.CharacterVisualBuilder:CreatePrimitivePart (UnityEngine.Transform,string,UnityEngine.PrimitiveType,UnityEngine.Vector3,UnityEngine.Quaternion,UnityEngine.Vector3,UnityEngine.Material,System.Collections.Generic.List`1<UnityEngine.Renderer>) (at Assets/Scripts/Arena/Visuals/CharacterVisualBuilder.cs:340)
QuizBattle.Arena.Visuals.CharacterVisualBuilder:BuildAegis (UnityEngine.Transform,QuizBattle.Characters.CharacterVisual&,System.Collections.Generic.List`1<UnityEngine.Renderer>,QuizBattle.Arena.Visuals.TokenIdleAnimator) (at Assets/Scripts/Arena/Visuals/CharacterVisualBuilder.cs:146)
QuizBattle.Arena.Visuals.CharacterVisualBuilder:Build (QuizBattle.Characters.CharacterVisual&,UnityEngine.Transform) (at Assets/Scripts/Arena/Visuals/CharacterVisualBuilder.cs:32)
QuizBattle.Arena.CharacterToken:Create (string,QuizBattle.Characters.CharacterVisual&,UnityEngine.Vector3) (at Assets/Scripts/Arena/CharacterToken.cs:54)
QuizBattle.GameState.GameManager:RunAutoPlayMatch (int,int) (at Assets/Scripts/GameState/GameManager.cs:76)
CaptureCurrentArena:Capture () (at Assets/Editor/CaptureCurrentArena.cs:22)

[Assets/Scripts/GameState/GameManager.cs line 76]

ShieldPlate: Destroy may not be called from edit mode! Use DestroyImmediate instead.
Destroying an object in edit mode destroys it permanently
UnityEngine.Debug:ExtractStackTraceNoAlloc (byte*,int,string)
UnityEngine.StackTraceUtility:ExtractStackTrace ()
UnityEngine.Object:Destroy (UnityEngine.Object,single)
UnityEngine.Object:Destroy (UnityEngine.Object)
QuizBattle.Arena.Visuals.CharacterVisualBuilder:CreatePrimitivePart (UnityEngine.Transform,string,UnityEngine.PrimitiveType,UnityEngine.Vector3,UnityEngine.Quaternion,UnityEngine.Vector3,UnityEngine.Material,System.Collections.Generic.List`1<UnityEngine.Renderer>) (at Assets/Scripts/Arena/Visuals/CharacterVisualBuilder.cs:340)
QuizBattle.Arena.Visuals.CharacterVisualBuilder:BuildAegis (UnityEngine.Transform,QuizBattle.Characters.CharacterVisual&,System.Collections.Generic.List`1<UnityEngine.Renderer>,QuizBattle.Arena.Visuals.TokenIdleAnimator) (at Assets/Scripts/Arena/Visuals/CharacterVisualBuilder.cs:153)
QuizBattle.Arena.Visuals.CharacterVisualBuilder:Build (QuizBattle.Characters.CharacterVisual&,UnityEngine.Transform) (at Assets/Scripts/Arena/Visuals/CharacterVisualBuilder.cs:32)
QuizBattle.Arena.CharacterToken:Create (string,QuizBattle.Characters.CharacterVisual&,UnityEngine.Vector3) (at Assets/Scripts/Arena/CharacterToken.cs:54)
QuizBattle.GameState.GameManager:RunAutoPlayMatch (int,int) (at Assets/Scripts/GameState/GameManager.cs:76)
CaptureCurrentArena:Capture () (at Assets/Editor/CaptureCurrentArena.cs:22)

[Assets/Scripts/GameState/GameManager.cs line 76]

ShieldCore: Destroy may not be called from edit mode! Use DestroyImmediate instead.
Destroying an object in edit mode destroys it permanently
UnityEngine.Debug:ExtractStackTraceNoAlloc (byte*,int,string)
UnityEngine.StackTraceUtility:ExtractStackTrace ()
UnityEngine.Object:Destroy (UnityEngine.Object,single)
UnityEngine.Object:Destroy (UnityEngine.Object)
QuizBattle.Arena.Visuals.CharacterVisualBuilder:CreatePrimitivePart (UnityEngine.Transform,string,UnityEngine.PrimitiveType,UnityEngine.Vector3,UnityEngine.Quaternion,UnityEngine.Vector3,UnityEngine.Material,System.Collections.Generic.List`1<UnityEngine.Renderer>) (at Assets/Scripts/Arena/Visuals/CharacterVisualBuilder.cs:340)
QuizBattle.Arena.Visuals.CharacterVisualBuilder:BuildAegis (UnityEngine.Transform,QuizBattle.Characters.CharacterVisual&,System.Collections.Generic.List`1<UnityEngine.Renderer>,QuizBattle.Arena.Visuals.TokenIdleAnimator) (at Assets/Scripts/Arena/Visuals/CharacterVisualBuilder.cs:154)
QuizBattle.Arena.Visuals.CharacterVisualBuilder:Build (QuizBattle.Characters.CharacterVisual&,UnityEngine.Transform) (at Assets/Scripts/Arena/Visuals/CharacterVisualBuilder.cs:32)
QuizBattle.Arena.CharacterToken:Create (string,QuizBattle.Characters.CharacterVisual&,UnityEngine.Vector3) (at Assets/Scripts/Arena/CharacterToken.cs:54)
QuizBattle.GameState.GameManager:RunAutoPlayMatch (int,int) (at Assets/Scripts/GameState/GameManager.cs:76)
CaptureCurrentArena:Capture () (at Assets/Editor/CaptureCurrentArena.cs:22)

[Assets/Scripts/GameState/GameManager.cs line 76]

PowerFist: Destroy may not be called from edit mode! Use DestroyImmediate instead.
Destroying an object in edit mode destroys it permanently
UnityEngine.Debug:ExtractStackTraceNoAlloc (byte*,int,string)
UnityEngine.StackTraceUtility:ExtractStackTrace ()
UnityEngine.Object:Destroy (UnityEngine.Object,single)
UnityEngine.Object:Destroy (UnityEngine.Object)
QuizBattle.Arena.Visuals.CharacterVisualBuilder:CreatePrimitivePart (UnityEngine.Transform,string,UnityEngine.PrimitiveType,UnityEngine.Vector3,UnityEngine.Quaternion,UnityEngine.Vector3,UnityEngine.Material,System.Collections.Generic.List`1<UnityEngine.Renderer>) (at Assets/Scripts/Arena/Visuals/CharacterVisualBuilder.cs:340)
QuizBattle.Arena.Visuals.CharacterVisualBuilder:BuildAegis (UnityEngine.Transform,QuizBattle.Characters.CharacterVisual&,System.Collections.Generic.List`1<UnityEngine.Renderer>,QuizBattle.Arena.Visuals.TokenIdleAnimator) (at Assets/Scripts/Arena/Visuals/CharacterVisualBuilder.cs:158)
QuizBattle.Arena.Visuals.CharacterVisualBuilder:Build (QuizBattle.Characters.CharacterVisual&,UnityEngine.Transform) (at Assets/Scripts/Arena/Visuals/CharacterVisualBuilder.cs:32)
QuizBattle.Arena.CharacterToken:Create (string,QuizBattle.Characters.CharacterVisual&,UnityEngine.Vector3) (at Assets/Scripts/Arena/CharacterToken.cs:54)
QuizBattle.GameState.GameManager:RunAutoPlayMatch (int,int) (at Assets/Scripts/GameState/GameManager.cs:76)
CaptureCurrentArena:Capture () (at Assets/Editor/CaptureCurrentArena.cs:22)

[Assets/Scripts/GameState/GameManager.cs line 76]

LegL: Destroy may not be called from edit mode! Use DestroyImmediate instead.
Destroying an object in edit mode destroys it permanently
UnityEngine.Debug:ExtractStackTraceNoAlloc (byte*,int,string)
UnityEngine.StackTraceUtility:ExtractStackTrace ()
UnityEngine.Object:Destroy (UnityEngine.Object,single)
UnityEngine.Object:Destroy (UnityEngine.Object)
QuizBattle.Arena.Visuals.CharacterVisualBuilder:CreatePrimitivePart (UnityEngine.Transform,string,UnityEngine.PrimitiveType,UnityEngine.Vector3,UnityEngine.Quaternion,UnityEngine.Vector3,UnityEngine.Material,System.Collections.Generic.List`1<UnityEngine.Renderer>) (at Assets/Scripts/Arena/Visuals/CharacterVisualBuilder.cs:340)
QuizBattle.Arena.Visuals.CharacterVisualBuilder:BuildAegis (UnityEngine.Transform,QuizBattle.Characters.CharacterVisual&,System.Collections.Generic.List`1<UnityEngine.Renderer>,QuizBattle.Arena.Visuals.TokenIdleAnimator) (at Assets/Scripts/Arena/Visuals/CharacterVisualBuilder.cs:161)
QuizBattle.Arena.Visuals.CharacterVisualBuilder:Build (QuizBattle.Characters.CharacterVisual&,UnityEngine.Transform) (at Assets/Scripts/Arena/Visuals/CharacterVisualBuilder.cs:32)
QuizBattle.Arena.CharacterToken:Create (string,QuizBattle.Characters.CharacterVisual&,UnityEngine.Vector3) (at Assets/Scripts/Arena/CharacterToken.cs:54)
QuizBattle.GameState.GameManager:RunAutoPlayMatch (int,int) (at Assets/Scripts/GameState/GameManager.cs:76)
CaptureCurrentArena:Capture () (at Assets/Editor/CaptureCurrentArena.cs:22)

[Assets/Scripts/GameState/GameManager.cs line 76]

LegR: Destroy may not be called from edit mode! Use DestroyImmediate instead.
Destroying an object in edit mode destroys it permanently
UnityEngine.Debug:ExtractStackTraceNoAlloc (byte*,int,string)
UnityEngine.StackTraceUtility:ExtractStackTrace ()
UnityEngine.Object:Destroy (UnityEngine.Object,single)
UnityEngine.Object:Destroy (UnityEngine.Object)
QuizBattle.Arena.Visuals.CharacterVisualBuilder:CreatePrimitivePart (UnityEngine.Transform,string,UnityEngine.PrimitiveType,UnityEngine.Vector3,UnityEngine.Quaternion,UnityEngine.Vector3,UnityEngine.Material,System.Collections.Generic.List`1<UnityEngine.Renderer>) (at Assets/Scripts/Arena/Visuals/CharacterVisualBuilder.cs:340)
QuizBattle.Arena.Visuals.CharacterVisualBuilder:BuildAegis (UnityEngine.Transform,QuizBattle.Characters.CharacterVisual&,System.Collections.Generic.List`1<UnityEngine.Renderer>,QuizBattle.Arena.Visuals.TokenIdleAnimator) (at Assets/Scripts/Arena/Visuals/CharacterVisualBuilder.cs:162)
QuizBattle.Arena.Visuals.CharacterVisualBuilder:Build (QuizBattle.Characters.CharacterVisual&,UnityEngine.Transform) (at Assets/Scripts/Arena/Visuals/CharacterVisualBuilder.cs:32)
QuizBattle.Arena.CharacterToken:Create (string,QuizBattle.Characters.CharacterVisual&,UnityEngine.Vector3) (at Assets/Scripts/Arena/CharacterToken.cs:54)
QuizBattle.GameState.GameManager:RunAutoPlayMatch (int,int) (at Assets/Scripts/GameState/GameManager.cs:76)
CaptureCurrentArena:Capture () (at Assets/Editor/CaptureCurrentArena.cs:22)

[Assets/Scripts/GameState/GameManager.cs line 76]

FootL: Destroy may not be called from edit mode! Use DestroyImmediate instead.
Destroying an object in edit mode destroys it permanently
UnityEngine.Debug:ExtractStackTraceNoAlloc (byte*,int,string)
UnityEngine.StackTraceUtility:ExtractStackTrace ()
UnityEngine.Object:Destroy (UnityEngine.Object,single)
UnityEngine.Object:Destroy (UnityEngine.Object)
QuizBattle.Arena.Visuals.CharacterVisualBuilder:CreatePrimitivePart (UnityEngine.Transform,string,UnityEngine.PrimitiveType,UnityEngine.Vector3,UnityEngine.Quaternion,UnityEngine.Vector3,UnityEngine.Material,System.Collections.Generic.List`1<UnityEngine.Renderer>) (at Assets/Scripts/Arena/Visuals/CharacterVisualBuilder.cs:340)
QuizBattle.Arena.Visuals.CharacterVisualBuilder:BuildAegis (UnityEngine.Transform,QuizBattle.Characters.CharacterVisual&,System.Collections.Generic.List`1<UnityEngine.Renderer>,QuizBattle.Arena.Visuals.TokenIdleAnimator) (at Assets/Scripts/Arena/Visuals/CharacterVisualBuilder.cs:163)
QuizBattle.Arena.Visuals.CharacterVisualBuilder:Build (QuizBattle.Characters.CharacterVisual&,UnityEngine.Transform) (at Assets/Scripts/Arena/Visuals/CharacterVisualBuilder.cs:32)
QuizBattle.Arena.CharacterToken:Create (string,QuizBattle.Characters.CharacterVisual&,UnityEngine.Vector3) (at Assets/Scripts/Arena/CharacterToken.cs:54)
QuizBattle.GameState.GameManager:RunAutoPlayMatch (int,int) (at Assets/Scripts/GameState/GameManager.cs:76)
CaptureCurrentArena:Capture () (at Assets/Editor/CaptureCurrentArena.cs:22)

[Assets/Scripts/GameState/GameManager.cs line 76]

FootR: Destroy may not be called from edit mode! Use DestroyImmediate instead.
Destroying an object in edit mode destroys it permanently
UnityEngine.Debug:ExtractStackTraceNoAlloc (byte*,int,string)
UnityEngine.StackTraceUtility:ExtractStackTrace ()
UnityEngine.Object:Destroy (UnityEngine.Object,single)
UnityEngine.Object:Destroy (UnityEngine.Object)
QuizBattle.Arena.Visuals.CharacterVisualBuilder:CreatePrimitivePart (UnityEngine.Transform,string,UnityEngine.PrimitiveType,UnityEngine.Vector3,UnityEngine.Quaternion,UnityEngine.Vector3,UnityEngine.Material,System.Collections.Generic.List`1<UnityEngine.Renderer>) (at Assets/Scripts/Arena/Visuals/CharacterVisualBuilder.cs:340)
QuizBattle.Arena.Visuals.CharacterVisualBuilder:BuildAegis (UnityEngine.Transform,QuizBattle.Characters.CharacterVisual&,System.Collections.Generic.List`1<UnityEngine.Renderer>,QuizBattle.Arena.Visuals.TokenIdleAnimator) (at Assets/Scripts/Arena/Visuals/CharacterVisualBuilder.cs:164)
QuizBattle.Arena.Visuals.CharacterVisualBuilder:Build (QuizBattle.Characters.CharacterVisual&,UnityEngine.Transform) (at Assets/Scripts/Arena/Visuals/CharacterVisualBuilder.cs:32)
QuizBattle.Arena.CharacterToken:Create (string,QuizBattle.Characters.CharacterVisual&,UnityEngine.Vector3) (at Assets/Scripts/Arena/CharacterToken.cs:54)
QuizBattle.GameState.GameManager:RunAutoPlayMatch (int,int) (at Assets/Scripts/GameState/GameManager.cs:76)
CaptureCurrentArena:Capture () (at Assets/Editor/CaptureCurrentArena.cs:22)

[Assets/Scripts/GameState/GameManager.cs line 76]

BlobShadow: Destroy may not be called from edit mode! Use DestroyImmediate instead.
Destroying an object in edit mode destroys it permanently
UnityEngine.Debug:ExtractStackTraceNoAlloc (byte*,int,string)
UnityEngine.StackTraceUtility:ExtractStackTrace ()
UnityEngine.Object:Destroy (UnityEngine.Object,single)
UnityEngine.Object:Destroy (UnityEngine.Object)
QuizBattle.Arena.Visuals.CharacterVisualBuilder:CreatePrimitivePart (UnityEngine.Transform,string,UnityEngine.PrimitiveType,UnityEngine.Vector3,UnityEngine.Quaternion,UnityEngine.Vector3,UnityEngine.Material,System.Collections.Generic.List`1<UnityEngine.Renderer>) (at Assets/Scripts/Arena/Visuals/CharacterVisualBuilder.cs:340)
QuizBattle.Arena.Visuals.CharacterVisualBuilder:AddGroundDisc (UnityEngine.Transform,UnityEngine.Color,System.Collections.Generic.List`1<UnityEngine.Renderer>,single) (at Assets/Scripts/Arena/Visuals/CharacterVisualBuilder.cs:307)
QuizBattle.Arena.Visuals.CharacterVisualBuilder:BuildAegis (UnityEngine.Transform,QuizBattle.Characters.CharacterVisual&,System.Collections.Generic.List`1<UnityEngine.Renderer>,QuizBattle.Arena.Visuals.TokenIdleAnimator) (at Assets/Scripts/Arena/Visuals/CharacterVisualBuilder.cs:166)
QuizBattle.Arena.Visuals.CharacterVisualBuilder:Build (QuizBattle.Characters.CharacterVisual&,UnityEngine.Transform) (at Assets/Scripts/Arena/Visuals/CharacterVisualBuilder.cs:32)
QuizBattle.Arena.CharacterToken:Create (string,QuizBattle.Characters.CharacterVisual&,UnityEngine.Vector3) (at Assets/Scripts/Arena/CharacterToken.cs:54)
QuizBattle.GameState.GameManager:RunAutoPlayMatch (int,int) (at Assets/Scripts/GameState/GameManager.cs:76)
CaptureCurrentArena:Capture () (at Assets/Editor/CaptureCurrentArena.cs:22)

[Assets/Scripts/GameState/GameManager.cs line 76]

Instantiating material due to calling renderer.material during edit mode. This will leak materials into the scene. You most likely want to use renderer.sharedMaterial instead.
UnityEngine.Debug:ExtractStackTraceNoAlloc (byte*,int,string)
UnityEngine.StackTraceUtility:ExtractStackTrace ()
UnityEngine.Renderer:GetMaterial ()
UnityEngine.Renderer:get_material ()
TMPro.TextMeshPro:SetOutlineThickness (single) (at ./Library/PackageCache/com.unity.ugui@67707a67a4ab/Runtime/TMP/TextMeshPro.cs:1318)
TMPro.TMP_Text:set_outlineWidth (single) (at ./Library/PackageCache/com.unity.ugui@67707a67a4ab/Runtime/TMP/TMP_Text.cs:450)
QuizBattle.Arena.CharacterToken:CreateNameLabel (UnityEngine.Transform) (at Assets/Scripts/Arena/CharacterToken.cs:139)
QuizBattle.Arena.CharacterToken:Create (string,QuizBattle.Characters.CharacterVisual&,UnityEngine.Vector3) (at Assets/Scripts/Arena/CharacterToken.cs:61)
QuizBattle.GameState.GameManager:RunAutoPlayMatch (int,int) (at Assets/Scripts/GameState/GameManager.cs:76)
CaptureCurrentArena:Capture () (at Assets/Editor/CaptureCurrentArena.cs:22)

[Assets/Scripts/GameState/GameManager.cs line 76]

HpBarFrame: Destroy may not be called from edit mode! Use DestroyImmediate instead.
Destroying an object in edit mode destroys it permanently
UnityEngine.Debug:ExtractStackTraceNoAlloc (byte*,int,string)
UnityEngine.StackTraceUtility:ExtractStackTrace ()
UnityEngine.Object:Destroy (UnityEngine.Object,single)
UnityEngine.Object:Destroy (UnityEngine.Object)
QuizBattle.Arena.CharacterToken:CreateHpBar (UnityEngine.Transform,UnityEngine.Color) (at Assets/Scripts/Arena/CharacterToken.cs:155)
QuizBattle.Arena.CharacterToken:Create (string,QuizBattle.Characters.CharacterVisual&,UnityEngine.Vector3) (at Assets/Scripts/Arena/CharacterToken.cs:62)
QuizBattle.GameState.GameManager:RunAutoPlayMatch (int,int) (at Assets/Scripts/GameState/GameManager.cs:76)
CaptureCurrentArena:Capture () (at Assets/Editor/CaptureCurrentArena.cs:22)

[Assets/Scripts/GameState/GameManager.cs line 76]

HpBarBg: Destroy may not be called from edit mode! Use DestroyImmediate instead.
Destroying an object in edit mode destroys it permanently
UnityEngine.Debug:ExtractStackTraceNoAlloc (byte*,int,string)
UnityEngine.StackTraceUtility:ExtractStackTrace ()
UnityEngine.Object:Destroy (UnityEngine.Object,single)
UnityEngine.Object:Destroy (UnityEngine.Object)
QuizBattle.Arena.CharacterToken:CreateHpBar (UnityEngine.Transform,UnityEngine.Color) (at Assets/Scripts/Arena/CharacterToken.cs:174)
QuizBattle.Arena.CharacterToken:Create (string,QuizBattle.Characters.CharacterVisual&,UnityEngine.Vector3) (at Assets/Scripts/Arena/CharacterToken.cs:62)
QuizBattle.GameState.GameManager:RunAutoPlayMatch (int,int) (at Assets/Scripts/GameState/GameManager.cs:76)
CaptureCurrentArena:Capture () (at Assets/Editor/CaptureCurrentArena.cs:22)

[Assets/Scripts/GameState/GameManager.cs line 76]

HpBarFill: Destroy may not be called from edit mode! Use DestroyImmediate instead.
Destroying an object in edit mode destroys it permanently
UnityEngine.Debug:ExtractStackTraceNoAlloc (byte*,int,string)
UnityEngine.StackTraceUtility:ExtractStackTrace ()
UnityEngine.Object:Destroy (UnityEngine.Object,single)
UnityEngine.Object:Destroy (UnityEngine.Object)
QuizBattle.Arena.CharacterToken:CreateHpBar (UnityEngine.Transform,UnityEngine.Color) (at Assets/Scripts/Arena/CharacterToken.cs:197)
QuizBattle.Arena.CharacterToken:Create (string,QuizBattle.Characters.CharacterVisual&,UnityEngine.Vector3) (at Assets/Scripts/Arena/CharacterToken.cs:62)
QuizBattle.GameState.GameManager:RunAutoPlayMatch (int,int) (at Assets/Scripts/GameState/GameManager.cs:76)
CaptureCurrentArena:Capture () (at Assets/Editor/CaptureCurrentArena.cs:22)

[Assets/Scripts/GameState/GameManager.cs line 76]

MainIceCube: Destroy may not be called from edit mode! Use DestroyImmediate instead.
Destroying an object in edit mode destroys it permanently
UnityEngine.Debug:ExtractStackTraceNoAlloc (byte*,int,string)
UnityEngine.StackTraceUtility:ExtractStackTrace ()
UnityEngine.Object:Destroy (UnityEngine.Object,single)
UnityEngine.Object:Destroy (UnityEngine.Object)
QuizBattle.Arena.CharacterToken:CreateFrozenIndicator (UnityEngine.Transform) (at Assets/Scripts/Arena/CharacterToken.cs:96)
QuizBattle.Arena.CharacterToken:Create (string,QuizBattle.Characters.CharacterVisual&,UnityEngine.Vector3) (at Assets/Scripts/Arena/CharacterToken.cs:63)
QuizBattle.GameState.GameManager:RunAutoPlayMatch (int,int) (at Assets/Scripts/GameState/GameManager.cs:76)
CaptureCurrentArena:Capture () (at Assets/Editor/CaptureCurrentArena.cs:22)

[Assets/Scripts/GameState/GameManager.cs line 76]

IceSpike_0: Destroy may not be called from edit mode! Use DestroyImmediate instead.
Destroying an object in edit mode destroys it permanently
UnityEngine.Debug:ExtractStackTraceNoAlloc (byte*,int,string)
UnityEngine.StackTraceUtility:ExtractStackTrace ()
UnityEngine.Object:Destroy (UnityEngine.Object,single)
UnityEngine.Object:Destroy (UnityEngine.Object)
QuizBattle.Arena.CharacterToken:CreateFrozenIndicator (UnityEngine.Transform) (at Assets/Scripts/Arena/CharacterToken.cs:109)
QuizBattle.Arena.CharacterToken:Create (string,QuizBattle.Characters.CharacterVisual&,UnityEngine.Vector3) (at Assets/Scripts/Arena/CharacterToken.cs:63)
QuizBattle.GameState.GameManager:RunAutoPlayMatch (int,int) (at Assets/Scripts/GameState/GameManager.cs:76)
CaptureCurrentArena:Capture () (at Assets/Editor/CaptureCurrentArena.cs:22)

[Assets/Scripts/GameState/GameManager.cs line 76]

IceSpike_1: Destroy may not be called from edit mode! Use DestroyImmediate instead.
Destroying an object in edit mode destroys it permanently
UnityEngine.Debug:ExtractStackTraceNoAlloc (byte*,int,string)
UnityEngine.StackTraceUtility:ExtractStackTrace ()
UnityEngine.Object:Destroy (UnityEngine.Object,single)
UnityEngine.Object:Destroy (UnityEngine.Object)
QuizBattle.Arena.CharacterToken:CreateFrozenIndicator (UnityEngine.Transform) (at Assets/Scripts/Arena/CharacterToken.cs:109)
QuizBattle.Arena.CharacterToken:Create (string,QuizBattle.Characters.CharacterVisual&,UnityEngine.Vector3) (at Assets/Scripts/Arena/CharacterToken.cs:63)
QuizBattle.GameState.GameManager:RunAutoPlayMatch (int,int) (at Assets/Scripts/GameState/GameManager.cs:76)
CaptureCurrentArena:Capture () (at Assets/Editor/CaptureCurrentArena.cs:22)

[Assets/Scripts/GameState/GameManager.cs line 76]

IceSpike_2: Destroy may not be called from edit mode! Use DestroyImmediate instead.
Destroying an object in edit mode destroys it permanently
UnityEngine.Debug:ExtractStackTraceNoAlloc (byte*,int,string)
UnityEngine.StackTraceUtility:ExtractStackTrace ()
UnityEngine.Object:Destroy (UnityEngine.Object,single)
UnityEngine.Object:Destroy (UnityEngine.Object)
QuizBattle.Arena.CharacterToken:CreateFrozenIndicator (UnityEngine.Transform) (at Assets/Scripts/Arena/CharacterToken.cs:109)
QuizBattle.Arena.CharacterToken:Create (string,QuizBattle.Characters.CharacterVisual&,UnityEngine.Vector3) (at Assets/Scripts/Arena/CharacterToken.cs:63)
QuizBattle.GameState.GameManager:RunAutoPlayMatch (int,int) (at Assets/Scripts/GameState/GameManager.cs:76)
CaptureCurrentArena:Capture () (at Assets/Editor/CaptureCurrentArena.cs:22)

[Assets/Scripts/GameState/GameManager.cs line 76]

IceSpike_3: Destroy may not be called from edit mode! Use DestroyImmediate instead.
Destroying an object in edit mode destroys it permanently
UnityEngine.Debug:ExtractStackTraceNoAlloc (byte*,int,string)
UnityEngine.StackTraceUtility:ExtractStackTrace ()
UnityEngine.Object:Destroy (UnityEngine.Object,single)
UnityEngine.Object:Destroy (UnityEngine.Object)
QuizBattle.Arena.CharacterToken:CreateFrozenIndicator (UnityEngine.Transform) (at Assets/Scripts/Arena/CharacterToken.cs:109)
QuizBattle.Arena.CharacterToken:Create (string,QuizBattle.Characters.CharacterVisual&,UnityEngine.Vector3) (at Assets/Scripts/Arena/CharacterToken.cs:63)
QuizBattle.GameState.GameManager:RunAutoPlayMatch (int,int) (at Assets/Scripts/GameState/GameManager.cs:76)
CaptureCurrentArena:Capture () (at Assets/Editor/CaptureCurrentArena.cs:22)

[Assets/Scripts/GameState/GameManager.cs line 76]

FrostRing: Destroy may not be called from edit mode! Use DestroyImmediate instead.
Destroying an object in edit mode destroys it permanently
UnityEngine.Debug:ExtractStackTraceNoAlloc (byte*,int,string)
UnityEngine.StackTraceUtility:ExtractStackTrace ()
UnityEngine.Object:Destroy (UnityEngine.Object,single)
UnityEngine.Object:Destroy (UnityEngine.Object)
QuizBattle.Arena.CharacterToken:CreateFrozenIndicator (UnityEngine.Transform) (at Assets/Scripts/Arena/CharacterToken.cs:119)
QuizBattle.Arena.CharacterToken:Create (string,QuizBattle.Characters.CharacterVisual&,UnityEngine.Vector3) (at Assets/Scripts/Arena/CharacterToken.cs:63)
QuizBattle.GameState.GameManager:RunAutoPlayMatch (int,int) (at Assets/Scripts/GameState/GameManager.cs:76)
CaptureCurrentArena:Capture () (at Assets/Editor/CaptureCurrentArena.cs:22)

[Assets/Scripts/GameState/GameManager.cs line 76]

Torso: Destroy may not be called from edit mode! Use DestroyImmediate instead.
Destroying an object in edit mode destroys it permanently
UnityEngine.Debug:ExtractStackTraceNoAlloc (byte*,int,string)
UnityEngine.StackTraceUtility:ExtractStackTrace ()
UnityEngine.Object:Destroy (UnityEngine.Object,single)
UnityEngine.Object:Destroy (UnityEngine.Object)
QuizBattle.Arena.Visuals.CharacterVisualBuilder:CreatePrimitivePart (UnityEngine.Transform,string,UnityEngine.PrimitiveType,UnityEngine.Vector3,UnityEngine.Quaternion,UnityEngine.Vector3,UnityEngine.Material,System.Collections.Generic.List`1<UnityEngine.Renderer>) (at Assets/Scripts/Arena/Visuals/CharacterVisualBuilder.cs:340)
QuizBattle.Arena.Visuals.CharacterVisualBuilder:BuildBlaze (UnityEngine.Transform,QuizBattle.Characters.CharacterVisual&,System.Collections.Generic.List`1<UnityEngine.Renderer>,QuizBattle.Arena.Visuals.TokenIdleAnimator) (at Assets/Scripts/Arena/Visuals/CharacterVisualBuilder.cs:65)
QuizBattle.Arena.Visuals.CharacterVisualBuilder:Build (QuizBattle.Characters.CharacterVisual&,UnityEngine.Transform) (at Assets/Scripts/Arena/Visuals/CharacterVisualBuilder.cs:29)
QuizBattle.Arena.CharacterToken:Create (string,QuizBattle.Characters.CharacterVisual&,UnityEngine.Vector3) (at Assets/Scripts/Arena/CharacterToken.cs:54)
QuizBattle.GameState.GameManager:RunAutoPlayMatch (int,int) (at Assets/Scripts/GameState/GameManager.cs:76)
CaptureCurrentArena:Capture () (at Assets/Editor/CaptureCurrentArena.cs:22)

[Assets/Scripts/GameState/GameManager.cs line 76]

ChestPlate: Destroy may not be called from edit mode! Use DestroyImmediate instead.
Destroying an object in edit mode destroys it permanently
UnityEngine.Debug:ExtractStackTraceNoAlloc (byte*,int,string)
UnityEngine.StackTraceUtility:ExtractStackTrace ()
UnityEngine.Object:Destroy (UnityEngine.Object,single)
UnityEngine.Object:Destroy (UnityEngine.Object)
QuizBattle.Arena.Visuals.CharacterVisualBuilder:CreatePrimitivePart (UnityEngine.Transform,string,UnityEngine.PrimitiveType,UnityEngine.Vector3,UnityEngine.Quaternion,UnityEngine.Vector3,UnityEngine.Material,System.Collections.Generic.List`1<UnityEngine.Renderer>) (at Assets/Scripts/Arena/Visuals/CharacterVisualBuilder.cs:340)
QuizBattle.Arena.Visuals.CharacterVisualBuilder:BuildBlaze (UnityEngine.Transform,QuizBattle.Characters.CharacterVisual&,System.Collections.Generic.List`1<UnityEngine.Renderer>,QuizBattle.Arena.Visuals.TokenIdleAnimator) (at Assets/Scripts/Arena/Visuals/CharacterVisualBuilder.cs:66)
QuizBattle.Arena.Visuals.CharacterVisualBuilder:Build (QuizBattle.Characters.CharacterVisual&,UnityEngine.Transform) (at Assets/Scripts/Arena/Visuals/CharacterVisualBuilder.cs:29)
QuizBattle.Arena.CharacterToken:Create (string,QuizBattle.Characters.CharacterVisual&,UnityEngine.Vector3) (at Assets/Scripts/Arena/CharacterToken.cs:54)
QuizBattle.GameState.GameManager:RunAutoPlayMatch (int,int) (at Assets/Scripts/GameState/GameManager.cs:76)
CaptureCurrentArena:Capture () (at Assets/Editor/CaptureCurrentArena.cs:22)

[Assets/Scripts/GameState/GameManager.cs line 76]

CoreGem: Destroy may not be called from edit mode! Use DestroyImmediate instead.
Destroying an object in edit mode destroys it permanently
UnityEngine.Debug:ExtractStackTraceNoAlloc (byte*,int,string)
UnityEngine.StackTraceUtility:ExtractStackTrace ()
UnityEngine.Object:Destroy (UnityEngine.Object,single)
UnityEngine.Object:Destroy (UnityEngine.Object)
QuizBattle.Arena.Visuals.CharacterVisualBuilder:CreatePrimitivePart (UnityEngine.Transform,string,UnityEngine.PrimitiveType,UnityEngine.Vector3,UnityEngine.Quaternion,UnityEngine.Vector3,UnityEngine.Material,System.Collections.Generic.List`1<UnityEngine.Renderer>) (at Assets/Scripts/Arena/Visuals/CharacterVisualBuilder.cs:340)
QuizBattle.Arena.Visuals.CharacterVisualBuilder:BuildBlaze (UnityEngine.Transform,QuizBattle.Characters.CharacterVisual&,System.Collections.Generic.List`1<UnityEngine.Renderer>,QuizBattle.Arena.Visuals.TokenIdleAnimator) (at Assets/Scripts/Arena/Visuals/CharacterVisualBuilder.cs:67)
QuizBattle.Arena.Visuals.CharacterVisualBuilder:Build (QuizBattle.Characters.CharacterVisual&,UnityEngine.Transform) (at Assets/Scripts/Arena/Visuals/CharacterVisualBuilder.cs:29)
QuizBattle.Arena.CharacterToken:Create (string,QuizBattle.Characters.CharacterVisual&,UnityEngine.Vector3) (at Assets/Scripts/Arena/CharacterToken.cs:54)
QuizBattle.GameState.GameManager:RunAutoPlayMatch (int,int) (at Assets/Scripts/GameState/GameManager.cs:76)
CaptureCurrentArena:Capture () (at Assets/Editor/CaptureCurrentArena.cs:22)

[Assets/Scripts/GameState/GameManager.cs line 76]

Cape: Destroy may not be called from edit mode! Use DestroyImmediate instead.
Destroying an object in edit mode destroys it permanently
UnityEngine.Debug:ExtractStackTraceNoAlloc (byte*,int,string)
UnityEngine.StackTraceUtility:ExtractStackTrace ()
UnityEngine.Object:Destroy (UnityEngine.Object,single)
UnityEngine.Object:Destroy (UnityEngine.Object)
QuizBattle.Arena.Visuals.CharacterVisualBuilder:CreatePrimitivePart (UnityEngine.Transform,string,UnityEngine.PrimitiveType,UnityEngine.Vector3,UnityEngine.Quaternion,UnityEngine.Vector3,UnityEngine.Material,System.Collections.Generic.List`1<UnityEngine.Renderer>) (at Assets/Scripts/Arena/Visuals/CharacterVisualBuilder.cs:340)
QuizBattle.Arena.Visuals.CharacterVisualBuilder:BuildBlaze (UnityEngine.Transform,QuizBattle.Characters.CharacterVisual&,System.Collections.Generic.List`1<UnityEngine.Renderer>,QuizBattle.Arena.Visuals.TokenIdleAnimator) (at Assets/Scripts/Arena/Visuals/CharacterVisualBuilder.cs:70)
QuizBattle.Arena.Visuals.CharacterVisualBuilder:Build (QuizBattle.Characters.CharacterVisual&,UnityEngine.Transform) (at Assets/Scripts/Arena/Visuals/CharacterVisualBuilder.cs:29)
QuizBattle.Arena.CharacterToken:Create (string,QuizBattle.Characters.CharacterVisual&,UnityEngine.Vector3) (at Assets/Scripts/Arena/CharacterToken.cs:54)
QuizBattle.GameState.GameManager:RunAutoPlayMatch (int,int) (at Assets/Scripts/GameState/GameManager.cs:76)
CaptureCurrentArena:Capture () (at Assets/Editor/CaptureCurrentArena.cs:22)

[Assets/Scripts/GameState/GameManager.cs line 76]

Head: Destroy may not be called from edit mode! Use DestroyImmediate instead.
Destroying an object in edit mode destroys it permanently
UnityEngine.Debug:ExtractStackTraceNoAlloc (byte*,int,string)
UnityEngine.StackTraceUtility:ExtractStackTrace ()
UnityEngine.Object:Destroy (UnityEngine.Object,single)
UnityEngine.Object:Destroy (UnityEngine.Object)
QuizBattle.Arena.Visuals.CharacterVisualBuilder:CreatePrimitivePart (UnityEngine.Transform,string,UnityEngine.PrimitiveType,UnityEngine.Vector3,UnityEngine.Quaternion,UnityEngine.Vector3,UnityEngine.Material,System.Collections.Generic.List`1<UnityEngine.Renderer>) (at Assets/Scripts/Arena/Visuals/CharacterVisualBuilder.cs:340)
QuizBattle.Arena.Visuals.CharacterVisualBuilder:BuildBlaze (UnityEngine.Transform,QuizBattle.Characters.CharacterVisual&,System.Collections.Generic.List`1<UnityEngine.Renderer>,QuizBattle.Arena.Visuals.TokenIdleAnimator) (at Assets/Scripts/Arena/Visuals/CharacterVisualBuilder.cs:73)
QuizBattle.Arena.Visuals.CharacterVisualBuilder:Build (QuizBattle.Characters.CharacterVisual&,UnityEngine.Transform) (at Assets/Scripts/Arena/Visuals/CharacterVisualBuilder.cs:29)
QuizBattle.Arena.CharacterToken:Create (string,QuizBattle.Characters.CharacterVisual&,UnityEngine.Vector3) (at Assets/Scripts/Arena/CharacterToken.cs:54)
QuizBattle.GameState.GameManager:RunAutoPlayMatch (int,int) (at Assets/Scripts/GameState/GameManager.cs:76)
CaptureCurrentArena:Capture () (at Assets/Editor/CaptureCurrentArena.cs:22)

[Assets/Scripts/GameState/GameManager.cs line 76]

EyeL: Destroy may not be called from edit mode! Use DestroyImmediate instead.
Destroying an object in edit mode destroys it permanently
UnityEngine.Debug:ExtractStackTraceNoAlloc (byte*,int,string)
UnityEngine.StackTraceUtility:ExtractStackTrace ()
UnityEngine.Object:Destroy (UnityEngine.Object,single)
UnityEngine.Object:Destroy (UnityEngine.Object)
QuizBattle.Arena.Visuals.CharacterVisualBuilder:CreatePrimitivePart (UnityEngine.Transform,string,UnityEngine.PrimitiveType,UnityEngine.Vector3,UnityEngine.Quaternion,UnityEngine.Vector3,UnityEngine.Material,System.Collections.Generic.List`1<UnityEngine.Renderer>) (at Assets/Scripts/Arena/Visuals/CharacterVisualBuilder.cs:340)
QuizBattle.Arena.Visuals.CharacterVisualBuilder:BuildBlaze (UnityEngine.Transform,QuizBattle.Characters.CharacterVisual&,System.Collections.Generic.List`1<UnityEngine.Renderer>,QuizBattle.Arena.Visuals.TokenIdleAnimator) (at Assets/Scripts/Arena/Visuals/CharacterVisualBuilder.cs:74)
QuizBattle.Arena.Visuals.CharacterVisualBuilder:Build (QuizBattle.Characters.CharacterVisual&,UnityEngine.Transform) (at Assets/Scripts/Arena/Visuals/CharacterVisualBuilder.cs:29)
QuizBattle.Arena.CharacterToken:Create (string,QuizBattle.Characters.CharacterVisual&,UnityEngine.Vector3) (at Assets/Scripts/Arena/CharacterToken.cs:54)
QuizBattle.GameState.GameManager:RunAutoPlayMatch (int,int) (at Assets/Scripts/GameState/GameManager.cs:76)
CaptureCurrentArena:Capture () (at Assets/Editor/CaptureCurrentArena.cs:22)

[Assets/Scripts/GameState/GameManager.cs line 76]

EyeR: Destroy may not be called from edit mode! Use DestroyImmediate instead.
Destroying an object in edit mode destroys it permanently
UnityEngine.Debug:ExtractStackTraceNoAlloc (byte*,int,string)
UnityEngine.StackTraceUtility:ExtractStackTrace ()
UnityEngine.Object:Destroy (UnityEngine.Object,single)
UnityEngine.Object:Destroy (UnityEngine.Object)
QuizBattle.Arena.Visuals.CharacterVisualBuilder:CreatePrimitivePart (UnityEngine.Transform,string,UnityEngine.PrimitiveType,UnityEngine.Vector3,UnityEngine.Quaternion,UnityEngine.Vector3,UnityEngine.Material,System.Collections.Generic.List`1<UnityEngine.Renderer>) (at Assets/Scripts/Arena/Visuals/CharacterVisualBuilder.cs:340)
QuizBattle.Arena.Visuals.CharacterVisualBuilder:BuildBlaze (UnityEngine.Transform,QuizBattle.Characters.CharacterVisual&,System.Collections.Generic.List`1<UnityEngine.Renderer>,QuizBattle.Arena.Visuals.TokenIdleAnimator) (at Assets/Scripts/Arena/Visuals/CharacterVisualBuilder.cs:75)
QuizBattle.Arena.Visuals.CharacterVisualBuilder:Build (QuizBattle.Characters.CharacterVisual&,UnityEngine.Transform) (at Assets/Scripts/Arena/Visuals/CharacterVisualBuilder.cs:29)
QuizBattle.Arena.CharacterToken:Create (string,QuizBattle.Characters.CharacterVisual&,UnityEngine.Vector3) (at Assets/Scripts/Arena/CharacterToken.cs:54)
QuizBattle.GameState.GameManager:RunAutoPlayMatch (int,int) (at Assets/Scripts/GameState/GameManager.cs:76)
CaptureCurrentArena:Capture () (at Assets/Editor/CaptureCurrentArena.cs:22)

[Assets/Scripts/GameState/GameManager.cs line 76]

HelmetDome: Destroy may not be called from edit mode! Use DestroyImmediate instead.
Destroying an object in edit mode destroys it permanently
UnityEngine.Debug:ExtractStackTraceNoAlloc (byte*,int,string)
UnityEngine.StackTraceUtility:ExtractStackTrace ()
UnityEngine.Object:Destroy (UnityEngine.Object,single)
UnityEngine.Object:Destroy (UnityEngine.Object)
QuizBattle.Arena.Visuals.CharacterVisualBuilder:CreatePrimitivePart (UnityEngine.Transform,string,UnityEngine.PrimitiveType,UnityEngine.Vector3,UnityEngine.Quaternion,UnityEngine.Vector3,UnityEngine.Material,System.Collections.Generic.List`1<UnityEngine.Renderer>) (at Assets/Scripts/Arena/Visuals/CharacterVisualBuilder.cs:340)
QuizBattle.Arena.Visuals.CharacterVisualBuilder:BuildBlaze (UnityEngine.Transform,QuizBattle.Characters.CharacterVisual&,System.Collections.Generic.List`1<UnityEngine.Renderer>,QuizBattle.Arena.Visuals.TokenIdleAnimator) (at Assets/Scripts/Arena/Visuals/CharacterVisualBuilder.cs:78)
QuizBattle.Arena.Visuals.CharacterVisualBuilder:Build (QuizBattle.Characters.CharacterVisual&,UnityEngine.Transform) (at Assets/Scripts/Arena/Visuals/CharacterVisualBuilder.cs:29)
QuizBattle.Arena.CharacterToken:Create (string,QuizBattle.Characters.CharacterVisual&,UnityEngine.Vector3) (at Assets/Scripts/Arena/CharacterToken.cs:54)
QuizBattle.GameState.GameManager:RunAutoPlayMatch (int,int) (at Assets/Scripts/GameState/GameManager.cs:76)
CaptureCurrentArena:Capture () (at Assets/Editor/CaptureCurrentArena.cs:22)

[Assets/Scripts/GameState/GameManager.cs line 76]

HornL: Destroy may not be called from edit mode! Use DestroyImmediate instead.
Destroying an object in edit mode destroys it permanently
UnityEngine.Debug:ExtractStackTraceNoAlloc (byte*,int,string)
UnityEngine.StackTraceUtility:ExtractStackTrace ()
UnityEngine.Object:Destroy (UnityEngine.Object,single)
UnityEngine.Object:Destroy (UnityEngine.Object)
QuizBattle.Arena.Visuals.CharacterVisualBuilder:CreatePrimitivePart (UnityEngine.Transform,string,UnityEngine.PrimitiveType,UnityEngine.Vector3,UnityEngine.Quaternion,UnityEngine.Vector3,UnityEngine.Material,System.Collections.Generic.List`1<UnityEngine.Renderer>) (at Assets/Scripts/Arena/Visuals/CharacterVisualBuilder.cs:340)
QuizBattle.Arena.Visuals.CharacterVisualBuilder:BuildBlaze (UnityEngine.Transform,QuizBattle.Characters.CharacterVisual&,System.Collections.Generic.List`1<UnityEngine.Renderer>,QuizBattle.Arena.Visuals.TokenIdleAnimator) (at Assets/Scripts/Arena/Visuals/CharacterVisualBuilder.cs:79)
QuizBattle.Arena.Visuals.CharacterVisualBuilder:Build (QuizBattle.Characters.CharacterVisual&,UnityEngine.Transform) (at Assets/Scripts/Arena/Visuals/CharacterVisualBuilder.cs:29)
QuizBattle.Arena.CharacterToken:Create (string,QuizBattle.Characters.CharacterVisual&,UnityEngine.Vector3) (at Assets/Scripts/Arena/CharacterToken.cs:54)
QuizBattle.GameState.GameManager:RunAutoPlayMatch (int,int) (at Assets/Scripts/GameState/GameManager.cs:76)
CaptureCurrentArena:Capture () (at Assets/Editor/CaptureCurrentArena.cs:22)

[Assets/Scripts/GameState/GameManager.cs line 76]

HornR: Destroy may not be called from edit mode! Use DestroyImmediate instead.
Destroying an object in edit mode destroys it permanently
UnityEngine.Debug:ExtractStackTraceNoAlloc (byte*,int,string)
UnityEngine.StackTraceUtility:ExtractStackTrace ()
UnityEngine.Object:Destroy (UnityEngine.Object,single)
UnityEngine.Object:Destroy (UnityEngine.Object)
QuizBattle.Arena.Visuals.CharacterVisualBuilder:CreatePrimitivePart (UnityEngine.Transform,string,UnityEngine.PrimitiveType,UnityEngine.Vector3,UnityEngine.Quaternion,UnityEngine.Vector3,UnityEngine.Material,System.Collections.Generic.List`1<UnityEngine.Renderer>) (at Assets/Scripts/Arena/Visuals/CharacterVisualBuilder.cs:340)
QuizBattle.Arena.Visuals.CharacterVisualBuilder:BuildBlaze (UnityEngine.Transform,QuizBattle.Characters.CharacterVisual&,System.Collections.Generic.List`1<UnityEngine.Renderer>,QuizBattle.Arena.Visuals.TokenIdleAnimator) (at Assets/Scripts/Arena/Visuals/CharacterVisualBuilder.cs:80)
QuizBattle.Arena.Visuals.CharacterVisualBuilder:Build (QuizBattle.Characters.CharacterVisual&,UnityEngine.Transform) (at Assets/Scripts/Arena/Visuals/CharacterVisualBuilder.cs:29)
QuizBattle.Arena.CharacterToken:Create (string,QuizBattle.Characters.CharacterVisual&,UnityEngine.Vector3) (at Assets/Scripts/Arena/CharacterToken.cs:54)
QuizBattle.GameState.GameManager:RunAutoPlayMatch (int,int) (at Assets/Scripts/GameState/GameManager.cs:76)
CaptureCurrentArena:Capture () (at Assets/Editor/CaptureCurrentArena.cs:22)

[Assets/Scripts/GameState/GameManager.cs line 76]

ShoulderL: Destroy may not be called from edit mode! Use DestroyImmediate instead.
Destroying an object in edit mode destroys it permanently
UnityEngine.Debug:ExtractStackTraceNoAlloc (byte*,int,string)
UnityEngine.StackTraceUtility:ExtractStackTrace ()
UnityEngine.Object:Destroy (UnityEngine.Object,single)
UnityEngine.Object:Destroy (UnityEngine.Object)
QuizBattle.Arena.Visuals.CharacterVisualBuilder:CreatePrimitivePart (UnityEngine.Transform,string,UnityEngine.PrimitiveType,UnityEngine.Vector3,UnityEngine.Quaternion,UnityEngine.Vector3,UnityEngine.Material,System.Collections.Generic.List`1<UnityEngine.Renderer>) (at Assets/Scripts/Arena/Visuals/CharacterVisualBuilder.cs:340)
QuizBattle.Arena.Visuals.CharacterVisualBuilder:BuildBlaze (UnityEngine.Transform,QuizBattle.Characters.CharacterVisual&,System.Collections.Generic.List`1<UnityEngine.Renderer>,QuizBattle.Arena.Visuals.TokenIdleAnimator) (at Assets/Scripts/Arena/Visuals/CharacterVisualBuilder.cs:87)
QuizBattle.Arena.Visuals.CharacterVisualBuilder:Build (QuizBattle.Characters.CharacterVisual&,UnityEngine.Transform) (at Assets/Scripts/Arena/Visuals/CharacterVisualBuilder.cs:29)
QuizBattle.Arena.CharacterToken:Create (string,QuizBattle.Characters.CharacterVisual&,UnityEngine.Vector3) (at Assets/Scripts/Arena/CharacterToken.cs:54)
QuizBattle.GameState.GameManager:RunAutoPlayMatch (int,int) (at Assets/Scripts/GameState/GameManager.cs:76)
CaptureCurrentArena:Capture () (at Assets/Editor/CaptureCurrentArena.cs:22)

[Assets/Scripts/GameState/GameManager.cs line 76]

ShoulderR: Destroy may not be called from edit mode! Use DestroyImmediate instead.
Destroying an object in edit mode destroys it permanently
UnityEngine.Debug:ExtractStackTraceNoAlloc (byte*,int,string)
UnityEngine.StackTraceUtility:ExtractStackTrace ()
UnityEngine.Object:Destroy (UnityEngine.Object,single)
UnityEngine.Object:Destroy (UnityEngine.Object)
QuizBattle.Arena.Visuals.CharacterVisualBuilder:CreatePrimitivePart (UnityEngine.Transform,string,UnityEngine.PrimitiveType,UnityEngine.Vector3,UnityEngine.Quaternion,UnityEngine.Vector3,UnityEngine.Material,System.Collections.Generic.List`1<UnityEngine.Renderer>) (at Assets/Scripts/Arena/Visuals/CharacterVisualBuilder.cs:340)
QuizBattle.Arena.Visuals.CharacterVisualBuilder:BuildBlaze (UnityEngine.Transform,QuizBattle.Characters.CharacterVisual&,System.Collections.Generic.List`1<UnityEngine.Renderer>,QuizBattle.Arena.Visuals.TokenIdleAnimator) (at Assets/Scripts/Arena/Visuals/CharacterVisualBuilder.cs:88)
QuizBattle.Arena.Visuals.CharacterVisualBuilder:Build (QuizBattle.Characters.CharacterVisual&,UnityEngine.Transform) (at Assets/Scripts/Arena/Visuals/CharacterVisualBuilder.cs:29)
QuizBattle.Arena.CharacterToken:Create (string,QuizBattle.Characters.CharacterVisual&,UnityEngine.Vector3) (at Assets/Scripts/Arena/CharacterToken.cs:54)
QuizBattle.GameState.GameManager:RunAutoPlayMatch (int,int) (at Assets/Scripts/GameState/GameManager.cs:76)
CaptureCurrentArena:Capture () (at Assets/Editor/CaptureCurrentArena.cs:22)

[Assets/Scripts/GameState/GameManager.cs line 76]

ArmL: Destroy may not be called from edit mode! Use DestroyImmediate instead.
Destroying an object in edit mode destroys it permanently
UnityEngine.Debug:ExtractStackTraceNoAlloc (byte*,int,string)
UnityEngine.StackTraceUtility:ExtractStackTrace ()
UnityEngine.Object:Destroy (UnityEngine.Object,single)
UnityEngine.Object:Destroy (UnityEngine.Object)
QuizBattle.Arena.Visuals.CharacterVisualBuilder:CreatePrimitivePart (UnityEngine.Transform,string,UnityEngine.PrimitiveType,UnityEngine.Vector3,UnityEngine.Quaternion,UnityEngine.Vector3,UnityEngine.Material,System.Collections.Generic.List`1<UnityEngine.Renderer>) (at Assets/Scripts/Arena/Visuals/CharacterVisualBuilder.cs:340)
QuizBattle.Arena.Visuals.CharacterVisualBuilder:BuildBlaze (UnityEngine.Transform,QuizBattle.Characters.CharacterVisual&,System.Collections.Generic.List`1<UnityEngine.Renderer>,QuizBattle.Arena.Visuals.TokenIdleAnimator) (at Assets/Scripts/Arena/Visuals/CharacterVisualBuilder.cs:91)
QuizBattle.Arena.Visuals.CharacterVisualBuilder:Build (QuizBattle.Characters.CharacterVisual&,UnityEngine.Transform) (at Assets/Scripts/Arena/Visuals/CharacterVisualBuilder.cs:29)
QuizBattle.Arena.CharacterToken:Create (string,QuizBattle.Characters.CharacterVisual&,UnityEngine.Vector3) (at Assets/Scripts/Arena/CharacterToken.cs:54)
QuizBattle.GameState.GameManager:RunAutoPlayMatch (int,int) (at Assets/Scripts/GameState/GameManager.cs:76)
CaptureCurrentArena:Capture () (at Assets/Editor/CaptureCurrentArena.cs:22)

[Assets/Scripts/GameState/GameManager.cs line 76]

ArmR: Destroy may not be called from edit mode! Use DestroyImmediate instead.
Destroying an object in edit mode destroys it permanently
UnityEngine.Debug:ExtractStackTraceNoAlloc (byte*,int,string)
UnityEngine.StackTraceUtility:ExtractStackTrace ()
UnityEngine.Object:Destroy (UnityEngine.Object,single)
UnityEngine.Object:Destroy (UnityEngine.Object)
QuizBattle.Arena.Visuals.CharacterVisualBuilder:CreatePrimitivePart (UnityEngine.Transform,string,UnityEngine.PrimitiveType,UnityEngine.Vector3,UnityEngine.Quaternion,UnityEngine.Vector3,UnityEngine.Material,System.Collections.Generic.List`1<UnityEngine.Renderer>) (at Assets/Scripts/Arena/Visuals/CharacterVisualBuilder.cs:340)
QuizBattle.Arena.Visuals.CharacterVisualBuilder:BuildBlaze (UnityEngine.Transform,QuizBattle.Characters.CharacterVisual&,System.Collections.Generic.List`1<UnityEngine.Renderer>,QuizBattle.Arena.Visuals.TokenIdleAnimator) (at Assets/Scripts/Arena/Visuals/CharacterVisualBuilder.cs:92)
QuizBattle.Arena.Visuals.CharacterVisualBuilder:Build (QuizBattle.Characters.CharacterVisual&,UnityEngine.Transform) (at Assets/Scripts/Arena/Visuals/CharacterVisualBuilder.cs:29)
QuizBattle.Arena.CharacterToken:Create (string,QuizBattle.Characters.CharacterVisual&,UnityEngine.Vector3) (at Assets/Scripts/Arena/CharacterToken.cs:54)
QuizBattle.GameState.GameManager:RunAutoPlayMatch (int,int) (at Assets/Scripts/GameState/GameManager.cs:76)
CaptureCurrentArena:Capture () (at Assets/Editor/CaptureCurrentArena.cs:22)

[Assets/Scripts/GameState/GameManager.cs line 76]

Hilt: Destroy may not be called from edit mode! Use DestroyImmediate instead.
Destroying an object in edit mode destroys it permanently
UnityEngine.Debug:ExtractStackTraceNoAlloc (byte*,int,string)
UnityEngine.StackTraceUtility:ExtractStackTrace ()
UnityEngine.Object:Destroy (UnityEngine.Object,single)
UnityEngine.Object:Destroy (UnityEngine.Object)
QuizBattle.Arena.Visuals.CharacterVisualBuilder:CreatePrimitivePart (UnityEngine.Transform,string,UnityEngine.PrimitiveType,UnityEngine.Vector3,UnityEngine.Quaternion,UnityEngine.Vector3,UnityEngine.Material,System.Collections.Generic.List`1<UnityEngine.Renderer>) (at Assets/Scripts/Arena/Visuals/CharacterVisualBuilder.cs:340)
QuizBattle.Arena.Visuals.CharacterVisualBuilder:BuildBlaze (UnityEngine.Transform,QuizBattle.Characters.CharacterVisual&,System.Collections.Generic.List`1<UnityEngine.Renderer>,QuizBattle.Arena.Visuals.TokenIdleAnimator) (at Assets/Scripts/Arena/Visuals/CharacterVisualBuilder.cs:99)
QuizBattle.Arena.Visuals.CharacterVisualBuilder:Build (QuizBattle.Characters.CharacterVisual&,UnityEngine.Transform) (at Assets/Scripts/Arena/Visuals/CharacterVisualBuilder.cs:29)
QuizBattle.Arena.CharacterToken:Create (string,QuizBattle.Characters.CharacterVisual&,UnityEngine.Vector3) (at Assets/Scripts/Arena/CharacterToken.cs:54)
QuizBattle.GameState.GameManager:RunAutoPlayMatch (int,int) (at Assets/Scripts/GameState/GameManager.cs:76)
CaptureCurrentArena:Capture () (at Assets/Editor/CaptureCurrentArena.cs:22)

[Assets/Scripts/GameState/GameManager.cs line 76]

Guard: Destroy may not be called from edit mode! Use DestroyImmediate instead.
Destroying an object in edit mode destroys it permanently
UnityEngine.Debug:ExtractStackTraceNoAlloc (byte*,int,string)
UnityEngine.StackTraceUtility:ExtractStackTrace ()
UnityEngine.Object:Destroy (UnityEngine.Object,single)
UnityEngine.Object:Destroy (UnityEngine.Object)
QuizBattle.Arena.Visuals.CharacterVisualBuilder:CreatePrimitivePart (UnityEngine.Transform,string,UnityEngine.PrimitiveType,UnityEngine.Vector3,UnityEngine.Quaternion,UnityEngine.Vector3,UnityEngine.Material,System.Collections.Generic.List`1<UnityEngine.Renderer>) (at Assets/Scripts/Arena/Visuals/CharacterVisualBuilder.cs:340)
QuizBattle.Arena.Visuals.CharacterVisualBuilder:BuildBlaze (UnityEngine.Transform,QuizBattle.Characters.CharacterVisual&,System.Collections.Generic.List`1<UnityEngine.Renderer>,QuizBattle.Arena.Visuals.TokenIdleAnimator) (at Assets/Scripts/Arena/Visuals/CharacterVisualBuilder.cs:100)
QuizBattle.Arena.Visuals.CharacterVisualBuilder:Build (QuizBattle.Characters.CharacterVisual&,UnityEngine.Transform) (at Assets/Scripts/Arena/Visuals/CharacterVisualBuilder.cs:29)
QuizBattle.Arena.CharacterToken:Create (string,QuizBattle.Characters.CharacterVisual&,UnityEngine.Vector3) (at Assets/Scripts/Arena/CharacterToken.cs:54)
QuizBattle.GameState.GameManager:RunAutoPlayMatch (int,int) (at Assets/Scripts/GameState/GameManager.cs:76)
CaptureCurrentArena:Capture () (at Assets/Editor/CaptureCurrentArena.cs:22)

[Assets/Scripts/GameState/GameManager.cs line 76]

Blade: Destroy may not be called from edit mode! Use DestroyImmediate instead.
Destroying an object in edit mode destroys it permanently
UnityEngine.Debug:ExtractStackTraceNoAlloc (byte*,int,string)
UnityEngine.StackTraceUtility:ExtractStackTrace ()
UnityEngine.Object:Destroy (UnityEngine.Object,single)
UnityEngine.Object:Destroy (UnityEngine.Object)
QuizBattle.Arena.Visuals.CharacterVisualBuilder:CreatePrimitivePart (UnityEngine.Transform,string,UnityEngine.PrimitiveType,UnityEngine.Vector3,UnityEngine.Quaternion,UnityEngine.Vector3,UnityEngine.Material,System.Collections.Generic.List`1<UnityEngine.Renderer>) (at Assets/Scripts/Arena/Visuals/CharacterVisualBuilder.cs:340)
QuizBattle.Arena.Visuals.CharacterVisualBuilder:BuildBlaze (UnityEngine.Transform,QuizBattle.Characters.CharacterVisual&,System.Collections.Generic.List`1<UnityEngine.Renderer>,QuizBattle.Arena.Visuals.TokenIdleAnimator) (at Assets/Scripts/Arena/Visuals/CharacterVisualBuilder.cs:101)
QuizBattle.Arena.Visuals.CharacterVisualBuilder:Build (QuizBattle.Characters.CharacterVisual&,UnityEngine.Transform) (at Assets/Scripts/Arena/Visuals/CharacterVisualBuilder.cs:29)
QuizBattle.Arena.CharacterToken:Create (string,QuizBattle.Characters.CharacterVisual&,UnityEngine.Vector3) (at Assets/Scripts/Arena/CharacterToken.cs:54)
QuizBattle.GameState.GameManager:RunAutoPlayMatch (int,int) (at Assets/Scripts/GameState/GameManager.cs:76)
CaptureCurrentArena:Capture () (at Assets/Editor/CaptureCurrentArena.cs:22)

[Assets/Scripts/GameState/GameManager.cs line 76]

LegL: Destroy may not be called from edit mode! Use DestroyImmediate instead.
Destroying an object in edit mode destroys it permanently
UnityEngine.Debug:ExtractStackTraceNoAlloc (byte*,int,string)
UnityEngine.StackTraceUtility:ExtractStackTrace ()
UnityEngine.Object:Destroy (UnityEngine.Object,single)
UnityEngine.Object:Destroy (UnityEngine.Object)
QuizBattle.Arena.Visuals.CharacterVisualBuilder:CreatePrimitivePart (UnityEngine.Transform,string,UnityEngine.PrimitiveType,UnityEngine.Vector3,UnityEngine.Quaternion,UnityEngine.Vector3,UnityEngine.Material,System.Collections.Generic.List`1<UnityEngine.Renderer>) (at Assets/Scripts/Arena/Visuals/CharacterVisualBuilder.cs:340)
QuizBattle.Arena.Visuals.CharacterVisualBuilder:BuildBlaze (UnityEngine.Transform,QuizBattle.Characters.CharacterVisual&,System.Collections.Generic.List`1<UnityEngine.Renderer>,QuizBattle.Arena.Visuals.TokenIdleAnimator) (at Assets/Scripts/Arena/Visuals/CharacterVisualBuilder.cs:104)
QuizBattle.Arena.Visuals.CharacterVisualBuilder:Build (QuizBattle.Characters.CharacterVisual&,UnityEngine.Transform) (at Assets/Scripts/Arena/Visuals/CharacterVisualBuilder.cs:29)
QuizBattle.Arena.CharacterToken:Create (string,QuizBattle.Characters.CharacterVisual&,UnityEngine.Vector3) (at Assets/Scripts/Arena/CharacterToken.cs:54)
QuizBattle.GameState.GameManager:RunAutoPlayMatch (int,int) (at Assets/Scripts/GameState/GameManager.cs:76)
CaptureCurrentArena:Capture () (at Assets/Editor/CaptureCurrentArena.cs:22)

[Assets/Scripts/GameState/GameManager.cs line 76]

LegR: Destroy may not be called from edit mode! Use DestroyImmediate instead.
Destroying an object in edit mode destroys it permanently
UnityEngine.Debug:ExtractStackTraceNoAlloc (byte*,int,string)
UnityEngine.StackTraceUtility:ExtractStackTrace ()
UnityEngine.Object:Destroy (UnityEngine.Object,single)
UnityEngine.Object:Destroy (UnityEngine.Object)
QuizBattle.Arena.Visuals.CharacterVisualBuilder:CreatePrimitivePart (UnityEngine.Transform,string,UnityEngine.PrimitiveType,UnityEngine.Vector3,UnityEngine.Quaternion,UnityEngine.Vector3,UnityEngine.Material,System.Collections.Generic.List`1<UnityEngine.Renderer>) (at Assets/Scripts/Arena/Visuals/CharacterVisualBuilder.cs:340)
QuizBattle.Arena.Visuals.CharacterVisualBuilder:BuildBlaze (UnityEngine.Transform,QuizBattle.Characters.CharacterVisual&,System.Collections.Generic.List`1<UnityEngine.Renderer>,QuizBattle.Arena.Visuals.TokenIdleAnimator) (at Assets/Scripts/Arena/Visuals/CharacterVisualBuilder.cs:105)
QuizBattle.Arena.Visuals.CharacterVisualBuilder:Build (QuizBattle.Characters.CharacterVisual&,UnityEngine.Transform) (at Assets/Scripts/Arena/Visuals/CharacterVisualBuilder.cs:29)
QuizBattle.Arena.CharacterToken:Create (string,QuizBattle.Characters.CharacterVisual&,UnityEngine.Vector3) (at Assets/Scripts/Arena/CharacterToken.cs:54)
QuizBattle.GameState.GameManager:RunAutoPlayMatch (int,int) (at Assets/Scripts/GameState/GameManager.cs:76)
CaptureCurrentArena:Capture () (at Assets/Editor/CaptureCurrentArena.cs:22)

[Assets/Scripts/GameState/GameManager.cs line 76]

BootL: Destroy may not be called from edit mode! Use DestroyImmediate instead.
Destroying an object in edit mode destroys it permanently
UnityEngine.Debug:ExtractStackTraceNoAlloc (byte*,int,string)
UnityEngine.StackTraceUtility:ExtractStackTrace ()
UnityEngine.Object:Destroy (UnityEngine.Object,single)
UnityEngine.Object:Destroy (UnityEngine.Object)
QuizBattle.Arena.Visuals.CharacterVisualBuilder:CreatePrimitivePart (UnityEngine.Transform,string,UnityEngine.PrimitiveType,UnityEngine.Vector3,UnityEngine.Quaternion,UnityEngine.Vector3,UnityEngine.Material,System.Collections.Generic.List`1<UnityEngine.Renderer>) (at Assets/Scripts/Arena/Visuals/CharacterVisualBuilder.cs:340)
QuizBattle.Arena.Visuals.CharacterVisualBuilder:BuildBlaze (UnityEngine.Transform,QuizBattle.Characters.CharacterVisual&,System.Collections.Generic.List`1<UnityEngine.Renderer>,QuizBattle.Arena.Visuals.TokenIdleAnimator) (at Assets/Scripts/Arena/Visuals/CharacterVisualBuilder.cs:106)
QuizBattle.Arena.Visuals.CharacterVisualBuilder:Build (QuizBattle.Characters.CharacterVisual&,UnityEngine.Transform) (at Assets/Scripts/Arena/Visuals/CharacterVisualBuilder.cs:29)
QuizBattle.Arena.CharacterToken:Create (string,QuizBattle.Characters.CharacterVisual&,UnityEngine.Vector3) (at Assets/Scripts/Arena/CharacterToken.cs:54)
QuizBattle.GameState.GameManager:RunAutoPlayMatch (int,int) (at Assets/Scripts/GameState/GameManager.cs:76)
CaptureCurrentArena:Capture () (at Assets/Editor/CaptureCurrentArena.cs:22)

[Assets/Scripts/GameState/GameManager.cs line 76]

BootR: Destroy may not be called from edit mode! Use DestroyImmediate instead.
Destroying an object in edit mode destroys it permanently
UnityEngine.Debug:ExtractStackTraceNoAlloc (byte*,int,string)
UnityEngine.StackTraceUtility:ExtractStackTrace ()
UnityEngine.Object:Destroy (UnityEngine.Object,single)
UnityEngine.Object:Destroy (UnityEngine.Object)
QuizBattle.Arena.Visuals.CharacterVisualBuilder:CreatePrimitivePart (UnityEngine.Transform,string,UnityEngine.PrimitiveType,UnityEngine.Vector3,UnityEngine.Quaternion,UnityEngine.Vector3,UnityEngine.Material,System.Collections.Generic.List`1<UnityEngine.Renderer>) (at Assets/Scripts/Arena/Visuals/CharacterVisualBuilder.cs:340)
QuizBattle.Arena.Visuals.CharacterVisualBuilder:BuildBlaze (UnityEngine.Transform,QuizBattle.Characters.CharacterVisual&,System.Collections.Generic.List`1<UnityEngine.Renderer>,QuizBattle.Arena.Visuals.TokenIdleAnimator) (at Assets/Scripts/Arena/Visuals/CharacterVisualBuilder.cs:107)
QuizBattle.Arena.Visuals.CharacterVisualBuilder:Build (QuizBattle.Characters.CharacterVisual&,UnityEngine.Transform) (at Assets/Scripts/Arena/Visuals/CharacterVisualBuilder.cs:29)
QuizBattle.Arena.CharacterToken:Create (string,QuizBattle.Characters.CharacterVisual&,UnityEngine.Vector3) (at Assets/Scripts/Arena/CharacterToken.cs:54)
QuizBattle.GameState.GameManager:RunAutoPlayMatch (int,int) (at Assets/Scripts/GameState/GameManager.cs:76)
CaptureCurrentArena:Capture () (at Assets/Editor/CaptureCurrentArena.cs:22)

[Assets/Scripts/GameState/GameManager.cs line 76]

BlobShadow: Destroy may not be called from edit mode! Use DestroyImmediate instead.
Destroying an object in edit mode destroys it permanently
UnityEngine.Debug:ExtractStackTraceNoAlloc (byte*,int,string)
UnityEngine.StackTraceUtility:ExtractStackTrace ()
UnityEngine.Object:Destroy (UnityEngine.Object,single)
UnityEngine.Object:Destroy (UnityEngine.Object)
QuizBattle.Arena.Visuals.CharacterVisualBuilder:CreatePrimitivePart (UnityEngine.Transform,string,UnityEngine.PrimitiveType,UnityEngine.Vector3,UnityEngine.Quaternion,UnityEngine.Vector3,UnityEngine.Material,System.Collections.Generic.List`1<UnityEngine.Renderer>) (at Assets/Scripts/Arena/Visuals/CharacterVisualBuilder.cs:340)
QuizBattle.Arena.Visuals.CharacterVisualBuilder:AddGroundDisc (UnityEngine.Transform,UnityEngine.Color,System.Collections.Generic.List`1<UnityEngine.Renderer>,single) (at Assets/Scripts/Arena/Visuals/CharacterVisualBuilder.cs:307)
QuizBattle.Arena.Visuals.CharacterVisualBuilder:BuildBlaze (UnityEngine.Transform,QuizBattle.Characters.CharacterVisual&,System.Collections.Generic.List`1<UnityEngine.Renderer>,QuizBattle.Arena.Visuals.TokenIdleAnimator) (at Assets/Scripts/Arena/Visuals/CharacterVisualBuilder.cs:109)
QuizBattle.Arena.Visuals.CharacterVisualBuilder:Build (QuizBattle.Characters.CharacterVisual&,UnityEngine.Transform) (at Assets/Scripts/Arena/Visuals/CharacterVisualBuilder.cs:29)
QuizBattle.Arena.CharacterToken:Create (string,QuizBattle.Characters.CharacterVisual&,UnityEngine.Vector3) (at Assets/Scripts/Arena/CharacterToken.cs:54)
QuizBattle.GameState.GameManager:RunAutoPlayMatch (int,int) (at Assets/Scripts/GameState/GameManager.cs:76)
CaptureCurrentArena:Capture () (at Assets/Editor/CaptureCurrentArena.cs:22)

[Assets/Scripts/GameState/GameManager.cs line 76]

Instantiating material due to calling renderer.material during edit mode. This will leak materials into the scene. You most likely want to use renderer.sharedMaterial instead.
UnityEngine.Debug:ExtractStackTraceNoAlloc (byte*,int,string)
UnityEngine.StackTraceUtility:ExtractStackTrace ()
UnityEngine.Renderer:GetMaterial ()
UnityEngine.Renderer:get_material ()
TMPro.TextMeshPro:SetOutlineThickness (single) (at ./Library/PackageCache/com.unity.ugui@67707a67a4ab/Runtime/TMP/TextMeshPro.cs:1318)
TMPro.TMP_Text:set_outlineWidth (single) (at ./Library/PackageCache/com.unity.ugui@67707a67a4ab/Runtime/TMP/TMP_Text.cs:450)
QuizBattle.Arena.CharacterToken:CreateNameLabel (UnityEngine.Transform) (at Assets/Scripts/Arena/CharacterToken.cs:139)
QuizBattle.Arena.CharacterToken:Create (string,QuizBattle.Characters.CharacterVisual&,UnityEngine.Vector3) (at Assets/Scripts/Arena/CharacterToken.cs:61)
QuizBattle.GameState.GameManager:RunAutoPlayMatch (int,int) (at Assets/Scripts/GameState/GameManager.cs:76)
CaptureCurrentArena:Capture () (at Assets/Editor/CaptureCurrentArena.cs:22)

[Assets/Scripts/GameState/GameManager.cs line 76]

HpBarFrame: Destroy may not be called from edit mode! Use DestroyImmediate instead.
Destroying an object in edit mode destroys it permanently
UnityEngine.Debug:ExtractStackTraceNoAlloc (byte*,int,string)
UnityEngine.StackTraceUtility:ExtractStackTrace ()
UnityEngine.Object:Destroy (UnityEngine.Object,single)
UnityEngine.Object:Destroy (UnityEngine.Object)
QuizBattle.Arena.CharacterToken:CreateHpBar (UnityEngine.Transform,UnityEngine.Color) (at Assets/Scripts/Arena/CharacterToken.cs:155)
QuizBattle.Arena.CharacterToken:Create (string,QuizBattle.Characters.CharacterVisual&,UnityEngine.Vector3) (at Assets/Scripts/Arena/CharacterToken.cs:62)
QuizBattle.GameState.GameManager:RunAutoPlayMatch (int,int) (at Assets/Scripts/GameState/GameManager.cs:76)
CaptureCurrentArena:Capture () (at Assets/Editor/CaptureCurrentArena.cs:22)

[Assets/Scripts/GameState/GameManager.cs line 76]

HpBarBg: Destroy may not be called from edit mode! Use DestroyImmediate instead.
Destroying an object in edit mode destroys it permanently
UnityEngine.Debug:ExtractStackTraceNoAlloc (byte*,int,string)
UnityEngine.StackTraceUtility:ExtractStackTrace ()
UnityEngine.Object:Destroy (UnityEngine.Object,single)
UnityEngine.Object:Destroy (UnityEngine.Object)
QuizBattle.Arena.CharacterToken:CreateHpBar (UnityEngine.Transform,UnityEngine.Color) (at Assets/Scripts/Arena/CharacterToken.cs:174)
QuizBattle.Arena.CharacterToken:Create (string,QuizBattle.Characters.CharacterVisual&,UnityEngine.Vector3) (at Assets/Scripts/Arena/CharacterToken.cs:62)
QuizBattle.GameState.GameManager:RunAutoPlayMatch (int,int) (at Assets/Scripts/GameState/GameManager.cs:76)
CaptureCurrentArena:Capture () (at Assets/Editor/CaptureCurrentArena.cs:22)

[Assets/Scripts/GameState/GameManager.cs line 76]

HpBarFill: Destroy may not be called from edit mode! Use DestroyImmediate instead.
Destroying an object in edit mode destroys it permanently
UnityEngine.Debug:ExtractStackTraceNoAlloc (byte*,int,string)
UnityEngine.StackTraceUtility:ExtractStackTrace ()
UnityEngine.Object:Destroy (UnityEngine.Object,single)
UnityEngine.Object:Destroy (UnityEngine.Object)
QuizBattle.Arena.CharacterToken:CreateHpBar (UnityEngine.Transform,UnityEngine.Color) (at Assets/Scripts/Arena/CharacterToken.cs:197)
QuizBattle.Arena.CharacterToken:Create (string,QuizBattle.Characters.CharacterVisual&,UnityEngine.Vector3) (at Assets/Scripts/Arena/CharacterToken.cs:62)
QuizBattle.GameState.GameManager:RunAutoPlayMatch (int,int) (at Assets/Scripts/GameState/GameManager.cs:76)
CaptureCurrentArena:Capture () (at Assets/Editor/CaptureCurrentArena.cs:22)

[Assets/Scripts/GameState/GameManager.cs line 76]

MainIceCube: Destroy may not be called from edit mode! Use DestroyImmediate instead.
Destroying an object in edit mode destroys it permanently
UnityEngine.Debug:ExtractStackTraceNoAlloc (byte*,int,string)
UnityEngine.StackTraceUtility:ExtractStackTrace ()
UnityEngine.Object:Destroy (UnityEngine.Object,single)
UnityEngine.Object:Destroy (UnityEngine.Object)
QuizBattle.Arena.CharacterToken:CreateFrozenIndicator (UnityEngine.Transform) (at Assets/Scripts/Arena/CharacterToken.cs:96)
QuizBattle.Arena.CharacterToken:Create (string,QuizBattle.Characters.CharacterVisual&,UnityEngine.Vector3) (at Assets/Scripts/Arena/CharacterToken.cs:63)
QuizBattle.GameState.GameManager:RunAutoPlayMatch (int,int) (at Assets/Scripts/GameState/GameManager.cs:76)
CaptureCurrentArena:Capture () (at Assets/Editor/CaptureCurrentArena.cs:22)

[Assets/Scripts/GameState/GameManager.cs line 76]

IceSpike_0: Destroy may not be called from edit mode! Use DestroyImmediate instead.
Destroying an object in edit mode destroys it permanently
UnityEngine.Debug:ExtractStackTraceNoAlloc (byte*,int,string)
UnityEngine.StackTraceUtility:ExtractStackTrace ()
UnityEngine.Object:Destroy (UnityEngine.Object,single)
UnityEngine.Object:Destroy (UnityEngine.Object)
QuizBattle.Arena.CharacterToken:CreateFrozenIndicator (UnityEngine.Transform) (at Assets/Scripts/Arena/CharacterToken.cs:109)
QuizBattle.Arena.CharacterToken:Create (string,QuizBattle.Characters.CharacterVisual&,UnityEngine.Vector3) (at Assets/Scripts/Arena/CharacterToken.cs:63)
QuizBattle.GameState.GameManager:RunAutoPlayMatch (int,int) (at Assets/Scripts/GameState/GameManager.cs:76)
CaptureCurrentArena:Capture () (at Assets/Editor/CaptureCurrentArena.cs:22)

[Assets/Scripts/GameState/GameManager.cs line 76]

IceSpike_1: Destroy may not be called from edit mode! Use DestroyImmediate instead.
Destroying an object in edit mode destroys it permanently
UnityEngine.Debug:ExtractStackTraceNoAlloc (byte*,int,string)
UnityEngine.StackTraceUtility:ExtractStackTrace ()
UnityEngine.Object:Destroy (UnityEngine.Object,single)
UnityEngine.Object:Destroy (UnityEngine.Object)
QuizBattle.Arena.CharacterToken:CreateFrozenIndicator (UnityEngine.Transform) (at Assets/Scripts/Arena/CharacterToken.cs:109)
QuizBattle.Arena.CharacterToken:Create (string,QuizBattle.Characters.CharacterVisual&,UnityEngine.Vector3) (at Assets/Scripts/Arena/CharacterToken.cs:63)
QuizBattle.GameState.GameManager:RunAutoPlayMatch (int,int) (at Assets/Scripts/GameState/GameManager.cs:76)
CaptureCurrentArena:Capture () (at Assets/Editor/CaptureCurrentArena.cs:22)

[Assets/Scripts/GameState/GameManager.cs line 76]

IceSpike_2: Destroy may not be called from edit mode! Use DestroyImmediate instead.
Destroying an object in edit mode destroys it permanently
UnityEngine.Debug:ExtractStackTraceNoAlloc (byte*,int,string)
UnityEngine.StackTraceUtility:ExtractStackTrace ()
UnityEngine.Object:Destroy (UnityEngine.Object,single)
UnityEngine.Object:Destroy (UnityEngine.Object)
QuizBattle.Arena.CharacterToken:CreateFrozenIndicator (UnityEngine.Transform) (at Assets/Scripts/Arena/CharacterToken.cs:109)
QuizBattle.Arena.CharacterToken:Create (string,QuizBattle.Characters.CharacterVisual&,UnityEngine.Vector3) (at Assets/Scripts/Arena/CharacterToken.cs:63)
QuizBattle.GameState.GameManager:RunAutoPlayMatch (int,int) (at Assets/Scripts/GameState/GameManager.cs:76)
CaptureCurrentArena:Capture () (at Assets/Editor/CaptureCurrentArena.cs:22)

[Assets/Scripts/GameState/GameManager.cs line 76]

IceSpike_3: Destroy may not be called from edit mode! Use DestroyImmediate instead.
Destroying an object in edit mode destroys it permanently
UnityEngine.Debug:ExtractStackTraceNoAlloc (byte*,int,string)
UnityEngine.StackTraceUtility:ExtractStackTrace ()
UnityEngine.Object:Destroy (UnityEngine.Object,single)
UnityEngine.Object:Destroy (UnityEngine.Object)
QuizBattle.Arena.CharacterToken:CreateFrozenIndicator (UnityEngine.Transform) (at Assets/Scripts/Arena/CharacterToken.cs:109)
QuizBattle.Arena.CharacterToken:Create (string,QuizBattle.Characters.CharacterVisual&,UnityEngine.Vector3) (at Assets/Scripts/Arena/CharacterToken.cs:63)
QuizBattle.GameState.GameManager:RunAutoPlayMatch (int,int) (at Assets/Scripts/GameState/GameManager.cs:76)
CaptureCurrentArena:Capture () (at Assets/Editor/CaptureCurrentArena.cs:22)

[Assets/Scripts/GameState/GameManager.cs line 76]

FrostRing: Destroy may not be called from edit mode! Use DestroyImmediate instead.
Destroying an object in edit mode destroys it permanently
UnityEngine.Debug:ExtractStackTraceNoAlloc (byte*,int,string)
UnityEngine.StackTraceUtility:ExtractStackTrace ()
UnityEngine.Object:Destroy (UnityEngine.Object,single)
UnityEngine.Object:Destroy (UnityEngine.Object)
QuizBattle.Arena.CharacterToken:CreateFrozenIndicator (UnityEngine.Transform) (at Assets/Scripts/Arena/CharacterToken.cs:119)
QuizBattle.Arena.CharacterToken:Create (string,QuizBattle.Characters.CharacterVisual&,UnityEngine.Vector3) (at Assets/Scripts/Arena/CharacterToken.cs:63)
QuizBattle.GameState.GameManager:RunAutoPlayMatch (int,int) (at Assets/Scripts/GameState/GameManager.cs:76)
CaptureCurrentArena:Capture () (at Assets/Editor/CaptureCurrentArena.cs:22)

[Assets/Scripts/GameState/GameManager.cs line 76]

RobeTorso: Destroy may not be called from edit mode! Use DestroyImmediate instead.
Destroying an object in edit mode destroys it permanently
UnityEngine.Debug:ExtractStackTraceNoAlloc (byte*,int,string)
UnityEngine.StackTraceUtility:ExtractStackTrace ()
UnityEngine.Object:Destroy (UnityEngine.Object,single)
UnityEngine.Object:Destroy (UnityEngine.Object)
QuizBattle.Arena.Visuals.CharacterVisualBuilder:CreatePrimitivePart (UnityEngine.Transform,string,UnityEngine.PrimitiveType,UnityEngine.Vector3,UnityEngine.Quaternion,UnityEngine.Vector3,UnityEngine.Material,System.Collections.Generic.List`1<UnityEngine.Renderer>) (at Assets/Scripts/Arena/Visuals/CharacterVisualBuilder.cs:340)
QuizBattle.Arena.Visuals.CharacterVisualBuilder:BuildVera (UnityEngine.Transform,QuizBattle.Characters.CharacterVisual&,System.Collections.Generic.List`1<UnityEngine.Renderer>,QuizBattle.Arena.Visuals.TokenIdleAnimator) (at Assets/Scripts/Arena/Visuals/CharacterVisualBuilder.cs:252)
QuizBattle.Arena.Visuals.CharacterVisualBuilder:Build (QuizBattle.Characters.CharacterVisual&,UnityEngine.Transform) (at Assets/Scripts/Arena/Visuals/CharacterVisualBuilder.cs:38)
QuizBattle.Arena.CharacterToken:Create (string,QuizBattle.Characters.CharacterVisual&,UnityEngine.Vector3) (at Assets/Scripts/Arena/CharacterToken.cs:54)
QuizBattle.GameState.GameManager:RunAutoPlayMatch (int,int) (at Assets/Scripts/GameState/GameManager.cs:76)
CaptureCurrentArena:Capture () (at Assets/Editor/CaptureCurrentArena.cs:22)

[Assets/Scripts/GameState/GameManager.cs line 76]

Bodice: Destroy may not be called from edit mode! Use DestroyImmediate instead.
Destroying an object in edit mode destroys it permanently
UnityEngine.Debug:ExtractStackTraceNoAlloc (byte*,int,string)
UnityEngine.StackTraceUtility:ExtractStackTrace ()
UnityEngine.Object:Destroy (UnityEngine.Object,single)
UnityEngine.Object:Destroy (UnityEngine.Object)
QuizBattle.Arena.Visuals.CharacterVisualBuilder:CreatePrimitivePart (UnityEngine.Transform,string,UnityEngine.PrimitiveType,UnityEngine.Vector3,UnityEngine.Quaternion,UnityEngine.Vector3,UnityEngine.Material,System.Collections.Generic.List`1<UnityEngine.Renderer>) (at Assets/Scripts/Arena/Visuals/CharacterVisualBuilder.cs:340)
QuizBattle.Arena.Visuals.CharacterVisualBuilder:BuildVera (UnityEngine.Transform,QuizBattle.Characters.CharacterVisual&,System.Collections.Generic.List`1<UnityEngine.Renderer>,QuizBattle.Arena.Visuals.TokenIdleAnimator) (at Assets/Scripts/Arena/Visuals/CharacterVisualBuilder.cs:253)
QuizBattle.Arena.Visuals.CharacterVisualBuilder:Build (QuizBattle.Characters.CharacterVisual&,UnityEngine.Transform) (at Assets/Scripts/Arena/Visuals/CharacterVisualBuilder.cs:38)
QuizBattle.Arena.CharacterToken:Create (string,QuizBattle.Characters.CharacterVisual&,UnityEngine.Vector3) (at Assets/Scripts/Arena/CharacterToken.cs:54)
QuizBattle.GameState.GameManager:RunAutoPlayMatch (int,int) (at Assets/Scripts/GameState/GameManager.cs:76)
CaptureCurrentArena:Capture () (at Assets/Editor/CaptureCurrentArena.cs:22)

[Assets/Scripts/GameState/GameManager.cs line 76]

GoldSash: Destroy may not be called from edit mode! Use DestroyImmediate instead.
Destroying an object in edit mode destroys it permanently
UnityEngine.Debug:ExtractStackTraceNoAlloc (byte*,int,string)
UnityEngine.StackTraceUtility:ExtractStackTrace ()
UnityEngine.Object:Destroy (UnityEngine.Object,single)
UnityEngine.Object:Destroy (UnityEngine.Object)
QuizBattle.Arena.Visuals.CharacterVisualBuilder:CreatePrimitivePart (UnityEngine.Transform,string,UnityEngine.PrimitiveType,UnityEngine.Vector3,UnityEngine.Quaternion,UnityEngine.Vector3,UnityEngine.Material,System.Collections.Generic.List`1<UnityEngine.Renderer>) (at Assets/Scripts/Arena/Visuals/CharacterVisualBuilder.cs:340)
QuizBattle.Arena.Visuals.CharacterVisualBuilder:BuildVera (UnityEngine.Transform,QuizBattle.Characters.CharacterVisual&,System.Collections.Generic.List`1<UnityEngine.Renderer>,QuizBattle.Arena.Visuals.TokenIdleAnimator) (at Assets/Scripts/Arena/Visuals/CharacterVisualBuilder.cs:255)
QuizBattle.Arena.Visuals.CharacterVisualBuilder:Build (QuizBattle.Characters.CharacterVisual&,UnityEngine.Transform) (at Assets/Scripts/Arena/Visuals/CharacterVisualBuilder.cs:38)
QuizBattle.Arena.CharacterToken:Create (string,QuizBattle.Characters.CharacterVisual&,UnityEngine.Vector3) (at Assets/Scripts/Arena/CharacterToken.cs:54)
QuizBattle.GameState.GameManager:RunAutoPlayMatch (int,int) (at Assets/Scripts/GameState/GameManager.cs:76)
CaptureCurrentArena:Capture () (at Assets/Editor/CaptureCurrentArena.cs:22)

[Assets/Scripts/GameState/GameManager.cs line 76]

Head: Destroy may not be called from edit mode! Use DestroyImmediate instead.
Destroying an object in edit mode destroys it permanently
UnityEngine.Debug:ExtractStackTraceNoAlloc (byte*,int,string)
UnityEngine.StackTraceUtility:ExtractStackTrace ()
UnityEngine.Object:Destroy (UnityEngine.Object,single)
UnityEngine.Object:Destroy (UnityEngine.Object)
QuizBattle.Arena.Visuals.CharacterVisualBuilder:CreatePrimitivePart (UnityEngine.Transform,string,UnityEngine.PrimitiveType,UnityEngine.Vector3,UnityEngine.Quaternion,UnityEngine.Vector3,UnityEngine.Material,System.Collections.Generic.List`1<UnityEngine.Renderer>) (at Assets/Scripts/Arena/Visuals/CharacterVisualBuilder.cs:340)
QuizBattle.Arena.Visuals.CharacterVisualBuilder:BuildVera (UnityEngine.Transform,QuizBattle.Characters.CharacterVisual&,System.Collections.Generic.List`1<UnityEngine.Renderer>,QuizBattle.Arena.Visuals.TokenIdleAnimator) (at Assets/Scripts/Arena/Visuals/CharacterVisualBuilder.cs:258)
QuizBattle.Arena.Visuals.CharacterVisualBuilder:Build (QuizBattle.Characters.CharacterVisual&,UnityEngine.Transform) (at Assets/Scripts/Arena/Visuals/CharacterVisualBuilder.cs:38)
QuizBattle.Arena.CharacterToken:Create (string,QuizBattle.Characters.CharacterVisual&,UnityEngine.Vector3) (at Assets/Scripts/Arena/CharacterToken.cs:54)
QuizBattle.GameState.GameManager:RunAutoPlayMatch (int,int) (at Assets/Scripts/GameState/GameManager.cs:76)
CaptureCurrentArena:Capture () (at Assets/Editor/CaptureCurrentArena.cs:22)

[Assets/Scripts/GameState/GameManager.cs line 76]

EyeL: Destroy may not be called from edit mode! Use DestroyImmediate instead.
Destroying an object in edit mode destroys it permanently
UnityEngine.Debug:ExtractStackTraceNoAlloc (byte*,int,string)
UnityEngine.StackTraceUtility:ExtractStackTrace ()
UnityEngine.Object:Destroy (UnityEngine.Object,single)
UnityEngine.Object:Destroy (UnityEngine.Object)
QuizBattle.Arena.Visuals.CharacterVisualBuilder:CreatePrimitivePart (UnityEngine.Transform,string,UnityEngine.PrimitiveType,UnityEngine.Vector3,UnityEngine.Quaternion,UnityEngine.Vector3,UnityEngine.Material,System.Collections.Generic.List`1<UnityEngine.Renderer>) (at Assets/Scripts/Arena/Visuals/CharacterVisualBuilder.cs:340)
QuizBattle.Arena.Visuals.CharacterVisualBuilder:BuildVera (UnityEngine.Transform,QuizBattle.Characters.CharacterVisual&,System.Collections.Generic.List`1<UnityEngine.Renderer>,QuizBattle.Arena.Visuals.TokenIdleAnimator) (at Assets/Scripts/Arena/Visuals/CharacterVisualBuilder.cs:259)
QuizBattle.Arena.Visuals.CharacterVisualBuilder:Build (QuizBattle.Characters.CharacterVisual&,UnityEngine.Transform) (at Assets/Scripts/Arena/Visuals/CharacterVisualBuilder.cs:38)
QuizBattle.Arena.CharacterToken:Create (string,QuizBattle.Characters.CharacterVisual&,UnityEngine.Vector3) (at Assets/Scripts/Arena/CharacterToken.cs:54)
QuizBattle.GameState.GameManager:RunAutoPlayMatch (int,int) (at Assets/Scripts/GameState/GameManager.cs:76)
CaptureCurrentArena:Capture () (at Assets/Editor/CaptureCurrentArena.cs:22)

[Assets/Scripts/GameState/GameManager.cs line 76]

EyeR: Destroy may not be called from edit mode! Use DestroyImmediate instead.
Destroying an object in edit mode destroys it permanently
UnityEngine.Debug:ExtractStackTraceNoAlloc (byte*,int,string)
UnityEngine.StackTraceUtility:ExtractStackTrace ()
UnityEngine.Object:Destroy (UnityEngine.Object,single)
UnityEngine.Object:Destroy (UnityEngine.Object)
QuizBattle.Arena.Visuals.CharacterVisualBuilder:CreatePrimitivePart (UnityEngine.Transform,string,UnityEngine.PrimitiveType,UnityEngine.Vector3,UnityEngine.Quaternion,UnityEngine.Vector3,UnityEngine.Material,System.Collections.Generic.List`1<UnityEngine.Renderer>) (at Assets/Scripts/Arena/Visuals/CharacterVisualBuilder.cs:340)
QuizBattle.Arena.Visuals.CharacterVisualBuilder:BuildVera (UnityEngine.Transform,QuizBattle.Characters.CharacterVisual&,System.Collections.Generic.List`1<UnityEngine.Renderer>,QuizBattle.Arena.Visuals.TokenIdleAnimator) (at Assets/Scripts/Arena/Visuals/CharacterVisualBuilder.cs:260)
QuizBattle.Arena.Visuals.CharacterVisualBuilder:Build (QuizBattle.Characters.CharacterVisual&,UnityEngine.Transform) (at Assets/Scripts/Arena/Visuals/CharacterVisualBuilder.cs:38)
QuizBattle.Arena.CharacterToken:Create (string,QuizBattle.Characters.CharacterVisual&,UnityEngine.Vector3) (at Assets/Scripts/Arena/CharacterToken.cs:54)
QuizBattle.GameState.GameManager:RunAutoPlayMatch (int,int) (at Assets/Scripts/GameState/GameManager.cs:76)
CaptureCurrentArena:Capture () (at Assets/Editor/CaptureCurrentArena.cs:22)

[Assets/Scripts/GameState/GameManager.cs line 76]

HatBrim: Destroy may not be called from edit mode! Use DestroyImmediate instead.
Destroying an object in edit mode destroys it permanently
UnityEngine.Debug:ExtractStackTraceNoAlloc (byte*,int,string)
UnityEngine.StackTraceUtility:ExtractStackTrace ()
UnityEngine.Object:Destroy (UnityEngine.Object,single)
UnityEngine.Object:Destroy (UnityEngine.Object)
QuizBattle.Arena.Visuals.CharacterVisualBuilder:CreatePrimitivePart (UnityEngine.Transform,string,UnityEngine.PrimitiveType,UnityEngine.Vector3,UnityEngine.Quaternion,UnityEngine.Vector3,UnityEngine.Material,System.Collections.Generic.List`1<UnityEngine.Renderer>) (at Assets/Scripts/Arena/Visuals/CharacterVisualBuilder.cs:340)
QuizBattle.Arena.Visuals.CharacterVisualBuilder:BuildVera (UnityEngine.Transform,QuizBattle.Characters.CharacterVisual&,System.Collections.Generic.List`1<UnityEngine.Renderer>,QuizBattle.Arena.Visuals.TokenIdleAnimator) (at Assets/Scripts/Arena/Visuals/CharacterVisualBuilder.cs:263)
QuizBattle.Arena.Visuals.CharacterVisualBuilder:Build (QuizBattle.Characters.CharacterVisual&,UnityEngine.Transform) (at Assets/Scripts/Arena/Visuals/CharacterVisualBuilder.cs:38)
QuizBattle.Arena.CharacterToken:Create (string,QuizBattle.Characters.CharacterVisual&,UnityEngine.Vector3) (at Assets/Scripts/Arena/CharacterToken.cs:54)
QuizBattle.GameState.GameManager:RunAutoPlayMatch (int,int) (at Assets/Scripts/GameState/GameManager.cs:76)
CaptureCurrentArena:Capture () (at Assets/Editor/CaptureCurrentArena.cs:22)

[Assets/Scripts/GameState/GameManager.cs line 76]

HatBand: Destroy may not be called from edit mode! Use DestroyImmediate instead.
Destroying an object in edit mode destroys it permanently
UnityEngine.Debug:ExtractStackTraceNoAlloc (byte*,int,string)
UnityEngine.StackTraceUtility:ExtractStackTrace ()
UnityEngine.Object:Destroy (UnityEngine.Object,single)
UnityEngine.Object:Destroy (UnityEngine.Object)
QuizBattle.Arena.Visuals.CharacterVisualBuilder:CreatePrimitivePart (UnityEngine.Transform,string,UnityEngine.PrimitiveType,UnityEngine.Vector3,UnityEngine.Quaternion,UnityEngine.Vector3,UnityEngine.Material,System.Collections.Generic.List`1<UnityEngine.Renderer>) (at Assets/Scripts/Arena/Visuals/CharacterVisualBuilder.cs:340)
QuizBattle.Arena.Visuals.CharacterVisualBuilder:BuildVera (UnityEngine.Transform,QuizBattle.Characters.CharacterVisual&,System.Collections.Generic.List`1<UnityEngine.Renderer>,QuizBattle.Arena.Visuals.TokenIdleAnimator) (at Assets/Scripts/Arena/Visuals/CharacterVisualBuilder.cs:266)
QuizBattle.Arena.Visuals.CharacterVisualBuilder:Build (QuizBattle.Characters.CharacterVisual&,UnityEngine.Transform) (at Assets/Scripts/Arena/Visuals/CharacterVisualBuilder.cs:38)
QuizBattle.Arena.CharacterToken:Create (string,QuizBattle.Characters.CharacterVisual&,UnityEngine.Vector3) (at Assets/Scripts/Arena/CharacterToken.cs:54)
QuizBattle.GameState.GameManager:RunAutoPlayMatch (int,int) (at Assets/Scripts/GameState/GameManager.cs:76)
CaptureCurrentArena:Capture () (at Assets/Editor/CaptureCurrentArena.cs:22)

[Assets/Scripts/GameState/GameManager.cs line 76]

Shaft: Destroy may not be called from edit mode! Use DestroyImmediate instead.
Destroying an object in edit mode destroys it permanently
UnityEngine.Debug:ExtractStackTraceNoAlloc (byte*,int,string)
UnityEngine.StackTraceUtility:ExtractStackTrace ()
UnityEngine.Object:Destroy (UnityEngine.Object,single)
UnityEngine.Object:Destroy (UnityEngine.Object)
QuizBattle.Arena.Visuals.CharacterVisualBuilder:CreatePrimitivePart (UnityEngine.Transform,string,UnityEngine.PrimitiveType,UnityEngine.Vector3,UnityEngine.Quaternion,UnityEngine.Vector3,UnityEngine.Material,System.Collections.Generic.List`1<UnityEngine.Renderer>) (at Assets/Scripts/Arena/Visuals/CharacterVisualBuilder.cs:340)
QuizBattle.Arena.Visuals.CharacterVisualBuilder:BuildVera (UnityEngine.Transform,QuizBattle.Characters.CharacterVisual&,System.Collections.Generic.List`1<UnityEngine.Renderer>,QuizBattle.Arena.Visuals.TokenIdleAnimator) (at Assets/Scripts/Arena/Visuals/CharacterVisualBuilder.cs:274)
QuizBattle.Arena.Visuals.CharacterVisualBuilder:Build (QuizBattle.Characters.CharacterVisual&,UnityEngine.Transform) (at Assets/Scripts/Arena/Visuals/CharacterVisualBuilder.cs:38)
QuizBattle.Arena.CharacterToken:Create (string,QuizBattle.Characters.CharacterVisual&,UnityEngine.Vector3) (at Assets/Scripts/Arena/CharacterToken.cs:54)
QuizBattle.GameState.GameManager:RunAutoPlayMatch (int,int) (at Assets/Scripts/GameState/GameManager.cs:76)
CaptureCurrentArena:Capture () (at Assets/Editor/CaptureCurrentArena.cs:22)

[Assets/Scripts/GameState/GameManager.cs line 76]

FloatingGem: Destroy may not be called from edit mode! Use DestroyImmediate instead.
Destroying an object in edit mode destroys it permanently
UnityEngine.Debug:ExtractStackTraceNoAlloc (byte*,int,string)
UnityEngine.StackTraceUtility:ExtractStackTrace ()
UnityEngine.Object:Destroy (UnityEngine.Object,single)
UnityEngine.Object:Destroy (UnityEngine.Object)
QuizBattle.Arena.Visuals.CharacterVisualBuilder:CreatePrimitivePart (UnityEngine.Transform,string,UnityEngine.PrimitiveType,UnityEngine.Vector3,UnityEngine.Quaternion,UnityEngine.Vector3,UnityEngine.Material,System.Collections.Generic.List`1<UnityEngine.Renderer>) (at Assets/Scripts/Arena/Visuals/CharacterVisualBuilder.cs:340)
QuizBattle.Arena.Visuals.CharacterVisualBuilder:BuildVera (UnityEngine.Transform,QuizBattle.Characters.CharacterVisual&,System.Collections.Generic.List`1<UnityEngine.Renderer>,QuizBattle.Arena.Visuals.TokenIdleAnimator) (at Assets/Scripts/Arena/Visuals/CharacterVisualBuilder.cs:276)
QuizBattle.Arena.Visuals.CharacterVisualBuilder:Build (QuizBattle.Characters.CharacterVisual&,UnityEngine.Transform) (at Assets/Scripts/Arena/Visuals/CharacterVisualBuilder.cs:38)
QuizBattle.Arena.CharacterToken:Create (string,QuizBattle.Characters.CharacterVisual&,UnityEngine.Vector3) (at Assets/Scripts/Arena/CharacterToken.cs:54)
QuizBattle.GameState.GameManager:RunAutoPlayMatch (int,int) (at Assets/Scripts/GameState/GameManager.cs:76)
CaptureCurrentArena:Capture () (at Assets/Editor/CaptureCurrentArena.cs:22)

[Assets/Scripts/GameState/GameManager.cs line 76]

CoverL: Destroy may not be called from edit mode! Use DestroyImmediate instead.
Destroying an object in edit mode destroys it permanently
UnityEngine.Debug:ExtractStackTraceNoAlloc (byte*,int,string)
UnityEngine.StackTraceUtility:ExtractStackTrace ()
UnityEngine.Object:Destroy (UnityEngine.Object,single)
UnityEngine.Object:Destroy (UnityEngine.Object)
QuizBattle.Arena.Visuals.CharacterVisualBuilder:CreatePrimitivePart (UnityEngine.Transform,string,UnityEngine.PrimitiveType,UnityEngine.Vector3,UnityEngine.Quaternion,UnityEngine.Vector3,UnityEngine.Material,System.Collections.Generic.List`1<UnityEngine.Renderer>) (at Assets/Scripts/Arena/Visuals/CharacterVisualBuilder.cs:340)
QuizBattle.Arena.Visuals.CharacterVisualBuilder:BuildVera (UnityEngine.Transform,QuizBattle.Characters.CharacterVisual&,System.Collections.Generic.List`1<UnityEngine.Renderer>,QuizBattle.Arena.Visuals.TokenIdleAnimator) (at Assets/Scripts/Arena/Visuals/CharacterVisualBuilder.cs:284)
QuizBattle.Arena.Visuals.CharacterVisualBuilder:Build (QuizBattle.Characters.CharacterVisual&,UnityEngine.Transform) (at Assets/Scripts/Arena/Visuals/CharacterVisualBuilder.cs:38)
QuizBattle.Arena.CharacterToken:Create (string,QuizBattle.Characters.CharacterVisual&,UnityEngine.Vector3) (at Assets/Scripts/Arena/CharacterToken.cs:54)
QuizBattle.GameState.GameManager:RunAutoPlayMatch (int,int) (at Assets/Scripts/GameState/GameManager.cs:76)
CaptureCurrentArena:Capture () (at Assets/Editor/CaptureCurrentArena.cs:22)

[Assets/Scripts/GameState/GameManager.cs line 76]

CoverR: Destroy may not be called from edit mode! Use DestroyImmediate instead.
Destroying an object in edit mode destroys it permanently
UnityEngine.Debug:ExtractStackTraceNoAlloc (byte*,int,string)
UnityEngine.StackTraceUtility:ExtractStackTrace ()
UnityEngine.Object:Destroy (UnityEngine.Object,single)
UnityEngine.Object:Destroy (UnityEngine.Object)
QuizBattle.Arena.Visuals.CharacterVisualBuilder:CreatePrimitivePart (UnityEngine.Transform,string,UnityEngine.PrimitiveType,UnityEngine.Vector3,UnityEngine.Quaternion,UnityEngine.Vector3,UnityEngine.Material,System.Collections.Generic.List`1<UnityEngine.Renderer>) (at Assets/Scripts/Arena/Visuals/CharacterVisualBuilder.cs:340)
QuizBattle.Arena.Visuals.CharacterVisualBuilder:BuildVera (UnityEngine.Transform,QuizBattle.Characters.CharacterVisual&,System.Collections.Generic.List`1<UnityEngine.Renderer>,QuizBattle.Arena.Visuals.TokenIdleAnimator) (at Assets/Scripts/Arena/Visuals/CharacterVisualBuilder.cs:285)
QuizBattle.Arena.Visuals.CharacterVisualBuilder:Build (QuizBattle.Characters.CharacterVisual&,UnityEngine.Transform) (at Assets/Scripts/Arena/Visuals/CharacterVisualBuilder.cs:38)
QuizBattle.Arena.CharacterToken:Create (string,QuizBattle.Characters.CharacterVisual&,UnityEngine.Vector3) (at Assets/Scripts/Arena/CharacterToken.cs:54)
QuizBattle.GameState.GameManager:RunAutoPlayMatch (int,int) (at Assets/Scripts/GameState/GameManager.cs:76)
CaptureCurrentArena:Capture () (at Assets/Editor/CaptureCurrentArena.cs:22)

[Assets/Scripts/GameState/GameManager.cs line 76]

GlowPages: Destroy may not be called from edit mode! Use DestroyImmediate instead.
Destroying an object in edit mode destroys it permanently
UnityEngine.Debug:ExtractStackTraceNoAlloc (byte*,int,string)
UnityEngine.StackTraceUtility:ExtractStackTrace ()
UnityEngine.Object:Destroy (UnityEngine.Object,single)
UnityEngine.Object:Destroy (UnityEngine.Object)
QuizBattle.Arena.Visuals.CharacterVisualBuilder:CreatePrimitivePart (UnityEngine.Transform,string,UnityEngine.PrimitiveType,UnityEngine.Vector3,UnityEngine.Quaternion,UnityEngine.Vector3,UnityEngine.Material,System.Collections.Generic.List`1<UnityEngine.Renderer>) (at Assets/Scripts/Arena/Visuals/CharacterVisualBuilder.cs:340)
QuizBattle.Arena.Visuals.CharacterVisualBuilder:BuildVera (UnityEngine.Transform,QuizBattle.Characters.CharacterVisual&,System.Collections.Generic.List`1<UnityEngine.Renderer>,QuizBattle.Arena.Visuals.TokenIdleAnimator) (at Assets/Scripts/Arena/Visuals/CharacterVisualBuilder.cs:286)
QuizBattle.Arena.Visuals.CharacterVisualBuilder:Build (QuizBattle.Characters.CharacterVisual&,UnityEngine.Transform) (at Assets/Scripts/Arena/Visuals/CharacterVisualBuilder.cs:38)
QuizBattle.Arena.CharacterToken:Create (string,QuizBattle.Characters.CharacterVisual&,UnityEngine.Vector3) (at Assets/Scripts/Arena/CharacterToken.cs:54)
QuizBattle.GameState.GameManager:RunAutoPlayMatch (int,int) (at Assets/Scripts/GameState/GameManager.cs:76)
CaptureCurrentArena:Capture () (at Assets/Editor/CaptureCurrentArena.cs:22)

[Assets/Scripts/GameState/GameManager.cs line 76]

Orb: Destroy may not be called from edit mode! Use DestroyImmediate instead.
Destroying an object in edit mode destroys it permanently
UnityEngine.Debug:ExtractStackTraceNoAlloc (byte*,int,string)
UnityEngine.StackTraceUtility:ExtractStackTrace ()
UnityEngine.Object:Destroy (UnityEngine.Object,single)
UnityEngine.Object:Destroy (UnityEngine.Object)
QuizBattle.Arena.Visuals.CharacterVisualBuilder:CreatePrimitivePart (UnityEngine.Transform,string,UnityEngine.PrimitiveType,UnityEngine.Vector3,UnityEngine.Quaternion,UnityEngine.Vector3,UnityEngine.Material,System.Collections.Generic.List`1<UnityEngine.Renderer>) (at Assets/Scripts/Arena/Visuals/CharacterVisualBuilder.cs:340)
QuizBattle.Arena.Visuals.CharacterVisualBuilder:BuildVera (UnityEngine.Transform,QuizBattle.Characters.CharacterVisual&,System.Collections.Generic.List`1<UnityEngine.Renderer>,QuizBattle.Arena.Visuals.TokenIdleAnimator) (at Assets/Scripts/Arena/Visuals/CharacterVisualBuilder.cs:297)
QuizBattle.Arena.Visuals.CharacterVisualBuilder:Build (QuizBattle.Characters.CharacterVisual&,UnityEngine.Transform) (at Assets/Scripts/Arena/Visuals/CharacterVisualBuilder.cs:38)
QuizBattle.Arena.CharacterToken:Create (string,QuizBattle.Characters.CharacterVisual&,UnityEngine.Vector3) (at Assets/Scripts/Arena/CharacterToken.cs:54)
QuizBattle.GameState.GameManager:RunAutoPlayMatch (int,int) (at Assets/Scripts/GameState/GameManager.cs:76)
CaptureCurrentArena:Capture () (at Assets/Editor/CaptureCurrentArena.cs:22)

[Assets/Scripts/GameState/GameManager.cs line 76]

BlobShadow: Destroy may not be called from edit mode! Use DestroyImmediate instead.
Destroying an object in edit mode destroys it permanently
UnityEngine.Debug:ExtractStackTraceNoAlloc (byte*,int,string)
UnityEngine.StackTraceUtility:ExtractStackTrace ()
UnityEngine.Object:Destroy (UnityEngine.Object,single)
UnityEngine.Object:Destroy (UnityEngine.Object)
QuizBattle.Arena.Visuals.CharacterVisualBuilder:CreatePrimitivePart (UnityEngine.Transform,string,UnityEngine.PrimitiveType,UnityEngine.Vector3,UnityEngine.Quaternion,UnityEngine.Vector3,UnityEngine.Material,System.Collections.Generic.List`1<UnityEngine.Renderer>) (at Assets/Scripts/Arena/Visuals/CharacterVisualBuilder.cs:340)
QuizBattle.Arena.Visuals.CharacterVisualBuilder:AddGroundDisc (UnityEngine.Transform,UnityEngine.Color,System.Collections.Generic.List`1<UnityEngine.Renderer>,single) (at Assets/Scripts/Arena/Visuals/CharacterVisualBuilder.cs:307)
QuizBattle.Arena.Visuals.CharacterVisualBuilder:BuildVera (UnityEngine.Transform,QuizBattle.Characters.CharacterVisual&,System.Collections.Generic.List`1<UnityEngine.Renderer>,QuizBattle.Arena.Visuals.TokenIdleAnimator) (at Assets/Scripts/Arena/Visuals/CharacterVisualBuilder.cs:300)
QuizBattle.Arena.Visuals.CharacterVisualBuilder:Build (QuizBattle.Characters.CharacterVisual&,UnityEngine.Transform) (at Assets/Scripts/Arena/Visuals/CharacterVisualBuilder.cs:38)
QuizBattle.Arena.CharacterToken:Create (string,QuizBattle.Characters.CharacterVisual&,UnityEngine.Vector3) (at Assets/Scripts/Arena/CharacterToken.cs:54)
QuizBattle.GameState.GameManager:RunAutoPlayMatch (int,int) (at Assets/Scripts/GameState/GameManager.cs:76)
CaptureCurrentArena:Capture () (at Assets/Editor/CaptureCurrentArena.cs:22)

[Assets/Scripts/GameState/GameManager.cs line 76]

Instantiating material due to calling renderer.material during edit mode. This will leak materials into the scene. You most likely want to use renderer.sharedMaterial instead.
UnityEngine.Debug:ExtractStackTraceNoAlloc (byte*,int,string)
UnityEngine.StackTraceUtility:ExtractStackTrace ()
UnityEngine.Renderer:GetMaterial ()
UnityEngine.Renderer:get_material ()
TMPro.TextMeshPro:SetOutlineThickness (single) (at ./Library/PackageCache/com.unity.ugui@67707a67a4ab/Runtime/TMP/TextMeshPro.cs:1318)
TMPro.TMP_Text:set_outlineWidth (single) (at ./Library/PackageCache/com.unity.ugui@67707a67a4ab/Runtime/TMP/TMP_Text.cs:450)
QuizBattle.Arena.CharacterToken:CreateNameLabel (UnityEngine.Transform) (at Assets/Scripts/Arena/CharacterToken.cs:139)
QuizBattle.Arena.CharacterToken:Create (string,QuizBattle.Characters.CharacterVisual&,UnityEngine.Vector3) (at Assets/Scripts/Arena/CharacterToken.cs:61)
QuizBattle.GameState.GameManager:RunAutoPlayMatch (int,int) (at Assets/Scripts/GameState/GameManager.cs:76)
CaptureCurrentArena:Capture () (at Assets/Editor/CaptureCurrentArena.cs:22)

[Assets/Scripts/GameState/GameManager.cs line 76]

HpBarFrame: Destroy may not be called from edit mode! Use DestroyImmediate instead.
Destroying an object in edit mode destroys it permanently
UnityEngine.Debug:ExtractStackTraceNoAlloc (byte*,int,string)
UnityEngine.StackTraceUtility:ExtractStackTrace ()
UnityEngine.Object:Destroy (UnityEngine.Object,single)
UnityEngine.Object:Destroy (UnityEngine.Object)
QuizBattle.Arena.CharacterToken:CreateHpBar (UnityEngine.Transform,UnityEngine.Color) (at Assets/Scripts/Arena/CharacterToken.cs:155)
QuizBattle.Arena.CharacterToken:Create (string,QuizBattle.Characters.CharacterVisual&,UnityEngine.Vector3) (at Assets/Scripts/Arena/CharacterToken.cs:62)
QuizBattle.GameState.GameManager:RunAutoPlayMatch (int,int) (at Assets/Scripts/GameState/GameManager.cs:76)
CaptureCurrentArena:Capture () (at Assets/Editor/CaptureCurrentArena.cs:22)

[Assets/Scripts/GameState/GameManager.cs line 76]

HpBarBg: Destroy may not be called from edit mode! Use DestroyImmediate instead.
Destroying an object in edit mode destroys it permanently
UnityEngine.Debug:ExtractStackTraceNoAlloc (byte*,int,string)
UnityEngine.StackTraceUtility:ExtractStackTrace ()
UnityEngine.Object:Destroy (UnityEngine.Object,single)
UnityEngine.Object:Destroy (UnityEngine.Object)
QuizBattle.Arena.CharacterToken:CreateHpBar (UnityEngine.Transform,UnityEngine.Color) (at Assets/Scripts/Arena/CharacterToken.cs:174)
QuizBattle.Arena.CharacterToken:Create (string,QuizBattle.Characters.CharacterVisual&,UnityEngine.Vector3) (at Assets/Scripts/Arena/CharacterToken.cs:62)
QuizBattle.GameState.GameManager:RunAutoPlayMatch (int,int) (at Assets/Scripts/GameState/GameManager.cs:76)
CaptureCurrentArena:Capture () (at Assets/Editor/CaptureCurrentArena.cs:22)

[Assets/Scripts/GameState/GameManager.cs line 76]

HpBarFill: Destroy may not be called from edit mode! Use DestroyImmediate instead.
Destroying an object in edit mode destroys it permanently
UnityEngine.Debug:ExtractStackTraceNoAlloc (byte*,int,string)
UnityEngine.StackTraceUtility:ExtractStackTrace ()
UnityEngine.Object:Destroy (UnityEngine.Object,single)
UnityEngine.Object:Destroy (UnityEngine.Object)
QuizBattle.Arena.CharacterToken:CreateHpBar (UnityEngine.Transform,UnityEngine.Color) (at Assets/Scripts/Arena/CharacterToken.cs:197)
QuizBattle.Arena.CharacterToken:Create (string,QuizBattle.Characters.CharacterVisual&,UnityEngine.Vector3) (at Assets/Scripts/Arena/CharacterToken.cs:62)
QuizBattle.GameState.GameManager:RunAutoPlayMatch (int,int) (at Assets/Scripts/GameState/GameManager.cs:76)
CaptureCurrentArena:Capture () (at Assets/Editor/CaptureCurrentArena.cs:22)

[Assets/Scripts/GameState/GameManager.cs line 76]

MainIceCube: Destroy may not be called from edit mode! Use DestroyImmediate instead.
Destroying an object in edit mode destroys it permanently
UnityEngine.Debug:ExtractStackTraceNoAlloc (byte*,int,string)
UnityEngine.StackTraceUtility:ExtractStackTrace ()
UnityEngine.Object:Destroy (UnityEngine.Object,single)
UnityEngine.Object:Destroy (UnityEngine.Object)
QuizBattle.Arena.CharacterToken:CreateFrozenIndicator (UnityEngine.Transform) (at Assets/Scripts/Arena/CharacterToken.cs:96)
QuizBattle.Arena.CharacterToken:Create (string,QuizBattle.Characters.CharacterVisual&,UnityEngine.Vector3) (at Assets/Scripts/Arena/CharacterToken.cs:63)
QuizBattle.GameState.GameManager:RunAutoPlayMatch (int,int) (at Assets/Scripts/GameState/GameManager.cs:76)
CaptureCurrentArena:Capture () (at Assets/Editor/CaptureCurrentArena.cs:22)

[Assets/Scripts/GameState/GameManager.cs line 76]

IceSpike_0: Destroy may not be called from edit mode! Use DestroyImmediate instead.
Destroying an object in edit mode destroys it permanently
UnityEngine.Debug:ExtractStackTraceNoAlloc (byte*,int,string)
UnityEngine.StackTraceUtility:ExtractStackTrace ()
UnityEngine.Object:Destroy (UnityEngine.Object,single)
UnityEngine.Object:Destroy (UnityEngine.Object)
QuizBattle.Arena.CharacterToken:CreateFrozenIndicator (UnityEngine.Transform) (at Assets/Scripts/Arena/CharacterToken.cs:109)
QuizBattle.Arena.CharacterToken:Create (string,QuizBattle.Characters.CharacterVisual&,UnityEngine.Vector3) (at Assets/Scripts/Arena/CharacterToken.cs:63)
QuizBattle.GameState.GameManager:RunAutoPlayMatch (int,int) (at Assets/Scripts/GameState/GameManager.cs:76)
CaptureCurrentArena:Capture () (at Assets/Editor/CaptureCurrentArena.cs:22)

[Assets/Scripts/GameState/GameManager.cs line 76]

IceSpike_1: Destroy may not be called from edit mode! Use DestroyImmediate instead.
Destroying an object in edit mode destroys it permanently
UnityEngine.Debug:ExtractStackTraceNoAlloc (byte*,int,string)
UnityEngine.StackTraceUtility:ExtractStackTrace ()
UnityEngine.Object:Destroy (UnityEngine.Object,single)
UnityEngine.Object:Destroy (UnityEngine.Object)
QuizBattle.Arena.CharacterToken:CreateFrozenIndicator (UnityEngine.Transform) (at Assets/Scripts/Arena/CharacterToken.cs:109)
QuizBattle.Arena.CharacterToken:Create (string,QuizBattle.Characters.CharacterVisual&,UnityEngine.Vector3) (at Assets/Scripts/Arena/CharacterToken.cs:63)
QuizBattle.GameState.GameManager:RunAutoPlayMatch (int,int) (at Assets/Scripts/GameState/GameManager.cs:76)
CaptureCurrentArena:Capture () (at Assets/Editor/CaptureCurrentArena.cs:22)

[Assets/Scripts/GameState/GameManager.cs line 76]

IceSpike_2: Destroy may not be called from edit mode! Use DestroyImmediate instead.
Destroying an object in edit mode destroys it permanently
UnityEngine.Debug:ExtractStackTraceNoAlloc (byte*,int,string)
UnityEngine.StackTraceUtility:ExtractStackTrace ()
UnityEngine.Object:Destroy (UnityEngine.Object,single)
UnityEngine.Object:Destroy (UnityEngine.Object)
QuizBattle.Arena.CharacterToken:CreateFrozenIndicator (UnityEngine.Transform) (at Assets/Scripts/Arena/CharacterToken.cs:109)
QuizBattle.Arena.CharacterToken:Create (string,QuizBattle.Characters.CharacterVisual&,UnityEngine.Vector3) (at Assets/Scripts/Arena/CharacterToken.cs:63)
QuizBattle.GameState.GameManager:RunAutoPlayMatch (int,int) (at Assets/Scripts/GameState/GameManager.cs:76)
CaptureCurrentArena:Capture () (at Assets/Editor/CaptureCurrentArena.cs:22)

[Assets/Scripts/GameState/GameManager.cs line 76]

IceSpike_3: Destroy may not be called from edit mode! Use DestroyImmediate instead.
Destroying an object in edit mode destroys it permanently
UnityEngine.Debug:ExtractStackTraceNoAlloc (byte*,int,string)
UnityEngine.StackTraceUtility:ExtractStackTrace ()
UnityEngine.Object:Destroy (UnityEngine.Object,single)
UnityEngine.Object:Destroy (UnityEngine.Object)
QuizBattle.Arena.CharacterToken:CreateFrozenIndicator (UnityEngine.Transform) (at Assets/Scripts/Arena/CharacterToken.cs:109)
QuizBattle.Arena.CharacterToken:Create (string,QuizBattle.Characters.CharacterVisual&,UnityEngine.Vector3) (at Assets/Scripts/Arena/CharacterToken.cs:63)
QuizBattle.GameState.GameManager:RunAutoPlayMatch (int,int) (at Assets/Scripts/GameState/GameManager.cs:76)
CaptureCurrentArena:Capture () (at Assets/Editor/CaptureCurrentArena.cs:22)

[Assets/Scripts/GameState/GameManager.cs line 76]

FrostRing: Destroy may not be called from edit mode! Use DestroyImmediate instead.
Destroying an object in edit mode destroys it permanently
UnityEngine.Debug:ExtractStackTraceNoAlloc (byte*,int,string)
UnityEngine.StackTraceUtility:ExtractStackTrace ()
UnityEngine.Object:Destroy (UnityEngine.Object,single)
UnityEngine.Object:Destroy (UnityEngine.Object)
QuizBattle.Arena.CharacterToken:CreateFrozenIndicator (UnityEngine.Transform) (at Assets/Scripts/Arena/CharacterToken.cs:119)
QuizBattle.Arena.CharacterToken:Create (string,QuizBattle.Characters.CharacterVisual&,UnityEngine.Vector3) (at Assets/Scripts/Arena/CharacterToken.cs:63)
QuizBattle.GameState.GameManager:RunAutoPlayMatch (int,int) (at Assets/Scripts/GameState/GameManager.cs:76)
CaptureCurrentArena:Capture () (at Assets/Editor/CaptureCurrentArena.cs:22)

[Assets/Scripts/GameState/GameManager.cs line 76]

Torso: Destroy may not be called from edit mode! Use DestroyImmediate instead.
Destroying an object in edit mode destroys it permanently
UnityEngine.Debug:ExtractStackTraceNoAlloc (byte*,int,string)
UnityEngine.StackTraceUtility:ExtractStackTrace ()
UnityEngine.Object:Destroy (UnityEngine.Object,single)
UnityEngine.Object:Destroy (UnityEngine.Object)
QuizBattle.Arena.Visuals.CharacterVisualBuilder:CreatePrimitivePart (UnityEngine.Transform,string,UnityEngine.PrimitiveType,UnityEngine.Vector3,UnityEngine.Quaternion,UnityEngine.Vector3,UnityEngine.Material,System.Collections.Generic.List`1<UnityEngine.Renderer>) (at Assets/Scripts/Arena/Visuals/CharacterVisualBuilder.cs:340)
QuizBattle.Arena.Visuals.CharacterVisualBuilder:BuildZephyr (UnityEngine.Transform,QuizBattle.Characters.CharacterVisual&,System.Collections.Generic.List`1<UnityEngine.Renderer>,QuizBattle.Arena.Visuals.TokenIdleAnimator) (at Assets/Scripts/Arena/Visuals/CharacterVisualBuilder.cs:185)
QuizBattle.Arena.Visuals.CharacterVisualBuilder:Build (QuizBattle.Characters.CharacterVisual&,UnityEngine.Transform) (at Assets/Scripts/Arena/Visuals/CharacterVisualBuilder.cs:35)
QuizBattle.Arena.CharacterToken:Create (string,QuizBattle.Characters.CharacterVisual&,UnityEngine.Vector3) (at Assets/Scripts/Arena/CharacterToken.cs:54)
QuizBattle.GameState.GameManager:RunAutoPlayMatch (int,int) (at Assets/Scripts/GameState/GameManager.cs:76)
CaptureCurrentArena:Capture () (at Assets/Editor/CaptureCurrentArena.cs:22)

[Assets/Scripts/GameState/GameManager.cs line 76]

Vest: Destroy may not be called from edit mode! Use DestroyImmediate instead.
Destroying an object in edit mode destroys it permanently
UnityEngine.Debug:ExtractStackTraceNoAlloc (byte*,int,string)
UnityEngine.StackTraceUtility:ExtractStackTrace ()
UnityEngine.Object:Destroy (UnityEngine.Object,single)
UnityEngine.Object:Destroy (UnityEngine.Object)
QuizBattle.Arena.Visuals.CharacterVisualBuilder:CreatePrimitivePart (UnityEngine.Transform,string,UnityEngine.PrimitiveType,UnityEngine.Vector3,UnityEngine.Quaternion,UnityEngine.Vector3,UnityEngine.Material,System.Collections.Generic.List`1<UnityEngine.Renderer>) (at Assets/Scripts/Arena/Visuals/CharacterVisualBuilder.cs:340)
QuizBattle.Arena.Visuals.CharacterVisualBuilder:BuildZephyr (UnityEngine.Transform,QuizBattle.Characters.CharacterVisual&,System.Collections.Generic.List`1<UnityEngine.Renderer>,QuizBattle.Arena.Visuals.TokenIdleAnimator) (at Assets/Scripts/Arena/Visuals/CharacterVisualBuilder.cs:186)
QuizBattle.Arena.Visuals.CharacterVisualBuilder:Build (QuizBattle.Characters.CharacterVisual&,UnityEngine.Transform) (at Assets/Scripts/Arena/Visuals/CharacterVisualBuilder.cs:35)
QuizBattle.Arena.CharacterToken:Create (string,QuizBattle.Characters.CharacterVisual&,UnityEngine.Vector3) (at Assets/Scripts/Arena/CharacterToken.cs:54)
QuizBattle.GameState.GameManager:RunAutoPlayMatch (int,int) (at Assets/Scripts/GameState/GameManager.cs:76)
CaptureCurrentArena:Capture () (at Assets/Editor/CaptureCurrentArena.cs:22)

[Assets/Scripts/GameState/GameManager.cs line 76]

Belt: Destroy may not be called from edit mode! Use DestroyImmediate instead.
Destroying an object in edit mode destroys it permanently
UnityEngine.Debug:ExtractStackTraceNoAlloc (byte*,int,string)
UnityEngine.StackTraceUtility:ExtractStackTrace ()
UnityEngine.Object:Destroy (UnityEngine.Object,single)
UnityEngine.Object:Destroy (UnityEngine.Object)
QuizBattle.Arena.Visuals.CharacterVisualBuilder:CreatePrimitivePart (UnityEngine.Transform,string,UnityEngine.PrimitiveType,UnityEngine.Vector3,UnityEngine.Quaternion,UnityEngine.Vector3,UnityEngine.Material,System.Collections.Generic.List`1<UnityEngine.Renderer>) (at Assets/Scripts/Arena/Visuals/CharacterVisualBuilder.cs:340)
QuizBattle.Arena.Visuals.CharacterVisualBuilder:BuildZephyr (UnityEngine.Transform,QuizBattle.Characters.CharacterVisual&,System.Collections.Generic.List`1<UnityEngine.Renderer>,QuizBattle.Arena.Visuals.TokenIdleAnimator) (at Assets/Scripts/Arena/Visuals/CharacterVisualBuilder.cs:187)
QuizBattle.Arena.Visuals.CharacterVisualBuilder:Build (QuizBattle.Characters.CharacterVisual&,UnityEngine.Transform) (at Assets/Scripts/Arena/Visuals/CharacterVisualBuilder.cs:35)
QuizBattle.Arena.CharacterToken:Create (string,QuizBattle.Characters.CharacterVisual&,UnityEngine.Vector3) (at Assets/Scripts/Arena/CharacterToken.cs:54)
QuizBattle.GameState.GameManager:RunAutoPlayMatch (int,int) (at Assets/Scripts/GameState/GameManager.cs:76)
CaptureCurrentArena:Capture () (at Assets/Editor/CaptureCurrentArena.cs:22)

[Assets/Scripts/GameState/GameManager.cs line 76]

NinjaHood: Destroy may not be called from edit mode! Use DestroyImmediate instead.
Destroying an object in edit mode destroys it permanently
UnityEngine.Debug:ExtractStackTraceNoAlloc (byte*,int,string)
UnityEngine.StackTraceUtility:ExtractStackTrace ()
UnityEngine.Object:Destroy (UnityEngine.Object,single)
UnityEngine.Object:Destroy (UnityEngine.Object)
QuizBattle.Arena.Visuals.CharacterVisualBuilder:CreatePrimitivePart (UnityEngine.Transform,string,UnityEngine.PrimitiveType,UnityEngine.Vector3,UnityEngine.Quaternion,UnityEngine.Vector3,UnityEngine.Material,System.Collections.Generic.List`1<UnityEngine.Renderer>) (at Assets/Scripts/Arena/Visuals/CharacterVisualBuilder.cs:340)
QuizBattle.Arena.Visuals.CharacterVisualBuilder:BuildZephyr (UnityEngine.Transform,QuizBattle.Characters.CharacterVisual&,System.Collections.Generic.List`1<UnityEngine.Renderer>,QuizBattle.Arena.Visuals.TokenIdleAnimator) (at Assets/Scripts/Arena/Visuals/CharacterVisualBuilder.cs:190)
QuizBattle.Arena.Visuals.CharacterVisualBuilder:Build (QuizBattle.Characters.CharacterVisual&,UnityEngine.Transform) (at Assets/Scripts/Arena/Visuals/CharacterVisualBuilder.cs:35)
QuizBattle.Arena.CharacterToken:Create (string,QuizBattle.Characters.CharacterVisual&,UnityEngine.Vector3) (at Assets/Scripts/Arena/CharacterToken.cs:54)
QuizBattle.GameState.GameManager:RunAutoPlayMatch (int,int) (at Assets/Scripts/GameState/GameManager.cs:76)
CaptureCurrentArena:Capture () (at Assets/Editor/CaptureCurrentArena.cs:22)

[Assets/Scripts/GameState/GameManager.cs line 76]

FaceMask: Destroy may not be called from edit mode! Use DestroyImmediate instead.
Destroying an object in edit mode destroys it permanently
UnityEngine.Debug:ExtractStackTraceNoAlloc (byte*,int,string)
UnityEngine.StackTraceUtility:ExtractStackTrace ()
UnityEngine.Object:Destroy (UnityEngine.Object,single)
UnityEngine.Object:Destroy (UnityEngine.Object)
QuizBattle.Arena.Visuals.CharacterVisualBuilder:CreatePrimitivePart (UnityEngine.Transform,string,UnityEngine.PrimitiveType,UnityEngine.Vector3,UnityEngine.Quaternion,UnityEngine.Vector3,UnityEngine.Material,System.Collections.Generic.List`1<UnityEngine.Renderer>) (at Assets/Scripts/Arena/Visuals/CharacterVisualBuilder.cs:340)
QuizBattle.Arena.Visuals.CharacterVisualBuilder:BuildZephyr (UnityEngine.Transform,QuizBattle.Characters.CharacterVisual&,System.Collections.Generic.List`1<UnityEngine.Renderer>,QuizBattle.Arena.Visuals.TokenIdleAnimator) (at Assets/Scripts/Arena/Visuals/CharacterVisualBuilder.cs:191)
QuizBattle.Arena.Visuals.CharacterVisualBuilder:Build (QuizBattle.Characters.CharacterVisual&,UnityEngine.Transform) (at Assets/Scripts/Arena/Visuals/CharacterVisualBuilder.cs:35)
QuizBattle.Arena.CharacterToken:Create (string,QuizBattle.Characters.CharacterVisual&,UnityEngine.Vector3) (at Assets/Scripts/Arena/CharacterToken.cs:54)
QuizBattle.GameState.GameManager:RunAutoPlayMatch (int,int) (at Assets/Scripts/GameState/GameManager.cs:76)
CaptureCurrentArena:Capture () (at Assets/Editor/CaptureCurrentArena.cs:22)

[Assets/Scripts/GameState/GameManager.cs line 76]

EyeL: Destroy may not be called from edit mode! Use DestroyImmediate instead.
Destroying an object in edit mode destroys it permanently
UnityEngine.Debug:ExtractStackTraceNoAlloc (byte*,int,string)
UnityEngine.StackTraceUtility:ExtractStackTrace ()
UnityEngine.Object:Destroy (UnityEngine.Object,single)
UnityEngine.Object:Destroy (UnityEngine.Object)
QuizBattle.Arena.Visuals.CharacterVisualBuilder:CreatePrimitivePart (UnityEngine.Transform,string,UnityEngine.PrimitiveType,UnityEngine.Vector3,UnityEngine.Quaternion,UnityEngine.Vector3,UnityEngine.Material,System.Collections.Generic.List`1<UnityEngine.Renderer>) (at Assets/Scripts/Arena/Visuals/CharacterVisualBuilder.cs:340)
QuizBattle.Arena.Visuals.CharacterVisualBuilder:BuildZephyr (UnityEngine.Transform,QuizBattle.Characters.CharacterVisual&,System.Collections.Generic.List`1<UnityEngine.Renderer>,QuizBattle.Arena.Visuals.TokenIdleAnimator) (at Assets/Scripts/Arena/Visuals/CharacterVisualBuilder.cs:192)
QuizBattle.Arena.Visuals.CharacterVisualBuilder:Build (QuizBattle.Characters.CharacterVisual&,UnityEngine.Transform) (at Assets/Scripts/Arena/Visuals/CharacterVisualBuilder.cs:35)
QuizBattle.Arena.CharacterToken:Create (string,QuizBattle.Characters.CharacterVisual&,UnityEngine.Vector3) (at Assets/Scripts/Arena/CharacterToken.cs:54)
QuizBattle.GameState.GameManager:RunAutoPlayMatch (int,int) (at Assets/Scripts/GameState/GameManager.cs:76)
CaptureCurrentArena:Capture () (at Assets/Editor/CaptureCurrentArena.cs:22)

[Assets/Scripts/GameState/GameManager.cs line 76]

EyeR: Destroy may not be called from edit mode! Use DestroyImmediate instead.
Destroying an object in edit mode destroys it permanently
UnityEngine.Debug:ExtractStackTraceNoAlloc (byte*,int,string)
UnityEngine.StackTraceUtility:ExtractStackTrace ()
UnityEngine.Object:Destroy (UnityEngine.Object,single)
UnityEngine.Object:Destroy (UnityEngine.Object)
QuizBattle.Arena.Visuals.CharacterVisualBuilder:CreatePrimitivePart (UnityEngine.Transform,string,UnityEngine.PrimitiveType,UnityEngine.Vector3,UnityEngine.Quaternion,UnityEngine.Vector3,UnityEngine.Material,System.Collections.Generic.List`1<UnityEngine.Renderer>) (at Assets/Scripts/Arena/Visuals/CharacterVisualBuilder.cs:340)
QuizBattle.Arena.Visuals.CharacterVisualBuilder:BuildZephyr (UnityEngine.Transform,QuizBattle.Characters.CharacterVisual&,System.Collections.Generic.List`1<UnityEngine.Renderer>,QuizBattle.Arena.Visuals.TokenIdleAnimator) (at Assets/Scripts/Arena/Visuals/CharacterVisualBuilder.cs:193)
QuizBattle.Arena.Visuals.CharacterVisualBuilder:Build (QuizBattle.Characters.CharacterVisual&,UnityEngine.Transform) (at Assets/Scripts/Arena/Visuals/CharacterVisualBuilder.cs:35)
QuizBattle.Arena.CharacterToken:Create (string,QuizBattle.Characters.CharacterVisual&,UnityEngine.Vector3) (at Assets/Scripts/Arena/CharacterToken.cs:54)
QuizBattle.GameState.GameManager:RunAutoPlayMatch (int,int) (at Assets/Scripts/GameState/GameManager.cs:76)
CaptureCurrentArena:Capture () (at Assets/Editor/CaptureCurrentArena.cs:22)

[Assets/Scripts/GameState/GameManager.cs line 76]

ScarfTailL: Destroy may not be called from edit mode! Use DestroyImmediate instead.
Destroying an object in edit mode destroys it permanently
UnityEngine.Debug:ExtractStackTraceNoAlloc (byte*,int,string)
UnityEngine.StackTraceUtility:ExtractStackTrace ()
UnityEngine.Object:Destroy (UnityEngine.Object,single)
UnityEngine.Object:Destroy (UnityEngine.Object)
QuizBattle.Arena.Visuals.CharacterVisualBuilder:CreatePrimitivePart (UnityEngine.Transform,string,UnityEngine.PrimitiveType,UnityEngine.Vector3,UnityEngine.Quaternion,UnityEngine.Vector3,UnityEngine.Material,System.Collections.Generic.List`1<UnityEngine.Renderer>) (at Assets/Scripts/Arena/Visuals/CharacterVisualBuilder.cs:340)
QuizBattle.Arena.Visuals.CharacterVisualBuilder:BuildZephyr (UnityEngine.Transform,QuizBattle.Characters.CharacterVisual&,System.Collections.Generic.List`1<UnityEngine.Renderer>,QuizBattle.Arena.Visuals.TokenIdleAnimator) (at Assets/Scripts/Arena/Visuals/CharacterVisualBuilder.cs:196)
QuizBattle.Arena.Visuals.CharacterVisualBuilder:Build (QuizBattle.Characters.CharacterVisual&,UnityEngine.Transform) (at Assets/Scripts/Arena/Visuals/CharacterVisualBuilder.cs:35)
QuizBattle.Arena.CharacterToken:Create (string,QuizBattle.Characters.CharacterVisual&,UnityEngine.Vector3) (at Assets/Scripts/Arena/CharacterToken.cs:54)
QuizBattle.GameState.GameManager:RunAutoPlayMatch (int,int) (at Assets/Scripts/GameState/GameManager.cs:76)
CaptureCurrentArena:Capture () (at Assets/Editor/CaptureCurrentArena.cs:22)

[Assets/Scripts/GameState/GameManager.cs line 76]

ScarfTailR: Destroy may not be called from edit mode! Use DestroyImmediate instead.
Destroying an object in edit mode destroys it permanently
UnityEngine.Debug:ExtractStackTraceNoAlloc (byte*,int,string)
UnityEngine.StackTraceUtility:ExtractStackTrace ()
UnityEngine.Object:Destroy (UnityEngine.Object,single)
UnityEngine.Object:Destroy (UnityEngine.Object)
QuizBattle.Arena.Visuals.CharacterVisualBuilder:CreatePrimitivePart (UnityEngine.Transform,string,UnityEngine.PrimitiveType,UnityEngine.Vector3,UnityEngine.Quaternion,UnityEngine.Vector3,UnityEngine.Material,System.Collections.Generic.List`1<UnityEngine.Renderer>) (at Assets/Scripts/Arena/Visuals/CharacterVisualBuilder.cs:340)
QuizBattle.Arena.Visuals.CharacterVisualBuilder:BuildZephyr (UnityEngine.Transform,QuizBattle.Characters.CharacterVisual&,System.Collections.Generic.List`1<UnityEngine.Renderer>,QuizBattle.Arena.Visuals.TokenIdleAnimator) (at Assets/Scripts/Arena/Visuals/CharacterVisualBuilder.cs:197)
QuizBattle.Arena.Visuals.CharacterVisualBuilder:Build (QuizBattle.Characters.CharacterVisual&,UnityEngine.Transform) (at Assets/Scripts/Arena/Visuals/CharacterVisualBuilder.cs:35)
QuizBattle.Arena.CharacterToken:Create (string,QuizBattle.Characters.CharacterVisual&,UnityEngine.Vector3) (at Assets/Scripts/Arena/CharacterToken.cs:54)
QuizBattle.GameState.GameManager:RunAutoPlayMatch (int,int) (at Assets/Scripts/GameState/GameManager.cs:76)
CaptureCurrentArena:Capture () (at Assets/Editor/CaptureCurrentArena.cs:22)

[Assets/Scripts/GameState/GameManager.cs line 76]

Blade: Destroy may not be called from edit mode! Use DestroyImmediate instead.
Destroying an object in edit mode destroys it permanently
UnityEngine.Debug:ExtractStackTraceNoAlloc (byte*,int,string)
UnityEngine.StackTraceUtility:ExtractStackTrace ()
UnityEngine.Object:Destroy (UnityEngine.Object,single)
UnityEngine.Object:Destroy (UnityEngine.Object)
QuizBattle.Arena.Visuals.CharacterVisualBuilder:CreatePrimitivePart (UnityEngine.Transform,string,UnityEngine.PrimitiveType,UnityEngine.Vector3,UnityEngine.Quaternion,UnityEngine.Vector3,UnityEngine.Material,System.Collections.Generic.List`1<UnityEngine.Renderer>) (at Assets/Scripts/Arena/Visuals/CharacterVisualBuilder.cs:340)
QuizBattle.Arena.Visuals.CharacterVisualBuilder:BuildZephyr (UnityEngine.Transform,QuizBattle.Characters.CharacterVisual&,System.Collections.Generic.List`1<UnityEngine.Renderer>,QuizBattle.Arena.Visuals.TokenIdleAnimator) (at Assets/Scripts/Arena/Visuals/CharacterVisualBuilder.cs:206)
QuizBattle.Arena.Visuals.CharacterVisualBuilder:Build (QuizBattle.Characters.CharacterVisual&,UnityEngine.Transform) (at Assets/Scripts/Arena/Visuals/CharacterVisualBuilder.cs:35)
QuizBattle.Arena.CharacterToken:Create (string,QuizBattle.Characters.CharacterVisual&,UnityEngine.Vector3) (at Assets/Scripts/Arena/CharacterToken.cs:54)
QuizBattle.GameState.GameManager:RunAutoPlayMatch (int,int) (at Assets/Scripts/GameState/GameManager.cs:76)
CaptureCurrentArena:Capture () (at Assets/Editor/CaptureCurrentArena.cs:22)

[Assets/Scripts/GameState/GameManager.cs line 76]

Hilt: Destroy may not be called from edit mode! Use DestroyImmediate instead.
Destroying an object in edit mode destroys it permanently
UnityEngine.Debug:ExtractStackTraceNoAlloc (byte*,int,string)
UnityEngine.StackTraceUtility:ExtractStackTrace ()
UnityEngine.Object:Destroy (UnityEngine.Object,single)
UnityEngine.Object:Destroy (UnityEngine.Object)
QuizBattle.Arena.Visuals.CharacterVisualBuilder:CreatePrimitivePart (UnityEngine.Transform,string,UnityEngine.PrimitiveType,UnityEngine.Vector3,UnityEngine.Quaternion,UnityEngine.Vector3,UnityEngine.Material,System.Collections.Generic.List`1<UnityEngine.Renderer>) (at Assets/Scripts/Arena/Visuals/CharacterVisualBuilder.cs:340)
QuizBattle.Arena.Visuals.CharacterVisualBuilder:BuildZephyr (UnityEngine.Transform,QuizBattle.Characters.CharacterVisual&,System.Collections.Generic.List`1<UnityEngine.Renderer>,QuizBattle.Arena.Visuals.TokenIdleAnimator) (at Assets/Scripts/Arena/Visuals/CharacterVisualBuilder.cs:207)
QuizBattle.Arena.Visuals.CharacterVisualBuilder:Build (QuizBattle.Characters.CharacterVisual&,UnityEngine.Transform) (at Assets/Scripts/Arena/Visuals/CharacterVisualBuilder.cs:35)
QuizBattle.Arena.CharacterToken:Create (string,QuizBattle.Characters.CharacterVisual&,UnityEngine.Vector3) (at Assets/Scripts/Arena/CharacterToken.cs:54)
QuizBattle.GameState.GameManager:RunAutoPlayMatch (int,int) (at Assets/Scripts/GameState/GameManager.cs:76)
CaptureCurrentArena:Capture () (at Assets/Editor/CaptureCurrentArena.cs:22)

[Assets/Scripts/GameState/GameManager.cs line 76]

Blade: Destroy may not be called from edit mode! Use DestroyImmediate instead.
Destroying an object in edit mode destroys it permanently
UnityEngine.Debug:ExtractStackTraceNoAlloc (byte*,int,string)
UnityEngine.StackTraceUtility:ExtractStackTrace ()
UnityEngine.Object:Destroy (UnityEngine.Object,single)
UnityEngine.Object:Destroy (UnityEngine.Object)
QuizBattle.Arena.Visuals.CharacterVisualBuilder:CreatePrimitivePart (UnityEngine.Transform,string,UnityEngine.PrimitiveType,UnityEngine.Vector3,UnityEngine.Quaternion,UnityEngine.Vector3,UnityEngine.Material,System.Collections.Generic.List`1<UnityEngine.Renderer>) (at Assets/Scripts/Arena/Visuals/CharacterVisualBuilder.cs:340)
QuizBattle.Arena.Visuals.CharacterVisualBuilder:BuildZephyr (UnityEngine.Transform,QuizBattle.Characters.CharacterVisual&,System.Collections.Generic.List`1<UnityEngine.Renderer>,QuizBattle.Arena.Visuals.TokenIdleAnimator) (at Assets/Scripts/Arena/Visuals/CharacterVisualBuilder.cs:213)
QuizBattle.Arena.Visuals.CharacterVisualBuilder:Build (QuizBattle.Characters.CharacterVisual&,UnityEngine.Transform) (at Assets/Scripts/Arena/Visuals/CharacterVisualBuilder.cs:35)
QuizBattle.Arena.CharacterToken:Create (string,QuizBattle.Characters.CharacterVisual&,UnityEngine.Vector3) (at Assets/Scripts/Arena/CharacterToken.cs:54)
QuizBattle.GameState.GameManager:RunAutoPlayMatch (int,int) (at Assets/Scripts/GameState/GameManager.cs:76)
CaptureCurrentArena:Capture () (at Assets/Editor/CaptureCurrentArena.cs:22)

[Assets/Scripts/GameState/GameManager.cs line 76]

Hilt: Destroy may not be called from edit mode! Use DestroyImmediate instead.
Destroying an object in edit mode destroys it permanently
UnityEngine.Debug:ExtractStackTraceNoAlloc (byte*,int,string)
UnityEngine.StackTraceUtility:ExtractStackTrace ()
UnityEngine.Object:Destroy (UnityEngine.Object,single)
UnityEngine.Object:Destroy (UnityEngine.Object)
QuizBattle.Arena.Visuals.CharacterVisualBuilder:CreatePrimitivePart (UnityEngine.Transform,string,UnityEngine.PrimitiveType,UnityEngine.Vector3,UnityEngine.Quaternion,UnityEngine.Vector3,UnityEngine.Material,System.Collections.Generic.List`1<UnityEngine.Renderer>) (at Assets/Scripts/Arena/Visuals/CharacterVisualBuilder.cs:340)
QuizBattle.Arena.Visuals.CharacterVisualBuilder:BuildZephyr (UnityEngine.Transform,QuizBattle.Characters.CharacterVisual&,System.Collections.Generic.List`1<UnityEngine.Renderer>,QuizBattle.Arena.Visuals.TokenIdleAnimator) (at Assets/Scripts/Arena/Visuals/CharacterVisualBuilder.cs:214)
QuizBattle.Arena.Visuals.CharacterVisualBuilder:Build (QuizBattle.Characters.CharacterVisual&,UnityEngine.Transform) (at Assets/Scripts/Arena/Visuals/CharacterVisualBuilder.cs:35)
QuizBattle.Arena.CharacterToken:Create (string,QuizBattle.Characters.CharacterVisual&,UnityEngine.Vector3) (at Assets/Scripts/Arena/CharacterToken.cs:54)
QuizBattle.GameState.GameManager:RunAutoPlayMatch (int,int) (at Assets/Scripts/GameState/GameManager.cs:76)
CaptureCurrentArena:Capture () (at Assets/Editor/CaptureCurrentArena.cs:22)

[Assets/Scripts/GameState/GameManager.cs line 76]

LegL: Destroy may not be called from edit mode! Use DestroyImmediate instead.
Destroying an object in edit mode destroys it permanently
UnityEngine.Debug:ExtractStackTraceNoAlloc (byte*,int,string)
UnityEngine.StackTraceUtility:ExtractStackTrace ()
UnityEngine.Object:Destroy (UnityEngine.Object,single)
UnityEngine.Object:Destroy (UnityEngine.Object)
QuizBattle.Arena.Visuals.CharacterVisualBuilder:CreatePrimitivePart (UnityEngine.Transform,string,UnityEngine.PrimitiveType,UnityEngine.Vector3,UnityEngine.Quaternion,UnityEngine.Vector3,UnityEngine.Material,System.Collections.Generic.List`1<UnityEngine.Renderer>) (at Assets/Scripts/Arena/Visuals/CharacterVisualBuilder.cs:340)
QuizBattle.Arena.Visuals.CharacterVisualBuilder:BuildZephyr (UnityEngine.Transform,QuizBattle.Characters.CharacterVisual&,System.Collections.Generic.List`1<UnityEngine.Renderer>,QuizBattle.Arena.Visuals.TokenIdleAnimator) (at Assets/Scripts/Arena/Visuals/CharacterVisualBuilder.cs:227)
QuizBattle.Arena.Visuals.CharacterVisualBuilder:Build (QuizBattle.Characters.CharacterVisual&,UnityEngine.Transform) (at Assets/Scripts/Arena/Visuals/CharacterVisualBuilder.cs:35)
QuizBattle.Arena.CharacterToken:Create (string,QuizBattle.Characters.CharacterVisual&,UnityEngine.Vector3) (at Assets/Scripts/Arena/CharacterToken.cs:54)
QuizBattle.GameState.GameManager:RunAutoPlayMatch (int,int) (at Assets/Scripts/GameState/GameManager.cs:76)
CaptureCurrentArena:Capture () (at Assets/Editor/CaptureCurrentArena.cs:22)

[Assets/Scripts/GameState/GameManager.cs line 76]

LegR: Destroy may not be called from edit mode! Use DestroyImmediate instead.
Destroying an object in edit mode destroys it permanently
UnityEngine.Debug:ExtractStackTraceNoAlloc (byte*,int,string)
UnityEngine.StackTraceUtility:ExtractStackTrace ()
UnityEngine.Object:Destroy (UnityEngine.Object,single)
UnityEngine.Object:Destroy (UnityEngine.Object)
QuizBattle.Arena.Visuals.CharacterVisualBuilder:CreatePrimitivePart (UnityEngine.Transform,string,UnityEngine.PrimitiveType,UnityEngine.Vector3,UnityEngine.Quaternion,UnityEngine.Vector3,UnityEngine.Material,System.Collections.Generic.List`1<UnityEngine.Renderer>) (at Assets/Scripts/Arena/Visuals/CharacterVisualBuilder.cs:340)
QuizBattle.Arena.Visuals.CharacterVisualBuilder:BuildZephyr (UnityEngine.Transform,QuizBattle.Characters.CharacterVisual&,System.Collections.Generic.List`1<UnityEngine.Renderer>,QuizBattle.Arena.Visuals.TokenIdleAnimator) (at Assets/Scripts/Arena/Visuals/CharacterVisualBuilder.cs:228)
QuizBattle.Arena.Visuals.CharacterVisualBuilder:Build (QuizBattle.Characters.CharacterVisual&,UnityEngine.Transform) (at Assets/Scripts/Arena/Visuals/CharacterVisualBuilder.cs:35)
QuizBattle.Arena.CharacterToken:Create (string,QuizBattle.Characters.CharacterVisual&,UnityEngine.Vector3) (at Assets/Scripts/Arena/CharacterToken.cs:54)
QuizBattle.GameState.GameManager:RunAutoPlayMatch (int,int) (at Assets/Scripts/GameState/GameManager.cs:76)
CaptureCurrentArena:Capture () (at Assets/Editor/CaptureCurrentArena.cs:22)

[Assets/Scripts/GameState/GameManager.cs line 76]

FootL: Destroy may not be called from edit mode! Use DestroyImmediate instead.
Destroying an object in edit mode destroys it permanently
UnityEngine.Debug:ExtractStackTraceNoAlloc (byte*,int,string)
UnityEngine.StackTraceUtility:ExtractStackTrace ()
UnityEngine.Object:Destroy (UnityEngine.Object,single)
UnityEngine.Object:Destroy (UnityEngine.Object)
QuizBattle.Arena.Visuals.CharacterVisualBuilder:CreatePrimitivePart (UnityEngine.Transform,string,UnityEngine.PrimitiveType,UnityEngine.Vector3,UnityEngine.Quaternion,UnityEngine.Vector3,UnityEngine.Material,System.Collections.Generic.List`1<UnityEngine.Renderer>) (at Assets/Scripts/Arena/Visuals/CharacterVisualBuilder.cs:340)
QuizBattle.Arena.Visuals.CharacterVisualBuilder:BuildZephyr (UnityEngine.Transform,QuizBattle.Characters.CharacterVisual&,System.Collections.Generic.List`1<UnityEngine.Renderer>,QuizBattle.Arena.Visuals.TokenIdleAnimator) (at Assets/Scripts/Arena/Visuals/CharacterVisualBuilder.cs:229)
QuizBattle.Arena.Visuals.CharacterVisualBuilder:Build (QuizBattle.Characters.CharacterVisual&,UnityEngine.Transform) (at Assets/Scripts/Arena/Visuals/CharacterVisualBuilder.cs:35)
QuizBattle.Arena.CharacterToken:Create (string,QuizBattle.Characters.CharacterVisual&,UnityEngine.Vector3) (at Assets/Scripts/Arena/CharacterToken.cs:54)
QuizBattle.GameState.GameManager:RunAutoPlayMatch (int,int) (at Assets/Scripts/GameState/GameManager.cs:76)
CaptureCurrentArena:Capture () (at Assets/Editor/CaptureCurrentArena.cs:22)

[Assets/Scripts/GameState/GameManager.cs line 76]

FootR: Destroy may not be called from edit mode! Use DestroyImmediate instead.
Destroying an object in edit mode destroys it permanently
UnityEngine.Debug:ExtractStackTraceNoAlloc (byte*,int,string)
UnityEngine.StackTraceUtility:ExtractStackTrace ()
UnityEngine.Object:Destroy (UnityEngine.Object,single)
UnityEngine.Object:Destroy (UnityEngine.Object)
QuizBattle.Arena.Visuals.CharacterVisualBuilder:CreatePrimitivePart (UnityEngine.Transform,string,UnityEngine.PrimitiveType,UnityEngine.Vector3,UnityEngine.Quaternion,UnityEngine.Vector3,UnityEngine.Material,System.Collections.Generic.List`1<UnityEngine.Renderer>) (at Assets/Scripts/Arena/Visuals/CharacterVisualBuilder.cs:340)
QuizBattle.Arena.Visuals.CharacterVisualBuilder:BuildZephyr (UnityEngine.Transform,QuizBattle.Characters.CharacterVisual&,System.Collections.Generic.List`1<UnityEngine.Renderer>,QuizBattle.Arena.Visuals.TokenIdleAnimator) (at Assets/Scripts/Arena/Visuals/CharacterVisualBuilder.cs:230)
QuizBattle.Arena.Visuals.CharacterVisualBuilder:Build (QuizBattle.Characters.CharacterVisual&,UnityEngine.Transform) (at Assets/Scripts/Arena/Visuals/CharacterVisualBuilder.cs:35)
QuizBattle.Arena.CharacterToken:Create (string,QuizBattle.Characters.CharacterVisual&,UnityEngine.Vector3) (at Assets/Scripts/Arena/CharacterToken.cs:54)
QuizBattle.GameState.GameManager:RunAutoPlayMatch (int,int) (at Assets/Scripts/GameState/GameManager.cs:76)
CaptureCurrentArena:Capture () (at Assets/Editor/CaptureCurrentArena.cs:22)

[Assets/Scripts/GameState/GameManager.cs line 76]

BlobShadow: Destroy may not be called from edit mode! Use DestroyImmediate instead.
Destroying an object in edit mode destroys it permanently
UnityEngine.Debug:ExtractStackTraceNoAlloc (byte*,int,string)
UnityEngine.StackTraceUtility:ExtractStackTrace ()
UnityEngine.Object:Destroy (UnityEngine.Object,single)
UnityEngine.Object:Destroy (UnityEngine.Object)
QuizBattle.Arena.Visuals.CharacterVisualBuilder:CreatePrimitivePart (UnityEngine.Transform,string,UnityEngine.PrimitiveType,UnityEngine.Vector3,UnityEngine.Quaternion,UnityEngine.Vector3,UnityEngine.Material,System.Collections.Generic.List`1<UnityEngine.Renderer>) (at Assets/Scripts/Arena/Visuals/CharacterVisualBuilder.cs:340)
QuizBattle.Arena.Visuals.CharacterVisualBuilder:AddGroundDisc (UnityEngine.Transform,UnityEngine.Color,System.Collections.Generic.List`1<UnityEngine.Renderer>,single) (at Assets/Scripts/Arena/Visuals/CharacterVisualBuilder.cs:307)
QuizBattle.Arena.Visuals.CharacterVisualBuilder:BuildZephyr (UnityEngine.Transform,QuizBattle.Characters.CharacterVisual&,System.Collections.Generic.List`1<UnityEngine.Renderer>,QuizBattle.Arena.Visuals.TokenIdleAnimator) (at Assets/Scripts/Arena/Visuals/CharacterVisualBuilder.cs:232)
QuizBattle.Arena.Visuals.CharacterVisualBuilder:Build (QuizBattle.Characters.CharacterVisual&,UnityEngine.Transform) (at Assets/Scripts/Arena/Visuals/CharacterVisualBuilder.cs:35)
QuizBattle.Arena.CharacterToken:Create (string,QuizBattle.Characters.CharacterVisual&,UnityEngine.Vector3) (at Assets/Scripts/Arena/CharacterToken.cs:54)
QuizBattle.GameState.GameManager:RunAutoPlayMatch (int,int) (at Assets/Scripts/GameState/GameManager.cs:76)
CaptureCurrentArena:Capture () (at Assets/Editor/CaptureCurrentArena.cs:22)

[Assets/Scripts/GameState/GameManager.cs line 76]

Instantiating material due to calling renderer.material during edit mode. This will leak materials into the scene. You most likely want to use renderer.sharedMaterial instead.
UnityEngine.Debug:ExtractStackTraceNoAlloc (byte*,int,string)
UnityEngine.StackTraceUtility:ExtractStackTrace ()
UnityEngine.Renderer:GetMaterial ()
UnityEngine.Renderer:get_material ()
TMPro.TextMeshPro:SetOutlineThickness (single) (at ./Library/PackageCache/com.unity.ugui@67707a67a4ab/Runtime/TMP/TextMeshPro.cs:1318)
TMPro.TMP_Text:set_outlineWidth (single) (at ./Library/PackageCache/com.unity.ugui@67707a67a4ab/Runtime/TMP/TMP_Text.cs:450)
QuizBattle.Arena.CharacterToken:CreateNameLabel (UnityEngine.Transform) (at Assets/Scripts/Arena/CharacterToken.cs:139)
QuizBattle.Arena.CharacterToken:Create (string,QuizBattle.Characters.CharacterVisual&,UnityEngine.Vector3) (at Assets/Scripts/Arena/CharacterToken.cs:61)
QuizBattle.GameState.GameManager:RunAutoPlayMatch (int,int) (at Assets/Scripts/GameState/GameManager.cs:76)
CaptureCurrentArena:Capture () (at Assets/Editor/CaptureCurrentArena.cs:22)

[Assets/Scripts/GameState/GameManager.cs line 76]

HpBarFrame: Destroy may not be called from edit mode! Use DestroyImmediate instead.
Destroying an object in edit mode destroys it permanently
UnityEngine.Debug:ExtractStackTraceNoAlloc (byte*,int,string)
UnityEngine.StackTraceUtility:ExtractStackTrace ()
UnityEngine.Object:Destroy (UnityEngine.Object,single)
UnityEngine.Object:Destroy (UnityEngine.Object)
QuizBattle.Arena.CharacterToken:CreateHpBar (UnityEngine.Transform,UnityEngine.Color) (at Assets/Scripts/Arena/CharacterToken.cs:155)
QuizBattle.Arena.CharacterToken:Create (string,QuizBattle.Characters.CharacterVisual&,UnityEngine.Vector3) (at Assets/Scripts/Arena/CharacterToken.cs:62)
QuizBattle.GameState.GameManager:RunAutoPlayMatch (int,int) (at Assets/Scripts/GameState/GameManager.cs:76)
CaptureCurrentArena:Capture () (at Assets/Editor/CaptureCurrentArena.cs:22)

[Assets/Scripts/GameState/GameManager.cs line 76]

HpBarBg: Destroy may not be called from edit mode! Use DestroyImmediate instead.
Destroying an object in edit mode destroys it permanently
UnityEngine.Debug:ExtractStackTraceNoAlloc (byte*,int,string)
UnityEngine.StackTraceUtility:ExtractStackTrace ()
UnityEngine.Object:Destroy (UnityEngine.Object,single)
UnityEngine.Object:Destroy (UnityEngine.Object)
QuizBattle.Arena.CharacterToken:CreateHpBar (UnityEngine.Transform,UnityEngine.Color) (at Assets/Scripts/Arena/CharacterToken.cs:174)
QuizBattle.Arena.CharacterToken:Create (string,QuizBattle.Characters.CharacterVisual&,UnityEngine.Vector3) (at Assets/Scripts/Arena/CharacterToken.cs:62)
QuizBattle.GameState.GameManager:RunAutoPlayMatch (int,int) (at Assets/Scripts/GameState/GameManager.cs:76)
CaptureCurrentArena:Capture () (at Assets/Editor/CaptureCurrentArena.cs:22)

[Assets/Scripts/GameState/GameManager.cs line 76]

HpBarFill: Destroy may not be called from edit mode! Use DestroyImmediate instead.
Destroying an object in edit mode destroys it permanently
UnityEngine.Debug:ExtractStackTraceNoAlloc (byte*,int,string)
UnityEngine.StackTraceUtility:ExtractStackTrace ()
UnityEngine.Object:Destroy (UnityEngine.Object,single)
UnityEngine.Object:Destroy (UnityEngine.Object)
QuizBattle.Arena.CharacterToken:CreateHpBar (UnityEngine.Transform,UnityEngine.Color) (at Assets/Scripts/Arena/CharacterToken.cs:197)
QuizBattle.Arena.CharacterToken:Create (string,QuizBattle.Characters.CharacterVisual&,UnityEngine.Vector3) (at Assets/Scripts/Arena/CharacterToken.cs:62)
QuizBattle.GameState.GameManager:RunAutoPlayMatch (int,int) (at Assets/Scripts/GameState/GameManager.cs:76)
CaptureCurrentArena:Capture () (at Assets/Editor/CaptureCurrentArena.cs:22)

[Assets/Scripts/GameState/GameManager.cs line 76]

MainIceCube: Destroy may not be called from edit mode! Use DestroyImmediate instead.
Destroying an object in edit mode destroys it permanently
UnityEngine.Debug:ExtractStackTraceNoAlloc (byte*,int,string)
UnityEngine.StackTraceUtility:ExtractStackTrace ()
UnityEngine.Object:Destroy (UnityEngine.Object,single)
UnityEngine.Object:Destroy (UnityEngine.Object)
QuizBattle.Arena.CharacterToken:CreateFrozenIndicator (UnityEngine.Transform) (at Assets/Scripts/Arena/CharacterToken.cs:96)
QuizBattle.Arena.CharacterToken:Create (string,QuizBattle.Characters.CharacterVisual&,UnityEngine.Vector3) (at Assets/Scripts/Arena/CharacterToken.cs:63)
QuizBattle.GameState.GameManager:RunAutoPlayMatch (int,int) (at Assets/Scripts/GameState/GameManager.cs:76)
CaptureCurrentArena:Capture () (at Assets/Editor/CaptureCurrentArena.cs:22)

[Assets/Scripts/GameState/GameManager.cs line 76]

IceSpike_0: Destroy may not be called from edit mode! Use DestroyImmediate instead.
Destroying an object in edit mode destroys it permanently
UnityEngine.Debug:ExtractStackTraceNoAlloc (byte*,int,string)
UnityEngine.StackTraceUtility:ExtractStackTrace ()
UnityEngine.Object:Destroy (UnityEngine.Object,single)
UnityEngine.Object:Destroy (UnityEngine.Object)
QuizBattle.Arena.CharacterToken:CreateFrozenIndicator (UnityEngine.Transform) (at Assets/Scripts/Arena/CharacterToken.cs:109)
QuizBattle.Arena.CharacterToken:Create (string,QuizBattle.Characters.CharacterVisual&,UnityEngine.Vector3) (at Assets/Scripts/Arena/CharacterToken.cs:63)
QuizBattle.GameState.GameManager:RunAutoPlayMatch (int,int) (at Assets/Scripts/GameState/GameManager.cs:76)
CaptureCurrentArena:Capture () (at Assets/Editor/CaptureCurrentArena.cs:22)

[Assets/Scripts/GameState/GameManager.cs line 76]

IceSpike_1: Destroy may not be called from edit mode! Use DestroyImmediate instead.
Destroying an object in edit mode destroys it permanently
UnityEngine.Debug:ExtractStackTraceNoAlloc (byte*,int,string)
UnityEngine.StackTraceUtility:ExtractStackTrace ()
UnityEngine.Object:Destroy (UnityEngine.Object,single)
UnityEngine.Object:Destroy (UnityEngine.Object)
QuizBattle.Arena.CharacterToken:CreateFrozenIndicator (UnityEngine.Transform) (at Assets/Scripts/Arena/CharacterToken.cs:109)
QuizBattle.Arena.CharacterToken:Create (string,QuizBattle.Characters.CharacterVisual&,UnityEngine.Vector3) (at Assets/Scripts/Arena/CharacterToken.cs:63)
QuizBattle.GameState.GameManager:RunAutoPlayMatch (int,int) (at Assets/Scripts/GameState/GameManager.cs:76)
CaptureCurrentArena:Capture () (at Assets/Editor/CaptureCurrentArena.cs:22)

[Assets/Scripts/GameState/GameManager.cs line 76]

IceSpike_2: Destroy may not be called from edit mode! Use DestroyImmediate instead.
Destroying an object in edit mode destroys it permanently
UnityEngine.Debug:ExtractStackTraceNoAlloc (byte*,int,string)
UnityEngine.StackTraceUtility:ExtractStackTrace ()
UnityEngine.Object:Destroy (UnityEngine.Object,single)
UnityEngine.Object:Destroy (UnityEngine.Object)
QuizBattle.Arena.CharacterToken:CreateFrozenIndicator (UnityEngine.Transform) (at Assets/Scripts/Arena/CharacterToken.cs:109)
QuizBattle.Arena.CharacterToken:Create (string,QuizBattle.Characters.CharacterVisual&,UnityEngine.Vector3) (at Assets/Scripts/Arena/CharacterToken.cs:63)
QuizBattle.GameState.GameManager:RunAutoPlayMatch (int,int) (at Assets/Scripts/GameState/GameManager.cs:76)
CaptureCurrentArena:Capture () (at Assets/Editor/CaptureCurrentArena.cs:22)

[Assets/Scripts/GameState/GameManager.cs line 76]

IceSpike_3: Destroy may not be called from edit mode! Use DestroyImmediate instead.
Destroying an object in edit mode destroys it permanently
UnityEngine.Debug:ExtractStackTraceNoAlloc (byte*,int,string)
UnityEngine.StackTraceUtility:ExtractStackTrace ()
UnityEngine.Object:Destroy (UnityEngine.Object,single)
UnityEngine.Object:Destroy (UnityEngine.Object)
QuizBattle.Arena.CharacterToken:CreateFrozenIndicator (UnityEngine.Transform) (at Assets/Scripts/Arena/CharacterToken.cs:109)
QuizBattle.Arena.CharacterToken:Create (string,QuizBattle.Characters.CharacterVisual&,UnityEngine.Vector3) (at Assets/Scripts/Arena/CharacterToken.cs:63)
QuizBattle.GameState.GameManager:RunAutoPlayMatch (int,int) (at Assets/Scripts/GameState/GameManager.cs:76)
CaptureCurrentArena:Capture () (at Assets/Editor/CaptureCurrentArena.cs:22)

[Assets/Scripts/GameState/GameManager.cs line 76]

FrostRing: Destroy may not be called from edit mode! Use DestroyImmediate instead.
Destroying an object in edit mode destroys it permanently
UnityEngine.Debug:ExtractStackTraceNoAlloc (byte*,int,string)
UnityEngine.StackTraceUtility:ExtractStackTrace ()
UnityEngine.Object:Destroy (UnityEngine.Object,single)
UnityEngine.Object:Destroy (UnityEngine.Object)
QuizBattle.Arena.CharacterToken:CreateFrozenIndicator (UnityEngine.Transform) (at Assets/Scripts/Arena/CharacterToken.cs:119)
QuizBattle.Arena.CharacterToken:Create (string,QuizBattle.Characters.CharacterVisual&,UnityEngine.Vector3) (at Assets/Scripts/Arena/CharacterToken.cs:63)
QuizBattle.GameState.GameManager:RunAutoPlayMatch (int,int) (at Assets/Scripts/GameState/GameManager.cs:76)
CaptureCurrentArena:Capture () (at Assets/Editor/CaptureCurrentArena.cs:22)

[Assets/Scripts/GameState/GameManager.cs line 76]

[HUD] Match started! Race to the top row.
UnityEngine.Debug:ExtractStackTraceNoAlloc (byte*,int,string)
UnityEngine.StackTraceUtility:ExtractStackTrace ()
UnityEngine.DebugLogHandler:Internal_Log (UnityEngine.LogType,UnityEngine.LogOption,string,UnityEngine.Object)
UnityEngine.DebugLogHandler:LogFormat (UnityEngine.LogType,UnityEngine.Object,string,object[])
UnityEngine.Logger:Log (UnityEngine.LogType,object)
UnityEngine.Debug:Log (object)
QuizBattle.UI.HUD.HudController:Log (string) (at Assets/Scripts/UI/HUD/HudController.cs:197)
QuizBattle.GameState.GameManager:RunAutoPlayMatch (int,int) (at Assets/Scripts/GameState/GameManager.cs:82)
CaptureCurrentArena:Capture () (at Assets/Editor/CaptureCurrentArena.cs:22)

(Filename: Assets/Scripts/UI/HUD/HudController.cs Line: 197)

Instantiating material due to calling renderer.material during edit mode. This will leak materials into the scene. You most likely want to use renderer.sharedMaterial instead.
UnityEngine.Debug:ExtractStackTraceNoAlloc (byte*,int,string)
UnityEngine.StackTraceUtility:ExtractStackTrace ()
UnityEngine.Renderer:GetMaterial ()
UnityEngine.Renderer:get_material ()
TMPro.TextMeshPro:SetOutlineThickness (single) (at ./Library/PackageCache/com.unity.ugui@67707a67a4ab/Runtime/TMP/TextMeshPro.cs:1318)
TMPro.TMP_Text:set_outlineWidth (single) (at ./Library/PackageCache/com.unity.ugui@67707a67a4ab/Runtime/TMP/TMP_Text.cs:450)
QuizBattle.Arena.Visuals.FloatingCombatText:Spawn (UnityEngine.Vector3,string,UnityEngine.Color,single) (at Assets/Scripts/Arena/Visuals/FloatingCombatText.cs:40)
QuizBattle.GameState.GameManager:RunAutoPlayMatch (int,int) (at Assets/Scripts/GameState/GameManager.cs:106)
CaptureCurrentArena:Capture () (at Assets/Editor/CaptureCurrentArena.cs:22)

[Assets/Scripts/GameState/GameManager.cs line 106]

Instantiating material due to calling renderer.material during edit mode. This will leak materials into the scene. You most likely want to use renderer.sharedMaterial instead.
UnityEngine.Debug:ExtractStackTraceNoAlloc (byte*,int,string)
UnityEngine.StackTraceUtility:ExtractStackTrace ()
UnityEngine.Renderer:GetMaterial ()
UnityEngine.Renderer:get_material ()
TMPro.TextMeshPro:SetOutlineThickness (single) (at ./Library/PackageCache/com.unity.ugui@67707a67a4ab/Runtime/TMP/TextMeshPro.cs:1318)
TMPro.TMP_Text:set_outlineWidth (single) (at ./Library/PackageCache/com.unity.ugui@67707a67a4ab/Runtime/TMP/TMP_Text.cs:450)
QuizBattle.Arena.Visuals.FloatingCombatText:Spawn (UnityEngine.Vector3,string,UnityEngine.Color,single) (at Assets/Scripts/Arena/Visuals/FloatingCombatText.cs:40)
QuizBattle.GameState.GameManager:RunAutoPlayMatch (int,int) (at Assets/Scripts/GameState/GameManager.cs:106)
CaptureCurrentArena:Capture () (at Assets/Editor/CaptureCurrentArena.cs:22)

[Assets/Scripts/GameState/GameManager.cs line 106]

Instantiating material due to calling renderer.material during edit mode. This will leak materials into the scene. You most likely want to use renderer.sharedMaterial instead.
UnityEngine.Debug:ExtractStackTraceNoAlloc (byte*,int,string)
UnityEngine.StackTraceUtility:ExtractStackTrace ()
UnityEngine.Renderer:GetMaterial ()
UnityEngine.Renderer:get_material ()
TMPro.TextMeshPro:SetOutlineThickness (single) (at ./Library/PackageCache/com.unity.ugui@67707a67a4ab/Runtime/TMP/TextMeshPro.cs:1318)
TMPro.TMP_Text:set_outlineWidth (single) (at ./Library/PackageCache/com.unity.ugui@67707a67a4ab/Runtime/TMP/TMP_Text.cs:450)
QuizBattle.Arena.Visuals.FloatingCombatText:Spawn (UnityEngine.Vector3,string,UnityEngine.Color,single) (at Assets/Scripts/Arena/Visuals/FloatingCombatText.cs:40)
QuizBattle.GameState.GameManager:RunAutoPlayMatch (int,int) (at Assets/Scripts/GameState/GameManager.cs:106)
CaptureCurrentArena:Capture () (at Assets/Editor/CaptureCurrentArena.cs:22)

[Assets/Scripts/GameState/GameManager.cs line 106]

Instantiating material due to calling renderer.material during edit mode. This will leak materials into the scene. You most likely want to use renderer.sharedMaterial instead.
UnityEngine.Debug:ExtractStackTraceNoAlloc (byte*,int,string)
UnityEngine.StackTraceUtility:ExtractStackTrace ()
UnityEngine.Renderer:GetMaterial ()
UnityEngine.Renderer:get_material ()
TMPro.TextMeshPro:SetOutlineThickness (single) (at ./Library/PackageCache/com.unity.ugui@67707a67a4ab/Runtime/TMP/TextMeshPro.cs:1318)
TMPro.TMP_Text:set_outlineWidth (single) (at ./Library/PackageCache/com.unity.ugui@67707a67a4ab/Runtime/TMP/TMP_Text.cs:450)
QuizBattle.Arena.Visuals.FloatingCombatText:Spawn (UnityEngine.Vector3,string,UnityEngine.Color,single) (at Assets/Scripts/Arena/Visuals/FloatingCombatText.cs:40)
QuizBattle.GameState.GameManager:RunAutoPlayMatch (int,int) (at Assets/Scripts/GameState/GameManager.cs:106)
CaptureCurrentArena:Capture () (at Assets/Editor/CaptureCurrentArena.cs:22)

[Assets/Scripts/GameState/GameManager.cs line 106]

Instantiating material due to calling renderer.material during edit mode. This will leak materials into the scene. You most likely want to use renderer.sharedMaterial instead.
UnityEngine.Debug:ExtractStackTraceNoAlloc (byte*,int,string)
UnityEngine.StackTraceUtility:ExtractStackTrace ()
UnityEngine.Renderer:GetMaterial ()
UnityEngine.Renderer:get_material ()
TMPro.TextMeshPro:SetOutlineThickness (single) (at ./Library/PackageCache/com.unity.ugui@67707a67a4ab/Runtime/TMP/TextMeshPro.cs:1318)
TMPro.TMP_Text:set_outlineWidth (single) (at ./Library/PackageCache/com.unity.ugui@67707a67a4ab/Runtime/TMP/TMP_Text.cs:450)
QuizBattle.Arena.Visuals.FloatingCombatText:Spawn (UnityEngine.Vector3,string,UnityEngine.Color,single) (at Assets/Scripts/Arena/Visuals/FloatingCombatText.cs:40)
QuizBattle.GameState.GameManager:RunAutoPlayMatch (int,int) (at Assets/Scripts/GameState/GameManager.cs:106)
CaptureCurrentArena:Capture () (at Assets/Editor/CaptureCurrentArena.cs:22)

[Assets/Scripts/GameState/GameManager.cs line 106]

Vfx_Streaks: Destroy may not be called from edit mode! Use DestroyImmediate instead.
Destroying an object in edit mode destroys it permanently
UnityEngine.Debug:ExtractStackTraceNoAlloc (byte*,int,string)
UnityEngine.StackTraceUtility:ExtractStackTrace ()
UnityEngine.Object:Destroy (UnityEngine.Object,single)
QuizBattle.Arena.Vfx.ParticleFactory:Streaks (UnityEngine.Vector3,UnityEngine.Vector3,UnityEngine.Color,single,int) (at Assets/Scripts/Arena/Vfx/ParticleFactory.cs:103)
QuizBattle.Arena.Vfx.AbilityVfxPlayer:PlayBasicStrike (UnityEngine.Vector3,UnityEngine.Vector3,System.Collections.Generic.List`1<UnityEngine.ParticleSystem>) (at Assets/Scripts/Arena/Vfx/AbilityVfxPlayer.cs:97)
QuizBattle.Arena.Vfx.AbilityVfxPlayer:Play (string,UnityEngine.Vector3,UnityEngine.Vector3,bool) (at Assets/Scripts/Arena/Vfx/AbilityVfxPlayer.cs:40)
QuizBattle.GameState.GameManager:HandleReward (QuizBattle.GameState.MockEngine.PlayerState,QuizBattle.GameState.MockEngine.PendingReward,System.Random) (at Assets/Scripts/GameState/GameManager.cs:140)
QuizBattle.GameState.GameManager:RunAutoPlayMatch (int,int) (at Assets/Scripts/GameState/GameManager.cs:111)
CaptureCurrentArena:Capture () (at Assets/Editor/CaptureCurrentArena.cs:22)

[Assets/Scripts/GameState/GameManager.cs line 140]

Vfx_Burst: Destroy may not be called from edit mode! Use DestroyImmediate instead.
Destroying an object in edit mode destroys it permanently
UnityEngine.Debug:ExtractStackTraceNoAlloc (byte*,int,string)
UnityEngine.StackTraceUtility:ExtractStackTrace ()
UnityEngine.Object:Destroy (UnityEngine.Object,single)
QuizBattle.Arena.Vfx.ParticleFactory:Burst (UnityEngine.Vector3,UnityEngine.Color,single,int,single,single) (at Assets/Scripts/Arena/Vfx/ParticleFactory.cs:51)
QuizBattle.Arena.Vfx.AbilityVfxPlayer:PlayBasicStrike (UnityEngine.Vector3,UnityEngine.Vector3,System.Collections.Generic.List`1<UnityEngine.ParticleSystem>) (at Assets/Scripts/Arena/Vfx/AbilityVfxPlayer.cs:98)
QuizBattle.Arena.Vfx.AbilityVfxPlayer:Play (string,UnityEngine.Vector3,UnityEngine.Vector3,bool) (at Assets/Scripts/Arena/Vfx/AbilityVfxPlayer.cs:40)
QuizBattle.GameState.GameManager:HandleReward (QuizBattle.GameState.MockEngine.PlayerState,QuizBattle.GameState.MockEngine.PendingReward,System.Random) (at Assets/Scripts/GameState/GameManager.cs:140)
QuizBattle.GameState.GameManager:RunAutoPlayMatch (int,int) (at Assets/Scripts/GameState/GameManager.cs:111)
CaptureCurrentArena:Capture () (at Assets/Editor/CaptureCurrentArena.cs:22)

[Assets/Scripts/GameState/GameManager.cs line 140]

Vfx_RingWave: Destroy may not be called from edit mode! Use DestroyImmediate instead.
Destroying an object in edit mode destroys it permanently
UnityEngine.Debug:ExtractStackTraceNoAlloc (byte*,int,string)
UnityEngine.StackTraceUtility:ExtractStackTrace ()
UnityEngine.Object:Destroy (UnityEngine.Object,single)
QuizBattle.Arena.Vfx.ParticleFactory:RingWave (UnityEngine.Vector3,UnityEngine.Color,single,single,single,bool) (at Assets/Scripts/Arena/Vfx/ParticleFactory.cs:151)
QuizBattle.Arena.Vfx.AbilityVfxPlayer:PlayBasicStrike (UnityEngine.Vector3,UnityEngine.Vector3,System.Collections.Generic.List`1<UnityEngine.ParticleSystem>) (at Assets/Scripts/Arena/Vfx/AbilityVfxPlayer.cs:99)
QuizBattle.Arena.Vfx.AbilityVfxPlayer:Play (string,UnityEngine.Vector3,UnityEngine.Vector3,bool) (at Assets/Scripts/Arena/Vfx/AbilityVfxPlayer.cs:40)
QuizBattle.GameState.GameManager:HandleReward (QuizBattle.GameState.MockEngine.PlayerState,QuizBattle.GameState.MockEngine.PendingReward,System.Random) (at Assets/Scripts/GameState/GameManager.cs:140)
QuizBattle.GameState.GameManager:RunAutoPlayMatch (int,int) (at Assets/Scripts/GameState/GameManager.cs:111)
CaptureCurrentArena:Capture () (at Assets/Editor/CaptureCurrentArena.cs:22)

[Assets/Scripts/GameState/GameManager.cs line 140]

Instantiating material due to calling renderer.material during edit mode. This will leak materials into the scene. You most likely want to use renderer.sharedMaterial instead.
UnityEngine.Debug:ExtractStackTraceNoAlloc (byte*,int,string)
UnityEngine.StackTraceUtility:ExtractStackTrace ()
UnityEngine.Renderer:GetMaterial ()
UnityEngine.Renderer:get_material ()
TMPro.TextMeshPro:SetOutlineThickness (single) (at ./Library/PackageCache/com.unity.ugui@67707a67a4ab/Runtime/TMP/TextMeshPro.cs:1318)
TMPro.TMP_Text:set_outlineWidth (single) (at ./Library/PackageCache/com.unity.ugui@67707a67a4ab/Runtime/TMP/TMP_Text.cs:450)
QuizBattle.Arena.Visuals.FloatingCombatText:Spawn (UnityEngine.Vector3,string,UnityEngine.Color,single) (at Assets/Scripts/Arena/Visuals/FloatingCombatText.cs:40)
QuizBattle.GameState.GameManager:HandleReward (QuizBattle.GameState.MockEngine.PlayerState,QuizBattle.GameState.MockEngine.PendingReward,System.Random) (at Assets/Scripts/GameState/GameManager.cs:141)
QuizBattle.GameState.GameManager:RunAutoPlayMatch (int,int) (at Assets/Scripts/GameState/GameManager.cs:111)
CaptureCurrentArena:Capture () (at Assets/Editor/CaptureCurrentArena.cs:22)

[Assets/Scripts/GameState/GameManager.cs line 141]

[HUD] Aegis attacks Blaze for 15 dmg!
UnityEngine.Debug:ExtractStackTraceNoAlloc (byte*,int,string)
UnityEngine.StackTraceUtility:ExtractStackTrace ()
UnityEngine.DebugLogHandler:Internal_Log (UnityEngine.LogType,UnityEngine.LogOption,string,UnityEngine.Object)
UnityEngine.DebugLogHandler:LogFormat (UnityEngine.LogType,UnityEngine.Object,string,object[])
UnityEngine.Logger:Log (UnityEngine.LogType,object)
UnityEngine.Debug:Log (object)
QuizBattle.UI.HUD.HudController:Log (string) (at Assets/Scripts/UI/HUD/HudController.cs:197)
QuizBattle.GameState.GameManager:HandleReward (QuizBattle.GameState.MockEngine.PlayerState,QuizBattle.GameState.MockEngine.PendingReward,System.Random) (at Assets/Scripts/GameState/GameManager.cs:143)
QuizBattle.GameState.GameManager:RunAutoPlayMatch (int,int) (at Assets/Scripts/GameState/GameManager.cs:111)
CaptureCurrentArena:Capture () (at Assets/Editor/CaptureCurrentArena.cs:22)

(Filename: Assets/Scripts/UI/HUD/HudController.cs Line: 197)

Instantiating material due to calling renderer.material during edit mode. This will leak materials into the scene. You most likely want to use renderer.sharedMaterial instead.
UnityEngine.Debug:ExtractStackTraceNoAlloc (byte*,int,string)
UnityEngine.StackTraceUtility:ExtractStackTrace ()
UnityEngine.Renderer:GetMaterial ()
UnityEngine.Renderer:get_material ()
TMPro.TextMeshPro:SetOutlineThickness (single) (at ./Library/PackageCache/com.unity.ugui@67707a67a4ab/Runtime/TMP/TextMeshPro.cs:1318)
TMPro.TMP_Text:set_outlineWidth (single) (at ./Library/PackageCache/com.unity.ugui@67707a67a4ab/Runtime/TMP/TMP_Text.cs:450)
QuizBattle.Arena.Visuals.FloatingCombatText:Spawn (UnityEngine.Vector3,string,UnityEngine.Color,single) (at Assets/Scripts/Arena/Visuals/FloatingCombatText.cs:40)
QuizBattle.GameState.GameManager:RunAutoPlayMatch (int,int) (at Assets/Scripts/GameState/GameManager.cs:106)
CaptureCurrentArena:Capture () (at Assets/Editor/CaptureCurrentArena.cs:22)

[Assets/Scripts/GameState/GameManager.cs line 106]

Instantiating material due to calling renderer.material during edit mode. This will leak materials into the scene. You most likely want to use renderer.sharedMaterial instead.
UnityEngine.Debug:ExtractStackTraceNoAlloc (byte*,int,string)
UnityEngine.StackTraceUtility:ExtractStackTrace ()
UnityEngine.Renderer:GetMaterial ()
UnityEngine.Renderer:get_material ()
TMPro.TextMeshPro:SetOutlineThickness (single) (at ./Library/PackageCache/com.unity.ugui@67707a67a4ab/Runtime/TMP/TextMeshPro.cs:1318)
TMPro.TMP_Text:set_outlineWidth (single) (at ./Library/PackageCache/com.unity.ugui@67707a67a4ab/Runtime/TMP/TMP_Text.cs:450)
QuizBattle.Arena.Visuals.FloatingCombatText:Spawn (UnityEngine.Vector3,string,UnityEngine.Color,single) (at Assets/Scripts/Arena/Visuals/FloatingCombatText.cs:40)
QuizBattle.GameState.GameManager:RunAutoPlayMatch (int,int) (at Assets/Scripts/GameState/GameManager.cs:106)
CaptureCurrentArena:Capture () (at Assets/Editor/CaptureCurrentArena.cs:22)

[Assets/Scripts/GameState/GameManager.cs line 106]

Vfx_Beam: Destroy may not be called from edit mode! Use DestroyImmediate instead.
Destroying an object in edit mode destroys it permanently
UnityEngine.Debug:ExtractStackTraceNoAlloc (byte*,int,string)
UnityEngine.StackTraceUtility:ExtractStackTrace ()
UnityEngine.Object:Destroy (UnityEngine.Object,single)
UnityEngine.Object:Destroy (UnityEngine.Object)
QuizBattle.Arena.Vfx.ParticleFactory:Beam (UnityEngine.Vector3,UnityEngine.Vector3,UnityEngine.Color,single,single) (at Assets/Scripts/Arena/Vfx/ParticleFactory.cs:162)
QuizBattle.Arena.Vfx.AbilityVfxPlayer:PlayLifeDrain (UnityEngine.Vector3,UnityEngine.Vector3,System.Collections.Generic.List`1<UnityEngine.ParticleSystem>) (at Assets/Scripts/Arena/Vfx/AbilityVfxPlayer.cs:79)
QuizBattle.Arena.Vfx.AbilityVfxPlayer:Play (string,UnityEngine.Vector3,UnityEngine.Vector3,bool) (at Assets/Scripts/Arena/Vfx/AbilityVfxPlayer.cs:33)
QuizBattle.GameState.GameManager:HandleReward (QuizBattle.GameState.MockEngine.PlayerState,QuizBattle.GameState.MockEngine.PendingReward,System.Random) (at Assets/Scripts/GameState/GameManager.cs:140)
QuizBattle.GameState.GameManager:RunAutoPlayMatch (int,int) (at Assets/Scripts/GameState/GameManager.cs:111)
CaptureCurrentArena:Capture () (at Assets/Editor/CaptureCurrentArena.cs:22)

[Assets/Scripts/GameState/GameManager.cs line 140]

Vfx_Beam: Destroy may not be called from edit mode! Use DestroyImmediate instead.
Destroying an object in edit mode destroys it permanently
UnityEngine.Debug:ExtractStackTraceNoAlloc (byte*,int,string)
UnityEngine.StackTraceUtility:ExtractStackTrace ()
UnityEngine.Object:Destroy (UnityEngine.Object,single)
QuizBattle.Arena.Vfx.ParticleFactory:Beam (UnityEngine.Vector3,UnityEngine.Vector3,UnityEngine.Color,single,single) (at Assets/Scripts/Arena/Vfx/ParticleFactory.cs:177)
QuizBattle.Arena.Vfx.AbilityVfxPlayer:PlayLifeDrain (UnityEngine.Vector3,UnityEngine.Vector3,System.Collections.Generic.List`1<UnityEngine.ParticleSystem>) (at Assets/Scripts/Arena/Vfx/AbilityVfxPlayer.cs:79)
QuizBattle.Arena.Vfx.AbilityVfxPlayer:Play (string,UnityEngine.Vector3,UnityEngine.Vector3,bool) (at Assets/Scripts/Arena/Vfx/AbilityVfxPlayer.cs:33)
QuizBattle.GameState.GameManager:HandleReward (QuizBattle.GameState.MockEngine.PlayerState,QuizBattle.GameState.MockEngine.PendingReward,System.Random) (at Assets/Scripts/GameState/GameManager.cs:140)
QuizBattle.GameState.GameManager:RunAutoPlayMatch (int,int) (at Assets/Scripts/GameState/GameManager.cs:111)
CaptureCurrentArena:Capture () (at Assets/Editor/CaptureCurrentArena.cs:22)

[Assets/Scripts/GameState/GameManager.cs line 140]

Vfx_Burst: Destroy may not be called from edit mode! Use DestroyImmediate instead.
Destroying an object in edit mode destroys it permanently
UnityEngine.Debug:ExtractStackTraceNoAlloc (byte*,int,string)
UnityEngine.StackTraceUtility:ExtractStackTrace ()
UnityEngine.Object:Destroy (UnityEngine.Object,single)
QuizBattle.Arena.Vfx.ParticleFactory:Burst (UnityEngine.Vector3,UnityEngine.Color,single,int,single,single) (at Assets/Scripts/Arena/Vfx/ParticleFactory.cs:51)
QuizBattle.Arena.Vfx.AbilityVfxPlayer:PlayLifeDrain (UnityEngine.Vector3,UnityEngine.Vector3,System.Collections.Generic.List`1<UnityEngine.ParticleSystem>) (at Assets/Scripts/Arena/Vfx/AbilityVfxPlayer.cs:80)
QuizBattle.Arena.Vfx.AbilityVfxPlayer:Play (string,UnityEngine.Vector3,UnityEngine.Vector3,bool) (at Assets/Scripts/Arena/Vfx/AbilityVfxPlayer.cs:33)
QuizBattle.GameState.GameManager:HandleReward (QuizBattle.GameState.MockEngine.PlayerState,QuizBattle.GameState.MockEngine.PendingReward,System.Random) (at Assets/Scripts/GameState/GameManager.cs:140)
QuizBattle.GameState.GameManager:RunAutoPlayMatch (int,int) (at Assets/Scripts/GameState/GameManager.cs:111)
CaptureCurrentArena:Capture () (at Assets/Editor/CaptureCurrentArena.cs:22)

[Assets/Scripts/GameState/GameManager.cs line 140]

Vfx_Burst: Destroy may not be called from edit mode! Use DestroyImmediate instead.
Destroying an object in edit mode destroys it permanently
UnityEngine.Debug:ExtractStackTraceNoAlloc (byte*,int,string)
UnityEngine.StackTraceUtility:ExtractStackTrace ()
UnityEngine.Object:Destroy (UnityEngine.Object,single)
QuizBattle.Arena.Vfx.ParticleFactory:Burst (UnityEngine.Vector3,UnityEngine.Color,single,int,single,single) (at Assets/Scripts/Arena/Vfx/ParticleFactory.cs:51)
QuizBattle.Arena.Vfx.AbilityVfxPlayer:PlayLifeDrain (UnityEngine.Vector3,UnityEngine.Vector3,System.Collections.Generic.List`1<UnityEngine.ParticleSystem>) (at Assets/Scripts/Arena/Vfx/AbilityVfxPlayer.cs:81)
QuizBattle.Arena.Vfx.AbilityVfxPlayer:Play (string,UnityEngine.Vector3,UnityEngine.Vector3,bool) (at Assets/Scripts/Arena/Vfx/AbilityVfxPlayer.cs:33)
QuizBattle.GameState.GameManager:HandleReward (QuizBattle.GameState.MockEngine.PlayerState,QuizBattle.GameState.MockEngine.PendingReward,System.Random) (at Assets/Scripts/GameState/GameManager.cs:140)
QuizBattle.GameState.GameManager:RunAutoPlayMatch (int,int) (at Assets/Scripts/GameState/GameManager.cs:111)
CaptureCurrentArena:Capture () (at Assets/Editor/CaptureCurrentArena.cs:22)

[Assets/Scripts/GameState/GameManager.cs line 140]

Instantiating material due to calling renderer.material during edit mode. This will leak materials into the scene. You most likely want to use renderer.sharedMaterial instead.
UnityEngine.Debug:ExtractStackTraceNoAlloc (byte*,int,string)
UnityEngine.StackTraceUtility:ExtractStackTrace ()
UnityEngine.Renderer:GetMaterial ()
UnityEngine.Renderer:get_material ()
TMPro.TextMeshPro:SetOutlineThickness (single) (at ./Library/PackageCache/com.unity.ugui@67707a67a4ab/Runtime/TMP/TextMeshPro.cs:1318)
TMPro.TMP_Text:set_outlineWidth (single) (at ./Library/PackageCache/com.unity.ugui@67707a67a4ab/Runtime/TMP/TMP_Text.cs:450)
QuizBattle.Arena.Visuals.FloatingCombatText:Spawn (UnityEngine.Vector3,string,UnityEngine.Color,single) (at Assets/Scripts/Arena/Visuals/FloatingCombatText.cs:40)
QuizBattle.GameState.GameManager:HandleReward (QuizBattle.GameState.MockEngine.PlayerState,QuizBattle.GameState.MockEngine.PendingReward,System.Random) (at Assets/Scripts/GameState/GameManager.cs:141)
QuizBattle.GameState.GameManager:RunAutoPlayMatch (int,int) (at Assets/Scripts/GameState/GameManager.cs:111)
CaptureCurrentArena:Capture () (at Assets/Editor/CaptureCurrentArena.cs:22)

[Assets/Scripts/GameState/GameManager.cs line 141]

[HUD] Vera attacks Blaze for 16 dmg!
UnityEngine.Debug:ExtractStackTraceNoAlloc (byte*,int,string)
UnityEngine.StackTraceUtility:ExtractStackTrace ()
UnityEngine.DebugLogHandler:Internal_Log (UnityEngine.LogType,UnityEngine.LogOption,string,UnityEngine.Object)
UnityEngine.DebugLogHandler:LogFormat (UnityEngine.LogType,UnityEngine.Object,string,object[])
UnityEngine.Logger:Log (UnityEngine.LogType,object)
UnityEngine.Debug:Log (object)
QuizBattle.UI.HUD.HudController:Log (string) (at Assets/Scripts/UI/HUD/HudController.cs:197)
QuizBattle.GameState.GameManager:HandleReward (QuizBattle.GameState.MockEngine.PlayerState,QuizBattle.GameState.MockEngine.PendingReward,System.Random) (at Assets/Scripts/GameState/GameManager.cs:143)
QuizBattle.GameState.GameManager:RunAutoPlayMatch (int,int) (at Assets/Scripts/GameState/GameManager.cs:111)
CaptureCurrentArena:Capture () (at Assets/Editor/CaptureCurrentArena.cs:22)

(Filename: Assets/Scripts/UI/HUD/HudController.cs Line: 197)

Instantiating material due to calling renderer.material during edit mode. This will leak materials into the scene. You most likely want to use renderer.sharedMaterial instead.
UnityEngine.Debug:ExtractStackTraceNoAlloc (byte*,int,string)
UnityEngine.StackTraceUtility:ExtractStackTrace ()
UnityEngine.Renderer:GetMaterial ()
UnityEngine.Renderer:get_material ()
TMPro.TextMeshPro:SetOutlineThickness (single) (at ./Library/PackageCache/com.unity.ugui@67707a67a4ab/Runtime/TMP/TextMeshPro.cs:1318)
TMPro.TMP_Text:set_outlineWidth (single) (at ./Library/PackageCache/com.unity.ugui@67707a67a4ab/Runtime/TMP/TMP_Text.cs:450)
QuizBattle.Arena.Visuals.FloatingCombatText:Spawn (UnityEngine.Vector3,string,UnityEngine.Color,single) (at Assets/Scripts/Arena/Visuals/FloatingCombatText.cs:40)
QuizBattle.GameState.GameManager:RunAutoPlayMatch (int,int) (at Assets/Scripts/GameState/GameManager.cs:106)
CaptureCurrentArena:Capture () (at Assets/Editor/CaptureCurrentArena.cs:22)

[Assets/Scripts/GameState/GameManager.cs line 106]

Instantiating material due to calling renderer.material during edit mode. This will leak materials into the scene. You most likely want to use renderer.sharedMaterial instead.
UnityEngine.Debug:ExtractStackTraceNoAlloc (byte*,int,string)
UnityEngine.StackTraceUtility:ExtractStackTrace ()
UnityEngine.Renderer:GetMaterial ()
UnityEngine.Renderer:get_material ()
TMPro.TextMeshPro:SetOutlineThickness (single) (at ./Library/PackageCache/com.unity.ugui@67707a67a4ab/Runtime/TMP/TextMeshPro.cs:1318)
TMPro.TMP_Text:set_outlineWidth (single) (at ./Library/PackageCache/com.unity.ugui@67707a67a4ab/Runtime/TMP/TMP_Text.cs:450)
QuizBattle.Arena.Visuals.FloatingCombatText:Spawn (UnityEngine.Vector3,string,UnityEngine.Color,single) (at Assets/Scripts/Arena/Visuals/FloatingCombatText.cs:40)
QuizBattle.GameState.GameManager:RunAutoPlayMatch (int,int) (at Assets/Scripts/GameState/GameManager.cs:106)
CaptureCurrentArena:Capture () (at Assets/Editor/CaptureCurrentArena.cs:22)

[Assets/Scripts/GameState/GameManager.cs line 106]

[HUD] Aegis got a bonus move toward the goal!
UnityEngine.Debug:ExtractStackTraceNoAlloc (byte*,int,string)
UnityEngine.StackTraceUtility:ExtractStackTrace ()
UnityEngine.DebugLogHandler:Internal_Log (UnityEngine.LogType,UnityEngine.LogOption,string,UnityEngine.Object)
UnityEngine.DebugLogHandler:LogFormat (UnityEngine.LogType,UnityEngine.Object,string,object[])
UnityEngine.Logger:Log (UnityEngine.LogType,object)
UnityEngine.Debug:Log (object)
QuizBattle.UI.HUD.HudController:Log (string) (at Assets/Scripts/UI/HUD/HudController.cs:197)
QuizBattle.GameState.GameManager:HandleReward (QuizBattle.GameState.MockEngine.PlayerState,QuizBattle.GameState.MockEngine.PendingReward,System.Random) (at Assets/Scripts/GameState/GameManager.cs:168)
QuizBattle.GameState.GameManager:RunAutoPlayMatch (int,int) (at Assets/Scripts/GameState/GameManager.cs:111)
CaptureCurrentArena:Capture () (at Assets/Editor/CaptureCurrentArena.cs:22)

(Filename: Assets/Scripts/UI/HUD/HudController.cs Line: 197)

[HUD] MATCH OVER — winner: 1 (Goal)
UnityEngine.Debug:ExtractStackTraceNoAlloc (byte*,int,string)
UnityEngine.StackTraceUtility:ExtractStackTrace ()
UnityEngine.DebugLogHandler:Internal_Log (UnityEngine.LogType,UnityEngine.LogOption,string,UnityEngine.Object)
UnityEngine.DebugLogHandler:LogFormat (UnityEngine.LogType,UnityEngine.Object,string,object[])
UnityEngine.Logger:Log (UnityEngine.LogType,object)
UnityEngine.Debug:Log (object)
QuizBattle.UI.HUD.HudController:Log (string) (at Assets/Scripts/UI/HUD/HudController.cs:197)
QuizBattle.GameState.GameManager:RunAutoPlayMatch (int,int) (at Assets/Scripts/GameState/GameManager.cs:117)
CaptureCurrentArena:Capture () (at Assets/Editor/CaptureCurrentArena.cs:22)

(Filename: Assets/Scripts/UI/HUD/HudController.cs Line: 197)

Instantiating material due to calling renderer.material during edit mode. This will leak materials into the scene. You most likely want to use renderer.sharedMaterial instead.
UnityEngine.Debug:ExtractStackTraceNoAlloc (byte*,int,string)
UnityEngine.StackTraceUtility:ExtractStackTrace ()
UnityEngine.Renderer:GetMaterial ()
UnityEngine.Renderer:get_material ()
TMPro.TextMeshPro:SetOutlineThickness (single) (at ./Library/PackageCache/com.unity.ugui@67707a67a4ab/Runtime/TMP/TextMeshPro.cs:1318)
TMPro.TMP_Text:set_outlineWidth (single) (at ./Library/PackageCache/com.unity.ugui@67707a67a4ab/Runtime/TMP/TMP_Text.cs:450)
QuizBattle.Arena.Visuals.FloatingCombatText:Spawn (UnityEngine.Vector3,string,UnityEngine.Color,single) (at Assets/Scripts/Arena/Visuals/FloatingCombatText.cs:40)
CaptureCurrentArena:Capture () (at Assets/Editor/CaptureCurrentArena.cs:31)

[Assets/Editor/CaptureCurrentArena.cs line 31]

[CaptureCurrentArena] Saved arena_preview.png to C:\Users\engmh\.gemini\antigravity-ide\brain\1c945747-d0fc-4277-b165-3e3b6cc283d2\arena_preview.png
UnityEngine.Debug:ExtractStackTraceNoAlloc (byte*,int,string)
UnityEngine.StackTraceUtility:ExtractStackTrace ()
UnityEngine.DebugLogHandler:Internal_Log (UnityEngine.LogType,UnityEngine.LogOption,string,UnityEngine.Object)
UnityEngine.DebugLogHandler:LogFormat (UnityEngine.LogType,UnityEngine.Object,string,object[])
UnityEngine.Logger:Log (UnityEngine.LogType,object)
UnityEngine.Debug:Log (object)
CaptureCurrentArena:Capture () (at Assets/Editor/CaptureCurrentArena.cs:107)

(Filename: Assets/Editor/CaptureCurrentArena.cs Line: 107)

[CaptureCurrentArena] Saved arena_preview_16_9.png to C:\Users\engmh\.gemini\antigravity-ide\brain\1c945747-d0fc-4277-b165-3e3b6cc283d2\arena_preview_16_9.png
UnityEngine.Debug:ExtractStackTraceNoAlloc (byte*,int,string)
UnityEngine.StackTraceUtility:ExtractStackTrace ()
UnityEngine.DebugLogHandler:Internal_Log (UnityEngine.LogType,UnityEngine.LogOption,string,UnityEngine.Object)
UnityEngine.DebugLogHandler:LogFormat (UnityEngine.LogType,UnityEngine.Object,string,object[])
UnityEngine.Logger:Log (UnityEngine.LogType,object)
UnityEngine.Debug:Log (object)
CaptureCurrentArena:Capture () (at Assets/Editor/CaptureCurrentArena.cs:107)

(Filename: Assets/Editor/CaptureCurrentArena.cs Line: 107)

[CaptureCurrentArena] Saved arena_preview_19_5_9.png to C:\Users\engmh\.gemini\antigravity-ide\brain\1c945747-d0fc-4277-b165-3e3b6cc283d2\arena_preview_19_5_9.png
UnityEngine.Debug:ExtractStackTraceNoAlloc (byte*,int,string)
UnityEngine.StackTraceUtility:ExtractStackTrace ()
UnityEngine.DebugLogHandler:Internal_Log (UnityEngine.LogType,UnityEngine.LogOption,string,UnityEngine.Object)
UnityEngine.DebugLogHandler:LogFormat (UnityEngine.LogType,UnityEngine.Object,string,object[])
UnityEngine.Logger:Log (UnityEngine.LogType,object)
UnityEngine.Debug:Log (object)
CaptureCurrentArena:Capture () (at Assets/Editor/CaptureCurrentArena.cs:107)

(Filename: Assets/Editor/CaptureCurrentArena.cs Line: 107)

[CaptureCurrentArena] Saved arena_preview_20_9.png to C:\Users\engmh\.gemini\antigravity-ide\brain\1c945747-d0fc-4277-b165-3e3b6cc283d2\arena_preview_20_9.png
UnityEngine.Debug:ExtractStackTraceNoAlloc (byte*,int,string)
UnityEngine.StackTraceUtility:ExtractStackTrace ()
UnityEngine.DebugLogHandler:Internal_Log (UnityEngine.LogType,UnityEngine.LogOption,string,UnityEngine.Object)
UnityEngine.DebugLogHandler:LogFormat (UnityEngine.LogType,UnityEngine.Object,string,object[])
UnityEngine.Logger:Log (UnityEngine.LogType,object)
UnityEngine.Debug:Log (object)
CaptureCurrentArena:Capture () (at Assets/Editor/CaptureCurrentArena.cs:107)

(Filename: Assets/Editor/CaptureCurrentArena.cs Line: 107)

[CaptureCurrentArena] Saved arena_preview_4_3.png to C:\Users\engmh\.gemini\antigravity-ide\brain\1c945747-d0fc-4277-b165-3e3b6cc283d2\arena_preview_4_3.png
UnityEngine.Debug:ExtractStackTraceNoAlloc (byte*,int,string)
UnityEngine.StackTraceUtility:ExtractStackTrace ()
UnityEngine.DebugLogHandler:Internal_Log (UnityEngine.LogType,UnityEngine.LogOption,string,UnityEngine.Object)
UnityEngine.DebugLogHandler:LogFormat (UnityEngine.LogType,UnityEngine.Object,string,object[])
UnityEngine.Logger:Log (UnityEngine.LogType,object)
UnityEngine.Debug:Log (object)
CaptureCurrentArena:Capture () (at Assets/Editor/CaptureCurrentArena.cs:107)

(Filename: Assets/Editor/CaptureCurrentArena.cs Line: 107)

MonoPathRemapper: Attempts to remap: 19307; Successful remaps: 0
Serialized file version minimum: 23, current 23
Killing ADB server in 2.1179076 seconds.
[Physics::Module] Cleanup current backend.
[Physics::Module] Id: 0xf2b8ea05
Input System module state changed to: ShutdownInProgress.
Input Polling Thread exited.
Input System module state changed to: Shutdown.
[Licensing::IpcConnector] LicenseClient-engmh-notifications channel disconnected successfully.
[Licensing::IpcConnector] LicenseClient-engmh channel disconnected successfully.
Shut down.
AcceleratorClientConnectionCallback - disconnected - :0
Cleanup mono
CodeReloadManager destroyed
abort_threads: Failed aborting id: 0000000000005F84, mono_thread_manage will ignore it

abort_threads: Failed aborting id: 000000000000761C, mono_thread_manage will ignore it

abort_threads: Failed aborting id: 0000000000005F84, mono_thread_manage will ignore it

abort_threads: Failed aborting id: 000000000000761C, mono_thread_manage will ignore it

debugger-agent: Unable to listen on 3380
Checking for leaked weakptr:
  Found no leaked weakptrs.
[Package Manager] Server process was shutdown
##utp:{"type":"MemoryLeaks","version":2,"phase":"Immediate","time":1787865662473,"processId":12348,"allocatedMemory":17504422,"memoryLabels":[{"Default":217376},{"Permanent":15516},{"NewDelete":66843},{"Thread":4205216},{"Manager":819461},{"VertexData":8},{"Geometry":816},{"Texture":24},{"Shader":848986},{"Material":24},{"GfxDevice":58328},{"Animation":952},{"Audio":1544},{"FreeType":8},{"FontEngine":736},{"Physics":2146},{"Physics2D":16},{"Serialization":760},{"Input":42840},{"JobScheduler":256},{"TextLib":280},{"Mono":48},{"MonoCode":64},{"ScriptingNativeRuntime":1634444},{"BaseObject":1622616},{"Resource":1208},{"Renderer":3080},{"Transform":4685},{"File":1032},{"WebCam":616},{"Culling":32},{"Terrain":11442},{"Wind":24},{"STL":40},{"String":22787},{"StaticString":3808},{"Utility":2673238},{"Curl":2559},{"PoolAlloc":2360},{"AI":80},{"TypeTree":25285},{"CodeReload":448},{"RuntimeInitializeOnLoadManager":64},{"Sprites":102},{"SpriteAtlas":120},{"GI":7816},{"Director":8296},{"CloudService":8648},{"WebRequest":589},{"VR":47114},{"SceneManager":608},{"Video":64},{"LazyScriptCache":32},{"Camera":17},{"Secure":2377},{"SerializationCache":1576},{"APIUpdating":10320},{"Subsystems":336},{"VirtualTexturing":57888},{"StaticSafetyDebugInfo":278528},{"Analytics":552},{"Hierarchy":1176},{"UIElements":72},{"CoreStats":13688},{"Identifiers":6768},{"Gui":128},{"EditorUtility":136616},{"VersionControl":8},{"Undo":931},{"AssetDatabase":4571594},{"AssetImporter":40},{"EditorGi":328},{"UnityConnect":38905},{"Upm":1912},{"UpmDiagnostics":8},{"AssetCompliance":64},{"DrivenProperties":72},{"LocalIPC":211},{"ProfilerEditor":9746},{"CoreBusinessMetrics":3428},{"Windowing":456},{"Licensing":1232},{"AssetReference":32},{"IPCStream":32}]}
