[Licensing::Module] Trying to connect to existing licensing client channel...
Built from '6000.5/staging' branch; Version is '6000.5.7f1 (017862109af0) revision 96354'; Using compiler version '194234433'; Build Type 'Release'
[Licensing::IpcConnector] Channel LicenseClient-engmh doesn't exist
OS: 'Windows 11  (10.0.26200) Professional' Language: 'en' Physical Memory: 32368 MB
BatchMode: 1, IsHumanControllingUs: 0, StartBugReporterOnCrash: 0, Is64bit: 1
System  architecture: x64
Process architecture: x64
Date: 2026-08-27T21:11:36Z
[Licensing::Module] Successfully launched the LicensingClient (PId: 34524)

COMMAND LINE ARGUMENTS:
D:\Program Files\Editor\6000.5.7f1\Editor\Unity.exe
-batchmode
-projectPath
D:\game\game-client
-executeMethod
CaptureCurrentArena.Capture
-quit
-logFile
D:\game\unity-capture-check.log
Successfully changed project path to: D:\game\game-client
D:/game/game-client
[UnityMemory] Configuration Parameters - Can be set up in boot.config
    "memorysetup-temp-allocator-size-gi-baking-worker=262144"
    "memorysetup-temp-allocator-size-gi-baking-worker=262144"
    "memorysetup-temp-allocator-size-gi-baking-worker=262144"
    "memorysetup-temp-allocator-size-gi-baking-worker=262144"
    "memorysetup-temp-allocator-size-gi-baking-worker=262144"
    "memorysetup-temp-allocator-size-nav-mesh-worker=65536"
    "memorysetup-temp-allocator-size-audio-worker=65536"
    "memorysetup-temp-allocator-size-cloud-worker=32768"
    "memorysetup-temp-allocator-size-gfx=262144"
    "memorysetup-temp-allocator-size-preload-manager=33554432"
    "memorysetup-allocator-temp-initial-block-size-main=262144"
    "memorysetup-allocator-temp-initial-block-size-worker=262144"
    "memorysetup-temp-allocator-size-job-worker=262144"
    "memorysetup-temp-allocator-size-background-worker=32768"
    "memorysetup-bucket-allocator-granularity=16"
    "memorysetup-bucket-allocator-bucket-count=8"
    "memorysetup-bucket-allocator-block-size=33554432"
    "memorysetup-bucket-allocator-block-count=8"
    "memorysetup-main-allocator-block-size=16777216"
    "memorysetup-thread-allocator-block-size=16777216"
    "memorysetup-main-allocator-mimalloc-enabled=0"
    "memorysetup-gfx-main-allocator-block-size=16777216"
    "memorysetup-gfx-thread-allocator-block-size=16777216"
    "memorysetup-cache-allocator-block-size=4194304"
    "memorysetup-typetree-allocator-block-size=2097152"
    "memorysetup-profiler-bucket-allocator-granularity=16"
    "memorysetup-profiler-bucket-allocator-bucket-count=8"
    "memorysetup-profiler-bucket-allocator-block-size=33554432"
    "memorysetup-profiler-bucket-allocator-block-count=8"
    "memorysetup-profiler-allocator-block-size=16777216"
    "memorysetup-profiler-editor-allocator-block-size=1048576"
    "memorysetup-temp-allocator-size-main=16777216"
    "memorysetup-job-temp-allocator-block-size=2097152"
    "memorysetup-job-temp-allocator-block-size-background=1048576"
    "memorysetup-job-temp-allocator-reduction-small-platforms=262144"
Logging is directed to a specific file, skipping project log.Player connection [36836]  Target information:

Player connection [36836]  * "[IP] 10.0.0.111 [Port] 55504 [Flags] 2 [Guid] 139465957 [EditorId] 139465957 [Version] 1048832 [Id] WindowsEditor(7,DESKTOP-VJHN5MG) [Debug] 1 [PackageName] WindowsEditor [ProjectName] Editor" 

Player connection [36836] Host joined multi-casting on [225.0.0.222:54997]...
Player connection [36836] Host joined alternative multi-casting on [225.0.0.222:34997]...
Input System module state changed to: Initialized.
[Physics::Module] Initialized fallback backend.
[Physics::Module] Id: 0xdecafbad
Starting IPC server.
Waiting for clients to connect on \\.\pipe\Unity-LicenseClient-engmh, press Ctrl-C to exit.
[Licensing::IpcConnector] Successfully connected to: "LicenseClient-engmh" at "2026-08-27T21:11:36.4047887Z"
[Licensing::Client] Code 10 while verifying Licensing Client signature (process Id: 34524, path: "D:/Program Files/Editor/6000.5.7f1/Editor/Data/Resources/Licensing/Client/Unity.Licensing.Client.exe")
[Licensing::Module] LicensingClient has failed validation; ignoring
[Package Manager] Connected to IPC stream "Upm-28988" after 0.4 seconds.
[Licensing::Module] Licensing is not yet initialized.
[Licensing::Client] Handshaking with LicensingClient:
  Version:                 1.18.1+9fbee8e
  Session Id:              9b19924ca98b460e9d4c04d0fa78d864
  Correlation Id:          ec2e737556f5e17dfc1abcee5b59a4d2
  External correlation Id: 8239621283809369572
  Machine Id:              BvCvD9V+nLWzZG/D2RgCqRIYhiE=
[Licensing::Module] Successfully connected to LicensingClient on channel: "LicenseClient-engmh" (connect: 0.37s, validation: 0.27s, handshake: 0.06s)
[Licensing::IpcConnector] Successfully connected to: "LicenseClient-engmh-notifications" at "2026-08-27T21:11:36.7311971Z"
[Licensing::Module] Connected to LicensingClient (PId: 34524, launch time: 0.01, total connection time: 0.70s)
[Licensing::Module] Error: Access token is unavailable; failed to update
[Licensing::Client] Successfully resolved entitlement details
[Licensing::Module] License group:
  Id: 3574445819494-UnityPersXXXX
  Product: Unity Personal
  Type: Assigned
  Expiration: Unlimited
[Licensing::Client] Successfully updated license, isAsync: True, time: 0.01
[Licensing::Client] Successfully resolved entitlement details
[Licensing::Module] Licensing Background thread has ended after 0.77s
[Licensing::Module] Licensing is initialized (took 0.08s).
[Licensing::Client] Successfully resolved entitlement details
Library Redirect Path: Library/
[Physics::Module] Selected backend.
[Physics::Module] Name: PhysX
[Physics::Module] Id: 0xf2b8ea05
[Physics::Module] SDK Version: 4.1.2
[Physics::Module] Integration Version: 1.0.0
[Physics::Module] Threading Mode: Multi-Threaded
Initialize engine version: 6000.5.7f1 (017862109af0)
[Subsystems] Discovering subsystems at path D:/Program Files/Editor/6000.5.7f1/Editor/Data/Resources/UnitySubsystems
[Subsystems] Discovering subsystems at path D:/game/game-client/Assets
GfxDevice: creating device client; kGfxThreadingModeNonThreaded
d3d12: failed to query info queue interface (0x80004002).
Direct3D:
    Version:         Direct3D 12 [level 12.1]
    Renderer:        Intel(R) UHD Graphics (ID=0x9bca)
    Vendor:          Intel
    VRAM:            16184 MB
    App VRAM Budget: 15416 MB
    Driver:          31.0.101.2135
    Unified Memory Architecture
    Cache Coherent UMA
Initialize mono
Mono path[0] = 'D:/Program Files/Editor/6000.5.7f1/Editor/Data/Managed'
Mono path[1] = 'D:/Program Files/Editor/6000.5.7f1/Editor/Data/BCLExtensions/runtime/netstandard2.1'
Mono path[2] = 'D:/Program Files/Editor/6000.5.7f1/Editor/Data/MonoBleedingEdge/lib/mono/unityjit-win32'
Mono config path = 'D:/Program Files/Editor/6000.5.7f1/Editor/Data/MonoBleedingEdge/etc'
Using monoOptions --debugger-agent=transport=dt_socket,embedding=1,server=y,suspend=n,address=127.0.0.1:56988
CodeReloadManager initialized
ImportWorker Server TCP listen port: 0
AcceleratorClientConnectionCallback - disconnected - :0
Begin MonoManager ReloadAssembly
Registering precompiled unity dll's ...
Register platform support module: D:/Program Files/Editor/6000.5.7f1/Editor/Data/PlaybackEngines/WebGLSupport/UnityEditor.WebGL.Extensions.dll
Register platform support module: D:/Program Files/Editor/6000.5.7f1/Editor/Data/PlaybackEngines/WindowsStandaloneSupport/UnityEditor.WindowsStandalone.Extensions.dll
[Licensing::Client] Successfully resolved entitlement details
Register platform support module: D:/Program Files/Editor/6000.5.7f1/Editor/Data/PlaybackEngines/MetroSupport/UnityEditor.UWP.Extensions.dll
[Licensing::Client] Successfully resolved entitlement details
Register platform support module: D:/Program Files/Editor/6000.5.7f1/Editor/Data/PlaybackEngines/AndroidPlayer/UnityEditor.Android.Extensions.dll
Registered in 0.009912 seconds.
Native extension for Android target not found
Native extension for UWP target not found
Native extension for WindowsStandalone target not found
Native extension for WebGL target not found
Package Manager log level set to [2]
ScheduleIndexationOnStartup MainProcess:False IndexOnStartup:True
Mono: successfully reloaded assembly
- Finished resetting the current domain, in  0.648 seconds
Domain Reload Profiling: 1463ms
	BeginReloadAssembly (235ms)
		CreateAndSetChildDomain (31ms)
	RebuildCommonClasses (7ms)
	RebuildNativeTypeToScriptingClass (27ms)
	initialDomainReloadingComplete (91ms)
	LoadAllAssembliesAndSetupDomain (451ms)
		LoadAssemblies (202ms)
		AnalyzeDomain (337ms)
			TypeCache.Refresh (334ms)
				TypeCache.ScanAssembly (312ms)
	FinalizeReload (652ms)
		SetupLoadedEditorAssemblies (0ms)
			InitializePlatformSupportModulesInManaged (71ms)
			BeforeProcessingInitializeOnLoad (147ms)
			ProcessInitializeOnLoadAttributes (152ms)
			ProcessInitializeOnLoadMethodAttributes (162ms)
[Licensing::Client] Successfully resolved entitlement details
Application.AssetDatabase Initial Refresh Start
[Package Manager] Restoring resolved packages state from cache
[Licensing::Client] Successfully resolved entitlement details
[Package Manager] Registered 54 packages:
  Packages from [https://packages.unity.com]:
    com.unity.nuget.newtonsoft-json@3.2.1 (location: D:\game\game-client\Library\PackageCache\com.unity.nuget.newtonsoft-json@74deb55db2a0)
    com.unity.postprocessing@3.5.4 (location: D:\game\game-client\Library\PackageCache\com.unity.postprocessing@141166b789e3)
    com.unity.searcher@4.9.4 (location: D:\game\game-client\Library\PackageCache\com.unity.searcher@d45a78918735)
    com.unity.burst@1.8.30 (location: D:\game\game-client\Library\PackageCache\com.unity.burst@2f3d916873ea)
    com.unity.nuget.mono-cecil@1.11.6 (location: D:\game\game-client\Library\PackageCache\com.unity.nuget.mono-cecil@ecb9724e46ff)
    com.unity.test-framework.performance@3.5.0 (location: D:\game\game-client\Library\PackageCache\com.unity.test-framework.performance@8b56083ec0f0)
  Built-in packages:
    com.unity.multiplayer.center@1.0.1 (location: D:\game\game-client\Library\PackageCache\com.unity.multiplayer.center@b860850997d0)
    com.unity.render-pipelines.universal@17.5.0 (location: D:\game\game-client\Library\PackageCache\com.unity.render-pipelines.universal@73b4c4ff130e)
    com.unity.test-framework@1.7.0 (location: D:\game\game-client\Library\PackageCache\com.unity.test-framework@1405238725ab)
    com.unity.textmeshpro@5.0.0 (location: D:\game\game-client\Library\PackageCache\com.unity.textmeshpro@53f43edfd2e0)
    com.unity.modules.accessibility@1.0.0 (location: D:\game\game-client\Library\PackageCache\com.unity.modules.accessibility)
    com.unity.modules.adaptiveperformance@1.0.0 (location: D:\game\game-client\Library\PackageCache\com.unity.modules.adaptiveperformance)
    com.unity.modules.ai@1.0.0 (location: D:\game\game-client\Library\PackageCache\com.unity.modules.ai)
    com.unity.modules.androidjni@1.0.0 (location: D:\game\game-client\Library\PackageCache\com.unity.modules.androidjni)
    com.unity.modules.animation@1.0.0 (location: D:\game\game-client\Library\PackageCache\com.unity.modules.animation)
    com.unity.modules.assetbundle@1.0.0 (location: D:\game\game-client\Library\PackageCache\com.unity.modules.assetbundle)
    com.unity.modules.audio@1.0.0 (location: D:\game\game-client\Library\PackageCache\com.unity.modules.audio)
    com.unity.modules.cloth@1.0.0 (location: D:\game\game-client\Library\PackageCache\com.unity.modules.cloth)
    com.unity.modules.director@1.0.0 (location: D:\game\game-client\Library\PackageCache\com.unity.modules.director)
    com.unity.modules.imageconversion@1.0.0 (location: D:\game\game-client\Library\PackageCache\com.unity.modules.imageconversion)
    com.unity.modules.imgui@1.0.0 (location: D:\game\game-client\Library\PackageCache\com.unity.modules.imgui)
    com.unity.modules.jsonserialize@1.0.0 (location: D:\game\game-client\Library\PackageCache\com.unity.modules.jsonserialize)
    com.unity.modules.particlesystem@1.0.0 (location: D:\game\game-client\Library\PackageCache\com.unity.modules.particlesystem)
    com.unity.modules.physics@1.0.0 (location: D:\game\game-client\Library\PackageCache\com.unity.modules.physics)
    com.unity.modules.physics2d@1.0.0 (location: D:\game\game-client\Library\PackageCache\com.unity.modules.physics2d)
    com.unity.modules.physicscore2d@1.0.0 (location: D:\game\game-client\Library\PackageCache\com.unity.modules.physicscore2d)
    com.unity.modules.screencapture@1.0.0 (location: D:\game\game-client\Library\PackageCache\com.unity.modules.screencapture)
    com.unity.modules.terrain@1.0.0 (location: D:\game\game-client\Library\PackageCache\com.unity.modules.terrain)
    com.unity.modules.terrainphysics@1.0.0 (location: D:\game\game-client\Library\PackageCache\com.unity.modules.terrainphysics)
    com.unity.modules.tilemap@1.0.0 (location: D:\game\game-client\Library\PackageCache\com.unity.modules.tilemap)
    com.unity.modules.ui@1.0.0 (location: D:\game\game-client\Library\PackageCache\com.unity.modules.ui)
    com.unity.modules.uielements@1.0.0 (location: D:\game\game-client\Library\PackageCache\com.unity.modules.uielements)
    com.unity.modules.umbra@1.0.0 (location: D:\game\game-client\Library\PackageCache\com.unity.modules.umbra)
    com.unity.modules.unityanalytics@1.0.0 (location: D:\game\game-client\Library\PackageCache\com.unity.modules.unityanalytics)
    com.unity.modules.unitywebrequest@1.0.0 (location: D:\game\game-client\Library\PackageCache\com.unity.modules.unitywebrequest)
    com.unity.modules.unitywebrequestassetbundle@1.0.0 (location: D:\game\game-client\Library\PackageCache\com.unity.modules.unitywebrequestassetbundle)
    com.unity.modules.unitywebrequestaudio@1.0.0 (location: D:\game\game-client\Library\PackageCache\com.unity.modules.unitywebrequestaudio)
    com.unity.modules.unitywebrequesttexture@1.0.0 (location: D:\game\game-client\Library\PackageCache\com.unity.modules.unitywebrequesttexture)
    com.unity.modules.unitywebrequestwww@1.0.0 (location: D:\game\game-client\Library\PackageCache\com.unity.modules.unitywebrequestwww)
    com.unity.modules.vectorgraphics@1.0.0 (location: D:\game\game-client\Library\PackageCache\com.unity.modules.vectorgraphics)
    com.unity.modules.vehicles@1.0.0 (location: D:\game\game-client\Library\PackageCache\com.unity.modules.vehicles)
    com.unity.modules.video@1.0.0 (location: D:\game\game-client\Library\PackageCache\com.unity.modules.video)
    com.unity.modules.wind@1.0.0 (location: D:\game\game-client\Library\PackageCache\com.unity.modules.wind)
    com.unity.modules.xr@1.0.0 (location: D:\game\game-client\Library\PackageCache\com.unity.modules.xr)
    com.unity.modules.subsystems@1.0.0 (location: D:\game\game-client\Library\PackageCache\com.unity.modules.subsystems)
    com.unity.modules.hierarchycore@1.0.0 (location: D:\game\game-client\Library\PackageCache\com.unity.modules.hierarchycore)
    com.unity.ugui@2.5.0 (location: D:\game\game-client\Library\PackageCache\com.unity.ugui@67707a67a4ab)
    com.unity.ext.nunit@2.1.0 (location: D:\game\game-client\Library\PackageCache\com.unity.ext.nunit@44f7d31723bd)
    com.unity.render-pipelines.core@17.5.0 (location: D:\game\game-client\Library\PackageCache\com.unity.render-pipelines.core@645717f21c5f)
    com.unity.shadergraph@17.5.0 (location: D:\game\game-client\Library\PackageCache\com.unity.shadergraph@8d7376ec43ee)
    com.unity.render-pipelines.universal-config@17.5.0 (location: D:\game\game-client\Library\PackageCache\com.unity.render-pipelines.universal-config@fdda01c80fe3)
    com.unity.collections@6.5.0 (location: D:\game\game-client\Library\PackageCache\com.unity.collections@ec2c217e4cb2)
    com.unity.mathematics@1.4.0 (location: D:\game\game-client\Library\PackageCache\com.unity.mathematics@981956d94fb6)
  Git packages:
    com.endel.nativewebsocket@https://github.com/endel/NativeWebSocket.git#upm (location: D:\game\game-client\Library\PackageCache\com.endel.nativewebsocket@ea014c9ae534)
[Package Manager] com.unity.textmeshpro is deprecated: This package is no longer supported. TextMeshPro functionalities are now included in the com.unity.ugui package. To continue using them, consider adding it to your project dependencies.
[Subsystems] No new subsystems found in resolved package list.
[Package Manager] Done registering packages in 0.02 seconds
[ScriptCompilation] Requested script compilation because: AssetDatabase observed changes in script compilation related files
info: Microsoft.Hosting.Lifetime[14]
      Now listening on: http://localhost:80
info: Microsoft.Hosting.Lifetime[0]
      Application started. Press Ctrl+C to shut down.
info: Microsoft.Hosting.Lifetime[0]
      Hosting environment: Production
info: Microsoft.Hosting.Lifetime[0]
      Content root path: D:\game\game-client
info: Microsoft.AspNetCore.Hosting.Diagnostics[1]
      Request starting HTTP/2 POST http://ilpp/UnityILPP.PostProcessing/Ping - application/grpc -
info: Microsoft.AspNetCore.Routing.EndpointMiddleware[0]
      Executing endpoint 'gRPC - /UnityILPP.PostProcessing/Ping'
info: Microsoft.AspNetCore.Routing.EndpointMiddleware[1]
      Executed endpoint 'gRPC - /UnityILPP.PostProcessing/Ping'
info: Microsoft.AspNetCore.Hosting.Diagnostics[2]
      Request finished HTTP/2 POST http://ilpp/UnityILPP.PostProcessing/Ping - 200 - application/grpc 47.8950ms
Starting: D:\Program Files\Editor\6000.5.7f1\Editor\Data\Tools\BuildPipeline\bee_backend.exe --ipc --defer-dag-verification --dagfile="Library/Bee/2000b0aE.dag" --continue-on-failure --profile="Library/Bee/backend1.traceevents" ScriptAssemblies
WorkingDir: D:/game/game-client
info: Microsoft.AspNetCore.Hosting.Diagnostics[1]
      Request starting HTTP/2 POST http://ilpp/UnityILPP.PostProcessing/ConfigurePostProcessors - application/grpc -
info: Microsoft.AspNetCore.Routing.EndpointMiddleware[0]
      Executing endpoint 'gRPC - /UnityILPP.PostProcessing/ConfigurePostProcessors'
warn: Unity.ILPP.Runner.PostProcessingAssemblyLoadContext[0]
      Assembly system.runtime.interopservices.windowsruntime has duplicate hint path. Ignoring "D:\Program Files\Editor\6000.5.7f1\Editor\Data\UnityReferenceAssemblies\unity-4.8-api\Facades\System.Runtime.InteropServices.WindowsRuntime.dll" in favor of "D:\Program Files\Editor\6000.5.7f1\Editor\Data\NetStandard\Extensions\2.0.0\System.Runtime.InteropServices.WindowsRuntime.dll"
warn: Unity.ILPP.Runner.PostProcessingAssemblyLoadContext[0]
      Assembly system.componentmodel.composition has duplicate hint path. Ignoring "D:\Program Files\Editor\6000.5.7f1\Editor\Data\UnityReferenceAssemblies\unity-4.8-api\System.ComponentModel.Composition.dll" in favor of "D:\Program Files\Editor\6000.5.7f1\Editor\Data\NetStandard\compat\2.1.0\shims\netfx\System.ComponentModel.Composition.dll"
DisplayProgressbar: Compiling Scripts
info: Unity.ILPP.Runner.PostProcessingAssemblyLoadContext[0]
      Resolved Unity.Burst.Cecil, Version=0.11.6.0, Culture=neutral, PublicKeyToken=50cebf1cceb9d05e with Library\PackageCache\com.unity.burst@2f3d916873ea\Unity.Burst.CodeGen\Unity.Burst.Cecil.dll
info: Unity.ILPP.Runner.PostProcessingAssemblyLoadContext[0]
      Resolved Mono.Cecil, Version=0.11.5.0, Culture=neutral, PublicKeyToken=50cebf1cceb9d05e with Library\PackageCache\com.unity.nuget.mono-cecil@ecb9724e46ff\Mono.Cecil.dll
info: Microsoft.AspNetCore.Routing.EndpointMiddleware[1]
      Executed endpoint 'gRPC - /UnityILPP.PostProcessing/ConfigurePostProcessors'
info: Microsoft.AspNetCore.Hosting.Diagnostics[2]
      Request finished HTTP/2 POST http://ilpp/UnityILPP.PostProcessing/ConfigurePostProcessors - 200 - application/grpc 73.6588ms
info: Microsoft.AspNetCore.Hosting.Diagnostics[1]
      Request starting HTTP/2 POST http://ilpp/UnityILPP.PostProcessing/PostProcessAssembly - application/grpc -
info: Microsoft.AspNetCore.Routing.EndpointMiddleware[0]
      Executing endpoint 'gRPC - /UnityILPP.PostProcessing/PostProcessAssembly'
info: Unity.ILPP.Runner.PostProcessingPipeline[0]
      Processing assembly Library/Bee/artifacts/2000b0aE.dag/Assembly-CSharp-Editor.dll, with 115 defines and 342 references
info: Unity.ILPP.Runner.PostProcessingPipeline[0]
      processors: Unity.Jobs.CodeGen.JobsILPostProcessor, zzzUnity.Burst.CodeGen.BurstILPostProcessor
info: Unity.ILPP.Runner.PostProcessingPipeline[0]
      running Unity.Jobs.CodeGen.JobsILPostProcessor
info: Unity.ILPP.Runner.PostProcessingAssemblyLoadContext[0]
      Resolved Unity.Collections, Version=0.0.0.0, Culture=neutral, PublicKeyToken=null with Library\Bee\artifacts\2000b0aE.dag\Unity.Collections.dll
info: Unity.ILPP.Runner.PostProcessingAssemblyLoadContext[0]
      Resolved UnityEditor.CoreModule, Version=0.0.0.0, Culture=neutral, PublicKeyToken=null with D:\Program Files\Editor\6000.5.7f1\Editor\Data\Managed\UnityEngine\UnityEditor.CoreModule.dll
info: Unity.ILPP.Runner.PostProcessingAssemblyLoadContext[0]
      Resolved UnityEngine.CoreModule, Version=0.0.0.0, Culture=neutral, PublicKeyToken=null with D:\Program Files\Editor\6000.5.7f1\Editor\Data\Managed\UnityEngine\UnityEngine.CoreModule.dll
info: Unity.ILPP.Runner.PostProcessingAssemblyLoadContext[0]
      Resolved Unity.Scripting, Version=0.0.0.0, Culture=neutral, PublicKeyToken=null with D:\Program Files\Editor\6000.5.7f1\Editor\Data\Managed\UnityEngine\Unity.Scripting.dll
info: Unity.ILPP.Runner.PostProcessingPipeline[0]
      running zzzUnity.Burst.CodeGen.BurstILPostProcessor
info: Unity.ILPP.Runner.PostProcessingAssemblyLoadContext[0]
      Resolved Unity.Burst.Cecil.Rocks, Version=0.11.6.0, Culture=neutral, PublicKeyToken=50cebf1cceb9d05e with Library\PackageCache\com.unity.burst@2f3d916873ea\Unity.Burst.CodeGen\Unity.Burst.Cecil.Rocks.dll
info: Microsoft.AspNetCore.Routing.EndpointMiddleware[1]
      Executed endpoint 'gRPC - /UnityILPP.PostProcessing/PostProcessAssembly'
info: Microsoft.AspNetCore.Hosting.Diagnostics[2]
      Request finished HTTP/2 POST http://ilpp/UnityILPP.PostProcessing/PostProcessAssembly - 200 - application/grpc 582.4979ms
ExitCode: 0 Duration: 5s633ms
[575/721    0s] ILPP-Configuration Library/ilpp-configuration.nevergeneratedoutput
[717/721    4s] Csc Library/Bee/artifacts/2000b0aE.dag/Assembly-CSharp-Editor.dll (+2 others)
Assets\Editor\ArenaDemoRunner.cs(71,20): warning CS0618: 'Object.FindFirstObjectByType<T>()' is obsolete: 'FindFirstObjectByType has been deprecated because it relies on instance ID ordering. Use FindAnyObjectByType instead, which does not depend on ordering.'

Assets\Editor\CaptureCurrentArena.cs(24,20): warning CS0618: 'Object.FindFirstObjectByType<T>()' is obsolete: 'FindFirstObjectByType has been deprecated because it relies on instance ID ordering. Use FindAnyObjectByType instead, which does not depend on ordering.'

Assets\Editor\CaptureCurrentArena.cs(34,72): warning CS0618: 'FindObjectsSortMode' is obsolete: 'FindObjectsSortMode has been deprecated. Use the FindObjectsByType overloads that do not take a FindObjectsSortMode parameter.'

Assets\Editor\CaptureCurrentArena.cs(34,31): warning CS0618: 'Object.FindObjectsByType<T>(FindObjectsSortMode)' is obsolete: 'FindObjectsByType with FindObjectsSortMode parameter has been deprecated. Use FindObjectsByType<T>() or FindObjectsByType<T>(FindObjectsInactive) instead. InstanceID will be replaced in the future with EntityId and previous sort order cannot be maintained.'

Assets\Editor\CaptureCurrentArena.cs(50,19): warning CS0618: 'Object.FindFirstObjectByType<T>()' is obsolete: 'FindFirstObjectByType has been deprecated because it relies on instance ID ordering. Use FindAnyObjectByType instead, which does not depend on ordering.'

Assets\Editor\CaptureCurrentArena.cs(64,72): warning CS0618: 'FindObjectsSortMode' is obsolete: 'FindObjectsSortMode has been deprecated. Use the FindObjectsByType overloads that do not take a FindObjectsSortMode parameter.'

Assets\Editor\CaptureCurrentArena.cs(64,31): warning CS0618: 'Object.FindObjectsByType<T>(FindObjectsSortMode)' is obsolete: 'FindObjectsByType with FindObjectsSortMode parameter has been deprecated. Use FindObjectsByType<T>() or FindObjectsByType<T>(FindObjectsInactive) instead. InstanceID will be replaced in the future with EntityId and previous sort order cannot be maintained.'

Assets\Editor\CaptureCurrentArena.cs(69,65): warning CS0618: 'FindObjectsSortMode' is obsolete: 'FindObjectsSortMode has been deprecated. Use the FindObjectsByType overloads that do not take a FindObjectsSortMode parameter.'

Assets\Editor\CaptureCurrentArena.cs(69,32): warning CS0618: 'Object.FindObjectsByType<T>(FindObjectsSortMode)' is obsolete: 'FindObjectsByType with FindObjectsSortMode parameter has been deprecated. Use FindObjectsByType<T>() or FindObjectsByType<T>(FindObjectsInactive) instead. InstanceID will be replaced in the future with EntityId and previous sort order cannot be maintained.'

Assets\Editor\ArenaDemoRunner.cs(153,72): warning CS0618: 'FindObjectsSortMode' is obsolete: 'FindObjectsSortMode has been deprecated. Use the FindObjectsByType overloads that do not take a FindObjectsSortMode parameter.'

Assets\Editor\ArenaDemoRunner.cs(153,31): warning CS0618: 'Object.FindObjectsByType<T>(FindObjectsSortMode)' is obsolete: 'FindObjectsByType with FindObjectsSortMode parameter has been deprecated. Use FindObjectsByType<T>() or FindObjectsByType<T>(FindObjectsInactive) instead. InstanceID will be replaced in the future with EntityId and previous sort order cannot be maintained.'

Assets\Editor\ArenaDemoRunner.cs(159,65): warning CS0618: 'FindObjectsSortMode' is obsolete: 'FindObjectsSortMode has been deprecated. Use the FindObjectsByType overloads that do not take a FindObjectsSortMode parameter.'

Assets\Editor\ArenaDemoRunner.cs(159,32): warning CS0618: 'Object.FindObjectsByType<T>(FindObjectsSortMode)' is obsolete: 'FindObjectsByType with FindObjectsSortMode parameter has been deprecated. Use FindObjectsByType<T>() or FindObjectsByType<T>(FindObjectsInactive) instead. InstanceID will be replaced in the future with EntityId and previous sort order cannot be maintained.'

Assets\Editor\NetworkedMatchDemoRunner.cs(203,84): warning CS0618: 'FindObjectsSortMode' is obsolete: 'FindObjectsSortMode has been deprecated. Use the FindObjectsByType overloads that do not take a FindObjectsSortMode parameter.'

Assets\Editor\NetworkedMatchDemoRunner.cs(203,31): warning CS0618: 'Object.FindObjectsByType<T>(FindObjectsSortMode)' is obsolete: 'FindObjectsByType with FindObjectsSortMode parameter has been deprecated. Use FindObjectsByType<T>() or FindObjectsByType<T>(FindObjectsInactive) instead. InstanceID will be replaced in the future with EntityId and previous sort order cannot be maintained.'
[718/721    0s] ILPostProcess Library/Bee/artifacts/2000b0aE.dag/post-processed/Assembly-CSharp-Editor.dll (+pdb)
Processing assembly Library/Bee/artifacts/2000b0aE.dag/Assembly-CSharp-Editor.dll, with 115 defines and 342 references

processors: Unity.Jobs.CodeGen.JobsILPostProcessor, zzzUnity.Burst.CodeGen.BurstILPostProcessor

running Unity.Jobs.CodeGen.JobsILPostProcessor

running zzzUnity.Burst.CodeGen.BurstILPostProcessor
[719/721    0s] CopyFiles Library/ScriptAssemblies/Assembly-CSharp-Editor.pdb
[720/721    0s] CopyFiles Library/ScriptAssemblies/Assembly-CSharp-Editor.dll
*** Tundra build success (5.58 seconds), 5 items updated, 721 evaluated
Assets\Editor\ArenaDemoRunner.cs(71,20): warning CS0618: 'Object.FindFirstObjectByType<T>()' is obsolete: 'FindFirstObjectByType has been deprecated because it relies on instance ID ordering. Use FindAnyObjectByType instead, which does not depend on ordering.'
Assets\Editor\CaptureCurrentArena.cs(24,20): warning CS0618: 'Object.FindFirstObjectByType<T>()' is obsolete: 'FindFirstObjectByType has been deprecated because it relies on instance ID ordering. Use FindAnyObjectByType instead, which does not depend on ordering.'
Assets\Editor\CaptureCurrentArena.cs(34,72): warning CS0618: 'FindObjectsSortMode' is obsolete: 'FindObjectsSortMode has been deprecated. Use the FindObjectsByType overloads that do not take a FindObjectsSortMode parameter.'
Assets\Editor\CaptureCurrentArena.cs(34,31): warning CS0618: 'Object.FindObjectsByType<T>(FindObjectsSortMode)' is obsolete: 'FindObjectsByType with FindObjectsSortMode parameter has been deprecated. Use FindObjectsByType<T>() or FindObjectsByType<T>(FindObjectsInactive) instead. InstanceID will be replaced in the future with EntityId and previous sort order cannot be maintained.'
Assets\Editor\CaptureCurrentArena.cs(50,19): warning CS0618: 'Object.FindFirstObjectByType<T>()' is obsolete: 'FindFirstObjectByType has been deprecated because it relies on instance ID ordering. Use FindAnyObjectByType instead, which does not depend on ordering.'
Assets\Editor\CaptureCurrentArena.cs(64,72): warning CS0618: 'FindObjectsSortMode' is obsolete: 'FindObjectsSortMode has been deprecated. Use the FindObjectsByType overloads that do not take a FindObjectsSortMode parameter.'
Assets\Editor\CaptureCurrentArena.cs(64,31): warning CS0618: 'Object.FindObjectsByType<T>(FindObjectsSortMode)' is obsolete: 'FindObjectsByType with FindObjectsSortMode parameter has been deprecated. Use FindObjectsByType<T>() or FindObjectsByType<T>(FindObjectsInactive) instead. InstanceID will be replaced in the future with EntityId and previous sort order cannot be maintained.'
Assets\Editor\CaptureCurrentArena.cs(69,65): warning CS0618: 'FindObjectsSortMode' is obsolete: 'FindObjectsSortMode has been deprecated. Use the FindObjectsByType overloads that do not take a FindObjectsSortMode parameter.'
Assets\Editor\CaptureCurrentArena.cs(69,32): warning CS0618: 'Object.FindObjectsByType<T>(FindObjectsSortMode)' is obsolete: 'FindObjectsByType with FindObjectsSortMode parameter has been deprecated. Use FindObjectsByType<T>() or FindObjectsByType<T>(FindObjectsInactive) instead. InstanceID will be replaced in the future with EntityId and previous sort order cannot be maintained.'
Assets\Editor\ArenaDemoRunner.cs(153,72): warning CS0618: 'FindObjectsSortMode' is obsolete: 'FindObjectsSortMode has been deprecated. Use the FindObjectsByType overloads that do not take a FindObjectsSortMode parameter.'
Assets\Editor\ArenaDemoRunner.cs(153,31): warning CS0618: 'Object.FindObjectsByType<T>(FindObjectsSortMode)' is obsolete: 'FindObjectsByType with FindObjectsSortMode parameter has been deprecated. Use FindObjectsByType<T>() or FindObjectsByType<T>(FindObjectsInactive) instead. InstanceID will be replaced in the future with EntityId and previous sort order cannot be maintained.'
Assets\Editor\ArenaDemoRunner.cs(159,65): warning CS0618: 'FindObjectsSortMode' is obsolete: 'FindObjectsSortMode has been deprecated. Use the FindObjectsByType overloads that do not take a FindObjectsSortMode parameter.'
Assets\Editor\ArenaDemoRunner.cs(159,32): warning CS0618: 'Object.FindObjectsByType<T>(FindObjectsSortMode)' is obsolete: 'FindObjectsByType with FindObjectsSortMode parameter has been deprecated. Use FindObjectsByType<T>() or FindObjectsByType<T>(FindObjectsInactive) instead. InstanceID will be replaced in the future with EntityId and previous sort order cannot be maintained.'
Assets\Editor\NetworkedMatchDemoRunner.cs(203,84): warning CS0618: 'FindObjectsSortMode' is obsolete: 'FindObjectsSortMode has been deprecated. Use the FindObjectsByType overloads that do not take a FindObjectsSortMode parameter.'
Assets\Editor\NetworkedMatchDemoRunner.cs(203,31): warning CS0618: 'Object.FindObjectsByType<T>(FindObjectsSortMode)' is obsolete: 'FindObjectsByType with FindObjectsSortMode parameter has been deprecated. Use FindObjectsByType<T>() or FindObjectsByType<T>(FindObjectsInactive) instead. InstanceID will be replaced in the future with EntityId and previous sort order cannot be maintained.'
Total cache size 187449023
Total cache size after purge 187449023, took 00:00:00.2166760
AssetDatabase: script compilation time: 6.578879s
Begin MonoManager ReloadAssembly
Symbol file LoadedFromMemory is not a mono symbol file
Native extension for Android target not found
Native extension for UWP target not found
Native extension for WindowsStandalone target not found
Native extension for WebGL target not found
ScheduleIndexationOnStartup MainProcess:True IndexOnStartup:True
Mono: successfully reloaded assembly
- Finished resetting the current domain, in  4.129 seconds
Domain Reload Profiling: 5228ms
	BeginReloadAssembly (381ms)
		DisableScriptedObjects (40ms)
		CreateAndSetChildDomain (117ms)
	RebuildCommonClasses (14ms)
	RebuildNativeTypeToScriptingClass (24ms)
	initialDomainReloadingComplete (66ms)
	LoadAllAssembliesAndSetupDomain (612ms)
		LoadAssemblies (397ms)
		AnalyzeDomain (217ms)
			TypeCache.Refresh (141ms)
				TypeCache.ScanAssembly (123ms)
			BuildScriptInfoCaches (63ms)
			ResolveRequiredComponents (10ms)
	FinalizeReload (4131ms)
		SetupLoadedEditorAssemblies (0ms)
			InitializePlatformSupportModulesInManaged (22ms)
			BeforeProcessingInitializeOnLoad (159ms)
			ProcessInitializeOnLoadAttributes (3036ms)
			ProcessInitializeOnLoadMethodAttributes (506ms)
			AfterProcessingInitializeOnLoad (4ms)
		AwakeInstancesAfterBackupRestoration (48ms)
Starting new worker id: 0 with log in D:/game/game-client/Logs/AssetImportWorkerHW0.log

Asset Pipeline Refresh (id=f0e5d5138f1b4884b851a51492bc624a): Total: 12.995 seconds - Initiated by InitialRefreshV2(ForceSynchronousImport)
	(Values over 0.05ms)
	Summary:
		Imports: total=0 (actual=0, local cache=0, cache server=0)
		Asset DB Process Time: managed=0 ms, native=4657 ms
		Asset DB Callback time: managed=482 ms, native=35 ms
		Scripting: domain reloads=1, domain reload time=1186 ms, compile time=6581 ms, other=51 ms
		Project Asset Count: scripts=950, non-scripts=1811
		Asset File Changes: new=0, changed=1, moved=0, deleted=0
		Scan Filter Count: 0
	InvokePackagesCallback: 27.445ms
	ApplyChangesToAssetFolders: 0.762ms
	Scan: 122.056ms
	Collect global state as custom dependencies: 31.544ms
	OnSourceAssetsModified: 0.960ms
	CategorizeScriptCompilationAssets: 28.028ms
	ProcessAssetsWithTransientArtifactChanges: 64.210ms
	CategorizeAssets: 59.922ms
	CompileScripts: 6580.675ms
	ImportOutOfDateAssets: 4219.926ms (4143.498ms without children)
		UnloadImportedAssets: 0.929ms
		EnsureUptoDateAssetsAreRegisteredWithGuidPM: 0.626ms
		ImportSchedulerStart: 74.832ms
	PostProcessAllAssets: 485.659ms
		VCAutoAddAssetPostprocess 2.763ms
		XRBuildSystem.XRAssetImported 0.095ms
		MonoPostProcessAllAssets: 482.133ms
			BuilderAssetPostprocessor.OnPostprocessAllAssets 195.270ms
			AssetPostprocessor.OnPostprocessAllAssets 183.187ms
			StyleCatalogPostProcessor.OnPostprocessAllAssets 32.493ms
			UniversalRenderPipelineGlobalSettingsPostprocessor.OnPostprocessAllAssets 16.481ms
			WindowAssetPostprocessingWatcher.OnPostprocessAllAssets 4.002ms
			SpeedTree9Postprocessor.OnPostprocessAllAssets 2.618ms
			RetainedModeAssetPostprocessor.OnPostprocessAllAssets 2.388ms
			AssetChangedListener.OnPostprocessAllAssets 2.307ms
			ShaderGraphAssetPostProcessor.OnPostprocessAllAssets 2.304ms
			SyncVS.PostprocessSyncProject 1.703ms
			EditModeScopePostprocessor.OnPostprocessAllAssets 1.648ms
			RenderPipelineGlobalSettingsPostprocessor.OnPostprocessAllAssets 1.368ms
			MaterialPostprocessor.OnPostprocessAllAssets 1.104ms
			CubeLutAssetImporter.OnPostprocessAllAssets 0.791ms
			ArtifactBrowserPostProcessor.OnPostprocessAllAssets 0.754ms
			ConfigAssetsTracker.OnPostprocessAllAssets 0.603ms
			SampleDependencyImporterPostProcessor.OnPostprocessAllAssets 0.540ms
			TextAssetPostProcessor.OnPostprocessAllAssets 0.488ms
			AssetDatabaseCallbacks.OnPostprocessAllAssets 0.452ms
			ShaderReflectionAssetPostProcessor.OnPostprocessAllAssets 0.450ms
			AudioMixerPostprocessor.OnPostprocessAllAssets 0.447ms
			ReferencedClipsPostProcessor.OnPostprocessAllAssets 0.439ms
			TMPro_TexturePostProcessor.OnPostprocessAllAssets 0.434ms
			AssetEvents.OnPostprocessAllAssets 0.355ms
			PostProcessor.OnPostprocessAllAssets 0.340ms
			TerrainToolbarOverlayPostProcessor.OnPostprocessAllAssets 0.308ms
			ScenarioDriftAssetsTracker.OnPostprocessAllAssets 0.285ms
			SpeedTreePostProcessor.OnPostprocessAllAssets 0.205ms
			AudioContainerPostProcessor.OnPostprocessAllAssets 0.113ms
	PostAssetChangesProfiler: 6.537ms
	UnloadStreamsBegin: 5.297ms
	PersistCurrentRevisions: 0.148ms
	GenerateScriptTypeHashes: 1.835ms
	GenerateScriptTypeSerializationHashes: 3.191ms
	Untracked: 1357.246ms

Application.AssetDatabase Initial Refresh End
Launched and connected shader compiler UnityShaderCompiler.exe after 0.02 seconds
Scanning for USB devices : 6.202ms
Initializing Unity extensions:
[MODES] ModeService[none].Initialize
[MODES] ModeService[none].LoadModes
[MODES] Loading mode Default (0) for mode-current-id-game-client
Unloading 38 Unused Serialized files (Serialized files now loaded: 0)
Unloading 3438 unused Assets / (8.0 MB). Loaded Objects now: 4408.
Memory consumption went from 354.9 MB to 346.8 MB.
Total: 35.122400 ms (FindLiveObjects: 0.496800 ms CreateObjectMapping: 1.295800 ms MarkObjects: 10.221000 ms  DeleteObjects: 23.105100 ms)

Unloading 1 Unused Serialized files (Serialized files now loaded: 0)
Unloading 0 unused Assets / (Unknown). Loaded Objects now: 4410.
Memory consumption went from 335.3 MB to 335.5 MB.
Total: 9.780000 ms (FindLiveObjects: 0.370100 ms CreateObjectMapping: 0.763800 ms MarkObjects: 8.631100 ms  DeleteObjects: 0.013500 ms)

Worker ready: AssetImportWorkerHW0 0
Tile_0_0: Destroy may not be called from edit mode! Use DestroyImmediate instead.
Destroying an object in edit mode destroys it permanently
UnityEngine.Debug:ExtractStackTraceNoAlloc (byte*,int,string)
UnityEngine.StackTraceUtility:ExtractStackTrace ()
UnityEngine.Object:Destroy (UnityEngine.Object,single)
UnityEngine.Object:Destroy (UnityEngine.Object)
QuizBattle.Arena.GridController:CreateTile (int,int,UnityEngine.Color,bool) (at Assets/Scripts/Arena/GridController.cs:61)
QuizBattle.Arena.GridController:BuildGrid (int,int,int) (at Assets/Scripts/Arena/GridController.cs:44)
QuizBattle.GameState.GameManager:RunAutoPlayMatch (int,int) (at Assets/Scripts/GameState/GameManager.cs:67)
CaptureCurrentArena:Capture () (at Assets/Editor/CaptureCurrentArena.cs:22)

[Assets/Scripts/Arena/GridController.cs line 44]

Tile_0_1: Destroy may not be called from edit mode! Use DestroyImmediate instead.
Destroying an object in edit mode destroys it permanently
UnityEngine.Debug:ExtractStackTraceNoAlloc (byte*,int,string)
UnityEngine.StackTraceUtility:ExtractStackTrace ()
UnityEngine.Object:Destroy (UnityEngine.Object,single)
UnityEngine.Object:Destroy (UnityEngine.Object)
QuizBattle.Arena.GridController:CreateTile (int,int,UnityEngine.Color,bool) (at Assets/Scripts/Arena/GridController.cs:61)
QuizBattle.Arena.GridController:BuildGrid (int,int,int) (at Assets/Scripts/Arena/GridController.cs:44)
QuizBattle.GameState.GameManager:RunAutoPlayMatch (int,int) (at Assets/Scripts/GameState/GameManager.cs:67)
CaptureCurrentArena:Capture () (at Assets/Editor/CaptureCurrentArena.cs:22)

[Assets/Scripts/Arena/GridController.cs line 44]

Tile_0_2: Destroy may not be called from edit mode! Use DestroyImmediate instead.
Destroying an object in edit mode destroys it permanently
UnityEngine.Debug:ExtractStackTraceNoAlloc (byte*,int,string)
UnityEngine.StackTraceUtility:ExtractStackTrace ()
UnityEngine.Object:Destroy (UnityEngine.Object,single)
UnityEngine.Object:Destroy (UnityEngine.Object)
QuizBattle.Arena.GridController:CreateTile (int,int,UnityEngine.Color,bool) (at Assets/Scripts/Arena/GridController.cs:61)
QuizBattle.Arena.GridController:BuildGrid (int,int,int) (at Assets/Scripts/Arena/GridController.cs:44)
QuizBattle.GameState.GameManager:RunAutoPlayMatch (int,int) (at Assets/Scripts/GameState/GameManager.cs:67)
CaptureCurrentArena:Capture () (at Assets/Editor/CaptureCurrentArena.cs:22)

[Assets/Scripts/Arena/GridController.cs line 44]

Tile_0_3: Destroy may not be called from edit mode! Use DestroyImmediate instead.
Destroying an object in edit mode destroys it permanently
UnityEngine.Debug:ExtractStackTraceNoAlloc (byte*,int,string)
UnityEngine.StackTraceUtility:ExtractStackTrace ()
UnityEngine.Object:Destroy (UnityEngine.Object,single)
UnityEngine.Object:Destroy (UnityEngine.Object)
QuizBattle.Arena.GridController:CreateTile (int,int,UnityEngine.Color,bool) (at Assets/Scripts/Arena/GridController.cs:61)
QuizBattle.Arena.GridController:BuildGrid (int,int,int) (at Assets/Scripts/Arena/GridController.cs:44)
QuizBattle.GameState.GameManager:RunAutoPlayMatch (int,int) (at Assets/Scripts/GameState/GameManager.cs:67)
CaptureCurrentArena:Capture () (at Assets/Editor/CaptureCurrentArena.cs:22)

[Assets/Scripts/Arena/GridController.cs line 44]

Tile_0_4: Destroy may not be called from edit mode! Use DestroyImmediate instead.
Destroying an object in edit mode destroys it permanently
UnityEngine.Debug:ExtractStackTraceNoAlloc (byte*,int,string)
UnityEngine.StackTraceUtility:ExtractStackTrace ()
UnityEngine.Object:Destroy (UnityEngine.Object,single)
UnityEngine.Object:Destroy (UnityEngine.Object)
QuizBattle.Arena.GridController:CreateTile (int,int,UnityEngine.Color,bool) (at Assets/Scripts/Arena/GridController.cs:61)
QuizBattle.Arena.GridController:BuildGrid (int,int,int) (at Assets/Scripts/Arena/GridController.cs:44)
QuizBattle.GameState.GameManager:RunAutoPlayMatch (int,int) (at Assets/Scripts/GameState/GameManager.cs:67)
CaptureCurrentArena:Capture () (at Assets/Editor/CaptureCurrentArena.cs:22)

[Assets/Scripts/Arena/GridController.cs line 44]

Tile_0_5: Destroy may not be called from edit mode! Use DestroyImmediate instead.
Destroying an object in edit mode destroys it permanently
UnityEngine.Debug:ExtractStackTraceNoAlloc (byte*,int,string)
UnityEngine.StackTraceUtility:ExtractStackTrace ()
UnityEngine.Object:Destroy (UnityEngine.Object,single)
UnityEngine.Object:Destroy (UnityEngine.Object)
QuizBattle.Arena.GridController:CreateTile (int,int,UnityEngine.Color,bool) (at Assets/Scripts/Arena/GridController.cs:61)
QuizBattle.Arena.GridController:BuildGrid (int,int,int) (at Assets/Scripts/Arena/GridController.cs:44)
QuizBattle.GameState.GameManager:RunAutoPlayMatch (int,int) (at Assets/Scripts/GameState/GameManager.cs:67)
CaptureCurrentArena:Capture () (at Assets/Editor/CaptureCurrentArena.cs:22)

[Assets/Scripts/Arena/GridController.cs line 44]

ZoneGlow_0_5: Destroy may not be called from edit mode! Use DestroyImmediate instead.
Destroying an object in edit mode destroys it permanently
UnityEngine.Debug:ExtractStackTraceNoAlloc (byte*,int,string)
UnityEngine.StackTraceUtility:ExtractStackTrace ()
UnityEngine.Object:Destroy (UnityEngine.Object,single)
UnityEngine.Object:Destroy (UnityEngine.Object)
QuizBattle.Arena.GridController:CreateZoneGlow (int,int,bool,bool) (at Assets/Scripts/Arena/GridController.cs:121)
QuizBattle.Arena.GridController:BuildGrid (int,int,int) (at Assets/Scripts/Arena/GridController.cs:45)
QuizBattle.GameState.GameManager:RunAutoPlayMatch (int,int) (at Assets/Scripts/GameState/GameManager.cs:67)
CaptureCurrentArena:Capture () (at Assets/Editor/CaptureCurrentArena.cs:22)

[Assets/Scripts/Arena/GridController.cs line 121]

SpotFan_0_5: Destroy may not be called from edit mode! Use DestroyImmediate instead.
Destroying an object in edit mode destroys it permanently
UnityEngine.Debug:ExtractStackTraceNoAlloc (byte*,int,string)
UnityEngine.StackTraceUtility:ExtractStackTrace ()
UnityEngine.Object:Destroy (UnityEngine.Object,single)
UnityEngine.Object:Destroy (UnityEngine.Object)
QuizBattle.Arena.GridController:CreateZoneGlow (int,int,bool,bool) (at Assets/Scripts/Arena/GridController.cs:145)
QuizBattle.Arena.GridController:BuildGrid (int,int,int) (at Assets/Scripts/Arena/GridController.cs:45)
QuizBattle.GameState.GameManager:RunAutoPlayMatch (int,int) (at Assets/Scripts/GameState/GameManager.cs:67)
CaptureCurrentArena:Capture () (at Assets/Editor/CaptureCurrentArena.cs:22)

[Assets/Scripts/Arena/GridController.cs line 145]

Pillar: Destroy may not be called from edit mode! Use DestroyImmediate instead.
Destroying an object in edit mode destroys it permanently
UnityEngine.Debug:ExtractStackTraceNoAlloc (byte*,int,string)
UnityEngine.StackTraceUtility:ExtractStackTrace ()
UnityEngine.Object:Destroy (UnityEngine.Object,single)
UnityEngine.Object:Destroy (UnityEngine.Object)
QuizBattle.Arena.GridController:CreateGoalPost (int,int,bool) (at Assets/Scripts/Arena/GridController.cs:182)
QuizBattle.Arena.GridController:CreateZoneGlow (int,int,bool,bool) (at Assets/Scripts/Arena/GridController.cs:163)
QuizBattle.Arena.GridController:BuildGrid (int,int,int) (at Assets/Scripts/Arena/GridController.cs:45)
QuizBattle.GameState.GameManager:RunAutoPlayMatch (int,int) (at Assets/Scripts/GameState/GameManager.cs:67)
CaptureCurrentArena:Capture () (at Assets/Editor/CaptureCurrentArena.cs:22)

[Assets/Scripts/Arena/GridController.cs line 182]

CrownCap: Destroy may not be called from edit mode! Use DestroyImmediate instead.
Destroying an object in edit mode destroys it permanently
UnityEngine.Debug:ExtractStackTraceNoAlloc (byte*,int,string)
UnityEngine.StackTraceUtility:ExtractStackTrace ()
UnityEngine.Object:Destroy (UnityEngine.Object,single)
UnityEngine.Object:Destroy (UnityEngine.Object)
QuizBattle.Arena.GridController:CreateGoalPost (int,int,bool) (at Assets/Scripts/Arena/GridController.cs:191)
QuizBattle.Arena.GridController:CreateZoneGlow (int,int,bool,bool) (at Assets/Scripts/Arena/GridController.cs:163)
QuizBattle.Arena.GridController:BuildGrid (int,int,int) (at Assets/Scripts/Arena/GridController.cs:45)
QuizBattle.GameState.GameManager:RunAutoPlayMatch (int,int) (at Assets/Scripts/GameState/GameManager.cs:67)
CaptureCurrentArena:Capture () (at Assets/Editor/CaptureCurrentArena.cs:22)

[Assets/Scripts/Arena/GridController.cs line 191]

Bracket_0: Destroy may not be called from edit mode! Use DestroyImmediate instead.
Destroying an object in edit mode destroys it permanently
UnityEngine.Debug:ExtractStackTraceNoAlloc (byte*,int,string)
UnityEngine.StackTraceUtility:ExtractStackTrace ()
UnityEngine.Object:Destroy (UnityEngine.Object,single)
UnityEngine.Object:Destroy (UnityEngine.Object)
QuizBattle.Arena.GridController:CreateGoalPost (int,int,bool) (at Assets/Scripts/Arena/GridController.cs:219)
QuizBattle.Arena.GridController:CreateZoneGlow (int,int,bool,bool) (at Assets/Scripts/Arena/GridController.cs:163)
QuizBattle.Arena.GridController:BuildGrid (int,int,int) (at Assets/Scripts/Arena/GridController.cs:45)
QuizBattle.GameState.GameManager:RunAutoPlayMatch (int,int) (at Assets/Scripts/GameState/GameManager.cs:67)
CaptureCurrentArena:Capture () (at Assets/Editor/CaptureCurrentArena.cs:22)

[Assets/Scripts/Arena/GridController.cs line 219]

Bracket_1: Destroy may not be called from edit mode! Use DestroyImmediate instead.
Destroying an object in edit mode destroys it permanently
UnityEngine.Debug:ExtractStackTraceNoAlloc (byte*,int,string)
UnityEngine.StackTraceUtility:ExtractStackTrace ()
UnityEngine.Object:Destroy (UnityEngine.Object,single)
UnityEngine.Object:Destroy (UnityEngine.Object)
QuizBattle.Arena.GridController:CreateGoalPost (int,int,bool) (at Assets/Scripts/Arena/GridController.cs:219)
QuizBattle.Arena.GridController:CreateZoneGlow (int,int,bool,bool) (at Assets/Scripts/Arena/GridController.cs:163)
QuizBattle.Arena.GridController:BuildGrid (int,int,int) (at Assets/Scripts/Arena/GridController.cs:45)
QuizBattle.GameState.GameManager:RunAutoPlayMatch (int,int) (at Assets/Scripts/GameState/GameManager.cs:67)
CaptureCurrentArena:Capture () (at Assets/Editor/CaptureCurrentArena.cs:22)

[Assets/Scripts/Arena/GridController.cs line 219]

Bracket_2: Destroy may not be called from edit mode! Use DestroyImmediate instead.
Destroying an object in edit mode destroys it permanently
UnityEngine.Debug:ExtractStackTraceNoAlloc (byte*,int,string)
UnityEngine.StackTraceUtility:ExtractStackTrace ()
UnityEngine.Object:Destroy (UnityEngine.Object,single)
UnityEngine.Object:Destroy (UnityEngine.Object)
QuizBattle.Arena.GridController:CreateGoalPost (int,int,bool) (at Assets/Scripts/Arena/GridController.cs:219)
QuizBattle.Arena.GridController:CreateZoneGlow (int,int,bool,bool) (at Assets/Scripts/Arena/GridController.cs:163)
QuizBattle.Arena.GridController:BuildGrid (int,int,int) (at Assets/Scripts/Arena/GridController.cs:45)
QuizBattle.GameState.GameManager:RunAutoPlayMatch (int,int) (at Assets/Scripts/GameState/GameManager.cs:67)
CaptureCurrentArena:Capture () (at Assets/Editor/CaptureCurrentArena.cs:22)

[Assets/Scripts/Arena/GridController.cs line 219]

Tile_1_0: Destroy may not be called from edit mode! Use DestroyImmediate instead.
Destroying an object in edit mode destroys it permanently
UnityEngine.Debug:ExtractStackTraceNoAlloc (byte*,int,string)
UnityEngine.StackTraceUtility:ExtractStackTrace ()
UnityEngine.Object:Destroy (UnityEngine.Object,single)
UnityEngine.Object:Destroy (UnityEngine.Object)
QuizBattle.Arena.GridController:CreateTile (int,int,UnityEngine.Color,bool) (at Assets/Scripts/Arena/GridController.cs:61)
QuizBattle.Arena.GridController:BuildGrid (int,int,int) (at Assets/Scripts/Arena/GridController.cs:44)
QuizBattle.GameState.GameManager:RunAutoPlayMatch (int,int) (at Assets/Scripts/GameState/GameManager.cs:67)
CaptureCurrentArena:Capture () (at Assets/Editor/CaptureCurrentArena.cs:22)

[Assets/Scripts/Arena/GridController.cs line 44]

Tile_1_1: Destroy may not be called from edit mode! Use DestroyImmediate instead.
Destroying an object in edit mode destroys it permanently
UnityEngine.Debug:ExtractStackTraceNoAlloc (byte*,int,string)
UnityEngine.StackTraceUtility:ExtractStackTrace ()
UnityEngine.Object:Destroy (UnityEngine.Object,single)
UnityEngine.Object:Destroy (UnityEngine.Object)
QuizBattle.Arena.GridController:CreateTile (int,int,UnityEngine.Color,bool) (at Assets/Scripts/Arena/GridController.cs:61)
QuizBattle.Arena.GridController:BuildGrid (int,int,int) (at Assets/Scripts/Arena/GridController.cs:44)
QuizBattle.GameState.GameManager:RunAutoPlayMatch (int,int) (at Assets/Scripts/GameState/GameManager.cs:67)
CaptureCurrentArena:Capture () (at Assets/Editor/CaptureCurrentArena.cs:22)

[Assets/Scripts/Arena/GridController.cs line 44]

Tile_1_2: Destroy may not be called from edit mode! Use DestroyImmediate instead.
Destroying an object in edit mode destroys it permanently
UnityEngine.Debug:ExtractStackTraceNoAlloc (byte*,int,string)
UnityEngine.StackTraceUtility:ExtractStackTrace ()
UnityEngine.Object:Destroy (UnityEngine.Object,single)
UnityEngine.Object:Destroy (UnityEngine.Object)
QuizBattle.Arena.GridController:CreateTile (int,int,UnityEngine.Color,bool) (at Assets/Scripts/Arena/GridController.cs:61)
QuizBattle.Arena.GridController:BuildGrid (int,int,int) (at Assets/Scripts/Arena/GridController.cs:44)
QuizBattle.GameState.GameManager:RunAutoPlayMatch (int,int) (at Assets/Scripts/GameState/GameManager.cs:67)
CaptureCurrentArena:Capture () (at Assets/Editor/CaptureCurrentArena.cs:22)

[Assets/Scripts/Arena/GridController.cs line 44]

Tile_1_3: Destroy may not be called from edit mode! Use DestroyImmediate instead.
Destroying an object in edit mode destroys it permanently
UnityEngine.Debug:ExtractStackTraceNoAlloc (byte*,int,string)
UnityEngine.StackTraceUtility:ExtractStackTrace ()
UnityEngine.Object:Destroy (UnityEngine.Object,single)
UnityEngine.Object:Destroy (UnityEngine.Object)
QuizBattle.Arena.GridController:CreateTile (int,int,UnityEngine.Color,bool) (at Assets/Scripts/Arena/GridController.cs:61)
QuizBattle.Arena.GridController:BuildGrid (int,int,int) (at Assets/Scripts/Arena/GridController.cs:44)
QuizBattle.GameState.GameManager:RunAutoPlayMatch (int,int) (at Assets/Scripts/GameState/GameManager.cs:67)
CaptureCurrentArena:Capture () (at Assets/Editor/CaptureCurrentArena.cs:22)

[Assets/Scripts/Arena/GridController.cs line 44]

Tile_1_4: Destroy may not be called from edit mode! Use DestroyImmediate instead.
Destroying an object in edit mode destroys it permanently
UnityEngine.Debug:ExtractStackTraceNoAlloc (byte*,int,string)
UnityEngine.StackTraceUtility:ExtractStackTrace ()
UnityEngine.Object:Destroy (UnityEngine.Object,single)
UnityEngine.Object:Destroy (UnityEngine.Object)
QuizBattle.Arena.GridController:CreateTile (int,int,UnityEngine.Color,bool) (at Assets/Scripts/Arena/GridController.cs:61)
QuizBattle.Arena.GridController:BuildGrid (int,int,int) (at Assets/Scripts/Arena/GridController.cs:44)
QuizBattle.GameState.GameManager:RunAutoPlayMatch (int,int) (at Assets/Scripts/GameState/GameManager.cs:67)
CaptureCurrentArena:Capture () (at Assets/Editor/CaptureCurrentArena.cs:22)

[Assets/Scripts/Arena/GridController.cs line 44]

Tile_1_5: Destroy may not be called from edit mode! Use DestroyImmediate instead.
Destroying an object in edit mode destroys it permanently
UnityEngine.Debug:ExtractStackTraceNoAlloc (byte*,int,string)
UnityEngine.StackTraceUtility:ExtractStackTrace ()
UnityEngine.Object:Destroy (UnityEngine.Object,single)
UnityEngine.Object:Destroy (UnityEngine.Object)
QuizBattle.Arena.GridController:CreateTile (int,int,UnityEngine.Color,bool) (at Assets/Scripts/Arena/GridController.cs:61)
QuizBattle.Arena.GridController:BuildGrid (int,int,int) (at Assets/Scripts/Arena/GridController.cs:44)
QuizBattle.GameState.GameManager:RunAutoPlayMatch (int,int) (at Assets/Scripts/GameState/GameManager.cs:67)
CaptureCurrentArena:Capture () (at Assets/Editor/CaptureCurrentArena.cs:22)

[Assets/Scripts/Arena/GridController.cs line 44]

ZoneGlow_1_5: Destroy may not be called from edit mode! Use DestroyImmediate instead.
Destroying an object in edit mode destroys it permanently
UnityEngine.Debug:ExtractStackTraceNoAlloc (byte*,int,string)
UnityEngine.StackTraceUtility:ExtractStackTrace ()
UnityEngine.Object:Destroy (UnityEngine.Object,single)
UnityEngine.Object:Destroy (UnityEngine.Object)
QuizBattle.Arena.GridController:CreateZoneGlow (int,int,bool,bool) (at Assets/Scripts/Arena/GridController.cs:121)
QuizBattle.Arena.GridController:BuildGrid (int,int,int) (at Assets/Scripts/Arena/GridController.cs:45)
QuizBattle.GameState.GameManager:RunAutoPlayMatch (int,int) (at Assets/Scripts/GameState/GameManager.cs:67)
CaptureCurrentArena:Capture () (at Assets/Editor/CaptureCurrentArena.cs:22)

[Assets/Scripts/Arena/GridController.cs line 121]

SpotFan_1_5: Destroy may not be called from edit mode! Use DestroyImmediate instead.
Destroying an object in edit mode destroys it permanently
UnityEngine.Debug:ExtractStackTraceNoAlloc (byte*,int,string)
UnityEngine.StackTraceUtility:ExtractStackTrace ()
UnityEngine.Object:Destroy (UnityEngine.Object,single)
UnityEngine.Object:Destroy (UnityEngine.Object)
QuizBattle.Arena.GridController:CreateZoneGlow (int,int,bool,bool) (at Assets/Scripts/Arena/GridController.cs:145)
QuizBattle.Arena.GridController:BuildGrid (int,int,int) (at Assets/Scripts/Arena/GridController.cs:45)
QuizBattle.GameState.GameManager:RunAutoPlayMatch (int,int) (at Assets/Scripts/GameState/GameManager.cs:67)
CaptureCurrentArena:Capture () (at Assets/Editor/CaptureCurrentArena.cs:22)

[Assets/Scripts/Arena/GridController.cs line 145]

Tile_2_0: Destroy may not be called from edit mode! Use DestroyImmediate instead.
Destroying an object in edit mode destroys it permanently
UnityEngine.Debug:ExtractStackTraceNoAlloc (byte*,int,string)
UnityEngine.StackTraceUtility:ExtractStackTrace ()
UnityEngine.Object:Destroy (UnityEngine.Object,single)
UnityEngine.Object:Destroy (UnityEngine.Object)
QuizBattle.Arena.GridController:CreateTile (int,int,UnityEngine.Color,bool) (at Assets/Scripts/Arena/GridController.cs:61)
QuizBattle.Arena.GridController:BuildGrid (int,int,int) (at Assets/Scripts/Arena/GridController.cs:44)
QuizBattle.GameState.GameManager:RunAutoPlayMatch (int,int) (at Assets/Scripts/GameState/GameManager.cs:67)
CaptureCurrentArena:Capture () (at Assets/Editor/CaptureCurrentArena.cs:22)

[Assets/Scripts/Arena/GridController.cs line 44]

Tile_2_1: Destroy may not be called from edit mode! Use DestroyImmediate instead.
Destroying an object in edit mode destroys it permanently
UnityEngine.Debug:ExtractStackTraceNoAlloc (byte*,int,string)
UnityEngine.StackTraceUtility:ExtractStackTrace ()
UnityEngine.Object:Destroy (UnityEngine.Object,single)
UnityEngine.Object:Destroy (UnityEngine.Object)
QuizBattle.Arena.GridController:CreateTile (int,int,UnityEngine.Color,bool) (at Assets/Scripts/Arena/GridController.cs:61)
QuizBattle.Arena.GridController:BuildGrid (int,int,int) (at Assets/Scripts/Arena/GridController.cs:44)
QuizBattle.GameState.GameManager:RunAutoPlayMatch (int,int) (at Assets/Scripts/GameState/GameManager.cs:67)
CaptureCurrentArena:Capture () (at Assets/Editor/CaptureCurrentArena.cs:22)

[Assets/Scripts/Arena/GridController.cs line 44]

Tile_2_2: Destroy may not be called from edit mode! Use DestroyImmediate instead.
Destroying an object in edit mode destroys it permanently
UnityEngine.Debug:ExtractStackTraceNoAlloc (byte*,int,string)
UnityEngine.StackTraceUtility:ExtractStackTrace ()
UnityEngine.Object:Destroy (UnityEngine.Object,single)
UnityEngine.Object:Destroy (UnityEngine.Object)
QuizBattle.Arena.GridController:CreateTile (int,int,UnityEngine.Color,bool) (at Assets/Scripts/Arena/GridController.cs:61)
QuizBattle.Arena.GridController:BuildGrid (int,int,int) (at Assets/Scripts/Arena/GridController.cs:44)
QuizBattle.GameState.GameManager:RunAutoPlayMatch (int,int) (at Assets/Scripts/GameState/GameManager.cs:67)
CaptureCurrentArena:Capture () (at Assets/Editor/CaptureCurrentArena.cs:22)

[Assets/Scripts/Arena/GridController.cs line 44]

Tile_2_3: Destroy may not be called from edit mode! Use DestroyImmediate instead.
Destroying an object in edit mode destroys it permanently
UnityEngine.Debug:ExtractStackTraceNoAlloc (byte*,int,string)
UnityEngine.StackTraceUtility:ExtractStackTrace ()
UnityEngine.Object:Destroy (UnityEngine.Object,single)
UnityEngine.Object:Destroy (UnityEngine.Object)
QuizBattle.Arena.GridController:CreateTile (int,int,UnityEngine.Color,bool) (at Assets/Scripts/Arena/GridController.cs:61)
QuizBattle.Arena.GridController:BuildGrid (int,int,int) (at Assets/Scripts/Arena/GridController.cs:44)
QuizBattle.GameState.GameManager:RunAutoPlayMatch (int,int) (at Assets/Scripts/GameState/GameManager.cs:67)
CaptureCurrentArena:Capture () (at Assets/Editor/CaptureCurrentArena.cs:22)

[Assets/Scripts/Arena/GridController.cs line 44]

Tile_2_4: Destroy may not be called from edit mode! Use DestroyImmediate instead.
Destroying an object in edit mode destroys it permanently
UnityEngine.Debug:ExtractStackTraceNoAlloc (byte*,int,string)
UnityEngine.StackTraceUtility:ExtractStackTrace ()
UnityEngine.Object:Destroy (UnityEngine.Object,single)
UnityEngine.Object:Destroy (UnityEngine.Object)
QuizBattle.Arena.GridController:CreateTile (int,int,UnityEngine.Color,bool) (at Assets/Scripts/Arena/GridController.cs:61)
QuizBattle.Arena.GridController:BuildGrid (int,int,int) (at Assets/Scripts/Arena/GridController.cs:44)
QuizBattle.GameState.GameManager:RunAutoPlayMatch (int,int) (at Assets/Scripts/GameState/GameManager.cs:67)
CaptureCurrentArena:Capture () (at Assets/Editor/CaptureCurrentArena.cs:22)

[Assets/Scripts/Arena/GridController.cs line 44]

Tile_2_5: Destroy may not be called from edit mode! Use DestroyImmediate instead.
Destroying an object in edit mode destroys it permanently
UnityEngine.Debug:ExtractStackTraceNoAlloc (byte*,int,string)
UnityEngine.StackTraceUtility:ExtractStackTrace ()
UnityEngine.Object:Destroy (UnityEngine.Object,single)
UnityEngine.Object:Destroy (UnityEngine.Object)
QuizBattle.Arena.GridController:CreateTile (int,int,UnityEngine.Color,bool) (at Assets/Scripts/Arena/GridController.cs:61)
QuizBattle.Arena.GridController:BuildGrid (int,int,int) (at Assets/Scripts/Arena/GridController.cs:44)
QuizBattle.GameState.GameManager:RunAutoPlayMatch (int,int) (at Assets/Scripts/GameState/GameManager.cs:67)
CaptureCurrentArena:Capture () (at Assets/Editor/CaptureCurrentArena.cs:22)

[Assets/Scripts/Arena/GridController.cs line 44]

ZoneGlow_2_5: Destroy may not be called from edit mode! Use DestroyImmediate instead.
Destroying an object in edit mode destroys it permanently
UnityEngine.Debug:ExtractStackTraceNoAlloc (byte*,int,string)
UnityEngine.StackTraceUtility:ExtractStackTrace ()
UnityEngine.Object:Destroy (UnityEngine.Object,single)
UnityEngine.Object:Destroy (UnityEngine.Object)
QuizBattle.Arena.GridController:CreateZoneGlow (int,int,bool,bool) (at Assets/Scripts/Arena/GridController.cs:121)
QuizBattle.Arena.GridController:BuildGrid (int,int,int) (at Assets/Scripts/Arena/GridController.cs:45)
QuizBattle.GameState.GameManager:RunAutoPlayMatch (int,int) (at Assets/Scripts/GameState/GameManager.cs:67)
CaptureCurrentArena:Capture () (at Assets/Editor/CaptureCurrentArena.cs:22)

[Assets/Scripts/Arena/GridController.cs line 121]

SpotFan_2_5: Destroy may not be called from edit mode! Use DestroyImmediate instead.
Destroying an object in edit mode destroys it permanently
UnityEngine.Debug:ExtractStackTraceNoAlloc (byte*,int,string)
UnityEngine.StackTraceUtility:ExtractStackTrace ()
UnityEngine.Object:Destroy (UnityEngine.Object,single)
UnityEngine.Object:Destroy (UnityEngine.Object)
QuizBattle.Arena.GridController:CreateZoneGlow (int,int,bool,bool) (at Assets/Scripts/Arena/GridController.cs:145)
QuizBattle.Arena.GridController:BuildGrid (int,int,int) (at Assets/Scripts/Arena/GridController.cs:45)
QuizBattle.GameState.GameManager:RunAutoPlayMatch (int,int) (at Assets/Scripts/GameState/GameManager.cs:67)
CaptureCurrentArena:Capture () (at Assets/Editor/CaptureCurrentArena.cs:22)

[Assets/Scripts/Arena/GridController.cs line 145]

Tile_3_0: Destroy may not be called from edit mode! Use DestroyImmediate instead.
Destroying an object in edit mode destroys it permanently
UnityEngine.Debug:ExtractStackTraceNoAlloc (byte*,int,string)
UnityEngine.StackTraceUtility:ExtractStackTrace ()
UnityEngine.Object:Destroy (UnityEngine.Object,single)
UnityEngine.Object:Destroy (UnityEngine.Object)
QuizBattle.Arena.GridController:CreateTile (int,int,UnityEngine.Color,bool) (at Assets/Scripts/Arena/GridController.cs:61)
QuizBattle.Arena.GridController:BuildGrid (int,int,int) (at Assets/Scripts/Arena/GridController.cs:44)
QuizBattle.GameState.GameManager:RunAutoPlayMatch (int,int) (at Assets/Scripts/GameState/GameManager.cs:67)
CaptureCurrentArena:Capture () (at Assets/Editor/CaptureCurrentArena.cs:22)

[Assets/Scripts/Arena/GridController.cs line 44]

Tile_3_1: Destroy may not be called from edit mode! Use DestroyImmediate instead.
Destroying an object in edit mode destroys it permanently
UnityEngine.Debug:ExtractStackTraceNoAlloc (byte*,int,string)
UnityEngine.StackTraceUtility:ExtractStackTrace ()
UnityEngine.Object:Destroy (UnityEngine.Object,single)
UnityEngine.Object:Destroy (UnityEngine.Object)
QuizBattle.Arena.GridController:CreateTile (int,int,UnityEngine.Color,bool) (at Assets/Scripts/Arena/GridController.cs:61)
QuizBattle.Arena.GridController:BuildGrid (int,int,int) (at Assets/Scripts/Arena/GridController.cs:44)
QuizBattle.GameState.GameManager:RunAutoPlayMatch (int,int) (at Assets/Scripts/GameState/GameManager.cs:67)
CaptureCurrentArena:Capture () (at Assets/Editor/CaptureCurrentArena.cs:22)

[Assets/Scripts/Arena/GridController.cs line 44]

Tile_3_2: Destroy may not be called from edit mode! Use DestroyImmediate instead.
Destroying an object in edit mode destroys it permanently
UnityEngine.Debug:ExtractStackTraceNoAlloc (byte*,int,string)
UnityEngine.StackTraceUtility:ExtractStackTrace ()
UnityEngine.Object:Destroy (UnityEngine.Object,single)
UnityEngine.Object:Destroy (UnityEngine.Object)
QuizBattle.Arena.GridController:CreateTile (int,int,UnityEngine.Color,bool) (at Assets/Scripts/Arena/GridController.cs:61)
QuizBattle.Arena.GridController:BuildGrid (int,int,int) (at Assets/Scripts/Arena/GridController.cs:44)
QuizBattle.GameState.GameManager:RunAutoPlayMatch (int,int) (at Assets/Scripts/GameState/GameManager.cs:67)
CaptureCurrentArena:Capture () (at Assets/Editor/CaptureCurrentArena.cs:22)

[Assets/Scripts/Arena/GridController.cs line 44]

Tile_3_3: Destroy may not be called from edit mode! Use DestroyImmediate instead.
Destroying an object in edit mode destroys it permanently
UnityEngine.Debug:ExtractStackTraceNoAlloc (byte*,int,string)
UnityEngine.StackTraceUtility:ExtractStackTrace ()
UnityEngine.Object:Destroy (UnityEngine.Object,single)
UnityEngine.Object:Destroy (UnityEngine.Object)
QuizBattle.Arena.GridController:CreateTile (int,int,UnityEngine.Color,bool) (at Assets/Scripts/Arena/GridController.cs:61)
QuizBattle.Arena.GridController:BuildGrid (int,int,int) (at Assets/Scripts/Arena/GridController.cs:44)
QuizBattle.GameState.GameManager:RunAutoPlayMatch (int,int) (at Assets/Scripts/GameState/GameManager.cs:67)
CaptureCurrentArena:Capture () (at Assets/Editor/CaptureCurrentArena.cs:22)

[Assets/Scripts/Arena/GridController.cs line 44]

Tile_3_4: Destroy may not be called from edit mode! Use DestroyImmediate instead.
Destroying an object in edit mode destroys it permanently
UnityEngine.Debug:ExtractStackTraceNoAlloc (byte*,int,string)
UnityEngine.StackTraceUtility:ExtractStackTrace ()
UnityEngine.Object:Destroy (UnityEngine.Object,single)
UnityEngine.Object:Destroy (UnityEngine.Object)
QuizBattle.Arena.GridController:CreateTile (int,int,UnityEngine.Color,bool) (at Assets/Scripts/Arena/GridController.cs:61)
QuizBattle.Arena.GridController:BuildGrid (int,int,int) (at Assets/Scripts/Arena/GridController.cs:44)
QuizBattle.GameState.GameManager:RunAutoPlayMatch (int,int) (at Assets/Scripts/GameState/GameManager.cs:67)
CaptureCurrentArena:Capture () (at Assets/Editor/CaptureCurrentArena.cs:22)

[Assets/Scripts/Arena/GridController.cs line 44]

Tile_3_5: Destroy may not be called from edit mode! Use DestroyImmediate instead.
Destroying an object in edit mode destroys it permanently
UnityEngine.Debug:ExtractStackTraceNoAlloc (byte*,int,string)
UnityEngine.StackTraceUtility:ExtractStackTrace ()
UnityEngine.Object:Destroy (UnityEngine.Object,single)
UnityEngine.Object:Destroy (UnityEngine.Object)
QuizBattle.Arena.GridController:CreateTile (int,int,UnityEngine.Color,bool) (at Assets/Scripts/Arena/GridController.cs:61)
QuizBattle.Arena.GridController:BuildGrid (int,int,int) (at Assets/Scripts/Arena/GridController.cs:44)
QuizBattle.GameState.GameManager:RunAutoPlayMatch (int,int) (at Assets/Scripts/GameState/GameManager.cs:67)
CaptureCurrentArena:Capture () (at Assets/Editor/CaptureCurrentArena.cs:22)

[Assets/Scripts/Arena/GridController.cs line 44]

ZoneGlow_3_5: Destroy may not be called from edit mode! Use DestroyImmediate instead.
Destroying an object in edit mode destroys it permanently
UnityEngine.Debug:ExtractStackTraceNoAlloc (byte*,int,string)
UnityEngine.StackTraceUtility:ExtractStackTrace ()
UnityEngine.Object:Destroy (UnityEngine.Object,single)
UnityEngine.Object:Destroy (UnityEngine.Object)
QuizBattle.Arena.GridController:CreateZoneGlow (int,int,bool,bool) (at Assets/Scripts/Arena/GridController.cs:121)
QuizBattle.Arena.GridController:BuildGrid (int,int,int) (at Assets/Scripts/Arena/GridController.cs:45)
QuizBattle.GameState.GameManager:RunAutoPlayMatch (int,int) (at Assets/Scripts/GameState/GameManager.cs:67)
CaptureCurrentArena:Capture () (at Assets/Editor/CaptureCurrentArena.cs:22)

[Assets/Scripts/Arena/GridController.cs line 121]

SpotFan_3_5: Destroy may not be called from edit mode! Use DestroyImmediate instead.
Destroying an object in edit mode destroys it permanently
UnityEngine.Debug:ExtractStackTraceNoAlloc (byte*,int,string)
UnityEngine.StackTraceUtility:ExtractStackTrace ()
UnityEngine.Object:Destroy (UnityEngine.Object,single)
UnityEngine.Object:Destroy (UnityEngine.Object)
QuizBattle.Arena.GridController:CreateZoneGlow (int,int,bool,bool) (at Assets/Scripts/Arena/GridController.cs:145)
QuizBattle.Arena.GridController:BuildGrid (int,int,int) (at Assets/Scripts/Arena/GridController.cs:45)
QuizBattle.GameState.GameManager:RunAutoPlayMatch (int,int) (at Assets/Scripts/GameState/GameManager.cs:67)
CaptureCurrentArena:Capture () (at Assets/Editor/CaptureCurrentArena.cs:22)

[Assets/Scripts/Arena/GridController.cs line 145]

Tile_4_0: Destroy may not be called from edit mode! Use DestroyImmediate instead.
Destroying an object in edit mode destroys it permanently
UnityEngine.Debug:ExtractStackTraceNoAlloc (byte*,int,string)
UnityEngine.StackTraceUtility:ExtractStackTrace ()
UnityEngine.Object:Destroy (UnityEngine.Object,single)
UnityEngine.Object:Destroy (UnityEngine.Object)
QuizBattle.Arena.GridController:CreateTile (int,int,UnityEngine.Color,bool) (at Assets/Scripts/Arena/GridController.cs:61)
QuizBattle.Arena.GridController:BuildGrid (int,int,int) (at Assets/Scripts/Arena/GridController.cs:44)
QuizBattle.GameState.GameManager:RunAutoPlayMatch (int,int) (at Assets/Scripts/GameState/GameManager.cs:67)
CaptureCurrentArena:Capture () (at Assets/Editor/CaptureCurrentArena.cs:22)

[Assets/Scripts/Arena/GridController.cs line 44]

Tile_4_1: Destroy may not be called from edit mode! Use DestroyImmediate instead.
Destroying an object in edit mode destroys it permanently
UnityEngine.Debug:ExtractStackTraceNoAlloc (byte*,int,string)
UnityEngine.StackTraceUtility:ExtractStackTrace ()
UnityEngine.Object:Destroy (UnityEngine.Object,single)
UnityEngine.Object:Destroy (UnityEngine.Object)
QuizBattle.Arena.GridController:CreateTile (int,int,UnityEngine.Color,bool) (at Assets/Scripts/Arena/GridController.cs:61)
QuizBattle.Arena.GridController:BuildGrid (int,int,int) (at Assets/Scripts/Arena/GridController.cs:44)
QuizBattle.GameState.GameManager:RunAutoPlayMatch (int,int) (at Assets/Scripts/GameState/GameManager.cs:67)
CaptureCurrentArena:Capture () (at Assets/Editor/CaptureCurrentArena.cs:22)

[Assets/Scripts/Arena/GridController.cs line 44]

Tile_4_2: Destroy may not be called from edit mode! Use DestroyImmediate instead.
Destroying an object in edit mode destroys it permanently
UnityEngine.Debug:ExtractStackTraceNoAlloc (byte*,int,string)
UnityEngine.StackTraceUtility:ExtractStackTrace ()
UnityEngine.Object:Destroy (UnityEngine.Object,single)
UnityEngine.Object:Destroy (UnityEngine.Object)
QuizBattle.Arena.GridController:CreateTile (int,int,UnityEngine.Color,bool) (at Assets/Scripts/Arena/GridController.cs:61)
QuizBattle.Arena.GridController:BuildGrid (int,int,int) (at Assets/Scripts/Arena/GridController.cs:44)
QuizBattle.GameState.GameManager:RunAutoPlayMatch (int,int) (at Assets/Scripts/GameState/GameManager.cs:67)
CaptureCurrentArena:Capture () (at Assets/Editor/CaptureCurrentArena.cs:22)

[Assets/Scripts/Arena/GridController.cs line 44]

Tile_4_3: Destroy may not be called from edit mode! Use DestroyImmediate instead.
Destroying an object in edit mode destroys it permanently
UnityEngine.Debug:ExtractStackTraceNoAlloc (byte*,int,string)
UnityEngine.StackTraceUtility:ExtractStackTrace ()
UnityEngine.Object:Destroy (UnityEngine.Object,single)
UnityEngine.Object:Destroy (UnityEngine.Object)
QuizBattle.Arena.GridController:CreateTile (int,int,UnityEngine.Color,bool) (at Assets/Scripts/Arena/GridController.cs:61)
QuizBattle.Arena.GridController:BuildGrid (int,int,int) (at Assets/Scripts/Arena/GridController.cs:44)
QuizBattle.GameState.GameManager:RunAutoPlayMatch (int,int) (at Assets/Scripts/GameState/GameManager.cs:67)
CaptureCurrentArena:Capture () (at Assets/Editor/CaptureCurrentArena.cs:22)

[Assets/Scripts/Arena/GridController.cs line 44]

Tile_4_4: Destroy may not be called from edit mode! Use DestroyImmediate instead.
Destroying an object in edit mode destroys it permanently
UnityEngine.Debug:ExtractStackTraceNoAlloc (byte*,int,string)
UnityEngine.StackTraceUtility:ExtractStackTrace ()
UnityEngine.Object:Destroy (UnityEngine.Object,single)
UnityEngine.Object:Destroy (UnityEngine.Object)
QuizBattle.Arena.GridController:CreateTile (int,int,UnityEngine.Color,bool) (at Assets/Scripts/Arena/GridController.cs:61)
QuizBattle.Arena.GridController:BuildGrid (int,int,int) (at Assets/Scripts/Arena/GridController.cs:44)
QuizBattle.GameState.GameManager:RunAutoPlayMatch (int,int) (at Assets/Scripts/GameState/GameManager.cs:67)
CaptureCurrentArena:Capture () (at Assets/Editor/CaptureCurrentArena.cs:22)

[Assets/Scripts/Arena/GridController.cs line 44]

Tile_4_5: Destroy may not be called from edit mode! Use DestroyImmediate instead.
Destroying an object in edit mode destroys it permanently
UnityEngine.Debug:ExtractStackTraceNoAlloc (byte*,int,string)
UnityEngine.StackTraceUtility:ExtractStackTrace ()
UnityEngine.Object:Destroy (UnityEngine.Object,single)
UnityEngine.Object:Destroy (UnityEngine.Object)
QuizBattle.Arena.GridController:CreateTile (int,int,UnityEngine.Color,bool) (at Assets/Scripts/Arena/GridController.cs:61)
QuizBattle.Arena.GridController:BuildGrid (int,int,int) (at Assets/Scripts/Arena/GridController.cs:44)
QuizBattle.GameState.GameManager:RunAutoPlayMatch (int,int) (at Assets/Scripts/GameState/GameManager.cs:67)
CaptureCurrentArena:Capture () (at Assets/Editor/CaptureCurrentArena.cs:22)

[Assets/Scripts/Arena/GridController.cs line 44]

ZoneGlow_4_5: Destroy may not be called from edit mode! Use DestroyImmediate instead.
Destroying an object in edit mode destroys it permanently
UnityEngine.Debug:ExtractStackTraceNoAlloc (byte*,int,string)
UnityEngine.StackTraceUtility:ExtractStackTrace ()
UnityEngine.Object:Destroy (UnityEngine.Object,single)
UnityEngine.Object:Destroy (UnityEngine.Object)
QuizBattle.Arena.GridController:CreateZoneGlow (int,int,bool,bool) (at Assets/Scripts/Arena/GridController.cs:121)
QuizBattle.Arena.GridController:BuildGrid (int,int,int) (at Assets/Scripts/Arena/GridController.cs:45)
QuizBattle.GameState.GameManager:RunAutoPlayMatch (int,int) (at Assets/Scripts/GameState/GameManager.cs:67)
CaptureCurrentArena:Capture () (at Assets/Editor/CaptureCurrentArena.cs:22)

[Assets/Scripts/Arena/GridController.cs line 121]

SpotFan_4_5: Destroy may not be called from edit mode! Use DestroyImmediate instead.
Destroying an object in edit mode destroys it permanently
UnityEngine.Debug:ExtractStackTraceNoAlloc (byte*,int,string)
UnityEngine.StackTraceUtility:ExtractStackTrace ()
UnityEngine.Object:Destroy (UnityEngine.Object,single)
UnityEngine.Object:Destroy (UnityEngine.Object)
QuizBattle.Arena.GridController:CreateZoneGlow (int,int,bool,bool) (at Assets/Scripts/Arena/GridController.cs:145)
QuizBattle.Arena.GridController:BuildGrid (int,int,int) (at Assets/Scripts/Arena/GridController.cs:45)
QuizBattle.GameState.GameManager:RunAutoPlayMatch (int,int) (at Assets/Scripts/GameState/GameManager.cs:67)
CaptureCurrentArena:Capture () (at Assets/Editor/CaptureCurrentArena.cs:22)

[Assets/Scripts/Arena/GridController.cs line 145]

Tile_5_0: Destroy may not be called from edit mode! Use DestroyImmediate instead.
Destroying an object in edit mode destroys it permanently
UnityEngine.Debug:ExtractStackTraceNoAlloc (byte*,int,string)
UnityEngine.StackTraceUtility:ExtractStackTrace ()
UnityEngine.Object:Destroy (UnityEngine.Object,single)
UnityEngine.Object:Destroy (UnityEngine.Object)
QuizBattle.Arena.GridController:CreateTile (int,int,UnityEngine.Color,bool) (at Assets/Scripts/Arena/GridController.cs:61)
QuizBattle.Arena.GridController:BuildGrid (int,int,int) (at Assets/Scripts/Arena/GridController.cs:44)
QuizBattle.GameState.GameManager:RunAutoPlayMatch (int,int) (at Assets/Scripts/GameState/GameManager.cs:67)
CaptureCurrentArena:Capture () (at Assets/Editor/CaptureCurrentArena.cs:22)

[Assets/Scripts/Arena/GridController.cs line 44]

Tile_5_1: Destroy may not be called from edit mode! Use DestroyImmediate instead.
Destroying an object in edit mode destroys it permanently
UnityEngine.Debug:ExtractStackTraceNoAlloc (byte*,int,string)
UnityEngine.StackTraceUtility:ExtractStackTrace ()
UnityEngine.Object:Destroy (UnityEngine.Object,single)
UnityEngine.Object:Destroy (UnityEngine.Object)
QuizBattle.Arena.GridController:CreateTile (int,int,UnityEngine.Color,bool) (at Assets/Scripts/Arena/GridController.cs:61)
QuizBattle.Arena.GridController:BuildGrid (int,int,int) (at Assets/Scripts/Arena/GridController.cs:44)
QuizBattle.GameState.GameManager:RunAutoPlayMatch (int,int) (at Assets/Scripts/GameState/GameManager.cs:67)
CaptureCurrentArena:Capture () (at Assets/Editor/CaptureCurrentArena.cs:22)

[Assets/Scripts/Arena/GridController.cs line 44]

Tile_5_2: Destroy may not be called from edit mode! Use DestroyImmediate instead.
Destroying an object in edit mode destroys it permanently
UnityEngine.Debug:ExtractStackTraceNoAlloc (byte*,int,string)
UnityEngine.StackTraceUtility:ExtractStackTrace ()
UnityEngine.Object:Destroy (UnityEngine.Object,single)
UnityEngine.Object:Destroy (UnityEngine.Object)
QuizBattle.Arena.GridController:CreateTile (int,int,UnityEngine.Color,bool) (at Assets/Scripts/Arena/GridController.cs:61)
QuizBattle.Arena.GridController:BuildGrid (int,int,int) (at Assets/Scripts/Arena/GridController.cs:44)
QuizBattle.GameState.GameManager:RunAutoPlayMatch (int,int) (at Assets/Scripts/GameState/GameManager.cs:67)
CaptureCurrentArena:Capture () (at Assets/Editor/CaptureCurrentArena.cs:22)

[Assets/Scripts/Arena/GridController.cs line 44]

Tile_5_3: Destroy may not be called from edit mode! Use DestroyImmediate instead.
Destroying an object in edit mode destroys it permanently
UnityEngine.Debug:ExtractStackTraceNoAlloc (byte*,int,string)
UnityEngine.StackTraceUtility:ExtractStackTrace ()
UnityEngine.Object:Destroy (UnityEngine.Object,single)
UnityEngine.Object:Destroy (UnityEngine.Object)
QuizBattle.Arena.GridController:CreateTile (int,int,UnityEngine.Color,bool) (at Assets/Scripts/Arena/GridController.cs:61)
QuizBattle.Arena.GridController:BuildGrid (int,int,int) (at Assets/Scripts/Arena/GridController.cs:44)
QuizBattle.GameState.GameManager:RunAutoPlayMatch (int,int) (at Assets/Scripts/GameState/GameManager.cs:67)
CaptureCurrentArena:Capture () (at Assets/Editor/CaptureCurrentArena.cs:22)

[Assets/Scripts/Arena/GridController.cs line 44]

Tile_5_4: Destroy may not be called from edit mode! Use DestroyImmediate instead.
Destroying an object in edit mode destroys it permanently
UnityEngine.Debug:ExtractStackTraceNoAlloc (byte*,int,string)
UnityEngine.StackTraceUtility:ExtractStackTrace ()
UnityEngine.Object:Destroy (UnityEngine.Object,single)
UnityEngine.Object:Destroy (UnityEngine.Object)
QuizBattle.Arena.GridController:CreateTile (int,int,UnityEngine.Color,bool) (at Assets/Scripts/Arena/GridController.cs:61)
QuizBattle.Arena.GridController:BuildGrid (int,int,int) (at Assets/Scripts/Arena/GridController.cs:44)
QuizBattle.GameState.GameManager:RunAutoPlayMatch (int,int) (at Assets/Scripts/GameState/GameManager.cs:67)
CaptureCurrentArena:Capture () (at Assets/Editor/CaptureCurrentArena.cs:22)

[Assets/Scripts/Arena/GridController.cs line 44]

Tile_5_5: Destroy may not be called from edit mode! Use DestroyImmediate instead.
Destroying an object in edit mode destroys it permanently
UnityEngine.Debug:ExtractStackTraceNoAlloc (byte*,int,string)
UnityEngine.StackTraceUtility:ExtractStackTrace ()
UnityEngine.Object:Destroy (UnityEngine.Object,single)
UnityEngine.Object:Destroy (UnityEngine.Object)
QuizBattle.Arena.GridController:CreateTile (int,int,UnityEngine.Color,bool) (at Assets/Scripts/Arena/GridController.cs:61)
QuizBattle.Arena.GridController:BuildGrid (int,int,int) (at Assets/Scripts/Arena/GridController.cs:44)
QuizBattle.GameState.GameManager:RunAutoPlayMatch (int,int) (at Assets/Scripts/GameState/GameManager.cs:67)
CaptureCurrentArena:Capture () (at Assets/Editor/CaptureCurrentArena.cs:22)

[Assets/Scripts/Arena/GridController.cs line 44]

ZoneGlow_5_5: Destroy may not be called from edit mode! Use DestroyImmediate instead.
Destroying an object in edit mode destroys it permanently
UnityEngine.Debug:ExtractStackTraceNoAlloc (byte*,int,string)
UnityEngine.StackTraceUtility:ExtractStackTrace ()
UnityEngine.Object:Destroy (UnityEngine.Object,single)
UnityEngine.Object:Destroy (UnityEngine.Object)
QuizBattle.Arena.GridController:CreateZoneGlow (int,int,bool,bool) (at Assets/Scripts/Arena/GridController.cs:121)
QuizBattle.Arena.GridController:BuildGrid (int,int,int) (at Assets/Scripts/Arena/GridController.cs:45)
QuizBattle.GameState.GameManager:RunAutoPlayMatch (int,int) (at Assets/Scripts/GameState/GameManager.cs:67)
CaptureCurrentArena:Capture () (at Assets/Editor/CaptureCurrentArena.cs:22)

[Assets/Scripts/Arena/GridController.cs line 121]

SpotFan_5_5: Destroy may not be called from edit mode! Use DestroyImmediate instead.
Destroying an object in edit mode destroys it permanently
UnityEngine.Debug:ExtractStackTraceNoAlloc (byte*,int,string)
UnityEngine.StackTraceUtility:ExtractStackTrace ()
UnityEngine.Object:Destroy (UnityEngine.Object,single)
UnityEngine.Object:Destroy (UnityEngine.Object)
QuizBattle.Arena.GridController:CreateZoneGlow (int,int,bool,bool) (at Assets/Scripts/Arena/GridController.cs:145)
QuizBattle.Arena.GridController:BuildGrid (int,int,int) (at Assets/Scripts/Arena/GridController.cs:45)
QuizBattle.GameState.GameManager:RunAutoPlayMatch (int,int) (at Assets/Scripts/GameState/GameManager.cs:67)
CaptureCurrentArena:Capture () (at Assets/Editor/CaptureCurrentArena.cs:22)

[Assets/Scripts/Arena/GridController.cs line 145]

Tile_6_0: Destroy may not be called from edit mode! Use DestroyImmediate instead.
Destroying an object in edit mode destroys it permanently
UnityEngine.Debug:ExtractStackTraceNoAlloc (byte*,int,string)
UnityEngine.StackTraceUtility:ExtractStackTrace ()
UnityEngine.Object:Destroy (UnityEngine.Object,single)
UnityEngine.Object:Destroy (UnityEngine.Object)
QuizBattle.Arena.GridController:CreateTile (int,int,UnityEngine.Color,bool) (at Assets/Scripts/Arena/GridController.cs:61)
QuizBattle.Arena.GridController:BuildGrid (int,int,int) (at Assets/Scripts/Arena/GridController.cs:44)
QuizBattle.GameState.GameManager:RunAutoPlayMatch (int,int) (at Assets/Scripts/GameState/GameManager.cs:67)
CaptureCurrentArena:Capture () (at Assets/Editor/CaptureCurrentArena.cs:22)

[Assets/Scripts/Arena/GridController.cs line 44]

Tile_6_1: Destroy may not be called from edit mode! Use DestroyImmediate instead.
Destroying an object in edit mode destroys it permanently
UnityEngine.Debug:ExtractStackTraceNoAlloc (byte*,int,string)
UnityEngine.StackTraceUtility:ExtractStackTrace ()
UnityEngine.Object:Destroy (UnityEngine.Object,single)
UnityEngine.Object:Destroy (UnityEngine.Object)
QuizBattle.Arena.GridController:CreateTile (int,int,UnityEngine.Color,bool) (at Assets/Scripts/Arena/GridController.cs:61)
QuizBattle.Arena.GridController:BuildGrid (int,int,int) (at Assets/Scripts/Arena/GridController.cs:44)
QuizBattle.GameState.GameManager:RunAutoPlayMatch (int,int) (at Assets/Scripts/GameState/GameManager.cs:67)
CaptureCurrentArena:Capture () (at Assets/Editor/CaptureCurrentArena.cs:22)

[Assets/Scripts/Arena/GridController.cs line 44]

Tile_6_2: Destroy may not be called from edit mode! Use DestroyImmediate instead.
Destroying an object in edit mode destroys it permanently
UnityEngine.Debug:ExtractStackTraceNoAlloc (byte*,int,string)
UnityEngine.StackTraceUtility:ExtractStackTrace ()
UnityEngine.Object:Destroy (UnityEngine.Object,single)
UnityEngine.Object:Destroy (UnityEngine.Object)
QuizBattle.Arena.GridController:CreateTile (int,int,UnityEngine.Color,bool) (at Assets/Scripts/Arena/GridController.cs:61)
QuizBattle.Arena.GridController:BuildGrid (int,int,int) (at Assets/Scripts/Arena/GridController.cs:44)
QuizBattle.GameState.GameManager:RunAutoPlayMatch (int,int) (at Assets/Scripts/GameState/GameManager.cs:67)
CaptureCurrentArena:Capture () (at Assets/Editor/CaptureCurrentArena.cs:22)

[Assets/Scripts/Arena/GridController.cs line 44]

Tile_6_3: Destroy may not be called from edit mode! Use DestroyImmediate instead.
Destroying an object in edit mode destroys it permanently
UnityEngine.Debug:ExtractStackTraceNoAlloc (byte*,int,string)
UnityEngine.StackTraceUtility:ExtractStackTrace ()
UnityEngine.Object:Destroy (UnityEngine.Object,single)
UnityEngine.Object:Destroy (UnityEngine.Object)
QuizBattle.Arena.GridController:CreateTile (int,int,UnityEngine.Color,bool) (at Assets/Scripts/Arena/GridController.cs:61)
QuizBattle.Arena.GridController:BuildGrid (int,int,int) (at Assets/Scripts/Arena/GridController.cs:44)
QuizBattle.GameState.GameManager:RunAutoPlayMatch (int,int) (at Assets/Scripts/GameState/GameManager.cs:67)
CaptureCurrentArena:Capture () (at Assets/Editor/CaptureCurrentArena.cs:22)

[Assets/Scripts/Arena/GridController.cs line 44]

Tile_6_4: Destroy may not be called from edit mode! Use DestroyImmediate instead.
Destroying an object in edit mode destroys it permanently
UnityEngine.Debug:ExtractStackTraceNoAlloc (byte*,int,string)
UnityEngine.StackTraceUtility:ExtractStackTrace ()
UnityEngine.Object:Destroy (UnityEngine.Object,single)
UnityEngine.Object:Destroy (UnityEngine.Object)
QuizBattle.Arena.GridController:CreateTile (int,int,UnityEngine.Color,bool) (at Assets/Scripts/Arena/GridController.cs:61)
QuizBattle.Arena.GridController:BuildGrid (int,int,int) (at Assets/Scripts/Arena/GridController.cs:44)
QuizBattle.GameState.GameManager:RunAutoPlayMatch (int,int) (at Assets/Scripts/GameState/GameManager.cs:67)
CaptureCurrentArena:Capture () (at Assets/Editor/CaptureCurrentArena.cs:22)

[Assets/Scripts/Arena/GridController.cs line 44]

Tile_6_5: Destroy may not be called from edit mode! Use DestroyImmediate instead.
Destroying an object in edit mode destroys it permanently
UnityEngine.Debug:ExtractStackTraceNoAlloc (byte*,int,string)
UnityEngine.StackTraceUtility:ExtractStackTrace ()
UnityEngine.Object:Destroy (UnityEngine.Object,single)
UnityEngine.Object:Destroy (UnityEngine.Object)
QuizBattle.Arena.GridController:CreateTile (int,int,UnityEngine.Color,bool) (at Assets/Scripts/Arena/GridController.cs:61)
QuizBattle.Arena.GridController:BuildGrid (int,int,int) (at Assets/Scripts/Arena/GridController.cs:44)
QuizBattle.GameState.GameManager:RunAutoPlayMatch (int,int) (at Assets/Scripts/GameState/GameManager.cs:67)
CaptureCurrentArena:Capture () (at Assets/Editor/CaptureCurrentArena.cs:22)

[Assets/Scripts/Arena/GridController.cs line 44]

ZoneGlow_6_5: Destroy may not be called from edit mode! Use DestroyImmediate instead.
Destroying an object in edit mode destroys it permanently
UnityEngine.Debug:ExtractStackTraceNoAlloc (byte*,int,string)
UnityEngine.StackTraceUtility:ExtractStackTrace ()
UnityEngine.Object:Destroy (UnityEngine.Object,single)
UnityEngine.Object:Destroy (UnityEngine.Object)
QuizBattle.Arena.GridController:CreateZoneGlow (int,int,bool,bool) (at Assets/Scripts/Arena/GridController.cs:121)
QuizBattle.Arena.GridController:BuildGrid (int,int,int) (at Assets/Scripts/Arena/GridController.cs:45)
QuizBattle.GameState.GameManager:RunAutoPlayMatch (int,int) (at Assets/Scripts/GameState/GameManager.cs:67)
CaptureCurrentArena:Capture () (at Assets/Editor/CaptureCurrentArena.cs:22)

[Assets/Scripts/Arena/GridController.cs line 121]

SpotFan_6_5: Destroy may not be called from edit mode! Use DestroyImmediate instead.
Destroying an object in edit mode destroys it permanently
UnityEngine.Debug:ExtractStackTraceNoAlloc (byte*,int,string)
UnityEngine.StackTraceUtility:ExtractStackTrace ()
UnityEngine.Object:Destroy (UnityEngine.Object,single)
UnityEngine.Object:Destroy (UnityEngine.Object)
QuizBattle.Arena.GridController:CreateZoneGlow (int,int,bool,bool) (at Assets/Scripts/Arena/GridController.cs:145)
QuizBattle.Arena.GridController:BuildGrid (int,int,int) (at Assets/Scripts/Arena/GridController.cs:45)
QuizBattle.GameState.GameManager:RunAutoPlayMatch (int,int) (at Assets/Scripts/GameState/GameManager.cs:67)
CaptureCurrentArena:Capture () (at Assets/Editor/CaptureCurrentArena.cs:22)

[Assets/Scripts/Arena/GridController.cs line 145]

Tile_7_0: Destroy may not be called from edit mode! Use DestroyImmediate instead.
Destroying an object in edit mode destroys it permanently
UnityEngine.Debug:ExtractStackTraceNoAlloc (byte*,int,string)
UnityEngine.StackTraceUtility:ExtractStackTrace ()
UnityEngine.Object:Destroy (UnityEngine.Object,single)
UnityEngine.Object:Destroy (UnityEngine.Object)
QuizBattle.Arena.GridController:CreateTile (int,int,UnityEngine.Color,bool) (at Assets/Scripts/Arena/GridController.cs:61)
QuizBattle.Arena.GridController:BuildGrid (int,int,int) (at Assets/Scripts/Arena/GridController.cs:44)
QuizBattle.GameState.GameManager:RunAutoPlayMatch (int,int) (at Assets/Scripts/GameState/GameManager.cs:67)
CaptureCurrentArena:Capture () (at Assets/Editor/CaptureCurrentArena.cs:22)

[Assets/Scripts/Arena/GridController.cs line 44]

Tile_7_1: Destroy may not be called from edit mode! Use DestroyImmediate instead.
Destroying an object in edit mode destroys it permanently
UnityEngine.Debug:ExtractStackTraceNoAlloc (byte*,int,string)
UnityEngine.StackTraceUtility:ExtractStackTrace ()
UnityEngine.Object:Destroy (UnityEngine.Object,single)
UnityEngine.Object:Destroy (UnityEngine.Object)
QuizBattle.Arena.GridController:CreateTile (int,int,UnityEngine.Color,bool) (at Assets/Scripts/Arena/GridController.cs:61)
QuizBattle.Arena.GridController:BuildGrid (int,int,int) (at Assets/Scripts/Arena/GridController.cs:44)
QuizBattle.GameState.GameManager:RunAutoPlayMatch (int,int) (at Assets/Scripts/GameState/GameManager.cs:67)
CaptureCurrentArena:Capture () (at Assets/Editor/CaptureCurrentArena.cs:22)

[Assets/Scripts/Arena/GridController.cs line 44]

Tile_7_2: Destroy may not be called from edit mode! Use DestroyImmediate instead.
Destroying an object in edit mode destroys it permanently
UnityEngine.Debug:ExtractStackTraceNoAlloc (byte*,int,string)
UnityEngine.StackTraceUtility:ExtractStackTrace ()
UnityEngine.Object:Destroy (UnityEngine.Object,single)
UnityEngine.Object:Destroy (UnityEngine.Object)
QuizBattle.Arena.GridController:CreateTile (int,int,UnityEngine.Color,bool) (at Assets/Scripts/Arena/GridController.cs:61)
QuizBattle.Arena.GridController:BuildGrid (int,int,int) (at Assets/Scripts/Arena/GridController.cs:44)
QuizBattle.GameState.GameManager:RunAutoPlayMatch (int,int) (at Assets/Scripts/GameState/GameManager.cs:67)
CaptureCurrentArena:Capture () (at Assets/Editor/CaptureCurrentArena.cs:22)

[Assets/Scripts/Arena/GridController.cs line 44]

Tile_7_3: Destroy may not be called from edit mode! Use DestroyImmediate instead.
Destroying an object in edit mode destroys it permanently
UnityEngine.Debug:ExtractStackTraceNoAlloc (byte*,int,string)
UnityEngine.StackTraceUtility:ExtractStackTrace ()
UnityEngine.Object:Destroy (UnityEngine.Object,single)
UnityEngine.Object:Destroy (UnityEngine.Object)
QuizBattle.Arena.GridController:CreateTile (int,int,UnityEngine.Color,bool) (at Assets/Scripts/Arena/GridController.cs:61)
QuizBattle.Arena.GridController:BuildGrid (int,int,int) (at Assets/Scripts/Arena/GridController.cs:44)
QuizBattle.GameState.GameManager:RunAutoPlayMatch (int,int) (at Assets/Scripts/GameState/GameManager.cs:67)
CaptureCurrentArena:Capture () (at Assets/Editor/CaptureCurrentArena.cs:22)

[Assets/Scripts/Arena/GridController.cs line 44]

Tile_7_4: Destroy may not be called from edit mode! Use DestroyImmediate instead.
Destroying an object in edit mode destroys it permanently
UnityEngine.Debug:ExtractStackTraceNoAlloc (byte*,int,string)
UnityEngine.StackTraceUtility:ExtractStackTrace ()
UnityEngine.Object:Destroy (UnityEngine.Object,single)
UnityEngine.Object:Destroy (UnityEngine.Object)
QuizBattle.Arena.GridController:CreateTile (int,int,UnityEngine.Color,bool) (at Assets/Scripts/Arena/GridController.cs:61)
QuizBattle.Arena.GridController:BuildGrid (int,int,int) (at Assets/Scripts/Arena/GridController.cs:44)
QuizBattle.GameState.GameManager:RunAutoPlayMatch (int,int) (at Assets/Scripts/GameState/GameManager.cs:67)
CaptureCurrentArena:Capture () (at Assets/Editor/CaptureCurrentArena.cs:22)

[Assets/Scripts/Arena/GridController.cs line 44]

Tile_7_5: Destroy may not be called from edit mode! Use DestroyImmediate instead.
Destroying an object in edit mode destroys it permanently
UnityEngine.Debug:ExtractStackTraceNoAlloc (byte*,int,string)
UnityEngine.StackTraceUtility:ExtractStackTrace ()
UnityEngine.Object:Destroy (UnityEngine.Object,single)
UnityEngine.Object:Destroy (UnityEngine.Object)
QuizBattle.Arena.GridController:CreateTile (int,int,UnityEngine.Color,bool) (at Assets/Scripts/Arena/GridController.cs:61)
QuizBattle.Arena.GridController:BuildGrid (int,int,int) (at Assets/Scripts/Arena/GridController.cs:44)
QuizBattle.GameState.GameManager:RunAutoPlayMatch (int,int) (at Assets/Scripts/GameState/GameManager.cs:67)
CaptureCurrentArena:Capture () (at Assets/Editor/CaptureCurrentArena.cs:22)

[Assets/Scripts/Arena/GridController.cs line 44]

ZoneGlow_7_5: Destroy may not be called from edit mode! Use DestroyImmediate instead.
Destroying an object in edit mode destroys it permanently
UnityEngine.Debug:ExtractStackTraceNoAlloc (byte*,int,string)
UnityEngine.StackTraceUtility:ExtractStackTrace ()
UnityEngine.Object:Destroy (UnityEngine.Object,single)
UnityEngine.Object:Destroy (UnityEngine.Object)
QuizBattle.Arena.GridController:CreateZoneGlow (int,int,bool,bool) (at Assets/Scripts/Arena/GridController.cs:121)
QuizBattle.Arena.GridController:BuildGrid (int,int,int) (at Assets/Scripts/Arena/GridController.cs:45)
QuizBattle.GameState.GameManager:RunAutoPlayMatch (int,int) (at Assets/Scripts/GameState/GameManager.cs:67)
CaptureCurrentArena:Capture () (at Assets/Editor/CaptureCurrentArena.cs:22)

[Assets/Scripts/Arena/GridController.cs line 121]

SpotFan_7_5: Destroy may not be called from edit mode! Use DestroyImmediate instead.
Destroying an object in edit mode destroys it permanently
UnityEngine.Debug:ExtractStackTraceNoAlloc (byte*,int,string)
UnityEngine.StackTraceUtility:ExtractStackTrace ()
UnityEngine.Object:Destroy (UnityEngine.Object,single)
UnityEngine.Object:Destroy (UnityEngine.Object)
QuizBattle.Arena.GridController:CreateZoneGlow (int,int,bool,bool) (at Assets/Scripts/Arena/GridController.cs:145)
QuizBattle.Arena.GridController:BuildGrid (int,int,int) (at Assets/Scripts/Arena/GridController.cs:45)
QuizBattle.GameState.GameManager:RunAutoPlayMatch (int,int) (at Assets/Scripts/GameState/GameManager.cs:67)
CaptureCurrentArena:Capture () (at Assets/Editor/CaptureCurrentArena.cs:22)

[Assets/Scripts/Arena/GridController.cs line 145]

Pillar: Destroy may not be called from edit mode! Use DestroyImmediate instead.
Destroying an object in edit mode destroys it permanently
UnityEngine.Debug:ExtractStackTraceNoAlloc (byte*,int,string)
UnityEngine.StackTraceUtility:ExtractStackTrace ()
UnityEngine.Object:Destroy (UnityEngine.Object,single)
UnityEngine.Object:Destroy (UnityEngine.Object)
QuizBattle.Arena.GridController:CreateGoalPost (int,int,bool) (at Assets/Scripts/Arena/GridController.cs:182)
QuizBattle.Arena.GridController:CreateZoneGlow (int,int,bool,bool) (at Assets/Scripts/Arena/GridController.cs:163)
QuizBattle.Arena.GridController:BuildGrid (int,int,int) (at Assets/Scripts/Arena/GridController.cs:45)
QuizBattle.GameState.GameManager:RunAutoPlayMatch (int,int) (at Assets/Scripts/GameState/GameManager.cs:67)
CaptureCurrentArena:Capture () (at Assets/Editor/CaptureCurrentArena.cs:22)

[Assets/Scripts/Arena/GridController.cs line 182]

CrownCap: Destroy may not be called from edit mode! Use DestroyImmediate instead.
Destroying an object in edit mode destroys it permanently
UnityEngine.Debug:ExtractStackTraceNoAlloc (byte*,int,string)
UnityEngine.StackTraceUtility:ExtractStackTrace ()
UnityEngine.Object:Destroy (UnityEngine.Object,single)
UnityEngine.Object:Destroy (UnityEngine.Object)
QuizBattle.Arena.GridController:CreateGoalPost (int,int,bool) (at Assets/Scripts/Arena/GridController.cs:191)
QuizBattle.Arena.GridController:CreateZoneGlow (int,int,bool,bool) (at Assets/Scripts/Arena/GridController.cs:163)
QuizBattle.Arena.GridController:BuildGrid (int,int,int) (at Assets/Scripts/Arena/GridController.cs:45)
QuizBattle.GameState.GameManager:RunAutoPlayMatch (int,int) (at Assets/Scripts/GameState/GameManager.cs:67)
CaptureCurrentArena:Capture () (at Assets/Editor/CaptureCurrentArena.cs:22)

[Assets/Scripts/Arena/GridController.cs line 191]

Bracket_0: Destroy may not be called from edit mode! Use DestroyImmediate instead.
Destroying an object in edit mode destroys it permanently
UnityEngine.Debug:ExtractStackTraceNoAlloc (byte*,int,string)
UnityEngine.StackTraceUtility:ExtractStackTrace ()
UnityEngine.Object:Destroy (UnityEngine.Object,single)
UnityEngine.Object:Destroy (UnityEngine.Object)
QuizBattle.Arena.GridController:CreateGoalPost (int,int,bool) (at Assets/Scripts/Arena/GridController.cs:219)
QuizBattle.Arena.GridController:CreateZoneGlow (int,int,bool,bool) (at Assets/Scripts/Arena/GridController.cs:163)
QuizBattle.Arena.GridController:BuildGrid (int,int,int) (at Assets/Scripts/Arena/GridController.cs:45)
QuizBattle.GameState.GameManager:RunAutoPlayMatch (int,int) (at Assets/Scripts/GameState/GameManager.cs:67)
CaptureCurrentArena:Capture () (at Assets/Editor/CaptureCurrentArena.cs:22)

[Assets/Scripts/Arena/GridController.cs line 219]

Bracket_1: Destroy may not be called from edit mode! Use DestroyImmediate instead.
Destroying an object in edit mode destroys it permanently
UnityEngine.Debug:ExtractStackTraceNoAlloc (byte*,int,string)
UnityEngine.StackTraceUtility:ExtractStackTrace ()
UnityEngine.Object:Destroy (UnityEngine.Object,single)
UnityEngine.Object:Destroy (UnityEngine.Object)
QuizBattle.Arena.GridController:CreateGoalPost (int,int,bool) (at Assets/Scripts/Arena/GridController.cs:219)
QuizBattle.Arena.GridController:CreateZoneGlow (int,int,bool,bool) (at Assets/Scripts/Arena/GridController.cs:163)
QuizBattle.Arena.GridController:BuildGrid (int,int,int) (at Assets/Scripts/Arena/GridController.cs:45)
QuizBattle.GameState.GameManager:RunAutoPlayMatch (int,int) (at Assets/Scripts/GameState/GameManager.cs:67)
CaptureCurrentArena:Capture () (at Assets/Editor/CaptureCurrentArena.cs:22)

[Assets/Scripts/Arena/GridController.cs line 219]

Bracket_2: Destroy may not be called from edit mode! Use DestroyImmediate instead.
Destroying an object in edit mode destroys it permanently
UnityEngine.Debug:ExtractStackTraceNoAlloc (byte*,int,string)
UnityEngine.StackTraceUtility:ExtractStackTrace ()
UnityEngine.Object:Destroy (UnityEngine.Object,single)
UnityEngine.Object:Destroy (UnityEngine.Object)
QuizBattle.Arena.GridController:CreateGoalPost (int,int,bool) (at Assets/Scripts/Arena/GridController.cs:219)
QuizBattle.Arena.GridController:CreateZoneGlow (int,int,bool,bool) (at Assets/Scripts/Arena/GridController.cs:163)
QuizBattle.Arena.GridController:BuildGrid (int,int,int) (at Assets/Scripts/Arena/GridController.cs:45)
QuizBattle.GameState.GameManager:RunAutoPlayMatch (int,int) (at Assets/Scripts/GameState/GameManager.cs:67)
CaptureCurrentArena:Capture () (at Assets/Editor/CaptureCurrentArena.cs:22)

[Assets/Scripts/Arena/GridController.cs line 219]

Curb: Destroy may not be called from edit mode! Use DestroyImmediate instead.
Destroying an object in edit mode destroys it permanently
UnityEngine.Debug:ExtractStackTraceNoAlloc (byte*,int,string)
UnityEngine.StackTraceUtility:ExtractStackTrace ()
UnityEngine.Object:Destroy (UnityEngine.Object,single)
UnityEngine.Object:Destroy (UnityEngine.Object)
QuizBattle.Arena.GridController:CreateCurbSegment (UnityEngine.Transform,UnityEngine.Vector3,UnityEngine.Vector3,UnityEngine.Material) (at Assets/Scripts/Arena/GridController.cs:270)
QuizBattle.Arena.GridController:CreateCurbBorder (int,int) (at Assets/Scripts/Arena/GridController.cs:240)
QuizBattle.Arena.GridController:BuildGrid (int,int,int) (at Assets/Scripts/Arena/GridController.cs:49)
QuizBattle.GameState.GameManager:RunAutoPlayMatch (int,int) (at Assets/Scripts/GameState/GameManager.cs:67)
CaptureCurrentArena:Capture () (at Assets/Editor/CaptureCurrentArena.cs:22)

[Assets/Scripts/Arena/GridController.cs line 240]

Curb: Destroy may not be called from edit mode! Use DestroyImmediate instead.
Destroying an object in edit mode destroys it permanently
UnityEngine.Debug:ExtractStackTraceNoAlloc (byte*,int,string)
UnityEngine.StackTraceUtility:ExtractStackTrace ()
UnityEngine.Object:Destroy (UnityEngine.Object,single)
UnityEngine.Object:Destroy (UnityEngine.Object)
QuizBattle.Arena.GridController:CreateCurbSegment (UnityEngine.Transform,UnityEngine.Vector3,UnityEngine.Vector3,UnityEngine.Material) (at Assets/Scripts/Arena/GridController.cs:270)
QuizBattle.Arena.GridController:CreateCurbBorder (int,int) (at Assets/Scripts/Arena/GridController.cs:241)
QuizBattle.Arena.GridController:BuildGrid (int,int,int) (at Assets/Scripts/Arena/GridController.cs:49)
QuizBattle.GameState.GameManager:RunAutoPlayMatch (int,int) (at Assets/Scripts/GameState/GameManager.cs:67)
CaptureCurrentArena:Capture () (at Assets/Editor/CaptureCurrentArena.cs:22)

[Assets/Scripts/Arena/GridController.cs line 241]

Curb: Destroy may not be called from edit mode! Use DestroyImmediate instead.
Destroying an object in edit mode destroys it permanently
UnityEngine.Debug:ExtractStackTraceNoAlloc (byte*,int,string)
UnityEngine.StackTraceUtility:ExtractStackTrace ()
UnityEngine.Object:Destroy (UnityEngine.Object,single)
UnityEngine.Object:Destroy (UnityEngine.Object)
QuizBattle.Arena.GridController:CreateCurbSegment (UnityEngine.Transform,UnityEngine.Vector3,UnityEngine.Vector3,UnityEngine.Material) (at Assets/Scripts/Arena/GridController.cs:270)
QuizBattle.Arena.GridController:CreateCurbBorder (int,int) (at Assets/Scripts/Arena/GridController.cs:242)
QuizBattle.Arena.GridController:BuildGrid (int,int,int) (at Assets/Scripts/Arena/GridController.cs:49)
QuizBattle.GameState.GameManager:RunAutoPlayMatch (int,int) (at Assets/Scripts/GameState/GameManager.cs:67)
CaptureCurrentArena:Capture () (at Assets/Editor/CaptureCurrentArena.cs:22)

[Assets/Scripts/Arena/GridController.cs line 242]

Curb: Destroy may not be called from edit mode! Use DestroyImmediate instead.
Destroying an object in edit mode destroys it permanently
UnityEngine.Debug:ExtractStackTraceNoAlloc (byte*,int,string)
UnityEngine.StackTraceUtility:ExtractStackTrace ()
UnityEngine.Object:Destroy (UnityEngine.Object,single)
UnityEngine.Object:Destroy (UnityEngine.Object)
QuizBattle.Arena.GridController:CreateCurbSegment (UnityEngine.Transform,UnityEngine.Vector3,UnityEngine.Vector3,UnityEngine.Material) (at Assets/Scripts/Arena/GridController.cs:270)
QuizBattle.Arena.GridController:CreateCurbBorder (int,int) (at Assets/Scripts/Arena/GridController.cs:243)
QuizBattle.Arena.GridController:BuildGrid (int,int,int) (at Assets/Scripts/Arena/GridController.cs:49)
QuizBattle.GameState.GameManager:RunAutoPlayMatch (int,int) (at Assets/Scripts/GameState/GameManager.cs:67)
CaptureCurrentArena:Capture () (at Assets/Editor/CaptureCurrentArena.cs:22)

[Assets/Scripts/Arena/GridController.cs line 243]

CornerStud: Destroy may not be called from edit mode! Use DestroyImmediate instead.
Destroying an object in edit mode destroys it permanently
UnityEngine.Debug:ExtractStackTraceNoAlloc (byte*,int,string)
UnityEngine.StackTraceUtility:ExtractStackTrace ()
UnityEngine.Object:Destroy (UnityEngine.Object,single)
UnityEngine.Object:Destroy (UnityEngine.Object)
QuizBattle.Arena.GridController:CreateCurbBorder (int,int) (at Assets/Scripts/Arena/GridController.cs:258)
QuizBattle.Arena.GridController:BuildGrid (int,int,int) (at Assets/Scripts/Arena/GridController.cs:49)
QuizBattle.GameState.GameManager:RunAutoPlayMatch (int,int) (at Assets/Scripts/GameState/GameManager.cs:67)
CaptureCurrentArena:Capture () (at Assets/Editor/CaptureCurrentArena.cs:22)

[Assets/Scripts/Arena/GridController.cs line 258]

CornerStud: Destroy may not be called from edit mode! Use DestroyImmediate instead.
Destroying an object in edit mode destroys it permanently
UnityEngine.Debug:ExtractStackTraceNoAlloc (byte*,int,string)
UnityEngine.StackTraceUtility:ExtractStackTrace ()
UnityEngine.Object:Destroy (UnityEngine.Object,single)
UnityEngine.Object:Destroy (UnityEngine.Object)
QuizBattle.Arena.GridController:CreateCurbBorder (int,int) (at Assets/Scripts/Arena/GridController.cs:258)
QuizBattle.Arena.GridController:BuildGrid (int,int,int) (at Assets/Scripts/Arena/GridController.cs:49)
QuizBattle.GameState.GameManager:RunAutoPlayMatch (int,int) (at Assets/Scripts/GameState/GameManager.cs:67)
CaptureCurrentArena:Capture () (at Assets/Editor/CaptureCurrentArena.cs:22)

[Assets/Scripts/Arena/GridController.cs line 258]

Plinth_Tier1: Destroy may not be called from edit mode! Use DestroyImmediate instead.
Destroying an object in edit mode destroys it permanently
UnityEngine.Debug:ExtractStackTraceNoAlloc (byte*,int,string)
UnityEngine.StackTraceUtility:ExtractStackTrace ()
UnityEngine.Object:Destroy (UnityEngine.Object,single)
UnityEngine.Object:Destroy (UnityEngine.Object)
QuizBattle.Arena.GridController:CreatePlinth (int,int) (at Assets/Scripts/Arena/GridController.cs:313)
QuizBattle.Arena.GridController:BuildGrid (int,int,int) (at Assets/Scripts/Arena/GridController.cs:50)
QuizBattle.GameState.GameManager:RunAutoPlayMatch (int,int) (at Assets/Scripts/GameState/GameManager.cs:67)
CaptureCurrentArena:Capture () (at Assets/Editor/CaptureCurrentArena.cs:22)

[Assets/Scripts/Arena/GridController.cs line 313]

Plinth_Tier2: Destroy may not be called from edit mode! Use DestroyImmediate instead.
Destroying an object in edit mode destroys it permanently
UnityEngine.Debug:ExtractStackTraceNoAlloc (byte*,int,string)
UnityEngine.StackTraceUtility:ExtractStackTrace ()
UnityEngine.Object:Destroy (UnityEngine.Object,single)
UnityEngine.Object:Destroy (UnityEngine.Object)
QuizBattle.Arena.GridController:CreatePlinth (int,int) (at Assets/Scripts/Arena/GridController.cs:322)
QuizBattle.Arena.GridController:BuildGrid (int,int,int) (at Assets/Scripts/Arena/GridController.cs:50)
QuizBattle.GameState.GameManager:RunAutoPlayMatch (int,int) (at Assets/Scripts/GameState/GameManager.cs:67)
CaptureCurrentArena:Capture () (at Assets/Editor/CaptureCurrentArena.cs:22)

[Assets/Scripts/Arena/GridController.cs line 322]

ExpansiveGrassTerrain: Destroy may not be called from edit mode! Use DestroyImmediate instead.
Destroying an object in edit mode destroys it permanently
UnityEngine.Debug:ExtractStackTraceNoAlloc (byte*,int,string)
UnityEngine.StackTraceUtility:ExtractStackTrace ()
UnityEngine.Object:Destroy (UnityEngine.Object,single)
UnityEngine.Object:Destroy (UnityEngine.Object)
QuizBattle.Arena.Visuals.ArenaColosseumBuilder:CreateTerrainGround (UnityEngine.Transform,UnityEngine.Vector3,single) (at Assets/Scripts/Arena/Visuals/ArenaColosseumBuilder.cs:44)
QuizBattle.Arena.Visuals.ArenaColosseumBuilder:Build (UnityEngine.Transform,int,int,single) (at Assets/Scripts/Arena/Visuals/ArenaColosseumBuilder.cs:25)
QuizBattle.Arena.GridController:BuildGrid (int,int,int) (at Assets/Scripts/Arena/GridController.cs:51)
QuizBattle.GameState.GameManager:RunAutoPlayMatch (int,int) (at Assets/Scripts/GameState/GameManager.cs:67)
CaptureCurrentArena:Capture () (at Assets/Editor/CaptureCurrentArena.cs:22)

[Assets/Scripts/Arena/GridController.cs line 51]

SkyDome: Destroy may not be called from edit mode! Use DestroyImmediate instead.
Destroying an object in edit mode destroys it permanently
UnityEngine.Debug:ExtractStackTraceNoAlloc (byte*,int,string)
UnityEngine.StackTraceUtility:ExtractStackTrace ()
UnityEngine.Object:Destroy (UnityEngine.Object,single)
UnityEngine.Object:Destroy (UnityEngine.Object)
QuizBattle.Arena.Visuals.ArenaColosseumBuilder:CreateSkyAndClouds (UnityEngine.Transform,UnityEngine.Vector3,single) (at Assets/Scripts/Arena/Visuals/ArenaColosseumBuilder.cs:62)
QuizBattle.Arena.Visuals.ArenaColosseumBuilder:Build (UnityEngine.Transform,int,int,single) (at Assets/Scripts/Arena/Visuals/ArenaColosseumBuilder.cs:26)
QuizBattle.Arena.GridController:BuildGrid (int,int,int) (at Assets/Scripts/Arena/GridController.cs:51)
QuizBattle.GameState.GameManager:RunAutoPlayMatch (int,int) (at Assets/Scripts/GameState/GameManager.cs:67)
CaptureCurrentArena:Capture () (at Assets/Editor/CaptureCurrentArena.cs:22)

[Assets/Scripts/Arena/GridController.cs line 51]

Sphere: Destroy may not be called from edit mode! Use DestroyImmediate instead.
Destroying an object in edit mode destroys it permanently
UnityEngine.Debug:ExtractStackTraceNoAlloc (byte*,int,string)
UnityEngine.StackTraceUtility:ExtractStackTrace ()
UnityEngine.Object:Destroy (UnityEngine.Object,single)
UnityEngine.Object:Destroy (UnityEngine.Object)
QuizBattle.Arena.Visuals.ArenaColosseumBuilder:CreateCloud (UnityEngine.Transform,UnityEngine.Vector3,single) (at Assets/Scripts/Arena/Visuals/ArenaColosseumBuilder.cs:135)
QuizBattle.Arena.Visuals.ArenaColosseumBuilder:CreateSkyAndClouds (UnityEngine.Transform,UnityEngine.Vector3,single) (at Assets/Scripts/Arena/Visuals/ArenaColosseumBuilder.cs:91)
QuizBattle.Arena.Visuals.ArenaColosseumBuilder:Build (UnityEngine.Transform,int,int,single) (at Assets/Scripts/Arena/Visuals/ArenaColosseumBuilder.cs:26)
QuizBattle.Arena.GridController:BuildGrid (int,int,int) (at Assets/Scripts/Arena/GridController.cs:51)
QuizBattle.GameState.GameManager:RunAutoPlayMatch (int,int) (at Assets/Scripts/GameState/GameManager.cs:67)
CaptureCurrentArena:Capture () (at Assets/Editor/CaptureCurrentArena.cs:22)

[Assets/Scripts/Arena/GridController.cs line 51]

Sphere: Destroy may not be called from edit mode! Use DestroyImmediate instead.
Destroying an object in edit mode destroys it permanently
UnityEngine.Debug:ExtractStackTraceNoAlloc (byte*,int,string)
UnityEngine.StackTraceUtility:ExtractStackTrace ()
UnityEngine.Object:Destroy (UnityEngine.Object,single)
UnityEngine.Object:Destroy (UnityEngine.Object)
QuizBattle.Arena.Visuals.ArenaColosseumBuilder:CreateCloud (UnityEngine.Transform,UnityEngine.Vector3,single) (at Assets/Scripts/Arena/Visuals/ArenaColosseumBuilder.cs:135)
QuizBattle.Arena.Visuals.ArenaColosseumBuilder:CreateSkyAndClouds (UnityEngine.Transform,UnityEngine.Vector3,single) (at Assets/Scripts/Arena/Visuals/ArenaColosseumBuilder.cs:91)
QuizBattle.Arena.Visuals.ArenaColosseumBuilder:Build (UnityEngine.Transform,int,int,single) (at Assets/Scripts/Arena/Visuals/ArenaColosseumBuilder.cs:26)
QuizBattle.Arena.GridController:BuildGrid (int,int,int) (at Assets/Scripts/Arena/GridController.cs:51)
QuizBattle.GameState.GameManager:RunAutoPlayMatch (int,int) (at Assets/Scripts/GameState/GameManager.cs:67)
CaptureCurrentArena:Capture () (at Assets/Editor/CaptureCurrentArena.cs:22)

[Assets/Scripts/Arena/GridController.cs line 51]

Sphere: Destroy may not be called from edit mode! Use DestroyImmediate instead.
Destroying an object in edit mode destroys it permanently
UnityEngine.Debug:ExtractStackTraceNoAlloc (byte*,int,string)
UnityEngine.StackTraceUtility:ExtractStackTrace ()
UnityEngine.Object:Destroy (UnityEngine.Object,single)
UnityEngine.Object:Destroy (UnityEngine.Object)
QuizBattle.Arena.Visuals.ArenaColosseumBuilder:CreateCloud (UnityEngine.Transform,UnityEngine.Vector3,single) (at Assets/Scripts/Arena/Visuals/ArenaColosseumBuilder.cs:135)
QuizBattle.Arena.Visuals.ArenaColosseumBuilder:CreateSkyAndClouds (UnityEngine.Transform,UnityEngine.Vector3,single) (at Assets/Scripts/Arena/Visuals/ArenaColosseumBuilder.cs:91)
QuizBattle.Arena.Visuals.ArenaColosseumBuilder:Build (UnityEngine.Transform,int,int,single) (at Assets/Scripts/Arena/Visuals/ArenaColosseumBuilder.cs:26)
QuizBattle.Arena.GridController:BuildGrid (int,int,int) (at Assets/Scripts/Arena/GridController.cs:51)
QuizBattle.GameState.GameManager:RunAutoPlayMatch (int,int) (at Assets/Scripts/GameState/GameManager.cs:67)
CaptureCurrentArena:Capture () (at Assets/Editor/CaptureCurrentArena.cs:22)

[Assets/Scripts/Arena/GridController.cs line 51]

Sphere: Destroy may not be called from edit mode! Use DestroyImmediate instead.
Destroying an object in edit mode destroys it permanently
UnityEngine.Debug:ExtractStackTraceNoAlloc (byte*,int,string)
UnityEngine.StackTraceUtility:ExtractStackTrace ()
UnityEngine.Object:Destroy (UnityEngine.Object,single)
UnityEngine.Object:Destroy (UnityEngine.Object)
QuizBattle.Arena.Visuals.ArenaColosseumBuilder:CreateCloud (UnityEngine.Transform,UnityEngine.Vector3,single) (at Assets/Scripts/Arena/Visuals/ArenaColosseumBuilder.cs:135)
QuizBattle.Arena.Visuals.ArenaColosseumBuilder:CreateSkyAndClouds (UnityEngine.Transform,UnityEngine.Vector3,single) (at Assets/Scripts/Arena/Visuals/ArenaColosseumBuilder.cs:91)
QuizBattle.Arena.Visuals.ArenaColosseumBuilder:Build (UnityEngine.Transform,int,int,single) (at Assets/Scripts/Arena/Visuals/ArenaColosseumBuilder.cs:26)
QuizBattle.Arena.GridController:BuildGrid (int,int,int) (at Assets/Scripts/Arena/GridController.cs:51)
QuizBattle.GameState.GameManager:RunAutoPlayMatch (int,int) (at Assets/Scripts/GameState/GameManager.cs:67)
CaptureCurrentArena:Capture () (at Assets/Editor/CaptureCurrentArena.cs:22)

[Assets/Scripts/Arena/GridController.cs line 51]

Sphere: Destroy may not be called from edit mode! Use DestroyImmediate instead.
Destroying an object in edit mode destroys it permanently
UnityEngine.Debug:ExtractStackTraceNoAlloc (byte*,int,string)
UnityEngine.StackTraceUtility:ExtractStackTrace ()
UnityEngine.Object:Destroy (UnityEngine.Object,single)
UnityEngine.Object:Destroy (UnityEngine.Object)
QuizBattle.Arena.Visuals.ArenaColosseumBuilder:CreateCloud (UnityEngine.Transform,UnityEngine.Vector3,single) (at Assets/Scripts/Arena/Visuals/ArenaColosseumBuilder.cs:135)
QuizBattle.Arena.Visuals.ArenaColosseumBuilder:CreateSkyAndClouds (UnityEngine.Transform,UnityEngine.Vector3,single) (at Assets/Scripts/Arena/Visuals/ArenaColosseumBuilder.cs:91)
QuizBattle.Arena.Visuals.ArenaColosseumBuilder:Build (UnityEngine.Transform,int,int,single) (at Assets/Scripts/Arena/Visuals/ArenaColosseumBuilder.cs:26)
QuizBattle.Arena.GridController:BuildGrid (int,int,int) (at Assets/Scripts/Arena/GridController.cs:51)
QuizBattle.GameState.GameManager:RunAutoPlayMatch (int,int) (at Assets/Scripts/GameState/GameManager.cs:67)
CaptureCurrentArena:Capture () (at Assets/Editor/CaptureCurrentArena.cs:22)

[Assets/Scripts/Arena/GridController.cs line 51]

Sphere: Destroy may not be called from edit mode! Use DestroyImmediate instead.
Destroying an object in edit mode destroys it permanently
UnityEngine.Debug:ExtractStackTraceNoAlloc (byte*,int,string)
UnityEngine.StackTraceUtility:ExtractStackTrace ()
UnityEngine.Object:Destroy (UnityEngine.Object,single)
UnityEngine.Object:Destroy (UnityEngine.Object)
QuizBattle.Arena.Visuals.ArenaColosseumBuilder:CreateCloud (UnityEngine.Transform,UnityEngine.Vector3,single) (at Assets/Scripts/Arena/Visuals/ArenaColosseumBuilder.cs:135)
QuizBattle.Arena.Visuals.ArenaColosseumBuilder:CreateSkyAndClouds (UnityEngine.Transform,UnityEngine.Vector3,single) (at Assets/Scripts/Arena/Visuals/ArenaColosseumBuilder.cs:91)
QuizBattle.Arena.Visuals.ArenaColosseumBuilder:Build (UnityEngine.Transform,int,int,single) (at Assets/Scripts/Arena/Visuals/ArenaColosseumBuilder.cs:26)
QuizBattle.Arena.GridController:BuildGrid (int,int,int) (at Assets/Scripts/Arena/GridController.cs:51)
QuizBattle.GameState.GameManager:RunAutoPlayMatch (int,int) (at Assets/Scripts/GameState/GameManager.cs:67)
CaptureCurrentArena:Capture () (at Assets/Editor/CaptureCurrentArena.cs:22)

[Assets/Scripts/Arena/GridController.cs line 51]

Sphere: Destroy may not be called from edit mode! Use DestroyImmediate instead.
Destroying an object in edit mode destroys it permanently
UnityEngine.Debug:ExtractStackTraceNoAlloc (byte*,int,string)
UnityEngine.StackTraceUtility:ExtractStackTrace ()
UnityEngine.Object:Destroy (UnityEngine.Object,single)
UnityEngine.Object:Destroy (UnityEngine.Object)
QuizBattle.Arena.Visuals.ArenaColosseumBuilder:CreateCloud (UnityEngine.Transform,UnityEngine.Vector3,single) (at Assets/Scripts/Arena/Visuals/ArenaColosseumBuilder.cs:135)
QuizBattle.Arena.Visuals.ArenaColosseumBuilder:CreateSkyAndClouds (UnityEngine.Transform,UnityEngine.Vector3,single) (at Assets/Scripts/Arena/Visuals/ArenaColosseumBuilder.cs:91)
QuizBattle.Arena.Visuals.ArenaColosseumBuilder:Build (UnityEngine.Transform,int,int,single) (at Assets/Scripts/Arena/Visuals/ArenaColosseumBuilder.cs:26)
QuizBattle.Arena.GridController:BuildGrid (int,int,int) (at Assets/Scripts/Arena/GridController.cs:51)
QuizBattle.GameState.GameManager:RunAutoPlayMatch (int,int) (at Assets/Scripts/GameState/GameManager.cs:67)
CaptureCurrentArena:Capture () (at Assets/Editor/CaptureCurrentArena.cs:22)

[Assets/Scripts/Arena/GridController.cs line 51]

Sphere: Destroy may not be called from edit mode! Use DestroyImmediate instead.
Destroying an object in edit mode destroys it permanently
UnityEngine.Debug:ExtractStackTraceNoAlloc (byte*,int,string)
UnityEngine.StackTraceUtility:ExtractStackTrace ()
UnityEngine.Object:Destroy (UnityEngine.Object,single)
UnityEngine.Object:Destroy (UnityEngine.Object)
QuizBattle.Arena.Visuals.ArenaColosseumBuilder:CreateCloud (UnityEngine.Transform,UnityEngine.Vector3,single) (at Assets/Scripts/Arena/Visuals/ArenaColosseumBuilder.cs:135)
QuizBattle.Arena.Visuals.ArenaColosseumBuilder:CreateSkyAndClouds (UnityEngine.Transform,UnityEngine.Vector3,single) (at Assets/Scripts/Arena/Visuals/ArenaColosseumBuilder.cs:91)
QuizBattle.Arena.Visuals.ArenaColosseumBuilder:Build (UnityEngine.Transform,int,int,single) (at Assets/Scripts/Arena/Visuals/ArenaColosseumBuilder.cs:26)
QuizBattle.Arena.GridController:BuildGrid (int,int,int) (at Assets/Scripts/Arena/GridController.cs:51)
QuizBattle.GameState.GameManager:RunAutoPlayMatch (int,int) (at Assets/Scripts/GameState/GameManager.cs:67)
CaptureCurrentArena:Capture () (at Assets/Editor/CaptureCurrentArena.cs:22)

[Assets/Scripts/Arena/GridController.cs line 51]

Sphere: Destroy may not be called from edit mode! Use DestroyImmediate instead.
Destroying an object in edit mode destroys it permanently
UnityEngine.Debug:ExtractStackTraceNoAlloc (byte*,int,string)
UnityEngine.StackTraceUtility:ExtractStackTrace ()
UnityEngine.Object:Destroy (UnityEngine.Object,single)
UnityEngine.Object:Destroy (UnityEngine.Object)
QuizBattle.Arena.Visuals.ArenaColosseumBuilder:CreateCloud (UnityEngine.Transform,UnityEngine.Vector3,single) (at Assets/Scripts/Arena/Visuals/ArenaColosseumBuilder.cs:135)
QuizBattle.Arena.Visuals.ArenaColosseumBuilder:CreateSkyAndClouds (UnityEngine.Transform,UnityEngine.Vector3,single) (at Assets/Scripts/Arena/Visuals/ArenaColosseumBuilder.cs:91)
QuizBattle.Arena.Visuals.ArenaColosseumBuilder:Build (UnityEngine.Transform,int,int,single) (at Assets/Scripts/Arena/Visuals/ArenaColosseumBuilder.cs:26)
QuizBattle.Arena.GridController:BuildGrid (int,int,int) (at Assets/Scripts/Arena/GridController.cs:51)
QuizBattle.GameState.GameManager:RunAutoPlayMatch (int,int) (at Assets/Scripts/GameState/GameManager.cs:67)
CaptureCurrentArena:Capture () (at Assets/Editor/CaptureCurrentArena.cs:22)

[Assets/Scripts/Arena/GridController.cs line 51]

Sphere: Destroy may not be called from edit mode! Use DestroyImmediate instead.
Destroying an object in edit mode destroys it permanently
UnityEngine.Debug:ExtractStackTraceNoAlloc (byte*,int,string)
UnityEngine.StackTraceUtility:ExtractStackTrace ()
UnityEngine.Object:Destroy (UnityEngine.Object,single)
UnityEngine.Object:Destroy (UnityEngine.Object)
QuizBattle.Arena.Visuals.ArenaColosseumBuilder:CreateCloud (UnityEngine.Transform,UnityEngine.Vector3,single) (at Assets/Scripts/Arena/Visuals/ArenaColosseumBuilder.cs:135)
QuizBattle.Arena.Visuals.ArenaColosseumBuilder:CreateSkyAndClouds (UnityEngine.Transform,UnityEngine.Vector3,single) (at Assets/Scripts/Arena/Visuals/ArenaColosseumBuilder.cs:91)
QuizBattle.Arena.Visuals.ArenaColosseumBuilder:Build (UnityEngine.Transform,int,int,single) (at Assets/Scripts/Arena/Visuals/ArenaColosseumBuilder.cs:26)
QuizBattle.Arena.GridController:BuildGrid (int,int,int) (at Assets/Scripts/Arena/GridController.cs:51)
QuizBattle.GameState.GameManager:RunAutoPlayMatch (int,int) (at Assets/Scripts/GameState/GameManager.cs:67)
CaptureCurrentArena:Capture () (at Assets/Editor/CaptureCurrentArena.cs:22)

[Assets/Scripts/Arena/GridController.cs line 51]

Sphere: Destroy may not be called from edit mode! Use DestroyImmediate instead.
Destroying an object in edit mode destroys it permanently
UnityEngine.Debug:ExtractStackTraceNoAlloc (byte*,int,string)
UnityEngine.StackTraceUtility:ExtractStackTrace ()
UnityEngine.Object:Destroy (UnityEngine.Object,single)
UnityEngine.Object:Destroy (UnityEngine.Object)
QuizBattle.Arena.Visuals.ArenaColosseumBuilder:CreateCloud (UnityEngine.Transform,UnityEngine.Vector3,single) (at Assets/Scripts/Arena/Visuals/ArenaColosseumBuilder.cs:135)
QuizBattle.Arena.Visuals.ArenaColosseumBuilder:CreateSkyAndClouds (UnityEngine.Transform,UnityEngine.Vector3,single) (at Assets/Scripts/Arena/Visuals/ArenaColosseumBuilder.cs:91)
QuizBattle.Arena.Visuals.ArenaColosseumBuilder:Build (UnityEngine.Transform,int,int,single) (at Assets/Scripts/Arena/Visuals/ArenaColosseumBuilder.cs:26)
QuizBattle.Arena.GridController:BuildGrid (int,int,int) (at Assets/Scripts/Arena/GridController.cs:51)
QuizBattle.GameState.GameManager:RunAutoPlayMatch (int,int) (at Assets/Scripts/GameState/GameManager.cs:67)
CaptureCurrentArena:Capture () (at Assets/Editor/CaptureCurrentArena.cs:22)

[Assets/Scripts/Arena/GridController.cs line 51]

Sphere: Destroy may not be called from edit mode! Use DestroyImmediate instead.
Destroying an object in edit mode destroys it permanently
UnityEngine.Debug:ExtractStackTraceNoAlloc (byte*,int,string)
UnityEngine.StackTraceUtility:ExtractStackTrace ()
UnityEngine.Object:Destroy (UnityEngine.Object,single)
UnityEngine.Object:Destroy (UnityEngine.Object)
QuizBattle.Arena.Visuals.ArenaColosseumBuilder:CreateCloud (UnityEngine.Transform,UnityEngine.Vector3,single) (at Assets/Scripts/Arena/Visuals/ArenaColosseumBuilder.cs:135)
QuizBattle.Arena.Visuals.ArenaColosseumBuilder:CreateSkyAndClouds (UnityEngine.Transform,UnityEngine.Vector3,single) (at Assets/Scripts/Arena/Visuals/ArenaColosseumBuilder.cs:91)
QuizBattle.Arena.Visuals.ArenaColosseumBuilder:Build (UnityEngine.Transform,int,int,single) (at Assets/Scripts/Arena/Visuals/ArenaColosseumBuilder.cs:26)
QuizBattle.Arena.GridController:BuildGrid (int,int,int) (at Assets/Scripts/Arena/GridController.cs:51)
QuizBattle.GameState.GameManager:RunAutoPlayMatch (int,int) (at Assets/Scripts/GameState/GameManager.cs:67)
CaptureCurrentArena:Capture () (at Assets/Editor/CaptureCurrentArena.cs:22)

[Assets/Scripts/Arena/GridController.cs line 51]

Sphere: Destroy may not be called from edit mode! Use DestroyImmediate instead.
Destroying an object in edit mode destroys it permanently
UnityEngine.Debug:ExtractStackTraceNoAlloc (byte*,int,string)
UnityEngine.StackTraceUtility:ExtractStackTrace ()
UnityEngine.Object:Destroy (UnityEngine.Object,single)
UnityEngine.Object:Destroy (UnityEngine.Object)
QuizBattle.Arena.Visuals.ArenaColosseumBuilder:CreateCloud (UnityEngine.Transform,UnityEngine.Vector3,single) (at Assets/Scripts/Arena/Visuals/ArenaColosseumBuilder.cs:135)
QuizBattle.Arena.Visuals.ArenaColosseumBuilder:CreateSkyAndClouds (UnityEngine.Transform,UnityEngine.Vector3,single) (at Assets/Scripts/Arena/Visuals/ArenaColosseumBuilder.cs:91)
QuizBattle.Arena.Visuals.ArenaColosseumBuilder:Build (UnityEngine.Transform,int,int,single) (at Assets/Scripts/Arena/Visuals/ArenaColosseumBuilder.cs:26)
QuizBattle.Arena.GridController:BuildGrid (int,int,int) (at Assets/Scripts/Arena/GridController.cs:51)
QuizBattle.GameState.GameManager:RunAutoPlayMatch (int,int) (at Assets/Scripts/GameState/GameManager.cs:67)
CaptureCurrentArena:Capture () (at Assets/Editor/CaptureCurrentArena.cs:22)

[Assets/Scripts/Arena/GridController.cs line 51]

Sphere: Destroy may not be called from edit mode! Use DestroyImmediate instead.
Destroying an object in edit mode destroys it permanently
UnityEngine.Debug:ExtractStackTraceNoAlloc (byte*,int,string)
UnityEngine.StackTraceUtility:ExtractStackTrace ()
UnityEngine.Object:Destroy (UnityEngine.Object,single)
UnityEngine.Object:Destroy (UnityEngine.Object)
QuizBattle.Arena.Visuals.ArenaColosseumBuilder:CreateCloud (UnityEngine.Transform,UnityEngine.Vector3,single) (at Assets/Scripts/Arena/Visuals/ArenaColosseumBuilder.cs:135)
QuizBattle.Arena.Visuals.ArenaColosseumBuilder:CreateSkyAndClouds (UnityEngine.Transform,UnityEngine.Vector3,single) (at Assets/Scripts/Arena/Visuals/ArenaColosseumBuilder.cs:91)
QuizBattle.Arena.Visuals.ArenaColosseumBuilder:Build (UnityEngine.Transform,int,int,single) (at Assets/Scripts/Arena/Visuals/ArenaColosseumBuilder.cs:26)
QuizBattle.Arena.GridController:BuildGrid (int,int,int) (at Assets/Scripts/Arena/GridController.cs:51)
QuizBattle.GameState.GameManager:RunAutoPlayMatch (int,int) (at Assets/Scripts/GameState/GameManager.cs:67)
CaptureCurrentArena:Capture () (at Assets/Editor/CaptureCurrentArena.cs:22)

[Assets/Scripts/Arena/GridController.cs line 51]

Sphere: Destroy may not be called from edit mode! Use DestroyImmediate instead.
Destroying an object in edit mode destroys it permanently
UnityEngine.Debug:ExtractStackTraceNoAlloc (byte*,int,string)
UnityEngine.StackTraceUtility:ExtractStackTrace ()
UnityEngine.Object:Destroy (UnityEngine.Object,single)
UnityEngine.Object:Destroy (UnityEngine.Object)
QuizBattle.Arena.Visuals.ArenaColosseumBuilder:CreateCloud (UnityEngine.Transform,UnityEngine.Vector3,single) (at Assets/Scripts/Arena/Visuals/ArenaColosseumBuilder.cs:135)
QuizBattle.Arena.Visuals.ArenaColosseumBuilder:CreateSkyAndClouds (UnityEngine.Transform,UnityEngine.Vector3,single) (at Assets/Scripts/Arena/Visuals/ArenaColosseumBuilder.cs:91)
QuizBattle.Arena.Visuals.ArenaColosseumBuilder:Build (UnityEngine.Transform,int,int,single) (at Assets/Scripts/Arena/Visuals/ArenaColosseumBuilder.cs:26)
QuizBattle.Arena.GridController:BuildGrid (int,int,int) (at Assets/Scripts/Arena/GridController.cs:51)
QuizBattle.GameState.GameManager:RunAutoPlayMatch (int,int) (at Assets/Scripts/GameState/GameManager.cs:67)
CaptureCurrentArena:Capture () (at Assets/Editor/CaptureCurrentArena.cs:22)

[Assets/Scripts/Arena/GridController.cs line 51]

Sphere: Destroy may not be called from edit mode! Use DestroyImmediate instead.
Destroying an object in edit mode destroys it permanently
UnityEngine.Debug:ExtractStackTraceNoAlloc (byte*,int,string)
UnityEngine.StackTraceUtility:ExtractStackTrace ()
UnityEngine.Object:Destroy (UnityEngine.Object,single)
UnityEngine.Object:Destroy (UnityEngine.Object)
QuizBattle.Arena.Visuals.ArenaColosseumBuilder:CreateCloud (UnityEngine.Transform,UnityEngine.Vector3,single) (at Assets/Scripts/Arena/Visuals/ArenaColosseumBuilder.cs:135)
QuizBattle.Arena.Visuals.ArenaColosseumBuilder:CreateSkyAndClouds (UnityEngine.Transform,UnityEngine.Vector3,single) (at Assets/Scripts/Arena/Visuals/ArenaColosseumBuilder.cs:91)
QuizBattle.Arena.Visuals.ArenaColosseumBuilder:Build (UnityEngine.Transform,int,int,single) (at Assets/Scripts/Arena/Visuals/ArenaColosseumBuilder.cs:26)
QuizBattle.Arena.GridController:BuildGrid (int,int,int) (at Assets/Scripts/Arena/GridController.cs:51)
QuizBattle.GameState.GameManager:RunAutoPlayMatch (int,int) (at Assets/Scripts/GameState/GameManager.cs:67)
CaptureCurrentArena:Capture () (at Assets/Editor/CaptureCurrentArena.cs:22)

[Assets/Scripts/Arena/GridController.cs line 51]

Sphere: Destroy may not be called from edit mode! Use DestroyImmediate instead.
Destroying an object in edit mode destroys it permanently
UnityEngine.Debug:ExtractStackTraceNoAlloc (byte*,int,string)
UnityEngine.StackTraceUtility:ExtractStackTrace ()
UnityEngine.Object:Destroy (UnityEngine.Object,single)
UnityEngine.Object:Destroy (UnityEngine.Object)
QuizBattle.Arena.Visuals.ArenaColosseumBuilder:CreateCloud (UnityEngine.Transform,UnityEngine.Vector3,single) (at Assets/Scripts/Arena/Visuals/ArenaColosseumBuilder.cs:135)
QuizBattle.Arena.Visuals.ArenaColosseumBuilder:CreateSkyAndClouds (UnityEngine.Transform,UnityEngine.Vector3,single) (at Assets/Scripts/Arena/Visuals/ArenaColosseumBuilder.cs:91)
QuizBattle.Arena.Visuals.ArenaColosseumBuilder:Build (UnityEngine.Transform,int,int,single) (at Assets/Scripts/Arena/Visuals/ArenaColosseumBuilder.cs:26)
QuizBattle.Arena.GridController:BuildGrid (int,int,int) (at Assets/Scripts/Arena/GridController.cs:51)
QuizBattle.GameState.GameManager:RunAutoPlayMatch (int,int) (at Assets/Scripts/GameState/GameManager.cs:67)
CaptureCurrentArena:Capture () (at Assets/Editor/CaptureCurrentArena.cs:22)

[Assets/Scripts/Arena/GridController.cs line 51]

Sphere: Destroy may not be called from edit mode! Use DestroyImmediate instead.
Destroying an object in edit mode destroys it permanently
UnityEngine.Debug:ExtractStackTraceNoAlloc (byte*,int,string)
UnityEngine.StackTraceUtility:ExtractStackTrace ()
UnityEngine.Object:Destroy (UnityEngine.Object,single)
UnityEngine.Object:Destroy (UnityEngine.Object)
QuizBattle.Arena.Visuals.ArenaColosseumBuilder:CreateCloud (UnityEngine.Transform,UnityEngine.Vector3,single) (at Assets/Scripts/Arena/Visuals/ArenaColosseumBuilder.cs:135)
QuizBattle.Arena.Visuals.ArenaColosseumBuilder:CreateSkyAndClouds (UnityEngine.Transform,UnityEngine.Vector3,single) (at Assets/Scripts/Arena/Visuals/ArenaColosseumBuilder.cs:91)
QuizBattle.Arena.Visuals.ArenaColosseumBuilder:Build (UnityEngine.Transform,int,int,single) (at Assets/Scripts/Arena/Visuals/ArenaColosseumBuilder.cs:26)
QuizBattle.Arena.GridController:BuildGrid (int,int,int) (at Assets/Scripts/Arena/GridController.cs:51)
QuizBattle.GameState.GameManager:RunAutoPlayMatch (int,int) (at Assets/Scripts/GameState/GameManager.cs:67)
CaptureCurrentArena:Capture () (at Assets/Editor/CaptureCurrentArena.cs:22)

[Assets/Scripts/Arena/GridController.cs line 51]

Sphere: Destroy may not be called from edit mode! Use DestroyImmediate instead.
Destroying an object in edit mode destroys it permanently
UnityEngine.Debug:ExtractStackTraceNoAlloc (byte*,int,string)
UnityEngine.StackTraceUtility:ExtractStackTrace ()
UnityEngine.Object:Destroy (UnityEngine.Object,single)
UnityEngine.Object:Destroy (UnityEngine.Object)
QuizBattle.Arena.Visuals.ArenaColosseumBuilder:CreateCloud (UnityEngine.Transform,UnityEngine.Vector3,single) (at Assets/Scripts/Arena/Visuals/ArenaColosseumBuilder.cs:135)
QuizBattle.Arena.Visuals.ArenaColosseumBuilder:CreateSkyAndClouds (UnityEngine.Transform,UnityEngine.Vector3,single) (at Assets/Scripts/Arena/Visuals/ArenaColosseumBuilder.cs:91)
QuizBattle.Arena.Visuals.ArenaColosseumBuilder:Build (UnityEngine.Transform,int,int,single) (at Assets/Scripts/Arena/Visuals/ArenaColosseumBuilder.cs:26)
QuizBattle.Arena.GridController:BuildGrid (int,int,int) (at Assets/Scripts/Arena/GridController.cs:51)
QuizBattle.GameState.GameManager:RunAutoPlayMatch (int,int) (at Assets/Scripts/GameState/GameManager.cs:67)
CaptureCurrentArena:Capture () (at Assets/Editor/CaptureCurrentArena.cs:22)

[Assets/Scripts/Arena/GridController.cs line 51]

Sphere: Destroy may not be called from edit mode! Use DestroyImmediate instead.
Destroying an object in edit mode destroys it permanently
UnityEngine.Debug:ExtractStackTraceNoAlloc (byte*,int,string)
UnityEngine.StackTraceUtility:ExtractStackTrace ()
UnityEngine.Object:Destroy (UnityEngine.Object,single)
UnityEngine.Object:Destroy (UnityEngine.Object)
QuizBattle.Arena.Visuals.ArenaColosseumBuilder:CreateCloud (UnityEngine.Transform,UnityEngine.Vector3,single) (at Assets/Scripts/Arena/Visuals/ArenaColosseumBuilder.cs:135)
QuizBattle.Arena.Visuals.ArenaColosseumBuilder:CreateSkyAndClouds (UnityEngine.Transform,UnityEngine.Vector3,single) (at Assets/Scripts/Arena/Visuals/ArenaColosseumBuilder.cs:91)
QuizBattle.Arena.Visuals.ArenaColosseumBuilder:Build (UnityEngine.Transform,int,int,single) (at Assets/Scripts/Arena/Visuals/ArenaColosseumBuilder.cs:26)
QuizBattle.Arena.GridController:BuildGrid (int,int,int) (at Assets/Scripts/Arena/GridController.cs:51)
QuizBattle.GameState.GameManager:RunAutoPlayMatch (int,int) (at Assets/Scripts/GameState/GameManager.cs:67)
CaptureCurrentArena:Capture () (at Assets/Editor/CaptureCurrentArena.cs:22)

[Assets/Scripts/Arena/GridController.cs line 51]

WallSection: Destroy may not be called from edit mode! Use DestroyImmediate instead.
Destroying an object in edit mode destroys it permanently
UnityEngine.Debug:ExtractStackTraceNoAlloc (byte*,int,string)
UnityEngine.StackTraceUtility:ExtractStackTrace ()
UnityEngine.Object:Destroy (UnityEngine.Object,single)
UnityEngine.Object:Destroy (UnityEngine.Object)
QuizBattle.Arena.Visuals.ArenaColosseumBuilder:CreateWallSection (UnityEngine.Transform,UnityEngine.Vector3,UnityEngine.Vector3,UnityEngine.Material,bool) (at Assets/Scripts/Arena/Visuals/ArenaColosseumBuilder.cs:222)
QuizBattle.Arena.Visuals.ArenaColosseumBuilder:CreateStadiumWallsAndTowers (UnityEngine.Transform,UnityEngine.Vector3,single,single) (at Assets/Scripts/Arena/Visuals/ArenaColosseumBuilder.cs:185)
QuizBattle.Arena.Visuals.ArenaColosseumBuilder:Build (UnityEngine.Transform,int,int,single) (at Assets/Scripts/Arena/Visuals/ArenaColosseumBuilder.cs:27)
QuizBattle.Arena.GridController:BuildGrid (int,int,int) (at Assets/Scripts/Arena/GridController.cs:51)
QuizBattle.GameState.GameManager:RunAutoPlayMatch (int,int) (at Assets/Scripts/GameState/GameManager.cs:67)
CaptureCurrentArena:Capture () (at Assets/Editor/CaptureCurrentArena.cs:22)

[Assets/Scripts/Arena/GridController.cs line 51]

Crenellation: Destroy may not be called from edit mode! Use DestroyImmediate instead.
Destroying an object in edit mode destroys it permanently
UnityEngine.Debug:ExtractStackTraceNoAlloc (byte*,int,string)
UnityEngine.StackTraceUtility:ExtractStackTrace ()
UnityEngine.Object:Destroy (UnityEngine.Object,single)
UnityEngine.Object:Destroy (UnityEngine.Object)
QuizBattle.Arena.Visuals.ArenaColosseumBuilder:CreateWallSection (UnityEngine.Transform,UnityEngine.Vector3,UnityEngine.Vector3,UnityEngine.Material,bool) (at Assets/Scripts/Arena/Visuals/ArenaColosseumBuilder.cs:238)
QuizBattle.Arena.Visuals.ArenaColosseumBuilder:CreateStadiumWallsAndTowers (UnityEngine.Transform,UnityEngine.Vector3,single,single) (at Assets/Scripts/Arena/Visuals/ArenaColosseumBuilder.cs:185)
QuizBattle.Arena.Visuals.ArenaColosseumBuilder:Build (UnityEngine.Transform,int,int,single) (at Assets/Scripts/Arena/Visuals/ArenaColosseumBuilder.cs:27)
QuizBattle.Arena.GridController:BuildGrid (int,int,int) (at Assets/Scripts/Arena/GridController.cs:51)
QuizBattle.GameState.GameManager:RunAutoPlayMatch (int,int) (at Assets/Scripts/GameState/GameManager.cs:67)
CaptureCurrentArena:Capture () (at Assets/Editor/CaptureCurrentArena.cs:22)

[Assets/Scripts/Arena/GridController.cs line 51]

Crenellation: Destroy may not be called from edit mode! Use DestroyImmediate instead.
Destroying an object in edit mode destroys it permanently
UnityEngine.Debug:ExtractStackTraceNoAlloc (byte*,int,string)
UnityEngine.StackTraceUtility:ExtractStackTrace ()
UnityEngine.Object:Destroy (UnityEngine.Object,single)
UnityEngine.Object:Destroy (UnityEngine.Object)
QuizBattle.Arena.Visuals.ArenaColosseumBuilder:CreateWallSection (UnityEngine.Transform,UnityEngine.Vector3,UnityEngine.Vector3,UnityEngine.Material,bool) (at Assets/Scripts/Arena/Visuals/ArenaColosseumBuilder.cs:238)
QuizBattle.Arena.Visuals.ArenaColosseumBuilder:CreateStadiumWallsAndTowers (UnityEngine.Transform,UnityEngine.Vector3,single,single) (at Assets/Scripts/Arena/Visuals/ArenaColosseumBuilder.cs:185)
QuizBattle.Arena.Visuals.ArenaColosseumBuilder:Build (UnityEngine.Transform,int,int,single) (at Assets/Scripts/Arena/Visuals/ArenaColosseumBuilder.cs:27)
QuizBattle.Arena.GridController:BuildGrid (int,int,int) (at Assets/Scripts/Arena/GridController.cs:51)
QuizBattle.GameState.GameManager:RunAutoPlayMatch (int,int) (at Assets/Scripts/GameState/GameManager.cs:67)
CaptureCurrentArena:Capture () (at Assets/Editor/CaptureCurrentArena.cs:22)

[Assets/Scripts/Arena/GridController.cs line 51]

Crenellation: Destroy may not be called from edit mode! Use DestroyImmediate instead.
Destroying an object in edit mode destroys it permanently
UnityEngine.Debug:ExtractStackTraceNoAlloc (byte*,int,string)
UnityEngine.StackTraceUtility:ExtractStackTrace ()
UnityEngine.Object:Destroy (UnityEngine.Object,single)
UnityEngine.Object:Destroy (UnityEngine.Object)
QuizBattle.Arena.Visuals.ArenaColosseumBuilder:CreateWallSection (UnityEngine.Transform,UnityEngine.Vector3,UnityEngine.Vector3,UnityEngine.Material,bool) (at Assets/Scripts/Arena/Visuals/ArenaColosseumBuilder.cs:238)
QuizBattle.Arena.Visuals.ArenaColosseumBuilder:CreateStadiumWallsAndTowers (UnityEngine.Transform,UnityEngine.Vector3,single,single) (at Assets/Scripts/Arena/Visuals/ArenaColosseumBuilder.cs:185)
QuizBattle.Arena.Visuals.ArenaColosseumBuilder:Build (UnityEngine.Transform,int,int,single) (at Assets/Scripts/Arena/Visuals/ArenaColosseumBuilder.cs:27)
QuizBattle.Arena.GridController:BuildGrid (int,int,int) (at Assets/Scripts/Arena/GridController.cs:51)
QuizBattle.GameState.GameManager:RunAutoPlayMatch (int,int) (at Assets/Scripts/GameState/GameManager.cs:67)
CaptureCurrentArena:Capture () (at Assets/Editor/CaptureCurrentArena.cs:22)

[Assets/Scripts/Arena/GridController.cs line 51]

Crenellation: Destroy may not be called from edit mode! Use DestroyImmediate instead.
Destroying an object in edit mode destroys it permanently
UnityEngine.Debug:ExtractStackTraceNoAlloc (byte*,int,string)
UnityEngine.StackTraceUtility:ExtractStackTrace ()
UnityEngine.Object:Destroy (UnityEngine.Object,single)
UnityEngine.Object:Destroy (UnityEngine.Object)
QuizBattle.Arena.Visuals.ArenaColosseumBuilder:CreateWallSection (UnityEngine.Transform,UnityEngine.Vector3,UnityEngine.Vector3,UnityEngine.Material,bool) (at Assets/Scripts/Arena/Visuals/ArenaColosseumBuilder.cs:238)
QuizBattle.Arena.Visuals.ArenaColosseumBuilder:CreateStadiumWallsAndTowers (UnityEngine.Transform,UnityEngine.Vector3,single,single) (at Assets/Scripts/Arena/Visuals/ArenaColosseumBuilder.cs:185)
QuizBattle.Arena.Visuals.ArenaColosseumBuilder:Build (UnityEngine.Transform,int,int,single) (at Assets/Scripts/Arena/Visuals/ArenaColosseumBuilder.cs:27)
QuizBattle.Arena.GridController:BuildGrid (int,int,int) (at Assets/Scripts/Arena/GridController.cs:51)
QuizBattle.GameState.GameManager:RunAutoPlayMatch (int,int) (at Assets/Scripts/GameState/GameManager.cs:67)
CaptureCurrentArena:Capture () (at Assets/Editor/CaptureCurrentArena.cs:22)

[Assets/Scripts/Arena/GridController.cs line 51]

Crenellation: Destroy may not be called from edit mode! Use DestroyImmediate instead.
Destroying an object in edit mode destroys it permanently
UnityEngine.Debug:ExtractStackTraceNoAlloc (byte*,int,string)
UnityEngine.StackTraceUtility:ExtractStackTrace ()
UnityEngine.Object:Destroy (UnityEngine.Object,single)
UnityEngine.Object:Destroy (UnityEngine.Object)
QuizBattle.Arena.Visuals.ArenaColosseumBuilder:CreateWallSection (UnityEngine.Transform,UnityEngine.Vector3,UnityEngine.Vector3,UnityEngine.Material,bool) (at Assets/Scripts/Arena/Visuals/ArenaColosseumBuilder.cs:238)
QuizBattle.Arena.Visuals.ArenaColosseumBuilder:CreateStadiumWallsAndTowers (UnityEngine.Transform,UnityEngine.Vector3,single,single) (at Assets/Scripts/Arena/Visuals/ArenaColosseumBuilder.cs:185)
QuizBattle.Arena.Visuals.ArenaColosseumBuilder:Build (UnityEngine.Transform,int,int,single) (at Assets/Scripts/Arena/Visuals/ArenaColosseumBuilder.cs:27)
QuizBattle.Arena.GridController:BuildGrid (int,int,int) (at Assets/Scripts/Arena/GridController.cs:51)
QuizBattle.GameState.GameManager:RunAutoPlayMatch (int,int) (at Assets/Scripts/GameState/GameManager.cs:67)
CaptureCurrentArena:Capture () (at Assets/Editor/CaptureCurrentArena.cs:22)

[Assets/Scripts/Arena/GridController.cs line 51]

Crenellation: Destroy may not be called from edit mode! Use DestroyImmediate instead.
Destroying an object in edit mode destroys it permanently
UnityEngine.Debug:ExtractStackTraceNoAlloc (byte*,int,string)
UnityEngine.StackTraceUtility:ExtractStackTrace ()
UnityEngine.Object:Destroy (UnityEngine.Object,single)
UnityEngine.Object:Destroy (UnityEngine.Object)
QuizBattle.Arena.Visuals.ArenaColosseumBuilder:CreateWallSection (UnityEngine.Transform,UnityEngine.Vector3,UnityEngine.Vector3,UnityEngine.Material,bool) (at Assets/Scripts/Arena/Visuals/ArenaColosseumBuilder.cs:238)
QuizBattle.Arena.Visuals.ArenaColosseumBuilder:CreateStadiumWallsAndTowers (UnityEngine.Transform,UnityEngine.Vector3,single,single) (at Assets/Scripts/Arena/Visuals/ArenaColosseumBuilder.cs:185)
QuizBattle.Arena.Visuals.ArenaColosseumBuilder:Build (UnityEngine.Transform,int,int,single) (at Assets/Scripts/Arena/Visuals/ArenaColosseumBuilder.cs:27)
QuizBattle.Arena.GridController:BuildGrid (int,int,int) (at Assets/Scripts/Arena/GridController.cs:51)
QuizBattle.GameState.GameManager:RunAutoPlayMatch (int,int) (at Assets/Scripts/GameState/GameManager.cs:67)
CaptureCurrentArena:Capture () (at Assets/Editor/CaptureCurrentArena.cs:22)

[Assets/Scripts/Arena/GridController.cs line 51]

Crenellation: Destroy may not be called from edit mode! Use DestroyImmediate instead.
Destroying an object in edit mode destroys it permanently
UnityEngine.Debug:ExtractStackTraceNoAlloc (byte*,int,string)
UnityEngine.StackTraceUtility:ExtractStackTrace ()
UnityEngine.Object:Destroy (UnityEngine.Object,single)
UnityEngine.Object:Destroy (UnityEngine.Object)
QuizBattle.Arena.Visuals.ArenaColosseumBuilder:CreateWallSection (UnityEngine.Transform,UnityEngine.Vector3,UnityEngine.Vector3,UnityEngine.Material,bool) (at Assets/Scripts/Arena/Visuals/ArenaColosseumBuilder.cs:238)
QuizBattle.Arena.Visuals.ArenaColosseumBuilder:CreateStadiumWallsAndTowers (UnityEngine.Transform,UnityEngine.Vector3,single,single) (at Assets/Scripts/Arena/Visuals/ArenaColosseumBuilder.cs:185)
QuizBattle.Arena.Visuals.ArenaColosseumBuilder:Build (UnityEngine.Transform,int,int,single) (at Assets/Scripts/Arena/Visuals/ArenaColosseumBuilder.cs:27)
QuizBattle.Arena.GridController:BuildGrid (int,int,int) (at Assets/Scripts/Arena/GridController.cs:51)
QuizBattle.GameState.GameManager:RunAutoPlayMatch (int,int) (at Assets/Scripts/GameState/GameManager.cs:67)
CaptureCurrentArena:Capture () (at Assets/Editor/CaptureCurrentArena.cs:22)

[Assets/Scripts/Arena/GridController.cs line 51]

WallSection: Destroy may not be called from edit mode! Use DestroyImmediate instead.
Destroying an object in edit mode destroys it permanently
UnityEngine.Debug:ExtractStackTraceNoAlloc (byte*,int,string)
UnityEngine.StackTraceUtility:ExtractStackTrace ()
UnityEngine.Object:Destroy (UnityEngine.Object,single)
UnityEngine.Object:Destroy (UnityEngine.Object)
QuizBattle.Arena.Visuals.ArenaColosseumBuilder:CreateWallSection (UnityEngine.Transform,UnityEngine.Vector3,UnityEngine.Vector3,UnityEngine.Material,bool) (at Assets/Scripts/Arena/Visuals/ArenaColosseumBuilder.cs:222)
QuizBattle.Arena.Visuals.ArenaColosseumBuilder:CreateStadiumWallsAndTowers (UnityEngine.Transform,UnityEngine.Vector3,single,single) (at Assets/Scripts/Arena/Visuals/ArenaColosseumBuilder.cs:189)
QuizBattle.Arena.Visuals.ArenaColosseumBuilder:Build (UnityEngine.Transform,int,int,single) (at Assets/Scripts/Arena/Visuals/ArenaColosseumBuilder.cs:27)
QuizBattle.Arena.GridController:BuildGrid (int,int,int) (at Assets/Scripts/Arena/GridController.cs:51)
QuizBattle.GameState.GameManager:RunAutoPlayMatch (int,int) (at Assets/Scripts/GameState/GameManager.cs:67)
CaptureCurrentArena:Capture () (at Assets/Editor/CaptureCurrentArena.cs:22)

[Assets/Scripts/Arena/GridController.cs line 51]

WallSection: Destroy may not be called from edit mode! Use DestroyImmediate instead.
Destroying an object in edit mode destroys it permanently
UnityEngine.Debug:ExtractStackTraceNoAlloc (byte*,int,string)
UnityEngine.StackTraceUtility:ExtractStackTrace ()
UnityEngine.Object:Destroy (UnityEngine.Object,single)
UnityEngine.Object:Destroy (UnityEngine.Object)
QuizBattle.Arena.Visuals.ArenaColosseumBuilder:CreateWallSection (UnityEngine.Transform,UnityEngine.Vector3,UnityEngine.Vector3,UnityEngine.Material,bool) (at Assets/Scripts/Arena/Visuals/ArenaColosseumBuilder.cs:222)
QuizBattle.Arena.Visuals.ArenaColosseumBuilder:CreateStadiumWallsAndTowers (UnityEngine.Transform,UnityEngine.Vector3,single,single) (at Assets/Scripts/Arena/Visuals/ArenaColosseumBuilder.cs:193)
QuizBattle.Arena.Visuals.ArenaColosseumBuilder:Build (UnityEngine.Transform,int,int,single) (at Assets/Scripts/Arena/Visuals/ArenaColosseumBuilder.cs:27)
QuizBattle.Arena.GridController:BuildGrid (int,int,int) (at Assets/Scripts/Arena/GridController.cs:51)
QuizBattle.GameState.GameManager:RunAutoPlayMatch (int,int) (at Assets/Scripts/GameState/GameManager.cs:67)
CaptureCurrentArena:Capture () (at Assets/Editor/CaptureCurrentArena.cs:22)

[Assets/Scripts/Arena/GridController.cs line 51]

WallSection: Destroy may not be called from edit mode! Use DestroyImmediate instead.
Destroying an object in edit mode destroys it permanently
UnityEngine.Debug:ExtractStackTraceNoAlloc (byte*,int,string)
UnityEngine.StackTraceUtility:ExtractStackTrace ()
UnityEngine.Object:Destroy (UnityEngine.Object,single)
UnityEngine.Object:Destroy (UnityEngine.Object)
QuizBattle.Arena.Visuals.ArenaColosseumBuilder:CreateWallSection (UnityEngine.Transform,UnityEngine.Vector3,UnityEngine.Vector3,UnityEngine.Material,bool) (at Assets/Scripts/Arena/Visuals/ArenaColosseumBuilder.cs:222)
QuizBattle.Arena.Visuals.ArenaColosseumBuilder:CreateStadiumWallsAndTowers (UnityEngine.Transform,UnityEngine.Vector3,single,single) (at Assets/Scripts/Arena/Visuals/ArenaColosseumBuilder.cs:196)
QuizBattle.Arena.Visuals.ArenaColosseumBuilder:Build (UnityEngine.Transform,int,int,single) (at Assets/Scripts/Arena/Visuals/ArenaColosseumBuilder.cs:27)
QuizBattle.Arena.GridController:BuildGrid (int,int,int) (at Assets/Scripts/Arena/GridController.cs:51)
QuizBattle.GameState.GameManager:RunAutoPlayMatch (int,int) (at Assets/Scripts/GameState/GameManager.cs:67)
CaptureCurrentArena:Capture () (at Assets/Editor/CaptureCurrentArena.cs:22)

[Assets/Scripts/Arena/GridController.cs line 51]

Bench_Tier_0: Destroy may not be called from edit mode! Use DestroyImmediate instead.
Destroying an object in edit mode destroys it permanently
UnityEngine.Debug:ExtractStackTraceNoAlloc (byte*,int,string)
UnityEngine.StackTraceUtility:ExtractStackTrace ()
UnityEngine.Object:Destroy (UnityEngine.Object,single)
UnityEngine.Object:Destroy (UnityEngine.Object)
QuizBattle.Arena.Visuals.ArenaColosseumBuilder:CreateSpectatorBenches (UnityEngine.Transform,UnityEngine.Vector3,single,UnityEngine.Material,bool) (at Assets/Scripts/Arena/Visuals/ArenaColosseumBuilder.cs:258)
QuizBattle.Arena.Visuals.ArenaColosseumBuilder:CreateStadiumWallsAndTowers (UnityEngine.Transform,UnityEngine.Vector3,single,single) (at Assets/Scripts/Arena/Visuals/ArenaColosseumBuilder.cs:200)
QuizBattle.Arena.Visuals.ArenaColosseumBuilder:Build (UnityEngine.Transform,int,int,single) (at Assets/Scripts/Arena/Visuals/ArenaColosseumBuilder.cs:27)
QuizBattle.Arena.GridController:BuildGrid (int,int,int) (at Assets/Scripts/Arena/GridController.cs:51)
QuizBattle.GameState.GameManager:RunAutoPlayMatch (int,int) (at Assets/Scripts/GameState/GameManager.cs:67)
CaptureCurrentArena:Capture () (at Assets/Editor/CaptureCurrentArena.cs:22)

[Assets/Scripts/Arena/GridController.cs line 51]

Bench_Tier_1: Destroy may not be called from edit mode! Use DestroyImmediate instead.
Destroying an object in edit mode destroys it permanently
UnityEngine.Debug:ExtractStackTraceNoAlloc (byte*,int,string)
UnityEngine.StackTraceUtility:ExtractStackTrace ()
UnityEngine.Object:Destroy (UnityEngine.Object,single)
UnityEngine.Object:Destroy (UnityEngine.Object)
QuizBattle.Arena.Visuals.ArenaColosseumBuilder:CreateSpectatorBenches (UnityEngine.Transform,UnityEngine.Vector3,single,UnityEngine.Material,bool) (at Assets/Scripts/Arena/Visuals/ArenaColosseumBuilder.cs:258)
QuizBattle.Arena.Visuals.ArenaColosseumBuilder:CreateStadiumWallsAndTowers (UnityEngine.Transform,UnityEngine.Vector3,single,single) (at Assets/Scripts/Arena/Visuals/ArenaColosseumBuilder.cs:200)
QuizBattle.Arena.Visuals.ArenaColosseumBuilder:Build (UnityEngine.Transform,int,int,single) (at Assets/Scripts/Arena/Visuals/ArenaColosseumBuilder.cs:27)
QuizBattle.Arena.GridController:BuildGrid (int,int,int) (at Assets/Scripts/Arena/GridController.cs:51)
QuizBattle.GameState.GameManager:RunAutoPlayMatch (int,int) (at Assets/Scripts/GameState/GameManager.cs:67)
CaptureCurrentArena:Capture () (at Assets/Editor/CaptureCurrentArena.cs:22)

[Assets/Scripts/Arena/GridController.cs line 51]

Bench_Tier_2: Destroy may not be called from edit mode! Use DestroyImmediate instead.
Destroying an object in edit mode destroys it permanently
UnityEngine.Debug:ExtractStackTraceNoAlloc (byte*,int,string)
UnityEngine.StackTraceUtility:ExtractStackTrace ()
UnityEngine.Object:Destroy (UnityEngine.Object,single)
UnityEngine.Object:Destroy (UnityEngine.Object)
QuizBattle.Arena.Visuals.ArenaColosseumBuilder:CreateSpectatorBenches (UnityEngine.Transform,UnityEngine.Vector3,single,UnityEngine.Material,bool) (at Assets/Scripts/Arena/Visuals/ArenaColosseumBuilder.cs:258)
QuizBattle.Arena.Visuals.ArenaColosseumBuilder:CreateStadiumWallsAndTowers (UnityEngine.Transform,UnityEngine.Vector3,single,single) (at Assets/Scripts/Arena/Visuals/ArenaColosseumBuilder.cs:200)
QuizBattle.Arena.Visuals.ArenaColosseumBuilder:Build (UnityEngine.Transform,int,int,single) (at Assets/Scripts/Arena/Visuals/ArenaColosseumBuilder.cs:27)
QuizBattle.Arena.GridController:BuildGrid (int,int,int) (at Assets/Scripts/Arena/GridController.cs:51)
QuizBattle.GameState.GameManager:RunAutoPlayMatch (int,int) (at Assets/Scripts/GameState/GameManager.cs:67)
CaptureCurrentArena:Capture () (at Assets/Editor/CaptureCurrentArena.cs:22)

[Assets/Scripts/Arena/GridController.cs line 51]

Bench_Tier_0: Destroy may not be called from edit mode! Use DestroyImmediate instead.
Destroying an object in edit mode destroys it permanently
UnityEngine.Debug:ExtractStackTraceNoAlloc (byte*,int,string)
UnityEngine.StackTraceUtility:ExtractStackTrace ()
UnityEngine.Object:Destroy (UnityEngine.Object,single)
UnityEngine.Object:Destroy (UnityEngine.Object)
QuizBattle.Arena.Visuals.ArenaColosseumBuilder:CreateSpectatorBenches (UnityEngine.Transform,UnityEngine.Vector3,single,UnityEngine.Material,bool) (at Assets/Scripts/Arena/Visuals/ArenaColosseumBuilder.cs:258)
QuizBattle.Arena.Visuals.ArenaColosseumBuilder:CreateStadiumWallsAndTowers (UnityEngine.Transform,UnityEngine.Vector3,single,single) (at Assets/Scripts/Arena/Visuals/ArenaColosseumBuilder.cs:201)
QuizBattle.Arena.Visuals.ArenaColosseumBuilder:Build (UnityEngine.Transform,int,int,single) (at Assets/Scripts/Arena/Visuals/ArenaColosseumBuilder.cs:27)
QuizBattle.Arena.GridController:BuildGrid (int,int,int) (at Assets/Scripts/Arena/GridController.cs:51)
QuizBattle.GameState.GameManager:RunAutoPlayMatch (int,int) (at Assets/Scripts/GameState/GameManager.cs:67)
CaptureCurrentArena:Capture () (at Assets/Editor/CaptureCurrentArena.cs:22)

[Assets/Scripts/Arena/GridController.cs line 51]

Bench_Tier_1: Destroy may not be called from edit mode! Use DestroyImmediate instead.
Destroying an object in edit mode destroys it permanently
UnityEngine.Debug:ExtractStackTraceNoAlloc (byte*,int,string)
UnityEngine.StackTraceUtility:ExtractStackTrace ()
UnityEngine.Object:Destroy (UnityEngine.Object,single)
UnityEngine.Object:Destroy (UnityEngine.Object)
QuizBattle.Arena.Visuals.ArenaColosseumBuilder:CreateSpectatorBenches (UnityEngine.Transform,UnityEngine.Vector3,single,UnityEngine.Material,bool) (at Assets/Scripts/Arena/Visuals/ArenaColosseumBuilder.cs:258)
QuizBattle.Arena.Visuals.ArenaColosseumBuilder:CreateStadiumWallsAndTowers (UnityEngine.Transform,UnityEngine.Vector3,single,single) (at Assets/Scripts/Arena/Visuals/ArenaColosseumBuilder.cs:201)
QuizBattle.Arena.Visuals.ArenaColosseumBuilder:Build (UnityEngine.Transform,int,int,single) (at Assets/Scripts/Arena/Visuals/ArenaColosseumBuilder.cs:27)
QuizBattle.Arena.GridController:BuildGrid (int,int,int) (at Assets/Scripts/Arena/GridController.cs:51)
QuizBattle.GameState.GameManager:RunAutoPlayMatch (int,int) (at Assets/Scripts/GameState/GameManager.cs:67)
CaptureCurrentArena:Capture () (at Assets/Editor/CaptureCurrentArena.cs:22)

[Assets/Scripts/Arena/GridController.cs line 51]

Bench_Tier_2: Destroy may not be called from edit mode! Use DestroyImmediate instead.
Destroying an object in edit mode destroys it permanently
UnityEngine.Debug:ExtractStackTraceNoAlloc (byte*,int,string)
UnityEngine.StackTraceUtility:ExtractStackTrace ()
UnityEngine.Object:Destroy (UnityEngine.Object,single)
UnityEngine.Object:Destroy (UnityEngine.Object)
QuizBattle.Arena.Visuals.ArenaColosseumBuilder:CreateSpectatorBenches (UnityEngine.Transform,UnityEngine.Vector3,single,UnityEngine.Material,bool) (at Assets/Scripts/Arena/Visuals/ArenaColosseumBuilder.cs:258)
QuizBattle.Arena.Visuals.ArenaColosseumBuilder:CreateStadiumWallsAndTowers (UnityEngine.Transform,UnityEngine.Vector3,single,single) (at Assets/Scripts/Arena/Visuals/ArenaColosseumBuilder.cs:201)
QuizBattle.Arena.Visuals.ArenaColosseumBuilder:Build (UnityEngine.Transform,int,int,single) (at Assets/Scripts/Arena/Visuals/ArenaColosseumBuilder.cs:27)
QuizBattle.Arena.GridController:BuildGrid (int,int,int) (at Assets/Scripts/Arena/GridController.cs:51)
QuizBattle.GameState.GameManager:RunAutoPlayMatch (int,int) (at Assets/Scripts/GameState/GameManager.cs:67)
CaptureCurrentArena:Capture () (at Assets/Editor/CaptureCurrentArena.cs:22)

[Assets/Scripts/Arena/GridController.cs line 51]

TowerShaft: Destroy may not be called from edit mode! Use DestroyImmediate instead.
Destroying an object in edit mode destroys it permanently
UnityEngine.Debug:ExtractStackTraceNoAlloc (byte*,int,string)
UnityEngine.StackTraceUtility:ExtractStackTrace ()
UnityEngine.Object:Destroy (UnityEngine.Object,single)
UnityEngine.Object:Destroy (UnityEngine.Object)
QuizBattle.Arena.Visuals.ArenaColosseumBuilder:CreateTower (UnityEngine.Transform,UnityEngine.Vector3,UnityEngine.Material,UnityEngine.Color) (at Assets/Scripts/Arena/Visuals/ArenaColosseumBuilder.cs:275)
QuizBattle.Arena.Visuals.ArenaColosseumBuilder:CreateStadiumWallsAndTowers (UnityEngine.Transform,UnityEngine.Vector3,single,single) (at Assets/Scripts/Arena/Visuals/ArenaColosseumBuilder.cs:211)
QuizBattle.Arena.Visuals.ArenaColosseumBuilder:Build (UnityEngine.Transform,int,int,single) (at Assets/Scripts/Arena/Visuals/ArenaColosseumBuilder.cs:27)
QuizBattle.Arena.GridController:BuildGrid (int,int,int) (at Assets/Scripts/Arena/GridController.cs:51)
QuizBattle.GameState.GameManager:RunAutoPlayMatch (int,int) (at Assets/Scripts/GameState/GameManager.cs:67)
CaptureCurrentArena:Capture () (at Assets/Editor/CaptureCurrentArena.cs:22)

[Assets/Scripts/Arena/GridController.cs line 51]

TowerRim: Destroy may not be called from edit mode! Use DestroyImmediate instead.
Destroying an object in edit mode destroys it permanently
UnityEngine.Debug:ExtractStackTraceNoAlloc (byte*,int,string)
UnityEngine.StackTraceUtility:ExtractStackTrace ()
UnityEngine.Object:Destroy (UnityEngine.Object,single)
UnityEngine.Object:Destroy (UnityEngine.Object)
QuizBattle.Arena.Visuals.ArenaColosseumBuilder:CreateTower (UnityEngine.Transform,UnityEngine.Vector3,UnityEngine.Material,UnityEngine.Color) (at Assets/Scripts/Arena/Visuals/ArenaColosseumBuilder.cs:284)
QuizBattle.Arena.Visuals.ArenaColosseumBuilder:CreateStadiumWallsAndTowers (UnityEngine.Transform,UnityEngine.Vector3,single,single) (at Assets/Scripts/Arena/Visuals/ArenaColosseumBuilder.cs:211)
QuizBattle.Arena.Visuals.ArenaColosseumBuilder:Build (UnityEngine.Transform,int,int,single) (at Assets/Scripts/Arena/Visuals/ArenaColosseumBuilder.cs:27)
QuizBattle.Arena.GridController:BuildGrid (int,int,int) (at Assets/Scripts/Arena/GridController.cs:51)
QuizBattle.GameState.GameManager:RunAutoPlayMatch (int,int) (at Assets/Scripts/GameState/GameManager.cs:67)
CaptureCurrentArena:Capture () (at Assets/Editor/CaptureCurrentArena.cs:22)

[Assets/Scripts/Arena/GridController.cs line 51]

GoldSpire: Destroy may not be called from edit mode! Use DestroyImmediate instead.
Destroying an object in edit mode destroys it permanently
UnityEngine.Debug:ExtractStackTraceNoAlloc (byte*,int,string)
UnityEngine.StackTraceUtility:ExtractStackTrace ()
UnityEngine.Object:Destroy (UnityEngine.Object,single)
UnityEngine.Object:Destroy (UnityEngine.Object)
QuizBattle.Arena.Visuals.ArenaColosseumBuilder:CreateTower (UnityEngine.Transform,UnityEngine.Vector3,UnityEngine.Material,UnityEngine.Color) (at Assets/Scripts/Arena/Visuals/ArenaColosseumBuilder.cs:314)
QuizBattle.Arena.Visuals.ArenaColosseumBuilder:CreateStadiumWallsAndTowers (UnityEngine.Transform,UnityEngine.Vector3,single,single) (at Assets/Scripts/Arena/Visuals/ArenaColosseumBuilder.cs:211)
QuizBattle.Arena.Visuals.ArenaColosseumBuilder:Build (UnityEngine.Transform,int,int,single) (at Assets/Scripts/Arena/Visuals/ArenaColosseumBuilder.cs:27)
QuizBattle.Arena.GridController:BuildGrid (int,int,int) (at Assets/Scripts/Arena/GridController.cs:51)
QuizBattle.GameState.GameManager:RunAutoPlayMatch (int,int) (at Assets/Scripts/GameState/GameManager.cs:67)
CaptureCurrentArena:Capture () (at Assets/Editor/CaptureCurrentArena.cs:22)

[Assets/Scripts/Arena/GridController.cs line 51]

TowerShaft: Destroy may not be called from edit mode! Use DestroyImmediate instead.
Destroying an object in edit mode destroys it permanently
UnityEngine.Debug:ExtractStackTraceNoAlloc (byte*,int,string)
UnityEngine.StackTraceUtility:ExtractStackTrace ()
UnityEngine.Object:Destroy (UnityEngine.Object,single)
UnityEngine.Object:Destroy (UnityEngine.Object)
QuizBattle.Arena.Visuals.ArenaColosseumBuilder:CreateTower (UnityEngine.Transform,UnityEngine.Vector3,UnityEngine.Material,UnityEngine.Color) (at Assets/Scripts/Arena/Visuals/ArenaColosseumBuilder.cs:275)
QuizBattle.Arena.Visuals.ArenaColosseumBuilder:CreateStadiumWallsAndTowers (UnityEngine.Transform,UnityEngine.Vector3,single,single) (at Assets/Scripts/Arena/Visuals/ArenaColosseumBuilder.cs:211)
QuizBattle.Arena.Visuals.ArenaColosseumBuilder:Build (UnityEngine.Transform,int,int,single) (at Assets/Scripts/Arena/Visuals/ArenaColosseumBuilder.cs:27)
QuizBattle.Arena.GridController:BuildGrid (int,int,int) (at Assets/Scripts/Arena/GridController.cs:51)
QuizBattle.GameState.GameManager:RunAutoPlayMatch (int,int) (at Assets/Scripts/GameState/GameManager.cs:67)
CaptureCurrentArena:Capture () (at Assets/Editor/CaptureCurrentArena.cs:22)

[Assets/Scripts/Arena/GridController.cs line 51]

TowerRim: Destroy may not be called from edit mode! Use DestroyImmediate instead.
Destroying an object in edit mode destroys it permanently
UnityEngine.Debug:ExtractStackTraceNoAlloc (byte*,int,string)
UnityEngine.StackTraceUtility:ExtractStackTrace ()
UnityEngine.Object:Destroy (UnityEngine.Object,single)
UnityEngine.Object:Destroy (UnityEngine.Object)
QuizBattle.Arena.Visuals.ArenaColosseumBuilder:CreateTower (UnityEngine.Transform,UnityEngine.Vector3,UnityEngine.Material,UnityEngine.Color) (at Assets/Scripts/Arena/Visuals/ArenaColosseumBuilder.cs:284)
QuizBattle.Arena.Visuals.ArenaColosseumBuilder:CreateStadiumWallsAndTowers (UnityEngine.Transform,UnityEngine.Vector3,single,single) (at Assets/Scripts/Arena/Visuals/ArenaColosseumBuilder.cs:211)
QuizBattle.Arena.Visuals.ArenaColosseumBuilder:Build (UnityEngine.Transform,int,int,single) (at Assets/Scripts/Arena/Visuals/ArenaColosseumBuilder.cs:27)
QuizBattle.Arena.GridController:BuildGrid (int,int,int) (at Assets/Scripts/Arena/GridController.cs:51)
QuizBattle.GameState.GameManager:RunAutoPlayMatch (int,int) (at Assets/Scripts/GameState/GameManager.cs:67)
CaptureCurrentArena:Capture () (at Assets/Editor/CaptureCurrentArena.cs:22)

[Assets/Scripts/Arena/GridController.cs line 51]

GoldSpire: Destroy may not be called from edit mode! Use DestroyImmediate instead.
Destroying an object in edit mode destroys it permanently
UnityEngine.Debug:ExtractStackTraceNoAlloc (byte*,int,string)
UnityEngine.StackTraceUtility:ExtractStackTrace ()
UnityEngine.Object:Destroy (UnityEngine.Object,single)
UnityEngine.Object:Destroy (UnityEngine.Object)
QuizBattle.Arena.Visuals.ArenaColosseumBuilder:CreateTower (UnityEngine.Transform,UnityEngine.Vector3,UnityEngine.Material,UnityEngine.Color) (at Assets/Scripts/Arena/Visuals/ArenaColosseumBuilder.cs:314)
QuizBattle.Arena.Visuals.ArenaColosseumBuilder:CreateStadiumWallsAndTowers (UnityEngine.Transform,UnityEngine.Vector3,single,single) (at Assets/Scripts/Arena/Visuals/ArenaColosseumBuilder.cs:211)
QuizBattle.Arena.Visuals.ArenaColosseumBuilder:Build (UnityEngine.Transform,int,int,single) (at Assets/Scripts/Arena/Visuals/ArenaColosseumBuilder.cs:27)
QuizBattle.Arena.GridController:BuildGrid (int,int,int) (at Assets/Scripts/Arena/GridController.cs:51)
QuizBattle.GameState.GameManager:RunAutoPlayMatch (int,int) (at Assets/Scripts/GameState/GameManager.cs:67)
CaptureCurrentArena:Capture () (at Assets/Editor/CaptureCurrentArena.cs:22)

[Assets/Scripts/Arena/GridController.cs line 51]

Cloth: Destroy may not be called from edit mode! Use DestroyImmediate instead.
Destroying an object in edit mode destroys it permanently
UnityEngine.Debug:ExtractStackTraceNoAlloc (byte*,int,string)
UnityEngine.StackTraceUtility:ExtractStackTrace ()
UnityEngine.Object:Destroy (UnityEngine.Object,single)
UnityEngine.Object:Destroy (UnityEngine.Object)
QuizBattle.Arena.Visuals.ArenaColosseumBuilder:CreateBanner (UnityEngine.Transform,UnityEngine.Vector3,UnityEngine.Color,bool) (at Assets/Scripts/Arena/Visuals/ArenaColosseumBuilder.cs:364)
QuizBattle.Arena.Visuals.ArenaColosseumBuilder:CreateRoyalBanners (UnityEngine.Transform,UnityEngine.Vector3,single,single) (at Assets/Scripts/Arena/Visuals/ArenaColosseumBuilder.cs:330)
QuizBattle.Arena.Visuals.ArenaColosseumBuilder:Build (UnityEngine.Transform,int,int,single) (at Assets/Scripts/Arena/Visuals/ArenaColosseumBuilder.cs:28)
QuizBattle.Arena.GridController:BuildGrid (int,int,int) (at Assets/Scripts/Arena/GridController.cs:51)
QuizBattle.GameState.GameManager:RunAutoPlayMatch (int,int) (at Assets/Scripts/GameState/GameManager.cs:67)
CaptureCurrentArena:Capture () (at Assets/Editor/CaptureCurrentArena.cs:22)

[Assets/Scripts/Arena/GridController.cs line 51]

Rod: Destroy may not be called from edit mode! Use DestroyImmediate instead.
Destroying an object in edit mode destroys it permanently
UnityEngine.Debug:ExtractStackTraceNoAlloc (byte*,int,string)
UnityEngine.StackTraceUtility:ExtractStackTrace ()
UnityEngine.Object:Destroy (UnityEngine.Object,single)
UnityEngine.Object:Destroy (UnityEngine.Object)
QuizBattle.Arena.Visuals.ArenaColosseumBuilder:CreateBanner (UnityEngine.Transform,UnityEngine.Vector3,UnityEngine.Color,bool) (at Assets/Scripts/Arena/Visuals/ArenaColosseumBuilder.cs:374)
QuizBattle.Arena.Visuals.ArenaColosseumBuilder:CreateRoyalBanners (UnityEngine.Transform,UnityEngine.Vector3,single,single) (at Assets/Scripts/Arena/Visuals/ArenaColosseumBuilder.cs:330)
QuizBattle.Arena.Visuals.ArenaColosseumBuilder:Build (UnityEngine.Transform,int,int,single) (at Assets/Scripts/Arena/Visuals/ArenaColosseumBuilder.cs:28)
QuizBattle.Arena.GridController:BuildGrid (int,int,int) (at Assets/Scripts/Arena/GridController.cs:51)
QuizBattle.GameState.GameManager:RunAutoPlayMatch (int,int) (at Assets/Scripts/GameState/GameManager.cs:67)
CaptureCurrentArena:Capture () (at Assets/Editor/CaptureCurrentArena.cs:22)

[Assets/Scripts/Arena/GridController.cs line 51]

Emblem: Destroy may not be called from edit mode! Use DestroyImmediate instead.
Destroying an object in edit mode destroys it permanently
UnityEngine.Debug:ExtractStackTraceNoAlloc (byte*,int,string)
UnityEngine.StackTraceUtility:ExtractStackTrace ()
UnityEngine.Object:Destroy (UnityEngine.Object,single)
UnityEngine.Object:Destroy (UnityEngine.Object)
QuizBattle.Arena.Visuals.ArenaColosseumBuilder:CreateBanner (UnityEngine.Transform,UnityEngine.Vector3,UnityEngine.Color,bool) (at Assets/Scripts/Arena/Visuals/ArenaColosseumBuilder.cs:384)
QuizBattle.Arena.Visuals.ArenaColosseumBuilder:CreateRoyalBanners (UnityEngine.Transform,UnityEngine.Vector3,single,single) (at Assets/Scripts/Arena/Visuals/ArenaColosseumBuilder.cs:330)
QuizBattle.Arena.Visuals.ArenaColosseumBuilder:Build (UnityEngine.Transform,int,int,single) (at Assets/Scripts/Arena/Visuals/ArenaColosseumBuilder.cs:28)
QuizBattle.Arena.GridController:BuildGrid (int,int,int) (at Assets/Scripts/Arena/GridController.cs:51)
QuizBattle.GameState.GameManager:RunAutoPlayMatch (int,int) (at Assets/Scripts/GameState/GameManager.cs:67)
CaptureCurrentArena:Capture () (at Assets/Editor/CaptureCurrentArena.cs:22)

[Assets/Scripts/Arena/GridController.cs line 51]

Cloth: Destroy may not be called from edit mode! Use DestroyImmediate instead.
Destroying an object in edit mode destroys it permanently
UnityEngine.Debug:ExtractStackTraceNoAlloc (byte*,int,string)
UnityEngine.StackTraceUtility:ExtractStackTrace ()
UnityEngine.Object:Destroy (UnityEngine.Object,single)
UnityEngine.Object:Destroy (UnityEngine.Object)
QuizBattle.Arena.Visuals.ArenaColosseumBuilder:CreateBanner (UnityEngine.Transform,UnityEngine.Vector3,UnityEngine.Color,bool) (at Assets/Scripts/Arena/Visuals/ArenaColosseumBuilder.cs:364)
QuizBattle.Arena.Visuals.ArenaColosseumBuilder:CreateRoyalBanners (UnityEngine.Transform,UnityEngine.Vector3,single,single) (at Assets/Scripts/Arena/Visuals/ArenaColosseumBuilder.cs:331)
QuizBattle.Arena.Visuals.ArenaColosseumBuilder:Build (UnityEngine.Transform,int,int,single) (at Assets/Scripts/Arena/Visuals/ArenaColosseumBuilder.cs:28)
QuizBattle.Arena.GridController:BuildGrid (int,int,int) (at Assets/Scripts/Arena/GridController.cs:51)
QuizBattle.GameState.GameManager:RunAutoPlayMatch (int,int) (at Assets/Scripts/GameState/GameManager.cs:67)
CaptureCurrentArena:Capture () (at Assets/Editor/CaptureCurrentArena.cs:22)

[Assets/Scripts/Arena/GridController.cs line 51]

Rod: Destroy may not be called from edit mode! Use DestroyImmediate instead.
Destroying an object in edit mode destroys it permanently
UnityEngine.Debug:ExtractStackTraceNoAlloc (byte*,int,string)
UnityEngine.StackTraceUtility:ExtractStackTrace ()
UnityEngine.Object:Destroy (UnityEngine.Object,single)
UnityEngine.Object:Destroy (UnityEngine.Object)
QuizBattle.Arena.Visuals.ArenaColosseumBuilder:CreateBanner (UnityEngine.Transform,UnityEngine.Vector3,UnityEngine.Color,bool) (at Assets/Scripts/Arena/Visuals/ArenaColosseumBuilder.cs:374)
QuizBattle.Arena.Visuals.ArenaColosseumBuilder:CreateRoyalBanners (UnityEngine.Transform,UnityEngine.Vector3,single,single) (at Assets/Scripts/Arena/Visuals/ArenaColosseumBuilder.cs:331)
QuizBattle.Arena.Visuals.ArenaColosseumBuilder:Build (UnityEngine.Transform,int,int,single) (at Assets/Scripts/Arena/Visuals/ArenaColosseumBuilder.cs:28)
QuizBattle.Arena.GridController:BuildGrid (int,int,int) (at Assets/Scripts/Arena/GridController.cs:51)
QuizBattle.GameState.GameManager:RunAutoPlayMatch (int,int) (at Assets/Scripts/GameState/GameManager.cs:67)
CaptureCurrentArena:Capture () (at Assets/Editor/CaptureCurrentArena.cs:22)

[Assets/Scripts/Arena/GridController.cs line 51]

Emblem: Destroy may not be called from edit mode! Use DestroyImmediate instead.
Destroying an object in edit mode destroys it permanently
UnityEngine.Debug:ExtractStackTraceNoAlloc (byte*,int,string)
UnityEngine.StackTraceUtility:ExtractStackTrace ()
UnityEngine.Object:Destroy (UnityEngine.Object,single)
UnityEngine.Object:Destroy (UnityEngine.Object)
QuizBattle.Arena.Visuals.ArenaColosseumBuilder:CreateBanner (UnityEngine.Transform,UnityEngine.Vector3,UnityEngine.Color,bool) (at Assets/Scripts/Arena/Visuals/ArenaColosseumBuilder.cs:384)
QuizBattle.Arena.Visuals.ArenaColosseumBuilder:CreateRoyalBanners (UnityEngine.Transform,UnityEngine.Vector3,single,single) (at Assets/Scripts/Arena/Visuals/ArenaColosseumBuilder.cs:331)
QuizBattle.Arena.Visuals.ArenaColosseumBuilder:Build (UnityEngine.Transform,int,int,single) (at Assets/Scripts/Arena/Visuals/ArenaColosseumBuilder.cs:28)
QuizBattle.Arena.GridController:BuildGrid (int,int,int) (at Assets/Scripts/Arena/GridController.cs:51)
QuizBattle.GameState.GameManager:RunAutoPlayMatch (int,int) (at Assets/Scripts/GameState/GameManager.cs:67)
CaptureCurrentArena:Capture () (at Assets/Editor/CaptureCurrentArena.cs:22)

[Assets/Scripts/Arena/GridController.cs line 51]

Cloth: Destroy may not be called from edit mode! Use DestroyImmediate instead.
Destroying an object in edit mode destroys it permanently
UnityEngine.Debug:ExtractStackTraceNoAlloc (byte*,int,string)
UnityEngine.StackTraceUtility:ExtractStackTrace ()
UnityEngine.Object:Destroy (UnityEngine.Object,single)
UnityEngine.Object:Destroy (UnityEngine.Object)
QuizBattle.Arena.Visuals.ArenaColosseumBuilder:CreateBanner (UnityEngine.Transform,UnityEngine.Vector3,UnityEngine.Color,bool) (at Assets/Scripts/Arena/Visuals/ArenaColosseumBuilder.cs:364)
QuizBattle.Arena.Visuals.ArenaColosseumBuilder:CreateRoyalBanners (UnityEngine.Transform,UnityEngine.Vector3,single,single) (at Assets/Scripts/Arena/Visuals/ArenaColosseumBuilder.cs:334)
QuizBattle.Arena.Visuals.ArenaColosseumBuilder:Build (UnityEngine.Transform,int,int,single) (at Assets/Scripts/Arena/Visuals/ArenaColosseumBuilder.cs:28)
QuizBattle.Arena.GridController:BuildGrid (int,int,int) (at Assets/Scripts/Arena/GridController.cs:51)
QuizBattle.GameState.GameManager:RunAutoPlayMatch (int,int) (at Assets/Scripts/GameState/GameManager.cs:67)
CaptureCurrentArena:Capture () (at Assets/Editor/CaptureCurrentArena.cs:22)

[Assets/Scripts/Arena/GridController.cs line 51]

Rod: Destroy may not be called from edit mode! Use DestroyImmediate instead.
Destroying an object in edit mode destroys it permanently
UnityEngine.Debug:ExtractStackTraceNoAlloc (byte*,int,string)
UnityEngine.StackTraceUtility:ExtractStackTrace ()
UnityEngine.Object:Destroy (UnityEngine.Object,single)
UnityEngine.Object:Destroy (UnityEngine.Object)
QuizBattle.Arena.Visuals.ArenaColosseumBuilder:CreateBanner (UnityEngine.Transform,UnityEngine.Vector3,UnityEngine.Color,bool) (at Assets/Scripts/Arena/Visuals/ArenaColosseumBuilder.cs:374)
QuizBattle.Arena.Visuals.ArenaColosseumBuilder:CreateRoyalBanners (UnityEngine.Transform,UnityEngine.Vector3,single,single) (at Assets/Scripts/Arena/Visuals/ArenaColosseumBuilder.cs:334)
QuizBattle.Arena.Visuals.ArenaColosseumBuilder:Build (UnityEngine.Transform,int,int,single) (at Assets/Scripts/Arena/Visuals/ArenaColosseumBuilder.cs:28)
QuizBattle.Arena.GridController:BuildGrid (int,int,int) (at Assets/Scripts/Arena/GridController.cs:51)
QuizBattle.GameState.GameManager:RunAutoPlayMatch (int,int) (at Assets/Scripts/GameState/GameManager.cs:67)
CaptureCurrentArena:Capture () (at Assets/Editor/CaptureCurrentArena.cs:22)

[Assets/Scripts/Arena/GridController.cs line 51]

Emblem: Destroy may not be called from edit mode! Use DestroyImmediate instead.
Destroying an object in edit mode destroys it permanently
UnityEngine.Debug:ExtractStackTraceNoAlloc (byte*,int,string)
UnityEngine.StackTraceUtility:ExtractStackTrace ()
UnityEngine.Object:Destroy (UnityEngine.Object,single)
UnityEngine.Object:Destroy (UnityEngine.Object)
QuizBattle.Arena.Visuals.ArenaColosseumBuilder:CreateBanner (UnityEngine.Transform,UnityEngine.Vector3,UnityEngine.Color,bool) (at Assets/Scripts/Arena/Visuals/ArenaColosseumBuilder.cs:384)
QuizBattle.Arena.Visuals.ArenaColosseumBuilder:CreateRoyalBanners (UnityEngine.Transform,UnityEngine.Vector3,single,single) (at Assets/Scripts/Arena/Visuals/ArenaColosseumBuilder.cs:334)
QuizBattle.Arena.Visuals.ArenaColosseumBuilder:Build (UnityEngine.Transform,int,int,single) (at Assets/Scripts/Arena/Visuals/ArenaColosseumBuilder.cs:28)
QuizBattle.Arena.GridController:BuildGrid (int,int,int) (at Assets/Scripts/Arena/GridController.cs:51)
QuizBattle.GameState.GameManager:RunAutoPlayMatch (int,int) (at Assets/Scripts/GameState/GameManager.cs:67)
CaptureCurrentArena:Capture () (at Assets/Editor/CaptureCurrentArena.cs:22)

[Assets/Scripts/Arena/GridController.cs line 51]

Cloth: Destroy may not be called from edit mode! Use DestroyImmediate instead.
Destroying an object in edit mode destroys it permanently
UnityEngine.Debug:ExtractStackTraceNoAlloc (byte*,int,string)
UnityEngine.StackTraceUtility:ExtractStackTrace ()
UnityEngine.Object:Destroy (UnityEngine.Object,single)
UnityEngine.Object:Destroy (UnityEngine.Object)
QuizBattle.Arena.Visuals.ArenaColosseumBuilder:CreateBanner (UnityEngine.Transform,UnityEngine.Vector3,UnityEngine.Color,bool) (at Assets/Scripts/Arena/Visuals/ArenaColosseumBuilder.cs:364)
QuizBattle.Arena.Visuals.ArenaColosseumBuilder:CreateRoyalBanners (UnityEngine.Transform,UnityEngine.Vector3,single,single) (at Assets/Scripts/Arena/Visuals/ArenaColosseumBuilder.cs:335)
QuizBattle.Arena.Visuals.ArenaColosseumBuilder:Build (UnityEngine.Transform,int,int,single) (at Assets/Scripts/Arena/Visuals/ArenaColosseumBuilder.cs:28)
QuizBattle.Arena.GridController:BuildGrid (int,int,int) (at Assets/Scripts/Arena/GridController.cs:51)
QuizBattle.GameState.GameManager:RunAutoPlayMatch (int,int) (at Assets/Scripts/GameState/GameManager.cs:67)
CaptureCurrentArena:Capture () (at Assets/Editor/CaptureCurrentArena.cs:22)

[Assets/Scripts/Arena/GridController.cs line 51]

Rod: Destroy may not be called from edit mode! Use DestroyImmediate instead.
Destroying an object in edit mode destroys it permanently
UnityEngine.Debug:ExtractStackTraceNoAlloc (byte*,int,string)
UnityEngine.StackTraceUtility:ExtractStackTrace ()
UnityEngine.Object:Destroy (UnityEngine.Object,single)
UnityEngine.Object:Destroy (UnityEngine.Object)
QuizBattle.Arena.Visuals.ArenaColosseumBuilder:CreateBanner (UnityEngine.Transform,UnityEngine.Vector3,UnityEngine.Color,bool) (at Assets/Scripts/Arena/Visuals/ArenaColosseumBuilder.cs:374)
QuizBattle.Arena.Visuals.ArenaColosseumBuilder:CreateRoyalBanners (UnityEngine.Transform,UnityEngine.Vector3,single,single) (at Assets/Scripts/Arena/Visuals/ArenaColosseumBuilder.cs:335)
QuizBattle.Arena.Visuals.ArenaColosseumBuilder:Build (UnityEngine.Transform,int,int,single) (at Assets/Scripts/Arena/Visuals/ArenaColosseumBuilder.cs:28)
QuizBattle.Arena.GridController:BuildGrid (int,int,int) (at Assets/Scripts/Arena/GridController.cs:51)
QuizBattle.GameState.GameManager:RunAutoPlayMatch (int,int) (at Assets/Scripts/GameState/GameManager.cs:67)
CaptureCurrentArena:Capture () (at Assets/Editor/CaptureCurrentArena.cs:22)

[Assets/Scripts/Arena/GridController.cs line 51]

Emblem: Destroy may not be called from edit mode! Use DestroyImmediate instead.
Destroying an object in edit mode destroys it permanently
UnityEngine.Debug:ExtractStackTraceNoAlloc (byte*,int,string)
UnityEngine.StackTraceUtility:ExtractStackTrace ()
UnityEngine.Object:Destroy (UnityEngine.Object,single)
UnityEngine.Object:Destroy (UnityEngine.Object)
QuizBattle.Arena.Visuals.ArenaColosseumBuilder:CreateBanner (UnityEngine.Transform,UnityEngine.Vector3,UnityEngine.Color,bool) (at Assets/Scripts/Arena/Visuals/ArenaColosseumBuilder.cs:384)
QuizBattle.Arena.Visuals.ArenaColosseumBuilder:CreateRoyalBanners (UnityEngine.Transform,UnityEngine.Vector3,single,single) (at Assets/Scripts/Arena/Visuals/ArenaColosseumBuilder.cs:335)
QuizBattle.Arena.Visuals.ArenaColosseumBuilder:Build (UnityEngine.Transform,int,int,single) (at Assets/Scripts/Arena/Visuals/ArenaColosseumBuilder.cs:28)
QuizBattle.Arena.GridController:BuildGrid (int,int,int) (at Assets/Scripts/Arena/GridController.cs:51)
QuizBattle.GameState.GameManager:RunAutoPlayMatch (int,int) (at Assets/Scripts/GameState/GameManager.cs:67)
CaptureCurrentArena:Capture () (at Assets/Editor/CaptureCurrentArena.cs:22)

[Assets/Scripts/Arena/GridController.cs line 51]

Base: Destroy may not be called from edit mode! Use DestroyImmediate instead.
Destroying an object in edit mode destroys it permanently
UnityEngine.Debug:ExtractStackTraceNoAlloc (byte*,int,string)
UnityEngine.StackTraceUtility:ExtractStackTrace ()
UnityEngine.Object:Destroy (UnityEngine.Object,single)
UnityEngine.Object:Destroy (UnityEngine.Object)
QuizBattle.Arena.Visuals.ArenaColosseumBuilder:CreateBrazier (UnityEngine.Transform,UnityEngine.Vector3) (at Assets/Scripts/Arena/Visuals/ArenaColosseumBuilder.cs:428)
QuizBattle.Arena.Visuals.ArenaColosseumBuilder:CreateCornerBraziers (UnityEngine.Transform,UnityEngine.Vector3,single,single) (at Assets/Scripts/Arena/Visuals/ArenaColosseumBuilder.cs:409)
QuizBattle.Arena.Visuals.ArenaColosseumBuilder:Build (UnityEngine.Transform,int,int,single) (at Assets/Scripts/Arena/Visuals/ArenaColosseumBuilder.cs:29)
QuizBattle.Arena.GridController:BuildGrid (int,int,int) (at Assets/Scripts/Arena/GridController.cs:51)
QuizBattle.GameState.GameManager:RunAutoPlayMatch (int,int) (at Assets/Scripts/GameState/GameManager.cs:67)
CaptureCurrentArena:Capture () (at Assets/Editor/CaptureCurrentArena.cs:22)

[Assets/Scripts/Arena/GridController.cs line 51]

Pillar: Destroy may not be called from edit mode! Use DestroyImmediate instead.
Destroying an object in edit mode destroys it permanently
UnityEngine.Debug:ExtractStackTraceNoAlloc (byte*,int,string)
UnityEngine.StackTraceUtility:ExtractStackTrace ()
UnityEngine.Object:Destroy (UnityEngine.Object,single)
UnityEngine.Object:Destroy (UnityEngine.Object)
QuizBattle.Arena.Visuals.ArenaColosseumBuilder:CreateBrazier (UnityEngine.Transform,UnityEngine.Vector3) (at Assets/Scripts/Arena/Visuals/ArenaColosseumBuilder.cs:437)
QuizBattle.Arena.Visuals.ArenaColosseumBuilder:CreateCornerBraziers (UnityEngine.Transform,UnityEngine.Vector3,single,single) (at Assets/Scripts/Arena/Visuals/ArenaColosseumBuilder.cs:409)
QuizBattle.Arena.Visuals.ArenaColosseumBuilder:Build (UnityEngine.Transform,int,int,single) (at Assets/Scripts/Arena/Visuals/ArenaColosseumBuilder.cs:29)
QuizBattle.Arena.GridController:BuildGrid (int,int,int) (at Assets/Scripts/Arena/GridController.cs:51)
QuizBattle.GameState.GameManager:RunAutoPlayMatch (int,int) (at Assets/Scripts/GameState/GameManager.cs:67)
CaptureCurrentArena:Capture () (at Assets/Editor/CaptureCurrentArena.cs:22)

[Assets/Scripts/Arena/GridController.cs line 51]

Bowl: Destroy may not be called from edit mode! Use DestroyImmediate instead.
Destroying an object in edit mode destroys it permanently
UnityEngine.Debug:ExtractStackTraceNoAlloc (byte*,int,string)
UnityEngine.StackTraceUtility:ExtractStackTrace ()
UnityEngine.Object:Destroy (UnityEngine.Object,single)
UnityEngine.Object:Destroy (UnityEngine.Object)
QuizBattle.Arena.Visuals.ArenaColosseumBuilder:CreateBrazier (UnityEngine.Transform,UnityEngine.Vector3) (at Assets/Scripts/Arena/Visuals/ArenaColosseumBuilder.cs:446)
QuizBattle.Arena.Visuals.ArenaColosseumBuilder:CreateCornerBraziers (UnityEngine.Transform,UnityEngine.Vector3,single,single) (at Assets/Scripts/Arena/Visuals/ArenaColosseumBuilder.cs:409)
QuizBattle.Arena.Visuals.ArenaColosseumBuilder:Build (UnityEngine.Transform,int,int,single) (at Assets/Scripts/Arena/Visuals/ArenaColosseumBuilder.cs:29)
QuizBattle.Arena.GridController:BuildGrid (int,int,int) (at Assets/Scripts/Arena/GridController.cs:51)
QuizBattle.GameState.GameManager:RunAutoPlayMatch (int,int) (at Assets/Scripts/GameState/GameManager.cs:67)
CaptureCurrentArena:Capture () (at Assets/Editor/CaptureCurrentArena.cs:22)

[Assets/Scripts/Arena/GridController.cs line 51]

FireCore: Destroy may not be called from edit mode! Use DestroyImmediate instead.
Destroying an object in edit mode destroys it permanently
UnityEngine.Debug:ExtractStackTraceNoAlloc (byte*,int,string)
UnityEngine.StackTraceUtility:ExtractStackTrace ()
UnityEngine.Object:Destroy (UnityEngine.Object,single)
UnityEngine.Object:Destroy (UnityEngine.Object)
QuizBattle.Arena.Visuals.ArenaColosseumBuilder:CreateBrazier (UnityEngine.Transform,UnityEngine.Vector3) (at Assets/Scripts/Arena/Visuals/ArenaColosseumBuilder.cs:455)
QuizBattle.Arena.Visuals.ArenaColosseumBuilder:CreateCornerBraziers (UnityEngine.Transform,UnityEngine.Vector3,single,single) (at Assets/Scripts/Arena/Visuals/ArenaColosseumBuilder.cs:409)
QuizBattle.Arena.Visuals.ArenaColosseumBuilder:Build (UnityEngine.Transform,int,int,single) (at Assets/Scripts/Arena/Visuals/ArenaColosseumBuilder.cs:29)
QuizBattle.Arena.GridController:BuildGrid (int,int,int) (at Assets/Scripts/Arena/GridController.cs:51)
QuizBattle.GameState.GameManager:RunAutoPlayMatch (int,int) (at Assets/Scripts/GameState/GameManager.cs:67)
CaptureCurrentArena:Capture () (at Assets/Editor/CaptureCurrentArena.cs:22)

[Assets/Scripts/Arena/GridController.cs line 51]

Base: Destroy may not be called from edit mode! Use DestroyImmediate instead.
Destroying an object in edit mode destroys it permanently
UnityEngine.Debug:ExtractStackTraceNoAlloc (byte*,int,string)
UnityEngine.StackTraceUtility:ExtractStackTrace ()
UnityEngine.Object:Destroy (UnityEngine.Object,single)
UnityEngine.Object:Destroy (UnityEngine.Object)
QuizBattle.Arena.Visuals.ArenaColosseumBuilder:CreateBrazier (UnityEngine.Transform,UnityEngine.Vector3) (at Assets/Scripts/Arena/Visuals/ArenaColosseumBuilder.cs:428)
QuizBattle.Arena.Visuals.ArenaColosseumBuilder:CreateCornerBraziers (UnityEngine.Transform,UnityEngine.Vector3,single,single) (at Assets/Scripts/Arena/Visuals/ArenaColosseumBuilder.cs:409)
QuizBattle.Arena.Visuals.ArenaColosseumBuilder:Build (UnityEngine.Transform,int,int,single) (at Assets/Scripts/Arena/Visuals/ArenaColosseumBuilder.cs:29)
QuizBattle.Arena.GridController:BuildGrid (int,int,int) (at Assets/Scripts/Arena/GridController.cs:51)
QuizBattle.GameState.GameManager:RunAutoPlayMatch (int,int) (at Assets/Scripts/GameState/GameManager.cs:67)
CaptureCurrentArena:Capture () (at Assets/Editor/CaptureCurrentArena.cs:22)

[Assets/Scripts/Arena/GridController.cs line 51]

Pillar: Destroy may not be called from edit mode! Use DestroyImmediate instead.
Destroying an object in edit mode destroys it permanently
UnityEngine.Debug:ExtractStackTraceNoAlloc (byte*,int,string)
UnityEngine.StackTraceUtility:ExtractStackTrace ()
UnityEngine.Object:Destroy (UnityEngine.Object,single)
UnityEngine.Object:Destroy (UnityEngine.Object)
QuizBattle.Arena.Visuals.ArenaColosseumBuilder:CreateBrazier (UnityEngine.Transform,UnityEngine.Vector3) (at Assets/Scripts/Arena/Visuals/ArenaColosseumBuilder.cs:437)
QuizBattle.Arena.Visuals.ArenaColosseumBuilder:CreateCornerBraziers (UnityEngine.Transform,UnityEngine.Vector3,single,single) (at Assets/Scripts/Arena/Visuals/ArenaColosseumBuilder.cs:409)
QuizBattle.Arena.Visuals.ArenaColosseumBuilder:Build (UnityEngine.Transform,int,int,single) (at Assets/Scripts/Arena/Visuals/ArenaColosseumBuilder.cs:29)
QuizBattle.Arena.GridController:BuildGrid (int,int,int) (at Assets/Scripts/Arena/GridController.cs:51)
QuizBattle.GameState.GameManager:RunAutoPlayMatch (int,int) (at Assets/Scripts/GameState/GameManager.cs:67)
CaptureCurrentArena:Capture () (at Assets/Editor/CaptureCurrentArena.cs:22)

[Assets/Scripts/Arena/GridController.cs line 51]

Bowl: Destroy may not be called from edit mode! Use DestroyImmediate instead.
Destroying an object in edit mode destroys it permanently
UnityEngine.Debug:ExtractStackTraceNoAlloc (byte*,int,string)
UnityEngine.StackTraceUtility:ExtractStackTrace ()
UnityEngine.Object:Destroy (UnityEngine.Object,single)
UnityEngine.Object:Destroy (UnityEngine.Object)
QuizBattle.Arena.Visuals.ArenaColosseumBuilder:CreateBrazier (UnityEngine.Transform,UnityEngine.Vector3) (at Assets/Scripts/Arena/Visuals/ArenaColosseumBuilder.cs:446)
QuizBattle.Arena.Visuals.ArenaColosseumBuilder:CreateCornerBraziers (UnityEngine.Transform,UnityEngine.Vector3,single,single) (at Assets/Scripts/Arena/Visuals/ArenaColosseumBuilder.cs:409)
QuizBattle.Arena.Visuals.ArenaColosseumBuilder:Build (UnityEngine.Transform,int,int,single) (at Assets/Scripts/Arena/Visuals/ArenaColosseumBuilder.cs:29)
QuizBattle.Arena.GridController:BuildGrid (int,int,int) (at Assets/Scripts/Arena/GridController.cs:51)
QuizBattle.GameState.GameManager:RunAutoPlayMatch (int,int) (at Assets/Scripts/GameState/GameManager.cs:67)
CaptureCurrentArena:Capture () (at Assets/Editor/CaptureCurrentArena.cs:22)

[Assets/Scripts/Arena/GridController.cs line 51]

FireCore: Destroy may not be called from edit mode! Use DestroyImmediate instead.
Destroying an object in edit mode destroys it permanently
UnityEngine.Debug:ExtractStackTraceNoAlloc (byte*,int,string)
UnityEngine.StackTraceUtility:ExtractStackTrace ()
UnityEngine.Object:Destroy (UnityEngine.Object,single)
UnityEngine.Object:Destroy (UnityEngine.Object)
QuizBattle.Arena.Visuals.ArenaColosseumBuilder:CreateBrazier (UnityEngine.Transform,UnityEngine.Vector3) (at Assets/Scripts/Arena/Visuals/ArenaColosseumBuilder.cs:455)
QuizBattle.Arena.Visuals.ArenaColosseumBuilder:CreateCornerBraziers (UnityEngine.Transform,UnityEngine.Vector3,single,single) (at Assets/Scripts/Arena/Visuals/ArenaColosseumBuilder.cs:409)
QuizBattle.Arena.Visuals.ArenaColosseumBuilder:Build (UnityEngine.Transform,int,int,single) (at Assets/Scripts/Arena/Visuals/ArenaColosseumBuilder.cs:29)
QuizBattle.Arena.GridController:BuildGrid (int,int,int) (at Assets/Scripts/Arena/GridController.cs:51)
QuizBattle.GameState.GameManager:RunAutoPlayMatch (int,int) (at Assets/Scripts/GameState/GameManager.cs:67)
CaptureCurrentArena:Capture () (at Assets/Editor/CaptureCurrentArena.cs:22)

[Assets/Scripts/Arena/GridController.cs line 51]

Base: Destroy may not be called from edit mode! Use DestroyImmediate instead.
Destroying an object in edit mode destroys it permanently
UnityEngine.Debug:ExtractStackTraceNoAlloc (byte*,int,string)
UnityEngine.StackTraceUtility:ExtractStackTrace ()
UnityEngine.Object:Destroy (UnityEngine.Object,single)
UnityEngine.Object:Destroy (UnityEngine.Object)
QuizBattle.Arena.Visuals.ArenaColosseumBuilder:CreateBrazier (UnityEngine.Transform,UnityEngine.Vector3) (at Assets/Scripts/Arena/Visuals/ArenaColosseumBuilder.cs:428)
QuizBattle.Arena.Visuals.ArenaColosseumBuilder:CreateCornerBraziers (UnityEngine.Transform,UnityEngine.Vector3,single,single) (at Assets/Scripts/Arena/Visuals/ArenaColosseumBuilder.cs:409)
QuizBattle.Arena.Visuals.ArenaColosseumBuilder:Build (UnityEngine.Transform,int,int,single) (at Assets/Scripts/Arena/Visuals/ArenaColosseumBuilder.cs:29)
QuizBattle.Arena.GridController:BuildGrid (int,int,int) (at Assets/Scripts/Arena/GridController.cs:51)
QuizBattle.GameState.GameManager:RunAutoPlayMatch (int,int) (at Assets/Scripts/GameState/GameManager.cs:67)
CaptureCurrentArena:Capture () (at Assets/Editor/CaptureCurrentArena.cs:22)

[Assets/Scripts/Arena/GridController.cs line 51]

Pillar: Destroy may not be called from edit mode! Use DestroyImmediate instead.
Destroying an object in edit mode destroys it permanently
UnityEngine.Debug:ExtractStackTraceNoAlloc (byte*,int,string)
UnityEngine.StackTraceUtility:ExtractStackTrace ()
UnityEngine.Object:Destroy (UnityEngine.Object,single)
UnityEngine.Object:Destroy (UnityEngine.Object)
QuizBattle.Arena.Visuals.ArenaColosseumBuilder:CreateBrazier (UnityEngine.Transform,UnityEngine.Vector3) (at Assets/Scripts/Arena/Visuals/ArenaColosseumBuilder.cs:437)
QuizBattle.Arena.Visuals.ArenaColosseumBuilder:CreateCornerBraziers (UnityEngine.Transform,UnityEngine.Vector3,single,single) (at Assets/Scripts/Arena/Visuals/ArenaColosseumBuilder.cs:409)
QuizBattle.Arena.Visuals.ArenaColosseumBuilder:Build (UnityEngine.Transform,int,int,single) (at Assets/Scripts/Arena/Visuals/ArenaColosseumBuilder.cs:29)
QuizBattle.Arena.GridController:BuildGrid (int,int,int) (at Assets/Scripts/Arena/GridController.cs:51)
QuizBattle.GameState.GameManager:RunAutoPlayMatch (int,int) (at Assets/Scripts/GameState/GameManager.cs:67)
CaptureCurrentArena:Capture () (at Assets/Editor/CaptureCurrentArena.cs:22)

[Assets/Scripts/Arena/GridController.cs line 51]

Bowl: Destroy may not be called from edit mode! Use DestroyImmediate instead.
Destroying an object in edit mode destroys it permanently
UnityEngine.Debug:ExtractStackTraceNoAlloc (byte*,int,string)
UnityEngine.StackTraceUtility:ExtractStackTrace ()
UnityEngine.Object:Destroy (UnityEngine.Object,single)
UnityEngine.Object:Destroy (UnityEngine.Object)
QuizBattle.Arena.Visuals.ArenaColosseumBuilder:CreateBrazier (UnityEngine.Transform,UnityEngine.Vector3) (at Assets/Scripts/Arena/Visuals/ArenaColosseumBuilder.cs:446)
QuizBattle.Arena.Visuals.ArenaColosseumBuilder:CreateCornerBraziers (UnityEngine.Transform,UnityEngine.Vector3,single,single) (at Assets/Scripts/Arena/Visuals/ArenaColosseumBuilder.cs:409)
QuizBattle.Arena.Visuals.ArenaColosseumBuilder:Build (UnityEngine.Transform,int,int,single) (at Assets/Scripts/Arena/Visuals/ArenaColosseumBuilder.cs:29)
QuizBattle.Arena.GridController:BuildGrid (int,int,int) (at Assets/Scripts/Arena/GridController.cs:51)
QuizBattle.GameState.GameManager:RunAutoPlayMatch (int,int) (at Assets/Scripts/GameState/GameManager.cs:67)
CaptureCurrentArena:Capture () (at Assets/Editor/CaptureCurrentArena.cs:22)

[Assets/Scripts/Arena/GridController.cs line 51]

FireCore: Destroy may not be called from edit mode! Use DestroyImmediate instead.
Destroying an object in edit mode destroys it permanently
UnityEngine.Debug:ExtractStackTraceNoAlloc (byte*,int,string)
UnityEngine.StackTraceUtility:ExtractStackTrace ()
UnityEngine.Object:Destroy (UnityEngine.Object,single)
UnityEngine.Object:Destroy (UnityEngine.Object)
QuizBattle.Arena.Visuals.ArenaColosseumBuilder:CreateBrazier (UnityEngine.Transform,UnityEngine.Vector3) (at Assets/Scripts/Arena/Visuals/ArenaColosseumBuilder.cs:455)
QuizBattle.Arena.Visuals.ArenaColosseumBuilder:CreateCornerBraziers (UnityEngine.Transform,UnityEngine.Vector3,single,single) (at Assets/Scripts/Arena/Visuals/ArenaColosseumBuilder.cs:409)
QuizBattle.Arena.Visuals.ArenaColosseumBuilder:Build (UnityEngine.Transform,int,int,single) (at Assets/Scripts/Arena/Visuals/ArenaColosseumBuilder.cs:29)
QuizBattle.Arena.GridController:BuildGrid (int,int,int) (at Assets/Scripts/Arena/GridController.cs:51)
QuizBattle.GameState.GameManager:RunAutoPlayMatch (int,int) (at Assets/Scripts/GameState/GameManager.cs:67)
CaptureCurrentArena:Capture () (at Assets/Editor/CaptureCurrentArena.cs:22)

[Assets/Scripts/Arena/GridController.cs line 51]

Base: Destroy may not be called from edit mode! Use DestroyImmediate instead.
Destroying an object in edit mode destroys it permanently
UnityEngine.Debug:ExtractStackTraceNoAlloc (byte*,int,string)
UnityEngine.StackTraceUtility:ExtractStackTrace ()
UnityEngine.Object:Destroy (UnityEngine.Object,single)
UnityEngine.Object:Destroy (UnityEngine.Object)
QuizBattle.Arena.Visuals.ArenaColosseumBuilder:CreateBrazier (UnityEngine.Transform,UnityEngine.Vector3) (at Assets/Scripts/Arena/Visuals/ArenaColosseumBuilder.cs:428)
QuizBattle.Arena.Visuals.ArenaColosseumBuilder:CreateCornerBraziers (UnityEngine.Transform,UnityEngine.Vector3,single,single) (at Assets/Scripts/Arena/Visuals/ArenaColosseumBuilder.cs:409)
QuizBattle.Arena.Visuals.ArenaColosseumBuilder:Build (UnityEngine.Transform,int,int,single) (at Assets/Scripts/Arena/Visuals/ArenaColosseumBuilder.cs:29)
QuizBattle.Arena.GridController:BuildGrid (int,int,int) (at Assets/Scripts/Arena/GridController.cs:51)
QuizBattle.GameState.GameManager:RunAutoPlayMatch (int,int) (at Assets/Scripts/GameState/GameManager.cs:67)
CaptureCurrentArena:Capture () (at Assets/Editor/CaptureCurrentArena.cs:22)

[Assets/Scripts/Arena/GridController.cs line 51]

Pillar: Destroy may not be called from edit mode! Use DestroyImmediate instead.
Destroying an object in edit mode destroys it permanently
UnityEngine.Debug:ExtractStackTraceNoAlloc (byte*,int,string)
UnityEngine.StackTraceUtility:ExtractStackTrace ()
UnityEngine.Object:Destroy (UnityEngine.Object,single)
UnityEngine.Object:Destroy (UnityEngine.Object)
QuizBattle.Arena.Visuals.ArenaColosseumBuilder:CreateBrazier (UnityEngine.Transform,UnityEngine.Vector3) (at Assets/Scripts/Arena/Visuals/ArenaColosseumBuilder.cs:437)
QuizBattle.Arena.Visuals.ArenaColosseumBuilder:CreateCornerBraziers (UnityEngine.Transform,UnityEngine.Vector3,single,single) (at Assets/Scripts/Arena/Visuals/ArenaColosseumBuilder.cs:409)
QuizBattle.Arena.Visuals.ArenaColosseumBuilder:Build (UnityEngine.Transform,int,int,single) (at Assets/Scripts/Arena/Visuals/ArenaColosseumBuilder.cs:29)
QuizBattle.Arena.GridController:BuildGrid (int,int,int) (at Assets/Scripts/Arena/GridController.cs:51)
QuizBattle.GameState.GameManager:RunAutoPlayMatch (int,int) (at Assets/Scripts/GameState/GameManager.cs:67)
CaptureCurrentArena:Capture () (at Assets/Editor/CaptureCurrentArena.cs:22)

[Assets/Scripts/Arena/GridController.cs line 51]

Bowl: Destroy may not be called from edit mode! Use DestroyImmediate instead.
Destroying an object in edit mode destroys it permanently
UnityEngine.Debug:ExtractStackTraceNoAlloc (byte*,int,string)
UnityEngine.StackTraceUtility:ExtractStackTrace ()
UnityEngine.Object:Destroy (UnityEngine.Object,single)
UnityEngine.Object:Destroy (UnityEngine.Object)
QuizBattle.Arena.Visuals.ArenaColosseumBuilder:CreateBrazier (UnityEngine.Transform,UnityEngine.Vector3) (at Assets/Scripts/Arena/Visuals/ArenaColosseumBuilder.cs:446)
QuizBattle.Arena.Visuals.ArenaColosseumBuilder:CreateCornerBraziers (UnityEngine.Transform,UnityEngine.Vector3,single,single) (at Assets/Scripts/Arena/Visuals/ArenaColosseumBuilder.cs:409)
QuizBattle.Arena.Visuals.ArenaColosseumBuilder:Build (UnityEngine.Transform,int,int,single) (at Assets/Scripts/Arena/Visuals/ArenaColosseumBuilder.cs:29)
QuizBattle.Arena.GridController:BuildGrid (int,int,int) (at Assets/Scripts/Arena/GridController.cs:51)
QuizBattle.GameState.GameManager:RunAutoPlayMatch (int,int) (at Assets/Scripts/GameState/GameManager.cs:67)
CaptureCurrentArena:Capture () (at Assets/Editor/CaptureCurrentArena.cs:22)

[Assets/Scripts/Arena/GridController.cs line 51]

FireCore: Destroy may not be called from edit mode! Use DestroyImmediate instead.
Destroying an object in edit mode destroys it permanently
UnityEngine.Debug:ExtractStackTraceNoAlloc (byte*,int,string)
UnityEngine.StackTraceUtility:ExtractStackTrace ()
UnityEngine.Object:Destroy (UnityEngine.Object,single)
UnityEngine.Object:Destroy (UnityEngine.Object)
QuizBattle.Arena.Visuals.ArenaColosseumBuilder:CreateBrazier (UnityEngine.Transform,UnityEngine.Vector3) (at Assets/Scripts/Arena/Visuals/ArenaColosseumBuilder.cs:455)
QuizBattle.Arena.Visuals.ArenaColosseumBuilder:CreateCornerBraziers (UnityEngine.Transform,UnityEngine.Vector3,single,single) (at Assets/Scripts/Arena/Visuals/ArenaColosseumBuilder.cs:409)
QuizBattle.Arena.Visuals.ArenaColosseumBuilder:Build (UnityEngine.Transform,int,int,single) (at Assets/Scripts/Arena/Visuals/ArenaColosseumBuilder.cs:29)
QuizBattle.Arena.GridController:BuildGrid (int,int,int) (at Assets/Scripts/Arena/GridController.cs:51)
QuizBattle.GameState.GameManager:RunAutoPlayMatch (int,int) (at Assets/Scripts/GameState/GameManager.cs:67)
CaptureCurrentArena:Capture () (at Assets/Editor/CaptureCurrentArena.cs:22)

[Assets/Scripts/Arena/GridController.cs line 51]

Water: Destroy may not be called from edit mode! Use DestroyImmediate instead.
Destroying an object in edit mode destroys it permanently
UnityEngine.Debug:ExtractStackTraceNoAlloc (byte*,int,string)
UnityEngine.StackTraceUtility:ExtractStackTrace ()
UnityEngine.Object:Destroy (UnityEngine.Object,single)
UnityEngine.Object:Destroy (UnityEngine.Object)
QuizBattle.Arena.Visuals.ArenaColosseumBuilder:CreateWaterMoatAndBridges (UnityEngine.Transform,UnityEngine.Vector3,single,single) (at Assets/Scripts/Arena/Visuals/ArenaColosseumBuilder.cs:541)
QuizBattle.Arena.Visuals.ArenaColosseumBuilder:Build (UnityEngine.Transform,int,int,single) (at Assets/Scripts/Arena/Visuals/ArenaColosseumBuilder.cs:30)
QuizBattle.Arena.GridController:BuildGrid (int,int,int) (at Assets/Scripts/Arena/GridController.cs:51)
QuizBattle.GameState.GameManager:RunAutoPlayMatch (int,int) (at Assets/Scripts/GameState/GameManager.cs:67)
CaptureCurrentArena:Capture () (at Assets/Editor/CaptureCurrentArena.cs:22)

[Assets/Scripts/Arena/GridController.cs line 51]

Planks: Destroy may not be called from edit mode! Use DestroyImmediate instead.
Destroying an object in edit mode destroys it permanently
UnityEngine.Debug:ExtractStackTraceNoAlloc (byte*,int,string)
UnityEngine.StackTraceUtility:ExtractStackTrace ()
UnityEngine.Object:Destroy (UnityEngine.Object,single)
UnityEngine.Object:Destroy (UnityEngine.Object)
QuizBattle.Arena.Visuals.ArenaColosseumBuilder:CreateBridge (UnityEngine.Transform,UnityEngine.Vector3) (at Assets/Scripts/Arena/Visuals/ArenaColosseumBuilder.cs:574)
QuizBattle.Arena.Visuals.ArenaColosseumBuilder:CreateWaterMoatAndBridges (UnityEngine.Transform,UnityEngine.Vector3,single,single) (at Assets/Scripts/Arena/Visuals/ArenaColosseumBuilder.cs:557)
QuizBattle.Arena.Visuals.ArenaColosseumBuilder:Build (UnityEngine.Transform,int,int,single) (at Assets/Scripts/Arena/Visuals/ArenaColosseumBuilder.cs:30)
QuizBattle.Arena.GridController:BuildGrid (int,int,int) (at Assets/Scripts/Arena/GridController.cs:51)
QuizBattle.GameState.GameManager:RunAutoPlayMatch (int,int) (at Assets/Scripts/GameState/GameManager.cs:67)
CaptureCurrentArena:Capture () (at Assets/Editor/CaptureCurrentArena.cs:22)

[Assets/Scripts/Arena/GridController.cs line 51]

Rail: Destroy may not be called from edit mode! Use DestroyImmediate instead.
Destroying an object in edit mode destroys it permanently
UnityEngine.Debug:ExtractStackTraceNoAlloc (byte*,int,string)
UnityEngine.StackTraceUtility:ExtractStackTrace ()
UnityEngine.Object:Destroy (UnityEngine.Object,single)
UnityEngine.Object:Destroy (UnityEngine.Object)
QuizBattle.Arena.Visuals.ArenaColosseumBuilder:CreateBridge (UnityEngine.Transform,UnityEngine.Vector3) (at Assets/Scripts/Arena/Visuals/ArenaColosseumBuilder.cs:585)
QuizBattle.Arena.Visuals.ArenaColosseumBuilder:CreateWaterMoatAndBridges (UnityEngine.Transform,UnityEngine.Vector3,single,single) (at Assets/Scripts/Arena/Visuals/ArenaColosseumBuilder.cs:557)
QuizBattle.Arena.Visuals.ArenaColosseumBuilder:Build (UnityEngine.Transform,int,int,single) (at Assets/Scripts/Arena/Visuals/ArenaColosseumBuilder.cs:30)
QuizBattle.Arena.GridController:BuildGrid (int,int,int) (at Assets/Scripts/Arena/GridController.cs:51)
QuizBattle.GameState.GameManager:RunAutoPlayMatch (int,int) (at Assets/Scripts/GameState/GameManager.cs:67)
CaptureCurrentArena:Capture () (at Assets/Editor/CaptureCurrentArena.cs:22)

[Assets/Scripts/Arena/GridController.cs line 51]

Rail: Destroy may not be called from edit mode! Use DestroyImmediate instead.
Destroying an object in edit mode destroys it permanently
UnityEngine.Debug:ExtractStackTraceNoAlloc (byte*,int,string)
UnityEngine.StackTraceUtility:ExtractStackTrace ()
UnityEngine.Object:Destroy (UnityEngine.Object,single)
UnityEngine.Object:Destroy (UnityEngine.Object)
QuizBattle.Arena.Visuals.ArenaColosseumBuilder:CreateBridge (UnityEngine.Transform,UnityEngine.Vector3) (at Assets/Scripts/Arena/Visuals/ArenaColosseumBuilder.cs:585)
QuizBattle.Arena.Visuals.ArenaColosseumBuilder:CreateWaterMoatAndBridges (UnityEngine.Transform,UnityEngine.Vector3,single,single) (at Assets/Scripts/Arena/Visuals/ArenaColosseumBuilder.cs:557)
QuizBattle.Arena.Visuals.ArenaColosseumBuilder:Build (UnityEngine.Transform,int,int,single) (at Assets/Scripts/Arena/Visuals/ArenaColosseumBuilder.cs:30)
QuizBattle.Arena.GridController:BuildGrid (int,int,int) (at Assets/Scripts/Arena/GridController.cs:51)
QuizBattle.GameState.GameManager:RunAutoPlayMatch (int,int) (at Assets/Scripts/GameState/GameManager.cs:67)
CaptureCurrentArena:Capture () (at Assets/Editor/CaptureCurrentArena.cs:22)

[Assets/Scripts/Arena/GridController.cs line 51]

Planks: Destroy may not be called from edit mode! Use DestroyImmediate instead.
Destroying an object in edit mode destroys it permanently
UnityEngine.Debug:ExtractStackTraceNoAlloc (byte*,int,string)
UnityEngine.StackTraceUtility:ExtractStackTrace ()
UnityEngine.Object:Destroy (UnityEngine.Object,single)
UnityEngine.Object:Destroy (UnityEngine.Object)
QuizBattle.Arena.Visuals.ArenaColosseumBuilder:CreateBridge (UnityEngine.Transform,UnityEngine.Vector3) (at Assets/Scripts/Arena/Visuals/ArenaColosseumBuilder.cs:574)
QuizBattle.Arena.Visuals.ArenaColosseumBuilder:CreateWaterMoatAndBridges (UnityEngine.Transform,UnityEngine.Vector3,single,single) (at Assets/Scripts/Arena/Visuals/ArenaColosseumBuilder.cs:558)
QuizBattle.Arena.Visuals.ArenaColosseumBuilder:Build (UnityEngine.Transform,int,int,single) (at Assets/Scripts/Arena/Visuals/ArenaColosseumBuilder.cs:30)
QuizBattle.Arena.GridController:BuildGrid (int,int,int) (at Assets/Scripts/Arena/GridController.cs:51)
QuizBattle.GameState.GameManager:RunAutoPlayMatch (int,int) (at Assets/Scripts/GameState/GameManager.cs:67)
CaptureCurrentArena:Capture () (at Assets/Editor/CaptureCurrentArena.cs:22)

[Assets/Scripts/Arena/GridController.cs line 51]

Rail: Destroy may not be called from edit mode! Use DestroyImmediate instead.
Destroying an object in edit mode destroys it permanently
UnityEngine.Debug:ExtractStackTraceNoAlloc (byte*,int,string)
UnityEngine.StackTraceUtility:ExtractStackTrace ()
UnityEngine.Object:Destroy (UnityEngine.Object,single)
UnityEngine.Object:Destroy (UnityEngine.Object)
QuizBattle.Arena.Visuals.ArenaColosseumBuilder:CreateBridge (UnityEngine.Transform,UnityEngine.Vector3) (at Assets/Scripts/Arena/Visuals/ArenaColosseumBuilder.cs:585)
QuizBattle.Arena.Visuals.ArenaColosseumBuilder:CreateWaterMoatAndBridges (UnityEngine.Transform,UnityEngine.Vector3,single,single) (at Assets/Scripts/Arena/Visuals/ArenaColosseumBuilder.cs:558)
QuizBattle.Arena.Visuals.ArenaColosseumBuilder:Build (UnityEngine.Transform,int,int,single) (at Assets/Scripts/Arena/Visuals/ArenaColosseumBuilder.cs:30)
QuizBattle.Arena.GridController:BuildGrid (int,int,int) (at Assets/Scripts/Arena/GridController.cs:51)
QuizBattle.GameState.GameManager:RunAutoPlayMatch (int,int) (at Assets/Scripts/GameState/GameManager.cs:67)
CaptureCurrentArena:Capture () (at Assets/Editor/CaptureCurrentArena.cs:22)

[Assets/Scripts/Arena/GridController.cs line 51]

Rail: Destroy may not be called from edit mode! Use DestroyImmediate instead.
Destroying an object in edit mode destroys it permanently
UnityEngine.Debug:ExtractStackTraceNoAlloc (byte*,int,string)
UnityEngine.StackTraceUtility:ExtractStackTrace ()
UnityEngine.Object:Destroy (UnityEngine.Object,single)
UnityEngine.Object:Destroy (UnityEngine.Object)
QuizBattle.Arena.Visuals.ArenaColosseumBuilder:CreateBridge (UnityEngine.Transform,UnityEngine.Vector3) (at Assets/Scripts/Arena/Visuals/ArenaColosseumBuilder.cs:585)
QuizBattle.Arena.Visuals.ArenaColosseumBuilder:CreateWaterMoatAndBridges (UnityEngine.Transform,UnityEngine.Vector3,single,single) (at Assets/Scripts/Arena/Visuals/ArenaColosseumBuilder.cs:558)
QuizBattle.Arena.Visuals.ArenaColosseumBuilder:Build (UnityEngine.Transform,int,int,single) (at Assets/Scripts/Arena/Visuals/ArenaColosseumBuilder.cs:30)
QuizBattle.Arena.GridController:BuildGrid (int,int,int) (at Assets/Scripts/Arena/GridController.cs:51)
QuizBattle.GameState.GameManager:RunAutoPlayMatch (int,int) (at Assets/Scripts/GameState/GameManager.cs:67)
CaptureCurrentArena:Capture () (at Assets/Editor/CaptureCurrentArena.cs:22)

[Assets/Scripts/Arena/GridController.cs line 51]

Trunk: Destroy may not be called from edit mode! Use DestroyImmediate instead.
Destroying an object in edit mode destroys it permanently
UnityEngine.Debug:ExtractStackTraceNoAlloc (byte*,int,string)
UnityEngine.StackTraceUtility:ExtractStackTrace ()
UnityEngine.Object:Destroy (UnityEngine.Object,single)
UnityEngine.Object:Destroy (UnityEngine.Object)
QuizBattle.Arena.Visuals.ArenaColosseumBuilder:CreateCartoonTree (UnityEngine.Transform,UnityEngine.Vector3) (at Assets/Scripts/Arena/Visuals/ArenaColosseumBuilder.cs:635)
QuizBattle.Arena.Visuals.ArenaColosseumBuilder:CreateFoliageAndProps (UnityEngine.Transform,UnityEngine.Vector3,single,single) (at Assets/Scripts/Arena/Visuals/ArenaColosseumBuilder.cs:611)
QuizBattle.Arena.Visuals.ArenaColosseumBuilder:Build (UnityEngine.Transform,int,int,single) (at Assets/Scripts/Arena/Visuals/ArenaColosseumBuilder.cs:31)
QuizBattle.Arena.GridController:BuildGrid (int,int,int) (at Assets/Scripts/Arena/GridController.cs:51)
QuizBattle.GameState.GameManager:RunAutoPlayMatch (int,int) (at Assets/Scripts/GameState/GameManager.cs:67)
CaptureCurrentArena:Capture () (at Assets/Editor/CaptureCurrentArena.cs:22)

[Assets/Scripts/Arena/GridController.cs line 51]

FoliagePuff: Destroy may not be called from edit mode! Use DestroyImmediate instead.
Destroying an object in edit mode destroys it permanently
UnityEngine.Debug:ExtractStackTraceNoAlloc (byte*,int,string)
UnityEngine.StackTraceUtility:ExtractStackTrace ()
UnityEngine.Object:Destroy (UnityEngine.Object,single)
UnityEngine.Object:Destroy (UnityEngine.Object)
QuizBattle.Arena.Visuals.ArenaColosseumBuilder:CreateCartoonTree (UnityEngine.Transform,UnityEngine.Vector3) (at Assets/Scripts/Arena/Visuals/ArenaColosseumBuilder.cs:654)
QuizBattle.Arena.Visuals.ArenaColosseumBuilder:CreateFoliageAndProps (UnityEngine.Transform,UnityEngine.Vector3,single,single) (at Assets/Scripts/Arena/Visuals/ArenaColosseumBuilder.cs:611)
QuizBattle.Arena.Visuals.ArenaColosseumBuilder:Build (UnityEngine.Transform,int,int,single) (at Assets/Scripts/Arena/Visuals/ArenaColosseumBuilder.cs:31)
QuizBattle.Arena.GridController:BuildGrid (int,int,int) (at Assets/Scripts/Arena/GridController.cs:51)
QuizBattle.GameState.GameManager:RunAutoPlayMatch (int,int) (at Assets/Scripts/GameState/GameManager.cs:67)
CaptureCurrentArena:Capture () (at Assets/Editor/CaptureCurrentArena.cs:22)

[Assets/Scripts/Arena/GridController.cs line 51]

FoliagePuff: Destroy may not be called from edit mode! Use DestroyImmediate instead.
Destroying an object in edit mode destroys it permanently
UnityEngine.Debug:ExtractStackTraceNoAlloc (byte*,int,string)
UnityEngine.StackTraceUtility:ExtractStackTrace ()
UnityEngine.Object:Destroy (UnityEngine.Object,single)
UnityEngine.Object:Destroy (UnityEngine.Object)
QuizBattle.Arena.Visuals.ArenaColosseumBuilder:CreateCartoonTree (UnityEngine.Transform,UnityEngine.Vector3) (at Assets/Scripts/Arena/Visuals/ArenaColosseumBuilder.cs:654)
QuizBattle.Arena.Visuals.ArenaColosseumBuilder:CreateFoliageAndProps (UnityEngine.Transform,UnityEngine.Vector3,single,single) (at Assets/Scripts/Arena/Visuals/ArenaColosseumBuilder.cs:611)
QuizBattle.Arena.Visuals.ArenaColosseumBuilder:Build (UnityEngine.Transform,int,int,single) (at Assets/Scripts/Arena/Visuals/ArenaColosseumBuilder.cs:31)
QuizBattle.Arena.GridController:BuildGrid (int,int,int) (at Assets/Scripts/Arena/GridController.cs:51)
QuizBattle.GameState.GameManager:RunAutoPlayMatch (int,int) (at Assets/Scripts/GameState/GameManager.cs:67)
CaptureCurrentArena:Capture () (at Assets/Editor/CaptureCurrentArena.cs:22)

[Assets/Scripts/Arena/GridController.cs line 51]

FoliagePuff: Destroy may not be called from edit mode! Use DestroyImmediate instead.
Destroying an object in edit mode destroys it permanently
UnityEngine.Debug:ExtractStackTraceNoAlloc (byte*,int,string)
UnityEngine.StackTraceUtility:ExtractStackTrace ()
UnityEngine.Object:Destroy (UnityEngine.Object,single)
UnityEngine.Object:Destroy (UnityEngine.Object)
QuizBattle.Arena.Visuals.ArenaColosseumBuilder:CreateCartoonTree (UnityEngine.Transform,UnityEngine.Vector3) (at Assets/Scripts/Arena/Visuals/ArenaColosseumBuilder.cs:654)
QuizBattle.Arena.Visuals.ArenaColosseumBuilder:CreateFoliageAndProps (UnityEngine.Transform,UnityEngine.Vector3,single,single) (at Assets/Scripts/Arena/Visuals/ArenaColosseumBuilder.cs:611)
QuizBattle.Arena.Visuals.ArenaColosseumBuilder:Build (UnityEngine.Transform,int,int,single) (at Assets/Scripts/Arena/Visuals/ArenaColosseumBuilder.cs:31)
QuizBattle.Arena.GridController:BuildGrid (int,int,int) (at Assets/Scripts/Arena/GridController.cs:51)
QuizBattle.GameState.GameManager:RunAutoPlayMatch (int,int) (at Assets/Scripts/GameState/GameManager.cs:67)
CaptureCurrentArena:Capture () (at Assets/Editor/CaptureCurrentArena.cs:22)

[Assets/Scripts/Arena/GridController.cs line 51]

FoliagePuff: Destroy may not be called from edit mode! Use DestroyImmediate instead.
Destroying an object in edit mode destroys it permanently
UnityEngine.Debug:ExtractStackTraceNoAlloc (byte*,int,string)
UnityEngine.StackTraceUtility:ExtractStackTrace ()
UnityEngine.Object:Destroy (UnityEngine.Object,single)
UnityEngine.Object:Destroy (UnityEngine.Object)
QuizBattle.Arena.Visuals.ArenaColosseumBuilder:CreateCartoonTree (UnityEngine.Transform,UnityEngine.Vector3) (at Assets/Scripts/Arena/Visuals/ArenaColosseumBuilder.cs:654)
QuizBattle.Arena.Visuals.ArenaColosseumBuilder:CreateFoliageAndProps (UnityEngine.Transform,UnityEngine.Vector3,single,single) (at Assets/Scripts/Arena/Visuals/ArenaColosseumBuilder.cs:611)
QuizBattle.Arena.Visuals.ArenaColosseumBuilder:Build (UnityEngine.Transform,int,int,single) (at Assets/Scripts/Arena/Visuals/ArenaColosseumBuilder.cs:31)
QuizBattle.Arena.GridController:BuildGrid (int,int,int) (at Assets/Scripts/Arena/GridController.cs:51)
QuizBattle.GameState.GameManager:RunAutoPlayMatch (int,int) (at Assets/Scripts/GameState/GameManager.cs:67)
CaptureCurrentArena:Capture () (at Assets/Editor/CaptureCurrentArena.cs:22)

[Assets/Scripts/Arena/GridController.cs line 51]

Trunk: Destroy may not be called from edit mode! Use DestroyImmediate instead.
Destroying an object in edit mode destroys it permanently
UnityEngine.Debug:ExtractStackTraceNoAlloc (byte*,int,string)
UnityEngine.StackTraceUtility:ExtractStackTrace ()
UnityEngine.Object:Destroy (UnityEngine.Object,single)
UnityEngine.Object:Destroy (UnityEngine.Object)
QuizBattle.Arena.Visuals.ArenaColosseumBuilder:CreateCartoonTree (UnityEngine.Transform,UnityEngine.Vector3) (at Assets/Scripts/Arena/Visuals/ArenaColosseumBuilder.cs:635)
QuizBattle.Arena.Visuals.ArenaColosseumBuilder:CreateFoliageAndProps (UnityEngine.Transform,UnityEngine.Vector3,single,single) (at Assets/Scripts/Arena/Visuals/ArenaColosseumBuilder.cs:611)
QuizBattle.Arena.Visuals.ArenaColosseumBuilder:Build (UnityEngine.Transform,int,int,single) (at Assets/Scripts/Arena/Visuals/ArenaColosseumBuilder.cs:31)
QuizBattle.Arena.GridController:BuildGrid (int,int,int) (at Assets/Scripts/Arena/GridController.cs:51)
QuizBattle.GameState.GameManager:RunAutoPlayMatch (int,int) (at Assets/Scripts/GameState/GameManager.cs:67)
CaptureCurrentArena:Capture () (at Assets/Editor/CaptureCurrentArena.cs:22)

[Assets/Scripts/Arena/GridController.cs line 51]

FoliagePuff: Destroy may not be called from edit mode! Use DestroyImmediate instead.
Destroying an object in edit mode destroys it permanently
UnityEngine.Debug:ExtractStackTraceNoAlloc (byte*,int,string)
UnityEngine.StackTraceUtility:ExtractStackTrace ()
UnityEngine.Object:Destroy (UnityEngine.Object,single)
UnityEngine.Object:Destroy (UnityEngine.Object)
QuizBattle.Arena.Visuals.ArenaColosseumBuilder:CreateCartoonTree (UnityEngine.Transform,UnityEngine.Vector3) (at Assets/Scripts/Arena/Visuals/ArenaColosseumBuilder.cs:654)
QuizBattle.Arena.Visuals.ArenaColosseumBuilder:CreateFoliageAndProps (UnityEngine.Transform,UnityEngine.Vector3,single,single) (at Assets/Scripts/Arena/Visuals/ArenaColosseumBuilder.cs:611)
QuizBattle.Arena.Visuals.ArenaColosseumBuilder:Build (UnityEngine.Transform,int,int,single) (at Assets/Scripts/Arena/Visuals/ArenaColosseumBuilder.cs:31)
QuizBattle.Arena.GridController:BuildGrid (int,int,int) (at Assets/Scripts/Arena/GridController.cs:51)
QuizBattle.GameState.GameManager:RunAutoPlayMatch (int,int) (at Assets/Scripts/GameState/GameManager.cs:67)
CaptureCurrentArena:Capture () (at Assets/Editor/CaptureCurrentArena.cs:22)

[Assets/Scripts/Arena/GridController.cs line 51]

FoliagePuff: Destroy may not be called from edit mode! Use DestroyImmediate instead.
Destroying an object in edit mode destroys it permanently
UnityEngine.Debug:ExtractStackTraceNoAlloc (byte*,int,string)
UnityEngine.StackTraceUtility:ExtractStackTrace ()
UnityEngine.Object:Destroy (UnityEngine.Object,single)
UnityEngine.Object:Destroy (UnityEngine.Object)
QuizBattle.Arena.Visuals.ArenaColosseumBuilder:CreateCartoonTree (UnityEngine.Transform,UnityEngine.Vector3) (at Assets/Scripts/Arena/Visuals/ArenaColosseumBuilder.cs:654)
QuizBattle.Arena.Visuals.ArenaColosseumBuilder:CreateFoliageAndProps (UnityEngine.Transform,UnityEngine.Vector3,single,single) (at Assets/Scripts/Arena/Visuals/ArenaColosseumBuilder.cs:611)
QuizBattle.Arena.Visuals.ArenaColosseumBuilder:Build (UnityEngine.Transform,int,int,single) (at Assets/Scripts/Arena/Visuals/ArenaColosseumBuilder.cs:31)
QuizBattle.Arena.GridController:BuildGrid (int,int,int) (at Assets/Scripts/Arena/GridController.cs:51)
QuizBattle.GameState.GameManager:RunAutoPlayMatch (int,int) (at Assets/Scripts/GameState/GameManager.cs:67)
CaptureCurrentArena:Capture () (at Assets/Editor/CaptureCurrentArena.cs:22)

[Assets/Scripts/Arena/GridController.cs line 51]

FoliagePuff: Destroy may not be called from edit mode! Use DestroyImmediate instead.
Destroying an object in edit mode destroys it permanently
UnityEngine.Debug:ExtractStackTraceNoAlloc (byte*,int,string)
UnityEngine.StackTraceUtility:ExtractStackTrace ()
UnityEngine.Object:Destroy (UnityEngine.Object,single)
UnityEngine.Object:Destroy (UnityEngine.Object)
QuizBattle.Arena.Visuals.ArenaColosseumBuilder:CreateCartoonTree (UnityEngine.Transform,UnityEngine.Vector3) (at Assets/Scripts/Arena/Visuals/ArenaColosseumBuilder.cs:654)
QuizBattle.Arena.Visuals.ArenaColosseumBuilder:CreateFoliageAndProps (UnityEngine.Transform,UnityEngine.Vector3,single,single) (at Assets/Scripts/Arena/Visuals/ArenaColosseumBuilder.cs:611)
QuizBattle.Arena.Visuals.ArenaColosseumBuilder:Build (UnityEngine.Transform,int,int,single) (at Assets/Scripts/Arena/Visuals/ArenaColosseumBuilder.cs:31)
QuizBattle.Arena.GridController:BuildGrid (int,int,int) (at Assets/Scripts/Arena/GridController.cs:51)
QuizBattle.GameState.GameManager:RunAutoPlayMatch (int,int) (at Assets/Scripts/GameState/GameManager.cs:67)
CaptureCurrentArena:Capture () (at Assets/Editor/CaptureCurrentArena.cs:22)

[Assets/Scripts/Arena/GridController.cs line 51]

FoliagePuff: Destroy may not be called from edit mode! Use DestroyImmediate instead.
Destroying an object in edit mode destroys it permanently
UnityEngine.Debug:ExtractStackTraceNoAlloc (byte*,int,string)
UnityEngine.StackTraceUtility:ExtractStackTrace ()
UnityEngine.Object:Destroy (UnityEngine.Object,single)
UnityEngine.Object:Destroy (UnityEngine.Object)
QuizBattle.Arena.Visuals.ArenaColosseumBuilder:CreateCartoonTree (UnityEngine.Transform,UnityEngine.Vector3) (at Assets/Scripts/Arena/Visuals/ArenaColosseumBuilder.cs:654)
QuizBattle.Arena.Visuals.ArenaColosseumBuilder:CreateFoliageAndProps (UnityEngine.Transform,UnityEngine.Vector3,single,single) (at Assets/Scripts/Arena/Visuals/ArenaColosseumBuilder.cs:611)
QuizBattle.Arena.Visuals.ArenaColosseumBuilder:Build (UnityEngine.Transform,int,int,single) (at Assets/Scripts/Arena/Visuals/ArenaColosseumBuilder.cs:31)
QuizBattle.Arena.GridController:BuildGrid (int,int,int) (at Assets/Scripts/Arena/GridController.cs:51)
QuizBattle.GameState.GameManager:RunAutoPlayMatch (int,int) (at Assets/Scripts/GameState/GameManager.cs:67)
CaptureCurrentArena:Capture () (at Assets/Editor/CaptureCurrentArena.cs:22)

[Assets/Scripts/Arena/GridController.cs line 51]

Trunk: Destroy may not be called from edit mode! Use DestroyImmediate instead.
Destroying an object in edit mode destroys it permanently
UnityEngine.Debug:ExtractStackTraceNoAlloc (byte*,int,string)
UnityEngine.StackTraceUtility:ExtractStackTrace ()
UnityEngine.Object:Destroy (UnityEngine.Object,single)
UnityEngine.Object:Destroy (UnityEngine.Object)
QuizBattle.Arena.Visuals.ArenaColosseumBuilder:CreateCartoonTree (UnityEngine.Transform,UnityEngine.Vector3) (at Assets/Scripts/Arena/Visuals/ArenaColosseumBuilder.cs:635)
QuizBattle.Arena.Visuals.ArenaColosseumBuilder:CreateFoliageAndProps (UnityEngine.Transform,UnityEngine.Vector3,single,single) (at Assets/Scripts/Arena/Visuals/ArenaColosseumBuilder.cs:611)
QuizBattle.Arena.Visuals.ArenaColosseumBuilder:Build (UnityEngine.Transform,int,int,single) (at Assets/Scripts/Arena/Visuals/ArenaColosseumBuilder.cs:31)
QuizBattle.Arena.GridController:BuildGrid (int,int,int) (at Assets/Scripts/Arena/GridController.cs:51)
QuizBattle.GameState.GameManager:RunAutoPlayMatch (int,int) (at Assets/Scripts/GameState/GameManager.cs:67)
CaptureCurrentArena:Capture () (at Assets/Editor/CaptureCurrentArena.cs:22)

[Assets/Scripts/Arena/GridController.cs line 51]

FoliagePuff: Destroy may not be called from edit mode! Use DestroyImmediate instead.
Destroying an object in edit mode destroys it permanently
UnityEngine.Debug:ExtractStackTraceNoAlloc (byte*,int,string)
UnityEngine.StackTraceUtility:ExtractStackTrace ()
UnityEngine.Object:Destroy (UnityEngine.Object,single)
UnityEngine.Object:Destroy (UnityEngine.Object)
QuizBattle.Arena.Visuals.ArenaColosseumBuilder:CreateCartoonTree (UnityEngine.Transform,UnityEngine.Vector3) (at Assets/Scripts/Arena/Visuals/ArenaColosseumBuilder.cs:654)
QuizBattle.Arena.Visuals.ArenaColosseumBuilder:CreateFoliageAndProps (UnityEngine.Transform,UnityEngine.Vector3,single,single) (at Assets/Scripts/Arena/Visuals/ArenaColosseumBuilder.cs:611)
QuizBattle.Arena.Visuals.ArenaColosseumBuilder:Build (UnityEngine.Transform,int,int,single) (at Assets/Scripts/Arena/Visuals/ArenaColosseumBuilder.cs:31)
QuizBattle.Arena.GridController:BuildGrid (int,int,int) (at Assets/Scripts/Arena/GridController.cs:51)
QuizBattle.GameState.GameManager:RunAutoPlayMatch (int,int) (at Assets/Scripts/GameState/GameManager.cs:67)
CaptureCurrentArena:Capture () (at Assets/Editor/CaptureCurrentArena.cs:22)

[Assets/Scripts/Arena/GridController.cs line 51]

FoliagePuff: Destroy may not be called from edit mode! Use DestroyImmediate instead.
Destroying an object in edit mode destroys it permanently
UnityEngine.Debug:ExtractStackTraceNoAlloc (byte*,int,string)
UnityEngine.StackTraceUtility:ExtractStackTrace ()
UnityEngine.Object:Destroy (UnityEngine.Object,single)
UnityEngine.Object:Destroy (UnityEngine.Object)
QuizBattle.Arena.Visuals.ArenaColosseumBuilder:CreateCartoonTree (UnityEngine.Transform,UnityEngine.Vector3) (at Assets/Scripts/Arena/Visuals/ArenaColosseumBuilder.cs:654)
QuizBattle.Arena.Visuals.ArenaColosseumBuilder:CreateFoliageAndProps (UnityEngine.Transform,UnityEngine.Vector3,single,single) (at Assets/Scripts/Arena/Visuals/ArenaColosseumBuilder.cs:611)
QuizBattle.Arena.Visuals.ArenaColosseumBuilder:Build (UnityEngine.Transform,int,int,single) (at Assets/Scripts/Arena/Visuals/ArenaColosseumBuilder.cs:31)
QuizBattle.Arena.GridController:BuildGrid (int,int,int) (at Assets/Scripts/Arena/GridController.cs:51)
QuizBattle.GameState.GameManager:RunAutoPlayMatch (int,int) (at Assets/Scripts/GameState/GameManager.cs:67)
CaptureCurrentArena:Capture () (at Assets/Editor/CaptureCurrentArena.cs:22)

[Assets/Scripts/Arena/GridController.cs line 51]

FoliagePuff: Destroy may not be called from edit mode! Use DestroyImmediate instead.
Destroying an object in edit mode destroys it permanently
UnityEngine.Debug:ExtractStackTraceNoAlloc (byte*,int,string)
UnityEngine.StackTraceUtility:ExtractStackTrace ()
UnityEngine.Object:Destroy (UnityEngine.Object,single)
UnityEngine.Object:Destroy (UnityEngine.Object)
QuizBattle.Arena.Visuals.ArenaColosseumBuilder:CreateCartoonTree (UnityEngine.Transform,UnityEngine.Vector3) (at Assets/Scripts/Arena/Visuals/ArenaColosseumBuilder.cs:654)
QuizBattle.Arena.Visuals.ArenaColosseumBuilder:CreateFoliageAndProps (UnityEngine.Transform,UnityEngine.Vector3,single,single) (at Assets/Scripts/Arena/Visuals/ArenaColosseumBuilder.cs:611)
QuizBattle.Arena.Visuals.ArenaColosseumBuilder:Build (UnityEngine.Transform,int,int,single) (at Assets/Scripts/Arena/Visuals/ArenaColosseumBuilder.cs:31)
QuizBattle.Arena.GridController:BuildGrid (int,int,int) (at Assets/Scripts/Arena/GridController.cs:51)
QuizBattle.GameState.GameManager:RunAutoPlayMatch (int,int) (at Assets/Scripts/GameState/GameManager.cs:67)
CaptureCurrentArena:Capture () (at Assets/Editor/CaptureCurrentArena.cs:22)

[Assets/Scripts/Arena/GridController.cs line 51]

FoliagePuff: Destroy may not be called from edit mode! Use DestroyImmediate instead.
Destroying an object in edit mode destroys it permanently
UnityEngine.Debug:ExtractStackTraceNoAlloc (byte*,int,string)
UnityEngine.StackTraceUtility:ExtractStackTrace ()
UnityEngine.Object:Destroy (UnityEngine.Object,single)
UnityEngine.Object:Destroy (UnityEngine.Object)
QuizBattle.Arena.Visuals.ArenaColosseumBuilder:CreateCartoonTree (UnityEngine.Transform,UnityEngine.Vector3) (at Assets/Scripts/Arena/Visuals/ArenaColosseumBuilder.cs:654)
QuizBattle.Arena.Visuals.ArenaColosseumBuilder:CreateFoliageAndProps (UnityEngine.Transform,UnityEngine.Vector3,single,single) (at Assets/Scripts/Arena/Visuals/ArenaColosseumBuilder.cs:611)
QuizBattle.Arena.Visuals.ArenaColosseumBuilder:Build (UnityEngine.Transform,int,int,single) (at Assets/Scripts/Arena/Visuals/ArenaColosseumBuilder.cs:31)
QuizBattle.Arena.GridController:BuildGrid (int,int,int) (at Assets/Scripts/Arena/GridController.cs:51)
QuizBattle.GameState.GameManager:RunAutoPlayMatch (int,int) (at Assets/Scripts/GameState/GameManager.cs:67)
CaptureCurrentArena:Capture () (at Assets/Editor/CaptureCurrentArena.cs:22)

[Assets/Scripts/Arena/GridController.cs line 51]

Trunk: Destroy may not be called from edit mode! Use DestroyImmediate instead.
Destroying an object in edit mode destroys it permanently
UnityEngine.Debug:ExtractStackTraceNoAlloc (byte*,int,string)
UnityEngine.StackTraceUtility:ExtractStackTrace ()
UnityEngine.Object:Destroy (UnityEngine.Object,single)
UnityEngine.Object:Destroy (UnityEngine.Object)
QuizBattle.Arena.Visuals.ArenaColosseumBuilder:CreateCartoonTree (UnityEngine.Transform,UnityEngine.Vector3) (at Assets/Scripts/Arena/Visuals/ArenaColosseumBuilder.cs:635)
QuizBattle.Arena.Visuals.ArenaColosseumBuilder:CreateFoliageAndProps (UnityEngine.Transform,UnityEngine.Vector3,single,single) (at Assets/Scripts/Arena/Visuals/ArenaColosseumBuilder.cs:611)
QuizBattle.Arena.Visuals.ArenaColosseumBuilder:Build (UnityEngine.Transform,int,int,single) (at Assets/Scripts/Arena/Visuals/ArenaColosseumBuilder.cs:31)
QuizBattle.Arena.GridController:BuildGrid (int,int,int) (at Assets/Scripts/Arena/GridController.cs:51)
QuizBattle.GameState.GameManager:RunAutoPlayMatch (int,int) (at Assets/Scripts/GameState/GameManager.cs:67)
CaptureCurrentArena:Capture () (at Assets/Editor/CaptureCurrentArena.cs:22)

[Assets/Scripts/Arena/GridController.cs line 51]

FoliagePuff: Destroy may not be called from edit mode! Use DestroyImmediate instead.
Destroying an object in edit mode destroys it permanently
UnityEngine.Debug:ExtractStackTraceNoAlloc (byte*,int,string)
UnityEngine.StackTraceUtility:ExtractStackTrace ()
UnityEngine.Object:Destroy (UnityEngine.Object,single)
UnityEngine.Object:Destroy (UnityEngine.Object)
QuizBattle.Arena.Visuals.ArenaColosseumBuilder:CreateCartoonTree (UnityEngine.Transform,UnityEngine.Vector3) (at Assets/Scripts/Arena/Visuals/ArenaColosseumBuilder.cs:654)
QuizBattle.Arena.Visuals.ArenaColosseumBuilder:CreateFoliageAndProps (UnityEngine.Transform,UnityEngine.Vector3,single,single) (at Assets/Scripts/Arena/Visuals/ArenaColosseumBuilder.cs:611)
QuizBattle.Arena.Visuals.ArenaColosseumBuilder:Build (UnityEngine.Transform,int,int,single) (at Assets/Scripts/Arena/Visuals/ArenaColosseumBuilder.cs:31)
QuizBattle.Arena.GridController:BuildGrid (int,int,int) (at Assets/Scripts/Arena/GridController.cs:51)
QuizBattle.GameState.GameManager:RunAutoPlayMatch (int,int) (at Assets/Scripts/GameState/GameManager.cs:67)
CaptureCurrentArena:Capture () (at Assets/Editor/CaptureCurrentArena.cs:22)

[Assets/Scripts/Arena/GridController.cs line 51]

FoliagePuff: Destroy may not be called from edit mode! Use DestroyImmediate instead.
Destroying an object in edit mode destroys it permanently
UnityEngine.Debug:ExtractStackTraceNoAlloc (byte*,int,string)
UnityEngine.StackTraceUtility:ExtractStackTrace ()
UnityEngine.Object:Destroy (UnityEngine.Object,single)
UnityEngine.Object:Destroy (UnityEngine.Object)
QuizBattle.Arena.Visuals.ArenaColosseumBuilder:CreateCartoonTree (UnityEngine.Transform,UnityEngine.Vector3) (at Assets/Scripts/Arena/Visuals/ArenaColosseumBuilder.cs:654)
QuizBattle.Arena.Visuals.ArenaColosseumBuilder:CreateFoliageAndProps (UnityEngine.Transform,UnityEngine.Vector3,single,single) (at Assets/Scripts/Arena/Visuals/ArenaColosseumBuilder.cs:611)
QuizBattle.Arena.Visuals.ArenaColosseumBuilder:Build (UnityEngine.Transform,int,int,single) (at Assets/Scripts/Arena/Visuals/ArenaColosseumBuilder.cs:31)
QuizBattle.Arena.GridController:BuildGrid (int,int,int) (at Assets/Scripts/Arena/GridController.cs:51)
QuizBattle.GameState.GameManager:RunAutoPlayMatch (int,int) (at Assets/Scripts/GameState/GameManager.cs:67)
CaptureCurrentArena:Capture () (at Assets/Editor/CaptureCurrentArena.cs:22)

[Assets/Scripts/Arena/GridController.cs line 51]

FoliagePuff: Destroy may not be called from edit mode! Use DestroyImmediate instead.
Destroying an object in edit mode destroys it permanently
UnityEngine.Debug:ExtractStackTraceNoAlloc (byte*,int,string)
UnityEngine.StackTraceUtility:ExtractStackTrace ()
UnityEngine.Object:Destroy (UnityEngine.Object,single)
UnityEngine.Object:Destroy (UnityEngine.Object)
QuizBattle.Arena.Visuals.ArenaColosseumBuilder:CreateCartoonTree (UnityEngine.Transform,UnityEngine.Vector3) (at Assets/Scripts/Arena/Visuals/ArenaColosseumBuilder.cs:654)
QuizBattle.Arena.Visuals.ArenaColosseumBuilder:CreateFoliageAndProps (UnityEngine.Transform,UnityEngine.Vector3,single,single) (at Assets/Scripts/Arena/Visuals/ArenaColosseumBuilder.cs:611)
QuizBattle.Arena.Visuals.ArenaColosseumBuilder:Build (UnityEngine.Transform,int,int,single) (at Assets/Scripts/Arena/Visuals/ArenaColosseumBuilder.cs:31)
QuizBattle.Arena.GridController:BuildGrid (int,int,int) (at Assets/Scripts/Arena/GridController.cs:51)
QuizBattle.GameState.GameManager:RunAutoPlayMatch (int,int) (at Assets/Scripts/GameState/GameManager.cs:67)
CaptureCurrentArena:Capture () (at Assets/Editor/CaptureCurrentArena.cs:22)

[Assets/Scripts/Arena/GridController.cs line 51]

FoliagePuff: Destroy may not be called from edit mode! Use DestroyImmediate instead.
Destroying an object in edit mode destroys it permanently
UnityEngine.Debug:ExtractStackTraceNoAlloc (byte*,int,string)
UnityEngine.StackTraceUtility:ExtractStackTrace ()
UnityEngine.Object:Destroy (UnityEngine.Object,single)
UnityEngine.Object:Destroy (UnityEngine.Object)
QuizBattle.Arena.Visuals.ArenaColosseumBuilder:CreateCartoonTree (UnityEngine.Transform,UnityEngine.Vector3) (at Assets/Scripts/Arena/Visuals/ArenaColosseumBuilder.cs:654)
QuizBattle.Arena.Visuals.ArenaColosseumBuilder:CreateFoliageAndProps (UnityEngine.Transform,UnityEngine.Vector3,single,single) (at Assets/Scripts/Arena/Visuals/ArenaColosseumBuilder.cs:611)
QuizBattle.Arena.Visuals.ArenaColosseumBuilder:Build (UnityEngine.Transform,int,int,single) (at Assets/Scripts/Arena/Visuals/ArenaColosseumBuilder.cs:31)
QuizBattle.Arena.GridController:BuildGrid (int,int,int) (at Assets/Scripts/Arena/GridController.cs:51)
QuizBattle.GameState.GameManager:RunAutoPlayMatch (int,int) (at Assets/Scripts/GameState/GameManager.cs:67)
CaptureCurrentArena:Capture () (at Assets/Editor/CaptureCurrentArena.cs:22)

[Assets/Scripts/Arena/GridController.cs line 51]

Trunk: Destroy may not be called from edit mode! Use DestroyImmediate instead.
Destroying an object in edit mode destroys it permanently
UnityEngine.Debug:ExtractStackTraceNoAlloc (byte*,int,string)
UnityEngine.StackTraceUtility:ExtractStackTrace ()
UnityEngine.Object:Destroy (UnityEngine.Object,single)
UnityEngine.Object:Destroy (UnityEngine.Object)
QuizBattle.Arena.Visuals.ArenaColosseumBuilder:CreateCartoonTree (UnityEngine.Transform,UnityEngine.Vector3) (at Assets/Scripts/Arena/Visuals/ArenaColosseumBuilder.cs:635)
QuizBattle.Arena.Visuals.ArenaColosseumBuilder:CreateFoliageAndProps (UnityEngine.Transform,UnityEngine.Vector3,single,single) (at Assets/Scripts/Arena/Visuals/ArenaColosseumBuilder.cs:611)
QuizBattle.Arena.Visuals.ArenaColosseumBuilder:Build (UnityEngine.Transform,int,int,single) (at Assets/Scripts/Arena/Visuals/ArenaColosseumBuilder.cs:31)
QuizBattle.Arena.GridController:BuildGrid (int,int,int) (at Assets/Scripts/Arena/GridController.cs:51)
QuizBattle.GameState.GameManager:RunAutoPlayMatch (int,int) (at Assets/Scripts/GameState/GameManager.cs:67)
CaptureCurrentArena:Capture () (at Assets/Editor/CaptureCurrentArena.cs:22)

[Assets/Scripts/Arena/GridController.cs line 51]

FoliagePuff: Destroy may not be called from edit mode! Use DestroyImmediate instead.
Destroying an object in edit mode destroys it permanently
UnityEngine.Debug:ExtractStackTraceNoAlloc (byte*,int,string)
UnityEngine.StackTraceUtility:ExtractStackTrace ()
UnityEngine.Object:Destroy (UnityEngine.Object,single)
UnityEngine.Object:Destroy (UnityEngine.Object)
QuizBattle.Arena.Visuals.ArenaColosseumBuilder:CreateCartoonTree (UnityEngine.Transform,UnityEngine.Vector3) (at Assets/Scripts/Arena/Visuals/ArenaColosseumBuilder.cs:654)
QuizBattle.Arena.Visuals.ArenaColosseumBuilder:CreateFoliageAndProps (UnityEngine.Transform,UnityEngine.Vector3,single,single) (at Assets/Scripts/Arena/Visuals/ArenaColosseumBuilder.cs:611)
QuizBattle.Arena.Visuals.ArenaColosseumBuilder:Build (UnityEngine.Transform,int,int,single) (at Assets/Scripts/Arena/Visuals/ArenaColosseumBuilder.cs:31)
QuizBattle.Arena.GridController:BuildGrid (int,int,int) (at Assets/Scripts/Arena/GridController.cs:51)
QuizBattle.GameState.GameManager:RunAutoPlayMatch (int,int) (at Assets/Scripts/GameState/GameManager.cs:67)
CaptureCurrentArena:Capture () (at Assets/Editor/CaptureCurrentArena.cs:22)

[Assets/Scripts/Arena/GridController.cs line 51]

FoliagePuff: Destroy may not be called from edit mode! Use DestroyImmediate instead.
Destroying an object in edit mode destroys it permanently
UnityEngine.Debug:ExtractStackTraceNoAlloc (byte*,int,string)
UnityEngine.StackTraceUtility:ExtractStackTrace ()
UnityEngine.Object:Destroy (UnityEngine.Object,single)
UnityEngine.Object:Destroy (UnityEngine.Object)
QuizBattle.Arena.Visuals.ArenaColosseumBuilder:CreateCartoonTree (UnityEngine.Transform,UnityEngine.Vector3) (at Assets/Scripts/Arena/Visuals/ArenaColosseumBuilder.cs:654)
QuizBattle.Arena.Visuals.ArenaColosseumBuilder:CreateFoliageAndProps (UnityEngine.Transform,UnityEngine.Vector3,single,single) (at Assets/Scripts/Arena/Visuals/ArenaColosseumBuilder.cs:611)
QuizBattle.Arena.Visuals.ArenaColosseumBuilder:Build (UnityEngine.Transform,int,int,single) (at Assets/Scripts/Arena/Visuals/ArenaColosseumBuilder.cs:31)
QuizBattle.Arena.GridController:BuildGrid (int,int,int) (at Assets/Scripts/Arena/GridController.cs:51)
QuizBattle.GameState.GameManager:RunAutoPlayMatch (int,int) (at Assets/Scripts/GameState/GameManager.cs:67)
CaptureCurrentArena:Capture () (at Assets/Editor/CaptureCurrentArena.cs:22)

[Assets/Scripts/Arena/GridController.cs line 51]

FoliagePuff: Destroy may not be called from edit mode! Use DestroyImmediate instead.
Destroying an object in edit mode destroys it permanently
UnityEngine.Debug:ExtractStackTraceNoAlloc (byte*,int,string)
UnityEngine.StackTraceUtility:ExtractStackTrace ()
UnityEngine.Object:Destroy (UnityEngine.Object,single)
UnityEngine.Object:Destroy (UnityEngine.Object)
QuizBattle.Arena.Visuals.ArenaColosseumBuilder:CreateCartoonTree (UnityEngine.Transform,UnityEngine.Vector3) (at Assets/Scripts/Arena/Visuals/ArenaColosseumBuilder.cs:654)
QuizBattle.Arena.Visuals.ArenaColosseumBuilder:CreateFoliageAndProps (UnityEngine.Transform,UnityEngine.Vector3,single,single) (at Assets/Scripts/Arena/Visuals/ArenaColosseumBuilder.cs:611)
QuizBattle.Arena.Visuals.ArenaColosseumBuilder:Build (UnityEngine.Transform,int,int,single) (at Assets/Scripts/Arena/Visuals/ArenaColosseumBuilder.cs:31)
QuizBattle.Arena.GridController:BuildGrid (int,int,int) (at Assets/Scripts/Arena/GridController.cs:51)
QuizBattle.GameState.GameManager:RunAutoPlayMatch (int,int) (at Assets/Scripts/GameState/GameManager.cs:67)
CaptureCurrentArena:Capture () (at Assets/Editor/CaptureCurrentArena.cs:22)

[Assets/Scripts/Arena/GridController.cs line 51]

FoliagePuff: Destroy may not be called from edit mode! Use DestroyImmediate instead.
Destroying an object in edit mode destroys it permanently
UnityEngine.Debug:ExtractStackTraceNoAlloc (byte*,int,string)
UnityEngine.StackTraceUtility:ExtractStackTrace ()
UnityEngine.Object:Destroy (UnityEngine.Object,single)
UnityEngine.Object:Destroy (UnityEngine.Object)
QuizBattle.Arena.Visuals.ArenaColosseumBuilder:CreateCartoonTree (UnityEngine.Transform,UnityEngine.Vector3) (at Assets/Scripts/Arena/Visuals/ArenaColosseumBuilder.cs:654)
QuizBattle.Arena.Visuals.ArenaColosseumBuilder:CreateFoliageAndProps (UnityEngine.Transform,UnityEngine.Vector3,single,single) (at Assets/Scripts/Arena/Visuals/ArenaColosseumBuilder.cs:611)
QuizBattle.Arena.Visuals.ArenaColosseumBuilder:Build (UnityEngine.Transform,int,int,single) (at Assets/Scripts/Arena/Visuals/ArenaColosseumBuilder.cs:31)
QuizBattle.Arena.GridController:BuildGrid (int,int,int) (at Assets/Scripts/Arena/GridController.cs:51)
QuizBattle.GameState.GameManager:RunAutoPlayMatch (int,int) (at Assets/Scripts/GameState/GameManager.cs:67)
CaptureCurrentArena:Capture () (at Assets/Editor/CaptureCurrentArena.cs:22)

[Assets/Scripts/Arena/GridController.cs line 51]

Trunk: Destroy may not be called from edit mode! Use DestroyImmediate instead.
Destroying an object in edit mode destroys it permanently
UnityEngine.Debug:ExtractStackTraceNoAlloc (byte*,int,string)
UnityEngine.StackTraceUtility:ExtractStackTrace ()
UnityEngine.Object:Destroy (UnityEngine.Object,single)
UnityEngine.Object:Destroy (UnityEngine.Object)
QuizBattle.Arena.Visuals.ArenaColosseumBuilder:CreateCartoonTree (UnityEngine.Transform,UnityEngine.Vector3) (at Assets/Scripts/Arena/Visuals/ArenaColosseumBuilder.cs:635)
QuizBattle.Arena.Visuals.ArenaColosseumBuilder:CreateFoliageAndProps (UnityEngine.Transform,UnityEngine.Vector3,single,single) (at Assets/Scripts/Arena/Visuals/ArenaColosseumBuilder.cs:611)
QuizBattle.Arena.Visuals.ArenaColosseumBuilder:Build (UnityEngine.Transform,int,int,single) (at Assets/Scripts/Arena/Visuals/ArenaColosseumBuilder.cs:31)
QuizBattle.Arena.GridController:BuildGrid (int,int,int) (at Assets/Scripts/Arena/GridController.cs:51)
QuizBattle.GameState.GameManager:RunAutoPlayMatch (int,int) (at Assets/Scripts/GameState/GameManager.cs:67)
CaptureCurrentArena:Capture () (at Assets/Editor/CaptureCurrentArena.cs:22)

[Assets/Scripts/Arena/GridController.cs line 51]

FoliagePuff: Destroy may not be called from edit mode! Use DestroyImmediate instead.
Destroying an object in edit mode destroys it permanently
UnityEngine.Debug:ExtractStackTraceNoAlloc (byte*,int,string)
UnityEngine.StackTraceUtility:ExtractStackTrace ()
UnityEngine.Object:Destroy (UnityEngine.Object,single)
UnityEngine.Object:Destroy (UnityEngine.Object)
QuizBattle.Arena.Visuals.ArenaColosseumBuilder:CreateCartoonTree (UnityEngine.Transform,UnityEngine.Vector3) (at Assets/Scripts/Arena/Visuals/ArenaColosseumBuilder.cs:654)
QuizBattle.Arena.Visuals.ArenaColosseumBuilder:CreateFoliageAndProps (UnityEngine.Transform,UnityEngine.Vector3,single,single) (at Assets/Scripts/Arena/Visuals/ArenaColosseumBuilder.cs:611)
QuizBattle.Arena.Visuals.ArenaColosseumBuilder:Build (UnityEngine.Transform,int,int,single) (at Assets/Scripts/Arena/Visuals/ArenaColosseumBuilder.cs:31)
QuizBattle.Arena.GridController:BuildGrid (int,int,int) (at Assets/Scripts/Arena/GridController.cs:51)
QuizBattle.GameState.GameManager:RunAutoPlayMatch (int,int) (at Assets/Scripts/GameState/GameManager.cs:67)
CaptureCurrentArena:Capture () (at Assets/Editor/CaptureCurrentArena.cs:22)

[Assets/Scripts/Arena/GridController.cs line 51]

FoliagePuff: Destroy may not be called from edit mode! Use DestroyImmediate instead.
Destroying an object in edit mode destroys it permanently
UnityEngine.Debug:ExtractStackTraceNoAlloc (byte*,int,string)
UnityEngine.StackTraceUtility:ExtractStackTrace ()
UnityEngine.Object:Destroy (UnityEngine.Object,single)
UnityEngine.Object:Destroy (UnityEngine.Object)
QuizBattle.Arena.Visuals.ArenaColosseumBuilder:CreateCartoonTree (UnityEngine.Transform,UnityEngine.Vector3) (at Assets/Scripts/Arena/Visuals/ArenaColosseumBuilder.cs:654)
QuizBattle.Arena.Visuals.ArenaColosseumBuilder:CreateFoliageAndProps (UnityEngine.Transform,UnityEngine.Vector3,single,single) (at Assets/Scripts/Arena/Visuals/ArenaColosseumBuilder.cs:611)
QuizBattle.Arena.Visuals.ArenaColosseumBuilder:Build (UnityEngine.Transform,int,int,single) (at Assets/Scripts/Arena/Visuals/ArenaColosseumBuilder.cs:31)
QuizBattle.Arena.GridController:BuildGrid (int,int,int) (at Assets/Scripts/Arena/GridController.cs:51)
QuizBattle.GameState.GameManager:RunAutoPlayMatch (int,int) (at Assets/Scripts/GameState/GameManager.cs:67)
CaptureCurrentArena:Capture () (at Assets/Editor/CaptureCurrentArena.cs:22)

[Assets/Scripts/Arena/GridController.cs line 51]

FoliagePuff: Destroy may not be called from edit mode! Use DestroyImmediate instead.
Destroying an object in edit mode destroys it permanently
UnityEngine.Debug:ExtractStackTraceNoAlloc (byte*,int,string)
UnityEngine.StackTraceUtility:ExtractStackTrace ()
UnityEngine.Object:Destroy (UnityEngine.Object,single)
UnityEngine.Object:Destroy (UnityEngine.Object)
QuizBattle.Arena.Visuals.ArenaColosseumBuilder:CreateCartoonTree (UnityEngine.Transform,UnityEngine.Vector3) (at Assets/Scripts/Arena/Visuals/ArenaColosseumBuilder.cs:654)
QuizBattle.Arena.Visuals.ArenaColosseumBuilder:CreateFoliageAndProps (UnityEngine.Transform,UnityEngine.Vector3,single,single) (at Assets/Scripts/Arena/Visuals/ArenaColosseumBuilder.cs:611)
QuizBattle.Arena.Visuals.ArenaColosseumBuilder:Build (UnityEngine.Transform,int,int,single) (at Assets/Scripts/Arena/Visuals/ArenaColosseumBuilder.cs:31)
QuizBattle.Arena.GridController:BuildGrid (int,int,int) (at Assets/Scripts/Arena/GridController.cs:51)
QuizBattle.GameState.GameManager:RunAutoPlayMatch (int,int) (at Assets/Scripts/GameState/GameManager.cs:67)
CaptureCurrentArena:Capture () (at Assets/Editor/CaptureCurrentArena.cs:22)

[Assets/Scripts/Arena/GridController.cs line 51]

FoliagePuff: Destroy may not be called from edit mode! Use DestroyImmediate instead.
Destroying an object in edit mode destroys it permanently
UnityEngine.Debug:ExtractStackTraceNoAlloc (byte*,int,string)
UnityEngine.StackTraceUtility:ExtractStackTrace ()
UnityEngine.Object:Destroy (UnityEngine.Object,single)
UnityEngine.Object:Destroy (UnityEngine.Object)
QuizBattle.Arena.Visuals.ArenaColosseumBuilder:CreateCartoonTree (UnityEngine.Transform,UnityEngine.Vector3) (at Assets/Scripts/Arena/Visuals/ArenaColosseumBuilder.cs:654)
QuizBattle.Arena.Visuals.ArenaColosseumBuilder:CreateFoliageAndProps (UnityEngine.Transform,UnityEngine.Vector3,single,single) (at Assets/Scripts/Arena/Visuals/ArenaColosseumBuilder.cs:611)
QuizBattle.Arena.Visuals.ArenaColosseumBuilder:Build (UnityEngine.Transform,int,int,single) (at Assets/Scripts/Arena/Visuals/ArenaColosseumBuilder.cs:31)
QuizBattle.Arena.GridController:BuildGrid (int,int,int) (at Assets/Scripts/Arena/GridController.cs:51)
QuizBattle.GameState.GameManager:RunAutoPlayMatch (int,int) (at Assets/Scripts/GameState/GameManager.cs:67)
CaptureCurrentArena:Capture () (at Assets/Editor/CaptureCurrentArena.cs:22)

[Assets/Scripts/Arena/GridController.cs line 51]

WoodenBarrel: Destroy may not be called from edit mode! Use DestroyImmediate instead.
Destroying an object in edit mode destroys it permanently
UnityEngine.Debug:ExtractStackTraceNoAlloc (byte*,int,string)
UnityEngine.StackTraceUtility:ExtractStackTrace ()
UnityEngine.Object:Destroy (UnityEngine.Object,single)
UnityEngine.Object:Destroy (UnityEngine.Object)
QuizBattle.Arena.Visuals.ArenaColosseumBuilder:CreateBarrel (UnityEngine.Transform,UnityEngine.Vector3) (at Assets/Scripts/Arena/Visuals/ArenaColosseumBuilder.cs:666)
QuizBattle.Arena.Visuals.ArenaColosseumBuilder:CreateFoliageAndProps (UnityEngine.Transform,UnityEngine.Vector3,single,single) (at Assets/Scripts/Arena/Visuals/ArenaColosseumBuilder.cs:615)
QuizBattle.Arena.Visuals.ArenaColosseumBuilder:Build (UnityEngine.Transform,int,int,single) (at Assets/Scripts/Arena/Visuals/ArenaColosseumBuilder.cs:31)
QuizBattle.Arena.GridController:BuildGrid (int,int,int) (at Assets/Scripts/Arena/GridController.cs:51)
QuizBattle.GameState.GameManager:RunAutoPlayMatch (int,int) (at Assets/Scripts/GameState/GameManager.cs:67)
CaptureCurrentArena:Capture () (at Assets/Editor/CaptureCurrentArena.cs:22)

[Assets/Scripts/Arena/GridController.cs line 51]

WoodenCrate: Destroy may not be called from edit mode! Use DestroyImmediate instead.
Destroying an object in edit mode destroys it permanently
UnityEngine.Debug:ExtractStackTraceNoAlloc (byte*,int,string)
UnityEngine.StackTraceUtility:ExtractStackTrace ()
UnityEngine.Object:Destroy (UnityEngine.Object,single)
UnityEngine.Object:Destroy (UnityEngine.Object)
QuizBattle.Arena.Visuals.ArenaColosseumBuilder:CreateCrate (UnityEngine.Transform,UnityEngine.Vector3) (at Assets/Scripts/Arena/Visuals/ArenaColosseumBuilder.cs:677)
QuizBattle.Arena.Visuals.ArenaColosseumBuilder:CreateFoliageAndProps (UnityEngine.Transform,UnityEngine.Vector3,single,single) (at Assets/Scripts/Arena/Visuals/ArenaColosseumBuilder.cs:616)
QuizBattle.Arena.Visuals.ArenaColosseumBuilder:Build (UnityEngine.Transform,int,int,single) (at Assets/Scripts/Arena/Visuals/ArenaColosseumBuilder.cs:31)
QuizBattle.Arena.GridController:BuildGrid (int,int,int) (at Assets/Scripts/Arena/GridController.cs:51)
QuizBattle.GameState.GameManager:RunAutoPlayMatch (int,int) (at Assets/Scripts/GameState/GameManager.cs:67)
CaptureCurrentArena:Capture () (at Assets/Editor/CaptureCurrentArena.cs:22)

[Assets/Scripts/Arena/GridController.cs line 51]

WoodenBarrel: Destroy may not be called from edit mode! Use DestroyImmediate instead.
Destroying an object in edit mode destroys it permanently
UnityEngine.Debug:ExtractStackTraceNoAlloc (byte*,int,string)
UnityEngine.StackTraceUtility:ExtractStackTrace ()
UnityEngine.Object:Destroy (UnityEngine.Object,single)
UnityEngine.Object:Destroy (UnityEngine.Object)
QuizBattle.Arena.Visuals.ArenaColosseumBuilder:CreateBarrel (UnityEngine.Transform,UnityEngine.Vector3) (at Assets/Scripts/Arena/Visuals/ArenaColosseumBuilder.cs:666)
QuizBattle.Arena.Visuals.ArenaColosseumBuilder:CreateFoliageAndProps (UnityEngine.Transform,UnityEngine.Vector3,single,single) (at Assets/Scripts/Arena/Visuals/ArenaColosseumBuilder.cs:617)
QuizBattle.Arena.Visuals.ArenaColosseumBuilder:Build (UnityEngine.Transform,int,int,single) (at Assets/Scripts/Arena/Visuals/ArenaColosseumBuilder.cs:31)
QuizBattle.Arena.GridController:BuildGrid (int,int,int) (at Assets/Scripts/Arena/GridController.cs:51)
QuizBattle.GameState.GameManager:RunAutoPlayMatch (int,int) (at Assets/Scripts/GameState/GameManager.cs:67)
CaptureCurrentArena:Capture () (at Assets/Editor/CaptureCurrentArena.cs:22)

[Assets/Scripts/Arena/GridController.cs line 51]

Torso: Destroy may not be called from edit mode! Use DestroyImmediate instead.
Destroying an object in edit mode destroys it permanently
UnityEngine.Debug:ExtractStackTraceNoAlloc (byte*,int,string)
UnityEngine.StackTraceUtility:ExtractStackTrace ()
UnityEngine.Object:Destroy (UnityEngine.Object,single)
UnityEngine.Object:Destroy (UnityEngine.Object)
QuizBattle.Arena.Visuals.CharacterVisualBuilder:CreatePrimitivePart (UnityEngine.Transform,string,UnityEngine.PrimitiveType,UnityEngine.Vector3,UnityEngine.Quaternion,UnityEngine.Vector3,UnityEngine.Material,System.Collections.Generic.List`1<UnityEngine.Renderer>) (at Assets/Scripts/Arena/Visuals/CharacterVisualBuilder.cs:340)
QuizBattle.Arena.Visuals.CharacterVisualBuilder:BuildAegis (UnityEngine.Transform,QuizBattle.Characters.CharacterVisual&,System.Collections.Generic.List`1<UnityEngine.Renderer>,QuizBattle.Arena.Visuals.TokenIdleAnimator) (at Assets/Scripts/Arena/Visuals/CharacterVisualBuilder.cs:127)
QuizBattle.Arena.Visuals.CharacterVisualBuilder:Build (QuizBattle.Characters.CharacterVisual&,UnityEngine.Transform) (at Assets/Scripts/Arena/Visuals/CharacterVisualBuilder.cs:32)
QuizBattle.Arena.CharacterToken:Create (string,QuizBattle.Characters.CharacterVisual&,UnityEngine.Vector3) (at Assets/Scripts/Arena/CharacterToken.cs:54)
QuizBattle.GameState.GameManager:RunAutoPlayMatch (int,int) (at Assets/Scripts/GameState/GameManager.cs:76)
CaptureCurrentArena:Capture () (at Assets/Editor/CaptureCurrentArena.cs:22)

[Assets/Scripts/GameState/GameManager.cs line 76]

ChestPlate: Destroy may not be called from edit mode! Use DestroyImmediate instead.
Destroying an object in edit mode destroys it permanently
UnityEngine.Debug:ExtractStackTraceNoAlloc (byte*,int,string)
UnityEngine.StackTraceUtility:ExtractStackTrace ()
UnityEngine.Object:Destroy (UnityEngine.Object,single)
UnityEngine.Object:Destroy (UnityEngine.Object)
QuizBattle.Arena.Visuals.CharacterVisualBuilder:CreatePrimitivePart (UnityEngine.Transform,string,UnityEngine.PrimitiveType,UnityEngine.Vector3,UnityEngine.Quaternion,UnityEngine.Vector3,UnityEngine.Material,System.Collections.Generic.List`1<UnityEngine.Renderer>) (at Assets/Scripts/Arena/Visuals/CharacterVisualBuilder.cs:340)
QuizBattle.Arena.Visuals.CharacterVisualBuilder:BuildAegis (UnityEngine.Transform,QuizBattle.Characters.CharacterVisual&,System.Collections.Generic.List`1<UnityEngine.Renderer>,QuizBattle.Arena.Visuals.TokenIdleAnimator) (at Assets/Scripts/Arena/Visuals/CharacterVisualBuilder.cs:128)
QuizBattle.Arena.Visuals.CharacterVisualBuilder:Build (QuizBattle.Characters.CharacterVisual&,UnityEngine.Transform) (at Assets/Scripts/Arena/Visuals/CharacterVisualBuilder.cs:32)
QuizBattle.Arena.CharacterToken:Create (string,QuizBattle.Characters.CharacterVisual&,UnityEngine.Vector3) (at Assets/Scripts/Arena/CharacterToken.cs:54)
QuizBattle.GameState.GameManager:RunAutoPlayMatch (int,int) (at Assets/Scripts/GameState/GameManager.cs:76)
CaptureCurrentArena:Capture () (at Assets/Editor/CaptureCurrentArena.cs:22)

[Assets/Scripts/GameState/GameManager.cs line 76]

PowerReactor: Destroy may not be called from edit mode! Use DestroyImmediate instead.
Destroying an object in edit mode destroys it permanently
UnityEngine.Debug:ExtractStackTraceNoAlloc (byte*,int,string)
UnityEngine.StackTraceUtility:ExtractStackTrace ()
UnityEngine.Object:Destroy (UnityEngine.Object,single)
UnityEngine.Object:Destroy (UnityEngine.Object)
QuizBattle.Arena.Visuals.CharacterVisualBuilder:CreatePrimitivePart (UnityEngine.Transform,string,UnityEngine.PrimitiveType,UnityEngine.Vector3,UnityEngine.Quaternion,UnityEngine.Vector3,UnityEngine.Material,System.Collections.Generic.List`1<UnityEngine.Renderer>) (at Assets/Scripts/Arena/Visuals/CharacterVisualBuilder.cs:340)
QuizBattle.Arena.Visuals.CharacterVisualBuilder:BuildAegis (UnityEngine.Transform,QuizBattle.Characters.CharacterVisual&,System.Collections.Generic.List`1<UnityEngine.Renderer>,QuizBattle.Arena.Visuals.TokenIdleAnimator) (at Assets/Scripts/Arena/Visuals/CharacterVisualBuilder.cs:129)
QuizBattle.Arena.Visuals.CharacterVisualBuilder:Build (QuizBattle.Characters.CharacterVisual&,UnityEngine.Transform) (at Assets/Scripts/Arena/Visuals/CharacterVisualBuilder.cs:32)
QuizBattle.Arena.CharacterToken:Create (string,QuizBattle.Characters.CharacterVisual&,UnityEngine.Vector3) (at Assets/Scripts/Arena/CharacterToken.cs:54)
QuizBattle.GameState.GameManager:RunAutoPlayMatch (int,int) (at Assets/Scripts/GameState/GameManager.cs:76)
CaptureCurrentArena:Capture () (at Assets/Editor/CaptureCurrentArena.cs:22)

[Assets/Scripts/GameState/GameManager.cs line 76]

ExhaustL: Destroy may not be called from edit mode! Use DestroyImmediate instead.
Destroying an object in edit mode destroys it permanently
UnityEngine.Debug:ExtractStackTraceNoAlloc (byte*,int,string)
UnityEngine.StackTraceUtility:ExtractStackTrace ()
UnityEngine.Object:Destroy (UnityEngine.Object,single)
UnityEngine.Object:Destroy (UnityEngine.Object)
QuizBattle.Arena.Visuals.CharacterVisualBuilder:CreatePrimitivePart (UnityEngine.Transform,string,UnityEngine.PrimitiveType,UnityEngine.Vector3,UnityEngine.Quaternion,UnityEngine.Vector3,UnityEngine.Material,System.Collections.Generic.List`1<UnityEngine.Renderer>) (at Assets/Scripts/Arena/Visuals/CharacterVisualBuilder.cs:340)
QuizBattle.Arena.Visuals.CharacterVisualBuilder:BuildAegis (UnityEngine.Transform,QuizBattle.Characters.CharacterVisual&,System.Collections.Generic.List`1<UnityEngine.Renderer>,QuizBattle.Arena.Visuals.TokenIdleAnimator) (at Assets/Scripts/Arena/Visuals/CharacterVisualBuilder.cs:132)
QuizBattle.Arena.Visuals.CharacterVisualBuilder:Build (QuizBattle.Characters.CharacterVisual&,UnityEngine.Transform) (at Assets/Scripts/Arena/Visuals/CharacterVisualBuilder.cs:32)
QuizBattle.Arena.CharacterToken:Create (string,QuizBattle.Characters.CharacterVisual&,UnityEngine.Vector3) (at Assets/Scripts/Arena/CharacterToken.cs:54)
QuizBattle.GameState.GameManager:RunAutoPlayMatch (int,int) (at Assets/Scripts/GameState/GameManager.cs:76)
CaptureCurrentArena:Capture () (at Assets/Editor/CaptureCurrentArena.cs:22)

[Assets/Scripts/GameState/GameManager.cs line 76]

ExhaustR: Destroy may not be called from edit mode! Use DestroyImmediate instead.
Destroying an object in edit mode destroys it permanently
UnityEngine.Debug:ExtractStackTraceNoAlloc (byte*,int,string)
UnityEngine.StackTraceUtility:ExtractStackTrace ()
UnityEngine.Object:Destroy (UnityEngine.Object,single)
UnityEngine.Object:Destroy (UnityEngine.Object)
QuizBattle.Arena.Visuals.CharacterVisualBuilder:CreatePrimitivePart (UnityEngine.Transform,string,UnityEngine.PrimitiveType,UnityEngine.Vector3,UnityEngine.Quaternion,UnityEngine.Vector3,UnityEngine.Material,System.Collections.Generic.List`1<UnityEngine.Renderer>) (at Assets/Scripts/Arena/Visuals/CharacterVisualBuilder.cs:340)
QuizBattle.Arena.Visuals.CharacterVisualBuilder:BuildAegis (UnityEngine.Transform,QuizBattle.Characters.CharacterVisual&,System.Collections.Generic.List`1<UnityEngine.Renderer>,QuizBattle.Arena.Visuals.TokenIdleAnimator) (at Assets/Scripts/Arena/Visuals/CharacterVisualBuilder.cs:133)
QuizBattle.Arena.Visuals.CharacterVisualBuilder:Build (QuizBattle.Characters.CharacterVisual&,UnityEngine.Transform) (at Assets/Scripts/Arena/Visuals/CharacterVisualBuilder.cs:32)
QuizBattle.Arena.CharacterToken:Create (string,QuizBattle.Characters.CharacterVisual&,UnityEngine.Vector3) (at Assets/Scripts/Arena/CharacterToken.cs:54)
QuizBattle.GameState.GameManager:RunAutoPlayMatch (int,int) (at Assets/Scripts/GameState/GameManager.cs:76)
CaptureCurrentArena:Capture () (at Assets/Editor/CaptureCurrentArena.cs:22)

[Assets/Scripts/GameState/GameManager.cs line 76]

Head: Destroy may not be called from edit mode! Use DestroyImmediate instead.
Destroying an object in edit mode destroys it permanently
UnityEngine.Debug:ExtractStackTraceNoAlloc (byte*,int,string)
UnityEngine.StackTraceUtility:ExtractStackTrace ()
UnityEngine.Object:Destroy (UnityEngine.Object,single)
UnityEngine.Object:Destroy (UnityEngine.Object)
QuizBattle.Arena.Visuals.CharacterVisualBuilder:CreatePrimitivePart (UnityEngine.Transform,string,UnityEngine.PrimitiveType,UnityEngine.Vector3,UnityEngine.Quaternion,UnityEngine.Vector3,UnityEngine.Material,System.Collections.Generic.List`1<UnityEngine.Renderer>) (at Assets/Scripts/Arena/Visuals/CharacterVisualBuilder.cs:340)
QuizBattle.Arena.Visuals.CharacterVisualBuilder:BuildAegis (UnityEngine.Transform,QuizBattle.Characters.CharacterVisual&,System.Collections.Generic.List`1<UnityEngine.Renderer>,QuizBattle.Arena.Visuals.TokenIdleAnimator) (at Assets/Scripts/Arena/Visuals/CharacterVisualBuilder.cs:136)
QuizBattle.Arena.Visuals.CharacterVisualBuilder:Build (QuizBattle.Characters.CharacterVisual&,UnityEngine.Transform) (at Assets/Scripts/Arena/Visuals/CharacterVisualBuilder.cs:32)
QuizBattle.Arena.CharacterToken:Create (string,QuizBattle.Characters.CharacterVisual&,UnityEngine.Vector3) (at Assets/Scripts/Arena/CharacterToken.cs:54)
QuizBattle.GameState.GameManager:RunAutoPlayMatch (int,int) (at Assets/Scripts/GameState/GameManager.cs:76)
CaptureCurrentArena:Capture () (at Assets/Editor/CaptureCurrentArena.cs:22)

[Assets/Scripts/GameState/GameManager.cs line 76]

HeadPlate: Destroy may not be called from edit mode! Use DestroyImmediate instead.
Destroying an object in edit mode destroys it permanently
UnityEngine.Debug:ExtractStackTraceNoAlloc (byte*,int,string)
UnityEngine.StackTraceUtility:ExtractStackTrace ()
UnityEngine.Object:Destroy (UnityEngine.Object,single)
UnityEngine.Object:Destroy (UnityEngine.Object)
QuizBattle.Arena.Visuals.CharacterVisualBuilder:CreatePrimitivePart (UnityEngine.Transform,string,UnityEngine.PrimitiveType,UnityEngine.Vector3,UnityEngine.Quaternion,UnityEngine.Vector3,UnityEngine.Material,System.Collections.Generic.List`1<UnityEngine.Renderer>) (at Assets/Scripts/Arena/Visuals/CharacterVisualBuilder.cs:340)
QuizBattle.Arena.Visuals.CharacterVisualBuilder:BuildAegis (UnityEngine.Transform,QuizBattle.Characters.CharacterVisual&,System.Collections.Generic.List`1<UnityEngine.Renderer>,QuizBattle.Arena.Visuals.TokenIdleAnimator) (at Assets/Scripts/Arena/Visuals/CharacterVisualBuilder.cs:137)
QuizBattle.Arena.Visuals.CharacterVisualBuilder:Build (QuizBattle.Characters.CharacterVisual&,UnityEngine.Transform) (at Assets/Scripts/Arena/Visuals/CharacterVisualBuilder.cs:32)
QuizBattle.Arena.CharacterToken:Create (string,QuizBattle.Characters.CharacterVisual&,UnityEngine.Vector3) (at Assets/Scripts/Arena/CharacterToken.cs:54)
QuizBattle.GameState.GameManager:RunAutoPlayMatch (int,int) (at Assets/Scripts/GameState/GameManager.cs:76)
CaptureCurrentArena:Capture () (at Assets/Editor/CaptureCurrentArena.cs:22)

[Assets/Scripts/GameState/GameManager.cs line 76]

CyanVisor: Destroy may not be called from edit mode! Use DestroyImmediate instead.
Destroying an object in edit mode destroys it permanently
UnityEngine.Debug:ExtractStackTraceNoAlloc (byte*,int,string)
UnityEngine.StackTraceUtility:ExtractStackTrace ()
UnityEngine.Object:Destroy (UnityEngine.Object,single)
UnityEngine.Object:Destroy (UnityEngine.Object)
QuizBattle.Arena.Visuals.CharacterVisualBuilder:CreatePrimitivePart (UnityEngine.Transform,string,UnityEngine.PrimitiveType,UnityEngine.Vector3,UnityEngine.Quaternion,UnityEngine.Vector3,UnityEngine.Material,System.Collections.Generic.List`1<UnityEngine.Renderer>) (at Assets/Scripts/Arena/Visuals/CharacterVisualBuilder.cs:340)
QuizBattle.Arena.Visuals.CharacterVisualBuilder:BuildAegis (UnityEngine.Transform,QuizBattle.Characters.CharacterVisual&,System.Collections.Generic.List`1<UnityEngine.Renderer>,QuizBattle.Arena.Visuals.TokenIdleAnimator) (at Assets/Scripts/Arena/Visuals/CharacterVisualBuilder.cs:138)
QuizBattle.Arena.Visuals.CharacterVisualBuilder:Build (QuizBattle.Characters.CharacterVisual&,UnityEngine.Transform) (at Assets/Scripts/Arena/Visuals/CharacterVisualBuilder.cs:32)
QuizBattle.Arena.CharacterToken:Create (string,QuizBattle.Characters.CharacterVisual&,UnityEngine.Vector3) (at Assets/Scripts/Arena/CharacterToken.cs:54)
QuizBattle.GameState.GameManager:RunAutoPlayMatch (int,int) (at Assets/Scripts/GameState/GameManager.cs:76)
CaptureCurrentArena:Capture () (at Assets/Editor/CaptureCurrentArena.cs:22)

[Assets/Scripts/GameState/GameManager.cs line 76]

PauldronsL: Destroy may not be called from edit mode! Use DestroyImmediate instead.
Destroying an object in edit mode destroys it permanently
UnityEngine.Debug:ExtractStackTraceNoAlloc (byte*,int,string)
UnityEngine.StackTraceUtility:ExtractStackTrace ()
UnityEngine.Object:Destroy (UnityEngine.Object,single)
UnityEngine.Object:Destroy (UnityEngine.Object)
QuizBattle.Arena.Visuals.CharacterVisualBuilder:CreatePrimitivePart (UnityEngine.Transform,string,UnityEngine.PrimitiveType,UnityEngine.Vector3,UnityEngine.Quaternion,UnityEngine.Vector3,UnityEngine.Material,System.Collections.Generic.List`1<UnityEngine.Renderer>) (at Assets/Scripts/Arena/Visuals/CharacterVisualBuilder.cs:340)
QuizBattle.Arena.Visuals.CharacterVisualBuilder:BuildAegis (UnityEngine.Transform,QuizBattle.Characters.CharacterVisual&,System.Collections.Generic.List`1<UnityEngine.Renderer>,QuizBattle.Arena.Visuals.TokenIdleAnimator) (at Assets/Scripts/Arena/Visuals/CharacterVisualBuilder.cs:141)
QuizBattle.Arena.Visuals.CharacterVisualBuilder:Build (QuizBattle.Characters.CharacterVisual&,UnityEngine.Transform) (at Assets/Scripts/Arena/Visuals/CharacterVisualBuilder.cs:32)
QuizBattle.Arena.CharacterToken:Create (string,QuizBattle.Characters.CharacterVisual&,UnityEngine.Vector3) (at Assets/Scripts/Arena/CharacterToken.cs:54)
QuizBattle.GameState.GameManager:RunAutoPlayMatch (int,int) (at Assets/Scripts/GameState/GameManager.cs:76)
CaptureCurrentArena:Capture () (at Assets/Editor/CaptureCurrentArena.cs:22)

[Assets/Scripts/GameState/GameManager.cs line 76]

PauldronsR: Destroy may not be called from edit mode! Use DestroyImmediate instead.
Destroying an object in edit mode destroys it permanently
UnityEngine.Debug:ExtractStackTraceNoAlloc (byte*,int,string)
UnityEngine.StackTraceUtility:ExtractStackTrace ()
UnityEngine.Object:Destroy (UnityEngine.Object,single)
UnityEngine.Object:Destroy (UnityEngine.Object)
QuizBattle.Arena.Visuals.CharacterVisualBuilder:CreatePrimitivePart (UnityEngine.Transform,string,UnityEngine.PrimitiveType,UnityEngine.Vector3,UnityEngine.Quaternion,UnityEngine.Vector3,UnityEngine.Material,System.Collections.Generic.List`1<UnityEngine.Renderer>) (at Assets/Scripts/Arena/Visuals/CharacterVisualBuilder.cs:340)
QuizBattle.Arena.Visuals.CharacterVisualBuilder:BuildAegis (UnityEngine.Transform,QuizBattle.Characters.CharacterVisual&,System.Collections.Generic.List`1<UnityEngine.Renderer>,QuizBattle.Arena.Visuals.TokenIdleAnimator) (at Assets/Scripts/Arena/Visuals/CharacterVisualBuilder.cs:142)
QuizBattle.Arena.Visuals.CharacterVisualBuilder:Build (QuizBattle.Characters.CharacterVisual&,UnityEngine.Transform) (at Assets/Scripts/Arena/Visuals/CharacterVisualBuilder.cs:32)
QuizBattle.Arena.CharacterToken:Create (string,QuizBattle.Characters.CharacterVisual&,UnityEngine.Vector3) (at Assets/Scripts/Arena/CharacterToken.cs:54)
QuizBattle.GameState.GameManager:RunAutoPlayMatch (int,int) (at Assets/Scripts/GameState/GameManager.cs:76)
CaptureCurrentArena:Capture () (at Assets/Editor/CaptureCurrentArena.cs:22)

[Assets/Scripts/GameState/GameManager.cs line 76]

ArmL: Destroy may not be called from edit mode! Use DestroyImmediate instead.
Destroying an object in edit mode destroys it permanently
UnityEngine.Debug:ExtractStackTraceNoAlloc (byte*,int,string)
UnityEngine.StackTraceUtility:ExtractStackTrace ()
UnityEngine.Object:Destroy (UnityEngine.Object,single)
UnityEngine.Object:Destroy (UnityEngine.Object)
QuizBattle.Arena.Visuals.CharacterVisualBuilder:CreatePrimitivePart (UnityEngine.Transform,string,UnityEngine.PrimitiveType,UnityEngine.Vector3,UnityEngine.Quaternion,UnityEngine.Vector3,UnityEngine.Material,System.Collections.Generic.List`1<UnityEngine.Renderer>) (at Assets/Scripts/Arena/Visuals/CharacterVisualBuilder.cs:340)
QuizBattle.Arena.Visuals.CharacterVisualBuilder:BuildAegis (UnityEngine.Transform,QuizBattle.Characters.CharacterVisual&,System.Collections.Generic.List`1<UnityEngine.Renderer>,QuizBattle.Arena.Visuals.TokenIdleAnimator) (at Assets/Scripts/Arena/Visuals/CharacterVisualBuilder.cs:145)
QuizBattle.Arena.Visuals.CharacterVisualBuilder:Build (QuizBattle.Characters.CharacterVisual&,UnityEngine.Transform) (at Assets/Scripts/Arena/Visuals/CharacterVisualBuilder.cs:32)
QuizBattle.Arena.CharacterToken:Create (string,QuizBattle.Characters.CharacterVisual&,UnityEngine.Vector3) (at Assets/Scripts/Arena/CharacterToken.cs:54)
QuizBattle.GameState.GameManager:RunAutoPlayMatch (int,int) (at Assets/Scripts/GameState/GameManager.cs:76)
CaptureCurrentArena:Capture () (at Assets/Editor/CaptureCurrentArena.cs:22)

[Assets/Scripts/GameState/GameManager.cs line 76]

ArmR: Destroy may not be called from edit mode! Use DestroyImmediate instead.
Destroying an object in edit mode destroys it permanently
UnityEngine.Debug:ExtractStackTraceNoAlloc (byte*,int,string)
UnityEngine.StackTraceUtility:ExtractStackTrace ()
UnityEngine.Object:Destroy (UnityEngine.Object,single)
UnityEngine.Object:Destroy (UnityEngine.Object)
QuizBattle.Arena.Visuals.CharacterVisualBuilder:CreatePrimitivePart (UnityEngine.Transform,string,UnityEngine.PrimitiveType,UnityEngine.Vector3,UnityEngine.Quaternion,UnityEngine.Vector3,UnityEngine.Material,System.Collections.Generic.List`1<UnityEngine.Renderer>) (at Assets/Scripts/Arena/Visuals/CharacterVisualBuilder.cs:340)
QuizBattle.Arena.Visuals.CharacterVisualBuilder:BuildAegis (UnityEngine.Transform,QuizBattle.Characters.CharacterVisual&,System.Collections.Generic.List`1<UnityEngine.Renderer>,QuizBattle.Arena.Visuals.TokenIdleAnimator) (at Assets/Scripts/Arena/Visuals/CharacterVisualBuilder.cs:146)
QuizBattle.Arena.Visuals.CharacterVisualBuilder:Build (QuizBattle.Characters.CharacterVisual&,UnityEngine.Transform) (at Assets/Scripts/Arena/Visuals/CharacterVisualBuilder.cs:32)
QuizBattle.Arena.CharacterToken:Create (string,QuizBattle.Characters.CharacterVisual&,UnityEngine.Vector3) (at Assets/Scripts/Arena/CharacterToken.cs:54)
QuizBattle.GameState.GameManager:RunAutoPlayMatch (int,int) (at Assets/Scripts/GameState/GameManager.cs:76)
CaptureCurrentArena:Capture () (at Assets/Editor/CaptureCurrentArena.cs:22)

[Assets/Scripts/GameState/GameManager.cs line 76]

ShieldPlate: Destroy may not be called from edit mode! Use DestroyImmediate instead.
Destroying an object in edit mode destroys it permanently
UnityEngine.Debug:ExtractStackTraceNoAlloc (byte*,int,string)
UnityEngine.StackTraceUtility:ExtractStackTrace ()
UnityEngine.Object:Destroy (UnityEngine.Object,single)
UnityEngine.Object:Destroy (UnityEngine.Object)
QuizBattle.Arena.Visuals.CharacterVisualBuilder:CreatePrimitivePart (UnityEngine.Transform,string,UnityEngine.PrimitiveType,UnityEngine.Vector3,UnityEngine.Quaternion,UnityEngine.Vector3,UnityEngine.Material,System.Collections.Generic.List`1<UnityEngine.Renderer>) (at Assets/Scripts/Arena/Visuals/CharacterVisualBuilder.cs:340)
QuizBattle.Arena.Visuals.CharacterVisualBuilder:BuildAegis (UnityEngine.Transform,QuizBattle.Characters.CharacterVisual&,System.Collections.Generic.List`1<UnityEngine.Renderer>,QuizBattle.Arena.Visuals.TokenIdleAnimator) (at Assets/Scripts/Arena/Visuals/CharacterVisualBuilder.cs:153)
QuizBattle.Arena.Visuals.CharacterVisualBuilder:Build (QuizBattle.Characters.CharacterVisual&,UnityEngine.Transform) (at Assets/Scripts/Arena/Visuals/CharacterVisualBuilder.cs:32)
QuizBattle.Arena.CharacterToken:Create (string,QuizBattle.Characters.CharacterVisual&,UnityEngine.Vector3) (at Assets/Scripts/Arena/CharacterToken.cs:54)
QuizBattle.GameState.GameManager:RunAutoPlayMatch (int,int) (at Assets/Scripts/GameState/GameManager.cs:76)
CaptureCurrentArena:Capture () (at Assets/Editor/CaptureCurrentArena.cs:22)

[Assets/Scripts/GameState/GameManager.cs line 76]

ShieldCore: Destroy may not be called from edit mode! Use DestroyImmediate instead.
Destroying an object in edit mode destroys it permanently
UnityEngine.Debug:ExtractStackTraceNoAlloc (byte*,int,string)
UnityEngine.StackTraceUtility:ExtractStackTrace ()
UnityEngine.Object:Destroy (UnityEngine.Object,single)
UnityEngine.Object:Destroy (UnityEngine.Object)
QuizBattle.Arena.Visuals.CharacterVisualBuilder:CreatePrimitivePart (UnityEngine.Transform,string,UnityEngine.PrimitiveType,UnityEngine.Vector3,UnityEngine.Quaternion,UnityEngine.Vector3,UnityEngine.Material,System.Collections.Generic.List`1<UnityEngine.Renderer>) (at Assets/Scripts/Arena/Visuals/CharacterVisualBuilder.cs:340)
QuizBattle.Arena.Visuals.CharacterVisualBuilder:BuildAegis (UnityEngine.Transform,QuizBattle.Characters.CharacterVisual&,System.Collections.Generic.List`1<UnityEngine.Renderer>,QuizBattle.Arena.Visuals.TokenIdleAnimator) (at Assets/Scripts/Arena/Visuals/CharacterVisualBuilder.cs:154)
QuizBattle.Arena.Visuals.CharacterVisualBuilder:Build (QuizBattle.Characters.CharacterVisual&,UnityEngine.Transform) (at Assets/Scripts/Arena/Visuals/CharacterVisualBuilder.cs:32)
QuizBattle.Arena.CharacterToken:Create (string,QuizBattle.Characters.CharacterVisual&,UnityEngine.Vector3) (at Assets/Scripts/Arena/CharacterToken.cs:54)
QuizBattle.GameState.GameManager:RunAutoPlayMatch (int,int) (at Assets/Scripts/GameState/GameManager.cs:76)
CaptureCurrentArena:Capture () (at Assets/Editor/CaptureCurrentArena.cs:22)

[Assets/Scripts/GameState/GameManager.cs line 76]

PowerFist: Destroy may not be called from edit mode! Use DestroyImmediate instead.
Destroying an object in edit mode destroys it permanently
UnityEngine.Debug:ExtractStackTraceNoAlloc (byte*,int,string)
UnityEngine.StackTraceUtility:ExtractStackTrace ()
UnityEngine.Object:Destroy (UnityEngine.Object,single)
UnityEngine.Object:Destroy (UnityEngine.Object)
QuizBattle.Arena.Visuals.CharacterVisualBuilder:CreatePrimitivePart (UnityEngine.Transform,string,UnityEngine.PrimitiveType,UnityEngine.Vector3,UnityEngine.Quaternion,UnityEngine.Vector3,UnityEngine.Material,System.Collections.Generic.List`1<UnityEngine.Renderer>) (at Assets/Scripts/Arena/Visuals/CharacterVisualBuilder.cs:340)
QuizBattle.Arena.Visuals.CharacterVisualBuilder:BuildAegis (UnityEngine.Transform,QuizBattle.Characters.CharacterVisual&,System.Collections.Generic.List`1<UnityEngine.Renderer>,QuizBattle.Arena.Visuals.TokenIdleAnimator) (at Assets/Scripts/Arena/Visuals/CharacterVisualBuilder.cs:158)
QuizBattle.Arena.Visuals.CharacterVisualBuilder:Build (QuizBattle.Characters.CharacterVisual&,UnityEngine.Transform) (at Assets/Scripts/Arena/Visuals/CharacterVisualBuilder.cs:32)
QuizBattle.Arena.CharacterToken:Create (string,QuizBattle.Characters.CharacterVisual&,UnityEngine.Vector3) (at Assets/Scripts/Arena/CharacterToken.cs:54)
QuizBattle.GameState.GameManager:RunAutoPlayMatch (int,int) (at Assets/Scripts/GameState/GameManager.cs:76)
CaptureCurrentArena:Capture () (at Assets/Editor/CaptureCurrentArena.cs:22)

[Assets/Scripts/GameState/GameManager.cs line 76]

LegL: Destroy may not be called from edit mode! Use DestroyImmediate instead.
Destroying an object in edit mode destroys it permanently
UnityEngine.Debug:ExtractStackTraceNoAlloc (byte*,int,string)
UnityEngine.StackTraceUtility:ExtractStackTrace ()
UnityEngine.Object:Destroy (UnityEngine.Object,single)
UnityEngine.Object:Destroy (UnityEngine.Object)
QuizBattle.Arena.Visuals.CharacterVisualBuilder:CreatePrimitivePart (UnityEngine.Transform,string,UnityEngine.PrimitiveType,UnityEngine.Vector3,UnityEngine.Quaternion,UnityEngine.Vector3,UnityEngine.Material,System.Collections.Generic.List`1<UnityEngine.Renderer>) (at Assets/Scripts/Arena/Visuals/CharacterVisualBuilder.cs:340)
QuizBattle.Arena.Visuals.CharacterVisualBuilder:BuildAegis (UnityEngine.Transform,QuizBattle.Characters.CharacterVisual&,System.Collections.Generic.List`1<UnityEngine.Renderer>,QuizBattle.Arena.Visuals.TokenIdleAnimator) (at Assets/Scripts/Arena/Visuals/CharacterVisualBuilder.cs:161)
QuizBattle.Arena.Visuals.CharacterVisualBuilder:Build (QuizBattle.Characters.CharacterVisual&,UnityEngine.Transform) (at Assets/Scripts/Arena/Visuals/CharacterVisualBuilder.cs:32)
QuizBattle.Arena.CharacterToken:Create (string,QuizBattle.Characters.CharacterVisual&,UnityEngine.Vector3) (at Assets/Scripts/Arena/CharacterToken.cs:54)
QuizBattle.GameState.GameManager:RunAutoPlayMatch (int,int) (at Assets/Scripts/GameState/GameManager.cs:76)
CaptureCurrentArena:Capture () (at Assets/Editor/CaptureCurrentArena.cs:22)

[Assets/Scripts/GameState/GameManager.cs line 76]

LegR: Destroy may not be called from edit mode! Use DestroyImmediate instead.
Destroying an object in edit mode destroys it permanently
UnityEngine.Debug:ExtractStackTraceNoAlloc (byte*,int,string)
UnityEngine.StackTraceUtility:ExtractStackTrace ()
UnityEngine.Object:Destroy (UnityEngine.Object,single)
UnityEngine.Object:Destroy (UnityEngine.Object)
QuizBattle.Arena.Visuals.CharacterVisualBuilder:CreatePrimitivePart (UnityEngine.Transform,string,UnityEngine.PrimitiveType,UnityEngine.Vector3,UnityEngine.Quaternion,UnityEngine.Vector3,UnityEngine.Material,System.Collections.Generic.List`1<UnityEngine.Renderer>) (at Assets/Scripts/Arena/Visuals/CharacterVisualBuilder.cs:340)
QuizBattle.Arena.Visuals.CharacterVisualBuilder:BuildAegis (UnityEngine.Transform,QuizBattle.Characters.CharacterVisual&,System.Collections.Generic.List`1<UnityEngine.Renderer>,QuizBattle.Arena.Visuals.TokenIdleAnimator) (at Assets/Scripts/Arena/Visuals/CharacterVisualBuilder.cs:162)
QuizBattle.Arena.Visuals.CharacterVisualBuilder:Build (QuizBattle.Characters.CharacterVisual&,UnityEngine.Transform) (at Assets/Scripts/Arena/Visuals/CharacterVisualBuilder.cs:32)
QuizBattle.Arena.CharacterToken:Create (string,QuizBattle.Characters.CharacterVisual&,UnityEngine.Vector3) (at Assets/Scripts/Arena/CharacterToken.cs:54)
QuizBattle.GameState.GameManager:RunAutoPlayMatch (int,int) (at Assets/Scripts/GameState/GameManager.cs:76)
CaptureCurrentArena:Capture () (at Assets/Editor/CaptureCurrentArena.cs:22)

[Assets/Scripts/GameState/GameManager.cs line 76]

FootL: Destroy may not be called from edit mode! Use DestroyImmediate instead.
Destroying an object in edit mode destroys it permanently
UnityEngine.Debug:ExtractStackTraceNoAlloc (byte*,int,string)
UnityEngine.StackTraceUtility:ExtractStackTrace ()
UnityEngine.Object:Destroy (UnityEngine.Object,single)
UnityEngine.Object:Destroy (UnityEngine.Object)
QuizBattle.Arena.Visuals.CharacterVisualBuilder:CreatePrimitivePart (UnityEngine.Transform,string,UnityEngine.PrimitiveType,UnityEngine.Vector3,UnityEngine.Quaternion,UnityEngine.Vector3,UnityEngine.Material,System.Collections.Generic.List`1<UnityEngine.Renderer>) (at Assets/Scripts/Arena/Visuals/CharacterVisualBuilder.cs:340)
QuizBattle.Arena.Visuals.CharacterVisualBuilder:BuildAegis (UnityEngine.Transform,QuizBattle.Characters.CharacterVisual&,System.Collections.Generic.List`1<UnityEngine.Renderer>,QuizBattle.Arena.Visuals.TokenIdleAnimator) (at Assets/Scripts/Arena/Visuals/CharacterVisualBuilder.cs:163)
QuizBattle.Arena.Visuals.CharacterVisualBuilder:Build (QuizBattle.Characters.CharacterVisual&,UnityEngine.Transform) (at Assets/Scripts/Arena/Visuals/CharacterVisualBuilder.cs:32)
QuizBattle.Arena.CharacterToken:Create (string,QuizBattle.Characters.CharacterVisual&,UnityEngine.Vector3) (at Assets/Scripts/Arena/CharacterToken.cs:54)
QuizBattle.GameState.GameManager:RunAutoPlayMatch (int,int) (at Assets/Scripts/GameState/GameManager.cs:76)
CaptureCurrentArena:Capture () (at Assets/Editor/CaptureCurrentArena.cs:22)

[Assets/Scripts/GameState/GameManager.cs line 76]

FootR: Destroy may not be called from edit mode! Use DestroyImmediate instead.
Destroying an object in edit mode destroys it permanently
UnityEngine.Debug:ExtractStackTraceNoAlloc (byte*,int,string)
UnityEngine.StackTraceUtility:ExtractStackTrace ()
UnityEngine.Object:Destroy (UnityEngine.Object,single)
UnityEngine.Object:Destroy (UnityEngine.Object)
QuizBattle.Arena.Visuals.CharacterVisualBuilder:CreatePrimitivePart (UnityEngine.Transform,string,UnityEngine.PrimitiveType,UnityEngine.Vector3,UnityEngine.Quaternion,UnityEngine.Vector3,UnityEngine.Material,System.Collections.Generic.List`1<UnityEngine.Renderer>) (at Assets/Scripts/Arena/Visuals/CharacterVisualBuilder.cs:340)
QuizBattle.Arena.Visuals.CharacterVisualBuilder:BuildAegis (UnityEngine.Transform,QuizBattle.Characters.CharacterVisual&,System.Collections.Generic.List`1<UnityEngine.Renderer>,QuizBattle.Arena.Visuals.TokenIdleAnimator) (at Assets/Scripts/Arena/Visuals/CharacterVisualBuilder.cs:164)
QuizBattle.Arena.Visuals.CharacterVisualBuilder:Build (QuizBattle.Characters.CharacterVisual&,UnityEngine.Transform) (at Assets/Scripts/Arena/Visuals/CharacterVisualBuilder.cs:32)
QuizBattle.Arena.CharacterToken:Create (string,QuizBattle.Characters.CharacterVisual&,UnityEngine.Vector3) (at Assets/Scripts/Arena/CharacterToken.cs:54)
QuizBattle.GameState.GameManager:RunAutoPlayMatch (int,int) (at Assets/Scripts/GameState/GameManager.cs:76)
CaptureCurrentArena:Capture () (at Assets/Editor/CaptureCurrentArena.cs:22)

[Assets/Scripts/GameState/GameManager.cs line 76]

BlobShadow: Destroy may not be called from edit mode! Use DestroyImmediate instead.
Destroying an object in edit mode destroys it permanently
UnityEngine.Debug:ExtractStackTraceNoAlloc (byte*,int,string)
UnityEngine.StackTraceUtility:ExtractStackTrace ()
UnityEngine.Object:Destroy (UnityEngine.Object,single)
UnityEngine.Object:Destroy (UnityEngine.Object)
QuizBattle.Arena.Visuals.CharacterVisualBuilder:CreatePrimitivePart (UnityEngine.Transform,string,UnityEngine.PrimitiveType,UnityEngine.Vector3,UnityEngine.Quaternion,UnityEngine.Vector3,UnityEngine.Material,System.Collections.Generic.List`1<UnityEngine.Renderer>) (at Assets/Scripts/Arena/Visuals/CharacterVisualBuilder.cs:340)
QuizBattle.Arena.Visuals.CharacterVisualBuilder:AddGroundDisc (UnityEngine.Transform,UnityEngine.Color,System.Collections.Generic.List`1<UnityEngine.Renderer>,single) (at Assets/Scripts/Arena/Visuals/CharacterVisualBuilder.cs:307)
QuizBattle.Arena.Visuals.CharacterVisualBuilder:BuildAegis (UnityEngine.Transform,QuizBattle.Characters.CharacterVisual&,System.Collections.Generic.List`1<UnityEngine.Renderer>,QuizBattle.Arena.Visuals.TokenIdleAnimator) (at Assets/Scripts/Arena/Visuals/CharacterVisualBuilder.cs:166)
QuizBattle.Arena.Visuals.CharacterVisualBuilder:Build (QuizBattle.Characters.CharacterVisual&,UnityEngine.Transform) (at Assets/Scripts/Arena/Visuals/CharacterVisualBuilder.cs:32)
QuizBattle.Arena.CharacterToken:Create (string,QuizBattle.Characters.CharacterVisual&,UnityEngine.Vector3) (at Assets/Scripts/Arena/CharacterToken.cs:54)
QuizBattle.GameState.GameManager:RunAutoPlayMatch (int,int) (at Assets/Scripts/GameState/GameManager.cs:76)
CaptureCurrentArena:Capture () (at Assets/Editor/CaptureCurrentArena.cs:22)

[Assets/Scripts/GameState/GameManager.cs line 76]

Instantiating material due to calling renderer.material during edit mode. This will leak materials into the scene. You most likely want to use renderer.sharedMaterial instead.
UnityEngine.Debug:ExtractStackTraceNoAlloc (byte*,int,string)
UnityEngine.StackTraceUtility:ExtractStackTrace ()
UnityEngine.Renderer:GetMaterial ()
UnityEngine.Renderer:get_material ()
TMPro.TextMeshPro:SetOutlineThickness (single) (at ./Library/PackageCache/com.unity.ugui@67707a67a4ab/Runtime/TMP/TextMeshPro.cs:1318)
TMPro.TMP_Text:set_outlineWidth (single) (at ./Library/PackageCache/com.unity.ugui@67707a67a4ab/Runtime/TMP/TMP_Text.cs:450)
QuizBattle.Arena.CharacterToken:CreateNameLabel (UnityEngine.Transform) (at Assets/Scripts/Arena/CharacterToken.cs:139)
QuizBattle.Arena.CharacterToken:Create (string,QuizBattle.Characters.CharacterVisual&,UnityEngine.Vector3) (at Assets/Scripts/Arena/CharacterToken.cs:61)
QuizBattle.GameState.GameManager:RunAutoPlayMatch (int,int) (at Assets/Scripts/GameState/GameManager.cs:76)
CaptureCurrentArena:Capture () (at Assets/Editor/CaptureCurrentArena.cs:22)

[Assets/Scripts/GameState/GameManager.cs line 76]

HpBarFrame: Destroy may not be called from edit mode! Use DestroyImmediate instead.
Destroying an object in edit mode destroys it permanently
UnityEngine.Debug:ExtractStackTraceNoAlloc (byte*,int,string)
UnityEngine.StackTraceUtility:ExtractStackTrace ()
UnityEngine.Object:Destroy (UnityEngine.Object,single)
UnityEngine.Object:Destroy (UnityEngine.Object)
QuizBattle.Arena.CharacterToken:CreateHpBar (UnityEngine.Transform,UnityEngine.Color) (at Assets/Scripts/Arena/CharacterToken.cs:155)
QuizBattle.Arena.CharacterToken:Create (string,QuizBattle.Characters.CharacterVisual&,UnityEngine.Vector3) (at Assets/Scripts/Arena/CharacterToken.cs:62)
QuizBattle.GameState.GameManager:RunAutoPlayMatch (int,int) (at Assets/Scripts/GameState/GameManager.cs:76)
CaptureCurrentArena:Capture () (at Assets/Editor/CaptureCurrentArena.cs:22)

[Assets/Scripts/GameState/GameManager.cs line 76]

HpBarBg: Destroy may not be called from edit mode! Use DestroyImmediate instead.
Destroying an object in edit mode destroys it permanently
UnityEngine.Debug:ExtractStackTraceNoAlloc (byte*,int,string)
UnityEngine.StackTraceUtility:ExtractStackTrace ()
UnityEngine.Object:Destroy (UnityEngine.Object,single)
UnityEngine.Object:Destroy (UnityEngine.Object)
QuizBattle.Arena.CharacterToken:CreateHpBar (UnityEngine.Transform,UnityEngine.Color) (at Assets/Scripts/Arena/CharacterToken.cs:174)
QuizBattle.Arena.CharacterToken:Create (string,QuizBattle.Characters.CharacterVisual&,UnityEngine.Vector3) (at Assets/Scripts/Arena/CharacterToken.cs:62)
QuizBattle.GameState.GameManager:RunAutoPlayMatch (int,int) (at Assets/Scripts/GameState/GameManager.cs:76)
CaptureCurrentArena:Capture () (at Assets/Editor/CaptureCurrentArena.cs:22)

[Assets/Scripts/GameState/GameManager.cs line 76]

HpBarFill: Destroy may not be called from edit mode! Use DestroyImmediate instead.
Destroying an object in edit mode destroys it permanently
UnityEngine.Debug:ExtractStackTraceNoAlloc (byte*,int,string)
UnityEngine.StackTraceUtility:ExtractStackTrace ()
UnityEngine.Object:Destroy (UnityEngine.Object,single)
UnityEngine.Object:Destroy (UnityEngine.Object)
QuizBattle.Arena.CharacterToken:CreateHpBar (UnityEngine.Transform,UnityEngine.Color) (at Assets/Scripts/Arena/CharacterToken.cs:197)
QuizBattle.Arena.CharacterToken:Create (string,QuizBattle.Characters.CharacterVisual&,UnityEngine.Vector3) (at Assets/Scripts/Arena/CharacterToken.cs:62)
QuizBattle.GameState.GameManager:RunAutoPlayMatch (int,int) (at Assets/Scripts/GameState/GameManager.cs:76)
CaptureCurrentArena:Capture () (at Assets/Editor/CaptureCurrentArena.cs:22)

[Assets/Scripts/GameState/GameManager.cs line 76]

MainIceCube: Destroy may not be called from edit mode! Use DestroyImmediate instead.
Destroying an object in edit mode destroys it permanently
UnityEngine.Debug:ExtractStackTraceNoAlloc (byte*,int,string)
UnityEngine.StackTraceUtility:ExtractStackTrace ()
UnityEngine.Object:Destroy (UnityEngine.Object,single)
UnityEngine.Object:Destroy (UnityEngine.Object)
QuizBattle.Arena.CharacterToken:CreateFrozenIndicator (UnityEngine.Transform) (at Assets/Scripts/Arena/CharacterToken.cs:96)
QuizBattle.Arena.CharacterToken:Create (string,QuizBattle.Characters.CharacterVisual&,UnityEngine.Vector3) (at Assets/Scripts/Arena/CharacterToken.cs:63)
QuizBattle.GameState.GameManager:RunAutoPlayMatch (int,int) (at Assets/Scripts/GameState/GameManager.cs:76)
CaptureCurrentArena:Capture () (at Assets/Editor/CaptureCurrentArena.cs:22)

[Assets/Scripts/GameState/GameManager.cs line 76]

IceSpike_0: Destroy may not be called from edit mode! Use DestroyImmediate instead.
Destroying an object in edit mode destroys it permanently
UnityEngine.Debug:ExtractStackTraceNoAlloc (byte*,int,string)
UnityEngine.StackTraceUtility:ExtractStackTrace ()
UnityEngine.Object:Destroy (UnityEngine.Object,single)
UnityEngine.Object:Destroy (UnityEngine.Object)
QuizBattle.Arena.CharacterToken:CreateFrozenIndicator (UnityEngine.Transform) (at Assets/Scripts/Arena/CharacterToken.cs:109)
QuizBattle.Arena.CharacterToken:Create (string,QuizBattle.Characters.CharacterVisual&,UnityEngine.Vector3) (at Assets/Scripts/Arena/CharacterToken.cs:63)
QuizBattle.GameState.GameManager:RunAutoPlayMatch (int,int) (at Assets/Scripts/GameState/GameManager.cs:76)
CaptureCurrentArena:Capture () (at Assets/Editor/CaptureCurrentArena.cs:22)

[Assets/Scripts/GameState/GameManager.cs line 76]

IceSpike_1: Destroy may not be called from edit mode! Use DestroyImmediate instead.
Destroying an object in edit mode destroys it permanently
UnityEngine.Debug:ExtractStackTraceNoAlloc (byte*,int,string)
UnityEngine.StackTraceUtility:ExtractStackTrace ()
UnityEngine.Object:Destroy (UnityEngine.Object,single)
UnityEngine.Object:Destroy (UnityEngine.Object)
QuizBattle.Arena.CharacterToken:CreateFrozenIndicator (UnityEngine.Transform) (at Assets/Scripts/Arena/CharacterToken.cs:109)
QuizBattle.Arena.CharacterToken:Create (string,QuizBattle.Characters.CharacterVisual&,UnityEngine.Vector3) (at Assets/Scripts/Arena/CharacterToken.cs:63)
QuizBattle.GameState.GameManager:RunAutoPlayMatch (int,int) (at Assets/Scripts/GameState/GameManager.cs:76)
CaptureCurrentArena:Capture () (at Assets/Editor/CaptureCurrentArena.cs:22)

[Assets/Scripts/GameState/GameManager.cs line 76]

IceSpike_2: Destroy may not be called from edit mode! Use DestroyImmediate instead.
Destroying an object in edit mode destroys it permanently
UnityEngine.Debug:ExtractStackTraceNoAlloc (byte*,int,string)
UnityEngine.StackTraceUtility:ExtractStackTrace ()
UnityEngine.Object:Destroy (UnityEngine.Object,single)
UnityEngine.Object:Destroy (UnityEngine.Object)
QuizBattle.Arena.CharacterToken:CreateFrozenIndicator (UnityEngine.Transform) (at Assets/Scripts/Arena/CharacterToken.cs:109)
QuizBattle.Arena.CharacterToken:Create (string,QuizBattle.Characters.CharacterVisual&,UnityEngine.Vector3) (at Assets/Scripts/Arena/CharacterToken.cs:63)
QuizBattle.GameState.GameManager:RunAutoPlayMatch (int,int) (at Assets/Scripts/GameState/GameManager.cs:76)
CaptureCurrentArena:Capture () (at Assets/Editor/CaptureCurrentArena.cs:22)

[Assets/Scripts/GameState/GameManager.cs line 76]

IceSpike_3: Destroy may not be called from edit mode! Use DestroyImmediate instead.
Destroying an object in edit mode destroys it permanently
UnityEngine.Debug:ExtractStackTraceNoAlloc (byte*,int,string)
UnityEngine.StackTraceUtility:ExtractStackTrace ()
UnityEngine.Object:Destroy (UnityEngine.Object,single)
UnityEngine.Object:Destroy (UnityEngine.Object)
QuizBattle.Arena.CharacterToken:CreateFrozenIndicator (UnityEngine.Transform) (at Assets/Scripts/Arena/CharacterToken.cs:109)
QuizBattle.Arena.CharacterToken:Create (string,QuizBattle.Characters.CharacterVisual&,UnityEngine.Vector3) (at Assets/Scripts/Arena/CharacterToken.cs:63)
QuizBattle.GameState.GameManager:RunAutoPlayMatch (int,int) (at Assets/Scripts/GameState/GameManager.cs:76)
CaptureCurrentArena:Capture () (at Assets/Editor/CaptureCurrentArena.cs:22)

[Assets/Scripts/GameState/GameManager.cs line 76]

FrostRing: Destroy may not be called from edit mode! Use DestroyImmediate instead.
Destroying an object in edit mode destroys it permanently
UnityEngine.Debug:ExtractStackTraceNoAlloc (byte*,int,string)
UnityEngine.StackTraceUtility:ExtractStackTrace ()
UnityEngine.Object:Destroy (UnityEngine.Object,single)
UnityEngine.Object:Destroy (UnityEngine.Object)
QuizBattle.Arena.CharacterToken:CreateFrozenIndicator (UnityEngine.Transform) (at Assets/Scripts/Arena/CharacterToken.cs:119)
QuizBattle.Arena.CharacterToken:Create (string,QuizBattle.Characters.CharacterVisual&,UnityEngine.Vector3) (at Assets/Scripts/Arena/CharacterToken.cs:63)
QuizBattle.GameState.GameManager:RunAutoPlayMatch (int,int) (at Assets/Scripts/GameState/GameManager.cs:76)
CaptureCurrentArena:Capture () (at Assets/Editor/CaptureCurrentArena.cs:22)

[Assets/Scripts/GameState/GameManager.cs line 76]

Torso: Destroy may not be called from edit mode! Use DestroyImmediate instead.
Destroying an object in edit mode destroys it permanently
UnityEngine.Debug:ExtractStackTraceNoAlloc (byte*,int,string)
UnityEngine.StackTraceUtility:ExtractStackTrace ()
UnityEngine.Object:Destroy (UnityEngine.Object,single)
UnityEngine.Object:Destroy (UnityEngine.Object)
QuizBattle.Arena.Visuals.CharacterVisualBuilder:CreatePrimitivePart (UnityEngine.Transform,string,UnityEngine.PrimitiveType,UnityEngine.Vector3,UnityEngine.Quaternion,UnityEngine.Vector3,UnityEngine.Material,System.Collections.Generic.List`1<UnityEngine.Renderer>) (at Assets/Scripts/Arena/Visuals/CharacterVisualBuilder.cs:340)
QuizBattle.Arena.Visuals.CharacterVisualBuilder:BuildBlaze (UnityEngine.Transform,QuizBattle.Characters.CharacterVisual&,System.Collections.Generic.List`1<UnityEngine.Renderer>,QuizBattle.Arena.Visuals.TokenIdleAnimator) (at Assets/Scripts/Arena/Visuals/CharacterVisualBuilder.cs:65)
QuizBattle.Arena.Visuals.CharacterVisualBuilder:Build (QuizBattle.Characters.CharacterVisual&,UnityEngine.Transform) (at Assets/Scripts/Arena/Visuals/CharacterVisualBuilder.cs:29)
QuizBattle.Arena.CharacterToken:Create (string,QuizBattle.Characters.CharacterVisual&,UnityEngine.Vector3) (at Assets/Scripts/Arena/CharacterToken.cs:54)
QuizBattle.GameState.GameManager:RunAutoPlayMatch (int,int) (at Assets/Scripts/GameState/GameManager.cs:76)
CaptureCurrentArena:Capture () (at Assets/Editor/CaptureCurrentArena.cs:22)

[Assets/Scripts/GameState/GameManager.cs line 76]

ChestPlate: Destroy may not be called from edit mode! Use DestroyImmediate instead.
Destroying an object in edit mode destroys it permanently
UnityEngine.Debug:ExtractStackTraceNoAlloc (byte*,int,string)
UnityEngine.StackTraceUtility:ExtractStackTrace ()
UnityEngine.Object:Destroy (UnityEngine.Object,single)
UnityEngine.Object:Destroy (UnityEngine.Object)
QuizBattle.Arena.Visuals.CharacterVisualBuilder:CreatePrimitivePart (UnityEngine.Transform,string,UnityEngine.PrimitiveType,UnityEngine.Vector3,UnityEngine.Quaternion,UnityEngine.Vector3,UnityEngine.Material,System.Collections.Generic.List`1<UnityEngine.Renderer>) (at Assets/Scripts/Arena/Visuals/CharacterVisualBuilder.cs:340)
QuizBattle.Arena.Visuals.CharacterVisualBuilder:BuildBlaze (UnityEngine.Transform,QuizBattle.Characters.CharacterVisual&,System.Collections.Generic.List`1<UnityEngine.Renderer>,QuizBattle.Arena.Visuals.TokenIdleAnimator) (at Assets/Scripts/Arena/Visuals/CharacterVisualBuilder.cs:66)
QuizBattle.Arena.Visuals.CharacterVisualBuilder:Build (QuizBattle.Characters.CharacterVisual&,UnityEngine.Transform) (at Assets/Scripts/Arena/Visuals/CharacterVisualBuilder.cs:29)
QuizBattle.Arena.CharacterToken:Create (string,QuizBattle.Characters.CharacterVisual&,UnityEngine.Vector3) (at Assets/Scripts/Arena/CharacterToken.cs:54)
QuizBattle.GameState.GameManager:RunAutoPlayMatch (int,int) (at Assets/Scripts/GameState/GameManager.cs:76)
CaptureCurrentArena:Capture () (at Assets/Editor/CaptureCurrentArena.cs:22)

[Assets/Scripts/GameState/GameManager.cs line 76]

CoreGem: Destroy may not be called from edit mode! Use DestroyImmediate instead.
Destroying an object in edit mode destroys it permanently
UnityEngine.Debug:ExtractStackTraceNoAlloc (byte*,int,string)
UnityEngine.StackTraceUtility:ExtractStackTrace ()
UnityEngine.Object:Destroy (UnityEngine.Object,single)
UnityEngine.Object:Destroy (UnityEngine.Object)
QuizBattle.Arena.Visuals.CharacterVisualBuilder:CreatePrimitivePart (UnityEngine.Transform,string,UnityEngine.PrimitiveType,UnityEngine.Vector3,UnityEngine.Quaternion,UnityEngine.Vector3,UnityEngine.Material,System.Collections.Generic.List`1<UnityEngine.Renderer>) (at Assets/Scripts/Arena/Visuals/CharacterVisualBuilder.cs:340)
QuizBattle.Arena.Visuals.CharacterVisualBuilder:BuildBlaze (UnityEngine.Transform,QuizBattle.Characters.CharacterVisual&,System.Collections.Generic.List`1<UnityEngine.Renderer>,QuizBattle.Arena.Visuals.TokenIdleAnimator) (at Assets/Scripts/Arena/Visuals/CharacterVisualBuilder.cs:67)
QuizBattle.Arena.Visuals.CharacterVisualBuilder:Build (QuizBattle.Characters.CharacterVisual&,UnityEngine.Transform) (at Assets/Scripts/Arena/Visuals/CharacterVisualBuilder.cs:29)
QuizBattle.Arena.CharacterToken:Create (string,QuizBattle.Characters.CharacterVisual&,UnityEngine.Vector3) (at Assets/Scripts/Arena/CharacterToken.cs:54)
QuizBattle.GameState.GameManager:RunAutoPlayMatch (int,int) (at Assets/Scripts/GameState/GameManager.cs:76)
CaptureCurrentArena:Capture () (at Assets/Editor/CaptureCurrentArena.cs:22)

[Assets/Scripts/GameState/GameManager.cs line 76]

Cape: Destroy may not be called from edit mode! Use DestroyImmediate instead.
Destroying an object in edit mode destroys it permanently
UnityEngine.Debug:ExtractStackTraceNoAlloc (byte*,int,string)
UnityEngine.StackTraceUtility:ExtractStackTrace ()
UnityEngine.Object:Destroy (UnityEngine.Object,single)
UnityEngine.Object:Destroy (UnityEngine.Object)
QuizBattle.Arena.Visuals.CharacterVisualBuilder:CreatePrimitivePart (UnityEngine.Transform,string,UnityEngine.PrimitiveType,UnityEngine.Vector3,UnityEngine.Quaternion,UnityEngine.Vector3,UnityEngine.Material,System.Collections.Generic.List`1<UnityEngine.Renderer>) (at Assets/Scripts/Arena/Visuals/CharacterVisualBuilder.cs:340)
QuizBattle.Arena.Visuals.CharacterVisualBuilder:BuildBlaze (UnityEngine.Transform,QuizBattle.Characters.CharacterVisual&,System.Collections.Generic.List`1<UnityEngine.Renderer>,QuizBattle.Arena.Visuals.TokenIdleAnimator) (at Assets/Scripts/Arena/Visuals/CharacterVisualBuilder.cs:70)
QuizBattle.Arena.Visuals.CharacterVisualBuilder:Build (QuizBattle.Characters.CharacterVisual&,UnityEngine.Transform) (at Assets/Scripts/Arena/Visuals/CharacterVisualBuilder.cs:29)
QuizBattle.Arena.CharacterToken:Create (string,QuizBattle.Characters.CharacterVisual&,UnityEngine.Vector3) (at Assets/Scripts/Arena/CharacterToken.cs:54)
QuizBattle.GameState.GameManager:RunAutoPlayMatch (int,int) (at Assets/Scripts/GameState/GameManager.cs:76)
CaptureCurrentArena:Capture () (at Assets/Editor/CaptureCurrentArena.cs:22)

[Assets/Scripts/GameState/GameManager.cs line 76]

Head: Destroy may not be called from edit mode! Use DestroyImmediate instead.
Destroying an object in edit mode destroys it permanently
UnityEngine.Debug:ExtractStackTraceNoAlloc (byte*,int,string)
UnityEngine.StackTraceUtility:ExtractStackTrace ()
UnityEngine.Object:Destroy (UnityEngine.Object,single)
UnityEngine.Object:Destroy (UnityEngine.Object)
QuizBattle.Arena.Visuals.CharacterVisualBuilder:CreatePrimitivePart (UnityEngine.Transform,string,UnityEngine.PrimitiveType,UnityEngine.Vector3,UnityEngine.Quaternion,UnityEngine.Vector3,UnityEngine.Material,System.Collections.Generic.List`1<UnityEngine.Renderer>) (at Assets/Scripts/Arena/Visuals/CharacterVisualBuilder.cs:340)
QuizBattle.Arena.Visuals.CharacterVisualBuilder:BuildBlaze (UnityEngine.Transform,QuizBattle.Characters.CharacterVisual&,System.Collections.Generic.List`1<UnityEngine.Renderer>,QuizBattle.Arena.Visuals.TokenIdleAnimator) (at Assets/Scripts/Arena/Visuals/CharacterVisualBuilder.cs:73)
QuizBattle.Arena.Visuals.CharacterVisualBuilder:Build (QuizBattle.Characters.CharacterVisual&,UnityEngine.Transform) (at Assets/Scripts/Arena/Visuals/CharacterVisualBuilder.cs:29)
QuizBattle.Arena.CharacterToken:Create (string,QuizBattle.Characters.CharacterVisual&,UnityEngine.Vector3) (at Assets/Scripts/Arena/CharacterToken.cs:54)
QuizBattle.GameState.GameManager:RunAutoPlayMatch (int,int) (at Assets/Scripts/GameState/GameManager.cs:76)
CaptureCurrentArena:Capture () (at Assets/Editor/CaptureCurrentArena.cs:22)

[Assets/Scripts/GameState/GameManager.cs line 76]

EyeL: Destroy may not be called from edit mode! Use DestroyImmediate instead.
Destroying an object in edit mode destroys it permanently
UnityEngine.Debug:ExtractStackTraceNoAlloc (byte*,int,string)
UnityEngine.StackTraceUtility:ExtractStackTrace ()
UnityEngine.Object:Destroy (UnityEngine.Object,single)
UnityEngine.Object:Destroy (UnityEngine.Object)
QuizBattle.Arena.Visuals.CharacterVisualBuilder:CreatePrimitivePart (UnityEngine.Transform,string,UnityEngine.PrimitiveType,UnityEngine.Vector3,UnityEngine.Quaternion,UnityEngine.Vector3,UnityEngine.Material,System.Collections.Generic.List`1<UnityEngine.Renderer>) (at Assets/Scripts/Arena/Visuals/CharacterVisualBuilder.cs:340)
QuizBattle.Arena.Visuals.CharacterVisualBuilder:BuildBlaze (UnityEngine.Transform,QuizBattle.Characters.CharacterVisual&,System.Collections.Generic.List`1<UnityEngine.Renderer>,QuizBattle.Arena.Visuals.TokenIdleAnimator) (at Assets/Scripts/Arena/Visuals/CharacterVisualBuilder.cs:74)
QuizBattle.Arena.Visuals.CharacterVisualBuilder:Build (QuizBattle.Characters.CharacterVisual&,UnityEngine.Transform) (at Assets/Scripts/Arena/Visuals/CharacterVisualBuilder.cs:29)
QuizBattle.Arena.CharacterToken:Create (string,QuizBattle.Characters.CharacterVisual&,UnityEngine.Vector3) (at Assets/Scripts/Arena/CharacterToken.cs:54)
QuizBattle.GameState.GameManager:RunAutoPlayMatch (int,int) (at Assets/Scripts/GameState/GameManager.cs:76)
CaptureCurrentArena:Capture () (at Assets/Editor/CaptureCurrentArena.cs:22)

[Assets/Scripts/GameState/GameManager.cs line 76]

EyeR: Destroy may not be called from edit mode! Use DestroyImmediate instead.
Destroying an object in edit mode destroys it permanently
UnityEngine.Debug:ExtractStackTraceNoAlloc (byte*,int,string)
UnityEngine.StackTraceUtility:ExtractStackTrace ()
UnityEngine.Object:Destroy (UnityEngine.Object,single)
UnityEngine.Object:Destroy (UnityEngine.Object)
QuizBattle.Arena.Visuals.CharacterVisualBuilder:CreatePrimitivePart (UnityEngine.Transform,string,UnityEngine.PrimitiveType,UnityEngine.Vector3,UnityEngine.Quaternion,UnityEngine.Vector3,UnityEngine.Material,System.Collections.Generic.List`1<UnityEngine.Renderer>) (at Assets/Scripts/Arena/Visuals/CharacterVisualBuilder.cs:340)
QuizBattle.Arena.Visuals.CharacterVisualBuilder:BuildBlaze (UnityEngine.Transform,QuizBattle.Characters.CharacterVisual&,System.Collections.Generic.List`1<UnityEngine.Renderer>,QuizBattle.Arena.Visuals.TokenIdleAnimator) (at Assets/Scripts/Arena/Visuals/CharacterVisualBuilder.cs:75)
QuizBattle.Arena.Visuals.CharacterVisualBuilder:Build (QuizBattle.Characters.CharacterVisual&,UnityEngine.Transform) (at Assets/Scripts/Arena/Visuals/CharacterVisualBuilder.cs:29)
QuizBattle.Arena.CharacterToken:Create (string,QuizBattle.Characters.CharacterVisual&,UnityEngine.Vector3) (at Assets/Scripts/Arena/CharacterToken.cs:54)
QuizBattle.GameState.GameManager:RunAutoPlayMatch (int,int) (at Assets/Scripts/GameState/GameManager.cs:76)
CaptureCurrentArena:Capture () (at Assets/Editor/CaptureCurrentArena.cs:22)

[Assets/Scripts/GameState/GameManager.cs line 76]

HelmetDome: Destroy may not be called from edit mode! Use DestroyImmediate instead.
Destroying an object in edit mode destroys it permanently
UnityEngine.Debug:ExtractStackTraceNoAlloc (byte*,int,string)
UnityEngine.StackTraceUtility:ExtractStackTrace ()
UnityEngine.Object:Destroy (UnityEngine.Object,single)
UnityEngine.Object:Destroy (UnityEngine.Object)
QuizBattle.Arena.Visuals.CharacterVisualBuilder:CreatePrimitivePart (UnityEngine.Transform,string,UnityEngine.PrimitiveType,UnityEngine.Vector3,UnityEngine.Quaternion,UnityEngine.Vector3,UnityEngine.Material,System.Collections.Generic.List`1<UnityEngine.Renderer>) (at Assets/Scripts/Arena/Visuals/CharacterVisualBuilder.cs:340)
QuizBattle.Arena.Visuals.CharacterVisualBuilder:BuildBlaze (UnityEngine.Transform,QuizBattle.Characters.CharacterVisual&,System.Collections.Generic.List`1<UnityEngine.Renderer>,QuizBattle.Arena.Visuals.TokenIdleAnimator) (at Assets/Scripts/Arena/Visuals/CharacterVisualBuilder.cs:78)
QuizBattle.Arena.Visuals.CharacterVisualBuilder:Build (QuizBattle.Characters.CharacterVisual&,UnityEngine.Transform) (at Assets/Scripts/Arena/Visuals/CharacterVisualBuilder.cs:29)
QuizBattle.Arena.CharacterToken:Create (string,QuizBattle.Characters.CharacterVisual&,UnityEngine.Vector3) (at Assets/Scripts/Arena/CharacterToken.cs:54)
QuizBattle.GameState.GameManager:RunAutoPlayMatch (int,int) (at Assets/Scripts/GameState/GameManager.cs:76)
CaptureCurrentArena:Capture () (at Assets/Editor/CaptureCurrentArena.cs:22)

[Assets/Scripts/GameState/GameManager.cs line 76]

HornL: Destroy may not be called from edit mode! Use DestroyImmediate instead.
Destroying an object in edit mode destroys it permanently
UnityEngine.Debug:ExtractStackTraceNoAlloc (byte*,int,string)
UnityEngine.StackTraceUtility:ExtractStackTrace ()
UnityEngine.Object:Destroy (UnityEngine.Object,single)
UnityEngine.Object:Destroy (UnityEngine.Object)
QuizBattle.Arena.Visuals.CharacterVisualBuilder:CreatePrimitivePart (UnityEngine.Transform,string,UnityEngine.PrimitiveType,UnityEngine.Vector3,UnityEngine.Quaternion,UnityEngine.Vector3,UnityEngine.Material,System.Collections.Generic.List`1<UnityEngine.Renderer>) (at Assets/Scripts/Arena/Visuals/CharacterVisualBuilder.cs:340)
QuizBattle.Arena.Visuals.CharacterVisualBuilder:BuildBlaze (UnityEngine.Transform,QuizBattle.Characters.CharacterVisual&,System.Collections.Generic.List`1<UnityEngine.Renderer>,QuizBattle.Arena.Visuals.TokenIdleAnimator) (at Assets/Scripts/Arena/Visuals/CharacterVisualBuilder.cs:79)
QuizBattle.Arena.Visuals.CharacterVisualBuilder:Build (QuizBattle.Characters.CharacterVisual&,UnityEngine.Transform) (at Assets/Scripts/Arena/Visuals/CharacterVisualBuilder.cs:29)
QuizBattle.Arena.CharacterToken:Create (string,QuizBattle.Characters.CharacterVisual&,UnityEngine.Vector3) (at Assets/Scripts/Arena/CharacterToken.cs:54)
QuizBattle.GameState.GameManager:RunAutoPlayMatch (int,int) (at Assets/Scripts/GameState/GameManager.cs:76)
CaptureCurrentArena:Capture () (at Assets/Editor/CaptureCurrentArena.cs:22)

[Assets/Scripts/GameState/GameManager.cs line 76]

HornR: Destroy may not be called from edit mode! Use DestroyImmediate instead.
Destroying an object in edit mode destroys it permanently
UnityEngine.Debug:ExtractStackTraceNoAlloc (byte*,int,string)
UnityEngine.StackTraceUtility:ExtractStackTrace ()
UnityEngine.Object:Destroy (UnityEngine.Object,single)
UnityEngine.Object:Destroy (UnityEngine.Object)
QuizBattle.Arena.Visuals.CharacterVisualBuilder:CreatePrimitivePart (UnityEngine.Transform,string,UnityEngine.PrimitiveType,UnityEngine.Vector3,UnityEngine.Quaternion,UnityEngine.Vector3,UnityEngine.Material,System.Collections.Generic.List`1<UnityEngine.Renderer>) (at Assets/Scripts/Arena/Visuals/CharacterVisualBuilder.cs:340)
QuizBattle.Arena.Visuals.CharacterVisualBuilder:BuildBlaze (UnityEngine.Transform,QuizBattle.Characters.CharacterVisual&,System.Collections.Generic.List`1<UnityEngine.Renderer>,QuizBattle.Arena.Visuals.TokenIdleAnimator) (at Assets/Scripts/Arena/Visuals/CharacterVisualBuilder.cs:80)
QuizBattle.Arena.Visuals.CharacterVisualBuilder:Build (QuizBattle.Characters.CharacterVisual&,UnityEngine.Transform) (at Assets/Scripts/Arena/Visuals/CharacterVisualBuilder.cs:29)
QuizBattle.Arena.CharacterToken:Create (string,QuizBattle.Characters.CharacterVisual&,UnityEngine.Vector3) (at Assets/Scripts/Arena/CharacterToken.cs:54)
QuizBattle.GameState.GameManager:RunAutoPlayMatch (int,int) (at Assets/Scripts/GameState/GameManager.cs:76)
CaptureCurrentArena:Capture () (at Assets/Editor/CaptureCurrentArena.cs:22)

[Assets/Scripts/GameState/GameManager.cs line 76]

ShoulderL: Destroy may not be called from edit mode! Use DestroyImmediate instead.
Destroying an object in edit mode destroys it permanently
UnityEngine.Debug:ExtractStackTraceNoAlloc (byte*,int,string)
UnityEngine.StackTraceUtility:ExtractStackTrace ()
UnityEngine.Object:Destroy (UnityEngine.Object,single)
UnityEngine.Object:Destroy (UnityEngine.Object)
QuizBattle.Arena.Visuals.CharacterVisualBuilder:CreatePrimitivePart (UnityEngine.Transform,string,UnityEngine.PrimitiveType,UnityEngine.Vector3,UnityEngine.Quaternion,UnityEngine.Vector3,UnityEngine.Material,System.Collections.Generic.List`1<UnityEngine.Renderer>) (at Assets/Scripts/Arena/Visuals/CharacterVisualBuilder.cs:340)
QuizBattle.Arena.Visuals.CharacterVisualBuilder:BuildBlaze (UnityEngine.Transform,QuizBattle.Characters.CharacterVisual&,System.Collections.Generic.List`1<UnityEngine.Renderer>,QuizBattle.Arena.Visuals.TokenIdleAnimator) (at Assets/Scripts/Arena/Visuals/CharacterVisualBuilder.cs:87)
QuizBattle.Arena.Visuals.CharacterVisualBuilder:Build (QuizBattle.Characters.CharacterVisual&,UnityEngine.Transform) (at Assets/Scripts/Arena/Visuals/CharacterVisualBuilder.cs:29)
QuizBattle.Arena.CharacterToken:Create (string,QuizBattle.Characters.CharacterVisual&,UnityEngine.Vector3) (at Assets/Scripts/Arena/CharacterToken.cs:54)
QuizBattle.GameState.GameManager:RunAutoPlayMatch (int,int) (at Assets/Scripts/GameState/GameManager.cs:76)
CaptureCurrentArena:Capture () (at Assets/Editor/CaptureCurrentArena.cs:22)

[Assets/Scripts/GameState/GameManager.cs line 76]

ShoulderR: Destroy may not be called from edit mode! Use DestroyImmediate instead.
Destroying an object in edit mode destroys it permanently
UnityEngine.Debug:ExtractStackTraceNoAlloc (byte*,int,string)
UnityEngine.StackTraceUtility:ExtractStackTrace ()
UnityEngine.Object:Destroy (UnityEngine.Object,single)
UnityEngine.Object:Destroy (UnityEngine.Object)
QuizBattle.Arena.Visuals.CharacterVisualBuilder:CreatePrimitivePart (UnityEngine.Transform,string,UnityEngine.PrimitiveType,UnityEngine.Vector3,UnityEngine.Quaternion,UnityEngine.Vector3,UnityEngine.Material,System.Collections.Generic.List`1<UnityEngine.Renderer>) (at Assets/Scripts/Arena/Visuals/CharacterVisualBuilder.cs:340)
QuizBattle.Arena.Visuals.CharacterVisualBuilder:BuildBlaze (UnityEngine.Transform,QuizBattle.Characters.CharacterVisual&,System.Collections.Generic.List`1<UnityEngine.Renderer>,QuizBattle.Arena.Visuals.TokenIdleAnimator) (at Assets/Scripts/Arena/Visuals/CharacterVisualBuilder.cs:88)
QuizBattle.Arena.Visuals.CharacterVisualBuilder:Build (QuizBattle.Characters.CharacterVisual&,UnityEngine.Transform) (at Assets/Scripts/Arena/Visuals/CharacterVisualBuilder.cs:29)
QuizBattle.Arena.CharacterToken:Create (string,QuizBattle.Characters.CharacterVisual&,UnityEngine.Vector3) (at Assets/Scripts/Arena/CharacterToken.cs:54)
QuizBattle.GameState.GameManager:RunAutoPlayMatch (int,int) (at Assets/Scripts/GameState/GameManager.cs:76)
CaptureCurrentArena:Capture () (at Assets/Editor/CaptureCurrentArena.cs:22)

[Assets/Scripts/GameState/GameManager.cs line 76]

ArmL: Destroy may not be called from edit mode! Use DestroyImmediate instead.
Destroying an object in edit mode destroys it permanently
UnityEngine.Debug:ExtractStackTraceNoAlloc (byte*,int,string)
UnityEngine.StackTraceUtility:ExtractStackTrace ()
UnityEngine.Object:Destroy (UnityEngine.Object,single)
UnityEngine.Object:Destroy (UnityEngine.Object)
QuizBattle.Arena.Visuals.CharacterVisualBuilder:CreatePrimitivePart (UnityEngine.Transform,string,UnityEngine.PrimitiveType,UnityEngine.Vector3,UnityEngine.Quaternion,UnityEngine.Vector3,UnityEngine.Material,System.Collections.Generic.List`1<UnityEngine.Renderer>) (at Assets/Scripts/Arena/Visuals/CharacterVisualBuilder.cs:340)
QuizBattle.Arena.Visuals.CharacterVisualBuilder:BuildBlaze (UnityEngine.Transform,QuizBattle.Characters.CharacterVisual&,System.Collections.Generic.List`1<UnityEngine.Renderer>,QuizBattle.Arena.Visuals.TokenIdleAnimator) (at Assets/Scripts/Arena/Visuals/CharacterVisualBuilder.cs:91)
QuizBattle.Arena.Visuals.CharacterVisualBuilder:Build (QuizBattle.Characters.CharacterVisual&,UnityEngine.Transform) (at Assets/Scripts/Arena/Visuals/CharacterVisualBuilder.cs:29)
QuizBattle.Arena.CharacterToken:Create (string,QuizBattle.Characters.CharacterVisual&,UnityEngine.Vector3) (at Assets/Scripts/Arena/CharacterToken.cs:54)
QuizBattle.GameState.GameManager:RunAutoPlayMatch (int,int) (at Assets/Scripts/GameState/GameManager.cs:76)
CaptureCurrentArena:Capture () (at Assets/Editor/CaptureCurrentArena.cs:22)

[Assets/Scripts/GameState/GameManager.cs line 76]

ArmR: Destroy may not be called from edit mode! Use DestroyImmediate instead.
Destroying an object in edit mode destroys it permanently
UnityEngine.Debug:ExtractStackTraceNoAlloc (byte*,int,string)
UnityEngine.StackTraceUtility:ExtractStackTrace ()
UnityEngine.Object:Destroy (UnityEngine.Object,single)
UnityEngine.Object:Destroy (UnityEngine.Object)
QuizBattle.Arena.Visuals.CharacterVisualBuilder:CreatePrimitivePart (UnityEngine.Transform,string,UnityEngine.PrimitiveType,UnityEngine.Vector3,UnityEngine.Quaternion,UnityEngine.Vector3,UnityEngine.Material,System.Collections.Generic.List`1<UnityEngine.Renderer>) (at Assets/Scripts/Arena/Visuals/CharacterVisualBuilder.cs:340)
QuizBattle.Arena.Visuals.CharacterVisualBuilder:BuildBlaze (UnityEngine.Transform,QuizBattle.Characters.CharacterVisual&,System.Collections.Generic.List`1<UnityEngine.Renderer>,QuizBattle.Arena.Visuals.TokenIdleAnimator) (at Assets/Scripts/Arena/Visuals/CharacterVisualBuilder.cs:92)
QuizBattle.Arena.Visuals.CharacterVisualBuilder:Build (QuizBattle.Characters.CharacterVisual&,UnityEngine.Transform) (at Assets/Scripts/Arena/Visuals/CharacterVisualBuilder.cs:29)
QuizBattle.Arena.CharacterToken:Create (string,QuizBattle.Characters.CharacterVisual&,UnityEngine.Vector3) (at Assets/Scripts/Arena/CharacterToken.cs:54)
QuizBattle.GameState.GameManager:RunAutoPlayMatch (int,int) (at Assets/Scripts/GameState/GameManager.cs:76)
CaptureCurrentArena:Capture () (at Assets/Editor/CaptureCurrentArena.cs:22)

[Assets/Scripts/GameState/GameManager.cs line 76]

Hilt: Destroy may not be called from edit mode! Use DestroyImmediate instead.
Destroying an object in edit mode destroys it permanently
UnityEngine.Debug:ExtractStackTraceNoAlloc (byte*,int,string)
UnityEngine.StackTraceUtility:ExtractStackTrace ()
UnityEngine.Object:Destroy (UnityEngine.Object,single)
UnityEngine.Object:Destroy (UnityEngine.Object)
QuizBattle.Arena.Visuals.CharacterVisualBuilder:CreatePrimitivePart (UnityEngine.Transform,string,UnityEngine.PrimitiveType,UnityEngine.Vector3,UnityEngine.Quaternion,UnityEngine.Vector3,UnityEngine.Material,System.Collections.Generic.List`1<UnityEngine.Renderer>) (at Assets/Scripts/Arena/Visuals/CharacterVisualBuilder.cs:340)
QuizBattle.Arena.Visuals.CharacterVisualBuilder:BuildBlaze (UnityEngine.Transform,QuizBattle.Characters.CharacterVisual&,System.Collections.Generic.List`1<UnityEngine.Renderer>,QuizBattle.Arena.Visuals.TokenIdleAnimator) (at Assets/Scripts/Arena/Visuals/CharacterVisualBuilder.cs:99)
QuizBattle.Arena.Visuals.CharacterVisualBuilder:Build (QuizBattle.Characters.CharacterVisual&,UnityEngine.Transform) (at Assets/Scripts/Arena/Visuals/CharacterVisualBuilder.cs:29)
QuizBattle.Arena.CharacterToken:Create (string,QuizBattle.Characters.CharacterVisual&,UnityEngine.Vector3) (at Assets/Scripts/Arena/CharacterToken.cs:54)
QuizBattle.GameState.GameManager:RunAutoPlayMatch (int,int) (at Assets/Scripts/GameState/GameManager.cs:76)
CaptureCurrentArena:Capture () (at Assets/Editor/CaptureCurrentArena.cs:22)

[Assets/Scripts/GameState/GameManager.cs line 76]

Guard: Destroy may not be called from edit mode! Use DestroyImmediate instead.
Destroying an object in edit mode destroys it permanently
UnityEngine.Debug:ExtractStackTraceNoAlloc (byte*,int,string)
UnityEngine.StackTraceUtility:ExtractStackTrace ()
UnityEngine.Object:Destroy (UnityEngine.Object,single)
UnityEngine.Object:Destroy (UnityEngine.Object)
QuizBattle.Arena.Visuals.CharacterVisualBuilder:CreatePrimitivePart (UnityEngine.Transform,string,UnityEngine.PrimitiveType,UnityEngine.Vector3,UnityEngine.Quaternion,UnityEngine.Vector3,UnityEngine.Material,System.Collections.Generic.List`1<UnityEngine.Renderer>) (at Assets/Scripts/Arena/Visuals/CharacterVisualBuilder.cs:340)
QuizBattle.Arena.Visuals.CharacterVisualBuilder:BuildBlaze (UnityEngine.Transform,QuizBattle.Characters.CharacterVisual&,System.Collections.Generic.List`1<UnityEngine.Renderer>,QuizBattle.Arena.Visuals.TokenIdleAnimator) (at Assets/Scripts/Arena/Visuals/CharacterVisualBuilder.cs:100)
QuizBattle.Arena.Visuals.CharacterVisualBuilder:Build (QuizBattle.Characters.CharacterVisual&,UnityEngine.Transform) (at Assets/Scripts/Arena/Visuals/CharacterVisualBuilder.cs:29)
QuizBattle.Arena.CharacterToken:Create (string,QuizBattle.Characters.CharacterVisual&,UnityEngine.Vector3) (at Assets/Scripts/Arena/CharacterToken.cs:54)
QuizBattle.GameState.GameManager:RunAutoPlayMatch (int,int) (at Assets/Scripts/GameState/GameManager.cs:76)
CaptureCurrentArena:Capture () (at Assets/Editor/CaptureCurrentArena.cs:22)

[Assets/Scripts/GameState/GameManager.cs line 76]

Blade: Destroy may not be called from edit mode! Use DestroyImmediate instead.
Destroying an object in edit mode destroys it permanently
UnityEngine.Debug:ExtractStackTraceNoAlloc (byte*,int,string)
UnityEngine.StackTraceUtility:ExtractStackTrace ()
UnityEngine.Object:Destroy (UnityEngine.Object,single)
UnityEngine.Object:Destroy (UnityEngine.Object)
QuizBattle.Arena.Visuals.CharacterVisualBuilder:CreatePrimitivePart (UnityEngine.Transform,string,UnityEngine.PrimitiveType,UnityEngine.Vector3,UnityEngine.Quaternion,UnityEngine.Vector3,UnityEngine.Material,System.Collections.Generic.List`1<UnityEngine.Renderer>) (at Assets/Scripts/Arena/Visuals/CharacterVisualBuilder.cs:340)
QuizBattle.Arena.Visuals.CharacterVisualBuilder:BuildBlaze (UnityEngine.Transform,QuizBattle.Characters.CharacterVisual&,System.Collections.Generic.List`1<UnityEngine.Renderer>,QuizBattle.Arena.Visuals.TokenIdleAnimator) (at Assets/Scripts/Arena/Visuals/CharacterVisualBuilder.cs:101)
QuizBattle.Arena.Visuals.CharacterVisualBuilder:Build (QuizBattle.Characters.CharacterVisual&,UnityEngine.Transform) (at Assets/Scripts/Arena/Visuals/CharacterVisualBuilder.cs:29)
QuizBattle.Arena.CharacterToken:Create (string,QuizBattle.Characters.CharacterVisual&,UnityEngine.Vector3) (at Assets/Scripts/Arena/CharacterToken.cs:54)
QuizBattle.GameState.GameManager:RunAutoPlayMatch (int,int) (at Assets/Scripts/GameState/GameManager.cs:76)
CaptureCurrentArena:Capture () (at Assets/Editor/CaptureCurrentArena.cs:22)

[Assets/Scripts/GameState/GameManager.cs line 76]

LegL: Destroy may not be called from edit mode! Use DestroyImmediate instead.
Destroying an object in edit mode destroys it permanently
UnityEngine.Debug:ExtractStackTraceNoAlloc (byte*,int,string)
UnityEngine.StackTraceUtility:ExtractStackTrace ()
UnityEngine.Object:Destroy (UnityEngine.Object,single)
UnityEngine.Object:Destroy (UnityEngine.Object)
QuizBattle.Arena.Visuals.CharacterVisualBuilder:CreatePrimitivePart (UnityEngine.Transform,string,UnityEngine.PrimitiveType,UnityEngine.Vector3,UnityEngine.Quaternion,UnityEngine.Vector3,UnityEngine.Material,System.Collections.Generic.List`1<UnityEngine.Renderer>) (at Assets/Scripts/Arena/Visuals/CharacterVisualBuilder.cs:340)
QuizBattle.Arena.Visuals.CharacterVisualBuilder:BuildBlaze (UnityEngine.Transform,QuizBattle.Characters.CharacterVisual&,System.Collections.Generic.List`1<UnityEngine.Renderer>,QuizBattle.Arena.Visuals.TokenIdleAnimator) (at Assets/Scripts/Arena/Visuals/CharacterVisualBuilder.cs:104)
QuizBattle.Arena.Visuals.CharacterVisualBuilder:Build (QuizBattle.Characters.CharacterVisual&,UnityEngine.Transform) (at Assets/Scripts/Arena/Visuals/CharacterVisualBuilder.cs:29)
QuizBattle.Arena.CharacterToken:Create (string,QuizBattle.Characters.CharacterVisual&,UnityEngine.Vector3) (at Assets/Scripts/Arena/CharacterToken.cs:54)
QuizBattle.GameState.GameManager:RunAutoPlayMatch (int,int) (at Assets/Scripts/GameState/GameManager.cs:76)
CaptureCurrentArena:Capture () (at Assets/Editor/CaptureCurrentArena.cs:22)

[Assets/Scripts/GameState/GameManager.cs line 76]

LegR: Destroy may not be called from edit mode! Use DestroyImmediate instead.
Destroying an object in edit mode destroys it permanently
UnityEngine.Debug:ExtractStackTraceNoAlloc (byte*,int,string)
UnityEngine.StackTraceUtility:ExtractStackTrace ()
UnityEngine.Object:Destroy (UnityEngine.Object,single)
UnityEngine.Object:Destroy (UnityEngine.Object)
QuizBattle.Arena.Visuals.CharacterVisualBuilder:CreatePrimitivePart (UnityEngine.Transform,string,UnityEngine.PrimitiveType,UnityEngine.Vector3,UnityEngine.Quaternion,UnityEngine.Vector3,UnityEngine.Material,System.Collections.Generic.List`1<UnityEngine.Renderer>) (at Assets/Scripts/Arena/Visuals/CharacterVisualBuilder.cs:340)
QuizBattle.Arena.Visuals.CharacterVisualBuilder:BuildBlaze (UnityEngine.Transform,QuizBattle.Characters.CharacterVisual&,System.Collections.Generic.List`1<UnityEngine.Renderer>,QuizBattle.Arena.Visuals.TokenIdleAnimator) (at Assets/Scripts/Arena/Visuals/CharacterVisualBuilder.cs:105)
QuizBattle.Arena.Visuals.CharacterVisualBuilder:Build (QuizBattle.Characters.CharacterVisual&,UnityEngine.Transform) (at Assets/Scripts/Arena/Visuals/CharacterVisualBuilder.cs:29)
QuizBattle.Arena.CharacterToken:Create (string,QuizBattle.Characters.CharacterVisual&,UnityEngine.Vector3) (at Assets/Scripts/Arena/CharacterToken.cs:54)
QuizBattle.GameState.GameManager:RunAutoPlayMatch (int,int) (at Assets/Scripts/GameState/GameManager.cs:76)
CaptureCurrentArena:Capture () (at Assets/Editor/CaptureCurrentArena.cs:22)

[Assets/Scripts/GameState/GameManager.cs line 76]

BootL: Destroy may not be called from edit mode! Use DestroyImmediate instead.
Destroying an object in edit mode destroys it permanently
UnityEngine.Debug:ExtractStackTraceNoAlloc (byte*,int,string)
UnityEngine.StackTraceUtility:ExtractStackTrace ()
UnityEngine.Object:Destroy (UnityEngine.Object,single)
UnityEngine.Object:Destroy (UnityEngine.Object)
QuizBattle.Arena.Visuals.CharacterVisualBuilder:CreatePrimitivePart (UnityEngine.Transform,string,UnityEngine.PrimitiveType,UnityEngine.Vector3,UnityEngine.Quaternion,UnityEngine.Vector3,UnityEngine.Material,System.Collections.Generic.List`1<UnityEngine.Renderer>) (at Assets/Scripts/Arena/Visuals/CharacterVisualBuilder.cs:340)
QuizBattle.Arena.Visuals.CharacterVisualBuilder:BuildBlaze (UnityEngine.Transform,QuizBattle.Characters.CharacterVisual&,System.Collections.Generic.List`1<UnityEngine.Renderer>,QuizBattle.Arena.Visuals.TokenIdleAnimator) (at Assets/Scripts/Arena/Visuals/CharacterVisualBuilder.cs:106)
QuizBattle.Arena.Visuals.CharacterVisualBuilder:Build (QuizBattle.Characters.CharacterVisual&,UnityEngine.Transform) (at Assets/Scripts/Arena/Visuals/CharacterVisualBuilder.cs:29)
QuizBattle.Arena.CharacterToken:Create (string,QuizBattle.Characters.CharacterVisual&,UnityEngine.Vector3) (at Assets/Scripts/Arena/CharacterToken.cs:54)
QuizBattle.GameState.GameManager:RunAutoPlayMatch (int,int) (at Assets/Scripts/GameState/GameManager.cs:76)
CaptureCurrentArena:Capture () (at Assets/Editor/CaptureCurrentArena.cs:22)

[Assets/Scripts/GameState/GameManager.cs line 76]

BootR: Destroy may not be called from edit mode! Use DestroyImmediate instead.
Destroying an object in edit mode destroys it permanently
UnityEngine.Debug:ExtractStackTraceNoAlloc (byte*,int,string)
UnityEngine.StackTraceUtility:ExtractStackTrace ()
UnityEngine.Object:Destroy (UnityEngine.Object,single)
UnityEngine.Object:Destroy (UnityEngine.Object)
QuizBattle.Arena.Visuals.CharacterVisualBuilder:CreatePrimitivePart (UnityEngine.Transform,string,UnityEngine.PrimitiveType,UnityEngine.Vector3,UnityEngine.Quaternion,UnityEngine.Vector3,UnityEngine.Material,System.Collections.Generic.List`1<UnityEngine.Renderer>) (at Assets/Scripts/Arena/Visuals/CharacterVisualBuilder.cs:340)
QuizBattle.Arena.Visuals.CharacterVisualBuilder:BuildBlaze (UnityEngine.Transform,QuizBattle.Characters.CharacterVisual&,System.Collections.Generic.List`1<UnityEngine.Renderer>,QuizBattle.Arena.Visuals.TokenIdleAnimator) (at Assets/Scripts/Arena/Visuals/CharacterVisualBuilder.cs:107)
QuizBattle.Arena.Visuals.CharacterVisualBuilder:Build (QuizBattle.Characters.CharacterVisual&,UnityEngine.Transform) (at Assets/Scripts/Arena/Visuals/CharacterVisualBuilder.cs:29)
QuizBattle.Arena.CharacterToken:Create (string,QuizBattle.Characters.CharacterVisual&,UnityEngine.Vector3) (at Assets/Scripts/Arena/CharacterToken.cs:54)
QuizBattle.GameState.GameManager:RunAutoPlayMatch (int,int) (at Assets/Scripts/GameState/GameManager.cs:76)
CaptureCurrentArena:Capture () (at Assets/Editor/CaptureCurrentArena.cs:22)

[Assets/Scripts/GameState/GameManager.cs line 76]

BlobShadow: Destroy may not be called from edit mode! Use DestroyImmediate instead.
Destroying an object in edit mode destroys it permanently
UnityEngine.Debug:ExtractStackTraceNoAlloc (byte*,int,string)
UnityEngine.StackTraceUtility:ExtractStackTrace ()
UnityEngine.Object:Destroy (UnityEngine.Object,single)
UnityEngine.Object:Destroy (UnityEngine.Object)
QuizBattle.Arena.Visuals.CharacterVisualBuilder:CreatePrimitivePart (UnityEngine.Transform,string,UnityEngine.PrimitiveType,UnityEngine.Vector3,UnityEngine.Quaternion,UnityEngine.Vector3,UnityEngine.Material,System.Collections.Generic.List`1<UnityEngine.Renderer>) (at Assets/Scripts/Arena/Visuals/CharacterVisualBuilder.cs:340)
QuizBattle.Arena.Visuals.CharacterVisualBuilder:AddGroundDisc (UnityEngine.Transform,UnityEngine.Color,System.Collections.Generic.List`1<UnityEngine.Renderer>,single) (at Assets/Scripts/Arena/Visuals/CharacterVisualBuilder.cs:307)
QuizBattle.Arena.Visuals.CharacterVisualBuilder:BuildBlaze (UnityEngine.Transform,QuizBattle.Characters.CharacterVisual&,System.Collections.Generic.List`1<UnityEngine.Renderer>,QuizBattle.Arena.Visuals.TokenIdleAnimator) (at Assets/Scripts/Arena/Visuals/CharacterVisualBuilder.cs:109)
QuizBattle.Arena.Visuals.CharacterVisualBuilder:Build (QuizBattle.Characters.CharacterVisual&,UnityEngine.Transform) (at Assets/Scripts/Arena/Visuals/CharacterVisualBuilder.cs:29)
QuizBattle.Arena.CharacterToken:Create (string,QuizBattle.Characters.CharacterVisual&,UnityEngine.Vector3) (at Assets/Scripts/Arena/CharacterToken.cs:54)
QuizBattle.GameState.GameManager:RunAutoPlayMatch (int,int) (at Assets/Scripts/GameState/GameManager.cs:76)
CaptureCurrentArena:Capture () (at Assets/Editor/CaptureCurrentArena.cs:22)

[Assets/Scripts/GameState/GameManager.cs line 76]

Instantiating material due to calling renderer.material during edit mode. This will leak materials into the scene. You most likely want to use renderer.sharedMaterial instead.
UnityEngine.Debug:ExtractStackTraceNoAlloc (byte*,int,string)
UnityEngine.StackTraceUtility:ExtractStackTrace ()
UnityEngine.Renderer:GetMaterial ()
UnityEngine.Renderer:get_material ()
TMPro.TextMeshPro:SetOutlineThickness (single) (at ./Library/PackageCache/com.unity.ugui@67707a67a4ab/Runtime/TMP/TextMeshPro.cs:1318)
TMPro.TMP_Text:set_outlineWidth (single) (at ./Library/PackageCache/com.unity.ugui@67707a67a4ab/Runtime/TMP/TMP_Text.cs:450)
QuizBattle.Arena.CharacterToken:CreateNameLabel (UnityEngine.Transform) (at Assets/Scripts/Arena/CharacterToken.cs:139)
QuizBattle.Arena.CharacterToken:Create (string,QuizBattle.Characters.CharacterVisual&,UnityEngine.Vector3) (at Assets/Scripts/Arena/CharacterToken.cs:61)
QuizBattle.GameState.GameManager:RunAutoPlayMatch (int,int) (at Assets/Scripts/GameState/GameManager.cs:76)
CaptureCurrentArena:Capture () (at Assets/Editor/CaptureCurrentArena.cs:22)

[Assets/Scripts/GameState/GameManager.cs line 76]

HpBarFrame: Destroy may not be called from edit mode! Use DestroyImmediate instead.
Destroying an object in edit mode destroys it permanently
UnityEngine.Debug:ExtractStackTraceNoAlloc (byte*,int,string)
UnityEngine.StackTraceUtility:ExtractStackTrace ()
UnityEngine.Object:Destroy (UnityEngine.Object,single)
UnityEngine.Object:Destroy (UnityEngine.Object)
QuizBattle.Arena.CharacterToken:CreateHpBar (UnityEngine.Transform,UnityEngine.Color) (at Assets/Scripts/Arena/CharacterToken.cs:155)
QuizBattle.Arena.CharacterToken:Create (string,QuizBattle.Characters.CharacterVisual&,UnityEngine.Vector3) (at Assets/Scripts/Arena/CharacterToken.cs:62)
QuizBattle.GameState.GameManager:RunAutoPlayMatch (int,int) (at Assets/Scripts/GameState/GameManager.cs:76)
CaptureCurrentArena:Capture () (at Assets/Editor/CaptureCurrentArena.cs:22)

[Assets/Scripts/GameState/GameManager.cs line 76]

HpBarBg: Destroy may not be called from edit mode! Use DestroyImmediate instead.
Destroying an object in edit mode destroys it permanently
UnityEngine.Debug:ExtractStackTraceNoAlloc (byte*,int,string)
UnityEngine.StackTraceUtility:ExtractStackTrace ()
UnityEngine.Object:Destroy (UnityEngine.Object,single)
UnityEngine.Object:Destroy (UnityEngine.Object)
QuizBattle.Arena.CharacterToken:CreateHpBar (UnityEngine.Transform,UnityEngine.Color) (at Assets/Scripts/Arena/CharacterToken.cs:174)
QuizBattle.Arena.CharacterToken:Create (string,QuizBattle.Characters.CharacterVisual&,UnityEngine.Vector3) (at Assets/Scripts/Arena/CharacterToken.cs:62)
QuizBattle.GameState.GameManager:RunAutoPlayMatch (int,int) (at Assets/Scripts/GameState/GameManager.cs:76)
CaptureCurrentArena:Capture () (at Assets/Editor/CaptureCurrentArena.cs:22)

[Assets/Scripts/GameState/GameManager.cs line 76]

HpBarFill: Destroy may not be called from edit mode! Use DestroyImmediate instead.
Destroying an object in edit mode destroys it permanently
UnityEngine.Debug:ExtractStackTraceNoAlloc (byte*,int,string)
UnityEngine.StackTraceUtility:ExtractStackTrace ()
UnityEngine.Object:Destroy (UnityEngine.Object,single)
UnityEngine.Object:Destroy (UnityEngine.Object)
QuizBattle.Arena.CharacterToken:CreateHpBar (UnityEngine.Transform,UnityEngine.Color) (at Assets/Scripts/Arena/CharacterToken.cs:197)
QuizBattle.Arena.CharacterToken:Create (string,QuizBattle.Characters.CharacterVisual&,UnityEngine.Vector3) (at Assets/Scripts/Arena/CharacterToken.cs:62)
QuizBattle.GameState.GameManager:RunAutoPlayMatch (int,int) (at Assets/Scripts/GameState/GameManager.cs:76)
CaptureCurrentArena:Capture () (at Assets/Editor/CaptureCurrentArena.cs:22)

[Assets/Scripts/GameState/GameManager.cs line 76]

MainIceCube: Destroy may not be called from edit mode! Use DestroyImmediate instead.
Destroying an object in edit mode destroys it permanently
UnityEngine.Debug:ExtractStackTraceNoAlloc (byte*,int,string)
UnityEngine.StackTraceUtility:ExtractStackTrace ()
UnityEngine.Object:Destroy (UnityEngine.Object,single)
UnityEngine.Object:Destroy (UnityEngine.Object)
QuizBattle.Arena.CharacterToken:CreateFrozenIndicator (UnityEngine.Transform) (at Assets/Scripts/Arena/CharacterToken.cs:96)
QuizBattle.Arena.CharacterToken:Create (string,QuizBattle.Characters.CharacterVisual&,UnityEngine.Vector3) (at Assets/Scripts/Arena/CharacterToken.cs:63)
QuizBattle.GameState.GameManager:RunAutoPlayMatch (int,int) (at Assets/Scripts/GameState/GameManager.cs:76)
CaptureCurrentArena:Capture () (at Assets/Editor/CaptureCurrentArena.cs:22)

[Assets/Scripts/GameState/GameManager.cs line 76]

IceSpike_0: Destroy may not be called from edit mode! Use DestroyImmediate instead.
Destroying an object in edit mode destroys it permanently
UnityEngine.Debug:ExtractStackTraceNoAlloc (byte*,int,string)
UnityEngine.StackTraceUtility:ExtractStackTrace ()
UnityEngine.Object:Destroy (UnityEngine.Object,single)
UnityEngine.Object:Destroy (UnityEngine.Object)
QuizBattle.Arena.CharacterToken:CreateFrozenIndicator (UnityEngine.Transform) (at Assets/Scripts/Arena/CharacterToken.cs:109)
QuizBattle.Arena.CharacterToken:Create (string,QuizBattle.Characters.CharacterVisual&,UnityEngine.Vector3) (at Assets/Scripts/Arena/CharacterToken.cs:63)
QuizBattle.GameState.GameManager:RunAutoPlayMatch (int,int) (at Assets/Scripts/GameState/GameManager.cs:76)
CaptureCurrentArena:Capture () (at Assets/Editor/CaptureCurrentArena.cs:22)

[Assets/Scripts/GameState/GameManager.cs line 76]

IceSpike_1: Destroy may not be called from edit mode! Use DestroyImmediate instead.
Destroying an object in edit mode destroys it permanently
UnityEngine.Debug:ExtractStackTraceNoAlloc (byte*,int,string)
UnityEngine.StackTraceUtility:ExtractStackTrace ()
UnityEngine.Object:Destroy (UnityEngine.Object,single)
UnityEngine.Object:Destroy (UnityEngine.Object)
QuizBattle.Arena.CharacterToken:CreateFrozenIndicator (UnityEngine.Transform) (at Assets/Scripts/Arena/CharacterToken.cs:109)
QuizBattle.Arena.CharacterToken:Create (string,QuizBattle.Characters.CharacterVisual&,UnityEngine.Vector3) (at Assets/Scripts/Arena/CharacterToken.cs:63)
QuizBattle.GameState.GameManager:RunAutoPlayMatch (int,int) (at Assets/Scripts/GameState/GameManager.cs:76)
CaptureCurrentArena:Capture () (at Assets/Editor/CaptureCurrentArena.cs:22)

[Assets/Scripts/GameState/GameManager.cs line 76]

IceSpike_2: Destroy may not be called from edit mode! Use DestroyImmediate instead.
Destroying an object in edit mode destroys it permanently
UnityEngine.Debug:ExtractStackTraceNoAlloc (byte*,int,string)
UnityEngine.StackTraceUtility:ExtractStackTrace ()
UnityEngine.Object:Destroy (UnityEngine.Object,single)
UnityEngine.Object:Destroy (UnityEngine.Object)
QuizBattle.Arena.CharacterToken:CreateFrozenIndicator (UnityEngine.Transform) (at Assets/Scripts/Arena/CharacterToken.cs:109)
QuizBattle.Arena.CharacterToken:Create (string,QuizBattle.Characters.CharacterVisual&,UnityEngine.Vector3) (at Assets/Scripts/Arena/CharacterToken.cs:63)
QuizBattle.GameState.GameManager:RunAutoPlayMatch (int,int) (at Assets/Scripts/GameState/GameManager.cs:76)
CaptureCurrentArena:Capture () (at Assets/Editor/CaptureCurrentArena.cs:22)

[Assets/Scripts/GameState/GameManager.cs line 76]

IceSpike_3: Destroy may not be called from edit mode! Use DestroyImmediate instead.
Destroying an object in edit mode destroys it permanently
UnityEngine.Debug:ExtractStackTraceNoAlloc (byte*,int,string)
UnityEngine.StackTraceUtility:ExtractStackTrace ()
UnityEngine.Object:Destroy (UnityEngine.Object,single)
UnityEngine.Object:Destroy (UnityEngine.Object)
QuizBattle.Arena.CharacterToken:CreateFrozenIndicator (UnityEngine.Transform) (at Assets/Scripts/Arena/CharacterToken.cs:109)
QuizBattle.Arena.CharacterToken:Create (string,QuizBattle.Characters.CharacterVisual&,UnityEngine.Vector3) (at Assets/Scripts/Arena/CharacterToken.cs:63)
QuizBattle.GameState.GameManager:RunAutoPlayMatch (int,int) (at Assets/Scripts/GameState/GameManager.cs:76)
CaptureCurrentArena:Capture () (at Assets/Editor/CaptureCurrentArena.cs:22)

[Assets/Scripts/GameState/GameManager.cs line 76]

FrostRing: Destroy may not be called from edit mode! Use DestroyImmediate instead.
Destroying an object in edit mode destroys it permanently
UnityEngine.Debug:ExtractStackTraceNoAlloc (byte*,int,string)
UnityEngine.StackTraceUtility:ExtractStackTrace ()
UnityEngine.Object:Destroy (UnityEngine.Object,single)
UnityEngine.Object:Destroy (UnityEngine.Object)
QuizBattle.Arena.CharacterToken:CreateFrozenIndicator (UnityEngine.Transform) (at Assets/Scripts/Arena/CharacterToken.cs:119)
QuizBattle.Arena.CharacterToken:Create (string,QuizBattle.Characters.CharacterVisual&,UnityEngine.Vector3) (at Assets/Scripts/Arena/CharacterToken.cs:63)
QuizBattle.GameState.GameManager:RunAutoPlayMatch (int,int) (at Assets/Scripts/GameState/GameManager.cs:76)
CaptureCurrentArena:Capture () (at Assets/Editor/CaptureCurrentArena.cs:22)

[Assets/Scripts/GameState/GameManager.cs line 76]

RobeTorso: Destroy may not be called from edit mode! Use DestroyImmediate instead.
Destroying an object in edit mode destroys it permanently
UnityEngine.Debug:ExtractStackTraceNoAlloc (byte*,int,string)
UnityEngine.StackTraceUtility:ExtractStackTrace ()
UnityEngine.Object:Destroy (UnityEngine.Object,single)
UnityEngine.Object:Destroy (UnityEngine.Object)
QuizBattle.Arena.Visuals.CharacterVisualBuilder:CreatePrimitivePart (UnityEngine.Transform,string,UnityEngine.PrimitiveType,UnityEngine.Vector3,UnityEngine.Quaternion,UnityEngine.Vector3,UnityEngine.Material,System.Collections.Generic.List`1<UnityEngine.Renderer>) (at Assets/Scripts/Arena/Visuals/CharacterVisualBuilder.cs:340)
QuizBattle.Arena.Visuals.CharacterVisualBuilder:BuildVera (UnityEngine.Transform,QuizBattle.Characters.CharacterVisual&,System.Collections.Generic.List`1<UnityEngine.Renderer>,QuizBattle.Arena.Visuals.TokenIdleAnimator) (at Assets/Scripts/Arena/Visuals/CharacterVisualBuilder.cs:252)
QuizBattle.Arena.Visuals.CharacterVisualBuilder:Build (QuizBattle.Characters.CharacterVisual&,UnityEngine.Transform) (at Assets/Scripts/Arena/Visuals/CharacterVisualBuilder.cs:38)
QuizBattle.Arena.CharacterToken:Create (string,QuizBattle.Characters.CharacterVisual&,UnityEngine.Vector3) (at Assets/Scripts/Arena/CharacterToken.cs:54)
QuizBattle.GameState.GameManager:RunAutoPlayMatch (int,int) (at Assets/Scripts/GameState/GameManager.cs:76)
CaptureCurrentArena:Capture () (at Assets/Editor/CaptureCurrentArena.cs:22)

[Assets/Scripts/GameState/GameManager.cs line 76]

Bodice: Destroy may not be called from edit mode! Use DestroyImmediate instead.
Destroying an object in edit mode destroys it permanently
UnityEngine.Debug:ExtractStackTraceNoAlloc (byte*,int,string)
UnityEngine.StackTraceUtility:ExtractStackTrace ()
UnityEngine.Object:Destroy (UnityEngine.Object,single)
UnityEngine.Object:Destroy (UnityEngine.Object)
QuizBattle.Arena.Visuals.CharacterVisualBuilder:CreatePrimitivePart (UnityEngine.Transform,string,UnityEngine.PrimitiveType,UnityEngine.Vector3,UnityEngine.Quaternion,UnityEngine.Vector3,UnityEngine.Material,System.Collections.Generic.List`1<UnityEngine.Renderer>) (at Assets/Scripts/Arena/Visuals/CharacterVisualBuilder.cs:340)
QuizBattle.Arena.Visuals.CharacterVisualBuilder:BuildVera (UnityEngine.Transform,QuizBattle.Characters.CharacterVisual&,System.Collections.Generic.List`1<UnityEngine.Renderer>,QuizBattle.Arena.Visuals.TokenIdleAnimator) (at Assets/Scripts/Arena/Visuals/CharacterVisualBuilder.cs:253)
QuizBattle.Arena.Visuals.CharacterVisualBuilder:Build (QuizBattle.Characters.CharacterVisual&,UnityEngine.Transform) (at Assets/Scripts/Arena/Visuals/CharacterVisualBuilder.cs:38)
QuizBattle.Arena.CharacterToken:Create (string,QuizBattle.Characters.CharacterVisual&,UnityEngine.Vector3) (at Assets/Scripts/Arena/CharacterToken.cs:54)
QuizBattle.GameState.GameManager:RunAutoPlayMatch (int,int) (at Assets/Scripts/GameState/GameManager.cs:76)
CaptureCurrentArena:Capture () (at Assets/Editor/CaptureCurrentArena.cs:22)

[Assets/Scripts/GameState/GameManager.cs line 76]

GoldSash: Destroy may not be called from edit mode! Use DestroyImmediate instead.
Destroying an object in edit mode destroys it permanently
UnityEngine.Debug:ExtractStackTraceNoAlloc (byte*,int,string)
UnityEngine.StackTraceUtility:ExtractStackTrace ()
UnityEngine.Object:Destroy (UnityEngine.Object,single)
UnityEngine.Object:Destroy (UnityEngine.Object)
QuizBattle.Arena.Visuals.CharacterVisualBuilder:CreatePrimitivePart (UnityEngine.Transform,string,UnityEngine.PrimitiveType,UnityEngine.Vector3,UnityEngine.Quaternion,UnityEngine.Vector3,UnityEngine.Material,System.Collections.Generic.List`1<UnityEngine.Renderer>) (at Assets/Scripts/Arena/Visuals/CharacterVisualBuilder.cs:340)
QuizBattle.Arena.Visuals.CharacterVisualBuilder:BuildVera (UnityEngine.Transform,QuizBattle.Characters.CharacterVisual&,System.Collections.Generic.List`1<UnityEngine.Renderer>,QuizBattle.Arena.Visuals.TokenIdleAnimator) (at Assets/Scripts/Arena/Visuals/CharacterVisualBuilder.cs:255)
QuizBattle.Arena.Visuals.CharacterVisualBuilder:Build (QuizBattle.Characters.CharacterVisual&,UnityEngine.Transform) (at Assets/Scripts/Arena/Visuals/CharacterVisualBuilder.cs:38)
QuizBattle.Arena.CharacterToken:Create (string,QuizBattle.Characters.CharacterVisual&,UnityEngine.Vector3) (at Assets/Scripts/Arena/CharacterToken.cs:54)
QuizBattle.GameState.GameManager:RunAutoPlayMatch (int,int) (at Assets/Scripts/GameState/GameManager.cs:76)
CaptureCurrentArena:Capture () (at Assets/Editor/CaptureCurrentArena.cs:22)

[Assets/Scripts/GameState/GameManager.cs line 76]

Head: Destroy may not be called from edit mode! Use DestroyImmediate instead.
Destroying an object in edit mode destroys it permanently
UnityEngine.Debug:ExtractStackTraceNoAlloc (byte*,int,string)
UnityEngine.StackTraceUtility:ExtractStackTrace ()
UnityEngine.Object:Destroy (UnityEngine.Object,single)
UnityEngine.Object:Destroy (UnityEngine.Object)
QuizBattle.Arena.Visuals.CharacterVisualBuilder:CreatePrimitivePart (UnityEngine.Transform,string,UnityEngine.PrimitiveType,UnityEngine.Vector3,UnityEngine.Quaternion,UnityEngine.Vector3,UnityEngine.Material,System.Collections.Generic.List`1<UnityEngine.Renderer>) (at Assets/Scripts/Arena/Visuals/CharacterVisualBuilder.cs:340)
QuizBattle.Arena.Visuals.CharacterVisualBuilder:BuildVera (UnityEngine.Transform,QuizBattle.Characters.CharacterVisual&,System.Collections.Generic.List`1<UnityEngine.Renderer>,QuizBattle.Arena.Visuals.TokenIdleAnimator) (at Assets/Scripts/Arena/Visuals/CharacterVisualBuilder.cs:258)
QuizBattle.Arena.Visuals.CharacterVisualBuilder:Build (QuizBattle.Characters.CharacterVisual&,UnityEngine.Transform) (at Assets/Scripts/Arena/Visuals/CharacterVisualBuilder.cs:38)
QuizBattle.Arena.CharacterToken:Create (string,QuizBattle.Characters.CharacterVisual&,UnityEngine.Vector3) (at Assets/Scripts/Arena/CharacterToken.cs:54)
QuizBattle.GameState.GameManager:RunAutoPlayMatch (int,int) (at Assets/Scripts/GameState/GameManager.cs:76)
CaptureCurrentArena:Capture () (at Assets/Editor/CaptureCurrentArena.cs:22)

[Assets/Scripts/GameState/GameManager.cs line 76]

EyeL: Destroy may not be called from edit mode! Use DestroyImmediate instead.
Destroying an object in edit mode destroys it permanently
UnityEngine.Debug:ExtractStackTraceNoAlloc (byte*,int,string)
UnityEngine.StackTraceUtility:ExtractStackTrace ()
UnityEngine.Object:Destroy (UnityEngine.Object,single)
UnityEngine.Object:Destroy (UnityEngine.Object)
QuizBattle.Arena.Visuals.CharacterVisualBuilder:CreatePrimitivePart (UnityEngine.Transform,string,UnityEngine.PrimitiveType,UnityEngine.Vector3,UnityEngine.Quaternion,UnityEngine.Vector3,UnityEngine.Material,System.Collections.Generic.List`1<UnityEngine.Renderer>) (at Assets/Scripts/Arena/Visuals/CharacterVisualBuilder.cs:340)
QuizBattle.Arena.Visuals.CharacterVisualBuilder:BuildVera (UnityEngine.Transform,QuizBattle.Characters.CharacterVisual&,System.Collections.Generic.List`1<UnityEngine.Renderer>,QuizBattle.Arena.Visuals.TokenIdleAnimator) (at Assets/Scripts/Arena/Visuals/CharacterVisualBuilder.cs:259)
QuizBattle.Arena.Visuals.CharacterVisualBuilder:Build (QuizBattle.Characters.CharacterVisual&,UnityEngine.Transform) (at Assets/Scripts/Arena/Visuals/CharacterVisualBuilder.cs:38)
QuizBattle.Arena.CharacterToken:Create (string,QuizBattle.Characters.CharacterVisual&,UnityEngine.Vector3) (at Assets/Scripts/Arena/CharacterToken.cs:54)
QuizBattle.GameState.GameManager:RunAutoPlayMatch (int,int) (at Assets/Scripts/GameState/GameManager.cs:76)
CaptureCurrentArena:Capture () (at Assets/Editor/CaptureCurrentArena.cs:22)

[Assets/Scripts/GameState/GameManager.cs line 76]

EyeR: Destroy may not be called from edit mode! Use DestroyImmediate instead.
Destroying an object in edit mode destroys it permanently
UnityEngine.Debug:ExtractStackTraceNoAlloc (byte*,int,string)
UnityEngine.StackTraceUtility:ExtractStackTrace ()
UnityEngine.Object:Destroy (UnityEngine.Object,single)
UnityEngine.Object:Destroy (UnityEngine.Object)
QuizBattle.Arena.Visuals.CharacterVisualBuilder:CreatePrimitivePart (UnityEngine.Transform,string,UnityEngine.PrimitiveType,UnityEngine.Vector3,UnityEngine.Quaternion,UnityEngine.Vector3,UnityEngine.Material,System.Collections.Generic.List`1<UnityEngine.Renderer>) (at Assets/Scripts/Arena/Visuals/CharacterVisualBuilder.cs:340)
QuizBattle.Arena.Visuals.CharacterVisualBuilder:BuildVera (UnityEngine.Transform,QuizBattle.Characters.CharacterVisual&,System.Collections.Generic.List`1<UnityEngine.Renderer>,QuizBattle.Arena.Visuals.TokenIdleAnimator) (at Assets/Scripts/Arena/Visuals/CharacterVisualBuilder.cs:260)
QuizBattle.Arena.Visuals.CharacterVisualBuilder:Build (QuizBattle.Characters.CharacterVisual&,UnityEngine.Transform) (at Assets/Scripts/Arena/Visuals/CharacterVisualBuilder.cs:38)
QuizBattle.Arena.CharacterToken:Create (string,QuizBattle.Characters.CharacterVisual&,UnityEngine.Vector3) (at Assets/Scripts/Arena/CharacterToken.cs:54)
QuizBattle.GameState.GameManager:RunAutoPlayMatch (int,int) (at Assets/Scripts/GameState/GameManager.cs:76)
CaptureCurrentArena:Capture () (at Assets/Editor/CaptureCurrentArena.cs:22)

[Assets/Scripts/GameState/GameManager.cs line 76]

HatBrim: Destroy may not be called from edit mode! Use DestroyImmediate instead.
Destroying an object in edit mode destroys it permanently
UnityEngine.Debug:ExtractStackTraceNoAlloc (byte*,int,string)
UnityEngine.StackTraceUtility:ExtractStackTrace ()
UnityEngine.Object:Destroy (UnityEngine.Object,single)
UnityEngine.Object:Destroy (UnityEngine.Object)
QuizBattle.Arena.Visuals.CharacterVisualBuilder:CreatePrimitivePart (UnityEngine.Transform,string,UnityEngine.PrimitiveType,UnityEngine.Vector3,UnityEngine.Quaternion,UnityEngine.Vector3,UnityEngine.Material,System.Collections.Generic.List`1<UnityEngine.Renderer>) (at Assets/Scripts/Arena/Visuals/CharacterVisualBuilder.cs:340)
QuizBattle.Arena.Visuals.CharacterVisualBuilder:BuildVera (UnityEngine.Transform,QuizBattle.Characters.CharacterVisual&,System.Collections.Generic.List`1<UnityEngine.Renderer>,QuizBattle.Arena.Visuals.TokenIdleAnimator) (at Assets/Scripts/Arena/Visuals/CharacterVisualBuilder.cs:263)
QuizBattle.Arena.Visuals.CharacterVisualBuilder:Build (QuizBattle.Characters.CharacterVisual&,UnityEngine.Transform) (at Assets/Scripts/Arena/Visuals/CharacterVisualBuilder.cs:38)
QuizBattle.Arena.CharacterToken:Create (string,QuizBattle.Characters.CharacterVisual&,UnityEngine.Vector3) (at Assets/Scripts/Arena/CharacterToken.cs:54)
QuizBattle.GameState.GameManager:RunAutoPlayMatch (int,int) (at Assets/Scripts/GameState/GameManager.cs:76)
CaptureCurrentArena:Capture () (at Assets/Editor/CaptureCurrentArena.cs:22)

[Assets/Scripts/GameState/GameManager.cs line 76]

HatBand: Destroy may not be called from edit mode! Use DestroyImmediate instead.
Destroying an object in edit mode destroys it permanently
UnityEngine.Debug:ExtractStackTraceNoAlloc (byte*,int,string)
UnityEngine.StackTraceUtility:ExtractStackTrace ()
UnityEngine.Object:Destroy (UnityEngine.Object,single)
UnityEngine.Object:Destroy (UnityEngine.Object)
QuizBattle.Arena.Visuals.CharacterVisualBuilder:CreatePrimitivePart (UnityEngine.Transform,string,UnityEngine.PrimitiveType,UnityEngine.Vector3,UnityEngine.Quaternion,UnityEngine.Vector3,UnityEngine.Material,System.Collections.Generic.List`1<UnityEngine.Renderer>) (at Assets/Scripts/Arena/Visuals/CharacterVisualBuilder.cs:340)
QuizBattle.Arena.Visuals.CharacterVisualBuilder:BuildVera (UnityEngine.Transform,QuizBattle.Characters.CharacterVisual&,System.Collections.Generic.List`1<UnityEngine.Renderer>,QuizBattle.Arena.Visuals.TokenIdleAnimator) (at Assets/Scripts/Arena/Visuals/CharacterVisualBuilder.cs:266)
QuizBattle.Arena.Visuals.CharacterVisualBuilder:Build (QuizBattle.Characters.CharacterVisual&,UnityEngine.Transform) (at Assets/Scripts/Arena/Visuals/CharacterVisualBuilder.cs:38)
QuizBattle.Arena.CharacterToken:Create (string,QuizBattle.Characters.CharacterVisual&,UnityEngine.Vector3) (at Assets/Scripts/Arena/CharacterToken.cs:54)
QuizBattle.GameState.GameManager:RunAutoPlayMatch (int,int) (at Assets/Scripts/GameState/GameManager.cs:76)
CaptureCurrentArena:Capture () (at Assets/Editor/CaptureCurrentArena.cs:22)

[Assets/Scripts/GameState/GameManager.cs line 76]

Shaft: Destroy may not be called from edit mode! Use DestroyImmediate instead.
Destroying an object in edit mode destroys it permanently
UnityEngine.Debug:ExtractStackTraceNoAlloc (byte*,int,string)
UnityEngine.StackTraceUtility:ExtractStackTrace ()
UnityEngine.Object:Destroy (UnityEngine.Object,single)
UnityEngine.Object:Destroy (UnityEngine.Object)
QuizBattle.Arena.Visuals.CharacterVisualBuilder:CreatePrimitivePart (UnityEngine.Transform,string,UnityEngine.PrimitiveType,UnityEngine.Vector3,UnityEngine.Quaternion,UnityEngine.Vector3,UnityEngine.Material,System.Collections.Generic.List`1<UnityEngine.Renderer>) (at Assets/Scripts/Arena/Visuals/CharacterVisualBuilder.cs:340)
QuizBattle.Arena.Visuals.CharacterVisualBuilder:BuildVera (UnityEngine.Transform,QuizBattle.Characters.CharacterVisual&,System.Collections.Generic.List`1<UnityEngine.Renderer>,QuizBattle.Arena.Visuals.TokenIdleAnimator) (at Assets/Scripts/Arena/Visuals/CharacterVisualBuilder.cs:274)
QuizBattle.Arena.Visuals.CharacterVisualBuilder:Build (QuizBattle.Characters.CharacterVisual&,UnityEngine.Transform) (at Assets/Scripts/Arena/Visuals/CharacterVisualBuilder.cs:38)
QuizBattle.Arena.CharacterToken:Create (string,QuizBattle.Characters.CharacterVisual&,UnityEngine.Vector3) (at Assets/Scripts/Arena/CharacterToken.cs:54)
QuizBattle.GameState.GameManager:RunAutoPlayMatch (int,int) (at Assets/Scripts/GameState/GameManager.cs:76)
CaptureCurrentArena:Capture () (at Assets/Editor/CaptureCurrentArena.cs:22)

[Assets/Scripts/GameState/GameManager.cs line 76]

FloatingGem: Destroy may not be called from edit mode! Use DestroyImmediate instead.
Destroying an object in edit mode destroys it permanently
UnityEngine.Debug:ExtractStackTraceNoAlloc (byte*,int,string)
UnityEngine.StackTraceUtility:ExtractStackTrace ()
UnityEngine.Object:Destroy (UnityEngine.Object,single)
UnityEngine.Object:Destroy (UnityEngine.Object)
QuizBattle.Arena.Visuals.CharacterVisualBuilder:CreatePrimitivePart (UnityEngine.Transform,string,UnityEngine.PrimitiveType,UnityEngine.Vector3,UnityEngine.Quaternion,UnityEngine.Vector3,UnityEngine.Material,System.Collections.Generic.List`1<UnityEngine.Renderer>) (at Assets/Scripts/Arena/Visuals/CharacterVisualBuilder.cs:340)
QuizBattle.Arena.Visuals.CharacterVisualBuilder:BuildVera (UnityEngine.Transform,QuizBattle.Characters.CharacterVisual&,System.Collections.Generic.List`1<UnityEngine.Renderer>,QuizBattle.Arena.Visuals.TokenIdleAnimator) (at Assets/Scripts/Arena/Visuals/CharacterVisualBuilder.cs:276)
QuizBattle.Arena.Visuals.CharacterVisualBuilder:Build (QuizBattle.Characters.CharacterVisual&,UnityEngine.Transform) (at Assets/Scripts/Arena/Visuals/CharacterVisualBuilder.cs:38)
QuizBattle.Arena.CharacterToken:Create (string,QuizBattle.Characters.CharacterVisual&,UnityEngine.Vector3) (at Assets/Scripts/Arena/CharacterToken.cs:54)
QuizBattle.GameState.GameManager:RunAutoPlayMatch (int,int) (at Assets/Scripts/GameState/GameManager.cs:76)
CaptureCurrentArena:Capture () (at Assets/Editor/CaptureCurrentArena.cs:22)

[Assets/Scripts/GameState/GameManager.cs line 76]

CoverL: Destroy may not be called from edit mode! Use DestroyImmediate instead.
Destroying an object in edit mode destroys it permanently
UnityEngine.Debug:ExtractStackTraceNoAlloc (byte*,int,string)
UnityEngine.StackTraceUtility:ExtractStackTrace ()
UnityEngine.Object:Destroy (UnityEngine.Object,single)
UnityEngine.Object:Destroy (UnityEngine.Object)
QuizBattle.Arena.Visuals.CharacterVisualBuilder:CreatePrimitivePart (UnityEngine.Transform,string,UnityEngine.PrimitiveType,UnityEngine.Vector3,UnityEngine.Quaternion,UnityEngine.Vector3,UnityEngine.Material,System.Collections.Generic.List`1<UnityEngine.Renderer>) (at Assets/Scripts/Arena/Visuals/CharacterVisualBuilder.cs:340)
QuizBattle.Arena.Visuals.CharacterVisualBuilder:BuildVera (UnityEngine.Transform,QuizBattle.Characters.CharacterVisual&,System.Collections.Generic.List`1<UnityEngine.Renderer>,QuizBattle.Arena.Visuals.TokenIdleAnimator) (at Assets/Scripts/Arena/Visuals/CharacterVisualBuilder.cs:284)
QuizBattle.Arena.Visuals.CharacterVisualBuilder:Build (QuizBattle.Characters.CharacterVisual&,UnityEngine.Transform) (at Assets/Scripts/Arena/Visuals/CharacterVisualBuilder.cs:38)
QuizBattle.Arena.CharacterToken:Create (string,QuizBattle.Characters.CharacterVisual&,UnityEngine.Vector3) (at Assets/Scripts/Arena/CharacterToken.cs:54)
QuizBattle.GameState.GameManager:RunAutoPlayMatch (int,int) (at Assets/Scripts/GameState/GameManager.cs:76)
CaptureCurrentArena:Capture () (at Assets/Editor/CaptureCurrentArena.cs:22)

[Assets/Scripts/GameState/GameManager.cs line 76]

CoverR: Destroy may not be called from edit mode! Use DestroyImmediate instead.
Destroying an object in edit mode destroys it permanently
UnityEngine.Debug:ExtractStackTraceNoAlloc (byte*,int,string)
UnityEngine.StackTraceUtility:ExtractStackTrace ()
UnityEngine.Object:Destroy (UnityEngine.Object,single)
UnityEngine.Object:Destroy (UnityEngine.Object)
QuizBattle.Arena.Visuals.CharacterVisualBuilder:CreatePrimitivePart (UnityEngine.Transform,string,UnityEngine.PrimitiveType,UnityEngine.Vector3,UnityEngine.Quaternion,UnityEngine.Vector3,UnityEngine.Material,System.Collections.Generic.List`1<UnityEngine.Renderer>) (at Assets/Scripts/Arena/Visuals/CharacterVisualBuilder.cs:340)
QuizBattle.Arena.Visuals.CharacterVisualBuilder:BuildVera (UnityEngine.Transform,QuizBattle.Characters.CharacterVisual&,System.Collections.Generic.List`1<UnityEngine.Renderer>,QuizBattle.Arena.Visuals.TokenIdleAnimator) (at Assets/Scripts/Arena/Visuals/CharacterVisualBuilder.cs:285)
QuizBattle.Arena.Visuals.CharacterVisualBuilder:Build (QuizBattle.Characters.CharacterVisual&,UnityEngine.Transform) (at Assets/Scripts/Arena/Visuals/CharacterVisualBuilder.cs:38)
QuizBattle.Arena.CharacterToken:Create (string,QuizBattle.Characters.CharacterVisual&,UnityEngine.Vector3) (at Assets/Scripts/Arena/CharacterToken.cs:54)
QuizBattle.GameState.GameManager:RunAutoPlayMatch (int,int) (at Assets/Scripts/GameState/GameManager.cs:76)
CaptureCurrentArena:Capture () (at Assets/Editor/CaptureCurrentArena.cs:22)

[Assets/Scripts/GameState/GameManager.cs line 76]

GlowPages: Destroy may not be called from edit mode! Use DestroyImmediate instead.
Destroying an object in edit mode destroys it permanently
UnityEngine.Debug:ExtractStackTraceNoAlloc (byte*,int,string)
UnityEngine.StackTraceUtility:ExtractStackTrace ()
UnityEngine.Object:Destroy (UnityEngine.Object,single)
UnityEngine.Object:Destroy (UnityEngine.Object)
QuizBattle.Arena.Visuals.CharacterVisualBuilder:CreatePrimitivePart (UnityEngine.Transform,string,UnityEngine.PrimitiveType,UnityEngine.Vector3,UnityEngine.Quaternion,UnityEngine.Vector3,UnityEngine.Material,System.Collections.Generic.List`1<UnityEngine.Renderer>) (at Assets/Scripts/Arena/Visuals/CharacterVisualBuilder.cs:340)
QuizBattle.Arena.Visuals.CharacterVisualBuilder:BuildVera (UnityEngine.Transform,QuizBattle.Characters.CharacterVisual&,System.Collections.Generic.List`1<UnityEngine.Renderer>,QuizBattle.Arena.Visuals.TokenIdleAnimator) (at Assets/Scripts/Arena/Visuals/CharacterVisualBuilder.cs:286)
QuizBattle.Arena.Visuals.CharacterVisualBuilder:Build (QuizBattle.Characters.CharacterVisual&,UnityEngine.Transform) (at Assets/Scripts/Arena/Visuals/CharacterVisualBuilder.cs:38)
QuizBattle.Arena.CharacterToken:Create (string,QuizBattle.Characters.CharacterVisual&,UnityEngine.Vector3) (at Assets/Scripts/Arena/CharacterToken.cs:54)
QuizBattle.GameState.GameManager:RunAutoPlayMatch (int,int) (at Assets/Scripts/GameState/GameManager.cs:76)
CaptureCurrentArena:Capture () (at Assets/Editor/CaptureCurrentArena.cs:22)

[Assets/Scripts/GameState/GameManager.cs line 76]

Orb: Destroy may not be called from edit mode! Use DestroyImmediate instead.
Destroying an object in edit mode destroys it permanently
UnityEngine.Debug:ExtractStackTraceNoAlloc (byte*,int,string)
UnityEngine.StackTraceUtility:ExtractStackTrace ()
UnityEngine.Object:Destroy (UnityEngine.Object,single)
UnityEngine.Object:Destroy (UnityEngine.Object)
QuizBattle.Arena.Visuals.CharacterVisualBuilder:CreatePrimitivePart (UnityEngine.Transform,string,UnityEngine.PrimitiveType,UnityEngine.Vector3,UnityEngine.Quaternion,UnityEngine.Vector3,UnityEngine.Material,System.Collections.Generic.List`1<UnityEngine.Renderer>) (at Assets/Scripts/Arena/Visuals/CharacterVisualBuilder.cs:340)
QuizBattle.Arena.Visuals.CharacterVisualBuilder:BuildVera (UnityEngine.Transform,QuizBattle.Characters.CharacterVisual&,System.Collections.Generic.List`1<UnityEngine.Renderer>,QuizBattle.Arena.Visuals.TokenIdleAnimator) (at Assets/Scripts/Arena/Visuals/CharacterVisualBuilder.cs:297)
QuizBattle.Arena.Visuals.CharacterVisualBuilder:Build (QuizBattle.Characters.CharacterVisual&,UnityEngine.Transform) (at Assets/Scripts/Arena/Visuals/CharacterVisualBuilder.cs:38)
QuizBattle.Arena.CharacterToken:Create (string,QuizBattle.Characters.CharacterVisual&,UnityEngine.Vector3) (at Assets/Scripts/Arena/CharacterToken.cs:54)
QuizBattle.GameState.GameManager:RunAutoPlayMatch (int,int) (at Assets/Scripts/GameState/GameManager.cs:76)
CaptureCurrentArena:Capture () (at Assets/Editor/CaptureCurrentArena.cs:22)

[Assets/Scripts/GameState/GameManager.cs line 76]

BlobShadow: Destroy may not be called from edit mode! Use DestroyImmediate instead.
Destroying an object in edit mode destroys it permanently
UnityEngine.Debug:ExtractStackTraceNoAlloc (byte*,int,string)
UnityEngine.StackTraceUtility:ExtractStackTrace ()
UnityEngine.Object:Destroy (UnityEngine.Object,single)
UnityEngine.Object:Destroy (UnityEngine.Object)
QuizBattle.Arena.Visuals.CharacterVisualBuilder:CreatePrimitivePart (UnityEngine.Transform,string,UnityEngine.PrimitiveType,UnityEngine.Vector3,UnityEngine.Quaternion,UnityEngine.Vector3,UnityEngine.Material,System.Collections.Generic.List`1<UnityEngine.Renderer>) (at Assets/Scripts/Arena/Visuals/CharacterVisualBuilder.cs:340)
QuizBattle.Arena.Visuals.CharacterVisualBuilder:AddGroundDisc (UnityEngine.Transform,UnityEngine.Color,System.Collections.Generic.List`1<UnityEngine.Renderer>,single) (at Assets/Scripts/Arena/Visuals/CharacterVisualBuilder.cs:307)
QuizBattle.Arena.Visuals.CharacterVisualBuilder:BuildVera (UnityEngine.Transform,QuizBattle.Characters.CharacterVisual&,System.Collections.Generic.List`1<UnityEngine.Renderer>,QuizBattle.Arena.Visuals.TokenIdleAnimator) (at Assets/Scripts/Arena/Visuals/CharacterVisualBuilder.cs:300)
QuizBattle.Arena.Visuals.CharacterVisualBuilder:Build (QuizBattle.Characters.CharacterVisual&,UnityEngine.Transform) (at Assets/Scripts/Arena/Visuals/CharacterVisualBuilder.cs:38)
QuizBattle.Arena.CharacterToken:Create (string,QuizBattle.Characters.CharacterVisual&,UnityEngine.Vector3) (at Assets/Scripts/Arena/CharacterToken.cs:54)
QuizBattle.GameState.GameManager:RunAutoPlayMatch (int,int) (at Assets/Scripts/GameState/GameManager.cs:76)
CaptureCurrentArena:Capture () (at Assets/Editor/CaptureCurrentArena.cs:22)

[Assets/Scripts/GameState/GameManager.cs line 76]

Instantiating material due to calling renderer.material during edit mode. This will leak materials into the scene. You most likely want to use renderer.sharedMaterial instead.
UnityEngine.Debug:ExtractStackTraceNoAlloc (byte*,int,string)
UnityEngine.StackTraceUtility:ExtractStackTrace ()
UnityEngine.Renderer:GetMaterial ()
UnityEngine.Renderer:get_material ()
TMPro.TextMeshPro:SetOutlineThickness (single) (at ./Library/PackageCache/com.unity.ugui@67707a67a4ab/Runtime/TMP/TextMeshPro.cs:1318)
TMPro.TMP_Text:set_outlineWidth (single) (at ./Library/PackageCache/com.unity.ugui@67707a67a4ab/Runtime/TMP/TMP_Text.cs:450)
QuizBattle.Arena.CharacterToken:CreateNameLabel (UnityEngine.Transform) (at Assets/Scripts/Arena/CharacterToken.cs:139)
QuizBattle.Arena.CharacterToken:Create (string,QuizBattle.Characters.CharacterVisual&,UnityEngine.Vector3) (at Assets/Scripts/Arena/CharacterToken.cs:61)
QuizBattle.GameState.GameManager:RunAutoPlayMatch (int,int) (at Assets/Scripts/GameState/GameManager.cs:76)
CaptureCurrentArena:Capture () (at Assets/Editor/CaptureCurrentArena.cs:22)

[Assets/Scripts/GameState/GameManager.cs line 76]

HpBarFrame: Destroy may not be called from edit mode! Use DestroyImmediate instead.
Destroying an object in edit mode destroys it permanently
UnityEngine.Debug:ExtractStackTraceNoAlloc (byte*,int,string)
UnityEngine.StackTraceUtility:ExtractStackTrace ()
UnityEngine.Object:Destroy (UnityEngine.Object,single)
UnityEngine.Object:Destroy (UnityEngine.Object)
QuizBattle.Arena.CharacterToken:CreateHpBar (UnityEngine.Transform,UnityEngine.Color) (at Assets/Scripts/Arena/CharacterToken.cs:155)
QuizBattle.Arena.CharacterToken:Create (string,QuizBattle.Characters.CharacterVisual&,UnityEngine.Vector3) (at Assets/Scripts/Arena/CharacterToken.cs:62)
QuizBattle.GameState.GameManager:RunAutoPlayMatch (int,int) (at Assets/Scripts/GameState/GameManager.cs:76)
CaptureCurrentArena:Capture () (at Assets/Editor/CaptureCurrentArena.cs:22)

[Assets/Scripts/GameState/GameManager.cs line 76]

HpBarBg: Destroy may not be called from edit mode! Use DestroyImmediate instead.
Destroying an object in edit mode destroys it permanently
UnityEngine.Debug:ExtractStackTraceNoAlloc (byte*,int,string)
UnityEngine.StackTraceUtility:ExtractStackTrace ()
UnityEngine.Object:Destroy (UnityEngine.Object,single)
UnityEngine.Object:Destroy (UnityEngine.Object)
QuizBattle.Arena.CharacterToken:CreateHpBar (UnityEngine.Transform,UnityEngine.Color) (at Assets/Scripts/Arena/CharacterToken.cs:174)
QuizBattle.Arena.CharacterToken:Create (string,QuizBattle.Characters.CharacterVisual&,UnityEngine.Vector3) (at Assets/Scripts/Arena/CharacterToken.cs:62)
QuizBattle.GameState.GameManager:RunAutoPlayMatch (int,int) (at Assets/Scripts/GameState/GameManager.cs:76)
CaptureCurrentArena:Capture () (at Assets/Editor/CaptureCurrentArena.cs:22)

[Assets/Scripts/GameState/GameManager.cs line 76]

HpBarFill: Destroy may not be called from edit mode! Use DestroyImmediate instead.
Destroying an object in edit mode destroys it permanently
UnityEngine.Debug:ExtractStackTraceNoAlloc (byte*,int,string)
UnityEngine.StackTraceUtility:ExtractStackTrace ()
UnityEngine.Object:Destroy (UnityEngine.Object,single)
UnityEngine.Object:Destroy (UnityEngine.Object)
QuizBattle.Arena.CharacterToken:CreateHpBar (UnityEngine.Transform,UnityEngine.Color) (at Assets/Scripts/Arena/CharacterToken.cs:197)
QuizBattle.Arena.CharacterToken:Create (string,QuizBattle.Characters.CharacterVisual&,UnityEngine.Vector3) (at Assets/Scripts/Arena/CharacterToken.cs:62)
QuizBattle.GameState.GameManager:RunAutoPlayMatch (int,int) (at Assets/Scripts/GameState/GameManager.cs:76)
CaptureCurrentArena:Capture () (at Assets/Editor/CaptureCurrentArena.cs:22)

[Assets/Scripts/GameState/GameManager.cs line 76]

MainIceCube: Destroy may not be called from edit mode! Use DestroyImmediate instead.
Destroying an object in edit mode destroys it permanently
UnityEngine.Debug:ExtractStackTraceNoAlloc (byte*,int,string)
UnityEngine.StackTraceUtility:ExtractStackTrace ()
UnityEngine.Object:Destroy (UnityEngine.Object,single)
UnityEngine.Object:Destroy (UnityEngine.Object)
QuizBattle.Arena.CharacterToken:CreateFrozenIndicator (UnityEngine.Transform) (at Assets/Scripts/Arena/CharacterToken.cs:96)
QuizBattle.Arena.CharacterToken:Create (string,QuizBattle.Characters.CharacterVisual&,UnityEngine.Vector3) (at Assets/Scripts/Arena/CharacterToken.cs:63)
QuizBattle.GameState.GameManager:RunAutoPlayMatch (int,int) (at Assets/Scripts/GameState/GameManager.cs:76)
CaptureCurrentArena:Capture () (at Assets/Editor/CaptureCurrentArena.cs:22)

[Assets/Scripts/GameState/GameManager.cs line 76]

IceSpike_0: Destroy may not be called from edit mode! Use DestroyImmediate instead.
Destroying an object in edit mode destroys it permanently
UnityEngine.Debug:ExtractStackTraceNoAlloc (byte*,int,string)
UnityEngine.StackTraceUtility:ExtractStackTrace ()
UnityEngine.Object:Destroy (UnityEngine.Object,single)
UnityEngine.Object:Destroy (UnityEngine.Object)
QuizBattle.Arena.CharacterToken:CreateFrozenIndicator (UnityEngine.Transform) (at Assets/Scripts/Arena/CharacterToken.cs:109)
QuizBattle.Arena.CharacterToken:Create (string,QuizBattle.Characters.CharacterVisual&,UnityEngine.Vector3) (at Assets/Scripts/Arena/CharacterToken.cs:63)
QuizBattle.GameState.GameManager:RunAutoPlayMatch (int,int) (at Assets/Scripts/GameState/GameManager.cs:76)
CaptureCurrentArena:Capture () (at Assets/Editor/CaptureCurrentArena.cs:22)

[Assets/Scripts/GameState/GameManager.cs line 76]

IceSpike_1: Destroy may not be called from edit mode! Use DestroyImmediate instead.
Destroying an object in edit mode destroys it permanently
UnityEngine.Debug:ExtractStackTraceNoAlloc (byte*,int,string)
UnityEngine.StackTraceUtility:ExtractStackTrace ()
UnityEngine.Object:Destroy (UnityEngine.Object,single)
UnityEngine.Object:Destroy (UnityEngine.Object)
QuizBattle.Arena.CharacterToken:CreateFrozenIndicator (UnityEngine.Transform) (at Assets/Scripts/Arena/CharacterToken.cs:109)
QuizBattle.Arena.CharacterToken:Create (string,QuizBattle.Characters.CharacterVisual&,UnityEngine.Vector3) (at Assets/Scripts/Arena/CharacterToken.cs:63)
QuizBattle.GameState.GameManager:RunAutoPlayMatch (int,int) (at Assets/Scripts/GameState/GameManager.cs:76)
CaptureCurrentArena:Capture () (at Assets/Editor/CaptureCurrentArena.cs:22)

[Assets/Scripts/GameState/GameManager.cs line 76]

IceSpike_2: Destroy may not be called from edit mode! Use DestroyImmediate instead.
Destroying an object in edit mode destroys it permanently
UnityEngine.Debug:ExtractStackTraceNoAlloc (byte*,int,string)
UnityEngine.StackTraceUtility:ExtractStackTrace ()
UnityEngine.Object:Destroy (UnityEngine.Object,single)
UnityEngine.Object:Destroy (UnityEngine.Object)
QuizBattle.Arena.CharacterToken:CreateFrozenIndicator (UnityEngine.Transform) (at Assets/Scripts/Arena/CharacterToken.cs:109)
QuizBattle.Arena.CharacterToken:Create (string,QuizBattle.Characters.CharacterVisual&,UnityEngine.Vector3) (at Assets/Scripts/Arena/CharacterToken.cs:63)
QuizBattle.GameState.GameManager:RunAutoPlayMatch (int,int) (at Assets/Scripts/GameState/GameManager.cs:76)
CaptureCurrentArena:Capture () (at Assets/Editor/CaptureCurrentArena.cs:22)

[Assets/Scripts/GameState/GameManager.cs line 76]

IceSpike_3: Destroy may not be called from edit mode! Use DestroyImmediate instead.
Destroying an object in edit mode destroys it permanently
UnityEngine.Debug:ExtractStackTraceNoAlloc (byte*,int,string)
UnityEngine.StackTraceUtility:ExtractStackTrace ()
UnityEngine.Object:Destroy (UnityEngine.Object,single)
UnityEngine.Object:Destroy (UnityEngine.Object)
QuizBattle.Arena.CharacterToken:CreateFrozenIndicator (UnityEngine.Transform) (at Assets/Scripts/Arena/CharacterToken.cs:109)
QuizBattle.Arena.CharacterToken:Create (string,QuizBattle.Characters.CharacterVisual&,UnityEngine.Vector3) (at Assets/Scripts/Arena/CharacterToken.cs:63)
QuizBattle.GameState.GameManager:RunAutoPlayMatch (int,int) (at Assets/Scripts/GameState/GameManager.cs:76)
CaptureCurrentArena:Capture () (at Assets/Editor/CaptureCurrentArena.cs:22)

[Assets/Scripts/GameState/GameManager.cs line 76]

FrostRing: Destroy may not be called from edit mode! Use DestroyImmediate instead.
Destroying an object in edit mode destroys it permanently
UnityEngine.Debug:ExtractStackTraceNoAlloc (byte*,int,string)
UnityEngine.StackTraceUtility:ExtractStackTrace ()
UnityEngine.Object:Destroy (UnityEngine.Object,single)
UnityEngine.Object:Destroy (UnityEngine.Object)
QuizBattle.Arena.CharacterToken:CreateFrozenIndicator (UnityEngine.Transform) (at Assets/Scripts/Arena/CharacterToken.cs:119)
QuizBattle.Arena.CharacterToken:Create (string,QuizBattle.Characters.CharacterVisual&,UnityEngine.Vector3) (at Assets/Scripts/Arena/CharacterToken.cs:63)
QuizBattle.GameState.GameManager:RunAutoPlayMatch (int,int) (at Assets/Scripts/GameState/GameManager.cs:76)
CaptureCurrentArena:Capture () (at Assets/Editor/CaptureCurrentArena.cs:22)

[Assets/Scripts/GameState/GameManager.cs line 76]

Torso: Destroy may not be called from edit mode! Use DestroyImmediate instead.
Destroying an object in edit mode destroys it permanently
UnityEngine.Debug:ExtractStackTraceNoAlloc (byte*,int,string)
UnityEngine.StackTraceUtility:ExtractStackTrace ()
UnityEngine.Object:Destroy (UnityEngine.Object,single)
UnityEngine.Object:Destroy (UnityEngine.Object)
QuizBattle.Arena.Visuals.CharacterVisualBuilder:CreatePrimitivePart (UnityEngine.Transform,string,UnityEngine.PrimitiveType,UnityEngine.Vector3,UnityEngine.Quaternion,UnityEngine.Vector3,UnityEngine.Material,System.Collections.Generic.List`1<UnityEngine.Renderer>) (at Assets/Scripts/Arena/Visuals/CharacterVisualBuilder.cs:340)
QuizBattle.Arena.Visuals.CharacterVisualBuilder:BuildZephyr (UnityEngine.Transform,QuizBattle.Characters.CharacterVisual&,System.Collections.Generic.List`1<UnityEngine.Renderer>,QuizBattle.Arena.Visuals.TokenIdleAnimator) (at Assets/Scripts/Arena/Visuals/CharacterVisualBuilder.cs:185)
QuizBattle.Arena.Visuals.CharacterVisualBuilder:Build (QuizBattle.Characters.CharacterVisual&,UnityEngine.Transform) (at Assets/Scripts/Arena/Visuals/CharacterVisualBuilder.cs:35)
QuizBattle.Arena.CharacterToken:Create (string,QuizBattle.Characters.CharacterVisual&,UnityEngine.Vector3) (at Assets/Scripts/Arena/CharacterToken.cs:54)
QuizBattle.GameState.GameManager:RunAutoPlayMatch (int,int) (at Assets/Scripts/GameState/GameManager.cs:76)
CaptureCurrentArena:Capture () (at Assets/Editor/CaptureCurrentArena.cs:22)

[Assets/Scripts/GameState/GameManager.cs line 76]

Vest: Destroy may not be called from edit mode! Use DestroyImmediate instead.
Destroying an object in edit mode destroys it permanently
UnityEngine.Debug:ExtractStackTraceNoAlloc (byte*,int,string)
UnityEngine.StackTraceUtility:ExtractStackTrace ()
UnityEngine.Object:Destroy (UnityEngine.Object,single)
UnityEngine.Object:Destroy (UnityEngine.Object)
QuizBattle.Arena.Visuals.CharacterVisualBuilder:CreatePrimitivePart (UnityEngine.Transform,string,UnityEngine.PrimitiveType,UnityEngine.Vector3,UnityEngine.Quaternion,UnityEngine.Vector3,UnityEngine.Material,System.Collections.Generic.List`1<UnityEngine.Renderer>) (at Assets/Scripts/Arena/Visuals/CharacterVisualBuilder.cs:340)
QuizBattle.Arena.Visuals.CharacterVisualBuilder:BuildZephyr (UnityEngine.Transform,QuizBattle.Characters.CharacterVisual&,System.Collections.Generic.List`1<UnityEngine.Renderer>,QuizBattle.Arena.Visuals.TokenIdleAnimator) (at Assets/Scripts/Arena/Visuals/CharacterVisualBuilder.cs:186)
QuizBattle.Arena.Visuals.CharacterVisualBuilder:Build (QuizBattle.Characters.CharacterVisual&,UnityEngine.Transform) (at Assets/Scripts/Arena/Visuals/CharacterVisualBuilder.cs:35)
QuizBattle.Arena.CharacterToken:Create (string,QuizBattle.Characters.CharacterVisual&,UnityEngine.Vector3) (at Assets/Scripts/Arena/CharacterToken.cs:54)
QuizBattle.GameState.GameManager:RunAutoPlayMatch (int,int) (at Assets/Scripts/GameState/GameManager.cs:76)
CaptureCurrentArena:Capture () (at Assets/Editor/CaptureCurrentArena.cs:22)

[Assets/Scripts/GameState/GameManager.cs line 76]

Belt: Destroy may not be called from edit mode! Use DestroyImmediate instead.
Destroying an object in edit mode destroys it permanently
UnityEngine.Debug:ExtractStackTraceNoAlloc (byte*,int,string)
UnityEngine.StackTraceUtility:ExtractStackTrace ()
UnityEngine.Object:Destroy (UnityEngine.Object,single)
UnityEngine.Object:Destroy (UnityEngine.Object)
QuizBattle.Arena.Visuals.CharacterVisualBuilder:CreatePrimitivePart (UnityEngine.Transform,string,UnityEngine.PrimitiveType,UnityEngine.Vector3,UnityEngine.Quaternion,UnityEngine.Vector3,UnityEngine.Material,System.Collections.Generic.List`1<UnityEngine.Renderer>) (at Assets/Scripts/Arena/Visuals/CharacterVisualBuilder.cs:340)
QuizBattle.Arena.Visuals.CharacterVisualBuilder:BuildZephyr (UnityEngine.Transform,QuizBattle.Characters.CharacterVisual&,System.Collections.Generic.List`1<UnityEngine.Renderer>,QuizBattle.Arena.Visuals.TokenIdleAnimator) (at Assets/Scripts/Arena/Visuals/CharacterVisualBuilder.cs:187)
QuizBattle.Arena.Visuals.CharacterVisualBuilder:Build (QuizBattle.Characters.CharacterVisual&,UnityEngine.Transform) (at Assets/Scripts/Arena/Visuals/CharacterVisualBuilder.cs:35)
QuizBattle.Arena.CharacterToken:Create (string,QuizBattle.Characters.CharacterVisual&,UnityEngine.Vector3) (at Assets/Scripts/Arena/CharacterToken.cs:54)
QuizBattle.GameState.GameManager:RunAutoPlayMatch (int,int) (at Assets/Scripts/GameState/GameManager.cs:76)
CaptureCurrentArena:Capture () (at Assets/Editor/CaptureCurrentArena.cs:22)

[Assets/Scripts/GameState/GameManager.cs line 76]

NinjaHood: Destroy may not be called from edit mode! Use DestroyImmediate instead.
Destroying an object in edit mode destroys it permanently
UnityEngine.Debug:ExtractStackTraceNoAlloc (byte*,int,string)
UnityEngine.StackTraceUtility:ExtractStackTrace ()
UnityEngine.Object:Destroy (UnityEngine.Object,single)
UnityEngine.Object:Destroy (UnityEngine.Object)
QuizBattle.Arena.Visuals.CharacterVisualBuilder:CreatePrimitivePart (UnityEngine.Transform,string,UnityEngine.PrimitiveType,UnityEngine.Vector3,UnityEngine.Quaternion,UnityEngine.Vector3,UnityEngine.Material,System.Collections.Generic.List`1<UnityEngine.Renderer>) (at Assets/Scripts/Arena/Visuals/CharacterVisualBuilder.cs:340)
QuizBattle.Arena.Visuals.CharacterVisualBuilder:BuildZephyr (UnityEngine.Transform,QuizBattle.Characters.CharacterVisual&,System.Collections.Generic.List`1<UnityEngine.Renderer>,QuizBattle.Arena.Visuals.TokenIdleAnimator) (at Assets/Scripts/Arena/Visuals/CharacterVisualBuilder.cs:190)
QuizBattle.Arena.Visuals.CharacterVisualBuilder:Build (QuizBattle.Characters.CharacterVisual&,UnityEngine.Transform) (at Assets/Scripts/Arena/Visuals/CharacterVisualBuilder.cs:35)
QuizBattle.Arena.CharacterToken:Create (string,QuizBattle.Characters.CharacterVisual&,UnityEngine.Vector3) (at Assets/Scripts/Arena/CharacterToken.cs:54)
QuizBattle.GameState.GameManager:RunAutoPlayMatch (int,int) (at Assets/Scripts/GameState/GameManager.cs:76)
CaptureCurrentArena:Capture () (at Assets/Editor/CaptureCurrentArena.cs:22)

[Assets/Scripts/GameState/GameManager.cs line 76]

FaceMask: Destroy may not be called from edit mode! Use DestroyImmediate instead.
Destroying an object in edit mode destroys it permanently
UnityEngine.Debug:ExtractStackTraceNoAlloc (byte*,int,string)
UnityEngine.StackTraceUtility:ExtractStackTrace ()
UnityEngine.Object:Destroy (UnityEngine.Object,single)
UnityEngine.Object:Destroy (UnityEngine.Object)
QuizBattle.Arena.Visuals.CharacterVisualBuilder:CreatePrimitivePart (UnityEngine.Transform,string,UnityEngine.PrimitiveType,UnityEngine.Vector3,UnityEngine.Quaternion,UnityEngine.Vector3,UnityEngine.Material,System.Collections.Generic.List`1<UnityEngine.Renderer>) (at Assets/Scripts/Arena/Visuals/CharacterVisualBuilder.cs:340)
QuizBattle.Arena.Visuals.CharacterVisualBuilder:BuildZephyr (UnityEngine.Transform,QuizBattle.Characters.CharacterVisual&,System.Collections.Generic.List`1<UnityEngine.Renderer>,QuizBattle.Arena.Visuals.TokenIdleAnimator) (at Assets/Scripts/Arena/Visuals/CharacterVisualBuilder.cs:191)
QuizBattle.Arena.Visuals.CharacterVisualBuilder:Build (QuizBattle.Characters.CharacterVisual&,UnityEngine.Transform) (at Assets/Scripts/Arena/Visuals/CharacterVisualBuilder.cs:35)
QuizBattle.Arena.CharacterToken:Create (string,QuizBattle.Characters.CharacterVisual&,UnityEngine.Vector3) (at Assets/Scripts/Arena/CharacterToken.cs:54)
QuizBattle.GameState.GameManager:RunAutoPlayMatch (int,int) (at Assets/Scripts/GameState/GameManager.cs:76)
CaptureCurrentArena:Capture () (at Assets/Editor/CaptureCurrentArena.cs:22)

[Assets/Scripts/GameState/GameManager.cs line 76]

EyeL: Destroy may not be called from edit mode! Use DestroyImmediate instead.
Destroying an object in edit mode destroys it permanently
UnityEngine.Debug:ExtractStackTraceNoAlloc (byte*,int,string)
UnityEngine.StackTraceUtility:ExtractStackTrace ()
UnityEngine.Object:Destroy (UnityEngine.Object,single)
UnityEngine.Object:Destroy (UnityEngine.Object)
QuizBattle.Arena.Visuals.CharacterVisualBuilder:CreatePrimitivePart (UnityEngine.Transform,string,UnityEngine.PrimitiveType,UnityEngine.Vector3,UnityEngine.Quaternion,UnityEngine.Vector3,UnityEngine.Material,System.Collections.Generic.List`1<UnityEngine.Renderer>) (at Assets/Scripts/Arena/Visuals/CharacterVisualBuilder.cs:340)
QuizBattle.Arena.Visuals.CharacterVisualBuilder:BuildZephyr (UnityEngine.Transform,QuizBattle.Characters.CharacterVisual&,System.Collections.Generic.List`1<UnityEngine.Renderer>,QuizBattle.Arena.Visuals.TokenIdleAnimator) (at Assets/Scripts/Arena/Visuals/CharacterVisualBuilder.cs:192)
QuizBattle.Arena.Visuals.CharacterVisualBuilder:Build (QuizBattle.Characters.CharacterVisual&,UnityEngine.Transform) (at Assets/Scripts/Arena/Visuals/CharacterVisualBuilder.cs:35)
QuizBattle.Arena.CharacterToken:Create (string,QuizBattle.Characters.CharacterVisual&,UnityEngine.Vector3) (at Assets/Scripts/Arena/CharacterToken.cs:54)
QuizBattle.GameState.GameManager:RunAutoPlayMatch (int,int) (at Assets/Scripts/GameState/GameManager.cs:76)
CaptureCurrentArena:Capture () (at Assets/Editor/CaptureCurrentArena.cs:22)

[Assets/Scripts/GameState/GameManager.cs line 76]

EyeR: Destroy may not be called from edit mode! Use DestroyImmediate instead.
Destroying an object in edit mode destroys it permanently
UnityEngine.Debug:ExtractStackTraceNoAlloc (byte*,int,string)
UnityEngine.StackTraceUtility:ExtractStackTrace ()
UnityEngine.Object:Destroy (UnityEngine.Object,single)
UnityEngine.Object:Destroy (UnityEngine.Object)
QuizBattle.Arena.Visuals.CharacterVisualBuilder:CreatePrimitivePart (UnityEngine.Transform,string,UnityEngine.PrimitiveType,UnityEngine.Vector3,UnityEngine.Quaternion,UnityEngine.Vector3,UnityEngine.Material,System.Collections.Generic.List`1<UnityEngine.Renderer>) (at Assets/Scripts/Arena/Visuals/CharacterVisualBuilder.cs:340)
QuizBattle.Arena.Visuals.CharacterVisualBuilder:BuildZephyr (UnityEngine.Transform,QuizBattle.Characters.CharacterVisual&,System.Collections.Generic.List`1<UnityEngine.Renderer>,QuizBattle.Arena.Visuals.TokenIdleAnimator) (at Assets/Scripts/Arena/Visuals/CharacterVisualBuilder.cs:193)
QuizBattle.Arena.Visuals.CharacterVisualBuilder:Build (QuizBattle.Characters.CharacterVisual&,UnityEngine.Transform) (at Assets/Scripts/Arena/Visuals/CharacterVisualBuilder.cs:35)
QuizBattle.Arena.CharacterToken:Create (string,QuizBattle.Characters.CharacterVisual&,UnityEngine.Vector3) (at Assets/Scripts/Arena/CharacterToken.cs:54)
QuizBattle.GameState.GameManager:RunAutoPlayMatch (int,int) (at Assets/Scripts/GameState/GameManager.cs:76)
CaptureCurrentArena:Capture () (at Assets/Editor/CaptureCurrentArena.cs:22)

[Assets/Scripts/GameState/GameManager.cs line 76]

ScarfTailL: Destroy may not be called from edit mode! Use DestroyImmediate instead.
Destroying an object in edit mode destroys it permanently
UnityEngine.Debug:ExtractStackTraceNoAlloc (byte*,int,string)
UnityEngine.StackTraceUtility:ExtractStackTrace ()
UnityEngine.Object:Destroy (UnityEngine.Object,single)
UnityEngine.Object:Destroy (UnityEngine.Object)
QuizBattle.Arena.Visuals.CharacterVisualBuilder:CreatePrimitivePart (UnityEngine.Transform,string,UnityEngine.PrimitiveType,UnityEngine.Vector3,UnityEngine.Quaternion,UnityEngine.Vector3,UnityEngine.Material,System.Collections.Generic.List`1<UnityEngine.Renderer>) (at Assets/Scripts/Arena/Visuals/CharacterVisualBuilder.cs:340)
QuizBattle.Arena.Visuals.CharacterVisualBuilder:BuildZephyr (UnityEngine.Transform,QuizBattle.Characters.CharacterVisual&,System.Collections.Generic.List`1<UnityEngine.Renderer>,QuizBattle.Arena.Visuals.TokenIdleAnimator) (at Assets/Scripts/Arena/Visuals/CharacterVisualBuilder.cs:196)
QuizBattle.Arena.Visuals.CharacterVisualBuilder:Build (QuizBattle.Characters.CharacterVisual&,UnityEngine.Transform) (at Assets/Scripts/Arena/Visuals/CharacterVisualBuilder.cs:35)
QuizBattle.Arena.CharacterToken:Create (string,QuizBattle.Characters.CharacterVisual&,UnityEngine.Vector3) (at Assets/Scripts/Arena/CharacterToken.cs:54)
QuizBattle.GameState.GameManager:RunAutoPlayMatch (int,int) (at Assets/Scripts/GameState/GameManager.cs:76)
CaptureCurrentArena:Capture () (at Assets/Editor/CaptureCurrentArena.cs:22)

[Assets/Scripts/GameState/GameManager.cs line 76]

ScarfTailR: Destroy may not be called from edit mode! Use DestroyImmediate instead.
Destroying an object in edit mode destroys it permanently
UnityEngine.Debug:ExtractStackTraceNoAlloc (byte*,int,string)
UnityEngine.StackTraceUtility:ExtractStackTrace ()
UnityEngine.Object:Destroy (UnityEngine.Object,single)
UnityEngine.Object:Destroy (UnityEngine.Object)
QuizBattle.Arena.Visuals.CharacterVisualBuilder:CreatePrimitivePart (UnityEngine.Transform,string,UnityEngine.PrimitiveType,UnityEngine.Vector3,UnityEngine.Quaternion,UnityEngine.Vector3,UnityEngine.Material,System.Collections.Generic.List`1<UnityEngine.Renderer>) (at Assets/Scripts/Arena/Visuals/CharacterVisualBuilder.cs:340)
QuizBattle.Arena.Visuals.CharacterVisualBuilder:BuildZephyr (UnityEngine.Transform,QuizBattle.Characters.CharacterVisual&,System.Collections.Generic.List`1<UnityEngine.Renderer>,QuizBattle.Arena.Visuals.TokenIdleAnimator) (at Assets/Scripts/Arena/Visuals/CharacterVisualBuilder.cs:197)
QuizBattle.Arena.Visuals.CharacterVisualBuilder:Build (QuizBattle.Characters.CharacterVisual&,UnityEngine.Transform) (at Assets/Scripts/Arena/Visuals/CharacterVisualBuilder.cs:35)
QuizBattle.Arena.CharacterToken:Create (string,QuizBattle.Characters.CharacterVisual&,UnityEngine.Vector3) (at Assets/Scripts/Arena/CharacterToken.cs:54)
QuizBattle.GameState.GameManager:RunAutoPlayMatch (int,int) (at Assets/Scripts/GameState/GameManager.cs:76)
CaptureCurrentArena:Capture () (at Assets/Editor/CaptureCurrentArena.cs:22)

[Assets/Scripts/GameState/GameManager.cs line 76]

Blade: Destroy may not be called from edit mode! Use DestroyImmediate instead.
Destroying an object in edit mode destroys it permanently
UnityEngine.Debug:ExtractStackTraceNoAlloc (byte*,int,string)
UnityEngine.StackTraceUtility:ExtractStackTrace ()
UnityEngine.Object:Destroy (UnityEngine.Object,single)
UnityEngine.Object:Destroy (UnityEngine.Object)
QuizBattle.Arena.Visuals.CharacterVisualBuilder:CreatePrimitivePart (UnityEngine.Transform,string,UnityEngine.PrimitiveType,UnityEngine.Vector3,UnityEngine.Quaternion,UnityEngine.Vector3,UnityEngine.Material,System.Collections.Generic.List`1<UnityEngine.Renderer>) (at Assets/Scripts/Arena/Visuals/CharacterVisualBuilder.cs:340)
QuizBattle.Arena.Visuals.CharacterVisualBuilder:BuildZephyr (UnityEngine.Transform,QuizBattle.Characters.CharacterVisual&,System.Collections.Generic.List`1<UnityEngine.Renderer>,QuizBattle.Arena.Visuals.TokenIdleAnimator) (at Assets/Scripts/Arena/Visuals/CharacterVisualBuilder.cs:206)
QuizBattle.Arena.Visuals.CharacterVisualBuilder:Build (QuizBattle.Characters.CharacterVisual&,UnityEngine.Transform) (at Assets/Scripts/Arena/Visuals/CharacterVisualBuilder.cs:35)
QuizBattle.Arena.CharacterToken:Create (string,QuizBattle.Characters.CharacterVisual&,UnityEngine.Vector3) (at Assets/Scripts/Arena/CharacterToken.cs:54)
QuizBattle.GameState.GameManager:RunAutoPlayMatch (int,int) (at Assets/Scripts/GameState/GameManager.cs:76)
CaptureCurrentArena:Capture () (at Assets/Editor/CaptureCurrentArena.cs:22)

[Assets/Scripts/GameState/GameManager.cs line 76]

Hilt: Destroy may not be called from edit mode! Use DestroyImmediate instead.
Destroying an object in edit mode destroys it permanently
UnityEngine.Debug:ExtractStackTraceNoAlloc (byte*,int,string)
UnityEngine.StackTraceUtility:ExtractStackTrace ()
UnityEngine.Object:Destroy (UnityEngine.Object,single)
UnityEngine.Object:Destroy (UnityEngine.Object)
QuizBattle.Arena.Visuals.CharacterVisualBuilder:CreatePrimitivePart (UnityEngine.Transform,string,UnityEngine.PrimitiveType,UnityEngine.Vector3,UnityEngine.Quaternion,UnityEngine.Vector3,UnityEngine.Material,System.Collections.Generic.List`1<UnityEngine.Renderer>) (at Assets/Scripts/Arena/Visuals/CharacterVisualBuilder.cs:340)
QuizBattle.Arena.Visuals.CharacterVisualBuilder:BuildZephyr (UnityEngine.Transform,QuizBattle.Characters.CharacterVisual&,System.Collections.Generic.List`1<UnityEngine.Renderer>,QuizBattle.Arena.Visuals.TokenIdleAnimator) (at Assets/Scripts/Arena/Visuals/CharacterVisualBuilder.cs:207)
QuizBattle.Arena.Visuals.CharacterVisualBuilder:Build (QuizBattle.Characters.CharacterVisual&,UnityEngine.Transform) (at Assets/Scripts/Arena/Visuals/CharacterVisualBuilder.cs:35)
QuizBattle.Arena.CharacterToken:Create (string,QuizBattle.Characters.CharacterVisual&,UnityEngine.Vector3) (at Assets/Scripts/Arena/CharacterToken.cs:54)
QuizBattle.GameState.GameManager:RunAutoPlayMatch (int,int) (at Assets/Scripts/GameState/GameManager.cs:76)
CaptureCurrentArena:Capture () (at Assets/Editor/CaptureCurrentArena.cs:22)

[Assets/Scripts/GameState/GameManager.cs line 76]

Blade: Destroy may not be called from edit mode! Use DestroyImmediate instead.
Destroying an object in edit mode destroys it permanently
UnityEngine.Debug:ExtractStackTraceNoAlloc (byte*,int,string)
UnityEngine.StackTraceUtility:ExtractStackTrace ()
UnityEngine.Object:Destroy (UnityEngine.Object,single)
UnityEngine.Object:Destroy (UnityEngine.Object)
QuizBattle.Arena.Visuals.CharacterVisualBuilder:CreatePrimitivePart (UnityEngine.Transform,string,UnityEngine.PrimitiveType,UnityEngine.Vector3,UnityEngine.Quaternion,UnityEngine.Vector3,UnityEngine.Material,System.Collections.Generic.List`1<UnityEngine.Renderer>) (at Assets/Scripts/Arena/Visuals/CharacterVisualBuilder.cs:340)
QuizBattle.Arena.Visuals.CharacterVisualBuilder:BuildZephyr (UnityEngine.Transform,QuizBattle.Characters.CharacterVisual&,System.Collections.Generic.List`1<UnityEngine.Renderer>,QuizBattle.Arena.Visuals.TokenIdleAnimator) (at Assets/Scripts/Arena/Visuals/CharacterVisualBuilder.cs:213)
QuizBattle.Arena.Visuals.CharacterVisualBuilder:Build (QuizBattle.Characters.CharacterVisual&,UnityEngine.Transform) (at Assets/Scripts/Arena/Visuals/CharacterVisualBuilder.cs:35)
QuizBattle.Arena.CharacterToken:Create (string,QuizBattle.Characters.CharacterVisual&,UnityEngine.Vector3) (at Assets/Scripts/Arena/CharacterToken.cs:54)
QuizBattle.GameState.GameManager:RunAutoPlayMatch (int,int) (at Assets/Scripts/GameState/GameManager.cs:76)
CaptureCurrentArena:Capture () (at Assets/Editor/CaptureCurrentArena.cs:22)

[Assets/Scripts/GameState/GameManager.cs line 76]

Hilt: Destroy may not be called from edit mode! Use DestroyImmediate instead.
Destroying an object in edit mode destroys it permanently
UnityEngine.Debug:ExtractStackTraceNoAlloc (byte*,int,string)
UnityEngine.StackTraceUtility:ExtractStackTrace ()
UnityEngine.Object:Destroy (UnityEngine.Object,single)
UnityEngine.Object:Destroy (UnityEngine.Object)
QuizBattle.Arena.Visuals.CharacterVisualBuilder:CreatePrimitivePart (UnityEngine.Transform,string,UnityEngine.PrimitiveType,UnityEngine.Vector3,UnityEngine.Quaternion,UnityEngine.Vector3,UnityEngine.Material,System.Collections.Generic.List`1<UnityEngine.Renderer>) (at Assets/Scripts/Arena/Visuals/CharacterVisualBuilder.cs:340)
QuizBattle.Arena.Visuals.CharacterVisualBuilder:BuildZephyr (UnityEngine.Transform,QuizBattle.Characters.CharacterVisual&,System.Collections.Generic.List`1<UnityEngine.Renderer>,QuizBattle.Arena.Visuals.TokenIdleAnimator) (at Assets/Scripts/Arena/Visuals/CharacterVisualBuilder.cs:214)
QuizBattle.Arena.Visuals.CharacterVisualBuilder:Build (QuizBattle.Characters.CharacterVisual&,UnityEngine.Transform) (at Assets/Scripts/Arena/Visuals/CharacterVisualBuilder.cs:35)
QuizBattle.Arena.CharacterToken:Create (string,QuizBattle.Characters.CharacterVisual&,UnityEngine.Vector3) (at Assets/Scripts/Arena/CharacterToken.cs:54)
QuizBattle.GameState.GameManager:RunAutoPlayMatch (int,int) (at Assets/Scripts/GameState/GameManager.cs:76)
CaptureCurrentArena:Capture () (at Assets/Editor/CaptureCurrentArena.cs:22)

[Assets/Scripts/GameState/GameManager.cs line 76]

LegL: Destroy may not be called from edit mode! Use DestroyImmediate instead.
Destroying an object in edit mode destroys it permanently
UnityEngine.Debug:ExtractStackTraceNoAlloc (byte*,int,string)
UnityEngine.StackTraceUtility:ExtractStackTrace ()
UnityEngine.Object:Destroy (UnityEngine.Object,single)
UnityEngine.Object:Destroy (UnityEngine.Object)
QuizBattle.Arena.Visuals.CharacterVisualBuilder:CreatePrimitivePart (UnityEngine.Transform,string,UnityEngine.PrimitiveType,UnityEngine.Vector3,UnityEngine.Quaternion,UnityEngine.Vector3,UnityEngine.Material,System.Collections.Generic.List`1<UnityEngine.Renderer>) (at Assets/Scripts/Arena/Visuals/CharacterVisualBuilder.cs:340)
QuizBattle.Arena.Visuals.CharacterVisualBuilder:BuildZephyr (UnityEngine.Transform,QuizBattle.Characters.CharacterVisual&,System.Collections.Generic.List`1<UnityEngine.Renderer>,QuizBattle.Arena.Visuals.TokenIdleAnimator) (at Assets/Scripts/Arena/Visuals/CharacterVisualBuilder.cs:227)
QuizBattle.Arena.Visuals.CharacterVisualBuilder:Build (QuizBattle.Characters.CharacterVisual&,UnityEngine.Transform) (at Assets/Scripts/Arena/Visuals/CharacterVisualBuilder.cs:35)
QuizBattle.Arena.CharacterToken:Create (string,QuizBattle.Characters.CharacterVisual&,UnityEngine.Vector3) (at Assets/Scripts/Arena/CharacterToken.cs:54)
QuizBattle.GameState.GameManager:RunAutoPlayMatch (int,int) (at Assets/Scripts/GameState/GameManager.cs:76)
CaptureCurrentArena:Capture () (at Assets/Editor/CaptureCurrentArena.cs:22)

[Assets/Scripts/GameState/GameManager.cs line 76]

LegR: Destroy may not be called from edit mode! Use DestroyImmediate instead.
Destroying an object in edit mode destroys it permanently
UnityEngine.Debug:ExtractStackTraceNoAlloc (byte*,int,string)
UnityEngine.StackTraceUtility:ExtractStackTrace ()
UnityEngine.Object:Destroy (UnityEngine.Object,single)
UnityEngine.Object:Destroy (UnityEngine.Object)
QuizBattle.Arena.Visuals.CharacterVisualBuilder:CreatePrimitivePart (UnityEngine.Transform,string,UnityEngine.PrimitiveType,UnityEngine.Vector3,UnityEngine.Quaternion,UnityEngine.Vector3,UnityEngine.Material,System.Collections.Generic.List`1<UnityEngine.Renderer>) (at Assets/Scripts/Arena/Visuals/CharacterVisualBuilder.cs:340)
QuizBattle.Arena.Visuals.CharacterVisualBuilder:BuildZephyr (UnityEngine.Transform,QuizBattle.Characters.CharacterVisual&,System.Collections.Generic.List`1<UnityEngine.Renderer>,QuizBattle.Arena.Visuals.TokenIdleAnimator) (at Assets/Scripts/Arena/Visuals/CharacterVisualBuilder.cs:228)
QuizBattle.Arena.Visuals.CharacterVisualBuilder:Build (QuizBattle.Characters.CharacterVisual&,UnityEngine.Transform) (at Assets/Scripts/Arena/Visuals/CharacterVisualBuilder.cs:35)
QuizBattle.Arena.CharacterToken:Create (string,QuizBattle.Characters.CharacterVisual&,UnityEngine.Vector3) (at Assets/Scripts/Arena/CharacterToken.cs:54)
QuizBattle.GameState.GameManager:RunAutoPlayMatch (int,int) (at Assets/Scripts/GameState/GameManager.cs:76)
CaptureCurrentArena:Capture () (at Assets/Editor/CaptureCurrentArena.cs:22)

[Assets/Scripts/GameState/GameManager.cs line 76]

FootL: Destroy may not be called from edit mode! Use DestroyImmediate instead.
Destroying an object in edit mode destroys it permanently
UnityEngine.Debug:ExtractStackTraceNoAlloc (byte*,int,string)
UnityEngine.StackTraceUtility:ExtractStackTrace ()
UnityEngine.Object:Destroy (UnityEngine.Object,single)
UnityEngine.Object:Destroy (UnityEngine.Object)
QuizBattle.Arena.Visuals.CharacterVisualBuilder:CreatePrimitivePart (UnityEngine.Transform,string,UnityEngine.PrimitiveType,UnityEngine.Vector3,UnityEngine.Quaternion,UnityEngine.Vector3,UnityEngine.Material,System.Collections.Generic.List`1<UnityEngine.Renderer>) (at Assets/Scripts/Arena/Visuals/CharacterVisualBuilder.cs:340)
QuizBattle.Arena.Visuals.CharacterVisualBuilder:BuildZephyr (UnityEngine.Transform,QuizBattle.Characters.CharacterVisual&,System.Collections.Generic.List`1<UnityEngine.Renderer>,QuizBattle.Arena.Visuals.TokenIdleAnimator) (at Assets/Scripts/Arena/Visuals/CharacterVisualBuilder.cs:229)
QuizBattle.Arena.Visuals.CharacterVisualBuilder:Build (QuizBattle.Characters.CharacterVisual&,UnityEngine.Transform) (at Assets/Scripts/Arena/Visuals/CharacterVisualBuilder.cs:35)
QuizBattle.Arena.CharacterToken:Create (string,QuizBattle.Characters.CharacterVisual&,UnityEngine.Vector3) (at Assets/Scripts/Arena/CharacterToken.cs:54)
QuizBattle.GameState.GameManager:RunAutoPlayMatch (int,int) (at Assets/Scripts/GameState/GameManager.cs:76)
CaptureCurrentArena:Capture () (at Assets/Editor/CaptureCurrentArena.cs:22)

[Assets/Scripts/GameState/GameManager.cs line 76]

FootR: Destroy may not be called from edit mode! Use DestroyImmediate instead.
Destroying an object in edit mode destroys it permanently
UnityEngine.Debug:ExtractStackTraceNoAlloc (byte*,int,string)
UnityEngine.StackTraceUtility:ExtractStackTrace ()
UnityEngine.Object:Destroy (UnityEngine.Object,single)
UnityEngine.Object:Destroy (UnityEngine.Object)
QuizBattle.Arena.Visuals.CharacterVisualBuilder:CreatePrimitivePart (UnityEngine.Transform,string,UnityEngine.PrimitiveType,UnityEngine.Vector3,UnityEngine.Quaternion,UnityEngine.Vector3,UnityEngine.Material,System.Collections.Generic.List`1<UnityEngine.Renderer>) (at Assets/Scripts/Arena/Visuals/CharacterVisualBuilder.cs:340)
QuizBattle.Arena.Visuals.CharacterVisualBuilder:BuildZephyr (UnityEngine.Transform,QuizBattle.Characters.CharacterVisual&,System.Collections.Generic.List`1<UnityEngine.Renderer>,QuizBattle.Arena.Visuals.TokenIdleAnimator) (at Assets/Scripts/Arena/Visuals/CharacterVisualBuilder.cs:230)
QuizBattle.Arena.Visuals.CharacterVisualBuilder:Build (QuizBattle.Characters.CharacterVisual&,UnityEngine.Transform) (at Assets/Scripts/Arena/Visuals/CharacterVisualBuilder.cs:35)
QuizBattle.Arena.CharacterToken:Create (string,QuizBattle.Characters.CharacterVisual&,UnityEngine.Vector3) (at Assets/Scripts/Arena/CharacterToken.cs:54)
QuizBattle.GameState.GameManager:RunAutoPlayMatch (int,int) (at Assets/Scripts/GameState/GameManager.cs:76)
CaptureCurrentArena:Capture () (at Assets/Editor/CaptureCurrentArena.cs:22)

[Assets/Scripts/GameState/GameManager.cs line 76]

BlobShadow: Destroy may not be called from edit mode! Use DestroyImmediate instead.
Destroying an object in edit mode destroys it permanently
UnityEngine.Debug:ExtractStackTraceNoAlloc (byte*,int,string)
UnityEngine.StackTraceUtility:ExtractStackTrace ()
UnityEngine.Object:Destroy (UnityEngine.Object,single)
UnityEngine.Object:Destroy (UnityEngine.Object)
QuizBattle.Arena.Visuals.CharacterVisualBuilder:CreatePrimitivePart (UnityEngine.Transform,string,UnityEngine.PrimitiveType,UnityEngine.Vector3,UnityEngine.Quaternion,UnityEngine.Vector3,UnityEngine.Material,System.Collections.Generic.List`1<UnityEngine.Renderer>) (at Assets/Scripts/Arena/Visuals/CharacterVisualBuilder.cs:340)
QuizBattle.Arena.Visuals.CharacterVisualBuilder:AddGroundDisc (UnityEngine.Transform,UnityEngine.Color,System.Collections.Generic.List`1<UnityEngine.Renderer>,single) (at Assets/Scripts/Arena/Visuals/CharacterVisualBuilder.cs:307)
QuizBattle.Arena.Visuals.CharacterVisualBuilder:BuildZephyr (UnityEngine.Transform,QuizBattle.Characters.CharacterVisual&,System.Collections.Generic.List`1<UnityEngine.Renderer>,QuizBattle.Arena.Visuals.TokenIdleAnimator) (at Assets/Scripts/Arena/Visuals/CharacterVisualBuilder.cs:232)
QuizBattle.Arena.Visuals.CharacterVisualBuilder:Build (QuizBattle.Characters.CharacterVisual&,UnityEngine.Transform) (at Assets/Scripts/Arena/Visuals/CharacterVisualBuilder.cs:35)
QuizBattle.Arena.CharacterToken:Create (string,QuizBattle.Characters.CharacterVisual&,UnityEngine.Vector3) (at Assets/Scripts/Arena/CharacterToken.cs:54)
QuizBattle.GameState.GameManager:RunAutoPlayMatch (int,int) (at Assets/Scripts/GameState/GameManager.cs:76)
CaptureCurrentArena:Capture () (at Assets/Editor/CaptureCurrentArena.cs:22)

[Assets/Scripts/GameState/GameManager.cs line 76]

Instantiating material due to calling renderer.material during edit mode. This will leak materials into the scene. You most likely want to use renderer.sharedMaterial instead.
UnityEngine.Debug:ExtractStackTraceNoAlloc (byte*,int,string)
UnityEngine.StackTraceUtility:ExtractStackTrace ()
UnityEngine.Renderer:GetMaterial ()
UnityEngine.Renderer:get_material ()
TMPro.TextMeshPro:SetOutlineThickness (single) (at ./Library/PackageCache/com.unity.ugui@67707a67a4ab/Runtime/TMP/TextMeshPro.cs:1318)
TMPro.TMP_Text:set_outlineWidth (single) (at ./Library/PackageCache/com.unity.ugui@67707a67a4ab/Runtime/TMP/TMP_Text.cs:450)
QuizBattle.Arena.CharacterToken:CreateNameLabel (UnityEngine.Transform) (at Assets/Scripts/Arena/CharacterToken.cs:139)
QuizBattle.Arena.CharacterToken:Create (string,QuizBattle.Characters.CharacterVisual&,UnityEngine.Vector3) (at Assets/Scripts/Arena/CharacterToken.cs:61)
QuizBattle.GameState.GameManager:RunAutoPlayMatch (int,int) (at Assets/Scripts/GameState/GameManager.cs:76)
CaptureCurrentArena:Capture () (at Assets/Editor/CaptureCurrentArena.cs:22)

[Assets/Scripts/GameState/GameManager.cs line 76]

HpBarFrame: Destroy may not be called from edit mode! Use DestroyImmediate instead.
Destroying an object in edit mode destroys it permanently
UnityEngine.Debug:ExtractStackTraceNoAlloc (byte*,int,string)
UnityEngine.StackTraceUtility:ExtractStackTrace ()
UnityEngine.Object:Destroy (UnityEngine.Object,single)
UnityEngine.Object:Destroy (UnityEngine.Object)
QuizBattle.Arena.CharacterToken:CreateHpBar (UnityEngine.Transform,UnityEngine.Color) (at Assets/Scripts/Arena/CharacterToken.cs:155)
QuizBattle.Arena.CharacterToken:Create (string,QuizBattle.Characters.CharacterVisual&,UnityEngine.Vector3) (at Assets/Scripts/Arena/CharacterToken.cs:62)
QuizBattle.GameState.GameManager:RunAutoPlayMatch (int,int) (at Assets/Scripts/GameState/GameManager.cs:76)
CaptureCurrentArena:Capture () (at Assets/Editor/CaptureCurrentArena.cs:22)

[Assets/Scripts/GameState/GameManager.cs line 76]

HpBarBg: Destroy may not be called from edit mode! Use DestroyImmediate instead.
Destroying an object in edit mode destroys it permanently
UnityEngine.Debug:ExtractStackTraceNoAlloc (byte*,int,string)
UnityEngine.StackTraceUtility:ExtractStackTrace ()
UnityEngine.Object:Destroy (UnityEngine.Object,single)
UnityEngine.Object:Destroy (UnityEngine.Object)
QuizBattle.Arena.CharacterToken:CreateHpBar (UnityEngine.Transform,UnityEngine.Color) (at Assets/Scripts/Arena/CharacterToken.cs:174)
QuizBattle.Arena.CharacterToken:Create (string,QuizBattle.Characters.CharacterVisual&,UnityEngine.Vector3) (at Assets/Scripts/Arena/CharacterToken.cs:62)
QuizBattle.GameState.GameManager:RunAutoPlayMatch (int,int) (at Assets/Scripts/GameState/GameManager.cs:76)
CaptureCurrentArena:Capture () (at Assets/Editor/CaptureCurrentArena.cs:22)

[Assets/Scripts/GameState/GameManager.cs line 76]

HpBarFill: Destroy may not be called from edit mode! Use DestroyImmediate instead.
Destroying an object in edit mode destroys it permanently
UnityEngine.Debug:ExtractStackTraceNoAlloc (byte*,int,string)
UnityEngine.StackTraceUtility:ExtractStackTrace ()
UnityEngine.Object:Destroy (UnityEngine.Object,single)
UnityEngine.Object:Destroy (UnityEngine.Object)
QuizBattle.Arena.CharacterToken:CreateHpBar (UnityEngine.Transform,UnityEngine.Color) (at Assets/Scripts/Arena/CharacterToken.cs:197)
QuizBattle.Arena.CharacterToken:Create (string,QuizBattle.Characters.CharacterVisual&,UnityEngine.Vector3) (at Assets/Scripts/Arena/CharacterToken.cs:62)
QuizBattle.GameState.GameManager:RunAutoPlayMatch (int,int) (at Assets/Scripts/GameState/GameManager.cs:76)
CaptureCurrentArena:Capture () (at Assets/Editor/CaptureCurrentArena.cs:22)

[Assets/Scripts/GameState/GameManager.cs line 76]

MainIceCube: Destroy may not be called from edit mode! Use DestroyImmediate instead.
Destroying an object in edit mode destroys it permanently
UnityEngine.Debug:ExtractStackTraceNoAlloc (byte*,int,string)
UnityEngine.StackTraceUtility:ExtractStackTrace ()
UnityEngine.Object:Destroy (UnityEngine.Object,single)
UnityEngine.Object:Destroy (UnityEngine.Object)
QuizBattle.Arena.CharacterToken:CreateFrozenIndicator (UnityEngine.Transform) (at Assets/Scripts/Arena/CharacterToken.cs:96)
QuizBattle.Arena.CharacterToken:Create (string,QuizBattle.Characters.CharacterVisual&,UnityEngine.Vector3) (at Assets/Scripts/Arena/CharacterToken.cs:63)
QuizBattle.GameState.GameManager:RunAutoPlayMatch (int,int) (at Assets/Scripts/GameState/GameManager.cs:76)
CaptureCurrentArena:Capture () (at Assets/Editor/CaptureCurrentArena.cs:22)

[Assets/Scripts/GameState/GameManager.cs line 76]

IceSpike_0: Destroy may not be called from edit mode! Use DestroyImmediate instead.
Destroying an object in edit mode destroys it permanently
UnityEngine.Debug:ExtractStackTraceNoAlloc (byte*,int,string)
UnityEngine.StackTraceUtility:ExtractStackTrace ()
UnityEngine.Object:Destroy (UnityEngine.Object,single)
UnityEngine.Object:Destroy (UnityEngine.Object)
QuizBattle.Arena.CharacterToken:CreateFrozenIndicator (UnityEngine.Transform) (at Assets/Scripts/Arena/CharacterToken.cs:109)
QuizBattle.Arena.CharacterToken:Create (string,QuizBattle.Characters.CharacterVisual&,UnityEngine.Vector3) (at Assets/Scripts/Arena/CharacterToken.cs:63)
QuizBattle.GameState.GameManager:RunAutoPlayMatch (int,int) (at Assets/Scripts/GameState/GameManager.cs:76)
CaptureCurrentArena:Capture () (at Assets/Editor/CaptureCurrentArena.cs:22)

[Assets/Scripts/GameState/GameManager.cs line 76]

IceSpike_1: Destroy may not be called from edit mode! Use DestroyImmediate instead.
Destroying an object in edit mode destroys it permanently
UnityEngine.Debug:ExtractStackTraceNoAlloc (byte*,int,string)
UnityEngine.StackTraceUtility:ExtractStackTrace ()
UnityEngine.Object:Destroy (UnityEngine.Object,single)
UnityEngine.Object:Destroy (UnityEngine.Object)
QuizBattle.Arena.CharacterToken:CreateFrozenIndicator (UnityEngine.Transform) (at Assets/Scripts/Arena/CharacterToken.cs:109)
QuizBattle.Arena.CharacterToken:Create (string,QuizBattle.Characters.CharacterVisual&,UnityEngine.Vector3) (at Assets/Scripts/Arena/CharacterToken.cs:63)
QuizBattle.GameState.GameManager:RunAutoPlayMatch (int,int) (at Assets/Scripts/GameState/GameManager.cs:76)
CaptureCurrentArena:Capture () (at Assets/Editor/CaptureCurrentArena.cs:22)

[Assets/Scripts/GameState/GameManager.cs line 76]

IceSpike_2: Destroy may not be called from edit mode! Use DestroyImmediate instead.
Destroying an object in edit mode destroys it permanently
UnityEngine.Debug:ExtractStackTraceNoAlloc (byte*,int,string)
UnityEngine.StackTraceUtility:ExtractStackTrace ()
UnityEngine.Object:Destroy (UnityEngine.Object,single)
UnityEngine.Object:Destroy (UnityEngine.Object)
QuizBattle.Arena.CharacterToken:CreateFrozenIndicator (UnityEngine.Transform) (at Assets/Scripts/Arena/CharacterToken.cs:109)
QuizBattle.Arena.CharacterToken:Create (string,QuizBattle.Characters.CharacterVisual&,UnityEngine.Vector3) (at Assets/Scripts/Arena/CharacterToken.cs:63)
QuizBattle.GameState.GameManager:RunAutoPlayMatch (int,int) (at Assets/Scripts/GameState/GameManager.cs:76)
CaptureCurrentArena:Capture () (at Assets/Editor/CaptureCurrentArena.cs:22)

[Assets/Scripts/GameState/GameManager.cs line 76]

IceSpike_3: Destroy may not be called from edit mode! Use DestroyImmediate instead.
Destroying an object in edit mode destroys it permanently
UnityEngine.Debug:ExtractStackTraceNoAlloc (byte*,int,string)
UnityEngine.StackTraceUtility:ExtractStackTrace ()
UnityEngine.Object:Destroy (UnityEngine.Object,single)
UnityEngine.Object:Destroy (UnityEngine.Object)
QuizBattle.Arena.CharacterToken:CreateFrozenIndicator (UnityEngine.Transform) (at Assets/Scripts/Arena/CharacterToken.cs:109)
QuizBattle.Arena.CharacterToken:Create (string,QuizBattle.Characters.CharacterVisual&,UnityEngine.Vector3) (at Assets/Scripts/Arena/CharacterToken.cs:63)
QuizBattle.GameState.GameManager:RunAutoPlayMatch (int,int) (at Assets/Scripts/GameState/GameManager.cs:76)
CaptureCurrentArena:Capture () (at Assets/Editor/CaptureCurrentArena.cs:22)

[Assets/Scripts/GameState/GameManager.cs line 76]

FrostRing: Destroy may not be called from edit mode! Use DestroyImmediate instead.
Destroying an object in edit mode destroys it permanently
UnityEngine.Debug:ExtractStackTraceNoAlloc (byte*,int,string)
UnityEngine.StackTraceUtility:ExtractStackTrace ()
UnityEngine.Object:Destroy (UnityEngine.Object,single)
UnityEngine.Object:Destroy (UnityEngine.Object)
QuizBattle.Arena.CharacterToken:CreateFrozenIndicator (UnityEngine.Transform) (at Assets/Scripts/Arena/CharacterToken.cs:119)
QuizBattle.Arena.CharacterToken:Create (string,QuizBattle.Characters.CharacterVisual&,UnityEngine.Vector3) (at Assets/Scripts/Arena/CharacterToken.cs:63)
QuizBattle.GameState.GameManager:RunAutoPlayMatch (int,int) (at Assets/Scripts/GameState/GameManager.cs:76)
CaptureCurrentArena:Capture () (at Assets/Editor/CaptureCurrentArena.cs:22)

[Assets/Scripts/GameState/GameManager.cs line 76]

[HUD] Match started! Race to the top row.
UnityEngine.Debug:ExtractStackTraceNoAlloc (byte*,int,string)
UnityEngine.StackTraceUtility:ExtractStackTrace ()
UnityEngine.DebugLogHandler:Internal_Log (UnityEngine.LogType,UnityEngine.LogOption,string,UnityEngine.Object)
UnityEngine.DebugLogHandler:LogFormat (UnityEngine.LogType,UnityEngine.Object,string,object[])
UnityEngine.Logger:Log (UnityEngine.LogType,object)
UnityEngine.Debug:Log (object)
QuizBattle.UI.HUD.HudController:Log (string) (at Assets/Scripts/UI/HUD/HudController.cs:197)
QuizBattle.GameState.GameManager:RunAutoPlayMatch (int,int) (at Assets/Scripts/GameState/GameManager.cs:82)
CaptureCurrentArena:Capture () (at Assets/Editor/CaptureCurrentArena.cs:22)

(Filename: Assets/Scripts/UI/HUD/HudController.cs Line: 197)

Instantiating material due to calling renderer.material during edit mode. This will leak materials into the scene. You most likely want to use renderer.sharedMaterial instead.
UnityEngine.Debug:ExtractStackTraceNoAlloc (byte*,int,string)
UnityEngine.StackTraceUtility:ExtractStackTrace ()
UnityEngine.Renderer:GetMaterial ()
UnityEngine.Renderer:get_material ()
TMPro.TextMeshPro:SetOutlineThickness (single) (at ./Library/PackageCache/com.unity.ugui@67707a67a4ab/Runtime/TMP/TextMeshPro.cs:1318)
TMPro.TMP_Text:set_outlineWidth (single) (at ./Library/PackageCache/com.unity.ugui@67707a67a4ab/Runtime/TMP/TMP_Text.cs:450)
QuizBattle.Arena.Visuals.FloatingCombatText:Spawn (UnityEngine.Vector3,string,UnityEngine.Color,single) (at Assets/Scripts/Arena/Visuals/FloatingCombatText.cs:40)
QuizBattle.GameState.GameManager:RunAutoPlayMatch (int,int) (at Assets/Scripts/GameState/GameManager.cs:106)
CaptureCurrentArena:Capture () (at Assets/Editor/CaptureCurrentArena.cs:22)

[Assets/Scripts/GameState/GameManager.cs line 106]

Instantiating material due to calling renderer.material during edit mode. This will leak materials into the scene. You most likely want to use renderer.sharedMaterial instead.
UnityEngine.Debug:ExtractStackTraceNoAlloc (byte*,int,string)
UnityEngine.StackTraceUtility:ExtractStackTrace ()
UnityEngine.Renderer:GetMaterial ()
UnityEngine.Renderer:get_material ()
TMPro.TextMeshPro:SetOutlineThickness (single) (at ./Library/PackageCache/com.unity.ugui@67707a67a4ab/Runtime/TMP/TextMeshPro.cs:1318)
TMPro.TMP_Text:set_outlineWidth (single) (at ./Library/PackageCache/com.unity.ugui@67707a67a4ab/Runtime/TMP/TMP_Text.cs:450)
QuizBattle.Arena.Visuals.FloatingCombatText:Spawn (UnityEngine.Vector3,string,UnityEngine.Color,single) (at Assets/Scripts/Arena/Visuals/FloatingCombatText.cs:40)
QuizBattle.GameState.GameManager:RunAutoPlayMatch (int,int) (at Assets/Scripts/GameState/GameManager.cs:106)
CaptureCurrentArena:Capture () (at Assets/Editor/CaptureCurrentArena.cs:22)

[Assets/Scripts/GameState/GameManager.cs line 106]

Instantiating material due to calling renderer.material during edit mode. This will leak materials into the scene. You most likely want to use renderer.sharedMaterial instead.
UnityEngine.Debug:ExtractStackTraceNoAlloc (byte*,int,string)
UnityEngine.StackTraceUtility:ExtractStackTrace ()
UnityEngine.Renderer:GetMaterial ()
UnityEngine.Renderer:get_material ()
TMPro.TextMeshPro:SetOutlineThickness (single) (at ./Library/PackageCache/com.unity.ugui@67707a67a4ab/Runtime/TMP/TextMeshPro.cs:1318)
TMPro.TMP_Text:set_outlineWidth (single) (at ./Library/PackageCache/com.unity.ugui@67707a67a4ab/Runtime/TMP/TMP_Text.cs:450)
QuizBattle.Arena.Visuals.FloatingCombatText:Spawn (UnityEngine.Vector3,string,UnityEngine.Color,single) (at Assets/Scripts/Arena/Visuals/FloatingCombatText.cs:40)
QuizBattle.GameState.GameManager:RunAutoPlayMatch (int,int) (at Assets/Scripts/GameState/GameManager.cs:106)
CaptureCurrentArena:Capture () (at Assets/Editor/CaptureCurrentArena.cs:22)

[Assets/Scripts/GameState/GameManager.cs line 106]

Instantiating material due to calling renderer.material during edit mode. This will leak materials into the scene. You most likely want to use renderer.sharedMaterial instead.
UnityEngine.Debug:ExtractStackTraceNoAlloc (byte*,int,string)
UnityEngine.StackTraceUtility:ExtractStackTrace ()
UnityEngine.Renderer:GetMaterial ()
UnityEngine.Renderer:get_material ()
TMPro.TextMeshPro:SetOutlineThickness (single) (at ./Library/PackageCache/com.unity.ugui@67707a67a4ab/Runtime/TMP/TextMeshPro.cs:1318)
TMPro.TMP_Text:set_outlineWidth (single) (at ./Library/PackageCache/com.unity.ugui@67707a67a4ab/Runtime/TMP/TMP_Text.cs:450)
QuizBattle.Arena.Visuals.FloatingCombatText:Spawn (UnityEngine.Vector3,string,UnityEngine.Color,single) (at Assets/Scripts/Arena/Visuals/FloatingCombatText.cs:40)
QuizBattle.GameState.GameManager:RunAutoPlayMatch (int,int) (at Assets/Scripts/GameState/GameManager.cs:106)
CaptureCurrentArena:Capture () (at Assets/Editor/CaptureCurrentArena.cs:22)

[Assets/Scripts/GameState/GameManager.cs line 106]

Instantiating material due to calling renderer.material during edit mode. This will leak materials into the scene. You most likely want to use renderer.sharedMaterial instead.
UnityEngine.Debug:ExtractStackTraceNoAlloc (byte*,int,string)
UnityEngine.StackTraceUtility:ExtractStackTrace ()
UnityEngine.Renderer:GetMaterial ()
UnityEngine.Renderer:get_material ()
TMPro.TextMeshPro:SetOutlineThickness (single) (at ./Library/PackageCache/com.unity.ugui@67707a67a4ab/Runtime/TMP/TextMeshPro.cs:1318)
TMPro.TMP_Text:set_outlineWidth (single) (at ./Library/PackageCache/com.unity.ugui@67707a67a4ab/Runtime/TMP/TMP_Text.cs:450)
QuizBattle.Arena.Visuals.FloatingCombatText:Spawn (UnityEngine.Vector3,string,UnityEngine.Color,single) (at Assets/Scripts/Arena/Visuals/FloatingCombatText.cs:40)
QuizBattle.GameState.GameManager:RunAutoPlayMatch (int,int) (at Assets/Scripts/GameState/GameManager.cs:106)
CaptureCurrentArena:Capture () (at Assets/Editor/CaptureCurrentArena.cs:22)

[Assets/Scripts/GameState/GameManager.cs line 106]

Vfx_Streaks: Destroy may not be called from edit mode! Use DestroyImmediate instead.
Destroying an object in edit mode destroys it permanently
UnityEngine.Debug:ExtractStackTraceNoAlloc (byte*,int,string)
UnityEngine.StackTraceUtility:ExtractStackTrace ()
UnityEngine.Object:Destroy (UnityEngine.Object,single)
QuizBattle.Arena.Vfx.ParticleFactory:Streaks (UnityEngine.Vector3,UnityEngine.Vector3,UnityEngine.Color,single,int) (at Assets/Scripts/Arena/Vfx/ParticleFactory.cs:103)
QuizBattle.Arena.Vfx.AbilityVfxPlayer:PlayBasicStrike (UnityEngine.Vector3,UnityEngine.Vector3,System.Collections.Generic.List`1<UnityEngine.ParticleSystem>) (at Assets/Scripts/Arena/Vfx/AbilityVfxPlayer.cs:97)
QuizBattle.Arena.Vfx.AbilityVfxPlayer:Play (string,UnityEngine.Vector3,UnityEngine.Vector3,bool) (at Assets/Scripts/Arena/Vfx/AbilityVfxPlayer.cs:40)
QuizBattle.GameState.GameManager:HandleReward (QuizBattle.GameState.MockEngine.PlayerState,QuizBattle.GameState.MockEngine.PendingReward,System.Random) (at Assets/Scripts/GameState/GameManager.cs:140)
QuizBattle.GameState.GameManager:RunAutoPlayMatch (int,int) (at Assets/Scripts/GameState/GameManager.cs:111)
CaptureCurrentArena:Capture () (at Assets/Editor/CaptureCurrentArena.cs:22)

[Assets/Scripts/GameState/GameManager.cs line 140]

Vfx_Burst: Destroy may not be called from edit mode! Use DestroyImmediate instead.
Destroying an object in edit mode destroys it permanently
UnityEngine.Debug:ExtractStackTraceNoAlloc (byte*,int,string)
UnityEngine.StackTraceUtility:ExtractStackTrace ()
UnityEngine.Object:Destroy (UnityEngine.Object,single)
QuizBattle.Arena.Vfx.ParticleFactory:Burst (UnityEngine.Vector3,UnityEngine.Color,single,int,single,single) (at Assets/Scripts/Arena/Vfx/ParticleFactory.cs:51)
QuizBattle.Arena.Vfx.AbilityVfxPlayer:PlayBasicStrike (UnityEngine.Vector3,UnityEngine.Vector3,System.Collections.Generic.List`1<UnityEngine.ParticleSystem>) (at Assets/Scripts/Arena/Vfx/AbilityVfxPlayer.cs:98)
QuizBattle.Arena.Vfx.AbilityVfxPlayer:Play (string,UnityEngine.Vector3,UnityEngine.Vector3,bool) (at Assets/Scripts/Arena/Vfx/AbilityVfxPlayer.cs:40)
QuizBattle.GameState.GameManager:HandleReward (QuizBattle.GameState.MockEngine.PlayerState,QuizBattle.GameState.MockEngine.PendingReward,System.Random) (at Assets/Scripts/GameState/GameManager.cs:140)
QuizBattle.GameState.GameManager:RunAutoPlayMatch (int,int) (at Assets/Scripts/GameState/GameManager.cs:111)
CaptureCurrentArena:Capture () (at Assets/Editor/CaptureCurrentArena.cs:22)

[Assets/Scripts/GameState/GameManager.cs line 140]

Vfx_RingWave: Destroy may not be called from edit mode! Use DestroyImmediate instead.
Destroying an object in edit mode destroys it permanently
UnityEngine.Debug:ExtractStackTraceNoAlloc (byte*,int,string)
UnityEngine.StackTraceUtility:ExtractStackTrace ()
UnityEngine.Object:Destroy (UnityEngine.Object,single)
QuizBattle.Arena.Vfx.ParticleFactory:RingWave (UnityEngine.Vector3,UnityEngine.Color,single,single,single,bool) (at Assets/Scripts/Arena/Vfx/ParticleFactory.cs:151)
QuizBattle.Arena.Vfx.AbilityVfxPlayer:PlayBasicStrike (UnityEngine.Vector3,UnityEngine.Vector3,System.Collections.Generic.List`1<UnityEngine.ParticleSystem>) (at Assets/Scripts/Arena/Vfx/AbilityVfxPlayer.cs:99)
QuizBattle.Arena.Vfx.AbilityVfxPlayer:Play (string,UnityEngine.Vector3,UnityEngine.Vector3,bool) (at Assets/Scripts/Arena/Vfx/AbilityVfxPlayer.cs:40)
QuizBattle.GameState.GameManager:HandleReward (QuizBattle.GameState.MockEngine.PlayerState,QuizBattle.GameState.MockEngine.PendingReward,System.Random) (at Assets/Scripts/GameState/GameManager.cs:140)
QuizBattle.GameState.GameManager:RunAutoPlayMatch (int,int) (at Assets/Scripts/GameState/GameManager.cs:111)
CaptureCurrentArena:Capture () (at Assets/Editor/CaptureCurrentArena.cs:22)

[Assets/Scripts/GameState/GameManager.cs line 140]

Instantiating material due to calling renderer.material during edit mode. This will leak materials into the scene. You most likely want to use renderer.sharedMaterial instead.
UnityEngine.Debug:ExtractStackTraceNoAlloc (byte*,int,string)
UnityEngine.StackTraceUtility:ExtractStackTrace ()
UnityEngine.Renderer:GetMaterial ()
UnityEngine.Renderer:get_material ()
TMPro.TextMeshPro:SetOutlineThickness (single) (at ./Library/PackageCache/com.unity.ugui@67707a67a4ab/Runtime/TMP/TextMeshPro.cs:1318)
TMPro.TMP_Text:set_outlineWidth (single) (at ./Library/PackageCache/com.unity.ugui@67707a67a4ab/Runtime/TMP/TMP_Text.cs:450)
QuizBattle.Arena.Visuals.FloatingCombatText:Spawn (UnityEngine.Vector3,string,UnityEngine.Color,single) (at Assets/Scripts/Arena/Visuals/FloatingCombatText.cs:40)
QuizBattle.GameState.GameManager:HandleReward (QuizBattle.GameState.MockEngine.PlayerState,QuizBattle.GameState.MockEngine.PendingReward,System.Random) (at Assets/Scripts/GameState/GameManager.cs:141)
QuizBattle.GameState.GameManager:RunAutoPlayMatch (int,int) (at Assets/Scripts/GameState/GameManager.cs:111)
CaptureCurrentArena:Capture () (at Assets/Editor/CaptureCurrentArena.cs:22)

[Assets/Scripts/GameState/GameManager.cs line 141]

[HUD] Aegis attacks Blaze for 15 dmg!
UnityEngine.Debug:ExtractStackTraceNoAlloc (byte*,int,string)
UnityEngine.StackTraceUtility:ExtractStackTrace ()
UnityEngine.DebugLogHandler:Internal_Log (UnityEngine.LogType,UnityEngine.LogOption,string,UnityEngine.Object)
UnityEngine.DebugLogHandler:LogFormat (UnityEngine.LogType,UnityEngine.Object,string,object[])
UnityEngine.Logger:Log (UnityEngine.LogType,object)
UnityEngine.Debug:Log (object)
QuizBattle.UI.HUD.HudController:Log (string) (at Assets/Scripts/UI/HUD/HudController.cs:197)
QuizBattle.GameState.GameManager:HandleReward (QuizBattle.GameState.MockEngine.PlayerState,QuizBattle.GameState.MockEngine.PendingReward,System.Random) (at Assets/Scripts/GameState/GameManager.cs:143)
QuizBattle.GameState.GameManager:RunAutoPlayMatch (int,int) (at Assets/Scripts/GameState/GameManager.cs:111)
CaptureCurrentArena:Capture () (at Assets/Editor/CaptureCurrentArena.cs:22)

(Filename: Assets/Scripts/UI/HUD/HudController.cs Line: 197)

Instantiating material due to calling renderer.material during edit mode. This will leak materials into the scene. You most likely want to use renderer.sharedMaterial instead.
UnityEngine.Debug:ExtractStackTraceNoAlloc (byte*,int,string)
UnityEngine.StackTraceUtility:ExtractStackTrace ()
UnityEngine.Renderer:GetMaterial ()
UnityEngine.Renderer:get_material ()
TMPro.TextMeshPro:SetOutlineThickness (single) (at ./Library/PackageCache/com.unity.ugui@67707a67a4ab/Runtime/TMP/TextMeshPro.cs:1318)
TMPro.TMP_Text:set_outlineWidth (single) (at ./Library/PackageCache/com.unity.ugui@67707a67a4ab/Runtime/TMP/TMP_Text.cs:450)
QuizBattle.Arena.Visuals.FloatingCombatText:Spawn (UnityEngine.Vector3,string,UnityEngine.Color,single) (at Assets/Scripts/Arena/Visuals/FloatingCombatText.cs:40)
QuizBattle.GameState.GameManager:RunAutoPlayMatch (int,int) (at Assets/Scripts/GameState/GameManager.cs:106)
CaptureCurrentArena:Capture () (at Assets/Editor/CaptureCurrentArena.cs:22)

[Assets/Scripts/GameState/GameManager.cs line 106]

Instantiating material due to calling renderer.material during edit mode. This will leak materials into the scene. You most likely want to use renderer.sharedMaterial instead.
UnityEngine.Debug:ExtractStackTraceNoAlloc (byte*,int,string)
UnityEngine.StackTraceUtility:ExtractStackTrace ()
UnityEngine.Renderer:GetMaterial ()
UnityEngine.Renderer:get_material ()
TMPro.TextMeshPro:SetOutlineThickness (single) (at ./Library/PackageCache/com.unity.ugui@67707a67a4ab/Runtime/TMP/TextMeshPro.cs:1318)
TMPro.TMP_Text:set_outlineWidth (single) (at ./Library/PackageCache/com.unity.ugui@67707a67a4ab/Runtime/TMP/TMP_Text.cs:450)
QuizBattle.Arena.Visuals.FloatingCombatText:Spawn (UnityEngine.Vector3,string,UnityEngine.Color,single) (at Assets/Scripts/Arena/Visuals/FloatingCombatText.cs:40)
QuizBattle.GameState.GameManager:RunAutoPlayMatch (int,int) (at Assets/Scripts/GameState/GameManager.cs:106)
CaptureCurrentArena:Capture () (at Assets/Editor/CaptureCurrentArena.cs:22)

[Assets/Scripts/GameState/GameManager.cs line 106]

Vfx_Beam: Destroy may not be called from edit mode! Use DestroyImmediate instead.
Destroying an object in edit mode destroys it permanently
UnityEngine.Debug:ExtractStackTraceNoAlloc (byte*,int,string)
UnityEngine.StackTraceUtility:ExtractStackTrace ()
UnityEngine.Object:Destroy (UnityEngine.Object,single)
UnityEngine.Object:Destroy (UnityEngine.Object)
QuizBattle.Arena.Vfx.ParticleFactory:Beam (UnityEngine.Vector3,UnityEngine.Vector3,UnityEngine.Color,single,single) (at Assets/Scripts/Arena/Vfx/ParticleFactory.cs:162)
QuizBattle.Arena.Vfx.AbilityVfxPlayer:PlayLifeDrain (UnityEngine.Vector3,UnityEngine.Vector3,System.Collections.Generic.List`1<UnityEngine.ParticleSystem>) (at Assets/Scripts/Arena/Vfx/AbilityVfxPlayer.cs:79)
QuizBattle.Arena.Vfx.AbilityVfxPlayer:Play (string,UnityEngine.Vector3,UnityEngine.Vector3,bool) (at Assets/Scripts/Arena/Vfx/AbilityVfxPlayer.cs:33)
QuizBattle.GameState.GameManager:HandleReward (QuizBattle.GameState.MockEngine.PlayerState,QuizBattle.GameState.MockEngine.PendingReward,System.Random) (at Assets/Scripts/GameState/GameManager.cs:140)
QuizBattle.GameState.GameManager:RunAutoPlayMatch (int,int) (at Assets/Scripts/GameState/GameManager.cs:111)
CaptureCurrentArena:Capture () (at Assets/Editor/CaptureCurrentArena.cs:22)

[Assets/Scripts/GameState/GameManager.cs line 140]

Vfx_Beam: Destroy may not be called from edit mode! Use DestroyImmediate instead.
Destroying an object in edit mode destroys it permanently
UnityEngine.Debug:ExtractStackTraceNoAlloc (byte*,int,string)
UnityEngine.StackTraceUtility:ExtractStackTrace ()
UnityEngine.Object:Destroy (UnityEngine.Object,single)
QuizBattle.Arena.Vfx.ParticleFactory:Beam (UnityEngine.Vector3,UnityEngine.Vector3,UnityEngine.Color,single,single) (at Assets/Scripts/Arena/Vfx/ParticleFactory.cs:177)
QuizBattle.Arena.Vfx.AbilityVfxPlayer:PlayLifeDrain (UnityEngine.Vector3,UnityEngine.Vector3,System.Collections.Generic.List`1<UnityEngine.ParticleSystem>) (at Assets/Scripts/Arena/Vfx/AbilityVfxPlayer.cs:79)
QuizBattle.Arena.Vfx.AbilityVfxPlayer:Play (string,UnityEngine.Vector3,UnityEngine.Vector3,bool) (at Assets/Scripts/Arena/Vfx/AbilityVfxPlayer.cs:33)
QuizBattle.GameState.GameManager:HandleReward (QuizBattle.GameState.MockEngine.PlayerState,QuizBattle.GameState.MockEngine.PendingReward,System.Random) (at Assets/Scripts/GameState/GameManager.cs:140)
QuizBattle.GameState.GameManager:RunAutoPlayMatch (int,int) (at Assets/Scripts/GameState/GameManager.cs:111)
CaptureCurrentArena:Capture () (at Assets/Editor/CaptureCurrentArena.cs:22)

[Assets/Scripts/GameState/GameManager.cs line 140]

Vfx_Burst: Destroy may not be called from edit mode! Use DestroyImmediate instead.
Destroying an object in edit mode destroys it permanently
UnityEngine.Debug:ExtractStackTraceNoAlloc (byte*,int,string)
UnityEngine.StackTraceUtility:ExtractStackTrace ()
UnityEngine.Object:Destroy (UnityEngine.Object,single)
QuizBattle.Arena.Vfx.ParticleFactory:Burst (UnityEngine.Vector3,UnityEngine.Color,single,int,single,single) (at Assets/Scripts/Arena/Vfx/ParticleFactory.cs:51)
QuizBattle.Arena.Vfx.AbilityVfxPlayer:PlayLifeDrain (UnityEngine.Vector3,UnityEngine.Vector3,System.Collections.Generic.List`1<UnityEngine.ParticleSystem>) (at Assets/Scripts/Arena/Vfx/AbilityVfxPlayer.cs:80)
QuizBattle.Arena.Vfx.AbilityVfxPlayer:Play (string,UnityEngine.Vector3,UnityEngine.Vector3,bool) (at Assets/Scripts/Arena/Vfx/AbilityVfxPlayer.cs:33)
QuizBattle.GameState.GameManager:HandleReward (QuizBattle.GameState.MockEngine.PlayerState,QuizBattle.GameState.MockEngine.PendingReward,System.Random) (at Assets/Scripts/GameState/GameManager.cs:140)
QuizBattle.GameState.GameManager:RunAutoPlayMatch (int,int) (at Assets/Scripts/GameState/GameManager.cs:111)
CaptureCurrentArena:Capture () (at Assets/Editor/CaptureCurrentArena.cs:22)

[Assets/Scripts/GameState/GameManager.cs line 140]

Vfx_Burst: Destroy may not be called from edit mode! Use DestroyImmediate instead.
Destroying an object in edit mode destroys it permanently
UnityEngine.Debug:ExtractStackTraceNoAlloc (byte*,int,string)
UnityEngine.StackTraceUtility:ExtractStackTrace ()
UnityEngine.Object:Destroy (UnityEngine.Object,single)
QuizBattle.Arena.Vfx.ParticleFactory:Burst (UnityEngine.Vector3,UnityEngine.Color,single,int,single,single) (at Assets/Scripts/Arena/Vfx/ParticleFactory.cs:51)
QuizBattle.Arena.Vfx.AbilityVfxPlayer:PlayLifeDrain (UnityEngine.Vector3,UnityEngine.Vector3,System.Collections.Generic.List`1<UnityEngine.ParticleSystem>) (at Assets/Scripts/Arena/Vfx/AbilityVfxPlayer.cs:81)
QuizBattle.Arena.Vfx.AbilityVfxPlayer:Play (string,UnityEngine.Vector3,UnityEngine.Vector3,bool) (at Assets/Scripts/Arena/Vfx/AbilityVfxPlayer.cs:33)
QuizBattle.GameState.GameManager:HandleReward (QuizBattle.GameState.MockEngine.PlayerState,QuizBattle.GameState.MockEngine.PendingReward,System.Random) (at Assets/Scripts/GameState/GameManager.cs:140)
QuizBattle.GameState.GameManager:RunAutoPlayMatch (int,int) (at Assets/Scripts/GameState/GameManager.cs:111)
CaptureCurrentArena:Capture () (at Assets/Editor/CaptureCurrentArena.cs:22)

[Assets/Scripts/GameState/GameManager.cs line 140]

Instantiating material due to calling renderer.material during edit mode. This will leak materials into the scene. You most likely want to use renderer.sharedMaterial instead.
UnityEngine.Debug:ExtractStackTraceNoAlloc (byte*,int,string)
UnityEngine.StackTraceUtility:ExtractStackTrace ()
UnityEngine.Renderer:GetMaterial ()
UnityEngine.Renderer:get_material ()
TMPro.TextMeshPro:SetOutlineThickness (single) (at ./Library/PackageCache/com.unity.ugui@67707a67a4ab/Runtime/TMP/TextMeshPro.cs:1318)
TMPro.TMP_Text:set_outlineWidth (single) (at ./Library/PackageCache/com.unity.ugui@67707a67a4ab/Runtime/TMP/TMP_Text.cs:450)
QuizBattle.Arena.Visuals.FloatingCombatText:Spawn (UnityEngine.Vector3,string,UnityEngine.Color,single) (at Assets/Scripts/Arena/Visuals/FloatingCombatText.cs:40)
QuizBattle.GameState.GameManager:HandleReward (QuizBattle.GameState.MockEngine.PlayerState,QuizBattle.GameState.MockEngine.PendingReward,System.Random) (at Assets/Scripts/GameState/GameManager.cs:141)
QuizBattle.GameState.GameManager:RunAutoPlayMatch (int,int) (at Assets/Scripts/GameState/GameManager.cs:111)
CaptureCurrentArena:Capture () (at Assets/Editor/CaptureCurrentArena.cs:22)

[Assets/Scripts/GameState/GameManager.cs line 141]

[HUD] Vera attacks Blaze for 16 dmg!
UnityEngine.Debug:ExtractStackTraceNoAlloc (byte*,int,string)
UnityEngine.StackTraceUtility:ExtractStackTrace ()
UnityEngine.DebugLogHandler:Internal_Log (UnityEngine.LogType,UnityEngine.LogOption,string,UnityEngine.Object)
UnityEngine.DebugLogHandler:LogFormat (UnityEngine.LogType,UnityEngine.Object,string,object[])
UnityEngine.Logger:Log (UnityEngine.LogType,object)
UnityEngine.Debug:Log (object)
QuizBattle.UI.HUD.HudController:Log (string) (at Assets/Scripts/UI/HUD/HudController.cs:197)
QuizBattle.GameState.GameManager:HandleReward (QuizBattle.GameState.MockEngine.PlayerState,QuizBattle.GameState.MockEngine.PendingReward,System.Random) (at Assets/Scripts/GameState/GameManager.cs:143)
QuizBattle.GameState.GameManager:RunAutoPlayMatch (int,int) (at Assets/Scripts/GameState/GameManager.cs:111)
CaptureCurrentArena:Capture () (at Assets/Editor/CaptureCurrentArena.cs:22)

(Filename: Assets/Scripts/UI/HUD/HudController.cs Line: 197)

Instantiating material due to calling renderer.material during edit mode. This will leak materials into the scene. You most likely want to use renderer.sharedMaterial instead.
UnityEngine.Debug:ExtractStackTraceNoAlloc (byte*,int,string)
UnityEngine.StackTraceUtility:ExtractStackTrace ()
UnityEngine.Renderer:GetMaterial ()
UnityEngine.Renderer:get_material ()
TMPro.TextMeshPro:SetOutlineThickness (single) (at ./Library/PackageCache/com.unity.ugui@67707a67a4ab/Runtime/TMP/TextMeshPro.cs:1318)
TMPro.TMP_Text:set_outlineWidth (single) (at ./Library/PackageCache/com.unity.ugui@67707a67a4ab/Runtime/TMP/TMP_Text.cs:450)
QuizBattle.Arena.Visuals.FloatingCombatText:Spawn (UnityEngine.Vector3,string,UnityEngine.Color,single) (at Assets/Scripts/Arena/Visuals/FloatingCombatText.cs:40)
QuizBattle.GameState.GameManager:RunAutoPlayMatch (int,int) (at Assets/Scripts/GameState/GameManager.cs:106)
CaptureCurrentArena:Capture () (at Assets/Editor/CaptureCurrentArena.cs:22)

[Assets/Scripts/GameState/GameManager.cs line 106]

Instantiating material due to calling renderer.material during edit mode. This will leak materials into the scene. You most likely want to use renderer.sharedMaterial instead.
UnityEngine.Debug:ExtractStackTraceNoAlloc (byte*,int,string)
UnityEngine.StackTraceUtility:ExtractStackTrace ()
UnityEngine.Renderer:GetMaterial ()
UnityEngine.Renderer:get_material ()
TMPro.TextMeshPro:SetOutlineThickness (single) (at ./Library/PackageCache/com.unity.ugui@67707a67a4ab/Runtime/TMP/TextMeshPro.cs:1318)
TMPro.TMP_Text:set_outlineWidth (single) (at ./Library/PackageCache/com.unity.ugui@67707a67a4ab/Runtime/TMP/TMP_Text.cs:450)
QuizBattle.Arena.Visuals.FloatingCombatText:Spawn (UnityEngine.Vector3,string,UnityEngine.Color,single) (at Assets/Scripts/Arena/Visuals/FloatingCombatText.cs:40)
QuizBattle.GameState.GameManager:RunAutoPlayMatch (int,int) (at Assets/Scripts/GameState/GameManager.cs:106)
CaptureCurrentArena:Capture () (at Assets/Editor/CaptureCurrentArena.cs:22)

[Assets/Scripts/GameState/GameManager.cs line 106]

[HUD] Aegis got a bonus move toward the goal!
UnityEngine.Debug:ExtractStackTraceNoAlloc (byte*,int,string)
UnityEngine.StackTraceUtility:ExtractStackTrace ()
UnityEngine.DebugLogHandler:Internal_Log (UnityEngine.LogType,UnityEngine.LogOption,string,UnityEngine.Object)
UnityEngine.DebugLogHandler:LogFormat (UnityEngine.LogType,UnityEngine.Object,string,object[])
UnityEngine.Logger:Log (UnityEngine.LogType,object)
UnityEngine.Debug:Log (object)
QuizBattle.UI.HUD.HudController:Log (string) (at Assets/Scripts/UI/HUD/HudController.cs:197)
QuizBattle.GameState.GameManager:HandleReward (QuizBattle.GameState.MockEngine.PlayerState,QuizBattle.GameState.MockEngine.PendingReward,System.Random) (at Assets/Scripts/GameState/GameManager.cs:168)
QuizBattle.GameState.GameManager:RunAutoPlayMatch (int,int) (at Assets/Scripts/GameState/GameManager.cs:111)
CaptureCurrentArena:Capture () (at Assets/Editor/CaptureCurrentArena.cs:22)

(Filename: Assets/Scripts/UI/HUD/HudController.cs Line: 197)

[HUD] MATCH OVER — winner: 1 (Goal)
UnityEngine.Debug:ExtractStackTraceNoAlloc (byte*,int,string)
UnityEngine.StackTraceUtility:ExtractStackTrace ()
UnityEngine.DebugLogHandler:Internal_Log (UnityEngine.LogType,UnityEngine.LogOption,string,UnityEngine.Object)
UnityEngine.DebugLogHandler:LogFormat (UnityEngine.LogType,UnityEngine.Object,string,object[])
UnityEngine.Logger:Log (UnityEngine.LogType,object)
UnityEngine.Debug:Log (object)
QuizBattle.UI.HUD.HudController:Log (string) (at Assets/Scripts/UI/HUD/HudController.cs:197)
QuizBattle.GameState.GameManager:RunAutoPlayMatch (int,int) (at Assets/Scripts/GameState/GameManager.cs:117)
CaptureCurrentArena:Capture () (at Assets/Editor/CaptureCurrentArena.cs:22)

(Filename: Assets/Scripts/UI/HUD/HudController.cs Line: 197)

Instantiating material due to calling renderer.material during edit mode. This will leak materials into the scene. You most likely want to use renderer.sharedMaterial instead.
UnityEngine.Debug:ExtractStackTraceNoAlloc (byte*,int,string)
UnityEngine.StackTraceUtility:ExtractStackTrace ()
UnityEngine.Renderer:GetMaterial ()
UnityEngine.Renderer:get_material ()
TMPro.TextMeshPro:SetOutlineThickness (single) (at ./Library/PackageCache/com.unity.ugui@67707a67a4ab/Runtime/TMP/TextMeshPro.cs:1318)
TMPro.TMP_Text:set_outlineWidth (single) (at ./Library/PackageCache/com.unity.ugui@67707a67a4ab/Runtime/TMP/TMP_Text.cs:450)
QuizBattle.Arena.Visuals.FloatingCombatText:Spawn (UnityEngine.Vector3,string,UnityEngine.Color,single) (at Assets/Scripts/Arena/Visuals/FloatingCombatText.cs:40)
CaptureCurrentArena:Capture () (at Assets/Editor/CaptureCurrentArena.cs:31)

[Assets/Editor/CaptureCurrentArena.cs line 31]

[DEBUG_CHECK] Tile_0_5 mat=QB_Toon_Instance, baseColor=RGBA(1.000, 0.780, 0.120, 1.000), pos=(0.00, -0.50, 6.60)
UnityEngine.Debug:ExtractStackTraceNoAlloc (byte*,int,string)
UnityEngine.StackTraceUtility:ExtractStackTrace ()
UnityEngine.DebugLogHandler:Internal_Log (UnityEngine.LogType,UnityEngine.LogOption,string,UnityEngine.Object)
UnityEngine.DebugLogHandler:LogFormat (UnityEngine.LogType,UnityEngine.Object,string,object[])
UnityEngine.Logger:Log (UnityEngine.LogType,object)
UnityEngine.Debug:Log (object)
CaptureCurrentArena:Capture () (at Assets/Editor/CaptureCurrentArena.cs:43)

(Filename: Assets/Editor/CaptureCurrentArena.cs Line: 43)

[DEBUG_CHECK] ZoneGlow_0_5 exists=True, pos=(0.00, 0.04, 6.60), scale=(1.24, 0.05, 1.24)
UnityEngine.Debug:ExtractStackTraceNoAlloc (byte*,int,string)
UnityEngine.StackTraceUtility:ExtractStackTrace ()
UnityEngine.DebugLogHandler:Internal_Log (UnityEngine.LogType,UnityEngine.LogOption,string,UnityEngine.Object)
UnityEngine.DebugLogHandler:LogFormat (UnityEngine.LogType,UnityEngine.Object,string,object[])
UnityEngine.Logger:Log (UnityEngine.LogType,object)
UnityEngine.Debug:Log (object)
CaptureCurrentArena:Capture () (at Assets/Editor/CaptureCurrentArena.cs:45)

(Filename: Assets/Editor/CaptureCurrentArena.cs Line: 45)

[DEBUG_CHECK] SkyDome exists=True, pos=(4.62, 6.00, 21.30), scale=(74.48, 18.00, 31.92)
UnityEngine.Debug:ExtractStackTraceNoAlloc (byte*,int,string)
UnityEngine.StackTraceUtility:ExtractStackTrace ()
UnityEngine.DebugLogHandler:Internal_Log (UnityEngine.LogType,UnityEngine.LogOption,string,UnityEngine.Object)
UnityEngine.DebugLogHandler:LogFormat (UnityEngine.LogType,UnityEngine.Object,string,object[])
UnityEngine.Logger:Log (UnityEngine.LogType,object)
UnityEngine.Debug:Log (object)
CaptureCurrentArena:Capture () (at Assets/Editor/CaptureCurrentArena.cs:47)

(Filename: Assets/Editor/CaptureCurrentArena.cs Line: 47)

[CaptureCurrentArena] Saved arena_preview.png to C:\Users\engmh\.gemini\antigravity-ide\brain\1c945747-d0fc-4277-b165-3e3b6cc283d2\arena_preview.png
UnityEngine.Debug:ExtractStackTraceNoAlloc (byte*,int,string)
UnityEngine.StackTraceUtility:ExtractStackTrace ()
UnityEngine.DebugLogHandler:Internal_Log (UnityEngine.LogType,UnityEngine.LogOption,string,UnityEngine.Object)
UnityEngine.DebugLogHandler:LogFormat (UnityEngine.LogType,UnityEngine.Object,string,object[])
UnityEngine.Logger:Log (UnityEngine.LogType,object)
UnityEngine.Debug:Log (object)
CaptureCurrentArena:Capture () (at Assets/Editor/CaptureCurrentArena.cs:114)

(Filename: Assets/Editor/CaptureCurrentArena.cs Line: 114)

[CaptureCurrentArena] Saved arena_preview_16_9.png to C:\Users\engmh\.gemini\antigravity-ide\brain\1c945747-d0fc-4277-b165-3e3b6cc283d2\arena_preview_16_9.png
UnityEngine.Debug:ExtractStackTraceNoAlloc (byte*,int,string)
UnityEngine.StackTraceUtility:ExtractStackTrace ()
UnityEngine.DebugLogHandler:Internal_Log (UnityEngine.LogType,UnityEngine.LogOption,string,UnityEngine.Object)
UnityEngine.DebugLogHandler:LogFormat (UnityEngine.LogType,UnityEngine.Object,string,object[])
UnityEngine.Logger:Log (UnityEngine.LogType,object)
UnityEngine.Debug:Log (object)
CaptureCurrentArena:Capture () (at Assets/Editor/CaptureCurrentArena.cs:114)

(Filename: Assets/Editor/CaptureCurrentArena.cs Line: 114)

[CaptureCurrentArena] Saved arena_preview_19_5_9.png to C:\Users\engmh\.gemini\antigravity-ide\brain\1c945747-d0fc-4277-b165-3e3b6cc283d2\arena_preview_19_5_9.png
UnityEngine.Debug:ExtractStackTraceNoAlloc (byte*,int,string)
UnityEngine.StackTraceUtility:ExtractStackTrace ()
UnityEngine.DebugLogHandler:Internal_Log (UnityEngine.LogType,UnityEngine.LogOption,string,UnityEngine.Object)
UnityEngine.DebugLogHandler:LogFormat (UnityEngine.LogType,UnityEngine.Object,string,object[])
UnityEngine.Logger:Log (UnityEngine.LogType,object)
UnityEngine.Debug:Log (object)
CaptureCurrentArena:Capture () (at Assets/Editor/CaptureCurrentArena.cs:114)

(Filename: Assets/Editor/CaptureCurrentArena.cs Line: 114)

[CaptureCurrentArena] Saved arena_preview_20_9.png to C:\Users\engmh\.gemini\antigravity-ide\brain\1c945747-d0fc-4277-b165-3e3b6cc283d2\arena_preview_20_9.png
UnityEngine.Debug:ExtractStackTraceNoAlloc (byte*,int,string)
UnityEngine.StackTraceUtility:ExtractStackTrace ()
UnityEngine.DebugLogHandler:Internal_Log (UnityEngine.LogType,UnityEngine.LogOption,string,UnityEngine.Object)
UnityEngine.DebugLogHandler:LogFormat (UnityEngine.LogType,UnityEngine.Object,string,object[])
UnityEngine.Logger:Log (UnityEngine.LogType,object)
UnityEngine.Debug:Log (object)
CaptureCurrentArena:Capture () (at Assets/Editor/CaptureCurrentArena.cs:114)

(Filename: Assets/Editor/CaptureCurrentArena.cs Line: 114)

[CaptureCurrentArena] Saved arena_preview_4_3.png to C:\Users\engmh\.gemini\antigravity-ide\brain\1c945747-d0fc-4277-b165-3e3b6cc283d2\arena_preview_4_3.png
UnityEngine.Debug:ExtractStackTraceNoAlloc (byte*,int,string)
UnityEngine.StackTraceUtility:ExtractStackTrace ()
UnityEngine.DebugLogHandler:Internal_Log (UnityEngine.LogType,UnityEngine.LogOption,string,UnityEngine.Object)
UnityEngine.DebugLogHandler:LogFormat (UnityEngine.LogType,UnityEngine.Object,string,object[])
UnityEngine.Logger:Log (UnityEngine.LogType,object)
UnityEngine.Debug:Log (object)
CaptureCurrentArena:Capture () (at Assets/Editor/CaptureCurrentArena.cs:114)

(Filename: Assets/Editor/CaptureCurrentArena.cs Line: 114)

MonoPathRemapper: Attempts to remap: 19310; Successful remaps: 0
Serialized file version minimum: 23, current 23
Killing ADB server in 2.0903779 seconds.
[Physics::Module] Cleanup current backend.
[Physics::Module] Id: 0xf2b8ea05
Input System module state changed to: ShutdownInProgress.
Input Polling Thread exited.
Input System module state changed to: Shutdown.
[Licensing::IpcConnector] LicenseClient-engmh-notifications channel disconnected successfully.
[Licensing::IpcConnector] LicenseClient-engmh channel disconnected successfully.
Shut down.
AcceleratorClientConnectionCallback - disconnected - :0
Cleanup mono
CodeReloadManager destroyed
abort_threads: Failed aborting id: 0000000000009258, mono_thread_manage will ignore it

abort_threads: Failed aborting id: 0000000000009258, mono_thread_manage will ignore it

debugger-agent: Unable to listen on 3392
Checking for leaked weakptr:
  Found no leaked weakptrs.
[Package Manager] Server process was shutdown
##utp:{"type":"MemoryLeaks","version":2,"phase":"Immediate","time":1787865119957,"processId":28988,"allocatedMemory":17504441,"memoryLabels":[{"Default":217376},{"Permanent":15516},{"NewDelete":66843},{"Thread":4205216},{"Manager":819461},{"VertexData":8},{"Geometry":816},{"Texture":24},{"Shader":848986},{"Material":24},{"GfxDevice":58328},{"Animation":952},{"Audio":1544},{"FreeType":8},{"FontEngine":736},{"Physics":2146},{"Physics2D":16},{"Serialization":760},{"Input":42840},{"JobScheduler":256},{"TextLib":280},{"Mono":48},{"MonoCode":64},{"ScriptingNativeRuntime":1634444},{"BaseObject":1622616},{"Resource":1208},{"Renderer":3080},{"Transform":4685},{"File":1032},{"WebCam":616},{"Culling":32},{"Terrain":11442},{"Wind":24},{"STL":40},{"String":22806},{"StaticString":3808},{"Utility":2673238},{"Curl":2559},{"PoolAlloc":2360},{"AI":80},{"TypeTree":25285},{"CodeReload":448},{"RuntimeInitializeOnLoadManager":64},{"Sprites":102},{"SpriteAtlas":120},{"GI":7816},{"Director":8296},{"CloudService":8648},{"WebRequest":589},{"VR":47114},{"SceneManager":608},{"Video":64},{"LazyScriptCache":32},{"Camera":17},{"Secure":2377},{"SerializationCache":1576},{"APIUpdating":10320},{"Subsystems":336},{"VirtualTexturing":57888},{"StaticSafetyDebugInfo":278528},{"Analytics":552},{"Hierarchy":1176},{"UIElements":72},{"CoreStats":13688},{"Identifiers":6768},{"Gui":128},{"EditorUtility":136616},{"VersionControl":8},{"Undo":931},{"AssetDatabase":4571594},{"AssetImporter":40},{"EditorGi":328},{"UnityConnect":38905},{"Upm":1912},{"UpmDiagnostics":8},{"AssetCompliance":64},{"DrivenProperties":72},{"LocalIPC":211},{"ProfilerEditor":9746},{"CoreBusinessMetrics":3428},{"Windowing":456},{"Licensing":1232},{"AssetReference":32},{"IPCStream":32}]}
